chromosome	BrdU_start	BrdU_end	readID	read_start	read_end	strand	sample
chr1	797259	799959	c8ca2746-bda7-40f0-baec-3cada5bb9476	797254	805281	rev	OV3_Cisp0
chr1	1613653	1619882	c13e6cf5-daba-4f36-8443-c9449cdd381c	1602766	1625023	rev	OV3_Cisp0
chr1	1826729	1828022	79f26a37-e96d-4329-9705-89dd37489e36	1814662	1828028	fwd	OV3_Cisp0
chr1	2230033	2236949	f09ffc9b-680b-4b81-b166-e9738e69a601	2229985	2243188	fwd	OV3_Cisp0
chr1	3152756	3157988	1f333b3c-ce32-473a-9f3e-5b5e4060533e	3151053	3172735	rev	OV3_Cisp0
chr1	3574546	3579302	ed3f1452-da07-42ce-bdcf-8fd59367a882	3570057	3594887	rev	OV3_Cisp0
chr1	5164375	5170623	f43dd5e2-c54d-4bed-bb4e-b780e369f543	5164360	5178259	rev	OV3_Cisp0
chr1	5654184	5663602	fab4e0aa-7409-4a49-becb-bfaba0b71d15	5654175	5665967	fwd	OV3_Cisp0
chr1	7047036	7051716	6f6410b0-627f-44ff-a79c-d31d357979f5	7047030	7055606	rev	OV3_Cisp0
chr1	7329525	7339070	5cc4fe90-f6b1-445e-956f-1a15ab03fc35	7329510	7343543	rev	OV3_Cisp0
chr1	7504556	7508895	43b2a87b-c31f-4368-ad9c-47c62dd28b95	7504550	7533022	rev	OV3_Cisp0
chr1	7683567	7689209	f851ded5-cabf-4e60-a7b5-a7d8ff26fbb1	7673769	7691623	fwd	OV3_Cisp0
chr1	8219318	8224947	6fe08187-50f9-4f79-8830-3dc2342cc179	8210088	8242505	fwd	OV3_Cisp0
chr1	10148005	10157722	5101076a-545a-4ea0-a22a-961972d53d6d	10140611	10186282	rev	OV3_Cisp0
chr1	10796931	10799676	84752334-860b-443e-85f1-52abdcc06b08	10783106	10799683	fwd	OV3_Cisp0
chr1	11318634	11323273	f6735164-623d-460e-b0ad-0494c9edbc6c	11318629	11335929	fwd	OV3_Cisp0
chr1	11465710	11467430	989f5e68-ca8a-42d4-ad01-511deea88425	11464729	11474076	rev	OV3_Cisp0
chr1	12719120	12729507	313cb74c-525e-457a-84ae-d1070c18b2dd	12713892	12759351	rev	OV3_Cisp0
chr1	14074259	14078957	00bd382c-621f-437b-8813-ab65616d1598	14066596	14078962	rev	OV3_Cisp0
chr1	14074192	14080283	26122746-39a8-46c1-b35a-81d642b15fc5	14067518	14080287	rev	OV3_Cisp0
chr1	14910745	14919056	654bf027-9f7a-4db6-8da7-e5941d41f8d6	14902667	14941167	fwd	OV3_Cisp0
chr1	15109123	15116437	0ff5e647-b146-4b71-acbd-a33a7f64fd49	15109118	15128563	rev	OV3_Cisp0
chr1	17005849	17010750	6cee407c-61b5-4e61-aead-5f0d57171745	16990761	17011390	fwd	OV3_Cisp0
chr1	18652269	18654654	81582bae-f94b-4a09-aaed-c1d1bb0b90ac	18652262	18657700	rev	OV3_Cisp0
chr1	19214628	19221578	46fac2fb-ff20-4186-8d9e-4c58005fc62c	19201766	19226067	fwd	OV3_Cisp0
chr1	23802251	23809045	c5603d82-38ab-4eb3-bb33-2a5b91b02713	23774098	23827102	fwd	OV3_Cisp0
chr1	27000436	27007557	cb8c22fb-b199-42b5-b59a-a5a4840fd8fa	26993357	27024580	rev	OV3_Cisp0
chr1	31572991	31575632	9f80eaa8-8b24-496f-86e2-48b4c644888e	31566453	31598839	rev	OV3_Cisp0
chr1	36353746	36360371	07677a27-a5a4-4ab8-86f1-de620dad39b8	36335147	36364385	fwd	OV3_Cisp0
chr1	36630209	36637511	a6f6e423-cf2f-4d3f-b654-8b40d2778b31	36590560	36637959	rev	OV3_Cisp0
chr1	37024090	37032104	a6e6b912-8645-4f59-bc58-93acc1fd9bbc	37016625	37032110	rev	OV3_Cisp0
chr1	38193344	38206426	d5647b50-efa1-46a6-85de-29c6b3f310e0	38176975	38223666	fwd	OV3_Cisp0
chr1	39750513	39753527	a535ab8a-8557-4fc2-8cac-eafd5bab8175	39744406	39770722	rev	OV3_Cisp0
chr1	42397090	42398484	d0a19ba2-2f31-41c8-ab1a-bec8b78290fc	42372677	42398488	rev	OV3_Cisp0
chr1	42455940	42458395	5eef0051-192d-4551-bf52-65ca256b8a37	42440506	42458399	rev	OV3_Cisp0
chr1	42558273	42570243	60fa8bbd-36d9-46f2-a3f8-32b32c2bf52b	42558269	42587932	fwd	OV3_Cisp0
chr1	42945343	42951259	e1e6012f-3b0b-4ae1-9f5a-81e63870aada	42945336	42957994	fwd	OV3_Cisp0
chr1	44175243	44180246	0166e623-f789-4330-ae0f-1e2b7e089b87	44170504	44184261	rev	OV3_Cisp0
chr1	45459677	45463523	4aff019e-f010-4678-ae11-494a007ca891	45455355	45463530	rev	OV3_Cisp0
chr1	46051725	46069853	c3a2b841-01ad-4733-b5db-879d1d872a2a	46045154	46078088	fwd	OV3_Cisp0
chr1	46371758	46372930	401c7ea3-5261-47da-86f5-65264da790e1	46368560	46381061	rev	OV3_Cisp0
chr1	51402327	51404698	20c19516-000c-40d3-ac50-cd173013c8a2	51402310	51418448	rev	OV3_Cisp0
chr1	51496989	51507166	268e5a20-5b45-4891-adc9-0666b44a7e7d	51496440	51509632	rev	OV3_Cisp0
chr1	52022315	52030290	f990bdf4-e0fd-42e5-ad1f-fa0dfaf1c041	52021356	52033478	rev	OV3_Cisp0
chr1	54815280	54819928	25ad67c5-f4bc-4242-b305-19f9c836d5c9	54815275	54824867	rev	OV3_Cisp0
chr1	55491375	55504315	bf3ae35c-047d-4088-bc20-d5effb386784	55489943	55517053	rev	OV3_Cisp0
chr1	57146290	57154031	c7a18de0-128e-4c12-b564-a4fde8f17e15	57112731	57170248	rev	OV3_Cisp0
chr1	57472764	57480149	01c6882c-ff64-4773-8329-0147cff4e6e2	57464739	57480885	fwd	OV3_Cisp0
chr1	61669447	61671560	a256497b-7300-4018-a65a-6de2a46392a0	61656253	61671565	rev	OV3_Cisp0
chr1	62749786	62753097	e626f5a2-0083-472d-8119-8fa4d6d2fdcf	62740212	62753103	fwd	OV3_Cisp0
chr1	63053254	63059029	a7c438e0-0b8f-4d23-92ff-3dc171761a2b	63052236	63062612	rev	OV3_Cisp0
chr1	64148668	64151887	da4b0532-03ba-450a-a9c4-61da071a0773	64148663	64162157	rev	OV3_Cisp0
chr1	64686682	64692619	430d04b0-527e-420c-8f4f-c68870cc6f9a	64685326	64698869	fwd	OV3_Cisp0
chr1	67523468	67528085	16c202b5-6785-470f-949a-f69ff02d6f31	67523461	67539378	fwd	OV3_Cisp0
chr1	69290854	69292404	5237684a-8777-435d-9b29-a0fd57e5dd3f	69290845	69306700	fwd	OV3_Cisp0
chr1	70238130	70240284	8880549d-56c5-4685-b9c5-b923a29e4847	70222403	70240292	rev	OV3_Cisp0
chr1	70709619	70712881	e7a916e5-d9b5-4238-810e-948ea9f95841	70703347	70712887	rev	OV3_Cisp0
chr1	71973773	71978656	ff249c46-b8e0-4490-93ff-099a89436acd	71956684	71980118	fwd	OV3_Cisp0
chr1	72860103	72864152	7441a335-5a92-44a4-9624-baa90fa9e259	72800712	72864286	rev	OV3_Cisp0
chr1	72889810	72898985	547b58a1-5538-40d1-82d1-5a3ad554ad40	72872559	72898989	rev	OV3_Cisp0
chr1	73086080	73096323	8ca949f3-6cd2-4c93-a206-5093aa4da140	73081139	73096333	fwd	OV3_Cisp0
chr1	73385890	73391890	e6607ca7-c5bd-44a4-9587-dee9ab7549a3	73376057	73391895	fwd	OV3_Cisp0
chr1	73483297	73492698	ccc75ac2-0bd8-4486-a96c-d99b8554a26d	73479671	73492703	fwd	OV3_Cisp0
chr1	73982736	73991541	6594b06e-0136-48d7-a1b3-bf3d9c79da18	73982541	74012614	fwd	OV3_Cisp0
chr1	81667005	81676495	bbda9126-10aa-4fec-bcf5-e5ff9a7d42e9	81657708	81691382	fwd	OV3_Cisp0
chr1	81864280	81865856	8a4210a4-7786-4ce5-8e05-554d6405ba07	81854514	81866387	rev	OV3_Cisp0
chr1	82189963	82203162	b9564b7f-da90-4e41-861f-efae6fe00650	82185873	82203762	rev	OV3_Cisp0
chr1	82300280	82330176	f87d67d6-9306-4e44-b8d7-362df11da32d	82292928	82330180	rev	OV3_Cisp0
chr1	84595101	84598202	4875d11e-5af6-479e-808b-14a4a8061839	84580590	84606840	fwd	OV3_Cisp0
chr1	84953627	84960973	c8ca37d2-c6bc-443e-b131-3bbbfb890115	84953618	84974952	rev	OV3_Cisp0
chr1	86702030	86708330	d9d072cc-8767-437b-95be-9cb4f6be58b3	86701891	86717132	rev	OV3_Cisp0
chr1	88294858	88295875	6a7b01a0-a405-4764-95d4-e53ce944b51c	88291247	88321450	rev	OV3_Cisp0
chr1	88300194	88306218	6a7b01a0-a405-4764-95d4-e53ce944b51c	88291247	88321450	rev	OV3_Cisp0
chr1	89325668	89329091	2a41d31a-f0ca-4634-a24e-d88295dc856b	89304517	89343662	rev	OV3_Cisp0
chr1	89924937	89929276	21701874-5780-4bc8-88b7-ec5defa1ce38	89908559	89929282	fwd	OV3_Cisp0
chr1	90942595	90948729	9d7bd256-288d-4026-aa6d-c09aab0e12ab	90934316	90948734	fwd	OV3_Cisp0
chr1	92202822	92206301	1be42edd-73ba-4528-b74b-b4c6d0de53eb	92202811	92219210	rev	OV3_Cisp0
chr1	94317355	94319133	d74fb123-5a26-4407-8f52-33092c37230a	94317349	94335509	rev	OV3_Cisp0
chr1	95503330	95518322	2e3d832a-0da0-47da-b124-6c7e972926f7	95488353	95520366	rev	OV3_Cisp0
chr1	97065303	97069640	a2229763-2726-4491-bfb7-a225aeda196a	97065297	97097739	fwd	OV3_Cisp0
chr1	98119842	98121380	f1975cc5-46ed-4933-bafa-61b07441fc22	98119837	98129611	rev	OV3_Cisp0
chr1	99890583	99893359	dd706040-1fdd-4677-809e-b48e4118b133	99890577	99896225	fwd	OV3_Cisp0
chr1	99974254	99979673	2c7efd76-d89b-4c93-8f39-9b7012ea2861	99964123	99979678	fwd	OV3_Cisp0
chr1	101237619	101247638	c2eeae7f-d209-4edf-be63-6b2605c81b6b	101206567	101274347	fwd	OV3_Cisp0
chr1	101404055	101415172	ec13a807-16e0-490b-b9bf-e050e7d5e808	101398452	101415281	fwd	OV3_Cisp0
chr1	102140473	102141703	7d66984c-f572-4f3b-bd26-c79b0bef6a84	102129013	102141712	fwd	OV3_Cisp0
chr1	102839003	102850162	c1945ad1-644b-4e0e-80b5-e2b3191c1ca7	102826119	102852091	rev	OV3_Cisp0
chr1	103406619	103415485	a7b804c2-2071-4113-8d05-f5f49438d307	103398907	103464163	rev	OV3_Cisp0
chr1	103419780	103445896	a7b804c2-2071-4113-8d05-f5f49438d307	103398907	103464163	rev	OV3_Cisp0
chr1	109146727	109153609	6ee38348-62a2-4e8b-8990-54fea105efb2	109141127	109171799	fwd	OV3_Cisp0
chr1	114041659	114046109	aabcbab4-e06b-41a7-ac40-c011d1245e9e	114024217	114046116	fwd	OV3_Cisp0
chr1	116194319	116195921	035317d1-69fc-42dc-9b7c-26b6b67771e0	116194313	116206952	rev	OV3_Cisp0
chr1	117040148	117048196	dfb4fb20-0f42-4d97-871b-22b95875b3c0	117039592	117064841	fwd	OV3_Cisp0
chr1	121132199	121135537	a4f02b2b-d7fd-4be4-95a2-6d244a0278ba	121129935	121135545	fwd	OV3_Cisp0
chr1	124942969	124952574	522ea325-9b57-48ff-8a25-be226e792b60	124932825	124959859	fwd	OV3_Cisp0
chr1	143268965	143270376	e72c92c7-688b-4558-9ac9-f986a5f0e40b	143184587	143272185	fwd	OV3_Cisp0
chr1	143188071	143204800	f7586cbc-15e5-4ea2-8d69-ca77234fa62c	143184587	143242897	rev	OV3_Cisp0
chr1	143206029	143215175	f7586cbc-15e5-4ea2-8d69-ca77234fa62c	143184587	143242897	rev	OV3_Cisp0
chr1	143226146	143227355	96f54afa-984e-47d3-9396-960b62a9099c	143184989	143240209	fwd	OV3_Cisp0
chr1	143194677	143199588	c626baae-f2d1-412f-b78d-59576a5e0ed6	143190268	143226250	fwd	OV3_Cisp0
chr1	143202743	143206039	c626baae-f2d1-412f-b78d-59576a5e0ed6	143190268	143226250	fwd	OV3_Cisp0
chr1	143218852	143220723	0b525f6a-4aea-4f32-a4b8-b0d3776b35fd	143199118	143220930	fwd	OV3_Cisp0
chr1	143215965	143217138	23a937cf-8ffd-4784-8990-9bdb3cdb190d	143211586	143228736	rev	OV3_Cisp0
chr1	143212250	143220699	737b8753-1774-41b3-9db6-335084da4594	143212234	143224129	fwd	OV3_Cisp0
chr1	143725009	143729326	5841b805-7f92-4218-8245-fedbdf947ebc	143724973	143743544	rev	OV3_Cisp0
chr1	150179785	150181828	e69ed1d7-f589-412a-b838-35d5210610d6	150179681	150223433	fwd	OV3_Cisp0
chr1	150800348	150801397	dd8b13d1-9ada-4f49-8d31-40881185e579	150771814	150801403	fwd	OV3_Cisp0
chr1	153113897	153133943	32278e75-4d8a-420c-9615-5f09e94faf6d	153113886	153144286	rev	OV3_Cisp0
chr1	156138583	156139727	ab27d203-6436-416b-abee-b73fab38f9fd	156129949	156171390	fwd	OV3_Cisp0
chr1	156144265	156148329	ab27d203-6436-416b-abee-b73fab38f9fd	156129949	156171390	fwd	OV3_Cisp0
chr1	157190996	157195183	c04a2616-8907-43bf-bd8a-8134019e6bf4	157185127	157195187	rev	OV3_Cisp0
chr1	157924069	157940975	bd3601d6-5047-4597-95c1-6eeb94f7f052	157915180	157959328	rev	OV3_Cisp0
chr1	158112791	158119389	83890de9-3046-40aa-b18f-efde27e4af66	158110344	158124107	rev	OV3_Cisp0
chr1	159879240	159900583	6c85a0ff-27d0-4012-a38e-fc6efa7d1104	159871807	159903894	fwd	OV3_Cisp0
chr1	159916522	159922294	36a35e32-b749-4249-b28f-97b8164c2e26	159916518	159933921	fwd	OV3_Cisp0
chr1	160456648	160460330	5c639df6-073b-4b29-b995-05c99b97f36e	160448514	160460336	rev	OV3_Cisp0
chr1	161620019	161621660	78b626a3-e3a8-4660-a83e-c6f5fbb00c95	161617163	161651406	rev	OV3_Cisp0
chr1	164424957	164437202	198482b3-a4cc-4336-979a-d10881901c94	164419285	164459448	rev	OV3_Cisp0
chr1	167705081	167706464	a54b8581-ebe3-4e94-bf6e-8fb79029952a	167705075	167725251	rev	OV3_Cisp0
chr1	167754161	167767224	7db63e2b-68fb-45b4-86b3-7041b8962e40	167732157	167767890	fwd	OV3_Cisp0
chr1	168120383	168133507	564941ec-f77f-4de6-9349-1d03cbb81d40	168115604	168138520	rev	OV3_Cisp0
chr1	168159805	168161317	6ec71b8c-6861-479a-b227-43f83e1c492e	168159801	168167102	fwd	OV3_Cisp0
chr1	170543775	170548355	bca54037-3aaf-4cc1-8335-bfc0a9349979	170535583	170548360	rev	OV3_Cisp0
chr1	171901457	171904479	32eecd21-f1c9-4c04-b60a-390421aa6026	171887237	171904486	fwd	OV3_Cisp0
chr1	172352902	172369446	275e3c7c-7a7f-4fa4-b035-6a504f6681bd	172349533	172371503	rev	OV3_Cisp0
chr1	174832877	174841686	f7aa2d42-c7c8-43aa-a1ee-a73f5a074650	174827086	174841692	fwd	OV3_Cisp0
chr1	176859375	176876889	e782259f-5360-42c2-ae1e-746367e36b22	176853213	176884941	fwd	OV3_Cisp0
chr1	177330247	177333192	996fe63e-9f0d-43f0-85a6-648141a4fe78	177312582	177333196	rev	OV3_Cisp0
chr1	177890945	177896100	33ad1fba-03b3-4736-b3e0-541aced5646a	177890937	177904943	fwd	OV3_Cisp0
chr1	177953472	177958336	6c94e4a7-a7f1-41bd-ae94-470f126727fb	177951927	177966294	fwd	OV3_Cisp0
chr1	179358130	179365637	8cc92cb3-3959-48fa-8f54-6c9b35bd01af	179332691	179366989	rev	OV3_Cisp0
chr1	183357649	183362043	435fd5f6-2160-4601-b220-c81e5551499a	183336727	183362050	rev	OV3_Cisp0
chr1	184732272	184741726	977aa037-e8e3-43ec-a33a-336abd31c1fb	184727368	184755527	rev	OV3_Cisp0
chr1	185015930	185019980	02795b09-45ba-4519-af44-557dbc20b0b6	185015925	185034804	rev	OV3_Cisp0
chr1	186766824	186776068	aac8a59a-ffbf-4560-8a45-4e646fb48b6c	186764419	186776082	rev	OV3_Cisp0
chr1	187033381	187036018	dbe7197d-1952-4367-8a40-3ed4a09deb3c	187017191	187036028	fwd	OV3_Cisp0
chr1	191011780	191016715	b7624c87-b3a1-4561-825e-7439ef6a8341	191011776	191029182	fwd	OV3_Cisp0
chr1	191736410	191746693	fe52632f-630b-4817-b103-d5d272c55fe4	191734333	191749410	fwd	OV3_Cisp0
chr1	192080656	192083134	9de067d0-7f23-470a-90fb-111c17098516	192079223	192100634	rev	OV3_Cisp0
chr1	192306259	192307334	e0a186f5-1dbf-43e7-9063-8090e76086f2	192306255	192318830	fwd	OV3_Cisp0
chr1	192764241	192778344	c0252a52-9de6-4035-b41b-ab5f29fa07eb	192764231	192782707	fwd	OV3_Cisp0
chr1	196063250	196078960	f712c44e-22b4-4095-9848-5fdcded7708e	196056424	196090326	rev	OV3_Cisp0
chr1	197229167	197236325	c5fc7d9c-0880-4f82-908f-247410b69dd5	197224859	197248049	rev	OV3_Cisp0
chr1	201099375	201102415	05ab2e1f-9922-48e2-bc43-d57708f7bb8e	201096756	201102425	rev	OV3_Cisp0
chr1	202802351	202806957	6adde54c-f193-4c92-a56c-3d696a0fb59c	202802338	202814508	rev	OV3_Cisp0
chr1	205991950	206004671	ab106566-81eb-4ee5-9037-1525b9606632	205990100	206009357	rev	OV3_Cisp0
chr1	207601595	207604097	907118b5-f62b-42cc-930d-58091c7e0557	207600347	207626111	rev	OV3_Cisp0
chr1	209539640	209554701	7abea679-ebc5-4f7d-9012-cf8a1fb62832	209536704	209563174	rev	OV3_Cisp0
chr1	210234149	210235277	be902237-8e00-45c9-9682-90b2b09a95ca	210222190	210235291	fwd	OV3_Cisp0
chr1	211660300	211666720	f36ee34a-b2bc-4014-8ee5-bc2c734b5270	211652889	211667635	rev	OV3_Cisp0
chr1	212383020	212388730	e2e411b4-4ce9-4d33-9cc0-f8dfcf53b611	212380547	212388738	fwd	OV3_Cisp0
chr1	213192374	213194969	277c50b0-43ed-4738-bfe8-4835d9a3689d	213164930	213207600	rev	OV3_Cisp0
chr1	215267288	215275367	a87cfe11-7a3b-40af-bce8-497c560edb1c	215258259	215275377	fwd	OV3_Cisp0
chr1	219038982	219047477	864dd8fc-f11f-427c-9adb-ac28574e6c71	219038975	219053697	rev	OV3_Cisp0
chr1	221062480	221067352	fcdd787b-3ccd-4101-b400-f628ecf28068	221056165	221067356	rev	OV3_Cisp0
chr1	223479633	223480838	a37dcbba-45bd-4a77-80d3-5dae45a65f2c	223461031	223484394	fwd	OV3_Cisp0
chr1	225160244	225166874	2f2fc87e-a428-4d32-9e02-ebc73693290a	225159066	225180662	rev	OV3_Cisp0
chr1	226110921	226113858	008f8314-96ef-4bd8-87ed-87c5f6092f1c	226104359	226113864	rev	OV3_Cisp0
chr1	226209648	226219725	28bedf3b-57e2-43b6-a434-de9dad8e84a9	226194122	226219892	rev	OV3_Cisp0
chr1	226284603	226298583	376695f7-b12f-42e0-9211-c5c9cb8a4003	226266680	226305722	rev	OV3_Cisp0
chr1	228015514	228019929	f78ff939-c3af-4059-8a15-9027f19420b2	228011579	228033269	rev	OV3_Cisp0
chr1	231672334	231679313	b98aafa3-0a1d-4aaa-a088-b1bbfa522ccf	231665502	231679320	rev	OV3_Cisp0
chr1	232672049	232673165	81209482-d556-495d-8d33-36d9a94ecb38	232672040	232693824	fwd	OV3_Cisp0
chr1	235395944	235398475	fcd5e1fd-14c4-42cc-854a-1e83266fc94d	235395939	235407572	rev	OV3_Cisp0
chr1	235841563	235846249	48b768b9-b942-4308-8e3d-6e6328b881fe	235822861	235850318	fwd	OV3_Cisp0
chr1	236809256	236814797	13aa2063-ae81-4364-a190-25330239845e	236789736	236820954	rev	OV3_Cisp0
chr1	238460416	238483047	ffdb808c-a5d4-4f18-9008-f1c4949fbb8e	238459861	238508465	rev	OV3_Cisp0
chr1	243959052	243984259	19920319-ca5e-4886-b5c0-ec70c5533d0c	243952964	243984266	fwd	OV3_Cisp0
chr1	245116419	245120665	4be45429-9e46-4ded-8b7b-d0ca9fbd9ca5	245116193	245136157	fwd	OV3_Cisp0
chr1	247670486	247676897	d0b9a292-a4ba-47f9-8b97-2b1c554e4653	247665834	247676908	rev	OV3_Cisp0
chr1	248623958	248630042	9f78d47c-bd87-46a1-a0bf-00f7cc5c6c76	248622933	248645394	fwd	OV3_Cisp0
chr10	3352701	3354525	b46a5ae8-2aaf-4625-8d3b-9aeb44a459aa	3352692	3361860	fwd	OV3_Cisp0
chr10	6012675	6014389	922ae72e-1c2d-48e3-82fd-11f6df553a8c	6011957	6026746	rev	OV3_Cisp0
chr10	11211539	11213044	5b4a15d1-e77a-4a5d-b1dd-9207a950aa5c	11211532	11222934	rev	OV3_Cisp0
chr10	13242117	13252478	0e24f67c-792d-47e1-9aec-d4882ff6f486	13237548	13257103	rev	OV3_Cisp0
chr10	15347574	15352524	af07dbf6-18d1-449c-a867-838fb53f315a	15347570	15369523	fwd	OV3_Cisp0
chr10	15411180	15426309	7b8d030e-d1c9-48a8-bf93-9d74d439ae2c	15405154	15426625	rev	OV3_Cisp0
chr10	15714113	15718265	ea236aa7-d994-40a3-9acb-b7093259ac48	15713727	15764301	fwd	OV3_Cisp0
chr10	16958247	16962286	b9ba7494-36eb-453b-843a-694a960f4cbe	16951532	16963491	rev	OV3_Cisp0
chr10	18795436	18798577	7cea3a90-2638-4ed6-b5e9-43937b74351e	18774653	18798626	fwd	OV3_Cisp0
chr10	19924542	19926346	3bb4c078-1f82-42ee-929c-fe446253b9fd	19915907	19926351	rev	OV3_Cisp0
chr10	20398154	20400909	5ec3e6d6-f8b7-4e47-85d4-6723c7a5d71b	20385981	20400924	fwd	OV3_Cisp0
chr10	21854825	21857656	ccaba64d-0575-4959-be70-cc359be07cfb	21845477	21860224	fwd	OV3_Cisp0
chr10	25525373	25528339	7d32a8fd-273a-44f2-8780-6a2310a7eeed	25513696	25528344	fwd	OV3_Cisp0
chr10	26459610	26471728	fc658019-c582-4b2e-9148-219bdac50142	26450950	26492856	rev	OV3_Cisp0
chr10	26601332	26603917	b3700b13-2bd0-40dd-9f2b-4fc9ad6916d5	26591079	26606177	fwd	OV3_Cisp0
chr10	27486351	27498572	2761ac39-5580-4d9b-bdfa-a182597aca04	27481315	27498585	rev	OV3_Cisp0
chr10	27880908	27883571	06d0df35-9cd3-4d72-8b8d-a628efb2e75e	27863089	27892792	fwd	OV3_Cisp0
chr10	27997569	28015997	c6a5d300-6a22-422d-bef2-1e198551487d	27995592	28026113	rev	OV3_Cisp0
chr10	28736031	28744380	2b4c25f7-341f-4415-b355-de055a91395b	28732371	28744386	fwd	OV3_Cisp0
chr10	35728431	35738582	a00bb248-8033-418f-91ab-b6ed1e8356fb	35709971	35739232	fwd	OV3_Cisp0
chr10	36499934	36505196	4309e102-d97d-4719-95f8-4e673c981a74	36499926	36510601	fwd	OV3_Cisp0
chr10	39158341	39161045	fad1a19e-dfea-4df8-97d2-0dfe16569841	39153856	39162633	fwd	OV3_Cisp0
chr10	41873303	41875799	3d6f3227-9dd7-4cc0-9cb6-61eb9d03e2b5	41851094	41879384	fwd	OV3_Cisp0
chr10	41912437	41914445	1ca6c4a8-0f80-46b2-ac5c-628a45fafa97	41860203	41916258	fwd	OV3_Cisp0
chr10	41883853	41896513	ae945a1f-518f-44aa-9195-a335914d4c9c	41878419	41904609	fwd	OV3_Cisp0
chr10	41890483	41891662	9e646095-6e73-45c5-aaf2-a7e94e14633e	41879328	41892461	fwd	OV3_Cisp0
chr10	41882040	41883208	19189686-06da-4937-9653-78179ae02abd	41881813	41898802	fwd	OV3_Cisp0
chr10	41889562	41891397	19189686-06da-4937-9653-78179ae02abd	41881813	41898802	fwd	OV3_Cisp0
chr10	41882923	41884004	ad971243-02ec-4388-9c70-34f306949184	41882919	41897568	fwd	OV3_Cisp0
chr10	41888047	41896613	efd6995d-b603-413e-89f9-056c45385901	41884246	41906978	fwd	OV3_Cisp0
chr10	41899431	41900646	2414501d-a28a-4d87-a014-dddc462edbf5	41886237	41901184	fwd	OV3_Cisp0
chr10	41905470	41907204	8274a84d-542b-4eb7-aa58-88139a704dd9	41904110	41916259	fwd	OV3_Cisp0
chr10	41908612	41911344	8274a84d-542b-4eb7-aa58-88139a704dd9	41904110	41916259	fwd	OV3_Cisp0
chr10	42100357	42105067	5dfa78ca-c77b-41fc-94b4-a0a93cf0cbd5	42066265	42105072	fwd	OV3_Cisp0
chr10	42093170	42096036	a354f685-1685-4a8b-a707-23d0d723b21e	42072778	42099669	fwd	OV3_Cisp0
chr10	44126998	44135773	082d6fc0-1e34-4f9f-a71d-37818335eb38	44126994	44149863	fwd	OV3_Cisp0
chr10	45340712	45346963	e9c9bb2e-3b5a-4bab-95ef-4b49c5fffcde	45333987	45350203	rev	OV3_Cisp0
chr10	45526415	45528953	8e759479-7754-4c0c-ae42-e265a19e8716	45525868	45537577	fwd	OV3_Cisp0
chr10	46564627	46569954	738be5ef-0de8-45f5-9fcf-7b553ad95182	46563045	46592263	fwd	OV3_Cisp0
chr10	47754260	47756689	51d367af-3f2c-4657-a3e9-96c3c3f4f85d	47753255	47779903	fwd	OV3_Cisp0
chr10	50471734	50485991	a727cfe2-8c2c-4d3d-ae41-10c68287fecc	50470931	50493815	fwd	OV3_Cisp0
chr10	54448489	54452906	2f3c2a6d-06f3-4219-bdcc-ad16ffbe1797	54448482	54456132	fwd	OV3_Cisp0
chr10	55410839	55413134	d3dee7ef-6b5a-4415-abfc-f397bc0b90e1	55410829	55419733	rev	OV3_Cisp0
chr10	58727547	58730819	ba028bfa-1536-4081-962a-d56d8a833988	58720108	58731949	rev	OV3_Cisp0
chr10	59123849	59125838	867f3bbf-0f49-453d-aba6-95d615e4610c	59109879	59125847	fwd	OV3_Cisp0
chr10	59733938	59735432	cef824bc-a2bf-4f85-af89-91af82d0fd02	59733933	59740526	fwd	OV3_Cisp0
chr10	62909110	62921002	e2aa8003-ae85-4116-b767-ed723bb268e3	62897679	62921608	rev	OV3_Cisp0
chr10	63362957	63367364	de142b0f-1ccd-4fde-87c2-442d6e23ec3f	63362951	63371260	rev	OV3_Cisp0
chr10	65130883	65137371	562432ff-354d-4c93-b87c-18f4b298bde2	65118010	65137386	fwd	OV3_Cisp0
chr10	65208688	65211927	e09e3ca4-4eeb-4161-965f-759e07b36915	65202540	65213714	rev	OV3_Cisp0
chr10	66560713	66570966	07115114-770d-4369-9053-46ab72f8ce9e	66537154	66570970	rev	OV3_Cisp0
chr10	68324183	68330528	3e4d5b92-f8de-4dcb-8982-26c086c9caac	68324175	68336766	rev	OV3_Cisp0
chr10	69067130	69068468	227c8fb9-902e-48cb-b03c-4537228f1e9a	69067012	69072630	fwd	OV3_Cisp0
chr10	70989077	70992965	81c02bd8-c795-4512-8f8c-c8a88d71762e	70974194	70998831	rev	OV3_Cisp0
chr10	72405752	72407478	fe998388-28a9-47df-afc7-eae85c4d9dcd	72387464	72407529	rev	OV3_Cisp0
chr10	72564334	72575044	5a97fd3b-438c-4b6c-bfad-67a22000a381	72550288	72576349	rev	OV3_Cisp0
chr10	75334303	75346115	806e2fef-70c1-43a2-908c-feb17b78608f	75334297	75371822	rev	OV3_Cisp0
chr10	75619345	75623198	b86ddcb2-847d-4f83-9d20-dcae39362722	75610172	75625045	fwd	OV3_Cisp0
chr10	77184659	77190796	0fb6e554-53f2-44b3-8184-1b9e65e1bfb1	77164641	77190917	fwd	OV3_Cisp0
chr10	77507221	77516131	7c290f19-d9da-4d36-923b-fae0624a958d	77507211	77523855	rev	OV3_Cisp0
chr10	79032926	79044387	5219435e-65af-4440-a247-b64fb02391d0	79027854	79047881	rev	OV3_Cisp0
chr10	79401977	79403431	77bbea17-f720-4f70-b349-53554d4cbe6f	79391832	79403454	fwd	OV3_Cisp0
chr10	80124950	80132963	7c59f016-ad3b-4390-a395-abc49dba04ac	80118650	80132969	rev	OV3_Cisp0
chr10	80791500	80795045	c6d932f5-a187-49b2-bb17-8c9c32d8af2e	80759855	80795114	fwd	OV3_Cisp0
chr10	81621736	81627218	5d781a47-a8b9-484c-bfdd-45127b89abe6	81617298	81634126	rev	OV3_Cisp0
chr10	83595878	83598379	74713568-44f6-46fc-94f4-20e754f27660	83582474	83609729	rev	OV3_Cisp0
chr10	85872743	85878395	c82785bc-51dd-4f7a-bd39-3a6b4f1a1290	85872737	85898571	rev	OV3_Cisp0
chr10	86195609	86201724	2b63f690-dfd2-4d59-9738-4ad2acf2d4f2	86195602	86222370	rev	OV3_Cisp0
chr10	87563444	87567486	136a452d-def1-4428-8519-71560de7b108	87560929	87580724	fwd	OV3_Cisp0
chr10	87953403	87961545	441dd2cd-3706-4c38-b5bf-66dee735e3ed	87953224	87997929	fwd	OV3_Cisp0
chr10	91852385	91862068	947ed719-f2df-4063-bd5a-17ef76c79987	91838954	91862074	fwd	OV3_Cisp0
chr10	92840924	92867419	9a12e930-cfb0-4868-bdf5-e21ea1cbbdb8	92824981	92868157	fwd	OV3_Cisp0
chr10	93008905	93026180	1beb20ac-08ac-4504-ac11-4755969ec514	92990078	93035290	rev	OV3_Cisp0
chr10	93371562	93380452	5c11814b-2c8f-4c71-99c9-a9458c4b0d5b	93369920	93384574	fwd	OV3_Cisp0
chr10	94427949	94440351	50600f59-4b97-4956-96f5-3d707f0939f3	94422034	94445852	rev	OV3_Cisp0
chr10	96193541	96211435	b33073b3-1b2a-4eaa-90f4-432239ded3c3	96191852	96216522	rev	OV3_Cisp0
chr10	96820723	96831840	59b1cff0-2cf8-43a0-9644-bb4d972a1db7	96820717	96838975	fwd	OV3_Cisp0
chr10	98696108	98700334	81c11cce-09a6-4b61-b5ef-865710320400	98688635	98700343	rev	OV3_Cisp0
chr10	102235192	102242347	85b43d07-6200-4430-aed2-83332956b231	102196701	102242354	fwd	OV3_Cisp0
chr10	102335508	102336651	e0d3d35c-228c-4c96-ba1e-3252d8ffc859	102335502	102349582	rev	OV3_Cisp0
chr10	104015481	104023654	b5e3ed57-9af1-4a85-bd3e-f5aef7410991	104013681	104029265	rev	OV3_Cisp0
chr10	106382516	106394979	8c91f9eb-1b66-42c7-a733-bbb992d7dd1a	106377461	106394988	fwd	OV3_Cisp0
chr10	109775334	109783639	c328e9d8-9ef2-4fa9-8dc9-f300a93c1c6c	109764758	109793873	fwd	OV3_Cisp0
chr10	110414915	110417135	162e74a2-5370-434d-973a-39b529fc2078	110405985	110417150	fwd	OV3_Cisp0
chr10	111532840	111546717	0f5ef79c-4e42-4836-abb4-d195bb38f1c6	111518903	111571493	fwd	OV3_Cisp0
chr10	112893647	112895528	f0c69f26-edcf-4944-9c21-dd29cb1556a2	112892584	112926180	fwd	OV3_Cisp0
chr10	113385430	113395990	dab1bacb-7730-4ad4-a40b-9a596936e077	113377930	113395995	rev	OV3_Cisp0
chr10	113477391	113479107	e3ae8327-7450-4057-8f0f-11dd8fb4e83f	113475823	113496256	fwd	OV3_Cisp0
chr10	116245993	116254541	e35cbb33-987c-4352-bace-383c35d9dc29	116208150	116265600	rev	OV3_Cisp0
chr10	116924026	116933204	ec0e02ea-9344-4570-8f71-e71cdfbddda1	116924015	116952565	rev	OV3_Cisp0
chr10	118131886	118135054	e4da17f1-50f5-4954-be9b-f183843236df	118131882	118144375	fwd	OV3_Cisp0
chr10	119667094	119686123	191900e3-deca-40d4-82a5-d3bae16548fd	119661872	119686139	rev	OV3_Cisp0
chr10	123584066	123586911	de8d4888-16e9-4fa3-aea3-79bbb607258e	123583973	123600811	fwd	OV3_Cisp0
chr10	123627676	123633520	02e4a93f-99dc-4c3f-9233-b290b6234774	123627665	123642027	rev	OV3_Cisp0
chr10	132491257	132494785	c88457c6-fe47-4ac8-8f13-40335ff227a0	132462491	132497171	rev	OV3_Cisp0
chr11	365080	369652	de9b0378-8256-4c4a-9bfa-367f26f6ce87	365068	379644	rev	OV3_Cisp0
chr11	3467524	3468587	c15c4b92-ab0e-4754-ad6c-13e616836b2a	3460608	3468618	fwd	OV3_Cisp0
chr11	3897827	3899579	a1110be6-7e6c-454b-8d60-2ac8260962b7	3893902	3899641	fwd	OV3_Cisp0
chr11	4236786	4242254	c1d80d07-0db2-4d66-8c0d-1dcc0b0b9b2c	4228761	4242690	fwd	OV3_Cisp0
chr11	4816119	4821544	aa81bcc9-eb7c-4db2-81dd-0b9eb118ed63	4816115	4850108	fwd	OV3_Cisp0
chr11	6935591	6942129	6ce64a5a-cee7-438a-8a18-25deeb645044	6925230	6943075	rev	OV3_Cisp0
chr11	8835092	8849306	4b6d5cc6-a8e7-493b-98f5-f45ec814ae76	8823362	8866667	rev	OV3_Cisp0
chr11	9145088	9154433	d443b9ee-b2c6-4de3-90cd-489b52461f33	9133846	9169200	fwd	OV3_Cisp0
chr11	10829200	10831969	3ccdcb3e-09f8-4007-aec1-2760fa6c9e7f	10821977	10842239	fwd	OV3_Cisp0
chr11	10850376	10856468	747feafb-bd51-4b62-8507-53c1efcaa055	10833783	10863826	fwd	OV3_Cisp0
chr11	11002887	11007639	05d7403f-b8e6-49b3-aeda-560e58c64569	10980893	11007963	rev	OV3_Cisp0
chr11	11387457	11392478	d4b0a202-3382-498c-b977-9126e3c0a389	11370660	11392483	fwd	OV3_Cisp0
chr11	13529566	13541971	9663e478-a0a7-4612-9580-6be730a61be6	13511753	13542617	fwd	OV3_Cisp0
chr11	15092034	15099744	a1e55f4b-1195-41c7-8cdd-fc93b22202b8	15092016	15105024	rev	OV3_Cisp0
chr11	15407250	15415676	627c6652-a66b-470f-884c-580ddec807ab	15393639	15415684	fwd	OV3_Cisp0
chr11	16378736	16389746	295dd688-a7e3-4937-98f0-0f7bfcb5dd61	16374922	16400130	fwd	OV3_Cisp0
chr11	17086209	17095731	214b9a42-b7b4-4549-a424-ae0629d21077	17072909	17095740	fwd	OV3_Cisp0
chr11	17358246	17365842	672c3482-aac2-493e-b661-2d0f80a0a47e	17358242	17373332	fwd	OV3_Cisp0
chr11	17500946	17503932	b0d7d215-2fcd-456f-bbcf-02873882ab42	17485602	17504377	rev	OV3_Cisp0
chr11	19179230	19186019	d660b228-b8fe-46ec-9714-4ad5a3d7ef16	19179224	19193561	fwd	OV3_Cisp0
chr11	19672473	19685944	026f7d1f-1a95-4994-b7a6-d179eeec8dd9	19653547	19711440	rev	OV3_Cisp0
chr11	21774284	21791524	440f9ffb-eda5-4a09-8516-bdd4a6622a34	21745198	21791537	rev	OV3_Cisp0
chr11	23784588	23789283	6c125288-c2bc-4498-b0f0-4fd164918c31	23752936	23789288	rev	OV3_Cisp0
chr11	26183760	26185466	9b68636d-360e-411a-b383-efda3d7026d2	26183732	26198437	rev	OV3_Cisp0
chr11	26995316	26997690	84284666-3c2b-4e0e-911f-db9b0357e947	26995310	27016174	rev	OV3_Cisp0
chr11	27485702	27487884	01353b43-b96d-4cf9-9d0c-32e7d54dc70d	27478751	27489272	fwd	OV3_Cisp0
chr11	28744724	28748061	461243e1-d20b-4d2b-bd65-ac78feb52721	28739384	28750935	fwd	OV3_Cisp0
chr11	28887279	28894740	d3fbb60b-54b2-4e83-a645-55623a101297	28877604	28894749	rev	OV3_Cisp0
chr11	30217127	30223057	7cdbed96-e98f-435d-a682-13b5726c964d	30217123	30231137	fwd	OV3_Cisp0
chr11	30950761	30954780	71407e25-0d55-4304-aa2d-52492ad9713e	30938241	30954787	fwd	OV3_Cisp0
chr11	31104591	31114640	646713bd-a5ed-4066-9d05-f8052f2ef8be	31095168	31114646	fwd	OV3_Cisp0
chr11	31976624	31982327	6ad380f0-3658-44e6-82cc-a5e4cfb61e19	31971482	31989183	fwd	OV3_Cisp0
chr11	32720035	32723546	b52f503b-dfc6-445b-9ec6-11d38115d932	32689106	32723553	fwd	OV3_Cisp0
chr11	34584084	34595722	665b3142-5ca0-420b-8f4b-5bbc4cdd5dae	34583152	34646298	rev	OV3_Cisp0
chr11	35591106	35594757	5cb7d400-6097-402d-ae4c-cc44d971996e	35591100	35605960	fwd	OV3_Cisp0
chr11	36344557	36347716	32d2bea4-2371-49bd-8039-bee1202fe663	36321583	36347722	rev	OV3_Cisp0
chr11	38816245	38821597	f7ec5c33-cf6e-476e-9de7-653992265d48	38806739	38821604	rev	OV3_Cisp0
chr11	39553357	39572463	e3f910fb-80f5-49b3-a561-8877a1475e76	39540972	39578962	rev	OV3_Cisp0
chr11	40740885	40760799	ede43cd2-4bda-4162-9f9e-ab4802249baf	40735446	40761785	fwd	OV3_Cisp0
chr11	41308922	41323261	0d7b6028-22c3-4486-b308-38a6873a9559	41307935	41329752	rev	OV3_Cisp0
chr11	43707885	43717370	f23d0457-b843-48c1-afb1-77e01229d42e	43698759	43717904	rev	OV3_Cisp0
chr11	45190660	45200312	456f53e1-7479-4423-9f9f-f4f81a7a42bc	45189746	45204516	fwd	OV3_Cisp0
chr11	46866701	46880791	ff8e06f6-a91d-42e3-9208-0001b083771c	46862955	46885748	fwd	OV3_Cisp0
chr11	47160853	47170390	93262726-bed5-4b52-8412-2e9ddea70775	47160063	47171926	rev	OV3_Cisp0
chr11	48059868	48074894	5f2ed435-a96d-47ce-864e-75cae98f6c7d	48054357	48079647	rev	OV3_Cisp0
chr11	48118710	48127367	5a103d05-5e80-4b46-8b48-871cd47c14b6	48112891	48133437	fwd	OV3_Cisp0
chr11	49588198	49607412	6d4a8811-8d52-4b7e-aca9-8621b32acd6d	49572299	49607968	fwd	OV3_Cisp0
chr11	56599625	56607554	4589eba7-80dc-4012-8238-ea86ef31c59d	56599060	56621121	fwd	OV3_Cisp0
chr11	58266250	58275561	7d81483a-af25-4cdf-a1c9-58ddfaddac29	58248951	58275567	fwd	OV3_Cisp0
chr11	59251675	59258635	7a6e2d79-4929-47b4-94a6-89545182cf2e	59251428	59263450	fwd	OV3_Cisp0
chr11	63204181	63215133	a31d1e73-37df-46f7-b52e-ea5fa4058788	63177764	63226084	fwd	OV3_Cisp0
chr11	64159316	64161730	aede9f9a-a882-4cab-8f0d-9c3315e1a61e	64139758	64166091	fwd	OV3_Cisp0
chr11	66594417	66598025	a31be8af-6d51-4156-a210-911e7558ac95	66578264	66598528	rev	OV3_Cisp0
chr11	67226965	67238187	db8ca4fc-4b32-4c08-b2fd-8dcd6bf188e2	67222955	67240453	rev	OV3_Cisp0
chr11	67926735	67929710	1f123562-708a-4621-b0a3-2a9a8d2fc9f6	67918974	67931132	fwd	OV3_Cisp0
chr11	68521609	68528258	e0b36ce4-57fc-4a23-8085-d3ecc792a615	68521536	68551832	fwd	OV3_Cisp0
chr11	68877227	68879940	e679de94-c015-4371-a1d5-bc2ec6daf3c1	68877221	68892714	fwd	OV3_Cisp0
chr11	69601331	69609887	be1ed905-1d38-44e8-8c10-beb509dc3e05	69601324	69612860	fwd	OV3_Cisp0
chr11	70627302	70628351	88fabfce-00ae-47b4-a8a7-48cf1846e23e	70617798	70629215	rev	OV3_Cisp0
chr11	71211930	71214776	5c189aa1-23af-4c80-892f-5a04de745422	71211917	71226613	fwd	OV3_Cisp0
chr11	72412327	72418825	2e57c8dd-ffa7-405c-ab3c-15481bb49882	72405008	72435707	rev	OV3_Cisp0
chr11	73248765	73266617	4de527ba-1914-4d98-a97f-37def2a36ba8	73240320	73266626	fwd	OV3_Cisp0
chr11	73310153	73315132	5d27c256-6ddd-42bf-bd68-6dcf139ca38f	73299669	73315143	rev	OV3_Cisp0
chr11	73420812	73422920	82adfb59-8370-468f-9151-5e101348525a	73405060	73422928	rev	OV3_Cisp0
chr11	73654899	73667951	bf9de89b-a88a-4b60-9996-26d6cc607cc0	73640828	73667958	rev	OV3_Cisp0
chr11	73679821	73684795	3e157cf8-1841-4a62-8790-6bd67eb2749d	73678203	73692206	fwd	OV3_Cisp0
chr11	74019748	74021328	5fbf42d8-3cc9-448b-968c-e239bd133027	74010384	74021337	fwd	OV3_Cisp0
chr11	75423047	75430090	728b0307-3d00-4fde-aa4f-09f50b6886ad	75395624	75430899	fwd	OV3_Cisp0
chr11	75979586	75981878	98ff3242-7353-4d61-b2a1-952c22f75ca9	75973565	75982888	fwd	OV3_Cisp0
chr11	76043399	76057057	38b0da15-7d99-4d78-8662-f64a2650fcea	76038285	76057066	fwd	OV3_Cisp0
chr11	76337174	76338420	4004e3e7-5f4b-441b-a77f-16409f55edc1	76326871	76340688	fwd	OV3_Cisp0
chr11	76400398	76403302	90915c08-897d-47ee-8d98-556fac38dfd5	76400391	76407486	fwd	OV3_Cisp0
chr11	76449028	76453136	bcdf32c8-c83d-460f-862e-f5b1f478e6fe	76437401	76453142	fwd	OV3_Cisp0
chr11	76611519	76615102	acd7febb-2a50-4d20-8c43-599d3830556c	76606080	76656029	rev	OV3_Cisp0
chr11	76651621	76655107	acd7febb-2a50-4d20-8c43-599d3830556c	76606080	76656029	rev	OV3_Cisp0
chr11	76639110	76643995	c1f4246f-c315-4f26-a3b8-f4a59ef4aecb	76622771	76652169	rev	OV3_Cisp0
chr11	76728247	76733674	86b17451-8ca1-43c5-99b9-c6332a6adebc	76723966	76733680	fwd	OV3_Cisp0
chr11	76752861	76763118	629febe4-7bf6-4c8f-bb4e-64bc4326c017	76728172	76763356	fwd	OV3_Cisp0
chr11	76766863	76770575	8dc3d4ad-3902-403e-b91d-391e510f2391	76758390	76770581	fwd	OV3_Cisp0
chr11	76936270	76941949	8593f938-b131-4d0e-a1fd-34cc16e578cc	76890091	76946747	fwd	OV3_Cisp0
chr11	77311090	77312740	f5d84eb8-18a8-437f-afdd-3df68dc64ea0	77266402	77313910	rev	OV3_Cisp0
chr11	77368014	77375920	e85a6dcb-b6da-495e-810a-b73196d4ab6e	77356699	77376444	fwd	OV3_Cisp0
chr11	77397436	77401100	6d9ee358-cabc-4782-904b-e65f190eebcc	77397429	77419209	rev	OV3_Cisp0
chr11	77807366	77818493	031db404-6eb9-4264-9de8-bccf9756dfb8	77799635	77832144	fwd	OV3_Cisp0
chr11	77809875	77819049	82dc3119-0b1c-46d3-b3b5-fb9b87256033	77809839	77823974	fwd	OV3_Cisp0
chr11	77811810	77821859	08de6824-cd35-4515-9d7f-0676d05779a7	77811805	77824281	fwd	OV3_Cisp0
chr11	78140180	78141820	98dba59b-8f50-4c8a-a56b-6943abfcfece	78122665	78141834	fwd	OV3_Cisp0
chr11	81416256	81427990	b61d3930-e591-4944-b12d-fad3702c875d	81385878	81433860	fwd	OV3_Cisp0
chr11	83304764	83309504	8a2ef248-788a-4162-9a5e-ca1c720dd366	83301799	83309514	fwd	OV3_Cisp0
chr11	89140620	89147117	e79b9ace-e458-46ad-b544-b0ad9433bfed	89140613	89157739	rev	OV3_Cisp0
chr11	89418864	89425471	0dc672e3-baea-4a77-a5b3-316ea65442c7	89411821	89425478	fwd	OV3_Cisp0
chr11	92851930	92868789	ae0cbaa7-1e67-4f0e-b01e-74516e726339	92851925	92885077	rev	OV3_Cisp0
chr11	93071786	93077105	8aff4f02-dfed-400f-b5ec-fa0df476b258	93065439	93082732	rev	OV3_Cisp0
chr11	97082395	97086591	864c538b-c2e2-4d6a-a697-efd1650cd02d	97077110	97086595	rev	OV3_Cisp0
chr11	101902617	101906184	7a2e04e5-3bdc-4be0-aaf2-10f5cef5c963	101902610	101913578	fwd	OV3_Cisp0
chr11	102757258	102763556	1d3ba937-b142-42f0-9647-a20a6653125f	102756625	102768521	fwd	OV3_Cisp0
chr11	103085803	103091489	14b08f2f-3176-4e0b-ac0e-849c8147cd7c	103073574	103094397	fwd	OV3_Cisp0
chr11	103113667	103131083	46717607-bf60-47d6-802f-c6518ca65568	103106443	103131097	rev	OV3_Cisp0
chr11	107967112	107975473	d2c3e62b-3e96-418c-989e-e415ba01b290	107963817	107975478	rev	OV3_Cisp0
chr11	110664562	110669088	7d72f1aa-7061-43d4-b2ea-baa14d504c6c	110616056	110669093	rev	OV3_Cisp0
chr11	113133204	113135165	e9b1e328-4dc4-4bc3-b5f4-371ec11aefae	113102243	113135179	fwd	OV3_Cisp0
chr11	115607882	115609004	f86f09d1-67d5-4175-9771-cbb5ac1aff9a	115590434	115611992	fwd	OV3_Cisp0
chr11	115616525	115624656	f7bbc335-d394-4b0e-8d71-e3ac27abd7e5	115611252	115626937	rev	OV3_Cisp0
chr11	116275108	116277724	f2e0bc82-d273-44db-8552-d49b3ce5c8d7	116270558	116277728	rev	OV3_Cisp0
chr11	116597863	116602493	d0d15d90-44dc-4662-a484-70fda7139d8b	116584346	116611800	rev	OV3_Cisp0
chr11	120434242	120437926	b8d9b4e8-373a-466e-9c4c-02472f31afba	120423111	120437932	fwd	OV3_Cisp0
chr11	120504166	120508057	c9f5446f-39c8-4cd7-90e4-30512fc7ee21	120452664	120508061	rev	OV3_Cisp0
chr11	124052748	124064005	f6996718-df63-480f-89f1-1f7eefbcd38e	124043952	124073868	fwd	OV3_Cisp0
chr11	126009720	126017173	4e7b6824-f9a6-4df8-b726-4f52b5fd03ef	126009715	126020415	fwd	OV3_Cisp0
chr11	127051585	127061934	eacafbca-6f65-46c7-bbcd-aa45d88f35e8	127051581	127099893	fwd	OV3_Cisp0
chr11	128615372	128627726	dd33df3d-6333-494d-a06b-1602ab442bff	128615366	128652480	rev	OV3_Cisp0
chr11	131174058	131177597	0cfa8d1e-96ec-4ff6-a3ec-d43f03269fb0	131165630	131177603	rev	OV3_Cisp0
chr11	131466654	131468000	92877d99-14ed-4316-86e2-5c4a08c6b768	131435847	131468891	fwd	OV3_Cisp0
chr11	133586606	133597956	65597321-4123-46b1-a9f3-3cfe4fa8dc14	133586600	133641055	fwd	OV3_Cisp0
chr11	134581491	134583650	361b83a6-d7ee-4deb-a9cf-6367789fc7d1	134581482	134587704	rev	OV3_Cisp0
chr12	733751	737610	fded140b-d0b8-4f81-acac-c8d37af262df	716097	739025	fwd	OV3_Cisp0
chr12	2174171	2177452	d8c25a67-cca1-4ac0-86b3-464aa0186bb5	2170124	2177507	rev	OV3_Cisp0
chr12	3046312	3050813	0d7c1cc7-4386-4c8a-b2da-55ac882944a9	3017273	3051502	fwd	OV3_Cisp0
chr12	3765117	3766135	00ef8a05-caf7-47cd-ad05-aa6965d8b74a	3757389	3766143	rev	OV3_Cisp0
chr12	5332707	5338790	21c157c0-824e-4b55-9e71-6ecd210a839c	5332052	5344110	fwd	OV3_Cisp0
chr12	5526505	5528262	e39d1559-a287-45d7-8cda-ed8c6e69341e	5487547	5540262	fwd	OV3_Cisp0
chr12	8138888	8145613	daa33214-2c62-4c30-b759-7612ca60dd36	8125457	8145619	fwd	OV3_Cisp0
chr12	8909555	8915901	b7628a6a-bddb-4b48-a5d1-4fada64f6fa9	8909546	8933152	fwd	OV3_Cisp0
chr12	9671480	9676023	ab00db32-06f1-42b3-a8f0-92a7ce6e9bd8	9670737	9688743	rev	OV3_Cisp0
chr12	12762014	12766665	66d02fd4-99ac-4467-8ad5-645e0a2ce459	12738048	12766677	fwd	OV3_Cisp0
chr12	14790493	14804920	2fa4e82f-37ee-4563-9449-3b82597e608d	14779989	14847287	rev	OV3_Cisp0
chr12	18944875	18948343	d39292ce-6ba7-43e4-801f-cf44c7d35a8f	18944869	18955229	rev	OV3_Cisp0
chr12	23178815	23180134	e6a6e243-d3ee-4b61-a676-a7e7d069d29c	23171199	23180139	fwd	OV3_Cisp0
chr12	25585476	25589316	4a4e442c-ebcb-433b-a3da-a880ebf2235c	25579508	25589321	rev	OV3_Cisp0
chr12	25572124	25582062	ced36e8b-04d3-4ac1-8c1a-53c17e4e907a	25568918	25609509	rev	OV3_Cisp0
chr12	26718656	26722001	0b71a0a8-a7eb-471f-8998-fe655bf35e9f	26718648	26737967	fwd	OV3_Cisp0
chr12	26752075	26761078	8ebd9dd5-d04c-4ccf-9cf7-b7d36ab9ef6a	26752036	26762855	fwd	OV3_Cisp0
chr12	27638039	27647475	1200c119-ef4c-47ca-93dc-ec4015e017d5	27636493	27655491	fwd	OV3_Cisp0
chr12	28001549	28016134	79952208-ac87-4e6d-9bd4-41ae3ac809d6	27993928	28017915	fwd	OV3_Cisp0
chr12	28126839	28139325	48420ad0-deec-4ac2-a333-592b09201c44	28117232	28151571	rev	OV3_Cisp0
chr12	28299299	28307498	30da1b4a-64a1-44d0-9ecc-a4ec0b7a7f89	28291915	28307502	rev	OV3_Cisp0
chr12	28528578	28538441	532d42c2-0c3d-4646-8aa8-0fe6352e16d6	28528332	28554456	fwd	OV3_Cisp0
chr12	28545113	28551175	cd85ec0c-be8c-4449-b0f2-32ee706ca982	28545108	28568329	fwd	OV3_Cisp0
chr12	28896850	28898590	418b308b-c0a8-4381-8631-9ba921e022cf	28892217	28898597	fwd	OV3_Cisp0
chr12	30680305	30687561	3fa02f52-448c-4738-a036-14e123912776	30674081	30692336	rev	OV3_Cisp0
chr12	30906404	30911898	eb37b899-ee1d-4df1-9999-736aba013991	30898462	30914788	fwd	OV3_Cisp0
chr12	32559022	32568358	539cf19a-e352-4233-9584-23c21297beba	32557158	32583880	fwd	OV3_Cisp0
chr12	33765561	33771479	e25599b0-d77a-420f-bc26-3bcb476a1163	33757628	33771488	rev	OV3_Cisp0
chr12	34060234	34065075	afbde16c-535c-431a-ae35-2e562a4713b8	34059883	34076222	rev	OV3_Cisp0
chr12	37540184	37542802	b6b21d4c-4bc5-4c3b-afc2-0ccafee05fe5	37532766	37542808	fwd	OV3_Cisp0
chr12	39902252	39907363	4474f94b-652b-494f-86ff-c3f649384ef0	39891702	39911424	rev	OV3_Cisp0
chr12	41074936	41076019	14752c3d-e629-4a63-92d3-0c4c5915a46c	41074400	41088375	rev	OV3_Cisp0
chr12	43072682	43077537	04d2cfa9-e430-47ff-8928-d6a2e801cde7	43072677	43102463	rev	OV3_Cisp0
chr12	45148834	45151828	e496d88b-84ff-4a7d-aa9f-868fa51ef124	45143959	45151833	fwd	OV3_Cisp0
chr12	48045341	48046616	dd4825f7-bdcf-454c-b91b-df6de0078d17	48016310	48046623	rev	OV3_Cisp0
chr12	50660682	50667010	a57b7203-c3ec-4373-9e20-cb55e796851a	50633400	50670162	rev	OV3_Cisp0
chr12	53689090	53712055	c4b0f0ae-cbf9-47ce-b89d-bf79b1ac1a4f	53671659	53725364	fwd	OV3_Cisp0
chr12	53905686	53908079	5868d7b4-418c-4f90-8c72-4ec295be079d	53905678	53917128	fwd	OV3_Cisp0
chr12	53970306	53983535	e49f5538-7c00-4e2e-a849-c930376c8b4a	53949460	53994932	rev	OV3_Cisp0
chr12	54063321	54074127	7fee2a50-ecd4-41ed-bf11-0ce9a69c1a8c	54046273	54090837	fwd	OV3_Cisp0
chr12	55688032	55694418	99a20016-52a5-41b1-b0e0-06bc7910e882	55688025	55701739	rev	OV3_Cisp0
chr12	55699136	55704586	41a61904-d2b8-4213-81d2-0e02b3723b63	55699125	55707536	rev	OV3_Cisp0
chr12	56784242	56791678	bb963319-b96d-4620-8bf5-61f44f35d80a	56778449	56791682	rev	OV3_Cisp0
chr12	57582077	57587086	937d3553-4013-4e9b-8590-4e85b535e408	57579727	57587091	fwd	OV3_Cisp0
chr12	58563226	58572801	be19e960-33ef-4231-ad8f-d7c5368dcc8c	58563216	58576608	rev	OV3_Cisp0
chr12	63658817	63670807	81c3666c-7005-45a0-8519-a9e03a217fc1	63658174	63676238	rev	OV3_Cisp0
chr12	71412749	71418566	8ca5dc3f-0694-491b-bbad-e6d39f191d8a	71410634	71428271	fwd	OV3_Cisp0
chr12	73220749	73225538	692421ef-766f-4895-aca5-5d2c5dccf3a3	73220742	73230195	fwd	OV3_Cisp0
chr12	74341645	74343083	be14cbc0-4cc4-485b-81e7-d00560cb3bcd	74325920	74343089	fwd	OV3_Cisp0
chr12	75438764	75440357	cfb7db25-ae87-46c4-ae9e-c65df37e0e42	75437891	75471780	fwd	OV3_Cisp0
chr12	76665947	76676614	0c817023-d6b6-4f65-9422-b177d6e86263	76647728	76697988	rev	OV3_Cisp0
chr12	77594751	77596023	e528865a-ac14-4be7-b203-5bfc004758e4	77593204	77612883	rev	OV3_Cisp0
chr12	80021215	80033319	f6e5d1d0-62a1-4f84-95b1-78673790264f	80011578	80033323	rev	OV3_Cisp0
chr12	80378136	80389293	acb39a30-8d90-4d1d-b1bf-05fd25b874b7	80374412	80389389	fwd	OV3_Cisp0
chr12	82464761	82465843	e1334584-c349-48db-b2e4-15a08c7f3568	82462184	82475855	fwd	OV3_Cisp0
chr12	83593732	83596860	b4cc66c6-19c6-420a-b48d-aafe6cde6718	83586993	83596865	fwd	OV3_Cisp0
chr12	93150192	93156728	279764b4-f136-4771-9661-ad9bb729cab6	93150187	93160348	rev	OV3_Cisp0
chr12	94106595	94117467	41f6087a-1acb-467b-aa5c-2cc0019f3b53	94105885	94126339	fwd	OV3_Cisp0
chr12	94457338	94466453	d605014c-6f65-4d86-987d-e01a7987a5e7	94451462	94479781	fwd	OV3_Cisp0
chr12	101521892	101530400	956335ba-f809-4249-9f8e-f0fe5f190b4e	101521759	101535342	rev	OV3_Cisp0
chr12	101907417	101920942	2155d9aa-1220-4311-9f4d-dada1cf08d4c	101901264	101920948	fwd	OV3_Cisp0
chr12	106276909	106281568	84635978-d3f4-4f7d-9d31-63db977c1ccf	106263660	106297209	fwd	OV3_Cisp0
chr12	107562202	107566997	4aabdb70-05db-4eb9-b34c-11eeb9dd4faf	107562163	107571011	fwd	OV3_Cisp0
chr12	109075648	109080902	a72d876c-0ca3-417a-b84a-e9c422db91bd	109068726	109080909	rev	OV3_Cisp0
chr12	112254214	112255324	3bf691fa-8231-44b5-906d-81bd8ca9dc51	112253059	112285169	fwd	OV3_Cisp0
chr12	114725411	114727400	9087a078-bee5-495d-8256-9dd452751dca	114704135	114738839	rev	OV3_Cisp0
chr12	116338949	116351729	9f74ebca-780c-4b53-9e48-cd292fae8877	116338934	116364495	rev	OV3_Cisp0
chr12	116611662	116615489	fa173c12-1ab7-460d-a11b-64d204082dcf	116611064	116619972	rev	OV3_Cisp0
chr12	117667623	117673911	cd817558-6de3-4630-9206-d1842066594b	117661444	117684144	rev	OV3_Cisp0
chr12	117954631	117968269	af8526ea-8728-4d59-a180-aa45dcce7852	117954619	117971127	rev	OV3_Cisp0
chr12	120332985	120337355	35213070-a511-4e07-935d-10fd5f64fcdb	120324844	120337363	fwd	OV3_Cisp0
chr12	122247056	122250991	fc794f88-0184-4663-91d2-2db96c640084	122247049	122254734	rev	OV3_Cisp0
chr12	124202473	124206961	e4f1a0d5-ffca-4041-a97e-ab92412eb198	124196738	124244872	fwd	OV3_Cisp0
chr12	125651446	125661839	de19f1c4-c093-478b-800c-c436aa291bbf	125628660	125661845	rev	OV3_Cisp0
chr12	126318873	126319844	a7bb2809-44c1-46c2-b01c-06e0860489e0	126305041	126322605	rev	OV3_Cisp0
chr12	127104858	127111787	bcd3a9b3-d5a8-4007-b880-7b64bee94df0	127089619	127135177	fwd	OV3_Cisp0
chr12	130008875	130014591	5d91ca78-c795-4be9-a99d-6a2fcb25f949	130008854	130017658	rev	OV3_Cisp0
chr12	130464059	130478098	0a6c20c8-dcea-4afb-856d-1bdb8e6e605f	130455790	130478110	rev	OV3_Cisp0
chr13	23295152	23298961	41a4a330-a874-414d-8ea3-8f0905721d39	23291674	23309656	fwd	OV3_Cisp0
chr13	26271434	26280364	034ed652-bd47-40ab-ad31-e9b54f210285	26271425	26286893	fwd	OV3_Cisp0
chr13	27311561	27316559	095c2bfe-5990-40ab-8ab0-7bac520347f4	27308265	27327742	fwd	OV3_Cisp0
chr13	29648889	29658464	aec0a228-10e1-4e23-a44a-57282e1a9848	29635263	29665893	fwd	OV3_Cisp0
chr13	33240263	33241423	8f08cc41-ffa0-4756-93dc-29262f70f436	33233847	33241427	rev	OV3_Cisp0
chr13	34180081	34189629	a03d900a-bccb-457d-b8a7-c89d677c171e	34167559	34195395	rev	OV3_Cisp0
chr13	37815461	37817432	30019334-5aeb-4594-9159-be0a5d164f32	37808269	37817611	rev	OV3_Cisp0
chr13	44318867	44326992	5989d6e2-f7c3-4d59-8d90-2930cc42baac	44317904	44330422	fwd	OV3_Cisp0
chr13	46931639	46942256	83cb3b8b-cc6a-4051-857d-ce5e0ee5e1de	46926449	46942269	rev	OV3_Cisp0
chr13	48968322	48969588	f21e4ce8-6ada-4aba-b1c0-4265e19eb939	48958836	48969593	fwd	OV3_Cisp0
chr13	61085342	61090190	4866d665-c068-48dc-9079-89b148d59348	61080906	61117139	rev	OV3_Cisp0
chr13	61192665	61198326	fc1fde21-4d19-42d3-b657-9f5b8af6fd69	61176790	61198334	fwd	OV3_Cisp0
chr13	63452813	63462756	0f1fc64f-0e80-4b85-abd6-f8a8812be152	63434065	63463154	fwd	OV3_Cisp0
chr13	64620759	64623056	a618093c-6bf3-4dd7-9997-4f727c19538e	64592416	64623160	rev	OV3_Cisp0
chr13	72305589	72309149	e08d3c8e-6a07-4d8b-99f8-b757a103571f	72295621	72331298	rev	OV3_Cisp0
chr13	74381623	74387342	45787cea-8ba0-4691-9911-2e08a17cf635	74381609	74403147	fwd	OV3_Cisp0
chr13	74714133	74718048	7515a5d8-d54e-4006-909d-af7cfff2c01f	74709125	74726496	fwd	OV3_Cisp0
chr13	75929400	75932437	a28dd205-c992-4b9f-9abc-265055084619	75918279	75932443	fwd	OV3_Cisp0
chr13	76814523	76818385	bdde1148-2787-41ec-984b-dd9c2940f24a	76814516	76824021	fwd	OV3_Cisp0
chr13	77368297	77369383	a509294f-3005-43b4-a9ba-3a2ba401ad6b	77367156	77388371	fwd	OV3_Cisp0
chr13	77381315	77387709	a509294f-3005-43b4-a9ba-3a2ba401ad6b	77367156	77388371	fwd	OV3_Cisp0
chr13	78033291	78042908	36337a9f-7a5d-44ad-8ac8-37f9e5d9da7f	78008093	78094616	rev	OV3_Cisp0
chr13	78075409	78089511	36337a9f-7a5d-44ad-8ac8-37f9e5d9da7f	78008093	78094616	rev	OV3_Cisp0
chr13	80706149	80710089	e22cb007-8d40-4a3d-bef6-24dd4661de4d	80697853	80724276	fwd	OV3_Cisp0
chr13	81761162	81762936	27061595-ca0d-4408-bcb4-864cc1f5196e	81751715	81765043	fwd	OV3_Cisp0
chr13	85734072	85746929	29937f27-5bf9-4885-bd0d-24e5802eecf6	85732897	85751792	fwd	OV3_Cisp0
chr13	87453095	87456652	a7af6046-f44c-4cdb-8f26-37fc761ca29c	87453087	87463618	rev	OV3_Cisp0
chr13	91108253	91119534	8ff83b9d-9a91-43cb-baf0-cde45b1c9a3c	91103116	91141487	rev	OV3_Cisp0
chr13	95610953	95620590	53e28d0a-becf-4274-bb2b-bb7adbf883c3	95599560	95624081	rev	OV3_Cisp0
chr13	96522575	96529620	a33fb397-ee3b-4efc-ae8c-1da7c812b8d4	96509914	96529626	fwd	OV3_Cisp0
chr13	100486209	100488519	a2adb713-c0c5-4d50-8aa4-b3d11ad88033	100465598	100488524	rev	OV3_Cisp0
chr13	100695777	100700143	4cd4ea83-7b51-41d6-8718-c9a1881e76bd	100686150	100700147	rev	OV3_Cisp0
chr13	105145384	105152059	667fdeae-e849-4d16-8917-4ead3096b6b5	105144799	105162048	rev	OV3_Cisp0
chr13	106208088	106220974	2d7aea83-c57d-47e3-baf5-4c130879f05c	106205031	106226113	fwd	OV3_Cisp0
chr13	106411865	106428046	1128546e-f052-4d93-bed0-14c12e97fe95	106402048	106432837	fwd	OV3_Cisp0
chr13	106819721	106823537	0040a517-78a4-43c2-bd65-0573bf7a5975	106819715	106824875	rev	OV3_Cisp0
chr13	111163496	111167248	408e6946-917c-4093-8f81-310555d42edc	111157522	111167255	fwd	OV3_Cisp0
chr14	19278903	19288259	d66bbf02-cc0c-47a1-9289-67b42e7abbe7	19269183	19290053	fwd	OV3_Cisp0
chr14	20054937	20063476	32b02fb9-80fc-45b0-af24-8dddf244d091	20054931	20073607	rev	OV3_Cisp0
chr14	20526763	20531594	39448804-892c-446f-9d10-7a94bd690876	20520002	20531620	rev	OV3_Cisp0
chr14	23859527	23863216	953fd4c0-dae3-4b3b-92d9-280d23ac5cb9	23859515	23865438	rev	OV3_Cisp0
chr14	24065932	24070565	c3b975ee-f614-4642-ab20-5b64212f4186	24065923	24072823	rev	OV3_Cisp0
chr14	25069002	25081448	5694754c-bafb-42bb-90da-afadb67c39cf	25066007	25087594	rev	OV3_Cisp0
chr14	26829473	26832814	b5e9d030-271f-4cb0-a4f6-d1d4c6cefbcb	26818133	26832821	fwd	OV3_Cisp0
chr14	27140692	27145656	fa44fc52-f2ad-4f54-9554-b7d201289d62	27131911	27145664	rev	OV3_Cisp0
chr14	27352413	27369868	dbadd6ff-ca9e-46cb-bdf5-ce345f6dac7f	27340364	27369873	rev	OV3_Cisp0
chr14	27701420	27703141	e0d49064-35fa-4a6d-b786-609c6be2ef5e	27687332	27705387	rev	OV3_Cisp0
chr14	32218634	32221401	4d38cbdd-b3bb-467f-ac9c-b31f3628ff57	32218629	32237392	fwd	OV3_Cisp0
chr14	32934251	32945579	40448ea0-6e69-4023-a733-9b5abd3e7db4	32928960	32947300	fwd	OV3_Cisp0
chr14	35556049	35560569	3d05c9f1-4653-4000-8f5a-40eb73381e9d	35533149	35561229	rev	OV3_Cisp0
chr14	35585552	35595356	cc07b5f9-742f-4d68-8384-f926fdcfcc34	35585408	35598286	fwd	OV3_Cisp0
chr14	36564068	36575265	f2c940e7-181b-4f39-895c-9bc8f69972d9	36564059	36583808	fwd	OV3_Cisp0
chr14	37509631	37513650	d7b8e37c-3e98-4868-b88a-b72ee8a98f5a	37497586	37513657	rev	OV3_Cisp0
chr14	38200003	38209291	403c0c22-6f8c-4fd2-b03f-46c8216104a6	38196493	38209296	fwd	OV3_Cisp0
chr14	39292831	39302632	75f7d6f2-1a8f-45fd-905b-b3e1a7f371fa	39244619	39302637	fwd	OV3_Cisp0
chr14	40131228	40136930	2bf6b65b-78eb-46da-8c53-1282a4dcf4b5	40131224	40150313	fwd	OV3_Cisp0
chr14	40285280	40292930	cc803de5-28cc-4c72-9c55-9955a4bca94d	40280715	40292934	rev	OV3_Cisp0
chr14	40693368	40710832	d777402c-5a70-4c0f-9a01-c761cff820eb	40693361	40717077	rev	OV3_Cisp0
chr14	41128861	41144901	55d6003e-5951-4f0b-be65-46529b8725e5	41126924	41149100	rev	OV3_Cisp0
chr14	42023984	42025327	ffb24e15-1505-4962-86a0-aefbdc2e6521	41981825	42025331	rev	OV3_Cisp0
chr14	47835919	47842109	316b50fb-d44b-4132-9bee-cf9b1778aeb0	47834837	47884871	rev	OV3_Cisp0
chr14	49290707	49303036	5c3e1f65-8577-4beb-820e-80e05a900bc6	49290699	49326153	rev	OV3_Cisp0
chr14	50626517	50642455	cf8796ff-6906-46e9-9dc7-dedd383c9e88	50621760	50642460	fwd	OV3_Cisp0
chr14	51262108	51265460	ee16b98c-3576-43b4-ada5-b84ecd38ece3	51255179	51265468	rev	OV3_Cisp0
chr14	51873674	51876876	d4c17054-7e71-4a40-a8f4-4ab5179a62f9	51873398	51884955	fwd	OV3_Cisp0
chr14	52153148	52161316	90a306b6-f9a4-4aba-898f-9131d5ac6182	52152524	52166676	rev	OV3_Cisp0
chr14	52332719	52343008	04ef84f8-ed93-4e22-893e-8982ea5b377d	52327446	52355287	rev	OV3_Cisp0
chr14	54932748	54938527	8e8301c0-0c92-43f4-8617-cbe69a25d26f	54905695	54938547	fwd	OV3_Cisp0
chr14	55295326	55298758	24d3bb60-d973-43ac-8358-a77e126117af	55295319	55306851	rev	OV3_Cisp0
chr14	57614281	57624548	df9b0b66-25d4-4489-9077-61dde1d048e2	57606717	57624554	rev	OV3_Cisp0
chr14	57637402	57638922	794e5fe3-d872-4ce0-82e6-6f407342e47f	57633454	57638930	fwd	OV3_Cisp0
chr14	57846393	57853019	3157d393-5bfc-40a8-af1f-c739c4205469	57846385	57861544	fwd	OV3_Cisp0
chr14	58145963	58161668	7b71ec61-100a-4228-ad9b-9993d46dc47c	58145959	58166738	fwd	OV3_Cisp0
chr14	58284831	58294212	0a860248-0061-46cb-aea9-e4d8675c3965	58240183	58294342	rev	OV3_Cisp0
chr14	61562836	61569451	8395ceff-caca-43c8-b497-d26853146299	61555950	61593784	fwd	OV3_Cisp0
chr14	61591895	61600888	527d31b3-e17b-44fe-b245-6a6cbbd2977d	61581896	61600893	fwd	OV3_Cisp0
chr14	66029830	66035029	a258862c-a955-4ce7-b486-450aba2648a8	66018176	66035034	fwd	OV3_Cisp0
chr14	66147797	66151736	46887ef3-0be4-4e7a-b010-b7be39341443	66136189	66183987	rev	OV3_Cisp0
chr14	66539440	66541726	6c3ecb1c-146d-4d33-b75b-d939f4b7b1b9	66506622	66541731	fwd	OV3_Cisp0
chr14	67029002	67035507	bae09d13-6118-46ce-b97e-e6cddf98be7b	67018327	67050178	rev	OV3_Cisp0
chr14	67499155	67503695	8736373d-cb31-4eea-a73b-1a59ef04cedb	67492612	67503704	rev	OV3_Cisp0
chr14	69936282	69941390	ba84bec7-88f7-40ef-82f5-4a681346861c	69923155	69941397	rev	OV3_Cisp0
chr14	74354318	74359018	9aa4650a-5ad3-44de-80e9-975f248202e2	74346268	74362227	rev	OV3_Cisp0
chr14	77452274	77459980	7cddc99e-5acf-4e0d-a157-1ef616fdff37	77452268	77462191	rev	OV3_Cisp0
chr14	78380586	78384971	1e4e8582-504a-431c-8157-dd73ddb4966c	78374294	78384989	fwd	OV3_Cisp0
chr14	80848402	80851622	01dad3da-0bc3-4cf3-a183-66bb859f3b28	80848398	80856045	fwd	OV3_Cisp0
chr14	82576875	82580434	f5cc989c-e46b-4d2c-80da-041d3877f1ae	82563292	82591807	fwd	OV3_Cisp0
chr14	82577670	82584591	ba019fd8-9fa2-44ed-8afd-24dbd597ec0e	82573608	82585343	fwd	OV3_Cisp0
chr14	84552989	84557867	e9047ed7-0adb-463d-8f9e-270f9ca0d642	84550938	84564276	rev	OV3_Cisp0
chr14	85877311	85878978	5248f2d0-a5a7-46f3-a5bc-6926221433a1	85861823	85880325	rev	OV3_Cisp0
chr14	86825245	86848707	5b94aaad-88fa-4f46-99a8-0e40ade10efd	86806187	86853043	rev	OV3_Cisp0
chr14	87566729	87572792	9b745a0f-8d6e-42d0-8758-305d61b2a361	87565298	87581168	rev	OV3_Cisp0
chr14	88275731	88293540	8e1731ed-1351-4185-aba6-1121643e1d0e	88265761	88296333	fwd	OV3_Cisp0
chr14	90231376	90234123	9207fec9-dfe9-4907-8ee7-e60b7937665f	90225623	90259680	fwd	OV3_Cisp0
chr14	90239136	90250416	9207fec9-dfe9-4907-8ee7-e60b7937665f	90225623	90259680	fwd	OV3_Cisp0
chr14	90770833	90780787	f50d6232-43d1-4f30-8926-1ef84be0545d	90769032	90797469	rev	OV3_Cisp0
chr14	91309251	91317156	7c5851e0-b7f9-4f59-b931-2ef5823f0db9	91283043	91330469	fwd	OV3_Cisp0
chr14	95473712	95484596	6f4788e9-7520-46c9-b7fb-d7a11aaf7578	95465764	95484611	fwd	OV3_Cisp0
chr14	97351150	97363554	7c92ddba-4c0f-4e52-b369-06b06462e9ac	97348387	97365407	rev	OV3_Cisp0
chr14	97657461	97658470	aff3e270-9875-48d6-bcbf-1f9b1ddc9923	97657446	97669025	fwd	OV3_Cisp0
chr14	101053506	101057856	147f1941-2aa1-48ce-a83a-1de7f0e1f65a	101048420	101057860	rev	OV3_Cisp0
chr14	102429107	102431737	3296986b-78af-4c56-96fe-7219bce5459a	102429100	102461823	rev	OV3_Cisp0
chr14	104745616	104752903	cee12dde-0482-4af3-bc28-05016b2a7310	104745601	104771531	rev	OV3_Cisp0
chr14	104955379	104960681	50b05f85-f04a-4665-8f62-3428a75ebe1e	104946562	105007538	rev	OV3_Cisp0
chr15	20219157	20221972	e8082b47-5206-4240-b947-e4a0807a3ee2	20214374	20221977	fwd	OV3_Cisp0
chr15	20743669	20748724	64acf2b6-4159-49b5-ae61-5105329b3a38	20736595	20750785	rev	OV3_Cisp0
chr15	24262771	24265830	a14d7420-2ee8-4275-999c-04aa2393bc01	24261953	24275661	rev	OV3_Cisp0
chr15	26875557	26880412	bb43428c-ce27-4cc7-8219-46fcd0358b04	26875552	26898797	rev	OV3_Cisp0
chr15	34894181	34898122	d65867bc-98b6-43c4-a6a9-ad97c2d05d42	34889975	34898135	fwd	OV3_Cisp0
chr15	36896836	36904589	343816ea-1a2b-4e73-9888-ff3f6597899e	36890517	36907269	rev	OV3_Cisp0
chr15	37728701	37735688	0a2d4541-0469-424a-9979-47b79204efbf	37719526	37747208	fwd	OV3_Cisp0
chr15	38482264	38484427	9b10d931-5145-4459-8f33-2f7e206ad6c4	38482259	38502700	fwd	OV3_Cisp0
chr15	39775843	39784355	3ac904f8-b2d5-42e9-b543-a4d5fd075dac	39771238	39790528	fwd	OV3_Cisp0
chr15	39944926	39947547	bf3f1d54-cd55-4cc9-83dd-d57a813ad5fc	39932037	39961887	rev	OV3_Cisp0
chr15	40483750	40493838	7f6bc54d-af0a-4781-a223-3e12b4e23d6c	40481308	40496305	fwd	OV3_Cisp0
chr15	44042307	44044309	a2be335d-0ca6-4217-bb07-a1e7e20834fe	44042294	44049079	fwd	OV3_Cisp0
chr15	46853035	46862713	e70bacbf-09b4-48f8-a3ad-6af5814ec3f8	46840176	46862724	fwd	OV3_Cisp0
chr15	47606283	47614150	ddbb2cb8-160c-499f-b6f2-90ec723323a7	47606274	47625820	rev	OV3_Cisp0
chr15	50872518	50874947	7d4f9df9-8659-4fe1-9059-184269d17c69	50855206	50889661	fwd	OV3_Cisp0
chr15	52161690	52167556	3f542a0c-714c-4316-bd0d-a435abcbefe5	52146278	52167778	rev	OV3_Cisp0
chr15	53096994	53114282	55fc813b-354d-42c5-9a76-5fec80ce50fb	53083035	53133515	fwd	OV3_Cisp0
chr15	53228461	53232825	8c4c257b-b0e3-44b3-9d8c-883c8bff1df9	53220397	53232830	fwd	OV3_Cisp0
chr15	53587130	53593732	c047e9a3-9ddb-4e2e-92bf-260f3eaff8aa	53570531	53593741	rev	OV3_Cisp0
chr15	56139644	56143807	f7cc9c21-36e8-4edd-b07f-4be3711e9796	56139640	56146459	fwd	OV3_Cisp0
chr15	59028624	59038411	218bd24a-5b30-460f-a568-8e230e012059	59015678	59049730	rev	OV3_Cisp0
chr15	59259618	59262343	d5f2060f-82e6-4510-a0ab-5e648d727be6	59259612	59272436	fwd	OV3_Cisp0
chr15	59735537	59741726	2235b36c-e98c-4bd7-8d87-7cb3e8cdeff8	59731689	59741733	rev	OV3_Cisp0
chr15	60481241	60484757	3eee5f76-9671-4da8-91da-778c7494b5d1	60476155	60491383	fwd	OV3_Cisp0
chr15	63272433	63274442	686ed4e1-3f59-4fc0-899e-5d8fe604165f	63270588	63284049	rev	OV3_Cisp0
chr15	64719368	64726169	33bc6246-34a4-4ce0-9e43-5d723d4edf4d	64698907	64726341	fwd	OV3_Cisp0
chr15	65383488	65389700	7bf2fb23-b831-4791-8c52-147f2cd172a1	65383479	65398526	fwd	OV3_Cisp0
chr15	65596134	65605412	0393ebee-100f-4c14-99d2-26f1ee0099e9	65591297	65613077	fwd	OV3_Cisp0
chr15	68653684	68655158	69c01563-c359-418a-8f85-608b2e935f8d	68653674	68665455	rev	OV3_Cisp0
chr15	68680272	68684814	d2a68b09-4f95-49e4-8eb9-ce673c461624	68680267	68711543	rev	OV3_Cisp0
chr15	68891667	68892993	6a68d3f3-a740-4e56-b806-c6ef0362a51f	68889418	68923709	rev	OV3_Cisp0
chr15	69402587	69403687	c1859fed-e6ce-4ce8-a307-e14c25aae563	69384211	69403696	fwd	OV3_Cisp0
chr15	69480160	69485615	92c501e8-756f-48bd-ae5e-2f96920aaffc	69479057	69507131	rev	OV3_Cisp0
chr15	70037128	70038908	44a34afd-5d5e-4ba9-a8ee-fe662cd46285	70033103	70038915	rev	OV3_Cisp0
chr15	73643655	73645845	75586ed6-9427-46d8-aa3a-6d492549d479	73622293	73646994	rev	OV3_Cisp0
chr15	74314969	74321633	90467020-b626-4bc8-9fbf-4ad4fe92bacd	74314511	74332475	fwd	OV3_Cisp0
chr15	76118966	76129370	a5e3f6f8-a1f5-49b8-9636-92c8d9bc12a3	76117780	76141587	rev	OV3_Cisp0
chr15	77404395	77418635	a0d2d56d-c37c-4ef1-ac40-6a6f0dbd2331	77393744	77432301	fwd	OV3_Cisp0
chr15	78575551	78589219	871e4c72-00dc-4a78-b804-32c6348dfcd6	78549709	78592833	rev	OV3_Cisp0
chr15	79775459	79780273	9cfd6de8-2bc2-4f8e-a531-aa5b20530a7f	79775453	79786702	rev	OV3_Cisp0
chr15	83328603	83330243	79f12b25-5baa-4d7f-9e60-0e22d3c92f69	83300611	83340396	fwd	OV3_Cisp0
chr15	83975424	83997906	d2528918-cde7-4dfd-9547-68517bef467d	83947665	84008791	rev	OV3_Cisp0
chr15	84599727	84601974	fc52a999-7627-4668-8b83-1d6acef0b05e	84595528	84606487	rev	OV3_Cisp0
chr15	93091548	93101272	c32fdecc-5f0c-4d0b-929c-dc1d20578ff7	93086468	93102649	rev	OV3_Cisp0
chr15	95188453	95196004	eb15b511-6f75-47d8-a85e-16dafa2b54f5	95188368	95222596	fwd	OV3_Cisp0
chr15	95749912	95754428	6f6c13ff-cbce-4961-a261-88e214e5318a	95737486	95754433	fwd	OV3_Cisp0
chr15	95912007	95915478	46769651-6252-408d-ba5e-bce241d7bff2	95911297	95918866	rev	OV3_Cisp0
chr15	96627272	96630300	f6e1f632-8839-469d-94c8-378ba6be8b73	96602813	96636605	rev	OV3_Cisp0
chr15	101841279	101842738	6b995a3d-79b0-4c29-a1c2-8493fc26090a	101841275	101854243	fwd	OV3_Cisp0
chr16	2578311	2583320	d521e6b4-6197-49e0-91cf-cd2aacebeee3	2535050	2587941	rev	OV3_Cisp0
chr16	5119212	5126751	e1988e77-bb55-4b8a-b5aa-1aeca8849704	5114122	5126762	rev	OV3_Cisp0
chr16	6195580	6197828	f21599d7-b990-4f5f-8477-07e8e43d4fc6	6195573	6223731	fwd	OV3_Cisp0
chr16	8845428	8848012	87718d73-a8f7-4780-98d7-03422fbbf502	8845422	8857856	fwd	OV3_Cisp0
chr16	9712566	9717402	8c6a0487-54a5-4d9e-a0b2-3d2469c19007	9708090	9717748	fwd	OV3_Cisp0
chr16	10575734	10577267	db6b5e03-7ade-46b2-9c13-9d2002c67320	10574214	10587276	fwd	OV3_Cisp0
chr16	11766160	11768197	ba96f4e9-1c05-4c44-9d80-28cd2655229b	11762028	11780028	fwd	OV3_Cisp0
chr16	19677619	19682598	48369233-38da-46d4-9634-3687594ba2a5	19668574	19694309	rev	OV3_Cisp0
chr16	21028492	21032717	a1d7df9f-7e86-441c-aa52-1ba74b1bb432	21027531	21044445	fwd	OV3_Cisp0
chr16	21545915	21548637	73b12d0a-f4f6-4cdb-a68e-0a1ca22f4caf	21537181	21548645	fwd	OV3_Cisp0
chr16	30981530	30987487	72d6ef41-1afc-4e54-87a8-f4f56faaeef9	30978002	31001261	rev	OV3_Cisp0
chr16	31384788	31391595	49b460ff-9932-48ee-8f61-5d7880335d4a	31368517	31412010	fwd	OV3_Cisp0
chr16	31507253	31512838	87a88ad3-4413-47b3-991f-955dd09ecfcb	31500974	31513438	fwd	OV3_Cisp0
chr16	34069485	34071087	7ccc1987-e813-4b3a-b6fa-31b9ec4c741a	34066549	34073961	rev	OV3_Cisp0
chr16	46394096	46395640	dfe24ced-ccd0-4bd5-877c-a2c5f6fc6fdf	46382552	46402315	rev	OV3_Cisp0
chr16	46385209	46390190	86881a21-9895-4151-8f5c-5c74601d319e	46382552	46405554	rev	OV3_Cisp0
chr16	46394611	46398224	182b7ded-a362-41db-8656-4e2238cb17bf	46382568	46402658	rev	OV3_Cisp0
chr16	46391308	46394210	68ab7d78-3bc6-42f2-bd33-dcbaa7a15236	46382611	46407742	rev	OV3_Cisp0
chr16	46387158	46392134	86881a21-9895-4151-8f5c-5c74601d319e	46384016	46412069	rev	OV3_Cisp0
chr16	46395029	46398230	a443b7da-8669-43d3-9e82-22feb281696c	46385999	46403314	fwd	OV3_Cisp0
chr16	46391988	46393807	2942b75f-39a9-4a61-936e-847ec02d5a71	46386712	46405544	rev	OV3_Cisp0
chr16	46394214	46397299	f0527c92-3f18-4465-9d90-8058f8607d6d	46387023	46403937	fwd	OV3_Cisp0
chr16	46394219	46398222	f6f32522-122b-40f5-baaa-cc220f15a15a	46388053	46407742	rev	OV3_Cisp0
chr16	46389646	46398954	40194005-bba6-4239-93e1-f183d4fcf5c3	46388839	46403127	fwd	OV3_Cisp0
chr16	46391027	46397309	6b8dbc7f-a574-4ea9-85eb-c10e34e2de5f	46388943	46403202	fwd	OV3_Cisp0
chr16	46390212	46392729	ebc573b0-dc8e-4008-b380-58d57ecfa453	46390204	46400861	rev	OV3_Cisp0
chr16	49287686	49297011	e872246e-13b6-4655-8067-2998300ba6af	49267696	49297016	fwd	OV3_Cisp0
chr16	49606308	49607727	635b345b-777e-43b9-8813-d18dffd8af37	49606302	49615307	rev	OV3_Cisp0
chr16	50424748	50428873	9792b703-e36c-4cfb-b50c-e53249a61cd8	50414493	50428880	fwd	OV3_Cisp0
chr16	50811366	50819854	a4606906-291d-4980-9884-270317115981	50809008	50820012	rev	OV3_Cisp0
chr16	52706589	52715655	8d9e464d-5b43-42ff-b3d9-9fc2fb6a603e	52706582	52728018	fwd	OV3_Cisp0
chr16	53819841	53828239	a316a39e-f6b4-4ad2-bc18-f1bba6c9936a	53819832	53842900	rev	OV3_Cisp0
chr16	55569917	55574824	843a31aa-3b81-4f2e-913d-4608c7962385	55564529	55574832	rev	OV3_Cisp0
chr16	59302987	59310942	0f645e5e-881b-428a-8824-4df6657f4cfa	59298557	59323441	rev	OV3_Cisp0
chr16	60165885	60166997	c477c6df-54ba-4996-bb32-4c01217afb45	60160815	60167044	rev	OV3_Cisp0
chr16	64905239	64906311	84ccb5db-6bd5-425b-97a6-dec33effc6b8	64895913	64906318	rev	OV3_Cisp0
chr16	67405182	67411608	799b9807-073f-4c98-bef2-86bb5da42b25	67404889	67421319	fwd	OV3_Cisp0
chr16	70372452	70373824	b555a797-c93e-469d-855a-7b5832c7e68d	70351742	70392659	rev	OV3_Cisp0
chr16	70683751	70687124	5ab22a7f-6b52-47cc-876e-fbd9e1c31e6b	70680227	70702674	fwd	OV3_Cisp0
chr16	72395473	72400015	99405a2e-a3b6-4151-98b0-00e3d086ca33	72370619	72405555	rev	OV3_Cisp0
chr16	76691008	76696501	7969fd8b-3c0f-4095-8b80-ba90e1cba15d	76675752	76696507	rev	OV3_Cisp0
chr16	77193013	77195803	062a16b4-7772-4185-866d-0dc5eefcbc09	77188794	77205448	fwd	OV3_Cisp0
chr16	77566475	77581022	27f0b307-6eaf-4e91-b24c-e61df0f55168	77562069	77582174	rev	OV3_Cisp0
chr16	80878116	80880808	c168c8ff-07c5-409c-91d1-ee01d2ac0a6f	80863592	80899858	rev	OV3_Cisp0
chr16	82146771	82151043	472bff60-0ffd-4e41-9128-74ba10acbc4e	82114381	82151047	rev	OV3_Cisp0
chr16	84018332	84020440	2399ac09-862d-4fdd-a0f4-5ee2877abb42	84018327	84037201	rev	OV3_Cisp0
chr16	86133040	86134253	32a6477e-706d-489f-8bf2-24a5d6409c63	86116078	86144775	fwd	OV3_Cisp0
chr16	89893834	89899440	a34c5dca-69c0-421a-ac29-525ea98883d6	89886027	89908203	fwd	OV3_Cisp0
chr17	7146440	7156121	c4d22021-61e7-445a-a3d3-c8e74acc2b7d	7141538	7174219	rev	OV3_Cisp0
chr17	8705136	8708700	bab7c07b-f730-4178-a10a-69d954f5ef7b	8678236	8708707	rev	OV3_Cisp0
chr17	9017180	9019862	1c518e17-017e-4eaa-829f-919725b2ac96	9006311	9019869	fwd	OV3_Cisp0
chr17	9250365	9263146	17b4e9e2-1fb4-47af-88cd-4caa878e3c27	9247402	9295083	fwd	OV3_Cisp0
chr17	9964818	9973090	bee8ff0a-d075-495e-8781-4351e69cd0f4	9959967	9973096	rev	OV3_Cisp0
chr17	10555402	10568912	6fea7f85-7ff3-477c-bf16-cbd60c644682	10550958	10569052	fwd	OV3_Cisp0
chr17	11519045	11544622	a80297de-a00a-4320-a559-bdd4ff00a8d9	11509751	11547514	rev	OV3_Cisp0
chr17	12990796	13005293	a0e6ba23-ee7c-46de-b442-5b1a22f7afc7	12984782	13008600	rev	OV3_Cisp0
chr17	14581469	14589679	bc424543-9c09-43f1-a071-3047bfa98c8a	14573904	14589683	rev	OV3_Cisp0
chr17	15607542	15609309	52672af6-1447-4b5d-84f7-af01b8d820c0	15607538	15627332	fwd	OV3_Cisp0
chr17	16046697	16049857	5a42890a-3264-4002-b196-22f17b416e2f	16046690	16063747	fwd	OV3_Cisp0
chr17	16738505	16743079	e506ee45-c90c-427b-affe-b461528e31d9	16738496	16753061	rev	OV3_Cisp0
chr17	16742577	16753202	b0468ab3-0edf-41a4-96e2-7d7ffcf169ac	16742571	16775897	rev	OV3_Cisp0
chr17	17083247	17084452	7f802f91-b422-4af4-93bb-f0ac0769a7e4	17065314	17085058	rev	OV3_Cisp0
chr17	17251643	17257109	e3a281dd-bfa6-4486-b85b-8e85154301a1	17251634	17261201	fwd	OV3_Cisp0
chr17	17294331	17298757	865fd66a-641d-432a-96d8-680021198601	17290355	17299018	rev	OV3_Cisp0
chr17	18666364	18672394	fbb43ab0-9589-4858-8edd-ced989347f39	18665926	18682892	rev	OV3_Cisp0
chr17	18678309	18682254	b475038e-ccf6-46ee-a040-d70809debe2e	18678297	18702005	fwd	OV3_Cisp0
chr17	19402100	19410620	919c4886-bdd4-4536-bc88-afbec88f7737	19395770	19412278	rev	OV3_Cisp0
chr17	19582311	19584369	90af8615-7e85-4de2-83b8-626e849d4fba	19574842	19589770	rev	OV3_Cisp0
chr17	20339233	20340435	ebf2ee2e-0854-4054-844f-0aa3a58afd50	20338530	20356898	rev	OV3_Cisp0
chr17	26812615	26813794	873a0288-3e4f-46de-af42-52890ce12b00	26810660	26822826	fwd	OV3_Cisp0
chr17	27156191	27162272	1d9cb9fc-ad30-43cf-9f58-6d6d55d48161	27156186	27165696	fwd	OV3_Cisp0
chr17	27692513	27704031	4aa773ea-45b4-4a8e-8ed9-caf8ed71f1e7	27692508	27709683	fwd	OV3_Cisp0
chr17	28883117	28886497	6cebf239-8e68-42f6-9204-3d81bc6dbcec	28873979	28904494	rev	OV3_Cisp0
chr17	30111596	30124267	7babe737-0b85-4874-a1a0-77110d09b897	30111590	30141420	fwd	OV3_Cisp0
chr17	30274916	30279417	e0702770-cdf4-4b4e-8510-7b76bb381f92	30247093	30285340	fwd	OV3_Cisp0
chr17	34008235	34016598	7eb67405-3ad8-421c-b27e-edc4c6291544	34008229	34025848	rev	OV3_Cisp0
chr17	40332280	40334193	41603cba-4910-4273-81bc-503e3cc51eb6	40332180	40374182	rev	OV3_Cisp0
chr17	43628232	43633678	f97d0c68-3aac-4e02-b8f1-0f096ab38113	43622434	43643714	fwd	OV3_Cisp0
chr17	43886638	43895157	9cae0f6f-c404-4a28-9d3c-52a511826074	43886627	43904266	rev	OV3_Cisp0
chr17	48010701	48012011	1d807964-b0a3-4e68-bbd1-b79adafb729a	47991392	48012018	rev	OV3_Cisp0
chr17	48210160	48215540	96498b91-05e5-4a49-aa50-7002151425cb	48198123	48219895	rev	OV3_Cisp0
chr17	48518908	48525107	dc248204-7f23-4d03-90de-d31fff0d96ce	48514979	48528149	rev	OV3_Cisp0
chr17	48928906	48934541	9af0c543-ea82-4ebb-ada7-8e4ca8d7e53e	48916283	48939358	fwd	OV3_Cisp0
chr17	50136444	50140433	a47df024-9e3c-476a-936c-0188c662c75d	50133750	50145485	fwd	OV3_Cisp0
chr17	51511581	51518585	9fc376d9-0369-49d7-80d2-c955e3ec7f6e	51505969	51520127	fwd	OV3_Cisp0
chr17	52520608	52524759	d1b9891a-1fb7-4a0c-9c2d-15ff55c8e163	52519674	52547922	fwd	OV3_Cisp0
chr17	54311658	54314428	fe49ed89-4049-4647-b84c-42c5698689a6	54311645	54322760	rev	OV3_Cisp0
chr17	55404926	55408900	23159eac-68f1-4a76-a3b9-4e89b663e9a0	55404285	55417606	fwd	OV3_Cisp0
chr17	55715906	55717894	d0b51c66-ad47-471b-9193-76fcd8a63b87	55701597	55729027	rev	OV3_Cisp0
chr17	56005622	56007103	96e05baf-3e10-46c7-a829-2c9d15704f9d	55990049	56008310	fwd	OV3_Cisp0
chr17	57270471	57273633	cc025b07-ccfa-43c4-9a6a-9fe8ef43b5dc	57266132	57273643	fwd	OV3_Cisp0
chr17	57477259	57498091	a5d56fd7-fe37-47cf-9241-e6f284181646	57477244	57504667	fwd	OV3_Cisp0
chr17	59074467	59083075	c0154d42-ef75-456a-99b4-bdc955cacc9f	59074428	59101156	rev	OV3_Cisp0
chr17	60182046	60183115	cbb63800-539f-4b13-9d75-94c66d805685	60182040	60187052	rev	OV3_Cisp0
chr17	61365775	61368811	84a2a0d9-c288-4798-9a9d-3a5ceebc0895	61360789	61411899	fwd	OV3_Cisp0
chr17	62585660	62587138	310cde77-4701-4644-bb36-73382cce6fea	62585651	62601589	fwd	OV3_Cisp0
chr17	64322382	64324869	10b0b2e9-8b01-4eab-b026-e89be7df5246	64309308	64324877	fwd	OV3_Cisp0
chr17	64416110	64420328	db6174c2-35aa-4941-bdcb-59e153814b1d	64411089	64429665	fwd	OV3_Cisp0
chr17	65991925	65998673	0cdf8cff-9745-4b39-94ea-b01aff5a548c	65991921	66003763	fwd	OV3_Cisp0
chr17	66745224	66748349	7290f17e-8c72-47ee-963b-fee49791f11e	66744332	66757004	rev	OV3_Cisp0
chr17	67917664	67927166	fbf48ddd-b48e-49ef-a7b0-b0ae91080d32	67917521	67929126	fwd	OV3_Cisp0
chr17	69149315	69156871	93d32179-4581-4307-8828-3597c7e7f6b5	69119836	69164704	fwd	OV3_Cisp0
chr17	69953931	69958843	0d1d721c-4f0d-4409-8e95-8e46308b7b0b	69937362	69958849	rev	OV3_Cisp0
chr17	70264966	70270011	9fdbe857-4bbf-43cc-ace6-84025f6b0119	70264960	70276350	fwd	OV3_Cisp0
chr17	70529569	70532101	9ff6dac5-ae6f-4ece-837e-f2b32fd84b37	70529563	70539576	rev	OV3_Cisp0
chr17	72144431	72148204	db882100-6972-4ac7-9f84-8cc52aca4a84	72144418	72153893	fwd	OV3_Cisp0
chr17	72942757	72950928	c8f1c022-4f5e-49af-be1f-ea7a7d4d5b83	72940990	72967095	rev	OV3_Cisp0
chr17	74262663	74273797	486f122a-1d64-41cb-b875-4bca96bd8b4a	74261402	74280113	fwd	OV3_Cisp0
chr17	75209853	75214945	cda970c5-b274-4e19-a21d-78111065a795	75195755	75215556	fwd	OV3_Cisp0
chr17	76140969	76147750	3ceb32e2-005e-4d30-bd32-9c564c7b7d88	76139338	76152441	fwd	OV3_Cisp0
chr17	77563222	77566126	11bbc6de-6b28-4da0-a850-5574e4460690	77550307	77572948	fwd	OV3_Cisp0
chr17	79282651	79292752	3b84b6df-9af0-4a4a-af5a-a7682b9b41a1	79264364	79292758	fwd	OV3_Cisp0
chr17	81195806	81205209	20c405d3-194e-4fad-a9ee-6809718ebbbe	81165465	81223793	rev	OV3_Cisp0
chr18	300044	304845	06b0ca85-4ac6-4e06-bf0f-86f8649e2e7d	295076	308225	fwd	OV3_Cisp0
chr18	327493	338178	e3105060-c2fc-4354-be9c-0bbbce25e307	323819	372224	fwd	OV3_Cisp0
chr18	2066761	2073412	8102ee31-92d5-4d6a-924a-a567c6b19cb7	2052595	2073418	fwd	OV3_Cisp0
chr18	3457104	3462664	035583ec-4012-4274-9496-9886b5d30f5c	3449805	3466909	fwd	OV3_Cisp0
chr18	3598250	3604402	73266eb6-1b5f-4d7a-9eb5-c832e24ddf06	3583803	3618949	fwd	OV3_Cisp0
chr18	4040474	4045130	32c6d104-30ad-443e-8295-787f84032b18	4025891	4045136	rev	OV3_Cisp0
chr18	4122906	4124853	eab6bf14-bedb-4e8b-978f-464df1ca9d62	4113011	4124859	rev	OV3_Cisp0
chr18	4216429	4239497	224e763a-5b54-4509-9e74-6763936616c5	4209659	4241378	fwd	OV3_Cisp0
chr18	5140521	5141901	062cb400-a777-437a-964c-536640c5bbe9	5140516	5159283	fwd	OV3_Cisp0
chr18	5585706	5597612	93580cf8-e317-4313-bbef-c11fff5d56d8	5582822	5597620	rev	OV3_Cisp0
chr18	6121296	6128817	ece84d4d-48e1-4c29-b70b-43210d91be82	6121288	6132814	fwd	OV3_Cisp0
chr18	7065500	7074730	4c3f4f3b-2aa1-4f89-a118-a0797322795e	7065493	7077173	rev	OV3_Cisp0
chr18	8926006	8931030	6790463b-9060-4d79-891d-6de27c6dccf5	8925602	8941220	fwd	OV3_Cisp0
chr18	9766490	9778277	c6ffbffd-5a89-4665-8da5-b8a2dc8bf54b	9757664	9781827	fwd	OV3_Cisp0
chr18	9840898	9844564	ae5b4135-4e9f-4f7a-9489-9b2af6471651	9836019	9844791	rev	OV3_Cisp0
chr18	11709201	11719808	25501543-296c-461b-972c-c5b7aa4c67dc	11709197	11725949	fwd	OV3_Cisp0
chr18	11921586	11925010	47c3dd83-02ee-4072-902c-bb4e0e7324b8	11921575	11945534	fwd	OV3_Cisp0
chr18	11929061	11940777	47c3dd83-02ee-4072-902c-bb4e0e7324b8	11921575	11945534	fwd	OV3_Cisp0
chr18	13745171	13749749	e35bea68-a9f7-490c-9f1c-b43f56441ecb	13745164	13755570	fwd	OV3_Cisp0
chr18	15344232	15351291	e15a3a53-fe09-4624-b3f9-5f15bf544df7	15312015	15351296	rev	OV3_Cisp0
chr18	21596289	21599971	3af79032-423e-44f4-9609-253e7b41c88f	21593999	21606804	rev	OV3_Cisp0
chr18	27282792	27285861	b10997b7-680e-42d3-90b6-20e5038c6383	27272313	27292189	rev	OV3_Cisp0
chr18	27569704	27583522	a11d98eb-395c-464a-b918-4ee67e4728fb	27549105	27585407	fwd	OV3_Cisp0
chr18	32694137	32704437	a8e10b00-e5ed-4840-af6b-fb66faf3f5c4	32694130	32723426	fwd	OV3_Cisp0
chr18	32986955	32990550	79cdebdc-1346-45ca-87f4-fcdeaff9f138	32984554	32991950	fwd	OV3_Cisp0
chr18	37309334	37320905	c43921a8-4309-4410-9135-0f2152aa26a1	37309327	37343272	fwd	OV3_Cisp0
chr18	45509872	45516011	445a33f6-a287-4b9b-b31a-4de0373c6241	45509860	45525948	rev	OV3_Cisp0
chr18	54213895	54217780	6f54fb68-9508-4639-bba5-b580c2894c61	54212478	54231322	rev	OV3_Cisp0
chr18	56622775	56625922	d4434e70-280e-427d-add0-2f7310adefaf	56622770	56634376	rev	OV3_Cisp0
chr18	56722301	56749811	ce6ec11f-1ed7-4e36-9946-b71474f12856	56713113	56778125	rev	OV3_Cisp0
chr18	60211405	60218882	5c85361d-0d71-488d-8ed7-06325fec7093	60200655	60218888	rev	OV3_Cisp0
chr18	61883949	61890935	8b6aac55-01d7-4547-8e8a-ab572c0684fe	61877235	61891450	rev	OV3_Cisp0
chr18	62908348	62916142	17df9a4a-4337-45b7-97b1-84f2a18b5497	62907660	62925486	fwd	OV3_Cisp0
chr18	74472534	74476131	1b7fc804-50c0-402b-898c-b59a1d11fdda	74465751	74476137	rev	OV3_Cisp0
chr19	6111706	6115334	d8bebadb-68fc-4c48-8d7a-842d7881866d	6111695	6124198	rev	OV3_Cisp0
chr19	8561781	8565890	1c957b0e-90bc-48a5-a8b1-80e725bf0d75	8561245	8593498	rev	OV3_Cisp0
chr19	9288621	9290460	d7a06209-58f6-459e-876b-b0b40407dfad	9278592	9290466	rev	OV3_Cisp0
chr19	10924231	10934151	36a3eb02-4f06-423e-a37c-0a407bd1c04e	10919263	10959797	rev	OV3_Cisp0
chr19	11216573	11223194	866dd0b8-a017-411b-8196-8fbf15c5cba8	11215213	11247950	rev	OV3_Cisp0
chr19	11443008	11444436	53b936be-e23b-48c0-9dee-9e1773959fc0	11440093	11456393	rev	OV3_Cisp0
chr19	27284046	27287216	654ac276-6338-4d2a-bb1e-4b68cebae155	27284038	27292257	rev	OV3_Cisp0
chr19	29321929	29328370	f38adfcd-662c-47d0-9356-6630099c95e6	29321922	29341080	fwd	OV3_Cisp0
chr19	29580523	29584978	9470c28d-21a2-45b8-baa5-ac7d9d74bef9	29580519	29594638	fwd	OV3_Cisp0
chr19	30007694	30021033	e6f9e76d-c1ab-47d6-9ac5-0403a5394bca	29980438	30032178	rev	OV3_Cisp0
chr19	31096967	31105310	64518b1f-463c-4133-a6c1-67f22964c95a	31094998	31112701	fwd	OV3_Cisp0
chr19	31556661	31558460	853ef5e0-267a-4487-8cec-4ef53fc5e869	31556652	31585828	fwd	OV3_Cisp0
chr19	31569993	31579850	a1aa187d-bf79-4aba-a3ba-02c1633ed6b4	31569988	31587839	rev	OV3_Cisp0
chr19	33857907	33862747	916331e3-2a86-49a2-85a9-dbcbcda8e5bc	33855319	33879689	fwd	OV3_Cisp0
chr19	35701781	35703379	567154a3-a49e-4bd4-8d04-70d6feb2649a	35686559	35703391	fwd	OV3_Cisp0
chr19	37213041	37219579	efe287fe-3f86-4159-b20a-7e0ff0c6e062	37196803	37229085	rev	OV3_Cisp0
chr19	37996191	38000462	3c56dadc-1be4-4dc1-a7d7-a0136f9bafdd	37996178	38018296	fwd	OV3_Cisp0
chr19	38382536	38385645	f2d361a1-a8b8-4541-8f6e-c82975c2fd80	38370484	38401734	rev	OV3_Cisp0
chr19	38398022	38401729	f2d361a1-a8b8-4541-8f6e-c82975c2fd80	38370484	38401734	rev	OV3_Cisp0
chr19	38783990	38789379	e3e1877d-44b8-443c-ac8a-1cca2de56695	38779991	38793390	fwd	OV3_Cisp0
chr19	39438911	39453343	5a8cb2e6-ae30-4c79-b548-edcf51c2b7fb	39435953	39453348	fwd	OV3_Cisp0
chr19	39451132	39471394	76732ba2-35a9-44f1-8d06-69f1798dac8c	39449521	39478853	fwd	OV3_Cisp0
chr19	39618925	39620910	e9f03d22-bf73-4269-ae89-13fd7585f2de	39612262	39620920	fwd	OV3_Cisp0
chr19	39630780	39635356	89041454-d138-4de3-89a5-836f511798be	39622795	39638889	rev	OV3_Cisp0
chr19	39766199	39769937	9046960c-69d9-4a20-8c5c-ce5ec10ec1a9	39750830	39769944	fwd	OV3_Cisp0
chr19	39767444	39779856	ceaca7ea-c4c1-45f3-b1d5-29ace680d358	39767438	39794187	rev	OV3_Cisp0
chr19	39968101	39972721	83923f55-7976-4103-8dd9-25491556104e	39968079	39978182	rev	OV3_Cisp0
chr19	39973755	39987270	68e0311a-2af7-4231-827d-adbe039445bb	39968600	40032348	rev	OV3_Cisp0
chr19	40222102	40224837	2f6a1315-a26c-45f9-8614-e7a9638338a8	40222093	40232210	fwd	OV3_Cisp0
chr19	40430537	40439401	6a281ca7-3229-4d5f-b4d9-3332ca8771bf	40398535	40439413	rev	OV3_Cisp0
chr19	41010824	41013149	ac3e4a49-0155-4534-8863-d54c41eeba68	41010818	41021335	fwd	OV3_Cisp0
chr19	46304557	46311168	a5409a78-697f-442f-833a-29fe9b471f2e	46300977	46313528	rev	OV3_Cisp0
chr19	46893404	46902344	d3046337-99c8-4606-8be8-f8695d8bafeb	46872240	46913010	fwd	OV3_Cisp0
chr19	49129502	49133719	a2f8fd45-25bd-4af4-958a-834f8e48a1a1	49125940	49135063	rev	OV3_Cisp0
chr19	49477534	49493268	8a75f728-7b33-4237-a314-b282e11cbab7	49470552	49493277	fwd	OV3_Cisp0
chr19	50417701	50421402	8af87aff-617f-490b-b4bf-57652567b126	50407581	50421406	rev	OV3_Cisp0
chr19	51710911	51712159	d93c4157-3ef0-4647-a38b-3f74d764c361	51706873	51712165	fwd	OV3_Cisp0
chr19	53312162	53323532	7d13486e-4401-40f9-a1c8-e10d36c661af	53296277	53325462	fwd	OV3_Cisp0
chr19	53556867	53564672	4910947a-8083-4700-b591-ca874ce2a313	53553497	53585826	rev	OV3_Cisp0
chr19	54444805	54453460	77f865e0-ad8b-49f9-ac2f-350ec75b6ca7	54437955	54453543	fwd	OV3_Cisp0
chr19	56088275	56090530	73787eb7-4c5d-4f9a-a986-1e0d2b334745	56078190	56111390	fwd	OV3_Cisp0
chr19	56739188	56740853	760cf544-4eef-4969-921f-ff02c1d3be5e	56728455	56749768	fwd	OV3_Cisp0
chr19	57245658	57250466	516a28a9-421a-4cd1-8933-c63a5fa14fbb	57235588	57250474	rev	OV3_Cisp0
chr2	2138292	2147211	174a3713-8306-494d-908f-faee37c5a50c	2132050	2153801	fwd	OV3_Cisp0
chr2	4823214	4831552	cee3f6b9-237a-436c-93d6-ff1d30bbe3d6	4820016	4835906	rev	OV3_Cisp0
chr2	7267655	7272208	4b26af7e-6e5c-4908-899e-f9fb5a9a46e8	7266584	7281759	rev	OV3_Cisp0
chr2	7532381	7544142	55a1d579-01f3-4f61-a0e1-9badb00fb0b0	7532376	7549871	fwd	OV3_Cisp0
chr2	9689217	9690552	e4f26c57-4f20-424e-9413-e84ab211456a	9689212	9714143	fwd	OV3_Cisp0
chr2	9790908	9795014	bd7d4e9f-928a-44e7-9722-8d5d6942874c	9779018	9795018	rev	OV3_Cisp0
chr2	9916300	9920792	5fb47454-30c5-4b6f-8550-b6bb632b4062	9916296	9929893	fwd	OV3_Cisp0
chr2	10534702	10538231	03b21386-e8ba-46b3-a5ea-9adc61c04e2e	10519614	10540109	fwd	OV3_Cisp0
chr2	11181141	11183227	f06e6b6e-ed8b-4b81-959e-2f1a441641e0	11166541	11183324	fwd	OV3_Cisp0
chr2	11368844	11378843	c3928702-a34b-41fc-b70e-5e8db3c55ef7	11363599	11382091	rev	OV3_Cisp0
chr2	11786238	11787650	b6856e23-75c6-431f-81cd-1702c720df99	11761820	11787655	fwd	OV3_Cisp0
chr2	15450336	15456750	1171c6c3-c3bc-40a4-806e-5b5a33da63cb	15450331	15468753	fwd	OV3_Cisp0
chr2	15722980	15724937	b91a0103-e4e1-4038-8ce2-e459d80fb797	15705821	15724999	fwd	OV3_Cisp0
chr2	16587061	16589839	29355757-04b2-4d13-8596-b14ac6ff7f57	16587055	16596034	rev	OV3_Cisp0
chr2	17135477	17144133	39a2a81d-ab04-40ad-82fe-3bc79b1568b1	17131544	17163017	fwd	OV3_Cisp0
chr2	17384151	17387535	4505d41a-a912-4b53-8ff5-b2ebf7e260f6	17384145	17392340	rev	OV3_Cisp0
chr2	18073410	18079290	021945da-042d-41c2-91f0-bd2fb40522f7	18072615	18089547	fwd	OV3_Cisp0
chr2	18435517	18445297	7ffefa91-e357-4701-ab34-661161351480	18414871	18448371	fwd	OV3_Cisp0
chr2	18699826	18704948	e5cea2c2-b5ee-4249-829f-cd752bb701e4	18699816	18710704	rev	OV3_Cisp0
chr2	20160890	20165524	fb9c7296-6197-411d-a9d0-c6180ec691a9	20159150	20165531	fwd	OV3_Cisp0
chr2	21847118	21852484	f1899214-aa5d-420e-ba52-70974e2b0748	21846594	21858544	rev	OV3_Cisp0
chr2	22545338	22553989	23a4a837-a937-4a7e-a612-7bbc3121086b	22545333	22564834	fwd	OV3_Cisp0
chr2	23115065	23122812	bf72a063-6353-41ab-836c-772f4015885a	23115060	23138309	rev	OV3_Cisp0
chr2	27774516	27778643	8568767f-4edb-44a0-853e-2eb581c78c17	27765855	27782441	fwd	OV3_Cisp0
chr2	28586191	28591461	62f29ba7-ee51-484a-8148-a4eb083d371a	28581705	28596389	fwd	OV3_Cisp0
chr2	30147602	30151078	a9fb32f3-a764-46ef-ba92-7131636c27dc	30139150	30151094	fwd	OV3_Cisp0
chr2	32927771	32930277	dc07de52-9eb5-4fd7-b42f-13776f79b56c	32920370	32931136	fwd	OV3_Cisp0
chr2	32953031	32958598	7e95707f-b998-4974-adda-24a0b53cb4e4	32944578	32958603	rev	OV3_Cisp0
chr2	33390904	33396200	27cadbc1-3e46-40e0-a74d-02ad4211225f	33369305	33426487	fwd	OV3_Cisp0
chr2	34248421	34253676	774a36cd-ccf1-4a44-8a07-af60f7bad5bb	34223163	34254181	fwd	OV3_Cisp0
chr2	34836879	34837983	91a82d94-c330-446b-8211-6158be5f94a1	34835327	34845369	fwd	OV3_Cisp0
chr2	40958681	40967374	9f658bf8-60fd-4100-850b-3f00edeef846	40958674	40980695	rev	OV3_Cisp0
chr2	41652117	41661068	93616aa5-efd5-4a8f-aae6-f02fc98a3b75	41648896	41684946	fwd	OV3_Cisp0
chr2	41858952	41868189	cc4dd61b-c3b7-4b56-ac80-d39c1672f800	41853749	41877095	fwd	OV3_Cisp0
chr2	42446483	42456469	3027eda2-3f15-4db6-b9ba-29d3248d41c8	42443513	42460822	fwd	OV3_Cisp0
chr2	43917583	43920655	f9920709-4f33-46f4-8d34-29f389f8d095	43890761	43924700	fwd	OV3_Cisp0
chr2	44026693	44029707	abccd01f-f586-4b16-88aa-2fab9b87137a	44026687	44034160	rev	OV3_Cisp0
chr2	45030239	45035265	a995b009-4110-4101-a950-5a89b038d5c1	45009290	45051538	fwd	OV3_Cisp0
chr2	54402590	54407039	5dbb848f-67f1-495c-b899-ab6ad5cc64ea	54392430	54410019	rev	OV3_Cisp0
chr2	55367455	55368604	3ab8ae31-0f33-411f-8d3b-56911789d862	55342271	55368614	fwd	OV3_Cisp0
chr2	56674392	56687648	f249eb4c-b66c-4e4b-9d2d-c7761970095a	56670652	56688779	fwd	OV3_Cisp0
chr2	59639244	59643893	0db93396-e9d4-4022-be40-14dd2221dbac	59639235	59648505	rev	OV3_Cisp0
chr2	62446446	62468999	7733de5f-9daa-48de-add6-f760da7db29d	62429087	62469005	rev	OV3_Cisp0
chr2	64206826	64214064	17302f1a-5a61-4773-8e96-b25913d60a84	64205719	64223753	rev	OV3_Cisp0
chr2	65628285	65633264	86ee55d4-a11d-418e-86ec-e32796c2d0ec	65603342	65636640	rev	OV3_Cisp0
chr2	66100310	66101822	6184f19f-2934-419c-a8e2-a57fc7c37470	66090069	66117306	fwd	OV3_Cisp0
chr2	66111911	66113197	6184f19f-2934-419c-a8e2-a57fc7c37470	66090069	66117306	fwd	OV3_Cisp0
chr2	70548976	70567990	ecd7cafe-31f6-490b-8ce4-a6280e797223	70537882	70568001	rev	OV3_Cisp0
chr2	70824824	70841898	50833565-1a43-41e4-b00c-f786f36aa3b0	70824819	70859598	fwd	OV3_Cisp0
chr2	71194261	71206307	946868ef-ccd9-4df7-ae4e-591ed9e4882a	71191141	71206313	rev	OV3_Cisp0
chr2	71646380	71649952	88ab2f53-3080-4872-b188-c0fd7d56492f	71646375	71669834	fwd	OV3_Cisp0
chr2	72263267	72267237	401c79a7-a96e-49fd-8b9a-2e85b5fddbbc	72257145	72280877	fwd	OV3_Cisp0
chr2	74134356	74136608	2f305eb8-f994-4950-a80c-49d543a91e4b	74120966	74136618	fwd	OV3_Cisp0
chr2	79025599	79026842	61a1767f-b665-4df5-885e-29673da6815c	79025586	79036207	rev	OV3_Cisp0
chr2	79120886	79150498	0ef2b698-89aa-4c20-8ab2-07d65ef14dd6	79120879	79154967	rev	OV3_Cisp0
chr2	82798817	82800838	5a0fbed6-0fd3-4e4e-8d36-3cc8c9dd9a0d	82792925	82810335	fwd	OV3_Cisp0
chr2	84450894	84463904	113b2f7a-dcd5-42e5-a7a3-cf4be5c8d0d0	84450667	84471199	rev	OV3_Cisp0
chr2	86423923	86431747	dac3fd60-02fb-4f16-9639-3c5edc498157	86419252	86437314	fwd	OV3_Cisp0
chr2	86791578	86798912	4def04e5-9400-4a17-8a7e-06ed717ea860	86781185	86807095	rev	OV3_Cisp0
chr2	87414664	87418081	d3591f7a-3b54-4123-9881-841af6cceec1	87414287	87431213	fwd	OV3_Cisp0
chr2	87420549	87429372	d3591f7a-3b54-4123-9881-841af6cceec1	87414287	87431213	fwd	OV3_Cisp0
chr2	88215116	88219046	a1f54e0a-3501-4d91-97f8-924c003462b6	88215106	88220499	rev	OV3_Cisp0
chr2	90231637	90233403	a51692ff-47ba-4e77-8eeb-ed607597a78d	90191422	90236323	rev	OV3_Cisp0
chr2	90221678	90225603	03324f6b-6a20-4a75-ae2c-cba83d457404	90220502	90249024	rev	OV3_Cisp0
chr2	91413110	91414244	a99b543c-7e73-4b44-958e-45305e773c02	91404242	91423218	fwd	OV3_Cisp0
chr2	91672250	91676194	354f58c8-cfc3-4fbb-8774-0349f5037178	91672246	91683052	fwd	OV3_Cisp0
chr2	97359585	97364556	e3354fab-4279-43ae-9cc7-dca945137129	97354627	97364561	fwd	OV3_Cisp0
chr2	97627353	97635700	d685d7ea-b28c-46d7-a1c7-7dbfac49b26f	97617208	97654147	rev	OV3_Cisp0
chr2	99380590	99381765	61dfd82f-4d75-4989-9693-c348f3398d52	99380586	99389681	fwd	OV3_Cisp0
chr2	101087846	101092212	317779c2-c425-4731-a8a2-65d712c49b8c	101087840	101099599	rev	OV3_Cisp0
chr2	101786688	101798921	5e031e70-7c80-480e-a356-da18278b3d66	101778428	101806590	fwd	OV3_Cisp0
chr2	104729912	104734517	f36d621f-baf3-4c38-b8a6-e0d5956b0535	104729904	104748641	fwd	OV3_Cisp0
chr2	105279188	105285069	46e5884a-3a32-49e0-a3ea-d39f03da8d9f	105279183	105292085	rev	OV3_Cisp0
chr2	105274302	105283452	ed46c655-3e03-49ab-a92f-c567a966503a	105266550	105304072	rev	OV3_Cisp0
chr2	105952573	105956801	8237ff77-7136-4e52-8fb2-2051580c05d2	105944397	105956806	fwd	OV3_Cisp0
chr2	107505580	107522975	36be8f0d-cba2-483e-bf24-26ffada066ea	107494451	107523208	rev	OV3_Cisp0
chr2	108024764	108029032	f89044da-bb81-441f-aa67-007b153e15ae	108024576	108075395	fwd	OV3_Cisp0
chr2	108431920	108435145	aad96a01-5eb2-40b4-9a37-3ef481cf323b	108413824	108436352	fwd	OV3_Cisp0
chr2	108770915	108782495	3122f257-0f20-4d62-8a6c-4f1a58cd409b	108760611	108789858	rev	OV3_Cisp0
chr2	109000256	109005322	0405ecb4-cd20-4e54-a27e-a8e35716b5e5	108996924	109010074	fwd	OV3_Cisp0
chr2	111487265	111490251	70fe0103-dbc2-432b-9409-5040106eaea5	111486328	111512703	rev	OV3_Cisp0
chr2	112916264	112919474	d19c3373-ab0f-4fe6-a961-9d35968f53ff	112915810	112935920	fwd	OV3_Cisp0
chr2	113332425	113333773	9f40068d-737d-4328-85d3-ce2a4dac94a9	113332411	113337668	fwd	OV3_Cisp0
chr2	117576831	117581670	a6bcf017-41a1-4cc6-b461-f84e2d72a046	117576826	117584253	rev	OV3_Cisp0
chr2	119266540	119269642	038bb6f8-1aad-49e3-ac9b-de48ea553ae5	119266533	119278479	rev	OV3_Cisp0
chr2	119479697	119486604	17d69b55-9d10-4650-afa4-a472d08919ab	119479683	119498298	rev	OV3_Cisp0
chr2	123733647	123746449	ece2fca0-4558-4f2e-9da8-016a38e5d8a0	123720195	123749013	fwd	OV3_Cisp0
chr2	126179336	126190965	0bb41630-c7a6-4f3d-848c-cbc8a483a4a4	126156918	126195994	fwd	OV3_Cisp0
chr2	133726274	133731276	7e8a374d-df0a-4be2-ad3d-db8e15a460c2	133726269	133754674	fwd	OV3_Cisp0
chr2	135918644	135922930	26f17dc6-f051-4115-9668-d6aa54259b30	135909531	135924775	rev	OV3_Cisp0
chr2	137506103	137516546	6ccbaac5-6af2-415c-b1ae-68242e3acb9a	137504881	137521148	rev	OV3_Cisp0
chr2	137774519	137788903	84d89554-5826-4f3d-b976-5fb080e84a72	137774515	137804485	fwd	OV3_Cisp0
chr2	138278791	138286431	d7c9ba82-c483-41d2-96b2-7e343de81e4b	138276478	138291035	fwd	OV3_Cisp0
chr2	138902399	138905612	2931700d-495f-4950-bacb-4d31d70fba79	138893533	138905617	fwd	OV3_Cisp0
chr2	140095355	140096588	c8b05904-d590-4a23-92da-369e41933839	140091580	140105325	rev	OV3_Cisp0
chr2	142673744	142678797	1cd016fb-0d0b-4231-92b4-47454a1fecc0	142673528	142696559	fwd	OV3_Cisp0
chr2	143180058	143183789	42416efc-6d7e-4e82-b791-162113a13176	143180051	143207600	fwd	OV3_Cisp0
chr2	143781085	143786753	d7aa1bce-be34-457d-b881-91d779aa3097	143777340	143797307	rev	OV3_Cisp0
chr2	143827952	143839637	f3a61ce3-18dc-428e-bde3-530a64f57554	143812412	143840497	rev	OV3_Cisp0
chr2	143863512	143871566	ea73f6a7-29b7-4b54-99e7-937bfcde97cc	143859258	143880313	fwd	OV3_Cisp0
chr2	145023638	145029505	e375933f-bc1f-4f9c-8fb0-474d77d40d05	145020137	145080607	fwd	OV3_Cisp0
chr2	145170262	145177427	4dfe8df7-2dfe-4975-a721-62a8551b2190	145152242	145177431	rev	OV3_Cisp0
chr2	155188579	155196547	4dd5d163-e5ab-4a1e-b03c-f511dbf49c82	155188572	155213494	rev	OV3_Cisp0
chr2	157388450	157391580	a26540ff-cf6c-4f30-974c-e0933a4844f0	157385432	157396165	fwd	OV3_Cisp0
chr2	160234685	160237195	477cb686-7fa1-4ee1-8e5d-d44602557c02	160218022	160237844	rev	OV3_Cisp0
chr2	163538094	163542526	034b046c-9e5a-4620-858c-fab487e9122a	163530789	163542544	fwd	OV3_Cisp0
chr2	163729518	163731205	6366b435-1a96-43b0-994e-a32803743cb3	163729502	163743937	rev	OV3_Cisp0
chr2	167539413	167540945	359849aa-83f5-4e8a-b08a-3210f259c4bd	167528076	167540949	rev	OV3_Cisp0
chr2	171552529	171554263	6ee9d17a-0210-4ba7-ae49-28cee3974b56	171552515	171563420	rev	OV3_Cisp0
chr2	178192680	178196293	3df9eee9-609b-478f-9794-f259f5a9033c	178192669	178209399	rev	OV3_Cisp0
chr2	178274059	178278571	135267cd-5889-456c-96aa-9c22415d2b3a	178259385	178278577	fwd	OV3_Cisp0
chr2	179619541	179623613	6e17838d-900b-4e0d-a709-d33015bc2a05	179613898	179627463	rev	OV3_Cisp0
chr2	183163586	183172900	66ad8774-3037-468b-8fa1-8a6993992525	183153498	183172907	fwd	OV3_Cisp0
chr2	184719656	184729528	fb4990f8-0611-4a4f-b1ac-10aab73e9fb5	184676195	184729534	fwd	OV3_Cisp0
chr2	187471070	187485494	a203b9e5-2b68-47a2-96c3-ec98cb40e472	187462656	187500444	fwd	OV3_Cisp0
chr2	189663206	189665089	14f2f412-d8d0-4ec2-a47c-4f54ad97267d	189649578	189688529	fwd	OV3_Cisp0
chr2	192276491	192284009	daddded5-0ac2-4dc2-86ae-07f3b32c4352	192260660	192287124	fwd	OV3_Cisp0
chr2	193916498	193918148	069aa805-112e-4236-a987-9a5cf7db0ead	193916492	193935929	fwd	OV3_Cisp0
chr2	194091846	194092866	97ddb2fc-8d8f-45ca-a290-fccd9c8df86b	194090425	194097906	rev	OV3_Cisp0
chr2	195107605	195110611	f3d6ebca-a2ae-4c2c-824f-02bfbeccd1a1	195103304	195110621	rev	OV3_Cisp0
chr2	195204124	195225965	b67553b8-3a09-4f7c-a9da-794f7975245a	195185154	195249584	fwd	OV3_Cisp0
chr2	197974781	197983060	34535f7c-9a9e-496b-a839-35396f255bd7	197965741	197984923	fwd	OV3_Cisp0
chr2	197973105	197992496	7053314f-2cb2-4c82-9fc9-35f2d2715307	197955308	198006652	fwd	OV3_Cisp0
chr2	198617713	198622560	9e7b4b8b-a51c-46de-8358-5a8e35abfe5b	198602199	198625294	rev	OV3_Cisp0
chr2	201618398	201622600	cdebfe2a-c5b5-4ebe-8c1d-629e893095ed	201618394	201627222	fwd	OV3_Cisp0
chr2	202363384	202373538	d392d4bc-d6ec-4681-882a-a3dd3861299b	202358203	202373544	fwd	OV3_Cisp0
chr2	204318882	204319957	e26cfc0a-893d-4db6-87e1-021416c0eb3b	204318877	204336347	fwd	OV3_Cisp0
chr2	204477534	204479331	e9f55ee4-bfce-4b92-ad8c-112c13bd134c	204444068	204479337	fwd	OV3_Cisp0
chr2	206556005	206560992	8acc1526-01d9-4b67-b62e-e0ac20438f26	206556000	206572362	rev	OV3_Cisp0
chr2	208618395	208623151	ad3c4e3b-0f0a-4171-84c7-e8dfa45fc7e4	208591711	208623998	rev	OV3_Cisp0
chr2	209031586	209043327	7d5f5593-ec92-46fc-bb23-4e6eb4e00f52	209026621	209050709	rev	OV3_Cisp0
chr2	209585245	209586856	82fd511c-e5e7-477c-8237-f29af88c84ca	209585239	209597377	fwd	OV3_Cisp0
chr2	212723357	212731542	906403fe-0323-4302-aeb0-8f01b70ea593	212719504	212733952	rev	OV3_Cisp0
chr2	213178859	213187582	c52fc193-086d-4f32-aa96-8a69a8db4061	213177340	213193412	fwd	OV3_Cisp0
chr2	215442995	215447632	7346127a-b69b-4ff4-bb9c-8f85d49dbccc	215442855	215458404	rev	OV3_Cisp0
chr2	216135389	216138830	4c4b8ae9-7a28-44c2-86dd-7938b91aed26	216135384	216147214	fwd	OV3_Cisp0
chr2	217938296	217945173	54888c09-7bf7-4804-b28b-6e39b29c0027	217938285	217960434	fwd	OV3_Cisp0
chr2	219055522	219058186	c6337e8f-62a3-4d18-abf8-4fee66a94c14	219051530	219066583	rev	OV3_Cisp0
chr2	219221270	219229271	6ccc32d7-90af-476b-b4c8-bb935c507d7c	219220362	219233900	fwd	OV3_Cisp0
chr2	219918320	219925184	aade2586-cccb-4d50-bb36-bc6b9eb9f3ec	219911855	219925195	rev	OV3_Cisp0
chr2	220089970	220096294	d35aa757-91c7-4767-b3ba-79239d476f38	220080022	220097120	rev	OV3_Cisp0
chr2	220899288	220903790	8aa9ed55-e71d-4a63-af36-acc575f6dbda	220898497	220914478	rev	OV3_Cisp0
chr2	221084058	221089175	0d24775b-8564-4258-8ee8-253d7cac829c	221074298	221100489	fwd	OV3_Cisp0
chr2	221117390	221119533	d2129cb9-c16c-4be5-b4a2-401901ff4704	221115699	221130809	fwd	OV3_Cisp0
chr2	222466640	222474021	a64a46a9-158d-4227-bb50-0f9fd9bff5f9	222464712	222480288	rev	OV3_Cisp0
chr2	224483984	224485009	18b8bf98-5642-417b-8a6e-1dbb1aeadf7d	224478834	224486527	fwd	OV3_Cisp0
chr2	224648242	224655422	abf241b7-efe9-4058-acdc-fa026ff1e1ff	224644444	224660270	fwd	OV3_Cisp0
chr2	227577228	227581017	d5918cd3-685f-4b08-924a-ae1324a95107	227577218	227597583	fwd	OV3_Cisp0
chr2	229537288	229539975	f3abd214-ddc4-46be-894c-a0fff1d9dfba	229537279	229542703	fwd	OV3_Cisp0
chr2	231436165	231445265	08401140-3cc5-44da-8562-40406a2bf9c7	231436159	231452899	rev	OV3_Cisp0
chr2	232752248	232756700	e965eddc-0d27-4162-a74f-f59d854bd272	232752238	232759658	rev	OV3_Cisp0
chr2	233915747	233919587	7c6efe56-0af6-4835-a00e-e5848b8a7ef1	233908871	233919594	fwd	OV3_Cisp0
chr2	235748513	235762216	14f197e1-9a49-4e0a-87f4-2cfaf327408b	235747764	235763782	rev	OV3_Cisp0
chr2	241529663	241532035	6cf9ead2-7fd6-4938-afe0-63dc5c417c48	241517638	241537691	fwd	OV3_Cisp0
chr20	373683	377654	50010193-2a5c-4800-b0bb-76f1352e68cb	367913	389051	rev	OV3_Cisp0
chr20	772864	781590	35fffe39-8758-4631-bb6f-f6f3206fb5d6	772700	787521	fwd	OV3_Cisp0
chr20	2672831	2676301	14700ac9-16ae-4696-9789-cfac3624856c	2672823	2691624	fwd	OV3_Cisp0
chr20	3019314	3021453	4fe063d0-e05f-450a-9a6a-23d590109018	3018236	3030167	rev	OV3_Cisp0
chr20	9244951	9259779	5542c6e9-baed-4d69-ae68-55a5cc4d8182	9235876	9259786	fwd	OV3_Cisp0
chr20	11147140	11151834	80439a97-67c6-42a3-8d7b-e073b62f0297	11120150	11174572	rev	OV3_Cisp0
chr20	11929565	11941511	b327ff09-7a7e-4266-9a6c-f4be082cd40e	11924761	11942242	rev	OV3_Cisp0
chr20	13223361	13227904	af45c44f-4bb0-458f-8b26-3acc8bb03f69	13221521	13249042	rev	OV3_Cisp0
chr20	14676595	14679210	4674cef8-f879-40c4-a0dd-3ccfdaa4362d	14673186	14679218	fwd	OV3_Cisp0
chr20	16248714	16257666	25d979dc-7a41-46af-aafd-a2990bffe71a	16236855	16271173	fwd	OV3_Cisp0
chr20	16783088	16790904	168150ce-010e-4f1a-b163-9412db14b3aa	16778498	16790910	rev	OV3_Cisp0
chr20	19837859	19846096	e4532821-63c7-42bd-991a-9f789d90ed8d	19830578	19847042	fwd	OV3_Cisp0
chr20	21646657	21648316	01266436-76dc-48cf-8bc3-a54921716ea6	21635898	21651301	fwd	OV3_Cisp0
chr20	31067034	31068188	467c4806-2517-4b93-8fc0-4bd34d926783	31051508	31073213	fwd	OV3_Cisp0
chr20	31062842	31064082	40f865bb-f2ad-4d7b-bf02-c03cb4ec8462	31051861	31074112	fwd	OV3_Cisp0
chr20	31067044	31068113	5adcb4c4-4b5d-4d70-b4d6-819cd98a20c6	31054362	31069942	fwd	OV3_Cisp0
chr20	31068008	31069347	0cd613a5-a6ba-4320-862d-e6c90a5d4edf	31054708	31076999	fwd	OV3_Cisp0
chr20	31066455	31067863	be036024-3117-42ca-8d7f-908e44192241	31057909	31069578	fwd	OV3_Cisp0
chr20	31063372	31065666	7fd3bd4d-6fc6-402b-a010-a5204c3582cd	31058731	31067171	rev	OV3_Cisp0
chr20	31073089	31074384	f6351dd0-5f3c-4c6e-b1b8-3c3e9bf10692	31062919	31082166	fwd	OV3_Cisp0
chr20	31065172	31066335	f63b581a-8003-46b0-b313-fb036633afae	31064575	31083613	fwd	OV3_Cisp0
chr20	31072357	31073992	1bdabbb3-1c0f-42e6-b9e9-c31f1f0093c8	31066012	31079843	fwd	OV3_Cisp0
chr20	37970441	37977899	f023abc5-d674-44dd-aa1e-6809577ac1c5	37961529	37999045	rev	OV3_Cisp0
chr20	40100411	40101629	e98dc7a4-0340-4f30-847a-7bf34b3c76a9	40100378	40115498	rev	OV3_Cisp0
chr20	41152666	41157563	961ebd1b-d92f-44db-bb2a-3264a0ea6754	41152657	41164162	fwd	OV3_Cisp0
chr20	42426488	42434449	8f15d5be-a751-4622-a42c-fe3488d663ff	42425562	42440516	rev	OV3_Cisp0
chr20	42650602	42656041	2df8ca5c-0ef9-40ef-bc4a-ba2bed7aa963	42650596	42659174	fwd	OV3_Cisp0
chr20	43349823	43356781	38e9f2b1-d143-4d5b-8271-f2d56411fb2e	43349818	43385720	fwd	OV3_Cisp0
chr20	44221672	44239121	1c6cdb55-d9b6-4a4f-9db4-70e40a5d9534	44216970	44239127	rev	OV3_Cisp0
chr20	44273493	44278524	52421959-f50e-4b39-8cf2-714103c42535	44255900	44282971	fwd	OV3_Cisp0
chr20	45173602	45181085	b4d82b6c-5ef7-4a34-a912-b8d6b5e6fd19	45171194	45185223	fwd	OV3_Cisp0
chr20	45320694	45331547	8ddb8087-ebbb-4f01-925e-e9948fe2ca77	45313354	45339445	fwd	OV3_Cisp0
chr20	45523882	45526520	6e36a885-c20d-4ac6-8e15-335caf2646ea	45520971	45527221	fwd	OV3_Cisp0
chr20	46961368	46971687	434d3cac-fc9c-4d20-8735-28d2a5c05bfb	46951731	46992360	rev	OV3_Cisp0
chr20	47907744	47909294	e8de8189-3e1e-49d3-93f1-c8f24e6888a4	47907738	47921834	rev	OV3_Cisp0
chr20	48164703	48169387	8665fcc2-54c6-4ebb-b322-7dd53a20be52	48164695	48181351	fwd	OV3_Cisp0
chr20	49037982	49039284	5f23e68d-586c-466d-a841-bcc7e1e3289a	49027610	49066461	fwd	OV3_Cisp0
chr20	51043736	51050437	b78574c1-9ab5-4007-9fc4-01a41488012f	51007213	51050443	fwd	OV3_Cisp0
chr20	51746365	51750325	c9454c4a-44a2-482f-8569-eab36e243ad1	51742248	51750330	fwd	OV3_Cisp0
chr20	52139247	52145788	20060a2a-4a17-40c4-9459-86030f9b3d73	52131521	52145983	fwd	OV3_Cisp0
chr20	52831773	52840612	6ffafaad-315d-4ec2-9858-0e5481913b53	52830944	52849949	fwd	OV3_Cisp0
chr20	53222234	53225878	343ec065-b47b-453b-8408-2924f797f19a	53222229	53241721	fwd	OV3_Cisp0
chr20	54715017	54729651	1a83c17b-1e35-44af-b38e-ab2553c4dd01	54708680	54729668	fwd	OV3_Cisp0
chr20	56678914	56691081	8d7912ab-cabe-49a0-8708-675a8436197c	56671943	56699015	fwd	OV3_Cisp0
chr20	57154536	57166231	0ccd62b0-9d44-4bfd-b708-b25b1301ed06	57153707	57196203	rev	OV3_Cisp0
chr20	57229036	57232480	3986e7fe-3727-42c3-9cc5-83240fa48b1c	57229031	57240036	fwd	OV3_Cisp0
chr20	58322358	58328396	38225a6b-b957-4cfb-9ad9-aae1fe464be4	58303234	58328402	fwd	OV3_Cisp0
chr20	58572796	58581346	0ece3bf6-30b6-406f-b5c5-cc1617478022	58566691	58581351	rev	OV3_Cisp0
chr20	58628696	58633143	ac672e4f-151d-4272-83b1-e40be769e6b3	58624520	58649428	fwd	OV3_Cisp0
chr20	58643337	58646430	a565d214-6dd5-4141-b878-59669b952add	58637592	58659161	rev	OV3_Cisp0
chr20	61617339	61618677	266373d9-76b4-4f66-ad8b-e055593eb345	61617334	61630038	fwd	OV3_Cisp0
chr20	63188249	63191094	17544ad3-8cac-45fc-bf78-7aeb83a2edd7	63179806	63191107	rev	OV3_Cisp0
chr20	63633003	63638163	1c2fc549-ff9c-4603-b8d1-4fd98c545e7b	63607852	63643651	rev	OV3_Cisp0
chr21	7943067	7945067	d2e01e7a-4153-41cb-b696-213b5bd63568	7939810	7955850	fwd	OV3_Cisp0
chr21	7951292	7952561	d2e01e7a-4153-41cb-b696-213b5bd63568	7939810	7955850	fwd	OV3_Cisp0
chr21	7950972	7957623	8aa91d35-d4b5-4a5e-8bbb-cf2528fdcf05	7945826	7959117	rev	OV3_Cisp0
chr21	7965837	7980416	33d8deb8-db31-4643-925b-b07c1d575aa5	7965056	8005279	fwd	OV3_Cisp0
chr21	10564166	10568657	8bbde8db-1fcd-41ca-915d-0f8563fad0c4	10533283	10568664	fwd	OV3_Cisp0
chr21	13013704	13015304	398c3828-ee37-4313-a329-e57228c87212	12992228	13015310	fwd	OV3_Cisp0
chr21	14848256	14851009	bde5ca6f-5618-4d8a-8918-58234d6ee564	14846601	14862107	rev	OV3_Cisp0
chr21	15268474	15273433	e12452e8-342a-4c5f-9907-b5c2cd10607f	15261760	15273442	fwd	OV3_Cisp0
chr21	16968241	16975002	74c04a7e-7273-4691-962d-bdd977659401	16968236	16985193	rev	OV3_Cisp0
chr21	17423972	17424987	57f06a64-588d-4fbd-8fca-cb024d319779	17423967	17437792	rev	OV3_Cisp0
chr21	17444895	17447205	b2c575af-32b9-4aa1-8146-f8568457a627	17431894	17447210	rev	OV3_Cisp0
chr21	17815509	17818349	f9ee64c6-27ea-4557-9b05-a092118b9511	17815500	17847119	fwd	OV3_Cisp0
chr21	18725304	18733284	16e9b025-f7ea-450b-bdfb-2874450b124a	18717464	18736362	rev	OV3_Cisp0
chr21	20016661	20027875	fa15160d-ab9f-4528-ae3d-c81eb18f5741	19966062	20029160	rev	OV3_Cisp0
chr21	22259890	22262372	ec020972-bb1c-4e78-974e-1cf0b574c403	22222937	22262386	fwd	OV3_Cisp0
chr21	22535417	22543332	6b74acad-b367-440a-8efd-604e8264fdd0	22535409	22547075	rev	OV3_Cisp0
chr21	23251428	23258915	afab4d21-ea45-4c81-85c9-2ec2a026bc49	23225278	23262147	fwd	OV3_Cisp0
chr21	23492884	23496250	9ad1752a-835b-44ea-b71c-38c921197ff2	23484233	23496257	fwd	OV3_Cisp0
chr21	25025031	25035578	66b3598a-1902-4bdd-9ec8-284e28ee75de	24986163	25035583	fwd	OV3_Cisp0
chr21	25375075	25376639	aa82b9ed-9c86-4d9a-96bf-af30be5c398a	25365742	25380513	fwd	OV3_Cisp0
chr21	25414366	25424155	0f1d6c24-e686-419d-aead-f1401a5504da	25409946	25424162	rev	OV3_Cisp0
chr21	26300335	26307939	01d825a6-ca3d-4ae1-a423-4296d8358590	26285158	26319536	fwd	OV3_Cisp0
chr21	28820963	28822743	60584e6d-cf7b-4d48-b47a-3db9a9123e84	28805053	28822747	rev	OV3_Cisp0
chr21	29528011	29536276	dc54019b-1fc7-4926-b31d-8dd205203ebb	29524953	29536281	fwd	OV3_Cisp0
chr21	30943698	30948395	ab492c4a-a38c-4560-9d76-8f519df1499b	30926931	30967363	rev	OV3_Cisp0
chr21	32158825	32162946	aca1770b-a01d-4f0e-8d6c-b9f4b7a4c70b	32150745	32162954	rev	OV3_Cisp0
chr21	33258477	33269790	79e79a19-441e-4135-8d97-625c1ff2c71b	33258469	33272329	rev	OV3_Cisp0
chr21	34305197	34311921	8dde7259-f1e6-4f02-a37b-49a9ceb9a037	34305193	34323213	fwd	OV3_Cisp0
chr21	34352677	34365402	71298c67-50d7-4d4d-96cf-16b41ef945d9	34347859	34372737	fwd	OV3_Cisp0
chr21	36503501	36506127	06c89b14-596c-40bb-be3d-a4ddc0adf69a	36503493	36517392	fwd	OV3_Cisp0
chr21	38081374	38083479	2a53218e-958b-4043-bff9-5fd981871e17	38081358	38086866	fwd	OV3_Cisp0
chr21	38144552	38146189	35cff055-d24d-4855-a692-eabe8d693b09	38144544	38154992	fwd	OV3_Cisp0
chr21	38531870	38535324	7a0d7191-8025-4981-8bb4-713ba16d0735	38522415	38535332	fwd	OV3_Cisp0
chr21	41551456	41556000	566bd56b-5c1f-4c65-a757-55e9c9b5ef15	41549147	41558557	fwd	OV3_Cisp0
chr21	41864572	41868272	61bdaf96-9288-4c96-89f4-4b875059f765	41858223	41868278	fwd	OV3_Cisp0
chr21	42317917	42319250	db88f8c4-e57d-491a-831c-943a690d2586	42302250	42321493	rev	OV3_Cisp0
chr21	43611829	43613659	59646ee1-6278-4f1b-a6e1-b1e41b8fcf38	43611817	43625707	fwd	OV3_Cisp0
chr21	43753039	43759976	287a7b8e-513e-4166-a711-5a88697b0774	43745109	43776004	rev	OV3_Cisp0
chr21	44082134	44085239	bb7275a9-0b3f-441c-93b6-5d21bb676759	44079579	44091278	fwd	OV3_Cisp0
chr21	46011162	46014516	f7ce45aa-ca69-4c8e-a07f-8aec39e1d82f	46011157	46033003	fwd	OV3_Cisp0
chr21	46419592	46425107	23b211c7-85ef-454d-90f1-c2cda115e135	46419580	46436741	fwd	OV3_Cisp0
chr22	12545612	12549793	492c2a7a-62cc-4f9c-8ebc-d9c50477a610	12513713	12552153	fwd	OV3_Cisp0
chr22	18048700	18057703	883b32c2-0dca-4f49-96a5-97deff9de938	18038063	18068428	rev	OV3_Cisp0
chr22	18134725	18135837	b16bdce6-42ca-4aec-953e-2c4b69689816	18091039	18135842	rev	OV3_Cisp0
chr22	20462261	20464658	317fa5f6-863e-48aa-b519-f8f89a3cc3bf	20453459	20464662	rev	OV3_Cisp0
chr22	20758776	20762264	0cbb1a55-316f-47eb-add1-1465b542d871	20758764	20772138	rev	OV3_Cisp0
chr22	21285133	21287673	ed42daee-b9ee-4f7d-b6bc-5d3e21b117f5	21285122	21301074	rev	OV3_Cisp0
chr22	24263587	24268058	b23de90f-1ccc-4375-bece-7d125f87c3f8	24250564	24268971	fwd	OV3_Cisp0
chr22	27156231	27159104	04fa4f62-1031-44b5-a7ac-e34c1ba3ec7b	27150406	27159115	rev	OV3_Cisp0
chr22	28893624	28897900	70a8c8ec-d0da-41e7-bd09-967c96d0b210	28864153	28897905	rev	OV3_Cisp0
chr22	29828507	29833198	8c250ea4-cfdc-430d-a617-1fbe7f36904e	29820631	29833203	fwd	OV3_Cisp0
chr22	30290875	30291929	ee855428-04f3-419d-8dbc-5c4f4183e250	30287185	30296328	fwd	OV3_Cisp0
chr22	30809662	30813419	5025db3f-4585-4426-be8e-0cc84f2c99e5	30805724	30832117	fwd	OV3_Cisp0
chr22	34665466	34677214	feb3c945-7e69-42cd-9c7a-ca5da9e97316	34661212	34690600	rev	OV3_Cisp0
chr22	34869067	34873153	b29960cd-2fff-4b53-8fc2-72747b27f933	34868607	34894709	fwd	OV3_Cisp0
chr22	37227660	37235090	510f9fe5-6427-4468-b1bc-dcd75a0c2f32	37222639	37251409	fwd	OV3_Cisp0
chr22	41958815	41964891	72e41d12-462c-4ca0-9feb-1a7931f2c610	41954959	41973375	fwd	OV3_Cisp0
chr22	43824953	43835908	da7b0501-26fe-4a3e-b715-d6d1469f8f22	43819639	43840581	fwd	OV3_Cisp0
chr22	46202625	46211760	f467405e-36de-4ebb-8b4f-4da428feb51c	46181932	46219342	rev	OV3_Cisp0
chr22	49642810	49646117	70d6b50a-675f-4111-9e4b-25247b6308d8	49642800	49657463	rev	OV3_Cisp0
chr22	49691458	49698646	e1d3b3ef-72df-4397-b483-ef9f20d63f9c	49691451	49719790	rev	OV3_Cisp0
chr22	49889833	49894556	2fea21ce-0ebf-4793-a403-101874d48b1d	49880123	49904405	rev	OV3_Cisp0
chr3	5855594	5858105	9bda739b-2c9f-46f3-a7ef-31eb4f51695c	5855589	5922900	rev	OV3_Cisp0
chr3	5919913	5922173	9bda739b-2c9f-46f3-a7ef-31eb4f51695c	5855589	5922900	rev	OV3_Cisp0
chr3	6648745	6655539	8b57eded-9e16-47fb-8e7b-8d9b952dc7fc	6648738	6667167	rev	OV3_Cisp0
chr3	7065431	7080415	1adec403-2f6a-4f0d-8ea8-e70cfa261a36	7062124	7081494	fwd	OV3_Cisp0
chr3	7855563	7859895	eefed0fd-c3f8-447b-811b-31d874c83583	7855559	7869346	fwd	OV3_Cisp0
chr3	8295727	8300167	20b82308-f3c0-41e9-bdbc-128577073c3d	8293881	8313183	fwd	OV3_Cisp0
chr3	8466859	8470422	8104b136-e492-45d2-a190-83f91a836aa4	8466803	8481315	fwd	OV3_Cisp0
chr3	10094925	10097204	4fe5b86b-3f2e-41c8-b721-4bf0f55bf9a2	10094919	10114231	fwd	OV3_Cisp0
chr3	11303674	11308444	652fb623-416c-4f16-9614-6106d495d3ac	11300928	11308452	rev	OV3_Cisp0
chr3	12219870	12221278	4019fde4-5a51-43a7-9739-c68de2b8bec1	12209667	12222157	fwd	OV3_Cisp0
chr3	12586374	12588648	82d26e3d-747b-459f-af69-06c91933a225	12586368	12614416	fwd	OV3_Cisp0
chr3	12927775	12929636	ad975a0e-10d1-4297-b065-a0e9dd4d31b1	12919598	12929647	rev	OV3_Cisp0
chr3	13340942	13355337	1b72238e-351d-49be-9edd-19bd8039c5a8	13337078	13372190	fwd	OV3_Cisp0
chr3	14596538	14598064	919ba217-d27e-4336-a9eb-98cda39ff036	14589229	14598389	fwd	OV3_Cisp0
chr3	15855585	15863275	d0ee1b32-8077-45ee-a74d-cbb2bf662cb0	15855047	15864769	rev	OV3_Cisp0
chr3	17045727	17049311	9edad2ef-0990-4796-b5f4-aa6072487f11	17045721	17058550	fwd	OV3_Cisp0
chr3	19230305	19234959	fd03e3b6-c14c-48f1-a568-c4dd43cb4fa9	19230299	19236897	fwd	OV3_Cisp0
chr3	20913347	20917582	e807c1ab-1e26-45ae-a79c-3e8b0573275e	20913342	20924982	rev	OV3_Cisp0
chr3	22307183	22316231	5182b4eb-6312-4f6e-b9f3-8657ba5a4778	22307179	22325676	fwd	OV3_Cisp0
chr3	22766853	22770816	ca4b41d2-c557-461b-a9cc-549f35bffcfa	22766849	22778214	fwd	OV3_Cisp0
chr3	25530557	25538722	ca0156a9-add7-4b6c-9501-cd6321d3337f	25522411	25544586	fwd	OV3_Cisp0
chr3	27623463	27628443	3178939a-e968-49a6-9b13-4476bdfdba82	27573926	27628848	rev	OV3_Cisp0
chr3	30304279	30306161	fa460688-f634-4b1f-98ce-6e990e923935	30304274	30314367	fwd	OV3_Cisp0
chr3	31184878	31193118	a3656dd2-7b51-41ce-856c-f1c8d23d010d	31177258	31196677	fwd	OV3_Cisp0
chr3	31300125	31302263	7e34fe9f-1a32-4ed5-80b7-e912a867c9ba	31300116	31325013	fwd	OV3_Cisp0
chr3	33605327	33612883	867b7a4e-bae3-439b-9de6-2ac1965ca986	33601222	33625866	fwd	OV3_Cisp0
chr3	37526501	37532699	3a8b071b-e897-40c8-b656-c14e5f6458cf	37523294	37534962	rev	OV3_Cisp0
chr3	38881791	38887421	3edbb6cd-bf44-481d-bbc3-8318c3a83aae	38878989	38893019	rev	OV3_Cisp0
chr3	40204031	40209355	93210403-c436-4383-b80a-355f221aceb0	40201357	40251836	fwd	OV3_Cisp0
chr3	44387838	44398740	f06e8445-25a6-46a8-8435-7103d9503257	44360390	44398749	rev	OV3_Cisp0
chr3	47907555	47912100	20939b98-2687-4fd9-a979-bfa8f62eb37b	47904171	47912106	fwd	OV3_Cisp0
chr3	48875630	48880743	8c98006f-6e91-4f66-944b-b34d5c9e9f9f	48871012	48880753	rev	OV3_Cisp0
chr3	49371657	49376191	8e159ca2-cd4c-4fcb-b579-44c9158e7a34	49368474	49378595	rev	OV3_Cisp0
chr3	50290624	50294957	c39b76a9-c053-40f5-86aa-19ed759025f5	50282454	50294964	rev	OV3_Cisp0
chr3	50798225	50801221	b9c8f2f1-88a0-4b52-838d-fc2d335bba5f	50784699	50801229	fwd	OV3_Cisp0
chr3	52911504	52917177	36ff066b-c066-4d6b-8c7c-9bf14bd88a35	52911494	52924588	rev	OV3_Cisp0
chr3	54240006	54246842	9afa5c6c-6387-4221-a300-0264cb4e7287	54223437	54255321	rev	OV3_Cisp0
chr3	55024031	55041818	e5aae1a1-21f7-400e-b4bc-293d140225f5	55012007	55044279	rev	OV3_Cisp0
chr3	55744315	55754165	388ad0dc-6bde-4ddc-a485-0d3909bea5b6	55735004	55754170	rev	OV3_Cisp0
chr3	56756919	56760115	6db3af81-6759-4967-8e3e-19f7700f78fc	56749699	56760122	rev	OV3_Cisp0
chr3	56767253	56776849	8d3c6466-f86d-4b27-9bfa-7c59bc3cd917	56763095	56780989	fwd	OV3_Cisp0
chr3	57222891	57227579	69f32f13-9ed0-46da-99c6-01e7c58ab34b	57214693	57230213	rev	OV3_Cisp0
chr3	57340913	57347843	a39481c0-d986-4a21-8329-f009d53389c5	57340252	57359862	fwd	OV3_Cisp0
chr3	58631279	58632614	90c4d2b1-298b-45b8-98d0-148fe61be301	58620838	58632623	fwd	OV3_Cisp0
chr3	58922823	58934000	5a11b576-ce3a-4676-8d60-8c19d9535bc3	58898583	58934006	fwd	OV3_Cisp0
chr3	60414555	60421942	066b468b-3dc5-47d3-9e64-c37ef23b0312	60412474	60443813	fwd	OV3_Cisp0
chr3	60472966	60478224	963b6309-04ec-469b-b3f4-bf047a785e07	60464509	60478231	rev	OV3_Cisp0
chr3	60958088	60959379	90c84c74-cabc-4a9f-bbc6-6e332f4fc2ca	60951682	60969875	fwd	OV3_Cisp0
chr3	61827525	61836614	194e08ee-4c96-4ef9-8f62-22e922052588	61820017	61850158	rev	OV3_Cisp0
chr3	62362752	62367444	73fd1c9b-7099-436c-af43-1f55b87b3635	62362748	62375779	fwd	OV3_Cisp0
chr3	62495045	62499828	67547777-94c5-46a0-9628-b76141515242	62495041	62517143	fwd	OV3_Cisp0
chr3	64536515	64538283	a2afd501-4656-4a58-bdec-bc3f86547c19	64515704	64538293	fwd	OV3_Cisp0
chr3	66959981	66964058	8f3107fb-9ed5-4e7a-a6fa-ea8500f59b37	66952341	66964062	rev	OV3_Cisp0
chr3	71164326	71177289	8c80a661-61b0-456c-8e41-5308fedb5f86	71150888	71200541	rev	OV3_Cisp0
chr3	72181660	72183219	1bff5053-b862-420f-be8e-5f1334c42a21	72171770	72183233	fwd	OV3_Cisp0
chr3	74412564	74416520	f7d7f69f-417d-4cc8-a261-aaf0c48022e0	74412559	74422137	rev	OV3_Cisp0
chr3	75674515	75686685	54dea5d5-e802-421c-af1d-b0b27c32b9e4	75669070	75700101	fwd	OV3_Cisp0
chr3	75703173	75704802	24f68776-a1cf-404c-a9fc-47688b1edf6b	75679066	75706575	rev	OV3_Cisp0
chr3	76840268	76843515	4b6b36fc-696a-410d-bce8-dde9289e49c7	76828529	76843520	rev	OV3_Cisp0
chr3	77275352	77278371	86d84d39-55ac-4d14-9d0b-4d4f6831e508	77238493	77278377	fwd	OV3_Cisp0
chr3	77326537	77331305	e3342d33-1518-4d87-a24a-68eac1182051	77314140	77331309	rev	OV3_Cisp0
chr3	78178603	78184941	1248d965-28d7-49ab-a830-742ea0434481	78178582	78187795	fwd	OV3_Cisp0
chr3	79253365	79254839	f20b4878-8ee6-412b-be2d-2e47e37a9884	79233962	79254849	fwd	OV3_Cisp0
chr3	79785957	79787892	322322e0-6392-4128-926c-2e647b67ee1b	79773501	79787897	fwd	OV3_Cisp0
chr3	82183692	82187411	1888b6a9-d6a1-4916-99b9-59db3546563a	82171285	82187415	rev	OV3_Cisp0
chr3	82356193	82369357	6062cc3f-99c8-4804-a884-7c41ca57dad0	82353156	82382194	rev	OV3_Cisp0
chr3	82377060	82382184	6062cc3f-99c8-4804-a884-7c41ca57dad0	82353156	82382194	rev	OV3_Cisp0
chr3	87151308	87152751	4897abd1-3e54-4c69-b37f-75a253999f3f	87145364	87158041	fwd	OV3_Cisp0
chr3	88003601	88014782	1fc562cb-c9ec-4803-b3ec-7c2379e6255a	88002929	88018793	rev	OV3_Cisp0
chr3	88271857	88276307	7975fe38-6489-4c77-808f-832aded8fc2c	88257682	88276313	fwd	OV3_Cisp0
chr3	89310720	89317358	5e6436ba-101b-4d43-8ab2-c38f6565096a	89310194	89325080	rev	OV3_Cisp0
chr3	89641435	89643991	e1cd0fbe-84bc-47d0-a4c8-8c76902ac433	89641429	89654098	fwd	OV3_Cisp0
chr3	90245856	90261186	f06b5237-9332-4c21-9258-77419e506dbe	90235377	90265107	fwd	OV3_Cisp0
chr3	98580123	98585043	7e95b5e4-1b0b-465f-82cd-1d2711730f9a	98580119	98590056	fwd	OV3_Cisp0
chr3	99915166	99917267	d1dc8c3f-10fb-4c3a-b16a-70408a9258d6	99915151	99946085	rev	OV3_Cisp0
chr3	100186979	100191596	f4796667-55dc-4cd5-adb2-8f27fa626b46	100186973	100199813	fwd	OV3_Cisp0
chr3	100350926	100354537	e29102e3-c5ee-427b-ae2f-924bdd4022f3	100350916	100361849	rev	OV3_Cisp0
chr3	104602552	104610673	0ad25ad0-ec89-4fb0-a27c-821d8e07cf7f	104587550	104616737	fwd	OV3_Cisp0
chr3	104588995	104605303	577abdc8-fa7e-4835-9213-e30663a9f374	104588220	104620254	rev	OV3_Cisp0
chr3	106106454	106115779	1e1d35de-a8ce-4366-ac5d-7802d9538451	106104097	106117798	fwd	OV3_Cisp0
chr3	106320592	106323422	7ba58c15-18e5-4551-abc0-6cf930706061	106311867	106323428	fwd	OV3_Cisp0
chr3	106909645	106914220	53137ac3-8d62-49a4-a2b1-5b0eb1bdbb1b	106903245	106914227	fwd	OV3_Cisp0
chr3	107677870	107688487	377a4713-4b98-4b7a-98b2-bb485c458359	107657364	107698257	rev	OV3_Cisp0
chr3	108768791	108772909	f2749849-e864-43eb-945a-013ca9a2f582	108757064	108772932	rev	OV3_Cisp0
chr3	109702662	109713854	8aafb86f-ba0b-4e58-b58c-8a6d291dc505	109702656	109722702	rev	OV3_Cisp0
chr3	110471177	110475785	9c1b90eb-45c1-491f-968e-60447559750c	110471172	110479221	fwd	OV3_Cisp0
chr3	111299559	111314681	5c420a2a-b767-4b12-adf2-1120948b4402	111295237	111330039	fwd	OV3_Cisp0
chr3	112253744	112255734	da5d1657-e9ec-4c25-80dc-55aa563d06e8	112252486	112269054	fwd	OV3_Cisp0
chr3	112267948	112269049	da5d1657-e9ec-4c25-80dc-55aa563d06e8	112252486	112269054	fwd	OV3_Cisp0
chr3	113583056	113587525	71ae6211-5950-4130-85b8-b8b052d57de3	113561204	113587530	fwd	OV3_Cisp0
chr3	115079820	115085158	e5aa57de-806f-4d07-8989-986644da5d9d	115079224	115093525	rev	OV3_Cisp0
chr3	115426678	115438713	a0370fe1-1a79-4a54-b3fb-aa1b97ee0672	115423859	115442217	rev	OV3_Cisp0
chr3	115750675	115762957	c56ab660-500a-421a-a7f2-ed44e090d15d	115747397	115763893	fwd	OV3_Cisp0
chr3	117310033	117318643	b40738b3-5fa9-4bbe-9e54-16aff0c0de6a	117303828	117318649	fwd	OV3_Cisp0
chr3	117623403	117644629	f24a2afd-0879-46f9-b035-61300cca27d0	117610554	117645122	fwd	OV3_Cisp0
chr3	119576761	119583797	9aed01ff-fec2-401c-9322-1f81a60fff97	119575780	119591693	rev	OV3_Cisp0
chr3	119977595	119989994	414ef0cc-de3c-4cee-9230-4ec59fa7b0e7	119967558	120003852	fwd	OV3_Cisp0
chr3	120156200	120160839	ff0254c9-cb7f-4001-8bc1-081eca5265b2	120143798	120160844	fwd	OV3_Cisp0
chr3	120824374	120830146	0446e0ad-9659-4b73-8bda-e1276b1896b9	120816544	120830151	fwd	OV3_Cisp0
chr3	121592296	121598568	e206d68a-7aba-4591-ab27-cf29bed5935b	121592288	121635156	rev	OV3_Cisp0
chr3	122083924	122093549	e646114b-3ba9-4eb1-a9c6-df760318304f	122079171	122109134	fwd	OV3_Cisp0
chr3	122600901	122608164	f3e03a4e-814f-4997-94e4-0747115a1370	122593426	122621045	rev	OV3_Cisp0
chr3	124301228	124307236	68a60c94-8a50-4264-b47d-0b3cbbfd13c8	124293662	124317375	rev	OV3_Cisp0
chr3	124362788	124371890	f7a057c2-57c4-4291-9ec1-a205ff195d5b	124356083	124371895	fwd	OV3_Cisp0
chr3	126001720	126017134	7d7af287-83a9-4c3c-9a78-19c25dfcfe3d	125995531	126020260	fwd	OV3_Cisp0
chr3	126106993	126115390	f2145d96-1796-467c-90d6-ad81e121ebe9	126091354	126115398	rev	OV3_Cisp0
chr3	126158654	126163873	7046acc3-ef12-4253-a746-de20c97735d9	126143712	126166889	rev	OV3_Cisp0
chr3	126358395	126364046	f779c0a0-364a-4e7b-9089-ecdf79ce44a8	126348931	126374957	fwd	OV3_Cisp0
chr3	126599946	126610547	1b598cee-9a25-4156-bda5-ccaa107627f9	126596620	126611591	fwd	OV3_Cisp0
chr3	129072189	129080240	c26b504b-6f05-47e2-809c-d1e3fbafc8a5	129066331	129083849	fwd	OV3_Cisp0
chr3	132247651	132262692	6347638b-f220-4d9f-8981-82e87c0f64ba	132204708	132262700	fwd	OV3_Cisp0
chr3	133418285	133427712	fcc2045d-2f05-43f2-9cc1-858fae976009	133406430	133443885	fwd	OV3_Cisp0
chr3	134200042	134202085	eba545da-d449-4577-b69b-b819e1240558	134200038	134207258	fwd	OV3_Cisp0
chr3	134228805	134238091	b2e0084b-5832-4924-9341-321dde8dbc3b	134227344	134242892	rev	OV3_Cisp0
chr3	135805920	135811641	47e6ea3b-dcb6-4160-b773-2b2089b550f4	135804372	135815656	rev	OV3_Cisp0
chr3	137602535	137608075	120fd1b6-3cc2-49fb-8d6b-ab7c16911aa7	137601972	137627395	rev	OV3_Cisp0
chr3	138555452	138560699	1a3ee38a-b109-4887-8472-02cd67b877d8	138555439	138562893	rev	OV3_Cisp0
chr3	139112606	139115333	0080fe54-5158-4537-afce-10ee32397e10	139102457	139116451	rev	OV3_Cisp0
chr3	139231777	139232811	8aaf83c9-07cd-403a-87bb-220fd499119b	139231753	139238993	rev	OV3_Cisp0
chr3	140642882	140647220	b1153ade-51e3-428b-accc-3b5de0f92004	140634559	140650364	rev	OV3_Cisp0
chr3	140944301	140952241	b0dfaaa3-a65f-4da8-b98f-c0135b8f0f73	140938042	140953244	fwd	OV3_Cisp0
chr3	141204060	141207629	988b146e-b8b0-41e4-91cf-5dc98ab9f9bf	141204056	141221259	fwd	OV3_Cisp0
chr3	142081425	142083827	78ccbb57-918b-4c96-966e-2f0fa441436e	142081419	142093336	rev	OV3_Cisp0
chr3	142464906	142468636	da9c925a-9ff5-478d-b2e3-3b79426bbb64	142464899	142473179	fwd	OV3_Cisp0
chr3	142955974	142957548	ba2197b5-1f2f-48e5-8623-dc2bc0b6342b	142917766	142957552	rev	OV3_Cisp0
chr3	143856121	143862812	cd7c696f-ebce-45e5-a0d3-52aa57582d8c	143841084	143862819	rev	OV3_Cisp0
chr3	145792477	145800481	5f2279bc-8552-45a0-b731-e2469921132f	145792471	145815088	fwd	OV3_Cisp0
chr3	147924133	147928176	b8959936-267f-41c5-bd30-c666c6883ac6	147916527	147932204	fwd	OV3_Cisp0
chr3	148460007	148464374	df8a50d1-113c-42df-8949-4dad414dad03	148460002	148477879	rev	OV3_Cisp0
chr3	149459108	149468217	f348dd48-e689-4f86-80fc-4e810a3955e0	149440195	149468758	rev	OV3_Cisp0
chr3	149594392	149598978	f6135bd6-a575-4e4d-a50c-a5ecc1a8c887	149594387	149606582	rev	OV3_Cisp0
chr3	150171869	150176823	46c02a8a-9bee-4a2f-b758-4c3fd8f68bec	150169778	150190798	rev	OV3_Cisp0
chr3	152080784	152083385	2ffaff8b-8fa2-4c55-9e82-cc778c7c6675	152079386	152087013	rev	OV3_Cisp0
chr3	152771806	152778218	2aa740d2-6baf-4a98-9a77-5454fca17e7b	152742453	152779930	rev	OV3_Cisp0
chr3	157278343	157279362	8c53acda-dd4f-4fb0-9a17-48a8d0028315	157267246	157279882	rev	OV3_Cisp0
chr3	158005626	158014379	159a58ca-ad1e-43f3-82a0-c22fd4be0cc2	157998211	158018953	rev	OV3_Cisp0
chr3	159245454	159246715	441c8177-1f5e-4cb5-a503-6fd91c3f4faf	159234281	159253862	rev	OV3_Cisp0
chr3	160503827	160509830	99508547-0376-4d08-a5ee-e2d412b27acb	160502288	160514057	rev	OV3_Cisp0
chr3	160534060	160544311	7f0aaeb8-9374-4957-91f5-5a0a33cd9b18	160525733	160562951	rev	OV3_Cisp0
chr3	161094983	161103924	054a773d-6157-4b25-a5c1-f144c26432f4	161089989	161106857	rev	OV3_Cisp0
chr3	161281746	161289307	2919354e-c8d9-454d-8672-7a41b17e0a17	161278466	161289314	rev	OV3_Cisp0
chr3	163151772	163152979	ba8a46a8-4487-4fd3-8e70-6c721c4ac0b2	163127936	163156374	fwd	OV3_Cisp0
chr3	163510625	163513985	49726732-0814-4dcf-b66f-f15302b95846	163483959	163513990	rev	OV3_Cisp0
chr3	166330188	166343454	40bbd6b7-16f2-4da6-adca-2b7396e78350	166320146	166395420	rev	OV3_Cisp0
chr3	166346927	166349221	40bbd6b7-16f2-4da6-adca-2b7396e78350	166320146	166395420	rev	OV3_Cisp0
chr3	166383970	166386502	40bbd6b7-16f2-4da6-adca-2b7396e78350	166320146	166395420	rev	OV3_Cisp0
chr3	169248651	169252869	dee14248-e898-4192-a340-53727d8a7bf1	169248642	169261741	rev	OV3_Cisp0
chr3	169617449	169618618	0623c3ab-6e7d-48b9-af9a-8e8fdd72cbd5	169617441	169625030	fwd	OV3_Cisp0
chr3	171438891	171445815	25232446-f3e9-4166-ba83-4847e5045205	171438597	171473641	rev	OV3_Cisp0
chr3	171675795	171682533	2cc0b605-f9df-49ee-9900-bf5537f5b6f1	171650844	171701432	rev	OV3_Cisp0
chr3	172363966	172383855	8ea447b0-8a10-4e48-8e6a-7e3bd536468d	172355769	172383863	rev	OV3_Cisp0
chr3	172611442	172613189	d34cb3c7-8282-4697-bc17-0ce0b0d3a0c5	172592641	172613194	fwd	OV3_Cisp0
chr3	172697491	172698843	bd95de87-def6-495c-aae4-4d1723dc4ebd	172679291	172698970	fwd	OV3_Cisp0
chr3	173274858	173281609	35bf3e57-311b-449b-9500-140c96add55e	173266691	173281620	rev	OV3_Cisp0
chr3	174359861	174366479	2ce14d2a-167f-43c4-807f-b3e4944dcbe6	174344865	174366484	rev	OV3_Cisp0
chr3	174908611	174919121	0638e53c-61e2-47ab-aca5-ce4405431c00	174894506	174919460	rev	OV3_Cisp0
chr3	176736482	176739037	f61deee4-f47e-4aa2-a3be-d6211257af4b	176736475	176756985	rev	OV3_Cisp0
chr3	176748619	176753645	25a102fd-0b16-4973-9d95-4e69055b7d1a	176740507	176757785	rev	OV3_Cisp0
chr3	176904969	176907343	98814a27-8174-4eef-99aa-52440ba43e66	176904951	176925408	fwd	OV3_Cisp0
chr3	178001636	178002691	6c67e3a5-5ca0-4d41-887a-9e1f416f5967	177996068	178006009	rev	OV3_Cisp0
chr3	178982048	178988410	fb1a5942-0a81-4908-9cc1-f6797faffaa4	178974954	178989930	fwd	OV3_Cisp0
chr3	179064420	179070288	be973322-5f06-4ebc-883a-01ef88b7e952	179063203	179077795	rev	OV3_Cisp0
chr3	180360687	180377409	6eaaa71c-f48a-4665-a2ca-56baaf174b30	180341382	180379192	rev	OV3_Cisp0
chr3	181485021	181491056	94ea7176-ab79-43ba-a37a-1a8561f30dee	181480149	181497201	fwd	OV3_Cisp0
chr3	181648601	181654610	0f383fa1-e24f-46fd-9daf-bfa688bd807a	181648597	181663395	fwd	OV3_Cisp0
chr3	185570044	185583776	7b50bdb7-2a6a-4fa5-b451-1ea52e779a64	185551594	185590730	fwd	OV3_Cisp0
chr3	187008762	187010747	d85910de-fd8a-4f60-a349-976f73360c00	186981916	187010756	fwd	OV3_Cisp0
chr3	188823102	188835636	0734089b-cdd6-417c-be28-0eb74b8e08bb	188822568	188856786	fwd	OV3_Cisp0
chr3	189316931	189320424	78840f5d-2ef4-4cac-af60-911127ddb586	189316910	189325300	rev	OV3_Cisp0
chr3	190266896	190279707	2930ba40-cd9d-4fb8-a4bd-269dd450784e	190266882	190281338	rev	OV3_Cisp0
chr3	190682803	190686249	7fea5d3b-fefb-4cfe-a42d-50604dd85876	190668712	190686313	rev	OV3_Cisp0
chr3	190852737	190860656	c7e3a4b4-645e-419e-8e59-d263bb186e4b	190845012	190860746	fwd	OV3_Cisp0
chr3	191906276	191915947	4cba4790-8120-4f09-a6eb-60463db16a86	191906268	191929382	rev	OV3_Cisp0
chr3	194878124	194890776	ccd8af93-075b-4954-a264-3c2a3e986a9b	194875952	194898193	rev	OV3_Cisp0
chr3	195850441	195852028	cf69607c-d04e-4204-8e97-739ec8474027	195835596	195852033	rev	OV3_Cisp0
chr3	196028364	196032524	b612d42e-2e5d-4cc5-a4ea-85760c044d23	196028359	196043869	rev	OV3_Cisp0
chr4	2485098	2486284	2d73d0a8-2843-448e-b25f-af92726e3bdd	2484799	2496261	fwd	OV3_Cisp0
chr4	4156628	4165439	53f8497b-6fc4-4bef-9e43-b6e48bee2c24	4156622	4169746	fwd	OV3_Cisp0
chr4	4952054	4953508	1d963d59-a12d-4744-9943-0768599570df	4940503	4954832	rev	OV3_Cisp0
chr4	5868366	5871394	56b14157-83ce-4bff-8b7f-2690f33a6b4e	5868356	5885371	fwd	OV3_Cisp0
chr4	7748720	7751403	c987d795-1f3c-464f-86cc-00c33d539a59	7744830	7755895	rev	OV3_Cisp0
chr4	7823597	7842974	978d0393-1c28-4eea-8963-0b1a23b3ed86	7814144	7861784	rev	OV3_Cisp0
chr4	10923921	10932656	a182768f-8484-458c-a3c9-f54ca604c444	10900751	10934938	rev	OV3_Cisp0
chr4	12320710	12324598	9bceb44f-723d-400f-9c2e-c03f6206a8f4	12312247	12328707	fwd	OV3_Cisp0
chr4	12932777	12935603	9a6221f0-52d9-4832-8ca7-b478d39506e3	12926090	12935621	rev	OV3_Cisp0
chr4	14302824	14308288	ac45027f-f554-4809-8558-7b76d2251633	14288156	14311115	fwd	OV3_Cisp0
chr4	14667196	14672132	88cc0505-b202-4bce-bd58-f758be05d8b1	14640469	14672138	fwd	OV3_Cisp0
chr4	16989297	16996228	6c23faa5-2e8e-4b91-967d-f7148a8b46b8	16989080	17001972	rev	OV3_Cisp0
chr4	17185779	17187434	b1b5e700-e1b0-481e-af08-b659f15ff966	17185775	17191422	fwd	OV3_Cisp0
chr4	18903074	18919174	d478cc99-74ee-49e4-b03e-c8d81ef40c12	18892302	18921316	rev	OV3_Cisp0
chr4	20342555	20347495	a5a78879-9c6b-42b9-93e1-641ac5e01eee	20332506	20347505	fwd	OV3_Cisp0
chr4	21031605	21036770	089f8f23-ea48-42d2-a6bb-f9162b9826ae	21008782	21036998	rev	OV3_Cisp0
chr4	23633888	23636951	4f5bb9ea-0b37-481d-a743-addd6ebe8a0a	23633876	23643455	rev	OV3_Cisp0
chr4	24379111	24389919	d062bcd0-0c1c-4f26-94df-a25cedbc5369	24379103	24416725	fwd	OV3_Cisp0
chr4	28915703	28920698	e9a0ce85-c347-4ab3-90b2-e84d688d62aa	28912576	28921513	rev	OV3_Cisp0
chr4	30212428	30222967	f5c043b4-e49f-43b4-a066-fe98610cb987	30212078	30231669	rev	OV3_Cisp0
chr4	36931679	36936191	f3bfe680-0d3a-4319-98e9-57f9e381d0db	36924310	36936199	fwd	OV3_Cisp0
chr4	37376805	37382801	5d2238e7-b261-43a3-bad5-38e23e0674c6	37376801	37387168	fwd	OV3_Cisp0
chr4	38837744	38845209	71d93b3e-7b27-4102-812a-e1af250d532c	38828214	38846839	fwd	OV3_Cisp0
chr4	45007427	45009321	0c62bad8-f3ef-4673-a749-5094be0df0b7	45007422	45019073	rev	OV3_Cisp0
chr4	46163673	46171044	644729ab-6206-4596-b51f-886cb63dccf7	46162617	46184316	rev	OV3_Cisp0
chr4	47112728	47116306	63a41116-94fa-48d4-acd1-7d3f02550759	47112157	47121769	rev	OV3_Cisp0
chr4	49103752	49105040	79cb5374-9c35-4426-8f53-9827c4036507	49101588	49111052	rev	OV3_Cisp0
chr4	49118393	49120198	61f7b1f1-7e93-4f56-bb3d-3c8c452c31da	49100735	49156637	rev	OV3_Cisp0
chr4	49143233	49145237	61f7b1f1-7e93-4f56-bb3d-3c8c452c31da	49100735	49156637	rev	OV3_Cisp0
chr4	49120147	49123726	d24b7e15-b2d3-494c-b39c-c13f689488f4	49111601	49143536	rev	OV3_Cisp0
chr4	49129737	49132276	d24b7e15-b2d3-494c-b39c-c13f689488f4	49111601	49143536	rev	OV3_Cisp0
chr4	49126308	49127397	5170df7f-f91d-47ab-ac8f-816678107a32	49117503	49140082	rev	OV3_Cisp0
chr4	49121988	49123802	d9a89cba-8326-4220-beb7-1428d27be158	49117434	49152864	fwd	OV3_Cisp0
chr4	49129239	49131113	d9a89cba-8326-4220-beb7-1428d27be158	49117434	49152864	fwd	OV3_Cisp0
chr4	49208221	49217319	5ada2ac9-31e2-4304-a50e-4445bb0a43fc	49205051	49217639	fwd	OV3_Cisp0
chr4	49285329	49293444	50f76bb1-9e3d-49c7-a77e-f57778be8e10	49279006	49309027	fwd	OV3_Cisp0
chr4	49640144	49642388	e0f2f26d-8a20-48c1-8043-b16f3a7728b6	49634725	49642393	fwd	OV3_Cisp0
chr4	49650750	49651874	9590c999-c4db-4001-8a4b-bdb1caaa02e4	49643912	49658098	fwd	OV3_Cisp0
chr4	54936306	54937568	e00f6c96-32a5-48a2-a2c5-26ba4f63d234	54936298	54947054	fwd	OV3_Cisp0
chr4	55397325	55411077	402afccd-5297-4a2d-8065-7fc3dc8259d3	55392596	55417727	fwd	OV3_Cisp0
chr4	55893999	55895486	17f5d011-b224-4b7e-b049-6a676dc522ed	55892993	55902788	rev	OV3_Cisp0
chr4	57344674	57352368	25509818-7096-430d-8bb8-568d500c23ef	57338515	57372305	fwd	OV3_Cisp0
chr4	58712773	58717677	7c16e32a-a372-4e39-a7c0-876815aa6db1	58700322	58723537	fwd	OV3_Cisp0
chr4	62260045	62264956	df55aa91-5684-4698-9576-ddbe382c0fa8	62251198	62264972	fwd	OV3_Cisp0
chr4	66979013	66988543	2eeac759-149d-430d-a12b-e3847a6c5f06	66977758	67004704	rev	OV3_Cisp0
chr4	69051254	69052466	6e2e7ffb-2aeb-45cb-85bb-a1efdaff625a	69041104	69052471	rev	OV3_Cisp0
chr4	69865695	69872926	e5ade9d7-02dc-4fc4-a66d-bcdcfc5d21f9	69865475	69902855	fwd	OV3_Cisp0
chr4	69882005	69902307	e5ade9d7-02dc-4fc4-a66d-bcdcfc5d21f9	69865475	69902855	fwd	OV3_Cisp0
chr4	72195312	72197144	a075526a-2923-4853-a5ae-a2fec59343e4	72189221	72197149	rev	OV3_Cisp0
chr4	72915711	72922956	f4bb2745-d2c9-4b8b-866f-89a11d27536e	72902567	72922961	rev	OV3_Cisp0
chr4	75944335	75945945	080e9b20-9f8a-49a1-a0aa-18fc1e7fcfcb	75939782	75956377	rev	OV3_Cisp0
chr4	77790093	77794025	0d578048-beda-495d-8503-f02331848b62	77790088	77801150	rev	OV3_Cisp0
chr4	78718265	78726207	dab8c191-e2b1-4042-b30f-7f920db0e04f	78712641	78727243	fwd	OV3_Cisp0
chr4	78795237	78802527	a22bb4ed-7d77-4c75-bd66-c5211fa6a5a3	78775347	78803093	rev	OV3_Cisp0
chr4	80589952	80592654	a53edadc-1780-4cf2-bb89-00656e73a30e	80573933	80592660	rev	OV3_Cisp0
chr4	85740209	85743307	7f5f710c-f186-41d8-8230-5617803ac5c8	85740205	85767674	fwd	OV3_Cisp0
chr4	86370634	86375341	dd94b71c-4eca-40c5-9c84-a54f74ded1ec	86362162	86375352	fwd	OV3_Cisp0
chr4	88964525	88975417	e40a5ee4-380f-444b-8bd2-bf36b4d0cf0d	88957031	88976759	fwd	OV3_Cisp0
chr4	92154406	92173813	a287ff82-6287-40fc-afb9-e1deb2ce6786	92154401	92177951	fwd	OV3_Cisp0
chr4	92793170	92797048	a4301e05-32ca-4e8c-8746-1229638b5997	92793164	92829704	fwd	OV3_Cisp0
chr4	96546372	96554019	95c270bb-0d50-4520-90ac-918e260685e4	96540229	96554023	rev	OV3_Cisp0
chr4	96810738	96823507	563943d8-41ac-408b-87a8-a967cbfd35b4	96802651	96824095	rev	OV3_Cisp0
chr4	97183657	97187979	fd30144e-db1e-4502-ae9a-f9a46f95cfa7	97180895	97194740	rev	OV3_Cisp0
chr4	97582181	97598401	b23953d3-8bac-427a-8aee-f94e0adfae40	97575418	97617182	rev	OV3_Cisp0
chr4	101749759	101754534	3d7a344d-7018-402d-8588-3d9675715ab4	101748131	101756102	fwd	OV3_Cisp0
chr4	102329502	102335840	6f03aef2-54fa-4acc-a121-b21aec14a203	102324301	102335847	rev	OV3_Cisp0
chr4	102487541	102499419	bbdd1c28-0b1b-4762-8a03-77838bb7e332	102487086	102515664	fwd	OV3_Cisp0
chr4	106547380	106563831	2483b9ea-9535-4487-b905-b97745f9f65f	106541865	106564754	fwd	OV3_Cisp0
chr4	109671954	109674993	10925959-b4d4-488d-9850-8b8616e4c820	109656780	109687527	rev	OV3_Cisp0
chr4	109920971	109924377	a58a682f-a1d7-4c42-9757-5fe3aa2d8102	109920955	109930795	rev	OV3_Cisp0
chr4	110150716	110162652	6943e345-dbc8-4d15-bf65-7443f129bcff	110137508	110162656	rev	OV3_Cisp0
chr4	112484060	112485783	06de921e-09af-48be-8daf-d6eadc5a255a	112476406	112485801	fwd	OV3_Cisp0
chr4	114397849	114403844	d1f63565-fe5a-4d82-9646-259b772549d0	114388075	114405235	rev	OV3_Cisp0
chr4	118829170	118839187	554d415a-ec3e-40ad-9280-86e43a9366e4	118829165	118847234	fwd	OV3_Cisp0
chr4	121904326	121912256	5e4bb776-aff9-49db-b2ed-5467bc992141	121889963	121912261	fwd	OV3_Cisp0
chr4	123422281	123428040	587ab17e-ac0d-49cd-81c6-3dd806433e86	123406959	123428044	rev	OV3_Cisp0
chr4	126107333	126111010	48191724-7c7a-4f55-b591-d82cd1ae3dcd	126107309	126129484	rev	OV3_Cisp0
chr4	127860122	127863313	19156a6a-edc8-4db8-800c-04a910d3ba84	127860116	127869549	rev	OV3_Cisp0
chr4	140037961	140040320	f1c7f227-6602-4656-8061-f293c85257e6	140034546	140040332	fwd	OV3_Cisp0
chr4	140221814	140228901	207a6d2a-5865-4205-973a-a95bb8c62fcd	140214072	140228917	fwd	OV3_Cisp0
chr4	141103823	141106857	77a2d4e5-0630-4705-9257-822b5d664560	141068693	141106864	fwd	OV3_Cisp0
chr4	141942932	141945105	ac0a9c59-b5af-4187-b90d-66b6f47cc2c3	141936891	141958690	rev	OV3_Cisp0
chr4	145398141	145400352	bc75ef09-d540-42b6-babf-770b3dcda150	145384305	145400358	fwd	OV3_Cisp0
chr4	146466859	146473948	c1bbc869-449e-40fb-a0c4-4f10f67e0039	146457636	146473954	fwd	OV3_Cisp0
chr4	146480345	146484515	29972594-79a4-4796-8e0c-3c48edadf4a4	146463368	146484520	rev	OV3_Cisp0
chr4	148053432	148059922	2a381b20-61aa-42d3-b9bf-0f091b5f0b0c	148046792	148059928	rev	OV3_Cisp0
chr4	148024990	148033142	bc7418d9-97a0-4c86-a1a6-0f4a7bb0483e	148017835	148035156	fwd	OV3_Cisp0
chr4	150715305	150716788	4a5c76d4-cca9-4890-be96-08bdc7160598	150715186	150733861	fwd	OV3_Cisp0
chr4	151873479	151874800	4c055210-4445-401d-968f-0e1937699550	151872997	151881760	rev	OV3_Cisp0
chr4	154840541	154850007	2c8aad6d-e6dc-4335-a25b-57b1e60f612f	154831798	154850254	rev	OV3_Cisp0
chr4	156435374	156436639	0169eff9-394f-4750-b1bf-7ebd87ceb81f	156435369	156445648	rev	OV3_Cisp0
chr4	156756530	156764047	2265e983-9ab3-4c36-b224-fcee0d6015f7	156750541	156764051	rev	OV3_Cisp0
chr4	157779006	157788358	52bd06d4-ddb8-4083-b1dd-d08a9cc0cf64	157778999	157796972	rev	OV3_Cisp0
chr4	158490234	158507869	4d0d7249-0688-4aac-8bc3-95e8c2bad55b	158471614	158514094	rev	OV3_Cisp0
chr4	159329559	159330681	85e68b69-b432-408e-86fe-ad2b8991ff09	159329552	159338897	rev	OV3_Cisp0
chr4	159568043	159572015	9ae6ccda-6259-45a9-b769-708d5178304d	159555922	159572671	fwd	OV3_Cisp0
chr4	159740931	159744156	16b6d400-ab7e-4192-bcc8-b3f931fc8080	159730858	159744170	fwd	OV3_Cisp0
chr4	160372560	160375961	8a980ab5-ffba-4025-ab62-b224e446d688	160362369	160375973	rev	OV3_Cisp0
chr4	161516028	161522144	52273cad-906c-4d98-947f-eed355842763	161516024	161526539	fwd	OV3_Cisp0
chr4	163290661	163297766	a649b74f-a1a9-4bf7-b1b2-fdb8d90b74dd	163289693	163300236	rev	OV3_Cisp0
chr4	166189640	166195437	2c859f38-8d43-481f-b5bd-890381bb1eb8	166187833	166198396	fwd	OV3_Cisp0
chr4	166418111	166419121	e1351efa-5d98-4fae-9352-6004e4fbf490	166396128	166419431	rev	OV3_Cisp0
chr4	167976406	167977755	75672e10-86ad-40e8-ae87-098ea5e66157	167957877	167995697	fwd	OV3_Cisp0
chr4	170092393	170095884	22a3caa7-f6d1-4154-9852-b35641bf9749	170070157	170095891	fwd	OV3_Cisp0
chr4	176662870	176672464	a25c5e56-ae18-40a1-891d-67c939d73627	176646495	176672473	fwd	OV3_Cisp0
chr4	177063346	177067999	3dccb64f-92a3-4b0a-a6ab-f68e1aea15ca	177063341	177073119	rev	OV3_Cisp0
chr4	177285019	177305492	fc77108e-3cb8-4acc-90a8-1ccc5a498096	177282384	177307408	fwd	OV3_Cisp0
chr4	177894758	177897242	52520da9-4a47-4d65-b177-603026d28e7b	177863179	177898018	rev	OV3_Cisp0
chr4	178234075	178235363	a535e148-8394-4870-b00c-6f30cb5636c6	178234067	178243815	rev	OV3_Cisp0
chr4	178239812	178243811	a535e148-8394-4870-b00c-6f30cb5636c6	178234067	178243815	rev	OV3_Cisp0
chr4	179088552	179093634	23430331-cffa-40c7-9f6d-c99774d37d02	179088528	179099005	rev	OV3_Cisp0
chr4	181844462	181849112	9c46cc78-ebc1-4875-bd64-9ea9b8f50ac9	181835086	181849400	fwd	OV3_Cisp0
chr4	182039374	182043323	72085a94-ed4f-4c2c-9353-24a059265b41	182029618	182044092	fwd	OV3_Cisp0
chr4	183535587	183538433	5b96af25-5ced-4ad8-84af-3524fffd23e3	183528128	183548987	fwd	OV3_Cisp0
chr4	185130004	185137934	f5287d78-6b40-4073-87af-1d088f58a22b	185123557	185137942	fwd	OV3_Cisp0
chr4	185706849	185714733	32f1ad7a-11d4-4943-9a0a-9b27fcd3887f	185706845	185722334	fwd	OV3_Cisp0
chr4	186738744	186740321	e6d6c222-fcba-4561-9ff3-af1126c23daf	186738720	186790443	rev	OV3_Cisp0
chr4	187236294	187242906	ef1ef889-3062-4258-a3fd-67a5baadd8ee	187227081	187265364	rev	OV3_Cisp0
chr4	187433293	187450445	74372f43-c630-4713-9e51-0d6d7c9c21d8	187421087	187452645	fwd	OV3_Cisp0
chr4	187504467	187512704	09017d81-af66-4b9d-a2d6-c8ef03c4dd14	187492346	187516230	fwd	OV3_Cisp0
chr5	2275180	2281010	8332b278-194a-4c76-82f8-fe62195e21cf	2265415	2281026	rev	OV3_Cisp0
chr5	2801047	2813563	7daec24e-d862-4120-b2dc-b1de51515dc2	2798381	2813843	fwd	OV3_Cisp0
chr5	5166330	5170461	ca932184-e6c8-469b-b788-f4a3104e5cef	5166313	5179467	fwd	OV3_Cisp0
chr5	5196624	5200894	3211365c-3111-4dd4-ba26-e22f1c683246	5196617	5208497	rev	OV3_Cisp0
chr5	5468473	5477773	ba63f6c0-51b0-45fc-b9a4-7dcb2dc39524	5468468	5483439	rev	OV3_Cisp0
chr5	6621337	6622407	497ee9b3-db58-4d36-895f-89544591d64a	6621329	6637607	fwd	OV3_Cisp0
chr5	9211766	9219583	cbc28c9c-2a98-4212-ab27-72b0b26c9c72	9211748	9243015	fwd	OV3_Cisp0
chr5	9331575	9337247	a8509401-8db1-4d13-83b7-3cd9a1a942ec	9331571	9346149	fwd	OV3_Cisp0
chr5	9521759	9528664	6478328c-dc1f-47aa-b77b-0316d772b997	9521742	9542972	rev	OV3_Cisp0
chr5	9825043	9834728	4de2f1bb-5556-44ba-a47f-a1858a2298b3	9824239	9850140	fwd	OV3_Cisp0
chr5	10079968	10081933	47b23c51-ade1-4f4d-a4a6-685c3ca22510	10079953	10095990	fwd	OV3_Cisp0
chr5	11376523	11380316	471d87c7-d89d-4fd7-a3ea-7fecea6d15e8	11360586	11388055	fwd	OV3_Cisp0
chr5	11402207	11403540	8e0c1a97-b817-4dbf-b3b4-8a4b0911c6eb	11402203	11423966	fwd	OV3_Cisp0
chr5	12143502	12151386	080f8d57-0fef-4732-bf04-166ce1be15d4	12138908	12151394	rev	OV3_Cisp0
chr5	13252187	13257207	d07e4997-ef70-4a91-9d3d-787dc59f3406	13252174	13302075	rev	OV3_Cisp0
chr5	13564222	13567011	b45ff076-5e95-4763-8b7c-db6178d68bae	13564218	13594298	fwd	OV3_Cisp0
chr5	14779759	14789877	23f31ed0-e180-4948-a782-db45dd55b33c	14773660	14789884	rev	OV3_Cisp0
chr5	15526699	15537681	b57b457a-b8dd-4437-b270-1f6d38913744	15521079	15537686	rev	OV3_Cisp0
chr5	16354972	16356744	5643f398-970b-472b-ac77-7959ea757e06	16346282	16381229	fwd	OV3_Cisp0
chr5	16412614	16418804	a40ba885-9059-4621-98d6-46827615b7aa	16412603	16424015	fwd	OV3_Cisp0
chr5	16473553	16483573	db9449bb-d142-459f-a687-849a4d0fb464	16472573	16493939	rev	OV3_Cisp0
chr5	16582046	16584435	d5ef6b73-36ba-499b-a940-5e98327d862d	16582040	16589234	rev	OV3_Cisp0
chr5	17823131	17826925	11e921e8-8450-4438-9b4f-57f2c8b059d1	17818666	17826929	rev	OV3_Cisp0
chr5	19795078	19802702	2bf81b63-c83b-4653-a4f2-af7806baa5c5	19792654	19810401	fwd	OV3_Cisp0
chr5	20960001	20974958	67773047-8b0a-4e4c-b983-d83430231ba8	20945673	20977035	rev	OV3_Cisp0
chr5	21373288	21382883	21f2f262-e2d3-4e02-89be-f596decaa4ff	21370881	21382920	rev	OV3_Cisp0
chr5	22499693	22502352	1d4869aa-b8fe-412a-aa05-27ee628d61c1	22464002	22515028	fwd	OV3_Cisp0
chr5	23348163	23349841	05026e8a-5dd0-4b25-ac76-8471461edf0b	23348147	23363916	rev	OV3_Cisp0
chr5	25941640	25946666	ecc91bd0-d5f9-4928-8e25-9f8e29b354a6	25940712	25955159	rev	OV3_Cisp0
chr5	27660492	27673012	a8dc16df-dc1b-4bb7-82ef-fde682f311f4	27643938	27674310	fwd	OV3_Cisp0
chr5	27701124	27727848	d0abe130-a90a-4ce2-ae6d-99e55340ec9d	27701114	27735570	rev	OV3_Cisp0
chr5	28145805	28152191	63fa5e3b-76ff-4d9d-a2d4-b735291900e0	28145801	28156705	fwd	OV3_Cisp0
chr5	30369694	30374099	c8b23bdb-bc12-45cf-922e-9b29c5053abb	30369686	30379906	fwd	OV3_Cisp0
chr5	32415660	32420372	d79417d7-8791-4f5d-8812-4d8c927cb9ea	32409252	32420984	fwd	OV3_Cisp0
chr5	33277644	33286513	9bc9f47a-9aa8-415c-ba8e-c6455266550d	33262284	33314628	rev	OV3_Cisp0
chr5	34461846	34471036	f6c7d2e6-8852-410d-8e29-dce8190cdd78	34461841	34495821	rev	OV3_Cisp0
chr5	34756398	34760879	3b45b5af-278d-4edb-b317-91ae148cf5c5	34728625	34763065	fwd	OV3_Cisp0
chr5	36402554	36411816	85009d40-f7d5-46ff-b4ad-d6e68d8df600	36398367	36416040	fwd	OV3_Cisp0
chr5	37063824	37073748	67c5371f-1b63-4b9f-9a90-4d574c2974ca	37046744	37076578	rev	OV3_Cisp0
chr5	37160442	37168882	a482c8e7-3c4a-4877-8ad8-11adae0deb34	37156655	37168888	fwd	OV3_Cisp0
chr5	37442961	37451348	c940f454-56d0-41b9-b608-c4e22ed64fd4	37435261	37459043	fwd	OV3_Cisp0
chr5	38290212	38292176	9889c005-1ecd-46c9-bdff-eb47ec63b050	38289315	38327500	fwd	OV3_Cisp0
chr5	38768176	38772319	495c9f09-ea98-4a77-873c-69eb4b1d4d45	38761544	38772340	fwd	OV3_Cisp0
chr5	39356090	39358639	d3005f96-4e62-4017-8218-269e09d0b1f4	39346928	39358950	fwd	OV3_Cisp0
chr5	41594228	41601481	8be13bc4-a628-41ff-bd2e-abab731a0d4c	41571004	41619378	rev	OV3_Cisp0
chr5	41632944	41634473	321a4ab3-8825-4b0e-aaa2-63406cbe3799	41632938	41641377	fwd	OV3_Cisp0
chr5	41869885	41879364	d00227ee-9757-4ca6-badf-a23a1788b7b9	41861451	41879381	rev	OV3_Cisp0
chr5	42566432	42580714	aa1ce72e-86c3-48e8-b257-df1ed01169b0	42558043	42588481	rev	OV3_Cisp0
chr5	43183447	43185952	472184db-6a52-4c81-bf8e-89e35784bbc5	43174582	43185960	rev	OV3_Cisp0
chr5	43595672	43597637	ed9cc195-49cb-4db4-945d-695fdc68a40b	43589062	43597643	fwd	OV3_Cisp0
chr5	45056151	45059060	39a75284-1dda-495f-a141-ab73572c08cb	45054754	45102034	fwd	OV3_Cisp0
chr5	45693038	45703734	91b4a13b-c3f5-40a8-a0d2-9684f31f42b4	45686902	45703738	rev	OV3_Cisp0
chr5	46390018	46393962	46fbd5fb-5e20-4966-83c6-85b05391526b	46390011	46398377	rev	OV3_Cisp0
chr5	49658570	49659921	94a8c165-6847-40eb-903f-92ad266fe1ea	49656261	49661859	fwd	OV3_Cisp0
chr5	50329139	50331922	ad85ea46-2cf7-481b-9dc4-d95d755cd961	50329131	50393342	rev	OV3_Cisp0
chr5	51260302	51261609	72714618-55e1-4976-ba94-fef5dc6a5569	51251594	51261615	fwd	OV3_Cisp0
chr5	52129718	52133268	8d801e95-988e-447d-92d0-c3e82f86956b	52129707	52137936	fwd	OV3_Cisp0
chr5	52569581	52572355	a4e83855-6801-4b71-a86d-5d0c1805d433	52569572	52607586	rev	OV3_Cisp0
chr5	53041678	53052423	a35465e5-0895-4a95-88af-c0ceb7a3dea3	53031890	53052427	rev	OV3_Cisp0
chr5	53387774	53389869	974b8b05-cf9e-44d7-9eee-3ce77aee5c02	53369638	53389874	rev	OV3_Cisp0
chr5	53410670	53411908	b91baddb-a329-4962-bc81-b3dd6980d028	53409314	53452116	fwd	OV3_Cisp0
chr5	54733410	54743695	67074bb6-d335-45a2-a800-7fe7bfa0b09f	54730056	54745592	rev	OV3_Cisp0
chr5	54710856	54722813	5b479c60-6bd3-4c73-8f0a-dce81378fea0	54693072	54749167	fwd	OV3_Cisp0
chr5	59668126	59670458	2a8b51da-75c7-4fb7-9568-770e9d9b34b4	59668118	59698252	fwd	OV3_Cisp0
chr5	61712591	61719390	ed871921-2dca-4de6-afb7-3608fa5bba12	61690737	61719411	fwd	OV3_Cisp0
chr5	62193225	62202197	1e20f211-b131-45a7-a227-377e9b872ce5	62192676	62219418	rev	OV3_Cisp0
chr5	65612865	65623070	9f67db65-6f71-4a77-99e6-6e8f66d3b24f	65608214	65639340	rev	OV3_Cisp0
chr5	67260602	67275281	81483005-bfcb-4468-adc7-f6c2e42f654d	67260317	67278796	rev	OV3_Cisp0
chr5	68084238	68085292	14061715-ddba-45ae-b206-a8b7f9f93cb7	68062806	68096326	fwd	OV3_Cisp0
chr5	72251265	72256960	b68649cc-d696-49a6-806a-4dd732f66e97	72251023	72262775	fwd	OV3_Cisp0
chr5	72750630	72764438	32241255-b8af-4e23-bf1b-fce37bcc2408	72744924	72804241	fwd	OV3_Cisp0
chr5	76559614	76561089	73661e1c-9707-4bed-b4b4-e3f9c01b017e	76559610	76578120	fwd	OV3_Cisp0
chr5	77671066	77674575	a0739101-8b71-4b09-b142-612117e3cfd0	77646452	77681449	fwd	OV3_Cisp0
chr5	79876437	79889163	cd1d4594-ccd6-4547-a046-f4e488a6d7af	79875916	79899437	rev	OV3_Cisp0
chr5	80669679	80673070	a63fa8d8-3031-4623-9ba2-af694fba1ca5	80651785	80674211	rev	OV3_Cisp0
chr5	81117674	81120066	a985e790-97dd-4e41-b965-584a7da021e7	81116698	81130714	fwd	OV3_Cisp0
chr5	82381899	82393532	5e55dd60-8fcd-421a-b249-d9c326c2b68c	82378350	82397537	fwd	OV3_Cisp0
chr5	85221861	85227253	ee3b7262-d734-49d1-82f3-2245dcfd4838	85221849	85240256	rev	OV3_Cisp0
chr5	86028065	86034284	1e5ce467-0fb6-43fb-b158-fc68a5e3d461	86013107	86035208	rev	OV3_Cisp0
chr5	88320287	88334615	7254f159-f168-415f-8bf2-d8fc18648886	88316490	88347328	rev	OV3_Cisp0
chr5	88805540	88813395	1084417b-6578-4088-9366-998a87b50a08	88804687	88818251	rev	OV3_Cisp0
chr5	88850166	88852355	152b6ed2-1454-41f7-a869-cc09ddcfa2c3	88840806	88852360	fwd	OV3_Cisp0
chr5	89517774	89519670	a5fb4ea6-c362-4ae6-99c1-bf5ae6e85f5f	89502581	89520615	rev	OV3_Cisp0
chr5	90314414	90319592	ab4cf625-d1fc-46cd-8913-7f9bb71f344a	90299095	90329159	rev	OV3_Cisp0
chr5	90615412	90620620	97ea3633-ef2c-4e91-a055-c4a45a56f3dc	90590297	90655714	fwd	OV3_Cisp0
chr5	90875036	90901426	c87a54e3-add3-4fe1-9e03-bfc1cb26e3ec	90869619	90905872	fwd	OV3_Cisp0
chr5	91401817	91407929	42199ab1-0fc3-4235-beb8-f8c30887bb42	91400193	91408327	rev	OV3_Cisp0
chr5	95753233	95759106	50463081-ed90-4bf5-abd5-04be4cc5c5b6	95749033	95759116	fwd	OV3_Cisp0
chr5	100114392	100117376	17d8de59-4783-4a11-a6ee-6a53a67ff085	100090527	100117383	fwd	OV3_Cisp0
chr5	100169801	100173988	19b911ba-ef3b-4466-a90b-ccab419febd8	100154487	100173992	rev	OV3_Cisp0
chr5	101459234	101468089	49f74a7c-1e34-495b-baae-acdee1b9a049	101459228	101472761	rev	OV3_Cisp0
chr5	104223314	104227465	e303e8e1-bf45-448f-95f2-df59faf73a9b	104201733	104227531	fwd	OV3_Cisp0
chr5	104281262	104285924	2b4382bb-55a2-4024-8b0c-dff1e3ce55aa	104281256	104293215	rev	OV3_Cisp0
chr5	106181542	106185107	ee5bc279-ab32-4be5-9a06-639a95120617	106168068	106188509	fwd	OV3_Cisp0
chr5	109738283	109744393	7e913d1a-998d-4640-97b2-a11e0ed4aef7	109726631	109744398	rev	OV3_Cisp0
chr5	110439707	110442780	fbbea267-284f-4999-affd-2f4f422be5e7	110439699	110472850	rev	OV3_Cisp0
chr5	111144768	111148984	3cf3c867-da4f-4aeb-87c2-a40f3cbdaf77	111144759	111159072	fwd	OV3_Cisp0
chr5	111566355	111581359	d0b508c6-1b05-4d21-9c16-03baafd80ce1	111557786	111586340	fwd	OV3_Cisp0
chr5	113281757	113285646	3424c9c6-65fb-4d01-9c9e-96b17464914a	113281740	113302230	fwd	OV3_Cisp0
chr5	114389826	114402908	cdec1241-4864-46ff-bedd-24ff3705cb25	114386876	114407994	rev	OV3_Cisp0
chr5	114819467	114824029	d894ae6c-4c21-4f9d-8b4f-94a42544d5a8	114819462	114832215	rev	OV3_Cisp0
chr5	117471415	117482495	073c8bd5-b1d8-4d56-aa64-a00a16b06dcc	117450498	117482661	fwd	OV3_Cisp0
chr5	117771764	117782149	da0c7b57-27e2-4ba6-8321-918265fc503a	117764757	117785233	rev	OV3_Cisp0
chr5	118190008	118197550	e7b19ee1-806b-4cab-84ef-d1bea26f4b64	118190002	118226508	fwd	OV3_Cisp0
chr5	121337901	121352468	22c67831-fd7d-4085-bf25-76c17742acde	121317288	121358058	fwd	OV3_Cisp0
chr5	122447619	122451897	38ab9480-b2c5-4e96-be4a-c6d6698e25b7	122447610	122462488	rev	OV3_Cisp0
chr5	124314423	124319529	dbb4ad7a-8a0e-4206-8dcb-041202e44847	124313905	124346351	rev	OV3_Cisp0
chr5	127815699	127832390	e977eed1-acef-40e5-888a-4c106809f60f	127812200	127839752	fwd	OV3_Cisp0
chr5	129312970	129320456	b7a2efbe-2356-4ae6-b56c-4f9f47087582	129301631	129325542	rev	OV3_Cisp0
chr5	132735654	132743553	e9061652-77db-4943-8693-6ca51a29d857	132731013	132753873	fwd	OV3_Cisp0
chr5	133385616	133393260	ec664450-6994-4acc-ab71-f1973007312c	133378103	133396973	rev	OV3_Cisp0
chr5	135267963	135271131	723ce6ac-6a8f-4505-9f6a-57d764def9d4	135265831	135280572	fwd	OV3_Cisp0
chr5	136754554	136765421	17612288-6ed6-4897-bebf-450082c8c96f	136743984	136766562	rev	OV3_Cisp0
chr5	142613539	142623111	c1ae3822-d7ab-4ea8-825e-db7a30df5265	142608222	142628058	fwd	OV3_Cisp0
chr5	143189197	143197965	e8fb3b4d-c5c2-473a-8a70-3f26e513f3db	143183129	143207408	rev	OV3_Cisp0
chr5	149797269	149801995	07045eeb-4dd7-4c8c-827a-73ef048f0f07	149766581	149802013	fwd	OV3_Cisp0
chr5	151562677	151570329	3772c7e8-2418-49f9-8a5c-5a575f19ede6	151561836	151585014	fwd	OV3_Cisp0
chr5	152184973	152190727	9d93e611-7519-490d-9fe7-fe6c19196420	152179169	152190732	rev	OV3_Cisp0
chr5	153488164	153489605	3282c977-b514-45e6-8734-86212da4075b	153488127	153498732	rev	OV3_Cisp0
chr5	154627287	154634221	8b642559-c904-4e26-b83e-a1edf14025a7	154627281	154645827	rev	OV3_Cisp0
chr5	159396236	159404454	c0ca3d67-2608-4473-8632-20471fdaaa89	159384109	159404459	fwd	OV3_Cisp0
chr5	163019341	163020808	c3dae00e-646d-4bf0-90fa-57cabe5fa35f	163019333	163038071	rev	OV3_Cisp0
chr5	163127076	163133110	f8aa8914-7b9a-410b-962f-bcffd6873849	163126535	163139754	rev	OV3_Cisp0
chr5	164644691	164648546	72353df8-a869-401f-906d-180b28ed62e7	164628007	164648573	rev	OV3_Cisp0
chr5	164845000	164846510	ce45973d-dc34-4c3f-9fae-3cb2fea2ddfd	164838362	164848557	fwd	OV3_Cisp0
chr5	170649429	170654001	929d80df-91e3-4490-a455-eb64b744e971	170636045	170656760	rev	OV3_Cisp0
chr5	174050974	174053682	5abaed00-4861-4db6-a611-95abacd2582d	174050969	174068214	fwd	OV3_Cisp0
chr5	174059425	174060523	5abaed00-4861-4db6-a611-95abacd2582d	174050969	174068214	fwd	OV3_Cisp0
chr5	175610358	175614541	b580c573-6fdb-4686-b797-80115218243b	175599784	175614547	fwd	OV3_Cisp0
chr5	178342052	178353593	1c1f8316-191f-4388-b0da-55b147ce13d7	178336083	178365399	fwd	OV3_Cisp0
chr5	178387528	178388752	3036fbd3-7455-4d96-8538-53d9eea84b0a	178380553	178390341	rev	OV3_Cisp0
chr5	178473752	178483422	1490243d-97c6-4668-a144-7a93fa415573	178469696	178483949	fwd	OV3_Cisp0
chr6	1912742	1917276	618eb27a-026a-4216-a0ad-f722964062b9	1911067	1927939	fwd	OV3_Cisp0
chr6	1999908	2002033	9d74ade4-28d6-4828-b769-e7bcd0d60902	1999903	2012983	fwd	OV3_Cisp0
chr6	3488461	3492691	48996740-ac7b-4a1a-a93c-9b9ac41652b5	3488453	3501893	rev	OV3_Cisp0
chr6	3702611	3710071	cb8e264f-5029-4eba-9eb2-573c45c007f3	3693591	3718508	rev	OV3_Cisp0
chr6	8163253	8167690	d3b52ead-16fc-42bc-b8a0-122d6d061b92	8160958	8167696	fwd	OV3_Cisp0
chr6	8640111	8659165	515b24dd-bd5c-4040-9e5d-be82cf851a09	8630645	8677185	rev	OV3_Cisp0
chr6	13694263	13699798	743c3f98-19c4-4a40-b841-0a4f467716fa	13689651	13714305	fwd	OV3_Cisp0
chr6	14509580	14521385	7e5f560f-fff2-4adc-b166-4bd67db4ce3c	14488703	14522712	rev	OV3_Cisp0
chr6	16708585	16724047	48c64354-e06a-4059-86ed-f71166c5c216	16707825	16731223	rev	OV3_Cisp0
chr6	17188534	17193810	5c1d82fc-6722-4c9b-904c-73ca658947f8	17186979	17200289	rev	OV3_Cisp0
chr6	18536673	18538118	9acecfb4-7b1b-482f-8acc-c72e8b6ec8d0	18523958	18538124	rev	OV3_Cisp0
chr6	20711821	20717533	9f81dba9-e52e-435f-8a05-75170029df7c	20708590	20717545	rev	OV3_Cisp0
chr6	22977009	22978310	fdbaac07-e8e2-400d-855d-078220da3e89	22964007	22978316	fwd	OV3_Cisp0
chr6	23601790	23611827	f05d3420-3cf3-41f0-ac93-4fed96211f31	23580951	23624380	rev	OV3_Cisp0
chr6	25013185	25021429	22df39e9-ac5a-4540-984a-37ff42ad9b13	25011941	25026672	rev	OV3_Cisp0
chr6	25046594	25052974	74685b69-930f-4657-8ce7-362924f658af	25032236	25053581	fwd	OV3_Cisp0
chr6	26849874	26854208	988c9cc7-2d89-4e92-bff3-cf68569ec454	26847334	26865907	rev	OV3_Cisp0
chr6	34808435	34815500	dbd7513e-c575-426d-8ba7-2c79b856ac1f	34793566	34815508	fwd	OV3_Cisp0
chr6	35259886	35268284	a5b6ab18-d982-426b-ba57-5d2fa9716c3b	35258019	35276309	rev	OV3_Cisp0
chr6	36406593	36410391	651b7f6e-b978-4a78-99c3-cad605227668	36401316	36410396	rev	OV3_Cisp0
chr6	36686127	36692970	54490c18-29f0-4c73-acbd-fb70ccfbf8dc	36680365	36698014	fwd	OV3_Cisp0
chr6	41030736	41033844	c40d2ee3-aafb-4396-9ebd-26a919f37b1a	41030730	41042082	fwd	OV3_Cisp0
chr6	41433822	41437637	46cbf326-d5e7-447b-9d0b-ba3f00a0ff48	41409624	41452174	fwd	OV3_Cisp0
chr6	44826000	44830846	21735826-015c-411d-ac03-d08ffc914479	44813200	44833953	fwd	OV3_Cisp0
chr6	47220899	47231137	9a15f958-4144-4d77-b0fe-73e17b9f4e59	47211853	47242424	fwd	OV3_Cisp0
chr6	48116395	48119804	2f64dfc3-7d5f-4982-a5c2-0af0b4f37975	48094352	48119809	fwd	OV3_Cisp0
chr6	49612670	49616456	c754cc74-9008-450e-b6da-6e2995fd179a	49586844	49616462	fwd	OV3_Cisp0
chr6	51110053	51134843	8b7eae95-1ed8-4997-8c03-00f419007517	51108035	51147397	fwd	OV3_Cisp0
chr6	51342890	51345806	004d2237-536c-473e-b3e1-24c4156e586d	51342755	51367410	rev	OV3_Cisp0
chr6	52622852	52623907	fc13d9b8-f9a6-4515-a9fb-6cb8f5d4b1be	52589694	52630763	fwd	OV3_Cisp0
chr6	55357640	55361340	b93b125d-5fbe-4f96-865d-7bd7dd119c6b	55351936	55361347	fwd	OV3_Cisp0
chr6	55889818	55908579	f93a21c4-6175-47b1-860b-676f377a358e	55889813	55918134	rev	OV3_Cisp0
chr6	57561314	57566515	ede527c2-7498-4852-b802-07433388320e	57546818	57566523	fwd	OV3_Cisp0
chr6	70303827	70308363	b49f0d26-7e36-4e7a-a2d3-10ab6d0fd5b6	70303818	70314459	rev	OV3_Cisp0
chr6	72873359	72885847	78ddcbac-b818-48d6-bc40-f963b4d233a5	72873345	72929069	rev	OV3_Cisp0
chr6	73507876	73512298	45167189-e763-4bf8-88e1-78207f151763	73507851	73522620	fwd	OV3_Cisp0
chr6	74692399	74695411	73b3162e-5b4a-48a4-ad3d-ee669821c451	74686911	74698789	rev	OV3_Cisp0
chr6	75089902	75095068	bae2ab91-6f5c-4023-8b6b-a7861b9902b1	75076955	75095073	fwd	OV3_Cisp0
chr6	78236200	78237897	eee4b442-1f0d-410e-ad86-c0c137acba8c	78236196	78255119	fwd	OV3_Cisp0
chr6	83626926	83628846	2bb59ee2-07c0-4778-9f95-68b263c0f50f	83619408	83628859	fwd	OV3_Cisp0
chr6	84485722	84493854	8486dcc5-e1cc-435f-949c-da268f28e9c4	84480281	84493858	rev	OV3_Cisp0
chr6	85410967	85425115	259277d1-b418-4a2a-a28a-032941bcff74	85404135	85426520	rev	OV3_Cisp0
chr6	85539435	85551544	294b79cd-fd3d-4f9a-a124-0d56b6b8524a	85528684	85552472	fwd	OV3_Cisp0
chr6	90079733	90094438	73fa1f20-21f8-4e51-a61b-1fe590f54a20	90065738	90101961	fwd	OV3_Cisp0
chr6	90579358	90582608	f36136ea-c12a-4316-a674-cecea37e3ccc	90568168	90582623	fwd	OV3_Cisp0
chr6	91742745	91747971	03accb85-9390-4295-88cd-ac66344f1810	91742731	91756173	fwd	OV3_Cisp0
chr6	92630033	92633112	80938786-c88a-449a-ac9b-342967dcc9bf	92611948	92633122	fwd	OV3_Cisp0
chr6	93405103	93413577	4a1a2eb4-8c4a-4c61-8cbd-a058ba72e4d2	93387664	93419116	fwd	OV3_Cisp0
chr6	98295997	98313357	cc2acf10-4efa-405b-9cab-685c48d6c25a	98293708	98313884	fwd	OV3_Cisp0
chr6	99218826	99221098	e84fca6b-3819-4712-aa6a-e761a6367198	99217523	99242333	rev	OV3_Cisp0
chr6	100139812	100147386	f5f4298f-5609-4fe4-a365-c7888ca219ae	100132297	100152204	fwd	OV3_Cisp0
chr6	102128505	102139718	b02414b7-2bae-44f0-990a-80bc48f96722	102110709	102139722	rev	OV3_Cisp0
chr6	105527324	105531077	6a6d7807-52cc-47cf-b6d5-d825b18a343c	105515257	105531081	rev	OV3_Cisp0
chr6	106636866	106640910	69fe2d82-61d8-4ca3-a1e5-ed5acc9cab57	106588915	106640914	rev	OV3_Cisp0
chr6	106732526	106738214	9b6de719-f389-4c5e-9221-d4d32bacf8eb	106732513	106751709	rev	OV3_Cisp0
chr6	108067753	108083999	ff21b395-7206-4cc6-85f7-666a3dcb655d	108055333	108098435	fwd	OV3_Cisp0
chr6	110261979	110268605	ca4c3117-f25b-46ca-abe8-eb56800f61fb	110239532	110270212	rev	OV3_Cisp0
chr6	110739086	110748088	1ebe3d4b-734a-4685-a276-085722adf0c2	110727049	110766715	rev	OV3_Cisp0
chr6	112388331	112400662	e93ecf64-65dc-45f8-abc1-f8128145e95d	112386076	112411333	fwd	OV3_Cisp0
chr6	113416985	113421935	545607ab-08ad-4c9e-9962-7350780ab49c	113416974	113430043	rev	OV3_Cisp0
chr6	113755602	113765021	27e25e62-6d5a-4f97-ada3-d65be23b4427	113741958	113765026	rev	OV3_Cisp0
chr6	114004747	114010392	4c623565-b227-439d-8f81-95a0774613fb	114004742	114015310	rev	OV3_Cisp0
chr6	117068532	117072477	a3fc5128-ff3b-4acd-9796-16b9fd37acc4	117068524	117074898	rev	OV3_Cisp0
chr6	120255900	120269417	79e5bf6f-0ce6-4101-94f3-35618d358532	120254298	120300363	fwd	OV3_Cisp0
chr6	121874889	121883216	c7ef469c-85ab-47e8-b295-a97435fb0ed8	121861525	121911644	fwd	OV3_Cisp0
chr6	122211661	122221574	d4279e0f-5bf7-4c05-b078-d33289ad25a3	122206470	122221772	rev	OV3_Cisp0
chr6	122819032	122827920	d9b62e46-b1f7-4883-98ca-b33b5bc8ab1f	122813855	122827926	fwd	OV3_Cisp0
chr6	124268350	124275274	00b1fb56-598a-4723-82b4-16aa103022b3	124265422	124281979	rev	OV3_Cisp0
chr6	124300804	124313311	5891690a-0e1f-4f53-8775-11244dea649f	124300799	124320058	fwd	OV3_Cisp0
chr6	129884819	129886007	6b833286-480b-4181-821c-349d10a41d4c	129876062	129886012	fwd	OV3_Cisp0
chr6	132442201	132448952	7f6bbd11-2525-4db5-96f3-1816ff916241	132430886	132473351	rev	OV3_Cisp0
chr6	133721978	133726757	52e0f209-8a93-4325-8cb6-fc60251bbe12	133721973	133748248	rev	OV3_Cisp0
chr6	133787830	133792897	c5cb2d4f-49d2-42f7-964d-9878db4217b5	133787824	133802862	rev	OV3_Cisp0
chr6	138348883	138353641	d0d1286a-2a46-4144-9897-ff5287d5a6d7	138343441	138353651	rev	OV3_Cisp0
chr6	139680561	139683106	e0bbf786-dd22-4dda-9aa1-f8cf166e3fe5	139680556	139699459	rev	OV3_Cisp0
chr6	140734697	140735750	be62ccd1-bf91-4a6e-a9be-241847bf514e	140734692	140741460	fwd	OV3_Cisp0
chr6	142115093	142117944	8fcec37c-cc73-44fb-969c-5a00572932bc	142113715	142130989	rev	OV3_Cisp0
chr6	145008119	145015095	b5f722db-5a11-4d81-a10c-c4db72a4c4e6	144985017	145015739	fwd	OV3_Cisp0
chr6	145486981	145489975	587b5dd4-fd3d-40b2-9e15-d1f9c7463461	145480038	145509840	fwd	OV3_Cisp0
chr6	146544918	146547465	ca231d69-892a-42e2-9b9c-be75797d4704	146544911	146559086	rev	OV3_Cisp0
chr6	148173199	148183075	b6449754-d3ce-403d-8280-e5098a3c5aec	148173181	148191774	rev	OV3_Cisp0
chr6	150694400	150698455	a56e906c-19c7-416c-b164-0e1c367d189e	150694396	150712994	fwd	OV3_Cisp0
chr6	151382656	151384544	0a716762-1b55-484d-8bf7-650a86df8633	151369903	151384550	rev	OV3_Cisp0
chr6	155144560	155149297	9f7dd7bd-b81d-4756-8310-f5f7acc14d7e	155108864	155149302	rev	OV3_Cisp0
chr6	157350761	157355206	b45685a0-f466-4335-86e3-e39d5755b490	157350751	157361119	fwd	OV3_Cisp0
chr6	161963674	161965509	813771b8-c77a-4a7f-94f0-3dacce7add3a	161952416	161965513	rev	OV3_Cisp0
chr6	164258872	164265350	eabf1c87-68ae-4eae-9b60-0bd075f83fea	164236155	164265354	rev	OV3_Cisp0
chr6	165671155	165680339	a2153a4e-f355-4301-9d0f-fc8c594a9df8	165655183	165694459	fwd	OV3_Cisp0
chr6	165724271	165730790	fb4dc9f1-faad-4cc7-852f-51d6cf0a40d0	165716939	165737557	rev	OV3_Cisp0
chr6	166146192	166155584	4d7871ac-f2b1-4179-8644-e382ea31ad01	166145242	166183244	fwd	OV3_Cisp0
chr6	168521404	168524622	3c0093d5-4034-4bf6-a5e3-22b66e1243db	168518545	168524628	fwd	OV3_Cisp0
chr6	169509142	169515035	ef1c7149-f8db-4676-af4f-36e8a2a04611	169501961	169515088	fwd	OV3_Cisp0
chr7	2397903	2402513	38988372-2078-40bb-83f7-c8e9c418e702	2389645	2419066	fwd	OV3_Cisp0
chr7	9824904	9836418	6332605c-f038-4bd9-919f-4691c2f91314	9824896	9871249	fwd	OV3_Cisp0
chr7	14752861	14755878	b2ab54c6-d4ce-4448-b74b-7884eff6a344	14752856	14764889	fwd	OV3_Cisp0
chr7	15489958	15493971	1d5885aa-2cce-49f8-919c-ee926ab53f3b	15489946	15495808	fwd	OV3_Cisp0
chr7	15815565	15821622	5c719ed1-67a7-40c0-b53a-d2c79d1d1626	15815554	15828744	rev	OV3_Cisp0
chr7	19146553	19147924	1a69f5a0-cc55-4a05-acfe-ad4cd96a24cc	19132811	19147929	fwd	OV3_Cisp0
chr7	19782735	19790923	dc24b377-0407-4a57-865e-383d8394744e	19782728	19799225	rev	OV3_Cisp0
chr7	20103657	20110006	9f271fa4-d842-4cc6-951a-bff13f2a74b8	20103652	20113805	fwd	OV3_Cisp0
chr7	21451481	21460529	43ae0014-2366-4d40-b525-9c2e7df02c53	21441341	21472049	fwd	OV3_Cisp0
chr7	25555319	25560248	5b163bba-3bd5-4596-ab92-56480268fef1	25543842	25578050	fwd	OV3_Cisp0
chr7	26511634	26523615	c42d08c7-03e7-4710-ae04-b644f4ed93f8	26501109	26529519	fwd	OV3_Cisp0
chr7	27771144	27775859	0f1b558a-a0a7-47e0-8e6e-7023f1655e79	27758490	27775867	rev	OV3_Cisp0
chr7	29081149	29100619	00c645c4-3364-4589-8b89-a8fd5ffe4bc9	29055962	29100692	fwd	OV3_Cisp0
chr7	30873871	30879110	0f9a7f59-86e5-4dbc-bf3b-48e16d162c4a	30860317	30879116	fwd	OV3_Cisp0
chr7	31797894	31801655	fc41b800-893d-43c8-b684-056a7107d1d6	31797880	31807118	rev	OV3_Cisp0
chr7	32033044	32037029	3e518182-4a86-40d9-b236-1a0906ad5a06	32033038	32043264	rev	OV3_Cisp0
chr7	35285820	35287038	5b832f6c-536c-441d-873b-c6cd8e9da5e7	35285809	35305032	fwd	OV3_Cisp0
chr7	37635549	37658790	50ab17c5-bd02-4d34-86b1-98ae44927f6d	37626035	37668306	fwd	OV3_Cisp0
chr7	38141341	38146380	736e136a-1db3-4610-9c6b-7f7bb9a33cf2	38140680	38150446	rev	OV3_Cisp0
chr7	40464268	40470561	82d01c96-547e-48f3-92c9-005349d70edc	40441659	40471072	rev	OV3_Cisp0
chr7	43395080	43400966	91fd3f79-922b-4ac8-8d3a-3b5748c159bc	43391649	43416095	rev	OV3_Cisp0
chr7	45015458	45016522	30810c4a-5aac-4c43-8405-0e14752a86f3	45008619	45037687	fwd	OV3_Cisp0
chr7	45119670	45127922	aa3e022a-155b-4268-855b-8c2bb4d4e546	45107394	45130087	fwd	OV3_Cisp0
chr7	53953679	53965153	e9380d2b-5fd0-44d3-b68a-dcd6ebb93b75	53933490	53978634	fwd	OV3_Cisp0
chr7	54113657	54118308	f93881e2-63c2-4960-9964-1ea9ec95db6c	54091139	54128920	fwd	OV3_Cisp0
chr7	62348081	62350931	2224c52a-ef9d-4f46-ba05-7350bab12a5f	62343496	62358864	rev	OV3_Cisp0
chr7	62665162	62666696	669339bb-5186-4d33-8778-a34ed492f94b	62650528	62666704	fwd	OV3_Cisp0
chr7	66454400	66457995	5b289423-3a91-4ea3-a352-723b4a701dbb	66443749	66457999	rev	OV3_Cisp0
chr7	67229006	67241662	a5e8c481-43ed-4e4c-99bc-6a0bc704156a	67219522	67246670	rev	OV3_Cisp0
chr7	71641512	71645462	e0d2deb4-27e8-44ca-b61c-be0ff737b302	71632445	71645471	rev	OV3_Cisp0
chr7	76086803	76089344	0b6ac1ea-f42f-41dc-82ab-e52e7cc1f3c5	76078765	76089350	fwd	OV3_Cisp0
chr7	77551454	77566195	f3ee778c-601c-4d74-b787-e8518e900c84	77551447	77568790	fwd	OV3_Cisp0
chr7	81123200	81131689	6c6a654e-c1c3-4505-b1b9-28161971d404	81112299	81135223	rev	OV3_Cisp0
chr7	81910100	81919176	f2b2d773-8543-4921-8a32-d754a7f09ad7	81910091	81925740	rev	OV3_Cisp0
chr7	83871977	83889614	e3cf787f-f4f5-4af9-ae4e-df098925c72e	83865749	83889714	fwd	OV3_Cisp0
chr7	85458257	85464674	7bbbc146-61b3-41f6-b051-1af08933eb74	85445917	85474329	rev	OV3_Cisp0
chr7	87480490	87483832	0abf8711-537e-4e70-9a77-ccd5f6a4466e	87458676	87483838	fwd	OV3_Cisp0
chr7	90648921	90661054	bdfc5fbd-a782-4d00-8d84-c05037434275	90644616	90679222	rev	OV3_Cisp0
chr7	91180181	91189233	014fb36d-8d90-4545-a765-137b60487136	91177286	91196207	fwd	OV3_Cisp0
chr7	99642460	99643613	d0999f65-8161-4b4d-ad84-7252c0c37975	99642453	99652290	fwd	OV3_Cisp0
chr7	105154170	105158003	1bae3693-73de-4438-af12-26bbadf1a0ab	105142290	105164323	fwd	OV3_Cisp0
chr7	107237959	107241034	10f41a6b-ba43-48f2-8ab6-d0b885056798	107237955	107245783	fwd	OV3_Cisp0
chr7	107515680	107521308	c5c3da6a-73eb-4e3c-8812-2eb2b8d18558	107506982	107524696	fwd	OV3_Cisp0
chr7	108769817	108775470	1e64d14e-a504-417b-b1ca-a1b0f06da5a6	108754514	108775475	rev	OV3_Cisp0
chr7	109864291	109876591	b2a2e4d0-b1a6-42dc-905f-dc06da903a5e	109864286	109897014	fwd	OV3_Cisp0
chr7	110896850	110897957	06dba6b3-9004-4093-a692-5fcc080514b5	110883035	110897962	rev	OV3_Cisp0
chr7	113279873	113283775	8ba5f44f-d166-466f-86be-452d3f2bb61f	113265953	113283782	fwd	OV3_Cisp0
chr7	113983033	113985170	b3f373a6-2b5d-4530-a421-358b99fb3eee	113958902	113985175	fwd	OV3_Cisp0
chr7	115328997	115340378	97b6cb4d-8ab8-426a-b4e7-6a46d32c995b	115328992	115349754	rev	OV3_Cisp0
chr7	115457347	115465214	47484781-e0b0-4d72-8bbf-5d4db693abdf	115457340	115473884	fwd	OV3_Cisp0
chr7	115706280	115720821	229b6673-6697-43b3-8e45-14ec7b08a2cc	115706275	115737853	fwd	OV3_Cisp0
chr7	115979573	115984036	ab9bf895-a2f2-4d2d-a0f3-2544346acd0c	115979566	115989343	rev	OV3_Cisp0
chr7	116540508	116543758	9b1c06ef-6da0-40df-843e-212ecda7e9a2	116538985	116549146	rev	OV3_Cisp0
chr7	118483872	118488346	ac3d8f9e-1029-44c1-bb1b-1c0d83da6130	118440334	118493530	fwd	OV3_Cisp0
chr7	119112916	119117454	13a3c1b3-56ce-40b9-87d4-913ce54f4a12	119103853	119121465	fwd	OV3_Cisp0
chr7	119595161	119604829	c8945057-bfd0-45cd-94d5-57807554276f	119595154	119654348	rev	OV3_Cisp0
chr7	122297761	122300878	5b390053-d24d-4385-bc22-3b035d7eb5ae	122295361	122300882	rev	OV3_Cisp0
chr7	124460166	124471252	762a1866-5d06-4117-b336-aa110dfa4425	124436500	124471256	rev	OV3_Cisp0
chr7	131274585	131279154	53cc5196-b2bd-4ac5-bf22-59685529eaad	131274580	131296026	rev	OV3_Cisp0
chr7	131877749	131890503	94aa59f5-c1f7-4e7d-91cf-1f941bc87cc4	131874683	131890714	fwd	OV3_Cisp0
chr7	134310807	134311990	e6c61d10-8ae0-4545-b1d5-a372f1bdfa47	134309236	134322252	rev	OV3_Cisp0
chr7	134660383	134663153	a96b3f03-279e-436b-9d60-1d0aee7af7d7	134650308	134663158	fwd	OV3_Cisp0
chr7	135207476	135210943	3882dd51-a7c4-4d6c-8c7f-ef6331a0a68a	135207471	135248092	rev	OV3_Cisp0
chr7	138421386	138424297	066a0be7-5fcf-48d6-ab2d-61049b054174	138418291	138429413	fwd	OV3_Cisp0
chr7	140780670	140788165	2b8a488f-01a1-4267-ae42-d6fe2f2ac376	140771497	140788176	rev	OV3_Cisp0
chr7	143895728	143903352	35868066-e734-45f9-ba8e-a164f077bdf3	143863851	143903357	fwd	OV3_Cisp0
chr7	145227255	145228361	8c7d0771-bb4e-432d-8fd4-a9dc1d46be2a	145225660	145234858	fwd	OV3_Cisp0
chr7	149396062	149400966	17976c77-99ba-4157-bd53-dc1e1f1a48a8	149382518	149406560	fwd	OV3_Cisp0
chr7	150015927	150018836	c1d27905-fa59-4fa6-bffc-a05d905fde3b	149997072	150018840	rev	OV3_Cisp0
chr7	152426317	152434142	dd8ab725-e837-4143-9788-d0859b84d30d	152426312	152441036	rev	OV3_Cisp0
chr7	156047346	156057488	0be22511-a071-4f33-b294-5fcfa7464193	156046734	156081977	rev	OV3_Cisp0
chr7	156663136	156665797	afa02897-40af-48de-a7e4-ac37a3710006	156658221	156665805	rev	OV3_Cisp0
chr7	157006875	157012353	163d370a-320e-4120-8738-0d80903d1b06	156999538	157013293	rev	OV3_Cisp0
chr7	157585581	157588123	f50dcd04-c80d-42cc-a3a0-a8af3187ec8b	157571946	157589296	rev	OV3_Cisp0
chr7	158583152	158586161	4a783407-a6e8-49c3-a570-3b82d5fcb516	158563278	158586722	fwd	OV3_Cisp0
chr8	6970380	6978485	3df49533-9cd1-46ce-9cee-f80d09fdd926	6963789	6984561	fwd	OV3_Cisp0
chr8	8537505	8541116	36e5710d-cf6e-475a-be6d-cb7bfa25b19b	8498432	8541122	rev	OV3_Cisp0
chr8	11733949	11735735	cac82ab0-be10-4989-9256-7f58b66c7594	11733928	11747685	rev	OV3_Cisp0
chr8	14439136	14448121	cf8a7245-096d-4ec3-af5a-b8ba4b4481d6	14439127	14462474	rev	OV3_Cisp0
chr8	15295649	15300956	6b775256-d070-4275-b1de-cfa938f3f120	15295643	15314074	fwd	OV3_Cisp0
chr8	15351126	15354360	81ef290a-0f60-4cfd-bd92-effd472b1993	15347239	15372844	rev	OV3_Cisp0
chr8	15492131	15498005	0687532e-c49b-4a29-b2a1-6ac6512a1744	15478403	15519144	fwd	OV3_Cisp0
chr8	16699703	16709460	181f50b1-0822-4094-8b56-2c930991802e	16695691	16736766	fwd	OV3_Cisp0
chr8	18424061	18428082	4cc850b4-03bd-4ab7-8f9f-3e15ad36193e	18424049	18457530	fwd	OV3_Cisp0
chr8	20958250	20964435	d490dd0e-c94b-4028-935f-3a54daa8beb7	20941504	20985649	rev	OV3_Cisp0
chr8	21964079	21968956	e34cee08-f461-450a-bff7-d3707ad774c6	21964070	21991311	fwd	OV3_Cisp0
chr8	26173360	26176751	396b60fe-04ef-4064-8789-0fcf38ffa1c9	26168115	26176758	rev	OV3_Cisp0
chr8	26197358	26212176	c9c76ae6-5da6-4293-b759-afd2bf53b39e	26192474	26223362	fwd	OV3_Cisp0
chr8	26581735	26587044	2d7e45e1-0ba5-49c7-962d-f4e916566baf	26548653	26593280	rev	OV3_Cisp0
chr8	27653268	27654409	06436faa-d13a-4c68-bb12-d9db5ff13e01	27640080	27654559	rev	OV3_Cisp0
chr8	27736483	27747671	5afb3647-c882-493d-93cf-3e7874888bbd	27728564	27756345	rev	OV3_Cisp0
chr8	27857907	27867092	eea2d234-53d8-41c9-b281-afe7ce6a23d7	27840800	27868137	fwd	OV3_Cisp0
chr8	28136734	28149605	ad719b4a-313f-44bb-bc5f-1d9d00436883	28136727	28155581	fwd	OV3_Cisp0
chr8	29780366	29782527	cdd95965-8f99-4377-9bbb-ff1877087bad	29760820	29782532	rev	OV3_Cisp0
chr8	31694012	31699959	088bfb79-518d-4749-9946-bd5c12fbcefb	31693269	31707148	rev	OV3_Cisp0
chr8	33969003	33982345	589941ca-35a6-4933-96d0-52d5defae47f	33949369	33994538	fwd	OV3_Cisp0
chr8	34961866	34965970	14d91de4-b94b-428b-95ba-e63eef53be17	34954440	34965975	fwd	OV3_Cisp0
chr8	36681078	36689230	5808ca5b-fbbd-4b97-a058-37aa78178b7a	36681073	36704976	rev	OV3_Cisp0
chr8	37111909	37117325	86032f02-5e6a-48bd-8044-bc2a5e3cc364	37111904	37137699	fwd	OV3_Cisp0
chr8	37466109	37468183	0f9c74da-f042-498f-b36c-337277b3756c	37466105	37481448	fwd	OV3_Cisp0
chr8	37980130	37981664	05c6b53e-6e2b-45e2-8cc9-f854ccd76d42	37960870	37986444	fwd	OV3_Cisp0
chr8	38197296	38216091	e67b6385-3c2e-450c-a5f0-77fbfc0db8c3	38193123	38216096	fwd	OV3_Cisp0
chr8	40419736	40422866	329da86d-b854-4cc7-80b6-611d3f92a19b	40419730	40448205	rev	OV3_Cisp0
chr8	41101213	41104582	2b9ac0d2-ce56-43f6-b584-9ee4ec1c2a8e	41100246	41115238	rev	OV3_Cisp0
chr8	41216894	41221734	b75c2820-c352-45ef-996c-485f7b43c427	41216870	41241826	rev	OV3_Cisp0
chr8	42712044	42719216	4c82dbb4-195e-43e6-a261-58f193a3a74b	42701581	42724027	fwd	OV3_Cisp0
chr8	46356435	46365928	dd1bcf16-962c-4849-bfac-1b4d1f17092d	46356058	46375989	fwd	OV3_Cisp0
chr8	47437500	47448011	f1400318-9b5d-4b47-8696-874afee68b45	47420848	47448020	rev	OV3_Cisp0
chr8	48318202	48331669	107686ff-9126-42f7-b098-b14cfdf0682f	48314165	48348746	rev	OV3_Cisp0
chr8	48697470	48721270	8e6b5ea3-1452-4305-8ae1-efd8bca2e31e	48679763	48721962	fwd	OV3_Cisp0
chr8	51048191	51053611	25ae4947-e49f-45d4-8782-9fb8698107c2	51046933	51091490	fwd	OV3_Cisp0
chr8	51275105	51293774	7f1b1bfe-0afd-49da-bc6c-13c623c81d77	51275100	51297711	fwd	OV3_Cisp0
chr8	53057663	53067068	965b5db9-71c5-4560-966a-95de39cad94e	53026886	53067073	fwd	OV3_Cisp0
chr8	53796361	53801117	efde483e-302c-405a-8ba6-89abf8089dce	53796356	53807521	rev	OV3_Cisp0
chr8	55203286	55204491	50a09511-25c2-42b2-94b2-d9b2a544f05b	55203280	55209036	fwd	OV3_Cisp0
chr8	60563394	60567319	8ae8145c-0287-4eda-8d2c-30f1e5f328ec	60563387	60575238	fwd	OV3_Cisp0
chr8	62003099	62011237	71f5a775-7385-4fd3-ae90-3a96b08d41aa	61996000	62018877	fwd	OV3_Cisp0
chr8	65281414	65285058	847870cc-3422-46e8-a1ba-4663d5916fad	65281408	65292479	rev	OV3_Cisp0
chr8	66194002	66196265	6ac24785-ccab-42ee-9145-80d9b60777a3	66193994	66204765	rev	OV3_Cisp0
chr8	66698034	66705186	fda1a8a9-98e4-4532-9902-2e2423783781	66694569	66717121	rev	OV3_Cisp0
chr8	68996235	68997429	bf98c988-8871-477f-836f-91403c7a6eb0	68995738	69019226	fwd	OV3_Cisp0
chr8	69183600	69186762	1cc167cd-9fb5-4c13-925f-d716c3b926fe	69176116	69198326	rev	OV3_Cisp0
chr8	69472066	69476772	3d4e7709-3114-459c-8ced-7aceca1e4a78	69472060	69491843	fwd	OV3_Cisp0
chr8	69940799	69950473	0ac7231d-b86c-4568-a8ec-f58fdfcc3113	69939807	69974351	rev	OV3_Cisp0
chr8	70045461	70046756	2186651a-93df-48cf-a8ca-441cb535a29f	70038676	70046762	fwd	OV3_Cisp0
chr8	70221176	70227704	f843a4f2-2994-40ef-9a3d-8c306de8149d	70221171	70238168	rev	OV3_Cisp0
chr8	72874183	72905941	1c5b05bd-867f-4cef-a4ff-68fff0842646	72857698	72925118	rev	OV3_Cisp0
chr8	73966515	73968517	85ed6796-2037-4dd1-8df9-4ed720377c84	73960149	73968523	fwd	OV3_Cisp0
chr8	74577967	74595558	b6982672-a841-46e0-9c14-4947e6b44d5d	74564171	74595564	fwd	OV3_Cisp0
chr8	75143412	75152479	d0c477cc-c33b-446a-8cc8-37e8717801a3	75130443	75152559	rev	OV3_Cisp0
chr8	75824132	75828801	4290e21f-4f03-488b-ba32-22fb213c7a07	75802330	75828946	fwd	OV3_Cisp0
chr8	80577065	80599666	c084253c-d05e-45b5-95b7-c5f8dff9ba1b	80566740	80600747	fwd	OV3_Cisp0
chr8	81170902	81182225	2099cbca-2c0e-4efd-b3e8-b46fc6cda9aa	81163934	81182231	rev	OV3_Cisp0
chr8	81381720	81383389	5ca1edc0-ee75-4adc-93a2-b88e8a40b0aa	81371356	81383394	fwd	OV3_Cisp0
chr8	82884322	82891181	743cd090-8519-4060-b384-f1318a389f5a	82879049	82892110	fwd	OV3_Cisp0
chr8	85905251	85910818	8e64c998-e983-49d1-bcf2-e92709a53a10	85905247	85918378	fwd	OV3_Cisp0
chr8	86846769	86850279	7dbf4de3-d239-4f71-bb7e-8b0b595122b3	86833982	86850284	fwd	OV3_Cisp0
chr8	88277010	88286221	27b2502d-a8dd-4d12-9330-3bf8f6a7a55b	88262371	88286575	fwd	OV3_Cisp0
chr8	89474203	89480871	525b109d-f950-4e7d-8a8b-097fc0b3cf2c	89474198	89488966	fwd	OV3_Cisp0
chr8	91548311	91552562	098786c7-59b4-4c01-a521-3ec0c46bb0ff	91539015	91552574	rev	OV3_Cisp0
chr8	93113383	93116675	9dcab4f9-56b7-4a4b-9c26-e708d68a0d87	93113371	93127469	fwd	OV3_Cisp0
chr8	93346520	93354455	c9bda447-e00b-4ad5-9d03-eb5dcec1841a	93346512	93368593	rev	OV3_Cisp0
chr8	94094538	94102856	a403a77b-fffa-4638-b8d2-d939507e1340	94088777	94108183	fwd	OV3_Cisp0
chr8	94566053	94569229	8f01d672-8e5d-4545-a4f0-931dbc041d6f	94566044	94572053	fwd	OV3_Cisp0
chr8	95207271	95211593	9bc387dc-7b12-4f27-8a69-b6dd210f0c82	95201412	95211601	fwd	OV3_Cisp0
chr8	96164780	96170220	04d283cd-39b8-4245-bd75-eb90e2643433	96132239	96172257	fwd	OV3_Cisp0
chr8	96320844	96322060	5cbfbdce-73be-4ac7-80ab-4c4c4408b404	96318848	96337361	rev	OV3_Cisp0
chr8	96737272	96740529	8bd7d9a1-2c54-4bb5-bb0f-24ecdfce4a34	96730670	96740534	fwd	OV3_Cisp0
chr8	97634705	97638307	e3e9dacd-7da6-450c-885b-5c749f6b9a79	97633872	97642516	fwd	OV3_Cisp0
chr8	98015597	98018977	faa5ba5b-79a5-46aa-a3ff-6c7774bef1f6	97986103	98018982	fwd	OV3_Cisp0
chr8	98336164	98340982	319f2381-6f90-4a83-a230-e390c3d8c0cc	98336157	98351173	rev	OV3_Cisp0
chr8	100566003	100570393	7997ec8f-d6fe-4e2c-9f78-6f39fb01dfad	100565998	100578365	rev	OV3_Cisp0
chr8	100840698	100856645	cada5154-8b15-499c-9b9e-6d0d060158c5	100832995	100858490	fwd	OV3_Cisp0
chr8	100985551	100992962	2cb20293-b2c9-430e-b53f-99a49deb659b	100980071	101005506	rev	OV3_Cisp0
chr8	103009393	103019865	d7d21b75-b7be-48d5-aa68-bebb71e4123d	102948558	103025275	fwd	OV3_Cisp0
chr8	103103020	103106652	2c32dd76-6f87-487f-aab5-3f4b10bc61cf	103092815	103126802	rev	OV3_Cisp0
chr8	103398278	103400219	0fa7cbaa-d3d3-4a6f-b15a-771d143fee6d	103382949	103400227	fwd	OV3_Cisp0
chr8	103550261	103553438	9335e6c2-fb81-4b3a-b37a-fd56f82445d4	103542616	103553446	rev	OV3_Cisp0
chr8	103873787	103880262	f309e2ba-b312-4c10-833f-78cb3f88e240	103851800	103886805	rev	OV3_Cisp0
chr8	108666906	108668486	1b948fdb-a3c1-4a25-bc44-7865c4701f06	108666898	108679525	fwd	OV3_Cisp0
chr8	110774573	110777801	6711e124-06db-4f6d-819f-cc7fcbd57d86	110770228	110778485	fwd	OV3_Cisp0
chr8	115427309	115439107	4ecb38cd-bc6a-43a4-8357-2fc1fd8a0663	115419097	115439272	rev	OV3_Cisp0
chr8	117967813	117972405	bb426387-1263-4dd6-bc25-d03aa805edb2	117967805	117993821	fwd	OV3_Cisp0
chr8	118421074	118427124	474b70af-72ca-4e73-962d-0cf8b900a475	118409964	118427128	rev	OV3_Cisp0
chr8	118804334	118810057	f7fdece4-4b5a-4936-abbd-7e03150f2d3d	118786452	118810099	rev	OV3_Cisp0
chr8	119034403	119043655	93f8ac9f-de96-4ccc-8d86-30914a609e88	119030499	119043659	rev	OV3_Cisp0
chr8	119851703	119857153	76b9b384-5a13-4e6d-8888-785673064fbe	119848255	119865971	rev	OV3_Cisp0
chr8	119983240	119992503	29470c49-1f44-468c-9890-acaa161ac0ab	119983236	120007015	fwd	OV3_Cisp0
chr8	123426690	123430957	1aace483-dbb8-49c2-b9d8-420ceeda5b72	123410056	123431494	fwd	OV3_Cisp0
chr8	126297832	126303174	1d93bcca-a1cb-4f83-bed0-aebc29e4c51e	126297828	126315817	fwd	OV3_Cisp0
chr8	126468380	126479463	6414ba7a-9557-44b7-8b37-b904b6c6f806	126438225	126482473	fwd	OV3_Cisp0
chr8	127322856	127327857	c5de4e30-47a7-434b-bf3e-0335306527b2	127322033	127335426	fwd	OV3_Cisp0
chr8	129964970	129967740	93f4c9ff-fbda-4a80-b416-736114ca6f58	129964963	129977828	rev	OV3_Cisp0
chr8	130768644	130770064	0e0750f9-76ae-4882-9a3c-d1aca5c62905	130750442	130770069	rev	OV3_Cisp0
chr8	131886592	131891330	062ecc72-7cfd-45dc-b477-1fc5b7403e14	131886588	131900967	fwd	OV3_Cisp0
chr8	133382389	133386083	110a8936-0cfd-4749-939d-9b6f885d81e3	133376458	133394997	fwd	OV3_Cisp0
chr8	134018209	134027128	22904d5f-f394-4fd6-9a57-38d6eb0ce836	134006531	134046213	fwd	OV3_Cisp0
chr8	134364313	134372966	17b8a9f3-3f8a-4a51-8381-ed03d64c2cae	134364306	134384434	fwd	OV3_Cisp0
chr8	134495524	134498980	81ea49f8-3d12-4375-84ac-87bf0229ce2c	134495517	134505512	fwd	OV3_Cisp0
chr8	136404563	136413323	7b69200d-722f-4e0b-9680-59ead7298f4a	136384972	136413644	fwd	OV3_Cisp0
chr8	138473812	138481314	7bfd3c2a-64b9-430d-a09a-14aaf68d7a68	138473805	138487898	rev	OV3_Cisp0
chr8	141839120	141849433	fc4bfc20-c0d6-4029-b72e-7b4888204b58	141839113	141855124	fwd	OV3_Cisp0
chr8	141986285	142000611	13595be9-5cc7-46f4-9210-06b4e861c011	141982425	142004220	rev	OV3_Cisp0
chr8	142273017	142274276	3851ecb2-eb83-4e23-a1da-6c2db5acaa53	142263328	142274290	fwd	OV3_Cisp0
chr8	144448878	144449932	1ceefd47-50ab-448b-93cf-f8a7d6c2a16a	144434642	144472287	rev	OV3_Cisp0
chr9	2343485	2348923	6d3c0387-2fd4-4262-831e-84fd0b7ca7c3	2343479	2355628	rev	OV3_Cisp0
chr9	2834403	2838838	122dd200-407a-4983-95a3-7846db86c94f	2820445	2839425	rev	OV3_Cisp0
chr9	3742922	3749087	9be2bae9-fc78-4fb9-a9f2-36a1b7109337	3742914	3754514	rev	OV3_Cisp0
chr9	5660394	5665060	a498987d-485b-4fa9-aad1-3365c2ea746b	5660388	5681825	fwd	OV3_Cisp0
chr9	6260431	6265629	1228bd3f-0605-48b2-97e7-436efc28d446	6260425	6280306	rev	OV3_Cisp0
chr9	7289047	7293543	2ffae1ab-3913-483e-94d9-9983dfd757b1	7280837	7293548	rev	OV3_Cisp0
chr9	9803915	9828493	d48d51f8-0def-45e2-949f-0cc93ce23ad3	9793394	9828498	fwd	OV3_Cisp0
chr9	10042755	10054438	f5a23520-6f09-46e8-9e6f-1dcd8c94b16c	10037781	10056273	fwd	OV3_Cisp0
chr9	11506070	11518206	e7efdad0-8246-439e-9389-fdc92ddb409d	11504931	11528358	rev	OV3_Cisp0
chr9	16036204	16039333	db38818b-1c18-4f84-9f37-e258ecb91d2f	16035166	16059683	rev	OV3_Cisp0
chr9	20206750	20208805	4ab7fa6a-856c-4c57-b1c8-fa7d784adc04	20205655	20213235	rev	OV3_Cisp0
chr9	20704533	20720152	dff1d708-817c-433a-be58-3259ca320a02	20690504	20720157	fwd	OV3_Cisp0
chr9	23758739	23764127	c1c21e2f-280b-43a5-b0b3-82eeca314694	23748018	23764137	rev	OV3_Cisp0
chr9	24634812	24635955	260eb3ba-b54c-4f00-8ff5-645b667612ff	24629442	24640777	fwd	OV3_Cisp0
chr9	24980786	24992678	d64521c8-1520-4b06-a039-020fba7867ab	24980781	25000894	fwd	OV3_Cisp0
chr9	25492771	25496559	355d800a-52f5-4a78-add7-2d286419b6f3	25492762	25518670	rev	OV3_Cisp0
chr9	26354071	26357916	f65b541e-43a9-4037-b24f-74ded831cc9a	26354067	26369418	fwd	OV3_Cisp0
chr9	31832135	31843545	32258c7b-2e9d-4284-8d46-ebbd9d1a5857	31820139	31847965	fwd	OV3_Cisp0
chr9	31968839	31975019	d6396804-e13f-4976-95ee-7ce89f12040a	31958861	32006144	fwd	OV3_Cisp0
chr9	32669790	32672946	027b7c9d-13dc-4709-b854-2142a7cd8f18	32669783	32686255	rev	OV3_Cisp0
chr9	32778021	32782210	e6504ec1-f345-4ad5-8592-cc3d8e3c2f65	32778017	32793575	fwd	OV3_Cisp0
chr9	34586677	34590639	24698e04-70dc-4ed8-9516-e5ccaddc6dbb	34579989	34608883	fwd	OV3_Cisp0
chr9	35653284	35657436	9f9ec0e1-eacd-43de-855d-1ecd602ca2de	35652739	35660370	rev	OV3_Cisp0
chr9	35713832	35717106	54aee2e4-ad27-4860-adca-58fcce1569fd	35702964	35717113	fwd	OV3_Cisp0
chr9	35870814	35874990	1f5788c0-e79e-4b41-9b52-f7fa19f51ecb	35870807	35881534	rev	OV3_Cisp0
chr9	37337215	37345753	a5a5b244-3b3a-47a8-a891-c98c7ff319f4	37333747	37352027	fwd	OV3_Cisp0
chr9	37651140	37653698	471f684e-7c4f-47de-951c-953ce34d82d8	37644619	37653708	fwd	OV3_Cisp0
chr9	37657745	37661816	241df71b-2f4c-4218-b28f-c373d96798ae	37650997	37661830	rev	OV3_Cisp0
chr9	38590090	38602870	6c97a5ea-eee8-418d-8694-25d339b0272a	38580220	38627120	rev	OV3_Cisp0
chr9	42225888	42230332	4a720799-26b2-47d9-9715-8fabddfc0230	42219464	42248856	rev	OV3_Cisp0
chr9	42994428	43000114	52ea2da5-34ad-4728-a04b-465ccb64b5eb	42993225	43002034	fwd	OV3_Cisp0
chr9	68292161	68301427	883326a2-2a66-4109-bf78-748dfb3eb3fa	68277135	68317147	rev	OV3_Cisp0
chr9	70625411	70628932	2e2f3d59-846d-498c-a4d5-734700e52729	70619043	70629127	rev	OV3_Cisp0
chr9	73499607	73510268	90201a8b-2dec-4666-8994-43a0a37e28c3	73492679	73510279	fwd	OV3_Cisp0
chr9	76880500	76891599	bd0560c2-3d10-48ae-adb6-57c9dddccae9	76874813	76896794	fwd	OV3_Cisp0
chr9	78972919	78977028	a34d329d-0e57-465b-aaee-b7dbf475d1ca	78944084	78977033	rev	OV3_Cisp0
chr9	82803247	82817676	fded0eb3-1974-438b-9e97-9995f9e476ea	82801444	82821068	fwd	OV3_Cisp0
chr9	83575825	83580613	538c734b-9da5-47c4-a9ff-748837fb0561	83570116	83580620	rev	OV3_Cisp0
chr9	85598205	85619428	b2c384d8-9492-4d37-8ac6-d376f34b19c8	85598201	85622377	fwd	OV3_Cisp0
chr9	87606645	87615174	878ff67f-b42e-4124-932c-feb8b05d2a39	87600860	87615181	rev	OV3_Cisp0
chr9	87719375	87724414	586e20e6-3a7e-4c10-bda7-3eeb33677820	87719370	87731046	fwd	OV3_Cisp0
chr9	89426100	89430278	b6415fc4-014f-44db-8d1f-5d7457967faf	89422981	89453843	rev	OV3_Cisp0
chr9	91547281	91557588	668188da-9a7b-451d-b0d9-c8197bfb6be7	91541722	91564856	fwd	OV3_Cisp0
chr9	94067906	94072911	cd5469f1-8102-4d3b-8454-96f71ff9d734	94067901	94083705	fwd	OV3_Cisp0
chr9	94393817	94396005	b3f4f43c-3db6-40b8-a308-41abd4f7d86d	94376306	94396013	fwd	OV3_Cisp0
chr9	97021647	97023069	56d9bf15-9b89-4ef1-82fd-2509ebdb48f5	97021638	97044383	rev	OV3_Cisp0
chr9	97992964	97997623	c5277aeb-f842-41e9-867b-e7acc616ae3b	97991219	98019858	rev	OV3_Cisp0
chr9	98571515	98575057	a1766f29-6abe-4f2a-a9b9-9a7f78688286	98567246	98575072	fwd	OV3_Cisp0
chr9	103136037	103139220	668b378d-f1c4-419a-91eb-09c83da93bbc	103136030	103145753	rev	OV3_Cisp0
chr9	103392741	103406718	08ebe0d0-455f-4ca9-b4e9-c5eb89194f2f	103373653	103418419	rev	OV3_Cisp0
chr9	103753075	103756885	356fbb4a-dae3-467c-9231-9d687c09ffe1	103753047	103772069	fwd	OV3_Cisp0
chr9	108268501	108272926	58840fe1-2506-4ae0-a12a-27494d589229	108262790	108278791	fwd	OV3_Cisp0
chr9	108676899	108681145	899c2a9c-8ac9-40b4-aaa3-8fe8cbbd5183	108670791	108706919	rev	OV3_Cisp0
chr9	109507691	109508706	9b355845-882d-4c6f-b71c-1d490925518a	109484225	109508713	fwd	OV3_Cisp0
chr9	111212941	111214862	a6671c38-bb07-4e92-92d9-ef0dae9e2241	111212937	111224122	fwd	OV3_Cisp0
chr9	113021732	113030298	6f1a5872-c64d-4d8b-be7a-1b7014ebe235	113016666	113030302	rev	OV3_Cisp0
chr9	113384818	113390491	5a25006d-c0d9-4d24-9c48-43db4eefbbef	113382346	113413390	rev	OV3_Cisp0
chr9	117323554	117336169	ef8e7c68-b33d-4fba-8061-ce4741452a2d	117323310	117350906	fwd	OV3_Cisp0
chr9	118647153	118657472	68a0cf72-7904-45a9-bfe6-80b5839ee6f2	118637396	118674495	fwd	OV3_Cisp0
chr9	121680879	121686710	efaa9fd1-ba00-43af-8b83-4051595a9978	121668140	121687278	fwd	OV3_Cisp0
chr9	123844247	123847815	b0787d8f-dc95-49a4-80ab-bb845a50b3be	123837334	123847826	fwd	OV3_Cisp0
chr9	125617808	125627917	2ed1f8bf-1f37-482e-b46d-c9dc28c2becd	125607637	125647869	fwd	OV3_Cisp0
chr9	126102278	126109574	f709cbaa-c133-4852-8e3d-857d0ce6bb76	126094409	126126665	fwd	OV3_Cisp0
chr9	126991987	126998283	45b17c5e-613a-43b9-90c2-1dd71415018c	126989109	126999886	fwd	OV3_Cisp0
chr9	128189866	128196631	3e362b11-2526-4ca4-aef6-74dd87a82719	128186878	128196901	fwd	OV3_Cisp0
chr9	128622077	128623298	2cbbdd0c-9dbf-4e7b-bf09-27c28b7dd3c6	128620372	128632706	fwd	OV3_Cisp0
chr9	128885658	128886738	bb1905e7-a6ef-4ddf-a900-8a51c4e5bb65	128855196	128891492	rev	OV3_Cisp0
chr9	129007398	129033183	f04ed1ce-f98b-4bc6-9e58-c4720debf0a7	129007391	129045890	rev	OV3_Cisp0
chr9	131942507	131956528	36b3c447-cfa4-4688-9f46-e6d377e5237a	131935359	131959407	fwd	OV3_Cisp0
chr9	132163989	132168779	c8138a6e-3fd9-4ceb-986f-4973a6a91227	132163984	132177672	rev	OV3_Cisp0
chr9	132312168	132314639	f2608756-dac5-42e6-aeac-b9f1e757154e	132312164	132337289	fwd	OV3_Cisp0
chr9	133118267	133119364	de566b2f-a74f-402b-80e5-27999a4005fd	133108368	133119371	fwd	OV3_Cisp0
chr9	134076173	134080871	538a9a35-5806-453e-ac96-cbf216934f56	134075025	134086841	rev	OV3_Cisp0
chr9	134573605	134576605	07d83cb5-f984-456f-8343-5670ff249bfc	134566455	134576617	fwd	OV3_Cisp0
chr9	136728791	136733471	4e851d1e-de31-4240-90ba-5052f839fe47	136727836	136738760	rev	OV3_Cisp0
chr9	138168990	138172215	edb6241e-bac3-4373-a70b-6faba7f4ee7d	138159320	138172359	rev	OV3_Cisp0
chrX	4446510	4447940	15f861d1-777a-41f3-b27d-9816cd983de0	4446504	4458963	fwd	OV3_Cisp0
chrX	4724906	4728149	f5045e12-432c-46a9-8963-0e3928cc4e0d	4724894	4738902	rev	OV3_Cisp0
chrX	5483563	5488314	f834af2c-f8c5-496a-b0e5-fe6edfff08fa	5477117	5488691	fwd	OV3_Cisp0
chrX	7370143	7379760	a79b81cd-1b91-496d-8069-503af68f4a38	7346924	7381288	rev	OV3_Cisp0
chrX	9689204	9694201	ebc154fc-31e5-4bf5-a5e9-6ffafc7f1582	9682543	9694206	fwd	OV3_Cisp0
chrX	11631915	11652506	55ede925-ab9c-4aaf-96b0-68acdcd08762	11629294	11663990	fwd	OV3_Cisp0
chrX	13788489	13790789	9bda3e92-7743-4e41-93ee-c8e0e20d31e9	13786183	13796420	fwd	OV3_Cisp0
chrX	13950011	13951909	442dc374-3e45-4296-bc3e-0f9befed87ef	13943959	13951914	fwd	OV3_Cisp0
chrX	14019982	14033402	94b29847-02c9-4df6-a874-21077b2e5799	14011029	14041357	fwd	OV3_Cisp0
chrX	19947460	19954796	3b10d84b-1bd4-447a-8610-8a4aa05184d8	19930427	19958200	fwd	OV3_Cisp0
chrX	20333555	20339823	cbd01dac-92c6-47dc-ae9c-9743e511b366	20333549	20348454	fwd	OV3_Cisp0
chrX	22394690	22396593	4a9994a2-1894-4523-ac4b-d1f883dc2ee1	22382486	22396602	fwd	OV3_Cisp0
chrX	23086078	23087440	3bc713f5-f33b-4330-a48a-31f0ed80a082	23086070	23100142	fwd	OV3_Cisp0
chrX	24383228	24387975	00ad24d5-fbec-4c76-916e-ed2aee2ecfad	24370499	24387981	fwd	OV3_Cisp0
chrX	28054365	28061376	36354f43-4d46-488d-842b-0e7b3e6d271e	28026643	28069693	fwd	OV3_Cisp0
chrX	30825587	30826815	062d76ad-4317-4921-be3f-3cc63b09233b	30825575	30835423	fwd	OV3_Cisp0
chrX	31003316	31004500	f7bc0ad1-8dd8-4556-8863-9c9153d130e4	30983922	31013231	fwd	OV3_Cisp0
chrX	44136335	44148967	377d8419-0838-4fc2-9052-b3460ad165e1	44136271	44164107	fwd	OV3_Cisp0
chrX	44523219	44529119	0f73d9e8-c07e-4036-a02a-06ecadbcd7bf	44510532	44529406	fwd	OV3_Cisp0
chrX	47706326	47710643	dd945369-d1d8-47e0-abe1-b0c68a6d14ee	47688187	47710652	rev	OV3_Cisp0
chrX	49748553	49756864	576a1a3c-5bee-449b-8c7d-b9d894e187b1	49742969	49756881	fwd	OV3_Cisp0
chrX	50699482	50710710	6dbdb58e-8624-4e30-8593-b30794e4f54e	50686440	50712645	rev	OV3_Cisp0
chrX	51222337	51228975	b8169338-6b24-4e7e-b0d2-67b2ea028246	51221819	51235408	rev	OV3_Cisp0
chrX	52222955	52224487	f66ff155-a1fd-450c-839f-c25b5e575ad1	52189783	52249576	fwd	OV3_Cisp0
chrX	52920422	52922316	313ef7ef-fff3-4183-b80a-42f042b615f4	52915995	52922321	rev	OV3_Cisp0
chrX	53451866	53457702	e9ef211e-6eef-4af0-8bea-53a5e2fd4ad7	53432268	53457712	rev	OV3_Cisp0
chrX	55081938	55085967	366ed373-770b-4764-ac0f-be61b98ef054	55073772	55085973	rev	OV3_Cisp0
chrX	55125180	55139239	40b9a25e-b8da-4f9d-bd99-d051465f0954	55106208	55144205	rev	OV3_Cisp0
chrX	55187584	55195624	7e02a6d8-af40-4808-b990-33806c845526	55185294	55202683	fwd	OV3_Cisp0
chrX	56155434	56165967	7e273ba5-faa8-43e8-bf9e-a5bde853e282	56152007	56166525	fwd	OV3_Cisp0
chrX	56423202	56428774	da7f782c-1b50-4b16-87fc-0cb71576b56e	56423197	56435988	rev	OV3_Cisp0
chrX	57613466	57615280	474cb2f5-1c66-4134-9706-d7b89f8e346f	57613459	57635541	fwd	OV3_Cisp0
chrX	62589210	62591860	7120e80c-2e73-47ca-9e22-1de99933bcb8	62589205	62595702	rev	OV3_Cisp0
chrX	63405421	63421581	3bb0bfff-b7fb-4eac-8953-aa94308d74d3	63402703	63430800	fwd	OV3_Cisp0
chrX	63946710	63955306	01c529a9-c14b-4cf0-a332-9bdb77e00546	63946704	63970152	rev	OV3_Cisp0
chrX	64661788	64670913	5a6d01f5-6f22-4f4a-a862-264ba81936b1	64655863	64671601	rev	OV3_Cisp0
chrX	65761178	65774352	7967f499-6bd4-4fbe-8e8d-c2ab04c0270e	65759695	65776394	fwd	OV3_Cisp0
chrX	68871190	68872768	10e16bf7-c55e-4959-a0fa-c81a436cbd5a	68863749	68874308	rev	OV3_Cisp0
chrX	69868984	69870121	9d37ca11-43bd-4517-9688-b38cec51c168	69868979	69882075	fwd	OV3_Cisp0
chrX	73789373	73795273	db409108-c03a-40ca-9507-aa79365dcc02	73788797	73802609	fwd	OV3_Cisp0
chrX	84217631	84222975	d04fe860-a436-48a9-bf74-0871d5bbbb29	84208696	84228546	rev	OV3_Cisp0
chrX	85682274	85701375	8248ddb3-32e3-4b49-b961-f44f016660d6	85682266	85706082	rev	OV3_Cisp0
chrX	90590077	90596370	de07969e-7d97-447c-8943-308f75df16ae	90590072	90612264	fwd	OV3_Cisp0
chrX	91383207	91385046	05bc349e-8f46-47a4-a642-5ad905abfad0	91382977	91391973	rev	OV3_Cisp0
chrX	94823422	94830771	512e26ea-54a7-4f46-b097-270daa2c89a4	94823415	94843830	rev	OV3_Cisp0
chrX	95158391	95160638	67c2264b-7506-4a75-b543-1db4c152e3cb	95158386	95170578	fwd	OV3_Cisp0
chrX	97026891	97031405	84c5d287-e79b-400d-88e2-fc1aaf75890e	96996712	97036099	fwd	OV3_Cisp0
chrX	100505851	100509974	35b8da0a-1c73-480d-84fb-ce4cc9944075	100479198	100510506	fwd	OV3_Cisp0
chrX	102666501	102671645	ecf061e2-f4c7-49d6-b00b-d5fdd0df11d5	102655564	102675703	rev	OV3_Cisp0
chrX	105752860	105757115	905ff74f-45ca-4d3f-b197-a95af005144a	105740643	105761353	rev	OV3_Cisp0
chrX	109977549	109980960	6aea7fc3-c257-4320-8b25-99c20e94968c	109968783	109980969	fwd	OV3_Cisp0
chrX	114805590	114813628	507d54a0-0b43-4c49-a0fd-863de73bbbf7	114802614	114813632	rev	OV3_Cisp0
chrX	116377042	116389562	7857b249-a2f2-47a8-88ec-d8c1d59d9056	116359612	116395417	rev	OV3_Cisp0
chrX	117900202	117907565	0af641c9-bd84-43b1-a36d-020687d30a69	117887141	117907571	rev	OV3_Cisp0
chrX	119739054	119749010	05de96f9-c54d-4f9a-bb3f-ca6fb63eb6ff	119738163	119758202	fwd	OV3_Cisp0
chrX	120791323	120794216	30a00d84-fcf1-4e44-8260-d0b6401960a2	120764292	120795225	fwd	OV3_Cisp0
chrX	123350614	123352890	4ead0b2d-743a-4d13-9290-a646d157aee4	123350608	123355765	rev	OV3_Cisp0
chrX	124110548	124115328	784698e1-4549-4d42-bcf4-7ad02f691dc1	124107249	124147155	fwd	OV3_Cisp0
chrX	124344041	124349857	58f0deb5-3b9d-4536-b1dd-35a40df4699c	124327104	124351111	rev	OV3_Cisp0
chrX	125127981	125135856	32463873-5604-453e-a55b-585030b2cea7	125102326	125135863	rev	OV3_Cisp0
chrX	126955922	126959500	6454f146-5425-476c-922a-188b783adf53	126934800	126987268	rev	OV3_Cisp0
chrX	129559225	129564864	0ec2b672-80b0-424d-8f5d-15e014c310a5	129559218	129570845	rev	OV3_Cisp0
chrX	130342189	130345706	ae4fbb9e-14ce-4049-97a7-13a6c870dc13	130334800	130345713	rev	OV3_Cisp0
chrX	130618178	130621120	a59690b2-1dec-4a85-ba19-624235669337	130607494	130621129	rev	OV3_Cisp0
chrX	130625856	130634380	f7c6cb0a-0e64-431e-9fce-8d0294ba8324	130616732	130634385	rev	OV3_Cisp0
chrX	131031065	131033609	c8b01efa-3fc7-4268-b558-2d17dbb19681	131014900	131033615	fwd	OV3_Cisp0
chrX	134204235	134210473	b1f06ba2-8494-449b-8c5b-1ec2d0310624	134204214	134227461	fwd	OV3_Cisp0
chrX	134220561	134227456	b1f06ba2-8494-449b-8c5b-1ec2d0310624	134204214	134227461	fwd	OV3_Cisp0
chrX	136451886	136456243	381475b7-118d-49aa-bc9d-99a58e2badbc	136451880	136466218	rev	OV3_Cisp0
chrX	138631912	138636949	a5111d28-6f04-4dbb-b25c-9d332966756f	138614992	138637923	fwd	OV3_Cisp0
chrX	139344681	139347651	8106f7d9-d343-41e7-82b8-9c6a41f2372b	139333881	139347665	fwd	OV3_Cisp0
chrX	143649299	143661465	54f8d2cc-5a1c-4738-b29b-c96bdfea4e09	143648264	143668860	rev	OV3_Cisp0
chrX	145384123	145399560	c91d0409-92b7-47f1-9a68-c973c44219d1	145383063	145417281	rev	OV3_Cisp0
chrX	146608846	146623243	a34bf8ae-5421-4744-91f4-25c819afde35	146597917	146626754	fwd	OV3_Cisp0
chrX	150388160	150390779	54bdd73c-9561-4a53-a6cd-74bebdf32ce7	150383225	150415228	fwd	OV3_Cisp0
chrX	150919032	150927872	3b3f80c1-0c0e-4480-8370-95e3c8619836	150917604	150938911	fwd	OV3_Cisp0
chrY	56725165	56726186	a6cb75b0-ea35-4ceb-bfb2-0511d27c63eb	56721176	56740896	rev	OV3_Cisp0
chrY	56833474	56839463	0373faf3-3444-402f-a5de-3611eec9962d	56825765	56840545	rev	OV3_Cisp0
chrY	56827489	56829356	ca865f8e-3ccc-4cb2-b062-78454fc1fb89	56827372	56840546	fwd	OV3_Cisp0
chrY	56886769	56889038	a2756d59-59dc-4776-9fc9-b2ce49e171ac	56884211	56889614	rev	OV3_Cisp0
chr1	73813485	73814594	2a4b3a44-e0da-4e6a-8078-811115952dfe	73803858	73814612	rev	OV3_Cisp1_masked
chr1	103270124	103271421	5d2ef80e-3e1a-4c47-a88a-e8d9a9cf42bc	103270117	103275516	fwd	OV3_Cisp1_masked
chr1	103984870	103986421	bb36dcdb-cb74-42e1-85bf-625f4e560b41	103984866	103993323	fwd	OV3_Cisp1_masked
chr1	143202349	143206327	9b3ae007-4163-42a5-9ed8-3b84e911465b	143184598	143242855	fwd	OV3_Cisp1_masked
chr1	143219875	143220976	195913d0-900e-455d-a801-53f3d9805d9b	143211654	143222963	fwd	OV3_Cisp1_masked
chr1	143219616	143220898	4b4101b4-ef9e-4851-b761-01e72725a8a9	143212389	143221737	rev	OV3_Cisp1_masked
chr1	148597521	148602065	82a33d7f-b7e2-4fe5-92d8-808a7e633b04	148592873	148605341	rev	OV3_Cisp1_masked
chr1	207419243	207423232	77a3399f-7427-43a8-9cfd-3954e58b1a76	207419235	207440997	fwd	OV3_Cisp1_masked
chr1	241629504	241635524	47ee281b-b6c0-4095-ac04-705541f83444	241629496	241639266	rev	OV3_Cisp1_masked
chr10	27593732	27597976	fb380788-3958-44ae-8022-f4c0a162489c	27593725	27603512	fwd	OV3_Cisp1_masked
chr10	38492523	38518733	9282c5f7-43d1-421a-b337-3d427128c8ad	38489442	38518739	rev	OV3_Cisp1_masked
chr10	41874318	41880985	0f6c8b3f-c125-4240-aa20-40ead838e4f9	41873791	41895042	fwd	OV3_Cisp1_masked
chr10	41897912	41898976	806468f6-34ea-4e3b-b26f-3752e716a4a3	41889467	41916262	fwd	OV3_Cisp1_masked
chr10	41907833	41915868	806468f6-34ea-4e3b-b26f-3752e716a4a3	41889467	41916262	fwd	OV3_Cisp1_masked
chr10	52851844	52856275	15bc7cda-ecf2-49d3-a4df-0eb6ff111c3f	52850806	52861623	rev	OV3_Cisp1_masked
chr10	57391395	57395212	39efdaff-2d2a-488d-931b-e4c1d05cb425	57386599	57408582	fwd	OV3_Cisp1_masked
chr10	73608776	73609889	3dd2416d-33ea-42d7-bbe5-a843e5e48d03	73608269	73618574	rev	OV3_Cisp1_masked
chr11	20998716	21000142	295f53e3-2637-464c-93bb-c8c3c0139a88	20991788	21000147	rev	OV3_Cisp1_masked
chr11	76143549	76149478	34a80ff0-21d9-4a57-b734-25949575618f	76143539	76161970	rev	OV3_Cisp1_masked
chr11	76433896	76436694	008b7da8-868f-4ed7-afee-86bb5689766e	76429188	76436698	rev	OV3_Cisp1_masked
chr11	113378006	113381993	f6a7aab5-c5a5-423c-b993-a218f370827e	113377675	113385559	fwd	OV3_Cisp1_masked
chr11	121847846	121850634	e3db3f54-2b4c-4c91-950e-c89928364545	121843122	121850639	fwd	OV3_Cisp1_masked
chr11	127955383	127963829	a22a0e4a-67e0-424b-9505-0c72cf654178	127947138	127968545	rev	OV3_Cisp1_masked
chr12	22872160	22873386	798b7a99-1a7e-419e-beee-1d0ae9be40ce	22872154	22882250	rev	OV3_Cisp1_masked
chr12	41200663	41205310	8cfaf04d-4722-4604-b05b-7d8fafa90180	41200653	41210776	rev	OV3_Cisp1_masked
chr12	51425805	51429175	b014211e-2d9d-4839-8f0e-a318fe341c34	51424471	51432810	fwd	OV3_Cisp1_masked
chr12	65667130	65669258	0f8cca1a-8433-49ee-88ca-8a631c263de1	65667124	65678571	rev	OV3_Cisp1_masked
chr12	67252236	67258084	65454942-c8b2-49d6-99ea-1eff997ad502	67252231	67260445	fwd	OV3_Cisp1_masked
chr12	90711244	90722536	e82c6b68-21a5-4f0d-accf-c01287b96d35	90711240	90725668	fwd	OV3_Cisp1_masked
chr13	60641373	60645613	30fe0e7d-8e73-4a58-bc55-53e693c93e81	60632630	60645623	rev	OV3_Cisp1_masked
chr13	86830955	86835361	239422fc-c8ad-4444-8054-56fafe47f7dd	86830432	86843353	rev	OV3_Cisp1_masked
chr13	95558049	95561744	d8c7c9fb-62be-4a73-ba20-7c2805b1e4a7	95555262	95561754	fwd	OV3_Cisp1_masked
chr13	105818315	105824211	f2cdcbf2-9b39-4b3d-a59b-b25c5509a66a	105818307	105831166	fwd	OV3_Cisp1_masked
chr14	47672263	47680963	8a9fb653-87e8-4c0a-b834-b49ca229ea32	47669268	47681881	rev	OV3_Cisp1_masked
chr14	55111203	55114069	2894c308-cf51-420b-81ec-fb72c8d781c6	55103150	55114075	rev	OV3_Cisp1_masked
chr15	38107232	38112386	44483b1c-32f6-4063-b1f8-ff5d9bfe965a	38105445	38112391	fwd	OV3_Cisp1_masked
chr15	74289375	74291081	bf8b52c8-2487-4b25-8744-b5b953443eaf	74278785	74296638	fwd	OV3_Cisp1_masked
chr16	59956325	59966802	ea45ebad-9f66-4ac9-bb9c-8228ef34e13e	59954268	59969937	fwd	OV3_Cisp1_masked
chr17	12740721	12743554	5fcfb1a2-2e71-417c-83a0-4f71bcfb9347	12740711	12749481	fwd	OV3_Cisp1_masked
chr17	60535115	60538530	ad5e1496-14bb-4acb-8786-4951f88d647f	60527329	60538536	fwd	OV3_Cisp1_masked
chr17	62379621	62388430	29ebbdac-91f3-4029-ace8-654692152ac7	62375780	62389111	fwd	OV3_Cisp1_masked
chr17	77135196	77142265	bc5f3670-61ec-4a4f-9276-cd9ffe2ef8db	77130834	77142269	rev	OV3_Cisp1_masked
chr17	81876648	81887925	df242f5a-c888-4f48-acd0-c877b742e936	81874877	81888713	fwd	OV3_Cisp1_masked
chr18	3509906	3517518	9fcb526e-3d76-4ca3-948c-e226daceff08	3509786	3520904	fwd	OV3_Cisp1_masked
chr2	6809560	6810770	97b1e809-1a13-442c-8d5b-eef9cc2e20aa	6806011	6821640	rev	OV3_Cisp1_masked
chr2	13717276	13722492	d41eb29d-8e18-474f-b0ca-e03f8bc381dc	13712484	13723732	rev	OV3_Cisp1_masked
chr2	15351361	15355445	5de0ee08-d481-464b-a1a4-7be13556f5da	15351352	15359343	rev	OV3_Cisp1_masked
chr2	17739725	17747312	c1f8b8e6-db20-4671-a20f-0d9a7833103c	17739125	17750389	fwd	OV3_Cisp1_masked
chr2	66371230	66375660	cdfdd430-5e95-4474-9bc3-dac05199fbe2	66365449	66375666	fwd	OV3_Cisp1_masked
chr2	70722032	70725598	6d541010-8595-40d7-b10d-6b26ce384e79	70716705	70725607	fwd	OV3_Cisp1_masked
chr2	87416792	87418187	d5b0c0dd-2b33-4a42-8f6d-7ffc6fa12bfb	87413549	87431213	fwd	OV3_Cisp1_masked
chr2	87421025	87425604	d5b0c0dd-2b33-4a42-8f6d-7ffc6fa12bfb	87413549	87431213	fwd	OV3_Cisp1_masked
chr2	87427906	87429372	d5b0c0dd-2b33-4a42-8f6d-7ffc6fa12bfb	87413549	87431213	fwd	OV3_Cisp1_masked
chr2	87414664	87418081	c84535dc-6268-46fd-be82-a3be81f683f2	87414111	87431213	fwd	OV3_Cisp1_masked
chr2	87419349	87421312	c84535dc-6268-46fd-be82-a3be81f683f2	87414111	87431213	fwd	OV3_Cisp1_masked
chr2	100860571	100872248	b4860886-2d64-4c45-90aa-8f12c7f3f128	100860566	100880508	rev	OV3_Cisp1_masked
chr2	146839222	146847749	58e1536e-0642-4f2c-9a14-2bf7226e4b5e	146839209	146850622	fwd	OV3_Cisp1_masked
chr2	157313691	157315676	cbd9a9b9-f702-43b6-9a7d-e9310b911a7f	157305539	157315680	rev	OV3_Cisp1_masked
chr2	162647720	162649651	14012148-9c90-44b1-aa7f-bda9db9b7fd8	162646271	162656531	rev	OV3_Cisp1_masked
chr2	165093347	165098306	588a4d8a-de31-4fb3-a831-e7d131b6d029	165083102	165098311	fwd	OV3_Cisp1_masked
chr2	198335136	198338839	a097662c-2131-4c69-b7b7-00cc25659fec	198334775	198341756	fwd	OV3_Cisp1_masked
chr2	215375851	215379611	3607c143-73ca-4299-9ab4-b3b7a147f136	215375842	215381604	rev	OV3_Cisp1_masked
chr20	29083780	29086013	dc5b603c-40b9-4b07-9bb7-02afb6723031	29083773	29089582	rev	OV3_Cisp1_masked
chr20	31051846	31052951	3fe25e77-1339-4430-b40c-d51c9b9a01c5	31051526	31070436	fwd	OV3_Cisp1_masked
chr20	31062817	31064027	3fe25e77-1339-4430-b40c-d51c9b9a01c5	31051526	31070436	fwd	OV3_Cisp1_masked
chr20	31056150	31057175	78ee738b-fc51-4fd4-9b59-8460791a88db	31052299	31062533	fwd	OV3_Cisp1_masked
chr20	31066719	31068088	d1e19435-93a5-4856-9b77-a27d22a28b89	31052798	31074901	rev	OV3_Cisp1_masked
chr20	31054076	31055875	5fee887f-ce6a-457e-a2bb-45349aff0852	31054069	31061889	fwd	OV3_Cisp1_masked
chr20	31074662	31075904	61a3e260-aa64-4fd4-81c9-ceef779e6f8d	31056401	31078690	fwd	OV3_Cisp1_masked
chr20	31071867	31072957	c59646d1-1a2e-4dc9-b3ac-a8a4e723074f	31057030	31077103	fwd	OV3_Cisp1_masked
chr20	31071293	31072477	66898fd7-e415-4940-8f7c-ee35a2bbffc3	31058143	31080766	fwd	OV3_Cisp1_masked
chr20	31075780	31076903	66898fd7-e415-4940-8f7c-ee35a2bbffc3	31058143	31080766	fwd	OV3_Cisp1_masked
chr20	31070369	31071772	5514a686-7330-41c5-ab6c-2e401c18367a	31058665	31077795	fwd	OV3_Cisp1_masked
chr20	31071189	31072412	bd37ac1d-40a8-45d8-8d40-82d7e35189a5	31059663	31075706	fwd	OV3_Cisp1_masked
chr20	31061982	31063847	823c84cb-a2c8-433f-9ca1-0989911fa63f	31060559	31074876	fwd	OV3_Cisp1_masked
chr20	31063272	31065187	b73a02bb-4e58-4ddd-95f4-54179b351040	31060926	31076599	fwd	OV3_Cisp1_masked
chr20	31062802	31063872	cf5ad76d-1cc8-44a0-9891-81d4fca86b29	31061278	31074395	fwd	OV3_Cisp1_masked
chr20	31071293	31073577	cf5ad76d-1cc8-44a0-9891-81d4fca86b29	31061278	31074395	fwd	OV3_Cisp1_masked
chr20	31067394	31068548	4bf04e73-f124-49fc-8a41-cb5f916ea27f	31061684	31073324	fwd	OV3_Cisp1_masked
chr20	31071702	31073622	4cba34c0-ce07-42ba-86e8-974652690a96	31062225	31075122	fwd	OV3_Cisp1_masked
chr20	31065062	31066649	4dd6130d-c781-4eb7-a564-a0d18c493f00	31062709	31071061	fwd	OV3_Cisp1_masked
chr20	31064047	31065417	db750b1a-317a-4272-b4d1-b5484001ee55	31062880	31070870	fwd	OV3_Cisp1_masked
chr20	31071937	31072987	5765bb02-f4bc-4841-a3dd-d0549beccec5	31062827	31080055	fwd	OV3_Cisp1_masked
chr20	31066495	31067808	8b98797d-7498-42d5-89c7-0e83e2dc04f2	31063739	31074628	fwd	OV3_Cisp1_masked
chr20	31070819	31071967	987b3e97-05d9-4580-b47b-25959c7f976c	31070424	31077689	fwd	OV3_Cisp1_masked
chr20	31186493	31187613	eba14b76-518e-4113-b283-21b9e81a845d	31186431	31192040	rev	OV3_Cisp1_masked
chr20	48049069	48050647	d646da7d-4e2e-4d68-ae55-f404c41a4864	48041716	48050655	fwd	OV3_Cisp1_masked
chr21	16020349	16021379	8e17b848-94f0-4683-9e52-e42c4b0bf0c8	16014297	16029881	rev	OV3_Cisp1_masked
chr22	10722633	10724117	50c67c49-29a1-439b-b234-793216a8b362	10722460	10740157	rev	OV3_Cisp1_masked
chr22	26613094	26621094	e3c880be-1cb2-4c03-9467-1dd7f96f0618	26613062	26623912	fwd	OV3_Cisp1_masked
chr22	31515018	31518146	8c702685-9c72-4555-b5dd-696c32c8d6b3	31515014	31530311	fwd	OV3_Cisp1_masked
chr3	12416757	12420943	f57b39ae-f12a-4804-abc3-c71894b921f9	12409554	12420960	fwd	OV3_Cisp1_masked
chr3	15729893	15732353	e5f76704-b904-4931-88c3-085ce4d38f00	15717169	15732357	rev	OV3_Cisp1_masked
chr3	29226556	29231429	7fa7380b-25bc-449b-8941-0af35fe19253	29223851	29231445	rev	OV3_Cisp1_masked
chr3	61472958	61476781	bf91a270-8519-4bc4-972c-976f67380c20	61464917	61476787	fwd	OV3_Cisp1_masked
chr3	82261398	82263789	6a4cfe82-b33a-4a83-ac6a-e5283cafea01	82257591	82263795	rev	OV3_Cisp1_masked
chr3	89381866	89383192	50ec97b4-ec50-42be-b1d6-dd154610b95d	89381861	89387275	rev	OV3_Cisp1_masked
chr3	90067911	90079414	7bc1fcb4-8b91-44db-afcd-b983f4435ee5	90061856	90081651	rev	OV3_Cisp1_masked
chr3	108904619	108907779	8b1ff379-c490-4bca-9176-5b29c056b1ab	108900014	108907785	rev	OV3_Cisp1_masked
chr3	110689941	110698626	42bc603c-43b3-4b54-8534-24d4b3be9d06	110689935	110701986	fwd	OV3_Cisp1_masked
chr3	156752553	156756275	db94fcf0-7867-4998-a5df-ef088d92006c	156752549	156758588	fwd	OV3_Cisp1_masked
chr3	164021007	164025083	c66b99a2-2fa7-460c-b709-266e0c4ba9cb	164018996	164025324	fwd	OV3_Cisp1_masked
chr3	171249965	171253720	9dc858dd-1528-4d1e-857b-add170a7ebb0	171249961	171256736	fwd	OV3_Cisp1_masked
chr3	178127281	178132069	c851c878-1100-4b02-af42-38fe6ebb5f05	178121028	178132077	rev	OV3_Cisp1_masked
chr3	187640562	187647089	476d8188-c35c-4f5f-8403-d1b6179034c4	187640528	187650858	fwd	OV3_Cisp1_masked
chr3	190014122	190018404	fd838802-3999-4fdb-9cbe-1a793a2df89f	190013364	190020914	rev	OV3_Cisp1_masked
chr3	191324110	191327754	bc65e83c-96e5-4a78-b464-5c733c25bedb	191321355	191327759	fwd	OV3_Cisp1_masked
chr4	23666276	23674404	57c852de-c09e-4b83-877c-36d1cd9bf382	23661634	23674409	fwd	OV3_Cisp1_masked
chr4	49105055	49107520	929594ee-f6bc-4592-b72b-05358679b18e	49097071	49114651	fwd	OV3_Cisp1_masked
chr4	49106754	49107949	b2593206-8336-4575-bd73-493cefe6bc04	49100347	49112659	rev	OV3_Cisp1_masked
chr4	49122292	49123437	e427b7f1-d950-4fac-b848-131909a50cb6	49107058	49134966	rev	OV3_Cisp1_masked
chr4	49129089	49130728	e427b7f1-d950-4fac-b848-131909a50cb6	49107058	49134966	rev	OV3_Cisp1_masked
chr4	49142793	49144475	c758e69e-862b-4188-be0a-0ddeaa70e04a	49138579	49147794	fwd	OV3_Cisp1_masked
chr4	49151963	49154107	cb51dc8e-0ff1-4c91-bbfc-728326309f3a	49149062	49154695	rev	OV3_Cisp1_masked
chr4	49148756	49150390	7a524d78-d6fe-4e1f-aa23-54c7b81ef930	49146922	49156630	fwd	OV3_Cisp1_masked
chr4	49153869	49154938	7a524d78-d6fe-4e1f-aa23-54c7b81ef930	49146922	49156630	fwd	OV3_Cisp1_masked
chr4	49151829	49152876	07d689f1-70c0-472a-970e-f464128d65f1	49150017	49156631	fwd	OV3_Cisp1_masked
chr4	49639945	49642861	67175fa9-c49f-4df0-aa84-49ad73aa29f6	49631416	49643782	fwd	OV3_Cisp1_masked
chr4	49636924	49641063	42df64e0-6422-42d2-b98a-c0e448f0997e	49633508	49647877	fwd	OV3_Cisp1_masked
chr4	90229892	90234109	d0765916-b54e-4a14-a392-a5eec988dfc8	90223105	90235803	rev	OV3_Cisp1_masked
chr4	98499316	98502200	ac915d5b-f5a9-4569-a9bb-0958e3177b90	98498467	98506389	rev	OV3_Cisp1_masked
chr4	127717447	127718653	151fffa6-2199-4980-8797-20135958702d	127716357	127723175	fwd	OV3_Cisp1_masked
chr4	174040850	174041966	e6267fb1-7a09-4d4f-a007-3ef21ee14bd6	174036297	174051135	rev	OV3_Cisp1_masked
chr5	13548156	13549636	52d5758c-7e7c-4948-b5f9-7c7baf81de40	13548151	13558606	fwd	OV3_Cisp1_masked
chr5	18016093	18020081	b6def09d-0587-4906-a8ff-698d62c19a91	18012992	18023670	rev	OV3_Cisp1_masked
chr5	20635274	20640899	b89c004b-caea-4fd7-9cbd-c83441cce597	20635268	20660380	rev	OV3_Cisp1_masked
chr5	32422517	32427609	38797131-1eec-4841-a8e9-09a3217f9759	32416624	32427638	fwd	OV3_Cisp1_masked
chr5	49656713	49658136	ba414ecb-e26a-4a26-9abd-c8f7dab30d67	49656261	49661871	fwd	OV3_Cisp1_masked
chr5	49658888	49660505	9e40bf76-70c5-4875-99a8-b5a78d5a1d17	49656261	49661871	rev	OV3_Cisp1_masked
chr5	49659735	49660738	4325e642-1dc1-4c24-8a99-7d3b388824ad	49656261	49661871	rev	OV3_Cisp1_masked
chr5	49656297	49660380	205d9343-d4a7-4bce-b352-2d9036302dee	49656291	49661871	fwd	OV3_Cisp1_masked
chr5	77649366	77653819	8a8b156e-81d3-429e-88cc-24710f941378	77641444	77653825	rev	OV3_Cisp1_masked
chr5	90840480	90847306	0aee33e1-34bf-4052-87fc-5e5aa2899391	90840476	90859379	fwd	OV3_Cisp1_masked
chr5	129837047	129838206	fa4959c3-1478-4815-922d-8e3c5343aa0b	129833754	129839327	rev	OV3_Cisp1_masked
chr5	148775114	148776217	133b4ea9-9a3c-4a2a-a689-69909fc56364	148775103	148786615	fwd	OV3_Cisp1_masked
chr5	176968735	176972344	a24dce28-97cb-4526-a18b-34e88404ba8a	176964987	176975464	fwd	OV3_Cisp1_masked
chr6	39032961	39039540	705154fc-e7ec-4b28-a3d3-944db03975e0	39032719	39051870	rev	OV3_Cisp1_masked
chr6	83098881	83104181	fd3ce4ea-a4cf-4752-981c-f45101ccd6df	83094529	83104187	fwd	OV3_Cisp1_masked
chr6	106950573	106953775	1d8fe8c5-3971-4b0e-b7a6-d0baf7b9b252	106943072	106954596	fwd	OV3_Cisp1_masked
chr6	139443981	139447618	917d68bf-18e9-45a4-801a-08996dd86600	139443976	139453922	rev	OV3_Cisp1_masked
chr6	155409734	155413277	519bc4f8-31a1-4230-a415-c71f53c0ecb8	155401203	155418640	fwd	OV3_Cisp1_masked
chr7	16225469	16226592	04f105f1-df1c-43e1-b8e9-5272551e0656	16210792	16229439	rev	OV3_Cisp1_masked
chr7	51320538	51326931	c75c98c4-f2bc-4b35-b665-8772c6c48d8b	51319937	51332399	fwd	OV3_Cisp1_masked
chr7	55870231	55874983	dbfe91e0-5f3f-46b3-8768-82859d592fd5	55863236	55875946	rev	OV3_Cisp1_masked
chr7	65429722	65431091	4df59453-4664-4809-8368-a231bab30216	65414823	65442490	rev	OV3_Cisp1_masked
chr7	91368469	91371717	84b24637-918a-4ff1-aa62-2ce4a33a0efc	91361574	91371721	rev	OV3_Cisp1_masked
chr7	121440821	121447151	ea574a80-914f-4db3-8e37-37a984914b88	121437806	121447156	fwd	OV3_Cisp1_masked
chr7	139585364	139592907	ce41c8a5-286e-4da5-ada0-c8664c2457c8	139568948	139593245	rev	OV3_Cisp1_masked
chr7	149520964	149525545	4f9a4b3b-86a8-4508-9ab1-004f912d5251	149520958	149530053	rev	OV3_Cisp1_masked
chr7	153485062	153487410	cc48d77e-b8a7-49f9-95d1-04824c456237	153478039	153490807	rev	OV3_Cisp1_masked
chr8	4251941	4253884	148de6b4-9b14-47e5-82a6-13d6fdc62dad	4247756	4254942	fwd	OV3_Cisp1_masked
chr8	12609533	12611320	c25227b3-551b-45e5-9e02-1d18546e7c7f	12597437	12622255	rev	OV3_Cisp1_masked
chr8	34433454	34437495	e3316999-cb25-4cde-8553-431fcf241cf9	34433441	34449599	rev	OV3_Cisp1_masked
chr8	34444527	34455647	f950fcc5-f75b-4221-af62-ea44fbc1a53c	34444143	34478345	rev	OV3_Cisp1_masked
chr8	55283636	55284792	dfb993a8-21b4-477a-b1b3-0c7be22ab3d6	55281667	55293030	rev	OV3_Cisp1_masked
chr8	59276370	59285242	fa3a4f42-1239-48b1-a26c-f0b94cb70e4e	59270784	59285248	fwd	OV3_Cisp1_masked
chr8	79410043	79411647	8a650ead-2424-43b4-90c1-14c33a740200	79410037	79415397	fwd	OV3_Cisp1_masked
chr8	80352555	80362894	12e3ee27-bcb0-4b0a-9c07-86f5ed7ddeb1	80352548	80368100	rev	OV3_Cisp1_masked
chr8	98231048	98239577	23b59736-7dff-497c-bc61-75e59a7ba2ac	98225459	98240969	rev	OV3_Cisp1_masked
chr8	101200398	101201629	0dadfaec-d68a-4746-869a-d581b9bf321f	101193469	101201635	rev	OV3_Cisp1_masked
chr8	120262246	120267856	3e58ec32-a960-4a3b-9683-9c0f327be6cb	120256414	120267861	fwd	OV3_Cisp1_masked
chr9	2073652	2089753	e549dc16-f0dd-406d-85a0-2840da3d24c1	2073648	2096800	fwd	OV3_Cisp1_masked
chr9	11059259	11061131	4e7f16c9-10e7-4ac6-8d7f-d1c056f2af84	11056839	11065823	rev	OV3_Cisp1_masked
chr9	16660132	16661859	5d79dcc0-b962-4ddf-9a31-a32e34d5110b	16660123	16665603	rev	OV3_Cisp1_masked
chr9	43319128	43320199	0716c11a-56c1-4d64-8601-a38d333b0186	43315876	43332174	rev	OV3_Cisp1_masked
chr9	95688142	95697382	cae5b409-6d9f-4f0c-86db-c32d241be0ee	95684791	95698213	fwd	OV3_Cisp1_masked
chr9	97115680	97117956	d1aaf4ae-8c05-478b-a2d4-863c542e8959	97115674	97124931	rev	OV3_Cisp1_masked
chr9	106625037	106638466	ca363780-17e5-4578-981b-b748c2f5b628	106619990	106639207	rev	OV3_Cisp1_masked
chr9	131240454	131241495	d2dcac35-06c9-4fbf-96ec-cafc1bff84ca	131239581	131253779	rev	OV3_Cisp1_masked
chrX	67550810	67552542	95fb972d-5e16-4cdc-ac8b-5fabf7c992e0	67543346	67552548	fwd	OV3_Cisp1_masked
chrX	90103436	90106612	f0cd8d96-274a-478a-ae5a-7023b99182a4	90103425	90121681	fwd	OV3_Cisp1_masked
chrX	119650929	119664615	57fd5ef4-ef1f-4a4c-9002-2a1a3725d724	119649029	119669791	fwd	OV3_Cisp1_masked
chrX	152886441	152889546	bf81299c-2cf3-4729-bbdb-6b2af8215c49	152886435	152901463	fwd	OV3_Cisp1_masked
chrY	56863218	56868586	fdd136b5-5c15-4e14-84d8-c06809e204d8	56856819	56868590	rev	OV3_Cisp1_masked
chr1	1750428	1757619	876651bd-c207-47cb-8260-2b76365d5a23	1748526	1764431	fwd	UWB_Cisp0
chr1	1953256	1954399	30827f43-ebcb-4f61-bb5f-c4cd62d26b5e	1940825	1965848	rev	UWB_Cisp0
chr1	3569402	3570539	eb7c1027-b387-43c3-b648-b1d6621c324f	3554855	3570546	fwd	UWB_Cisp0
chr1	3569076	3571778	92448c87-d57c-4ce1-875f-7e391594bb09	3563791	3573865	rev	UWB_Cisp0
chr1	4676695	4682999	9956ba23-95c2-4197-abf5-b5c1d28f8fea	4655644	4683003	rev	UWB_Cisp0
chr1	5364381	5368606	f8283be1-8bd4-4efe-a098-9d72cc2e4e21	5361251	5385372	fwd	UWB_Cisp0
chr1	5940100	5944057	5b17d4f3-aa8d-41c4-843d-079935997e35	5938607	5946980	rev	UWB_Cisp0
chr1	7995757	7998929	e02c9e88-0e99-453a-ac11-609d6e527915	7990165	8006595	fwd	UWB_Cisp0
chr1	9127227	9130845	05673ca0-a8ff-41f9-be90-06202eac6456	9120528	9136485	rev	UWB_Cisp0
chr1	9897564	9899501	ad036908-26c9-4088-819f-a7646129c2c3	9887986	9899507	fwd	UWB_Cisp0
chr1	9988704	9992963	0cb67200-6435-4400-bfbc-fb24795db75c	9986767	10002885	rev	UWB_Cisp0
chr1	12753033	12757722	a333dbd0-11df-43fc-8930-f00a4c517270	12742533	12760490	fwd	UWB_Cisp0
chr1	17199422	17201905	0fffec3f-a556-4ce2-8f26-4f5008106f99	17188393	17201918	fwd	UWB_Cisp0
chr1	18986212	18990384	4ca19fae-3214-41de-a306-26a2f9fa464d	18986201	18992587	fwd	UWB_Cisp0
chr1	19379333	19381366	d5783650-6716-4556-be14-76e89b0eb4ee	19377767	19388115	rev	UWB_Cisp0
chr1	20361174	20368429	742aaf2e-1b27-4fb4-9bc1-51b0fd14253d	20361168	20380458	rev	UWB_Cisp0
chr1	21927003	21931222	2638d467-8deb-4015-b2b0-b1d31aa3877a	21923823	21937725	fwd	UWB_Cisp0
chr1	24921533	24923191	bef8507c-d3ca-4372-ae56-d42349a49949	24912388	24924607	fwd	UWB_Cisp0
chr1	26420072	26429222	0b323efb-ea72-45c6-8dda-cff3e20ed9be	26418410	26433142	fwd	UWB_Cisp0
chr1	26479491	26482730	5fba7be8-790b-41ef-8173-6294ce174c7b	26477534	26489902	fwd	UWB_Cisp0
chr1	27231575	27234402	ad694848-2e5b-4cbb-8fe9-ea6f4c7e8abc	27226197	27236703	fwd	UWB_Cisp0
chr1	28502990	28506359	cbc6c9c3-fafd-40bc-b40c-fdc9df4d1473	28502976	28517428	rev	UWB_Cisp0
chr1	28996496	29003364	66e4e179-1fbe-4d23-b73e-6fbe0c3c98fa	28996491	29007367	rev	UWB_Cisp0
chr1	30959864	30962336	cbb41624-af40-412b-8d79-e1207db9a325	30957904	30965718	rev	UWB_Cisp0
chr1	31659065	31663743	22f9b7bf-4ad8-42c5-9511-d63f468a2af6	31651966	31663751	fwd	UWB_Cisp0
chr1	31821403	31830270	f3862a55-ad71-4fa7-80ff-c82a3d67e955	31817986	31830278	rev	UWB_Cisp0
chr1	35771261	35777714	b98d5e90-d82b-4d6e-a565-4b6e1c2e959b	35766603	35777720	rev	UWB_Cisp0
chr1	37423935	37425013	2b715515-7066-4295-b416-ad9d88e92f0b	37423929	37431534	fwd	UWB_Cisp0
chr1	37690814	37692161	5a251473-3155-4844-a5a3-8608dd8878f7	37690808	37697221	rev	UWB_Cisp0
chr1	40197377	40201939	f6511379-bf5a-45b3-b891-16e0b7c0f3fc	40197366	40208428	rev	UWB_Cisp0
chr1	41882757	41884163	df34726b-482c-4982-ac26-1fb847d467a0	41882752	41890595	rev	UWB_Cisp0
chr1	41976862	41978571	2e2f68bf-de1a-4d35-8380-9d06ea782195	41975305	41990819	rev	UWB_Cisp0
chr1	42849423	42851839	2984fd42-63c7-435c-b4db-e7e89cff478a	42849418	42857957	rev	UWB_Cisp0
chr1	43060015	43063037	e2776ac3-7a61-490d-9768-d36d41ca12a8	43055798	43076451	fwd	UWB_Cisp0
chr1	43546221	43548715	75b51dd4-6fe5-4286-88e6-1920899e4400	43545244	43550734	rev	UWB_Cisp0
chr1	46619812	46622114	9bbfdba5-ecf2-4d8c-a33c-560be0d31dda	46614375	46629538	rev	UWB_Cisp0
chr1	47313297	47314772	9d3aa54a-4d67-4902-83ab-cec837a61b52	47313289	47320842	fwd	UWB_Cisp0
chr1	47318210	47320836	9d3aa54a-4d67-4902-83ab-cec837a61b52	47313289	47320842	fwd	UWB_Cisp0
chr1	51003235	51005786	6badf0cb-b38c-43a7-977c-9431efb600e2	51001117	51011512	fwd	UWB_Cisp0
chr1	54605924	54613734	7a9f6764-9f43-4a69-8174-0d43fb85c669	54605920	54615782	fwd	UWB_Cisp0
chr1	59035013	59038681	a7559af9-b60e-462a-8f3d-dae90a0cf91a	59032403	59042271	rev	UWB_Cisp0
chr1	59099360	59103593	9c11c9d7-79cb-4000-8465-b60eecf5a55b	59095587	59114514	rev	UWB_Cisp0
chr1	67170573	67175076	580086ee-2485-430f-a211-ad1cc05759d8	67164058	67184713	fwd	UWB_Cisp0
chr1	69967899	69972739	646b0bb9-6be8-418c-b4ec-10da8d502bbd	69956366	69989233	rev	UWB_Cisp0
chr1	70519426	70525116	ebc1959f-100f-4f74-8400-d99629af95b6	70515576	70535828	fwd	UWB_Cisp0
chr1	72419249	72423127	3626e5a9-eeb3-4cc8-8f46-12a3ac067115	72416555	72431084	fwd	UWB_Cisp0
chr1	72591954	72596343	b652eaaf-5fd1-472a-ac45-6515e2a431d1	72586663	72596351	rev	UWB_Cisp0
chr1	73061223	73063823	620cc81f-ca45-4385-ae36-cc4bb05589b9	73057246	73063828	rev	UWB_Cisp0
chr1	73938750	73939942	b51008db-9b55-43ac-8052-8e44b6a8841e	73934013	73961474	fwd	UWB_Cisp0
chr1	74720891	74722988	794d48e6-e95d-4489-aace-01b3294bb230	74711562	74722994	rev	UWB_Cisp0
chr1	82323645	82325074	66a9ab6d-231e-47f6-a2a3-86c7bf5ded19	82323641	82330221	fwd	UWB_Cisp0
chr1	83715302	83724166	fb03ff8d-7172-4d14-abfc-0a99510492f5	83715291	83725415	rev	UWB_Cisp0
chr1	84728459	84733028	8b53f1ec-4754-4100-8bb6-408b8c6be6a3	84725387	84733033	fwd	UWB_Cisp0
chr1	85740969	85744907	4cfa0576-0695-406b-8778-c31230eb39d0	85739734	85750966	fwd	UWB_Cisp0
chr1	87075294	87076708	90644f48-6b07-447c-85b4-b6abc04ecde1	87075285	87085231	fwd	UWB_Cisp0
chr1	87753208	87758063	a9444558-0a37-46e5-904a-8cbe29c1ab45	87753203	87761676	fwd	UWB_Cisp0
chr1	87955702	87960608	3bebac84-f008-48a8-94d3-9a01a54a9983	87951489	87961821	rev	UWB_Cisp0
chr1	88740760	88745154	8703a0e9-431c-4ec5-8d62-2103ba6b420a	88740754	88749111	rev	UWB_Cisp0
chr1	88828220	88832393	f71c80a2-d2d0-4a9e-b601-5c62656ecc56	88823528	88839875	rev	UWB_Cisp0
chr1	89561195	89564304	1e1e7dfb-3c71-4474-be41-dbdb86f00999	89551133	89567004	fwd	UWB_Cisp0
chr1	92927441	92931288	e1432b76-bd0f-4017-891f-e74c402ebd4d	92924016	92936444	rev	UWB_Cisp0
chr1	92955818	92960835	6c16156d-6b7d-4965-a4fa-da7f8e3efab3	92949228	92964061	fwd	UWB_Cisp0
chr1	93718180	93725031	0bba8cbb-3f45-4b15-9bdc-8dd5d4f29585	93712195	93725039	fwd	UWB_Cisp0
chr1	95833836	95834932	9b0ff3f5-5637-4092-bf95-8de766516516	95825140	95837660	rev	UWB_Cisp0
chr1	96528843	96530690	9ffe0f92-02d8-48c5-84be-736676ed933a	96524891	96545386	rev	UWB_Cisp0
chr1	96904332	96907627	4abcc634-f394-4ab0-b097-dfde1a22cb2b	96902883	96911827	rev	UWB_Cisp0
chr1	97763806	97771753	0a3ad624-e31b-4ac5-a3cc-a1c1c480625d	97763799	97773421	fwd	UWB_Cisp0
chr1	97901167	97908452	0fe502ed-cbc7-4b28-9024-ba0885a9cc5b	97899459	97911143	fwd	UWB_Cisp0
chr1	99029019	99034357	fa8cae02-e858-4e04-a3bb-93964dbabead	99029005	99039899	rev	UWB_Cisp0
chr1	99645608	99649136	e4eb4aa0-5657-49ac-b528-79522630ab07	99641314	99657187	fwd	UWB_Cisp0
chr1	100448591	100452424	0ef31fdc-a7a4-43a6-a8c5-81fb789280de	100438162	100452428	rev	UWB_Cisp0
chr1	103354543	103359570	b1b3a30c-f4c7-4e7f-91bf-b70f37ad2987	103352038	103360503	fwd	UWB_Cisp0
chr1	105313113	105315728	ab091cc8-9f1f-4672-9822-933e1dcc8efb	105308720	105318255	rev	UWB_Cisp0
chr1	106009235	106013229	4229c9a9-d22d-448f-ae2f-b5e0d6ce2849	106009225	106016236	fwd	UWB_Cisp0
chr1	109189106	109193694	0d839003-9da9-4b83-b0ab-e1c74700b56b	109185957	109200998	rev	UWB_Cisp0
chr1	110340486	110345304	bf335457-d2ca-4350-b4a8-45a6a2370b54	110340353	110352568	fwd	UWB_Cisp0
chr1	110597229	110598814	667d69b7-d7f5-4c8d-aec2-fdab5362ac06	110591885	110600240	fwd	UWB_Cisp0
chr1	110599911	110604561	e88e93d8-1ad8-42ab-b87f-04cf35beddf7	110597114	110610494	rev	UWB_Cisp0
chr1	112059167	112063502	01746e2a-d7f1-434b-9851-c5b1db986905	112051672	112068335	rev	UWB_Cisp0
chr1	117334265	117340911	42ca0d75-a2ff-4570-90e8-4f713c753489	117324450	117341986	rev	UWB_Cisp0
chr1	117528024	117531464	931847be-1429-46e1-b557-d68c0b5f48d7	117526894	117535292	rev	UWB_Cisp0
chr1	118035677	118037416	972ed3f8-d887-42d7-b639-c09e2590f520	118030916	118037431	rev	UWB_Cisp0
chr1	118923398	118926341	ca94729c-258c-46ca-be35-74ad782bc3ba	118923393	118936018	rev	UWB_Cisp0
chr1	120525718	120527497	f948219e-258a-466e-9bbf-c2d4479467c0	120520452	120529375	rev	UWB_Cisp0
chr1	120907072	120909686	5bc50896-0298-4a54-ba7a-57c0477a3a96	120897416	120909693	fwd	UWB_Cisp0
chr1	143190418	143191661	fcac3c2c-9c07-42df-9ae7-bf74a0401d59	143184587	143241023	fwd	UWB_Cisp0
chr1	143202525	143206059	2b214373-9a0d-4155-8748-4a8061d8ca8b	143185490	143232750	fwd	UWB_Cisp0
chr1	143219870	143220898	e61ec2d8-68d3-4423-8a59-d19f8dd1c976	143199961	143222585	fwd	UWB_Cisp0
chr1	143208145	143211474	f0d04feb-cf2a-477e-a63b-447019eb6add	143206397	143223008	fwd	UWB_Cisp0
chr1	143216344	143229718	d861c1b9-04d2-47c8-b18e-dffa651d6685	143206417	143241415	fwd	UWB_Cisp0
chr1	143212489	143213826	686c4af4-bf7f-4551-8b55-90b7fe2f78bf	143212483	143220538	rev	UWB_Cisp0
chr1	143216392	143222723	28f1b9da-42ea-49c9-a662-bdf92093134d	143213470	143223517	rev	UWB_Cisp0
chr1	143227370	143229966	b1ef99c6-24cd-4242-a6da-5f3af529d48d	143217189	143241026	fwd	UWB_Cisp0
chr1	143229069	143230104	93930188-1423-415f-bca1-a152c9d7448e	143227463	143240996	rev	UWB_Cisp0
chr1	145415061	145424667	a392a2e8-9c1c-4a19-a934-f8efab169713	145415052	145431484	fwd	UWB_Cisp0
chr1	147793104	147797914	0c47f536-bd01-47a1-b1a5-67533db0e491	147785890	147803850	fwd	UWB_Cisp0
chr1	148283236	148288086	dfb945fb-9d04-4a26-82b5-8df20c2bfbdc	148273643	148300913	fwd	UWB_Cisp0
chr1	151778112	151779746	28d08b6a-a08e-4370-81cb-dbac0740aad9	151769153	151779753	fwd	UWB_Cisp0
chr1	152645393	152648120	3c2104b2-ede0-4f6a-874e-da20ec436248	152633344	152648157	rev	UWB_Cisp0
chr1	154061789	154066138	8b428e17-15b2-40cd-a9f3-d4881f535ff3	154061368	154073620	rev	UWB_Cisp0
chr1	154225778	154228288	d4c2dfc2-fec0-4ee4-9da2-a2aeaaf90380	154216450	154228476	rev	UWB_Cisp0
chr1	154641157	154643099	2122e3b2-7e01-4a82-8d4a-dd79c3ee2168	154641152	154648835	fwd	UWB_Cisp0
chr1	155439289	155444000	392a3807-058b-435d-9f9b-15b466a4e47c	155439283	155453958	fwd	UWB_Cisp0
chr1	156584461	156589350	f24eba15-d93d-45f0-981e-0e72058f0e38	156580765	156596183	rev	UWB_Cisp0
chr1	157075201	157082088	4bb02dbc-be70-4774-9e77-55c313a7da64	157070998	157082709	fwd	UWB_Cisp0
chr1	160655946	160662514	40c8b600-ab59-4501-b2e7-515eda6f18ee	160650755	160662522	fwd	UWB_Cisp0
chr1	160901790	160905358	a49b5b12-e97d-4178-86d4-84d4f4d05515	160900769	160910016	fwd	UWB_Cisp0
chr1	161936965	161939634	e2053742-3b30-4777-9a7e-83a13cdaf46e	161934329	161941713	rev	UWB_Cisp0
chr1	162713970	162717813	ec379ba4-6044-4eb6-86c3-0e166ae61551	162713281	162722147	rev	UWB_Cisp0
chr1	164668223	164670305	4436ee20-2ef5-49bc-8ae0-7c55b3082ef0	164656841	164674319	rev	UWB_Cisp0
chr1	165294906	165297630	a6445869-4ec3-499a-ac14-24650deaf7b9	165286000	165297644	fwd	UWB_Cisp0
chr1	166463334	166468187	e96c1362-1910-4087-afec-2c4b29e7501b	166458803	166468999	rev	UWB_Cisp0
chr1	167501251	167503878	4dd14738-8e19-424c-b2f2-e30b2092227c	167501238	167514871	fwd	UWB_Cisp0
chr1	169895952	169900521	469b482b-fa3c-4194-b070-4e326015fbd7	169892308	169900525	rev	UWB_Cisp0
chr1	170007035	170010656	574110e6-a0e1-4116-add3-9f03fd453a9a	169999722	170010660	rev	UWB_Cisp0
chr1	170859120	170863406	19897918-ae68-43c1-a51a-e9dd5b6dacaa	170854367	170863412	fwd	UWB_Cisp0
chr1	171055685	171063432	f9164e8c-7dc9-4df7-a3ac-bb8ddc1bf27b	171053977	171073680	fwd	UWB_Cisp0
chr1	173668119	173669946	21e5f8e0-6aca-4836-8794-a132d37702d0	173667909	173678999	fwd	UWB_Cisp0
chr1	176676572	176679280	a59c1adb-463a-4a43-8980-12dc0d9376b2	176674339	176687115	rev	UWB_Cisp0
chr1	177698535	177701924	954390a5-811c-48a0-963b-b4ac6f753057	177696680	177708205	rev	UWB_Cisp0
chr1	178660852	178666781	4f5f70cc-fd75-406b-ba86-b28b94b71184	178658045	178673532	fwd	UWB_Cisp0
chr1	178854542	178858181	34cec4c3-e046-4a67-b858-5cdd05be450f	178854532	178863243	fwd	UWB_Cisp0
chr1	179098390	179101147	97393bea-f8db-4a30-8456-2aed4ac57537	179096209	179108155	rev	UWB_Cisp0
chr1	179918374	179919898	40bb3b9b-905a-44af-9dba-bd0a7b136bcb	179913261	179919902	rev	UWB_Cisp0
chr1	180068504	180069815	4d438b8c-b06e-4789-9f09-1b350d1d00c1	180059543	180069820	rev	UWB_Cisp0
chr1	180615950	180617887	7bae67aa-efd5-43de-8994-33968236292f	180604768	180617893	fwd	UWB_Cisp0
chr1	182704958	182706474	391aa6ee-9961-42af-b03f-76860b8fba19	182690258	182714470	fwd	UWB_Cisp0
chr1	183806531	183810712	186128f1-8139-4b37-8241-9deb335e41d9	183803555	183820574	fwd	UWB_Cisp0
chr1	184530390	184532689	6d3418a1-eaa5-4143-8c5f-417ed46e3fdc	184530386	184537679	fwd	UWB_Cisp0
chr1	185770430	185772914	be269848-c946-464c-ad90-8b9917a64882	185767036	185772923	rev	UWB_Cisp0
chr1	186766891	186770163	1ba034b4-c90e-45e1-9522-1efc384bb207	186766538	186774981	fwd	UWB_Cisp0
chr1	188771356	188777884	c7d7bcfd-2802-4119-90d3-7a7fd07828c8	188768815	188778932	rev	UWB_Cisp0
chr1	189655231	189659248	42300ed5-37d1-4197-90d6-1d1c9fab46da	189655226	189664971	fwd	UWB_Cisp0
chr1	189977682	189981022	b57ac32a-bcdf-4cab-8143-20939d0dfcb2	189965607	189984428	rev	UWB_Cisp0
chr1	193532853	193536034	58600f1b-83e5-414d-aedd-f9c65732765a	193532846	193545572	fwd	UWB_Cisp0
chr1	193538384	193540327	58600f1b-83e5-414d-aedd-f9c65732765a	193532846	193545572	fwd	UWB_Cisp0
chr1	194499639	194501992	9b8a3f66-9285-4f25-94f9-9cb6072f0f8a	194492851	194504068	fwd	UWB_Cisp0
chr1	195020584	195029522	0a79af62-20c7-4ecf-81e2-272e31cf7e54	195020516	195033344	rev	UWB_Cisp0
chr1	195647003	195649393	cef3b354-bd36-41e3-b8e5-490329afb00f	195644128	195649399	rev	UWB_Cisp0
chr1	205776837	205786294	5aeacedb-19a4-45b5-948e-6d371c7caf39	205756664	205787597	rev	UWB_Cisp0
chr1	208171074	208179406	d989248d-95cd-4c9b-b54d-daf9ab9a3e80	208163401	208181352	rev	UWB_Cisp0
chr1	212103434	212113091	dc2c15b6-341f-4151-98df-6a1dcd52242d	212103429	212124670	fwd	UWB_Cisp0
chr1	212620768	212625139	718e669b-ce32-4b9a-9049-3386ed4c3fcc	212611755	212626939	fwd	UWB_Cisp0
chr1	213641291	213647779	eeca7b18-72b7-4b28-84c9-f461a9f7b158	213639219	213651425	rev	UWB_Cisp0
chr1	213681902	213686835	5083edf3-5278-4a92-914d-eb337f3083c4	213680519	213696077	rev	UWB_Cisp0
chr1	213691162	213696071	5083edf3-5278-4a92-914d-eb337f3083c4	213680519	213696077	rev	UWB_Cisp0
chr1	215719944	215721964	4405329f-675c-4819-afab-d627d94b824c	215715187	215721975	fwd	UWB_Cisp0
chr1	219376118	219379071	91438609-cda7-42e3-909c-0dd0b20c2657	219369374	219379075	rev	UWB_Cisp0
chr1	221960868	221964981	1990872b-8b1d-4304-bf06-aca76cbc5d2f	221954357	221964989	rev	UWB_Cisp0
chr1	223521030	223522159	8d53398c-a028-42d8-8993-619c168f3832	223521024	223535448	fwd	UWB_Cisp0
chr1	223840224	223845077	4a37bcda-b273-40fb-9b06-93660f8bd53d	223840220	223856403	fwd	UWB_Cisp0
chr1	225307294	225314719	f74cc4af-ef27-488d-94a1-e678b13334e1	225306413	225323310	rev	UWB_Cisp0
chr1	225825131	225826961	33fcfab9-c9ea-4b5f-9f8a-88d178adee72	225814588	225827007	rev	UWB_Cisp0
chr1	225883772	225884841	96ccadba-bd48-4c9f-85f7-f750bd156bac	225883768	225897343	fwd	UWB_Cisp0
chr1	229913099	229917765	aac4b983-7cf0-4a59-b8cd-0f97686bcde8	229912162	229922505	fwd	UWB_Cisp0
chr1	230035074	230036533	b3f335a3-a8f0-4680-8884-8f49278df4a5	230021383	230036538	fwd	UWB_Cisp0
chr1	230110338	230111483	73d77209-776a-48a7-8c65-d55cd20e58d3	230094201	230115473	rev	UWB_Cisp0
chr1	230130227	230132275	8e9c4a58-d14e-49d5-8736-d1f1f23f2d2a	230122906	230132282	fwd	UWB_Cisp0
chr1	231407545	231410545	cb049439-a684-4b6a-b1e0-bb790035c119	231407539	231418163	rev	UWB_Cisp0
chr1	234019406	234023787	2325a8b1-08a5-46f5-9aa0-2782508ace99	234011815	234023799	fwd	UWB_Cisp0
chr1	237221630	237223971	f83cbf70-a048-45f9-a1ce-42d1d232e518	237216871	237230546	fwd	UWB_Cisp0
chr1	237363523	237368039	c63e9765-7675-411c-a55d-b959cfae5ede	237363512	237370101	rev	UWB_Cisp0
chr1	239119481	239123845	22532e85-01e7-49fa-a119-260beb557a5a	239119474	239125513	fwd	UWB_Cisp0
chr1	240219010	240224397	949e1c9d-7377-497f-ada7-9e07f39aae40	240215023	240228908	fwd	UWB_Cisp0
chr1	241379879	241384364	b801c7e8-bd63-4b9d-970d-4d09bfac876a	241379874	241396452	fwd	UWB_Cisp0
chr1	242293480	242300192	9bae1d08-03ce-4825-9059-13eb4b567688	242285542	242312905	rev	UWB_Cisp0
chr1	245117314	245118742	8147f1ab-553b-4acd-b176-f5495a8f6806	245106714	245118746	rev	UWB_Cisp0
chr1	246112799	246120962	448137e3-6b6c-4d23-80eb-97133dd2b651	246110316	246120966	rev	UWB_Cisp0
chr1	247254282	247257547	6c3e16b7-6b6c-4dec-938b-b0249120b9d8	247249217	247260293	rev	UWB_Cisp0
chr10	2060292	2062137	b82ddcfd-16d7-4055-b0fa-e5096bac4b9b	2059623	2073926	rev	UWB_Cisp0
chr10	3176868	3179713	bdf0f7b9-c0c5-4102-9e7a-20951f5f00a8	3164815	3181576	rev	UWB_Cisp0
chr10	10100816	10110185	c2a0fb39-4779-4854-bbfd-842faf9f4261	10094612	10110191	fwd	UWB_Cisp0
chr10	13516314	13518781	b5fd226b-bd7c-4d1e-b2d3-fce839232a21	13515769	13526101	fwd	UWB_Cisp0
chr10	16277869	16280058	f9c45664-6259-4637-b62d-6f611ebbff8b	16277860	16288036	fwd	UWB_Cisp0
chr10	16408885	16413230	009aab06-50f0-4c10-887d-55f255680721	16408875	16420247	rev	UWB_Cisp0
chr10	18657083	18659305	44271d82-61e3-4341-940a-9d857c79afc6	18657075	18662312	fwd	UWB_Cisp0
chr10	20087333	20088978	e0cb2937-0bf8-42b4-ad3b-b46748c08dfd	20087325	20098835	fwd	UWB_Cisp0
chr10	22403683	22414768	0f80ffdf-5173-41d7-9f4f-d40c2a6fde2a	22394969	22419141	rev	UWB_Cisp0
chr10	24918267	24921593	caaba404-53b4-4639-a280-5c3cbcb013fa	24918263	24930880	fwd	UWB_Cisp0
chr10	28992907	28997686	b3024040-a211-4a68-a9c5-416465461092	28988175	28999564	rev	UWB_Cisp0
chr10	29521608	29525121	7e883dcf-df18-4aa9-8505-cf913ffb0521	29516284	29535953	rev	UWB_Cisp0
chr10	30772391	30773797	ca11a67c-5c26-49d5-b04d-a478b8977dff	30765072	30773802	fwd	UWB_Cisp0
chr10	32433967	32437389	3f86607b-c25f-4899-934c-e4f92cf0235f	32429112	32437395	rev	UWB_Cisp0
chr10	32616991	32620983	622192fb-8fce-4ea1-b823-fa51fb12dd69	32611473	32621628	rev	UWB_Cisp0
chr10	33840498	33849684	36520573-0e12-4215-b448-8d8063dc8b88	33828425	33870132	fwd	UWB_Cisp0
chr10	33854798	33869561	36520573-0e12-4215-b448-8d8063dc8b88	33828425	33870132	fwd	UWB_Cisp0
chr10	34281067	34288440	2f7d68da-c8b6-455a-b241-e429693cb61a	34278168	34290883	fwd	UWB_Cisp0
chr10	34403519	34407152	abb906f5-38f7-4d6f-bdca-9e9ed6b4f968	34402055	34410113	fwd	UWB_Cisp0
chr10	38523734	38526070	3b5cdd8a-dc50-4834-921a-2733b09d3314	38519733	38529907	rev	UWB_Cisp0
chr10	41875293	41876872	c2e693dc-b7d2-42f7-ba08-de50941dbef2	41842917	41878211	fwd	UWB_Cisp0
chr10	41874503	41875623	42a21ae2-7697-433e-950c-ad0cd9f9a914	41862729	41880440	fwd	UWB_Cisp0
chr10	41876817	41877995	63aaac36-cb12-4f29-969e-acd347167ebd	41862870	41879297	fwd	UWB_Cisp0
chr10	41875996	41877425	cf1a7980-23b2-4ad1-aebe-d0dccd3a81c1	41867290	41883450	fwd	UWB_Cisp0
chr10	41889847	41890852	08fd7e0f-fda5-4fd3-a9cb-acec9cdb1788	41879298	41894375	fwd	UWB_Cisp0
chr10	41883627	41884827	71c13899-03e0-4802-b672-7eeee4c4fc79	41883621	41898023	fwd	UWB_Cisp0
chr10	41890252	41892605	71c13899-03e0-4802-b672-7eeee4c4fc79	41883621	41898023	fwd	UWB_Cisp0
chr10	41888327	41889482	6139130c-6a9a-4ee4-b8a1-b50d93cc4d4a	41883793	41905515	fwd	UWB_Cisp0
chr10	41893805	41895935	5f518075-7a9f-4302-9000-3988f697b85a	41887180	41916265	fwd	UWB_Cisp0
chr10	41905931	41907474	5f518075-7a9f-4302-9000-3988f697b85a	41887180	41916265	fwd	UWB_Cisp0
chr10	41896243	41897502	903c1ec3-1325-486f-861e-ca3b24677894	41893148	41910537	fwd	UWB_Cisp0
chr10	41894690	41896173	121bd9e4-267b-4782-838e-e6646c8a2754	41893597	41914910	fwd	UWB_Cisp0
chr10	41907264	41908312	121bd9e4-267b-4782-838e-e6646c8a2754	41893597	41914910	fwd	UWB_Cisp0
chr10	41905926	41907529	7d6ea512-96db-4bb7-bf87-734b58938dbb	41898670	41909054	fwd	UWB_Cisp0
chr10	41903698	41904730	e2aa5ed4-9cd7-41df-9a26-7c180a6428ee	41902607	41915664	fwd	UWB_Cisp0
chr10	41905986	41907379	6715e6cd-a4a2-4491-bdd9-c905ea718a48	41899829	41915786	fwd	UWB_Cisp0
chr10	41908757	41910136	cf818303-8e6b-4b9d-a2ad-cc84a54292b9	41903845	41916265	fwd	UWB_Cisp0
chr10	44193625	44196300	da94fed9-b184-4f1d-9def-69b95477f622	44193612	44203822	fwd	UWB_Cisp0
chr10	46283286	46284540	e6d310b8-03f2-4a1c-bb38-db0f3398bc48	46283273	46290529	fwd	UWB_Cisp0
chr10	46381525	46384759	de779b6d-fe53-4eee-837e-3b9e4950a58a	46374341	46385703	fwd	UWB_Cisp0
chr10	54323273	54324706	a2f0895d-8f72-4548-b814-4e2313373b69	54323268	54333987	rev	UWB_Cisp0
chr10	55589360	55598499	e4a7a8b4-19ef-4b7a-b8bb-c42d5bef49de	55589355	55607678	fwd	UWB_Cisp0
chr10	58822908	58829075	651ba4ac-204b-47cc-93c8-c9fd06961f9a	58821642	58836187	fwd	UWB_Cisp0
chr10	59828749	59831633	cc5956d5-6be6-40ed-bb34-f1c89ba4ef79	59826994	59835726	rev	UWB_Cisp0
chr10	60737528	60740052	f63948f6-3904-4108-b1c4-4cddb2ad30a5	60737523	60749593	fwd	UWB_Cisp0
chr10	61083672	61088642	39878429-8455-4b5c-87ba-d11d21a67fd9	61079579	61089238	rev	UWB_Cisp0
chr10	64541156	64548926	cd70c7ca-1123-4899-99fa-fdae92725f7e	64540472	64555018	rev	UWB_Cisp0
chr10	67219731	67224747	dd83b332-60a1-4363-a386-2810ca0773d2	67219486	67232977	fwd	UWB_Cisp0
chr10	69079250	69080842	4e492922-999e-4cfa-9f85-e41b750ab6c2	69075159	69084482	fwd	UWB_Cisp0
chr10	70447410	70450583	e558cf3b-af53-4384-b5cc-9e579477f838	70439679	70450589	fwd	UWB_Cisp0
chr10	70489146	70493430	fd4490aa-10fe-4dab-b62d-bba06c26b681	70487012	70494539	fwd	UWB_Cisp0
chr10	70797912	70799122	6926e336-0baf-411e-b3e7-f94c2a173995	70750975	70800108	fwd	UWB_Cisp0
chr10	72658256	72660684	9ce16ac4-e473-4157-9d62-40774d547519	72658250	72669033	rev	UWB_Cisp0
chr10	75150918	75152895	3981d8a6-fe4a-4f4d-8f04-143938b20d4b	75142321	75157177	fwd	UWB_Cisp0
chr10	75574430	75579523	63241c50-fd27-4556-83d3-d1096dd1fb44	75569876	75579712	rev	UWB_Cisp0
chr10	77918196	77920286	cae47ada-5fb2-4769-8001-c0c0717c50ad	77918189	77937663	rev	UWB_Cisp0
chr10	77933562	77937169	e81cdd64-f185-45d1-8017-adf4d9cf0a79	77930976	77947738	rev	UWB_Cisp0
chr10	78926250	78934700	58c1005c-9d61-431d-80cd-093433fa3413	78919565	78960422	fwd	UWB_Cisp0
chr10	83447482	83451004	0e8a019c-d727-4d42-a730-d2b7c1931299	83445665	83451011	rev	UWB_Cisp0
chr10	93716576	93724184	964c37d1-eeb9-44c8-87e5-e0ee47d57fc3	93706986	93739495	rev	UWB_Cisp0
chr10	95730180	95732014	b0878535-928c-404b-a82a-2c23d00654bc	95722517	95732021	fwd	UWB_Cisp0
chr10	96286776	96292309	08235a9a-c4b1-4203-b426-8984bd86d620	96283887	96295882	fwd	UWB_Cisp0
chr10	97485228	97488882	129cd66e-2d0e-4068-abfc-aebe5e700607	97478456	97490464	rev	UWB_Cisp0
chr10	100459848	100462314	fb2bedf3-5631-49db-95ae-19949e6e9167	100454679	100462319	fwd	UWB_Cisp0
chr10	103394502	103396316	add616ba-a580-4494-b159-8badfbcb8e22	103376586	103400987	fwd	UWB_Cisp0
chr10	106210807	106216447	0cd1133b-c9ab-433f-a96b-2b8d5ebdf984	106210796	106227717	fwd	UWB_Cisp0
chr10	107466232	107471988	ea2a43e3-b6a5-46d6-af0c-8d9341d3ad72	107466201	107478113	fwd	UWB_Cisp0
chr10	118667061	118668799	590ef90b-3f79-4685-9dc5-e04e9040fa58	118667048	118675034	rev	UWB_Cisp0
chr10	120064246	120068664	2f62f40d-2771-4662-9690-36bdb53ea361	120059412	120068668	rev	UWB_Cisp0
chr10	121534235	121537261	42aab0ec-c0c3-4172-a0d4-3f7534841645	121513468	121537270	fwd	UWB_Cisp0
chr10	124333936	124335027	34ee5b83-e911-482f-8912-05403cb6ec09	124333931	124342405	fwd	UWB_Cisp0
chr10	125441033	125443185	a8082bd3-e523-4431-96a3-8337387f2a0b	125439339	125446275	rev	UWB_Cisp0
chr10	125822583	125831125	df52d786-cc10-4176-8387-03ce44511671	125819454	125832740	rev	UWB_Cisp0
chr10	126408843	126413790	a24bf763-2d19-45c0-84de-1216b3f34391	126407251	126416837	rev	UWB_Cisp0
chr11	5081971	5085981	2231f7ca-d0af-4ac1-927b-bc4a05e2210a	5081964	5089841	rev	UWB_Cisp0
chr11	5997284	5999967	203fa39b-874d-4a3f-81e1-a23830819322	5981857	6013943	fwd	UWB_Cisp0
chr11	9189788	9191150	82bc7cd1-0959-424b-8c68-f272a409da99	9181543	9191159	fwd	UWB_Cisp0
chr11	14433213	14442389	9e75ab2c-2d22-46db-8c35-2ed6ea26e159	14425350	14442718	rev	UWB_Cisp0
chr11	19110447	19113449	8f269f39-0366-449a-aa91-01716c1eff1c	19107131	19114472	fwd	UWB_Cisp0
chr11	20921606	20923782	d265292d-5bf8-48e5-891d-6b6929110692	20921599	20929401	rev	UWB_Cisp0
chr11	26042052	26044726	15c8692a-294f-4028-84be-647125fb8642	26035020	26044731	fwd	UWB_Cisp0
chr11	26395262	26398041	2f4b56d3-8120-4b16-9b13-f4c7df2cd0db	26395258	26405747	fwd	UWB_Cisp0
chr11	27020334	27032356	ce5d8158-2651-437e-b0d9-467655a38e52	27019532	27038147	fwd	UWB_Cisp0
chr11	27533470	27536930	5bcdd2c5-17b4-4935-b088-8d772df883bc	27533464	27551686	rev	UWB_Cisp0
chr11	28137042	28139134	cf5663ee-f8f9-49c3-be21-f757b2ae95c8	28137037	28146872	rev	UWB_Cisp0
chr11	29693888	29699831	4cfd1b5b-177e-4e9e-a40e-aff711c49f3a	29683458	29704889	fwd	UWB_Cisp0
chr11	29922818	29932631	5047dfbd-e8e3-4041-9eac-5890cd776bcf	29919937	29933366	fwd	UWB_Cisp0
chr11	33610949	33615171	a1dd0a04-8312-44e5-a502-3cc185d1ab42	33610225	33624819	fwd	UWB_Cisp0
chr11	34764968	34767996	ba3f15b6-85b3-4044-b2e7-e22fdc3464ec	34756868	34773159	rev	UWB_Cisp0
chr11	39097144	39101955	1bfd50d7-ed9f-4111-a726-05a946de8e59	39097138	39108779	rev	UWB_Cisp0
chr11	39750928	39754538	954d5fd8-50bb-4c0c-a907-92f06240caa3	39733968	39754543	fwd	UWB_Cisp0
chr11	41638626	41640846	4aa525a5-fc78-406f-b2cb-f0e19030025d	41638622	41644897	fwd	UWB_Cisp0
chr11	41737436	41739825	cb9ee4f6-ff94-48e3-b372-4d465b512417	41737430	41749681	rev	UWB_Cisp0
chr11	45696169	45701159	561ed323-59f4-4be6-87bf-4374bfdf2ed0	45694216	45705587	fwd	UWB_Cisp0
chr11	46531779	46535717	4f4ca8e4-0342-4d73-bc51-b2f81357d048	46518223	46535722	rev	UWB_Cisp0
chr11	48259460	48262086	8923ba7b-b7aa-4eec-8c96-1a0dbdfb45c2	48258034	48273114	fwd	UWB_Cisp0
chr11	48321736	48326397	9ad68914-0235-45a9-9548-5bb0a87353b5	48317987	48326402	rev	UWB_Cisp0
chr11	49186083	49190223	567cd4ed-a377-462a-bbb7-1c8232ac79df	49181505	49190232	rev	UWB_Cisp0
chr11	56449420	56456740	01421f69-2698-47e4-9388-2969e81cc5b7	56449092	56483703	fwd	UWB_Cisp0
chr11	56936999	56946175	f85483bf-9b1b-4c23-a9c6-4a0761fed424	56936085	56947946	rev	UWB_Cisp0
chr11	58088451	58089623	67410508-90dc-43f2-a2ba-368a2b282a39	58082509	58089629	fwd	UWB_Cisp0
chr11	63323982	63335722	f203282f-27be-455b-9598-b3b440d5895b	63321118	63339579	fwd	UWB_Cisp0
chr11	64396334	64405235	59e8ec9d-b6d2-4733-a6ba-f4bb8d4232bf	64394995	64416882	rev	UWB_Cisp0
chr11	66013261	66017561	6963203a-3a07-40f9-b6f7-3a98bb298a1a	66004992	66024363	rev	UWB_Cisp0
chr11	68917739	68921199	13629b9e-9a27-4303-a380-f83453d5d796	68917731	68925493	rev	UWB_Cisp0
chr11	71591094	71594281	bec4c142-fdc6-4fd0-8dca-f0929c219afd	71584322	71598719	rev	UWB_Cisp0
chr11	71913976	71921010	4350da98-5a0f-4675-83f6-59acabd14fa9	71911808	71926316	rev	UWB_Cisp0
chr11	75113536	75116198	c68ba6b8-507c-417f-8d97-d20d2d7d37bc	75113529	75122772	rev	UWB_Cisp0
chr11	75478726	75483666	88ea0337-93a6-493b-bd18-c51c6c5a094c	75473179	75483676	rev	UWB_Cisp0
chr11	81296556	81305616	58277f51-b6b7-4d12-bb51-99b33a0a2a0a	81295745	81313784	fwd	UWB_Cisp0
chr11	82001535	82010217	62643d21-b58e-42dc-8ba7-b757b365e6f1	81997640	82012195	rev	UWB_Cisp0
chr11	83141511	83147929	ebeaf492-0c23-46ce-8704-f50f165fce9d	83141506	83150371	fwd	UWB_Cisp0
chr11	84102414	84106592	200f7728-01ef-445d-9ef8-5fcb2b642f44	84102407	84121620	rev	UWB_Cisp0
chr11	86087763	86092044	9331468d-c647-47b1-845f-a817bf5218a0	86071967	86092053	rev	UWB_Cisp0
chr11	87760523	87761720	95100298-917a-46f6-8738-a7cfcdb0686f	87755613	87789091	fwd	UWB_Cisp0
chr11	88969427	88975168	0f3070f6-7c21-4a25-947d-aa912618f2de	88966914	88979991	fwd	UWB_Cisp0
chr11	89759651	89763659	93bdda2e-7375-41ab-96b2-98959902f600	89759643	89778650	rev	UWB_Cisp0
chr11	91922229	91925192	e9d83873-9692-4c55-ae1a-a508b77fd1ce	91918809	91928785	rev	UWB_Cisp0
chr11	93285852	93289728	3ce6e242-d6f6-4c62-beb1-cdadca508ef3	93273921	93292747	fwd	UWB_Cisp0
chr11	94234741	94239606	2660e01f-4c83-47b8-8066-37b8cf2b7707	94232894	94239611	fwd	UWB_Cisp0
chr11	95422680	95427302	56dfddba-728a-4566-b7b1-68d3872c7d83	95422390	95433283	rev	UWB_Cisp0
chr11	100288230	100294917	51df54a3-708a-4533-9c1b-6e9dad233c9d	100288219	100301348	fwd	UWB_Cisp0
chr11	100552780	100560733	32dd4e7f-325c-4c7d-a644-0b65f88656eb	100552462	100571218	fwd	UWB_Cisp0
chr11	100868492	100871995	ab66eb75-71e4-4d4e-bb83-e3355fc7bf6f	100867370	100884725	rev	UWB_Cisp0
chr11	105128346	105136910	af5448a7-baee-4313-9539-6c47fb58f367	105128342	105140847	fwd	UWB_Cisp0
chr11	106099426	106104980	196431b2-8b8f-4467-bb19-f4044f831df2	106090710	106104986	rev	UWB_Cisp0
chr11	107786842	107791495	68441464-91ef-4350-8bf4-9d8e91ba52db	107786835	107805900	rev	UWB_Cisp0
chr11	107994746	107996435	334a4212-d4e6-42e6-bc9d-a69b1aff8639	107990726	107999697	rev	UWB_Cisp0
chr11	112052019	112056316	aaaa9523-4f44-4716-9d39-2cd8d1dfe8f8	112028108	112057907	rev	UWB_Cisp0
chr11	113105369	113110481	e516a328-bc3f-4802-9204-8c9b1de316fc	113097070	113112094	rev	UWB_Cisp0
chr11	113542946	113550298	f81480fc-90d8-4f73-9c0c-8ab7783f703d	113537171	113553202	fwd	UWB_Cisp0
chr11	113992398	113995447	9c45880f-c9b8-4682-81a4-ca71db343d9c	113981611	113998771	rev	UWB_Cisp0
chr11	116960941	116964554	847493bd-95a3-483e-9595-250419f3afc9	116960933	116973628	rev	UWB_Cisp0
chr11	117082230	117090808	9a853eb4-c212-4b9f-954a-d957ceced918	117067726	117090812	rev	UWB_Cisp0
chr11	118072914	118074230	8bfe5c5c-a71b-4093-bce8-b0b6feb4518f	118071919	118082559	fwd	UWB_Cisp0
chr11	118540970	118544122	6276b702-85d7-48ce-b960-40a03061d339	118524579	118546109	rev	UWB_Cisp0
chr11	118915816	118920001	b35d87b0-f9ce-449e-98a8-652cf896da7c	118897841	118920006	rev	UWB_Cisp0
chr11	119125885	119127656	b5383cd1-8831-4990-a6ee-08b0b49108f2	119122196	119135698	rev	UWB_Cisp0
chr11	119758064	119759352	084d1ded-3cc8-4e7a-b930-c54b68b672b6	119749893	119759360	fwd	UWB_Cisp0
chr11	120079311	120088185	bfa5ba6a-c1aa-4041-bd4b-7a64e3715226	120079301	120091564	fwd	UWB_Cisp0
chr11	120996188	121001764	f3c74e34-d7a9-4790-9ba4-14f4254d04be	120996182	121008336	fwd	UWB_Cisp0
chr11	121168863	121172045	c2f12113-4fcf-474e-9ff1-5587a34cd20f	121159689	121178891	rev	UWB_Cisp0
chr11	123101054	123103223	96347b12-dcd8-4ea3-82d7-44423c8395aa	123091018	123104278	fwd	UWB_Cisp0
chr11	123258630	123269970	3024faba-eda4-4f29-9acb-6390502d7e43	123245624	123269975	rev	UWB_Cisp0
chr11	123954375	123955411	86bb88ce-1beb-4db8-929c-12e1d9fef790	123954366	123965193	fwd	UWB_Cisp0
chr11	125139171	125145475	ed4d0c0f-a66e-4e59-8b65-c9a98471c891	125116055	125146050	fwd	UWB_Cisp0
chr11	129608609	129611977	c211f93d-3922-4f76-bea0-57a14bf1259b	129603548	129620110	rev	UWB_Cisp0
chr11	130295128	130300463	26993395-ce23-4b68-8146-973f5685e096	130290231	130300477	fwd	UWB_Cisp0
chr11	132144980	132150155	7592f780-5968-490c-9446-7baf1d7effe8	132138649	132150890	rev	UWB_Cisp0
chr11	132183268	132186800	994179dd-7174-4167-8e1c-54abcfd162f3	132183262	132190690	rev	UWB_Cisp0
chr11	133033895	133043099	45597798-b9ed-4bc9-9d7d-6a3f5f58fbab	133033889	133064072	fwd	UWB_Cisp0
chr11	134355018	134361365	3cc44bf5-da1f-4a32-a74a-d83d9730730e	134352003	134361370	fwd	UWB_Cisp0
chr12	471412	474811	4984281d-8be1-4859-8367-22b14d584a8e	471407	483995	rev	UWB_Cisp0
chr12	2352569	2354941	10b5fc3f-8b8a-4470-b628-3b2757781bfe	2347441	2355296	fwd	UWB_Cisp0
chr12	4848830	4856297	08565d7a-dbf5-47ed-bfc9-22945f7edd66	4841100	4856302	rev	UWB_Cisp0
chr12	5358571	5363477	58b88a04-a386-476e-a323-85e47498945d	5352429	5364906	fwd	UWB_Cisp0
chr12	5839256	5840546	fbbd140a-4bb0-4f32-8df2-31faacdc140c	5839251	5846551	rev	UWB_Cisp0
chr12	5933424	5936870	4aac3e9f-f53c-4ad5-9a51-c471d2ce3a12	5931483	5939340	fwd	UWB_Cisp0
chr12	9952484	9955908	40234feb-eecc-41e2-9343-854fe22fe1b9	9950347	9957119	fwd	UWB_Cisp0
chr12	14397730	14405594	f2bd9e17-85a6-4c11-9350-1e824db6da59	14397725	14407649	fwd	UWB_Cisp0
chr12	14803584	14806450	8114230e-f834-4141-8cff-338d1b4f66e3	14792765	14806455	fwd	UWB_Cisp0
chr12	14956692	14963012	e04322f2-00ab-42b2-ac22-1f25621903f3	14955002	14963026	rev	UWB_Cisp0
chr12	17384624	17386768	dac2a9a3-4e01-47db-8788-2dc48e6c5cc3	17375532	17387719	rev	UWB_Cisp0
chr12	17816974	17834728	738cb813-0f3d-4f8c-afb0-4d7f9ebe3c0b	17815888	17838307	rev	UWB_Cisp0
chr12	18548089	18551085	cac8726a-3fe8-47f7-b694-15977b957e52	18548084	18559280	fwd	UWB_Cisp0
chr12	22611484	22613841	e44bbf0c-dc19-4164-9315-01750cf73f35	22603071	22613846	rev	UWB_Cisp0
chr12	26505433	26507136	9068a8e1-a85b-4ee0-8e3c-de9f672e3607	26477542	26507142	rev	UWB_Cisp0
chr12	26766225	26775498	045fccb0-fa18-481a-98a9-5f900babdb24	26764784	26781088	fwd	UWB_Cisp0
chr12	32866624	32877315	90d18b40-de46-4a92-9a7f-512757094c70	32865649	32880465	fwd	UWB_Cisp0
chr12	33264277	33268756	c74bde07-79ed-4c3f-8380-df0a3f1498c3	33255193	33274118	rev	UWB_Cisp0
chr12	33559129	33562414	581c48fe-0a26-47fe-941c-93f4ef4c6a67	33559124	33565888	rev	UWB_Cisp0
chr12	37632943	37638995	3f84991f-4afb-4c01-97fe-7c7199125dc1	37626389	37640806	rev	UWB_Cisp0
chr12	37772561	37783604	ae7becda-9e37-4f0a-894e-1c9f1e803b4d	37772549	37795709	fwd	UWB_Cisp0
chr12	37916095	37917283	40b66edb-ab68-4969-9c8c-90cbc5927b22	37908239	37927949	fwd	UWB_Cisp0
chr12	38806298	38813645	17c9a90d-afa5-483b-81eb-83196bee525b	38803010	38815551	rev	UWB_Cisp0
chr12	41608388	41611622	648b3d8f-dd46-4f44-803c-75ca21435592	41607950	41613330	rev	UWB_Cisp0
chr12	43121900	43125670	53e941c9-1f17-4198-bb45-1247802ab6a1	43121894	43132522	fwd	UWB_Cisp0
chr12	44971864	44973895	162d5cd2-271f-48dd-ba52-0c389b4561c5	44971857	44992962	rev	UWB_Cisp0
chr12	45371816	45373058	b22868b1-66a3-49fd-a711-8b40165f03a8	45371797	45384494	rev	UWB_Cisp0
chr12	47866403	47870992	f41b4875-ffe0-4eb6-98f9-57dba6c673f0	47857832	47871507	fwd	UWB_Cisp0
chr12	48220303	48224804	fef80993-29ad-47ee-9aae-58116ae3890e	48215716	48229330	fwd	UWB_Cisp0
chr12	51061539	51065882	b7c22c43-442b-4d0a-a626-62b0aad979b0	51049504	51065887	fwd	UWB_Cisp0
chr12	51318336	51326188	039b5d7a-c2b6-4491-8acc-d0db25ec223e	51316109	51327345	rev	UWB_Cisp0
chr12	53006476	53009517	c659bea9-87c5-41dd-a914-fb8f76bf6feb	53001993	53009755	fwd	UWB_Cisp0
chr12	53270965	53274879	c8a051b2-a001-4f53-86f3-7356f7d30cfb	53263351	53279391	fwd	UWB_Cisp0
chr12	55650147	55654480	221dc59d-057d-425e-8768-aecec89e8517	55644155	55656779	fwd	UWB_Cisp0
chr12	56374010	56380320	1580a3ee-1bb5-4438-b9de-d5adf6924549	56370365	56388896	rev	UWB_Cisp0
chr12	57643635	57648888	f6f2d9dd-9891-4a3d-8e3e-c6811d4cc40e	57638186	57648893	fwd	UWB_Cisp0
chr12	63273612	63275858	4920d0fc-2aed-43f1-89ff-9b24f37bbf0c	63259971	63275864	fwd	UWB_Cisp0
chr12	64676045	64686418	1bf9be28-0036-4d86-8824-e48b786674ae	64673160	64690784	fwd	UWB_Cisp0
chr12	68900733	68902245	54aee5a0-3393-41d6-b94a-62b204c9e2db	68893892	68902250	rev	UWB_Cisp0
chr12	69541568	69545303	b8edf506-bc67-4b6f-b517-f3653403d58e	69530056	69545314	fwd	UWB_Cisp0
chr12	70461469	70464874	882041e1-74df-4604-bd36-cb654d7c5bc3	70453722	70464879	rev	UWB_Cisp0
chr12	70574177	70581591	b2531209-e186-4e4e-a7b6-f0107c765e99	70572954	70588219	rev	UWB_Cisp0
chr12	74815396	74818632	791be436-b182-4890-bcdd-2c423a575282	74809635	74818639	rev	UWB_Cisp0
chr12	76110871	76115528	2dffd823-55de-44f7-98b8-64601fd93a57	76093571	76115532	rev	UWB_Cisp0
chr12	76342235	76343312	5301ea59-2aa5-46a2-9b54-a03c86a8b88e	76337325	76343317	fwd	UWB_Cisp0
chr12	81170070	81171483	7d76fb12-0262-4adf-b22b-7f5c6e5f453b	81162928	81171489	fwd	UWB_Cisp0
chr12	91878361	91880921	e9b4c1e3-a5e8-479c-a894-5961e664eeae	91878352	91887005	rev	UWB_Cisp0
chr12	93222633	93223912	d6d6a4ab-e3d8-4ef3-a96c-3bdbff597159	93214976	93223920	fwd	UWB_Cisp0
chr12	94528745	94531801	3752192f-bd1d-4103-846d-8e5464dfdd71	94509842	94547500	fwd	UWB_Cisp0
chr12	96777575	96781430	b1406620-7990-4006-b0b4-b474350c74d0	96761802	96783359	fwd	UWB_Cisp0
chr12	97828447	97833665	96b21c96-3ce4-4555-a2b9-5b77c5c96eae	97818438	97843780	fwd	UWB_Cisp0
chr12	98409729	98419840	17908d49-5730-4c43-924c-6dd105c067b2	98407842	98421660	rev	UWB_Cisp0
chr12	99696564	99700353	50749964-6dd6-4777-b8ec-aebc342f1842	99696555	99723820	rev	UWB_Cisp0
chr12	99734546	99737538	eb9d196b-3cfb-4d36-8387-d75aa1a5850d	99734530	99747614	rev	UWB_Cisp0
chr12	100618087	100620905	56c92ff8-5046-448e-92e5-35280758f52f	100610049	100622467	rev	UWB_Cisp0
chr12	102581606	102592137	ab8a202c-a405-497c-b426-a8cca849e5d7	102574221	102592142	fwd	UWB_Cisp0
chr12	103478866	103480086	a8ba1adc-cbf0-4bdf-90e2-34140d8181d7	103478860	103502832	rev	UWB_Cisp0
chr12	103766735	103772370	377c034c-8868-4e65-b2ed-0cb0068e679f	103763970	103774240	fwd	UWB_Cisp0
chr12	104942171	104945686	9b47e2f2-ca27-4bee-a43a-8c6882275fb8	104937894	104968820	fwd	UWB_Cisp0
chr12	106115515	106121657	92177419-7804-4d28-aac7-eb686526b460	106113003	106126155	fwd	UWB_Cisp0
chr12	111611028	111615380	7755dd3f-f2fa-427c-be1c-038fd9d2fca3	111611023	111623717	rev	UWB_Cisp0
chr12	113639311	113640627	a77d3b59-e4a4-40a8-916f-41854e750d4b	113624472	113641032	rev	UWB_Cisp0
chr12	114790946	114792261	e3281ef9-4922-414d-970a-7552b87cea3d	114782312	114792270	rev	UWB_Cisp0
chr12	115183491	115185421	ea21b42e-3906-42cc-a55b-06665b1662f5	115183486	115214242	fwd	UWB_Cisp0
chr12	117351282	117353814	b3037a02-8dac-4969-9cfe-059bd5522db4	117345450	117353821	fwd	UWB_Cisp0
chr12	118364857	118371102	c0c7a313-4e2c-49aa-9874-958d5fde2f5c	118359937	118371109	fwd	UWB_Cisp0
chr12	118404272	118407738	e4bfd4f9-3dbb-4167-98a0-061cb7eae20e	118396196	118407742	rev	UWB_Cisp0
chr12	120379902	120384872	5446e0b6-8960-4eaa-b1ab-c8236dfcd3f8	120371653	120392074	fwd	UWB_Cisp0
chr12	120443946	120445486	6fc39015-13ab-4faf-9e76-5aff9f2284d8	120437285	120445558	rev	UWB_Cisp0
chr12	122262031	122263120	8aaf727a-84ed-437c-90b9-94dbacc4c092	122250039	122264282	fwd	UWB_Cisp0
chr12	122475705	122480551	a1268ba8-d74f-4cfe-a549-3570d6b9785f	122473146	122483378	rev	UWB_Cisp0
chr12	122859063	122861090	8943674f-a638-48d6-bc7e-7b0d0b570627	122859053	122873909	fwd	UWB_Cisp0
chr12	123225871	123231120	559dd7b8-a6b8-433d-9b76-3034543710a2	123221334	123235370	rev	UWB_Cisp0
chr12	123353675	123357469	05048caf-3ab0-483a-84b2-bf46da60d526	123350780	123361390	rev	UWB_Cisp0
chr12	123644632	123646144	69d72d11-3f4e-4f63-8fe2-79492debc182	123641972	123651035	fwd	UWB_Cisp0
chr12	124585116	124591517	29c82a81-ae5a-4a28-ae07-5748e763c9d3	124584542	124593302	rev	UWB_Cisp0
chr12	125630649	125637529	87ca3653-df5f-4341-a7d0-eb5b63d6f159	125623053	125638750	fwd	UWB_Cisp0
chr12	127830113	127833239	c5d0126b-c9dd-4769-aa09-894683ef8f41	127818914	127834987	rev	UWB_Cisp0
chr12	127864027	127866173	09f1aa09-111b-4a6f-8837-af61544f270b	127854241	127866188	fwd	UWB_Cisp0
chr12	129253085	129257069	5e896866-1ec3-4a3b-9f9c-856ac6e54998	129247835	129257678	rev	UWB_Cisp0
chr12	131214448	131216054	12dc83ec-ed35-4357-8fb4-3b24f0e7b09d	131214443	131224317	fwd	UWB_Cisp0
chr13	19101223	19105732	28b338f2-0e83-44da-ab44-a5e72b338f35	19101208	19111744	rev	UWB_Cisp0
chr13	26516165	26520836	190d0bcf-d64a-467b-aacf-63e32ade0de6	26506379	26520843	rev	UWB_Cisp0
chr13	28700506	28701698	4a0de9ce-12ba-474a-af4e-0942bc59175f	28700498	28713859	rev	UWB_Cisp0
chr13	29241518	29247354	fbbd8a5f-9105-4a84-ad9b-ffb9cc04a72d	29240626	29250959	fwd	UWB_Cisp0
chr13	29969674	29971144	ef09a16b-bab1-4c09-8462-f1627011eba2	29954664	29971149	rev	UWB_Cisp0
chr13	30823701	30826872	251519c6-a3b2-4be8-a869-2991305baa68	30811999	30829636	fwd	UWB_Cisp0
chr13	32466635	32468490	0ec6cc97-136a-428c-bfa0-a0bd9a377f34	32466631	32474672	fwd	UWB_Cisp0
chr13	34186974	34190415	5a185b06-a655-4757-9732-ce5bbec6da14	34185234	34196553	fwd	UWB_Cisp0
chr13	37216579	37219513	db58fdd2-9796-49b4-844e-e135f2e2514f	37201979	37220396	fwd	UWB_Cisp0
chr13	37294255	37298222	51130934-87a8-446e-9c5b-3b2374d143a1	37285032	37304256	fwd	UWB_Cisp0
chr13	39460155	39464397	3a198c3c-e121-4ea4-b420-c0937279a517	39445128	39464405	fwd	UWB_Cisp0
chr13	40391362	40395614	bafc0dd3-2d56-4712-abad-8dcc7e3048d9	40379239	40395618	rev	UWB_Cisp0
chr13	41270509	41273176	e37dd3e4-8480-4729-8e3f-333d27f1c2fe	41263742	41283398	rev	UWB_Cisp0
chr13	45822244	45825151	31831611-11f5-4721-87dd-4e9d97adce2d	45810789	45831346	fwd	UWB_Cisp0
chr13	46635090	46638997	14593d1c-f714-442a-9bff-46c405bf08e1	46628249	46639002	fwd	UWB_Cisp0
chr13	46964600	46970625	b8f7c700-64bf-4efa-8f3b-328807ff87e2	46958507	46970634	fwd	UWB_Cisp0
chr13	48041585	48049441	a0bcee73-553d-41f1-8de3-0a4cbe632c19	48035381	48049451	fwd	UWB_Cisp0
chr13	49384361	49385609	db127db4-fa82-4e62-982c-340a9970f5a1	49384351	49389720	rev	UWB_Cisp0
chr13	50907914	50911203	f4126af9-e624-4d73-bfd5-98c167decade	50907909	50916833	rev	UWB_Cisp0
chr13	51237314	51241380	a0b359a5-e33d-41c3-b7be-b85bb68e28f3	51237309	51244945	fwd	UWB_Cisp0
chr13	51834971	51841117	538a0c37-c229-47b1-b703-b1258268fe83	51831922	51844677	rev	UWB_Cisp0
chr13	52938755	52948910	0d0b9d76-88f6-483a-9264-ee0f89151a48	52934949	52950519	fwd	UWB_Cisp0
chr13	53077713	53080214	3251358e-b921-417a-8651-1a660606e4ba	53077705	53083077	rev	UWB_Cisp0
chr13	54211809	54213502	5a89903d-b4dd-458c-8bd0-bcb697e0cb6d	54194080	54213510	rev	UWB_Cisp0
chr13	55210966	55217657	5cc7504a-0c46-41f6-ac88-7e50ff0fb07b	55207311	55217664	fwd	UWB_Cisp0
chr13	56625951	56630175	54612987-ba8e-439e-a36e-8c4b5db83185	56625947	56633486	fwd	UWB_Cisp0
chr13	56611411	56613724	c009c11b-c95d-426d-9aa0-46c44b6c00cd	56609349	56635016	fwd	UWB_Cisp0
chr13	57342421	57345486	72b7ca36-b3ee-42b7-9f9b-d175fd86ac58	57332192	57345491	rev	UWB_Cisp0
chr13	63246802	63248239	b419bbf8-857b-4a83-a169-07510f5af06a	63243190	63248243	rev	UWB_Cisp0
chr13	65682897	65687783	d0f0fc90-f0bd-4e69-986c-f432d4ece01d	65680585	65691419	fwd	UWB_Cisp0
chr13	67324769	67326087	7371fb14-5188-4b8e-a87d-1ce72079d122	67324760	67333701	rev	UWB_Cisp0
chr13	72733577	72736268	093a1b11-af1c-4b24-b278-b09636605485	72727153	72743340	rev	UWB_Cisp0
chr13	72890312	72893774	6e7eadb2-31d5-45e9-9d56-cde7d2f9c7b5	72890308	72900844	fwd	UWB_Cisp0
chr13	74007207	74010544	4563b4e7-8946-4620-b92e-5f60d0039d58	74004984	74014478	fwd	UWB_Cisp0
chr13	80779479	80799060	f0783e7b-13c1-4b6f-b715-0897b8b15380	80777561	80801209	rev	UWB_Cisp0
chr13	83357164	83361193	17d4a365-ff6d-4f36-b812-fcdae506376f	83356431	83372073	rev	UWB_Cisp0
chr13	85416496	85421821	599bdf7d-599c-4840-9e3f-0e4768ff9b52	85409117	85421894	rev	UWB_Cisp0
chr13	87881366	87892840	f2df1d86-5e49-40c7-8708-cc2070217239	87871544	87902315	fwd	UWB_Cisp0
chr13	87896996	87900317	f2df1d86-5e49-40c7-8708-cc2070217239	87871544	87902315	fwd	UWB_Cisp0
chr13	91282338	91287134	b4b2e08c-721c-4ba5-90b4-94d5a081434c	91282333	91291413	rev	UWB_Cisp0
chr13	92714558	92716793	e4da96ab-57a4-4e63-b40e-710a4b42c183	92714551	92732515	rev	UWB_Cisp0
chr13	93132607	93141803	273222d3-ba3b-4c15-96fd-b4f6a24bac16	93126120	93146733	fwd	UWB_Cisp0
chr13	94294371	94300253	f88d362f-ffb1-405f-ac44-8f38fffddb37	94292437	94306062	rev	UWB_Cisp0
chr13	99729545	99731577	18db6bbe-1082-4c6e-8cc8-0003a94337fe	99725677	99731583	rev	UWB_Cisp0
chr13	106927565	106938191	f22fce4e-d39b-4acb-8621-a451ee06184f	106927559	106942422	rev	UWB_Cisp0
chr13	108144101	108156285	b4dad7bc-8c7b-465f-b644-6c995b656d20	108143007	108159612	rev	UWB_Cisp0
chr13	110178750	110184029	9447229b-ee3e-4fd1-a044-f7c2165b4a86	110167587	110184920	rev	UWB_Cisp0
chr13	110819741	110821022	3234736f-71c6-457d-82bf-e9e4ef8f76c3	110809307	110821030	fwd	UWB_Cisp0
chr14	18949642	18953320	1fb0ede6-4271-4ead-b738-c23f7a210351	18948229	18954643	rev	UWB_Cisp0
chr14	20558899	20561683	8d886e25-4297-4fcd-aeca-4dfcf9c7b5c7	20558894	20571006	rev	UWB_Cisp0
chr14	22590118	22596917	03a1f6e3-be0c-4ed5-9524-234e05d72ef2	22584316	22632755	rev	UWB_Cisp0
chr14	22644281	22648499	51911ac5-299f-4e05-bfa1-11406eaec578	22644277	22654361	fwd	UWB_Cisp0
chr14	26235442	26237445	204ba9d5-e055-43fc-b06b-6c2bc0111f2f	26235434	26241230	fwd	UWB_Cisp0
chr14	26609356	26616013	20342d1e-0c7e-41f2-91bc-b749cf51a868	26607944	26623521	rev	UWB_Cisp0
chr14	30756278	30760199	6f9dea3f-ab00-43c7-bbc0-67b53a76a417	30756262	30764875	fwd	UWB_Cisp0
chr14	30866856	30870619	bebead13-555f-4969-8cb1-8825c6f900eb	30863556	30872411	fwd	UWB_Cisp0
chr14	31005004	31006746	036b4617-4751-44e3-9029-9598ac4f3732	30998044	31008600	rev	UWB_Cisp0
chr14	32791795	32792337	c431d96a-b0ae-46b9-926f-65edf8016f11	32789491	32798839	fwd	UWB_Cisp0
chr14	33678436	33681561	c5ed6f3b-07e4-44ee-b57b-b9316c94d79a	33672965	33681567	rev	UWB_Cisp0
chr14	34270689	34275633	0b5fb633-3a1d-4c8c-b526-e8177b974f67	34258359	34279738	rev	UWB_Cisp0
chr14	35726287	35734447	30e3e336-a1ba-4ea3-8fae-1d7c40a39e5b	35720879	35734758	rev	UWB_Cisp0
chr14	37642580	37643594	a27ac3be-d417-41d5-aac0-c15f93826f40	37642573	37652851	rev	UWB_Cisp0
chr14	38838025	38845371	7901fe3f-0a0f-4af0-95e1-bc5f261066d1	38831789	38868767	rev	UWB_Cisp0
chr14	40906610	40908045	24454712-88b8-4646-8a7b-d5c231e6c07d	40900998	40908054	fwd	UWB_Cisp0
chr14	42558537	42561954	89f45cd2-399f-4f2a-aa3b-9c5f315c1090	42556405	42563789	fwd	UWB_Cisp0
chr14	42801068	42810961	535361db-62f6-4da6-a3db-f96e88577d53	42798612	42830796	fwd	UWB_Cisp0
chr14	43105527	43106760	a991cf8d-6f1b-400d-ae9f-a527cde14a1b	43098051	43113718	fwd	UWB_Cisp0
chr14	45980109	45988404	a2554e66-7a1b-45d4-bb8e-48d343b4fa1c	45974544	45990844	rev	UWB_Cisp0
chr14	46489683	46492828	de5239e8-d0d1-4920-96b4-11cabbcd8f59	46479475	46492832	rev	UWB_Cisp0
chr14	48646695	48647839	47f49a26-4da7-4745-b467-69407b39058f	48637483	48647849	fwd	UWB_Cisp0
chr14	48697475	48699721	0abc5f0a-1cc6-486c-a037-6d8309ad2623	48695998	48707665	fwd	UWB_Cisp0
chr14	55998941	56002929	2420804d-aeae-4235-b71e-7ae8e173818e	55998934	56013759	rev	UWB_Cisp0
chr14	56796307	56801952	606e8a44-c13e-4721-ab85-be3ce342db73	56791576	56801960	fwd	UWB_Cisp0
chr14	57013658	57019396	d6f99231-130c-42bb-93e0-80ecb29bbc20	57013550	57027052	rev	UWB_Cisp0
chr14	57967868	57971779	479fc65a-1ee0-49c2-b04a-636bd5499f06	57962983	57972690	fwd	UWB_Cisp0
chr14	58840183	58851589	dd29d143-d3d9-4da0-87fb-5f39f00e22ff	58830780	58852090	fwd	UWB_Cisp0
chr14	64134340	64138785	a1f0b8d7-4a13-4a9b-9a0e-a04a0d9bd412	64134332	64143713	rev	UWB_Cisp0
chr14	65837899	65839740	98306b5c-54d7-4a9c-ba9c-3a2ab66e7d08	65827096	65842385	rev	UWB_Cisp0
chr14	76099223	76103527	b10f17f5-8f7d-4513-a84d-32a0b7dc9085	76093132	76104169	rev	UWB_Cisp0
chr14	77770889	77785152	ced19e77-79f9-4d9d-9387-1123d9ab88f1	77765885	77793318	fwd	UWB_Cisp0
chr14	79994923	79996153	15067cc2-b9fc-4a34-b878-15c34608fcea	79989635	79998016	rev	UWB_Cisp0
chr14	80559391	80563580	bb3777b0-47d6-43db-bcf6-7cb782ecdf04	80559386	80568501	fwd	UWB_Cisp0
chr14	83828948	83832837	f9b30560-204b-409c-8b7a-86949bd7edcb	83822117	83832843	fwd	UWB_Cisp0
chr14	87688128	87691886	f9b47743-5f01-4896-8cd1-067bc9f1f6e2	87680920	87691897	rev	UWB_Cisp0
chr14	89238749	89242599	d51d6c43-1a6f-4137-8371-2039c7e9a0b9	89238742	89248406	rev	UWB_Cisp0
chr14	89964114	89967378	ff65b2e7-127c-4be7-bfc4-5dd0ff5d82b3	89949302	89970133	fwd	UWB_Cisp0
chr14	94662828	94664166	996a2886-5c49-440b-b5b8-119459de31cb	94647886	94664170	rev	UWB_Cisp0
chr14	97881824	97886297	2ec521ec-938c-4bd0-a246-7970f3a16ecb	97877218	97886463	fwd	UWB_Cisp0
chr14	102873170	102883525	7fde0dc9-8be5-4b6b-9497-b57a31bc178c	102870836	102888293	fwd	UWB_Cisp0
chr14	104237253	104242964	7db7c00f-37f7-4121-b16c-4c282ce26cab	104234848	104242974	fwd	UWB_Cisp0
chr15	23837068	23840731	f1c1b89a-8b1e-44e2-b77a-86bf9277f0a0	23837063	23850013	rev	UWB_Cisp0
chr15	37235075	37238525	f50182bb-f520-40e8-b16c-b9a6678294df	37224405	37242170	rev	UWB_Cisp0
chr15	39363690	39368765	75ac9eee-962c-405e-b4d8-ad75bd9fd39a	39361939	39373294	fwd	UWB_Cisp0
chr15	42411978	42415140	180d96ae-fb23-4a5a-bb7d-04cf5cb662de	42411973	42420172	rev	UWB_Cisp0
chr15	44311344	44313580	ca14080d-4e18-4bf9-ac68-e40fb84270a6	44309880	44319165	fwd	UWB_Cisp0
chr15	44973656	44975134	260cc4a2-1438-4677-8b65-ed821ca97633	44970036	44975140	rev	UWB_Cisp0
chr15	49223988	49227683	d43edd9c-3a61-4563-81b6-df354525809c	49223983	49234257	rev	UWB_Cisp0
chr15	50360003	50361447	911572e5-a290-46a9-bd18-0b169a01d958	50359288	50369497	rev	UWB_Cisp0
chr15	51963433	51968447	2cf73812-61fb-4867-9de9-1750b94bfcbb	51963428	51973248	rev	UWB_Cisp0
chr15	52220500	52225179	1dcff624-ac31-4328-985c-9ece0a6206e3	52216131	52225186	fwd	UWB_Cisp0
chr15	52980105	52984060	45beb359-b729-4069-97f8-fb8396b89ea7	52975494	52984067	rev	UWB_Cisp0
chr15	56198882	56202546	2a67cb60-8147-43cf-b929-774c8498343b	56193609	56202552	fwd	UWB_Cisp0
chr15	57324671	57328655	84aef0ef-fa29-4c4e-aea8-29915329a8e4	57317481	57329114	fwd	UWB_Cisp0
chr15	58916147	58920098	7dee636d-aebe-4f6e-807c-9150b252483f	58912444	58932391	fwd	UWB_Cisp0
chr15	59254082	59258703	b942f66f-7c3d-4982-9e08-1d7a56c06f9a	59254076	59262447	fwd	UWB_Cisp0
chr15	60580652	60584906	9b386b5a-120e-4273-b378-507e464daf1a	60570176	60585972	fwd	UWB_Cisp0
chr15	61048063	61054364	e26bc180-2f43-4c50-bd8e-9911f8f443c5	61048058	61059838	rev	UWB_Cisp0
chr15	61245211	61246283	8b95c4df-a4c8-4eae-b9a4-dd2c3ac6c75a	61232690	61246290	rev	UWB_Cisp0
chr15	61372373	61375670	14ecc597-6afa-4680-b150-1f49ec292a78	61371986	61386942	fwd	UWB_Cisp0
chr15	61744130	61746568	3f036271-00ae-4a7a-9e61-9f959598ca82	61738245	61746581	fwd	UWB_Cisp0
chr15	65642353	65644103	11a47da4-b60b-45c6-9844-413842f69262	65642335	65649702	rev	UWB_Cisp0
chr15	67406725	67408045	3f77362b-71e1-4ece-b547-321ebe03c4bd	67404372	67414309	rev	UWB_Cisp0
chr15	70852316	70853799	4afbd557-fc50-4e62-93ea-bd29ecd12e77	70839226	70855939	rev	UWB_Cisp0
chr15	72241105	72243767	c43d12fc-f4dd-4459-8eb2-2fc8010ac532	72237888	72250551	fwd	UWB_Cisp0
chr15	74407741	74413272	52707d5e-ae69-4e40-bed5-256a139e73fe	74407734	74416488	rev	UWB_Cisp0
chr15	75269286	75272584	3436f292-7d99-4313-8166-9b21aeed28cb	75269279	75277820	rev	UWB_Cisp0
chr15	78617236	78620793	241aeece-e8d6-4031-9ffb-7acf9520c40f	78612231	78623132	fwd	UWB_Cisp0
chr15	78654860	78658240	8534dd0b-2ef2-4868-8e86-85d4146c6620	78652750	78671702	rev	UWB_Cisp0
chr15	82793014	82795898	ebda5dbb-06ed-4e19-9f25-4fd7eb2eeec4	82789002	82807741	rev	UWB_Cisp0
chr15	84778770	84781699	485790aa-ce78-4235-8f0f-9f84d6b3098b	84774380	84781705	fwd	UWB_Cisp0
chr15	86058073	86062335	d86688c2-50b7-4378-9207-70a19c37cd35	86054492	86063303	rev	UWB_Cisp0
chr15	87795656	87800236	55e70d66-0e5f-49e5-aa6a-224de9f433bb	87791395	87803829	fwd	UWB_Cisp0
chr15	89007508	89010895	222609a2-3df4-4553-90d4-8a59d775b1f9	88999635	89018627	fwd	UWB_Cisp0
chr15	90696674	90700604	7d07183d-4e0c-48d4-a9ec-6019e39ab67d	90696666	90709167	rev	UWB_Cisp0
chr15	90722257	90727217	ec6e6aba-de56-4031-8f5a-4d9714bc4443	90722246	90736191	fwd	UWB_Cisp0
chr15	94412909	94414807	f8ff0a22-a943-4f4e-8457-d4f2cce7c1a2	94412903	94428271	rev	UWB_Cisp0
chr15	95617648	95621432	1e34d56b-2573-4274-9a60-1b44b39c03f7	95617644	95632743	fwd	UWB_Cisp0
chr15	95627567	95632738	1e34d56b-2573-4274-9a60-1b44b39c03f7	95617644	95632743	fwd	UWB_Cisp0
chr15	96298643	96304732	0acf9539-5a63-43c7-a7d3-453b41b9fd93	96294498	96308175	rev	UWB_Cisp0
chr15	98847254	98853147	f6c75336-ce57-4787-8a52-5396f155ed00	98837774	98853155	fwd	UWB_Cisp0
chr15	99090133	99091369	3568e7e9-616c-4bde-845b-4ef7440615e0	99077795	99091376	rev	UWB_Cisp0
chr15	101336337	101338756	69135f6b-3a65-4974-9e02-2efd6f9d1b7d	101331322	101338761	rev	UWB_Cisp0
chr16	5746500	5757513	52b9c422-d7a5-45b9-8ebb-85e3a4a1fa9f	5736774	5758190	rev	UWB_Cisp0
chr16	7500132	7505036	94233342-c606-4594-83eb-9824c8c35c80	7500126	7515054	fwd	UWB_Cisp0
chr16	7507127	7514244	94233342-c606-4594-83eb-9824c8c35c80	7500126	7515054	fwd	UWB_Cisp0
chr16	17538893	17546506	35b6caef-84d1-4eb0-b8e2-32bf901efa06	17536070	17546764	fwd	UWB_Cisp0
chr16	19895841	19900953	74a67838-a5dc-4f8a-9df1-15fb62104328	19890516	19900958	fwd	UWB_Cisp0
chr16	21066208	21070941	ee20f143-043e-4cd9-951b-fe715850675d	21063236	21072138	rev	UWB_Cisp0
chr16	21948091	21952342	a99ad6ea-9dad-4e91-b1bd-9cc868730a04	21947941	21962939	fwd	UWB_Cisp0
chr16	22208731	22218632	c94502e7-bd1b-4f75-a315-583019eaff61	22182372	22222037	fwd	UWB_Cisp0
chr16	22798930	22810012	1e9d973d-8d96-4c5d-bdc1-982f0fbb4c0f	22796434	22810019	rev	UWB_Cisp0
chr16	23353505	23355430	155fc1a2-a2f3-4bba-b97a-d1b12cee9ae6	23351259	23361338	fwd	UWB_Cisp0
chr16	23445279	23452760	0864dac3-e90b-46c4-96ad-ef8e87575b68	23438244	23453544	fwd	UWB_Cisp0
chr16	23695580	23697667	d6e8e469-8ef9-4ad0-b3c8-8f98776eb5bc	23688134	23697726	fwd	UWB_Cisp0
chr16	23730232	23733743	37e8a30c-2c6e-44f5-9f18-9729c84c55e8	23722921	23733748	fwd	UWB_Cisp0
chr16	25878100	25886099	659ebf64-b897-4f3e-b938-1f2b088eed73	25869615	25886113	fwd	UWB_Cisp0
chr16	27941513	27952076	4790e666-222c-42d1-ae8c-5345c61da4c3	27926713	27952308	fwd	UWB_Cisp0
chr16	27964877	27971998	7eb9f492-aa34-4442-875f-8fe20adec02f	27964868	27976543	fwd	UWB_Cisp0
chr16	28959886	28966973	395deeb5-8384-42a4-ae2c-b582814b0187	28943999	28966977	rev	UWB_Cisp0
chr16	29720115	29728716	42f45d22-216c-41a0-95c4-d7bdfbaa4f7c	29720109	29730598	rev	UWB_Cisp0
chr16	30072139	30075117	1411a736-2cf3-45d5-86bf-4b0aaf3c28b0	30069092	30085244	fwd	UWB_Cisp0
chr16	31538785	31540277	fcea1527-c229-4361-a71a-135fe3d18ad9	31533719	31545939	fwd	UWB_Cisp0
chr16	33977657	33979905	c2e49c4c-94b1-4e08-9600-76166eb4ea45	33970354	33979909	rev	UWB_Cisp0
chr16	35596869	35600728	5f220103-3ecc-4cbf-a6a2-d9a7e4ab249e	35587805	35600747	fwd	UWB_Cisp0
chr16	46391807	46393803	f092297f-b848-4c03-b6bd-f468526169be	46382552	46409480	rev	UWB_Cisp0
chr16	46388504	46391589	bc2e5953-dacc-462b-95a7-c19348af96b2	46382552	46407058	rev	UWB_Cisp0
chr16	46385902	46388878	8e74fffe-a362-4224-a099-d1aea0ee67c2	46382552	46401669	rev	UWB_Cisp0
chr16	46385938	46387412	fbb23419-ee3b-4e57-9de3-022c158fb9c4	46382554	46406074	fwd	UWB_Cisp0
chr16	46395029	46398535	fbb23419-ee3b-4e57-9de3-022c158fb9c4	46382554	46406074	fwd	UWB_Cisp0
chr16	46383897	46388587	a52878f2-c0e9-4796-87d7-b673dda05b20	46382877	46405614	fwd	UWB_Cisp0
chr16	46395149	46397294	b121d2fc-6c44-45af-8088-6e1abc8e60c2	46383509	46402917	rev	UWB_Cisp0
chr16	46394219	46397309	8dcfe535-4817-42da-93c8-d44b31aee386	46383582	46402088	fwd	UWB_Cisp0
chr16	46391605	46393397	073c491b-6d5f-4178-8226-34288ea88b6b	46385081	46403454	rev	UWB_Cisp0
chr16	46391291	46394210	9f4c8e33-2fa8-429d-a302-5cf89035a8b9	46385225	46404014	rev	UWB_Cisp0
chr16	46394717	46397309	4a59b2da-cfcf-4c3b-ad82-3599c937d296	46385390	46399113	fwd	UWB_Cisp0
chr16	46386142	46392125	a9d7d663-1188-40e4-9a1b-380037ae3313	46386138	46400726	fwd	UWB_Cisp0
chr16	46391605	46393448	352393aa-ec3e-47a6-8c86-b2a638bc7c48	46386142	46403379	rev	UWB_Cisp0
chr16	46391224	46394211	b01967c8-c8d2-498c-8b6c-a52418bf1aff	46386470	46405207	fwd	UWB_Cisp0
chr16	46401280	46402440	56271315-06ce-47ae-8814-df2391512fa2	46387476	46403725	fwd	UWB_Cisp0
chr16	46400080	46401973	2a2d2a56-e75d-4e6d-a3f7-6857eefb638b	46387684	46402040	fwd	UWB_Cisp0
chr16	46400536	46403257	731635ce-1010-434e-b860-7af610e17de9	46387708	46404809	rev	UWB_Cisp0
chr16	46395422	46397117	b8573561-4e52-4db7-b7ad-029e9382101f	46388073	46410173	rev	UWB_Cisp0
chr16	46395266	46400559	6a084001-33c3-44dc-872c-32eb153cf1f4	46389109	46409465	rev	UWB_Cisp0
chr16	46394462	46397294	89fe840b-64f9-49bc-9d51-a7e3ba5f106c	46389661	46406627	rev	UWB_Cisp0
chr16	47566527	47570345	05a5266c-9ebb-477d-b64d-739944f94766	47566518	47581064	fwd	UWB_Cisp0
chr16	48727254	48742127	112de2f2-5cbf-4cc5-a2b4-662c74d607d7	48706346	48742782	fwd	UWB_Cisp0
chr16	48858157	48862927	0da79d70-2e30-445c-935a-20901bb3f2c2	48854470	48862936	rev	UWB_Cisp0
chr16	52069157	52071078	0dce75f5-d021-47da-ab58-a95766739ea1	52063842	52074005	fwd	UWB_Cisp0
chr16	53023598	53029490	facd91b7-01a2-4ffb-8e18-61d76a1c7b5c	53022009	53034114	fwd	UWB_Cisp0
chr16	54100660	54103190	65e82dc3-2ef2-47d4-b9b5-7ecdfa1b9ead	54100656	54107914	fwd	UWB_Cisp0
chr16	55248011	55249972	acbd3d02-9c71-4c8d-bf4d-0cbf9473d839	55247953	55265275	fwd	UWB_Cisp0
chr16	55551341	55554305	729ff2f9-f834-4579-8509-4edfb1be1bab	55546158	55556986	rev	UWB_Cisp0
chr16	56461003	56467181	0c3c7570-508d-42c0-8f79-5b9c9194187e	56459077	56470174	fwd	UWB_Cisp0
chr16	57407786	57410559	5db959d4-7878-411e-9ddf-d5b41dd894e4	57400908	57414813	fwd	UWB_Cisp0
chr16	58704708	58707483	96270870-f65a-4a26-bb81-42cb6ed18aec	58700533	58715235	fwd	UWB_Cisp0
chr16	68362401	68372180	03e3e77a-ac12-4315-83ea-effad1ffe7de	68360310	68372187	fwd	UWB_Cisp0
chr16	71078511	71080514	e4e117fb-1c26-4638-a256-d5dc177402d5	71070025	71080519	rev	UWB_Cisp0
chr16	71742490	71752252	ba49db72-d5fc-4d96-93c3-2738ec85c312	71738929	71752256	rev	UWB_Cisp0
chr16	74368392	74373302	bae078f4-a44d-4e23-9bc0-0d8c8edbf8d2	74362218	74373306	rev	UWB_Cisp0
chr16	74530188	74536148	98e108e9-d75c-4a16-8d36-13b7100571e5	74527556	74543574	fwd	UWB_Cisp0
chr16	75413544	75418048	83ed5c32-5053-4a9a-afb9-6556f7785f19	75412770	75421641	fwd	UWB_Cisp0
chr16	76430393	76439774	652e4cad-49e6-4160-b1cc-51292005f9b7	76420974	76464038	rev	UWB_Cisp0
chr16	79818710	79820221	8470f4a5-9d22-435b-bb09-f3917328eb4b	79818703	79827033	rev	UWB_Cisp0
chr16	82156112	82158884	6884f847-cc12-4df6-a82a-5712f96e1763	82151128	82172060	rev	UWB_Cisp0
chr16	82640900	82648264	a2817b55-2609-4c9e-99ef-2dd0dd6ea31a	82637094	82649951	rev	UWB_Cisp0
chr16	82892524	82896004	c371097a-6c99-4e36-b022-8362108e4c78	82884267	82896014	rev	UWB_Cisp0
chr16	84542914	84544895	ecfad7bc-5939-4ee5-8575-b0cd4a0e6a38	84542905	84551731	fwd	UWB_Cisp0
chr16	87077503	87084059	e15fcb3c-dd8c-4f9b-8852-196798948547	87076295	87087672	fwd	UWB_Cisp0
chr16	88884547	88894940	3288a38c-4a34-429a-8a48-2e1d11470901	88873242	88894946	fwd	UWB_Cisp0
chr16	89189528	89191556	35e86da3-71ec-4c5f-ac92-8eeeb71ef2b4	89189512	89205932	fwd	UWB_Cisp0
chr16	89501485	89508150	41139972-7b92-45f2-9e8e-11e17427438e	89485752	89518125	rev	UWB_Cisp0
chr17	4094406	4098989	97d6ae72-556f-4e03-b544-0fe2c0863616	4090439	4099226	rev	UWB_Cisp0
chr17	5469263	5478713	0e526a29-47cc-4d82-b1f2-3e86cdda6b96	5467313	5479188	rev	UWB_Cisp0
chr17	8032042	8034990	236aeb46-5f18-4e82-8785-648b40b11a34	8020338	8035574	rev	UWB_Cisp0
chr17	8108097	8109300	9afa62b9-d831-4fa8-84d3-885c31e8b30d	8108081	8120714	fwd	UWB_Cisp0
chr17	8423326	8428577	d9a536c1-0cb7-43ab-b15d-4b45ab2b6dee	8414873	8430586	fwd	UWB_Cisp0
chr17	9101238	9105074	99f9dfdc-1ce2-443f-87b0-f0f4e91ae676	9095871	9106869	rev	UWB_Cisp0
chr17	11854307	11862028	7e3db948-0744-49fd-a44b-bd0ec23a6374	11854302	11866149	rev	UWB_Cisp0
chr17	12341487	12343771	b1670bb3-532a-4732-a560-36444bd5d6bb	12327975	12343786	rev	UWB_Cisp0
chr17	13987323	13991582	8f024ca1-aa34-4f3b-94c5-01d3c6dd8489	13959039	13992381	rev	UWB_Cisp0
chr17	16232072	16240755	0dcab4d5-5f0d-406c-83e2-2f92c0a0c302	16230549	16253422	fwd	UWB_Cisp0
chr17	26810385	26811666	44ae45d9-6a59-41b7-b26e-622d9698bec5	26810377	26818314	rev	UWB_Cisp0
chr17	27040093	27042166	587a23c0-8e77-407c-834b-21a66c19ba49	27031296	27047113	fwd	UWB_Cisp0
chr17	27640683	27649078	d32ca8d3-d554-43f4-b255-cdfdcb97d926	27636856	27652774	fwd	UWB_Cisp0
chr17	29312749	29314822	235ff25c-5e84-4487-b833-070e23c77422	29309949	29326598	rev	UWB_Cisp0
chr17	30319026	30321780	03bb67b8-b07f-4bae-91ee-b2ca71be0fa5	30312857	30324890	rev	UWB_Cisp0
chr17	34183002	34185917	574572fd-d80c-4dc1-b76f-fc021da47f41	34182995	34190288	fwd	UWB_Cisp0
chr17	35540788	35545203	254db1f9-05a6-47a1-aeda-698364b11fbc	35540780	35553656	fwd	UWB_Cisp0
chr17	41995972	42005487	fa66370b-58d1-4c52-994a-596d8955cd9c	41989828	42015200	rev	UWB_Cisp0
chr17	43123211	43129427	da7ffa00-3eb9-4317-bd0f-2e4001026701	43120842	43146086	rev	UWB_Cisp0
chr17	44540031	44543870	b2b5d853-01ed-40ef-be37-df8791bbf699	44533267	44543884	fwd	UWB_Cisp0
chr17	47410281	47415635	505e9cc0-34eb-42a7-8a31-1167ac17bb74	47409815	47431279	rev	UWB_Cisp0
chr17	47591267	47594676	286dc783-4182-4c3d-bd19-7725acc22d23	47586434	47597641	rev	UWB_Cisp0
chr17	47845844	47849566	e63c9648-603b-4f25-a1b2-b6cb2a673c78	47843101	47853956	fwd	UWB_Cisp0
chr17	50196895	50198946	4700f406-e1b7-4fd6-b8cc-f975e03ca93d	50195752	50206419	fwd	UWB_Cisp0
chr17	53542726	53547370	da543d12-abe8-4161-963e-51b61f4a0dfd	53542719	53554952	rev	UWB_Cisp0
chr17	53779879	53785120	3a7cdc1d-6393-4e40-b7ce-7c93853af10a	53778070	53785163	rev	UWB_Cisp0
chr17	53788211	53792878	0cd9c0e4-1bcb-4aef-a1b2-726782720127	53780526	53805954	rev	UWB_Cisp0
chr17	61755059	61757895	f631ba7b-9881-4fa5-b498-7daaa2f10f91	61749625	61760920	rev	UWB_Cisp0
chr17	64677035	64681747	161df791-1163-437e-aca1-ea41da8697f6	64670672	64681754	fwd	UWB_Cisp0
chr17	64737988	64742227	5918efcf-a3aa-4a21-a748-c4dc4af7e33d	64718111	64742233	rev	UWB_Cisp0
chr17	66206238	66210451	046d3416-1e25-46ac-be86-c6553747661c	66204104	66220076	rev	UWB_Cisp0
chr17	68405362	68409351	74a2c895-379a-4644-b71e-dd6dfb10d318	68405356	68413471	fwd	UWB_Cisp0
chr17	71128377	71136030	5adb6259-574a-4e7f-a64d-973317e52189	71128369	71140338	rev	UWB_Cisp0
chr17	75859994	75862550	4ab2709f-7fda-4c2b-8dda-136a843b7482	75852821	75862559	fwd	UWB_Cisp0
chr17	80611287	80612935	b9477de7-033e-4acd-82f1-295bb6b6b39b	80606412	80617509	rev	UWB_Cisp0
chr17	82487878	82490204	9672b5d5-b91b-4658-b154-68b7969c5521	82482982	82490435	fwd	UWB_Cisp0
chr18	495191	498770	06023461-1727-441c-a154-41e43db566b5	492315	502332	fwd	UWB_Cisp0
chr18	563415	567825	b361d485-e564-48ff-8cb2-6e2c8e2e20b4	562545	577767	fwd	UWB_Cisp0
chr18	1652012	1655359	5fda1cf6-0419-47f1-a14d-66ffd93119a6	1628464	1655368	fwd	UWB_Cisp0
chr18	2299917	2309843	32fa2662-6097-498a-bcb6-744e1b6188a9	2299328	2314558	rev	UWB_Cisp0
chr18	4696247	4700257	d6651298-2223-488d-ba6c-51a8a64fdbc1	4689213	4721095	fwd	UWB_Cisp0
chr18	5672833	5675786	aa1208ad-2f24-4eb8-a8d3-b6a7b618c1fb	5672623	5681712	fwd	UWB_Cisp0
chr18	8456682	8464739	f28c1ce4-082a-4a07-806b-10183160b2a6	8456677	8472925	rev	UWB_Cisp0
chr18	9614982	9617539	1095f2be-b000-4e82-abdc-1590277e2bab	9582283	9621360	fwd	UWB_Cisp0
chr18	10132306	10136447	14188b7b-6306-433a-a7bb-a6d2c8fdffe6	10126661	10137709	rev	UWB_Cisp0
chr18	28340950	28343895	3d5ef8b8-f221-4ca7-b925-0bee1ac8d989	28333939	28343900	fwd	UWB_Cisp0
chr18	29048847	29052397	9ab7c928-2212-40f6-b5da-fd18052eb0ac	29045959	29052404	fwd	UWB_Cisp0
chr18	29096566	29100712	7254e79c-7edd-4923-86dc-b502d501e8ab	29096562	29106063	fwd	UWB_Cisp0
chr18	32910324	32914255	3f190b63-90b8-4b3b-b828-58ed4c17bb29	32910315	32920033	fwd	UWB_Cisp0
chr18	33086646	33090848	3a68a779-91a5-49c0-9de1-5cdfd4ea00fb	33078216	33090853	fwd	UWB_Cisp0
chr18	35050162	35060776	28b45870-c273-4871-bff2-96d67cc2a005	35043617	35060781	rev	UWB_Cisp0
chr18	35063330	35064511	87f3c8a2-4836-45e8-beb5-3b6e7089db0f	35063317	35076572	rev	UWB_Cisp0
chr18	36083252	36090572	12ae591d-cf90-4f1d-ae1f-a16d297ea3b1	36082263	36094269	rev	UWB_Cisp0
chr18	43452472	43454187	820653ae-8edc-46e6-96a9-dd60381a6992	43452466	43466034	rev	UWB_Cisp0
chr18	47151632	47157567	5e500e79-e727-4cd2-8fe9-8dbf0425b2f7	47133167	47158954	rev	UWB_Cisp0
chr18	48617420	48624535	669684d9-efbc-49ef-a8b5-2e6b58fe466c	48610856	48633547	fwd	UWB_Cisp0
chr18	50227709	50233148	612b46a8-b3d5-418b-bd56-18ae7a330139	50222766	50233153	fwd	UWB_Cisp0
chr18	51945409	51948469	0e138a32-3ca3-4ad8-b189-d4f325a10922	51944888	51955958	rev	UWB_Cisp0
chr18	58563511	58566307	f990988b-80d0-4a25-ace2-6835609ae958	58563506	58572024	fwd	UWB_Cisp0
chr18	60031303	60034203	5402580f-c6fa-41db-b164-28650a4290bf	60027603	60034270	rev	UWB_Cisp0
chr18	61094696	61099145	437e7422-df07-44fa-953e-de7f0d055a8c	61079892	61110760	rev	UWB_Cisp0
chr18	62047247	62048782	6cccba53-317e-4190-951b-988737ffcd23	62035967	62050764	rev	UWB_Cisp0
chr18	63016523	63018547	bd63db5e-ea87-4dca-b988-574bb5246be5	63016017	63027481	fwd	UWB_Cisp0
chr18	69380175	69388238	98769704-69e3-4beb-bb69-b6701c1bfc1a	69377078	69389147	fwd	UWB_Cisp0
chr18	70400259	70403582	4f8de225-08b9-4d5a-9421-cdb6ed60accc	70395741	70403594	fwd	UWB_Cisp0
chr18	71074710	71079015	6df805ff-32c4-4397-9e44-c754d97048d2	71070303	71083251	rev	UWB_Cisp0
chr18	71284552	71288549	ff66c1ff-b022-406d-9ff7-1d246f8a8269	71279196	71289870	fwd	UWB_Cisp0
chr18	75298769	75302440	a151b916-712f-481b-9613-ab1a91a3940a	75298758	75309188	fwd	UWB_Cisp0
chr19	202720	203952	7796d8b4-5b8c-4bca-aaae-b1a4dd844eb5	202337	214076	fwd	UWB_Cisp0
chr19	9563213	9566409	4b3bd552-9170-4bb9-8e01-bf04b944ed0e	9546984	9566415	fwd	UWB_Cisp0
chr19	9837385	9840118	ecd7c08b-0a8b-46fe-be4d-cc55696ae262	9837379	9850203	fwd	UWB_Cisp0
chr19	10241741	10245364	4c1dd949-961b-4787-aca6-b7ecc8a5cc39	10238108	10248955	fwd	UWB_Cisp0
chr19	14307653	14310598	25132406-a798-4ad2-bbc3-2b38b37942d2	14276094	14320276	rev	UWB_Cisp0
chr19	15828842	15840809	3c0b84d4-3811-46ab-a6fa-641712a8d8a0	15826615	15840817	rev	UWB_Cisp0
chr19	17292419	17297280	b1e35dda-3d65-43c4-9de0-d515e5a14952	17286087	17297288	fwd	UWB_Cisp0
chr19	17468975	17473774	f6ffe8b0-d2f5-48fe-b5d6-a22851ed584e	17468105	17477035	fwd	UWB_Cisp0
chr19	18666896	18668771	d4b8bccf-9c37-4c7a-a1a5-6c4d374c94ee	18660003	18669626	rev	UWB_Cisp0
chr19	21149709	21157462	9c1ec2af-20b7-4b72-8062-6846c09172c6	21147172	21158357	rev	UWB_Cisp0
chr19	23558984	23563547	4c1c5ca3-e0bf-4412-8374-90c462527959	23558740	23576614	rev	UWB_Cisp0
chr19	23570738	23576608	4c1c5ca3-e0bf-4412-8374-90c462527959	23558740	23576614	rev	UWB_Cisp0
chr19	24345469	24352422	1728cca6-2d35-4ae7-9bd3-530525f234e8	24345462	24356054	fwd	UWB_Cisp0
chr19	27837960	27843246	4b50c8e3-c7ae-4d69-a8c9-f86c919dfb64	27837246	27867131	rev	UWB_Cisp0
chr19	28139827	28147380	6991a204-4d6f-4297-9f8c-779a5ee1ccbd	28139792	28158838	rev	UWB_Cisp0
chr19	29202214	29206797	af5162ae-6f51-42b6-a01f-896093888566	29202206	29223094	rev	UWB_Cisp0
chr19	30161108	30165628	f1457052-7177-4fd5-9025-206d4be66c8d	30152485	30171715	rev	UWB_Cisp0
chr19	31150562	31152442	98dfc0e5-acc4-433f-9990-1df410871e4e	31150557	31159090	fwd	UWB_Cisp0
chr19	31389619	31393767	0b7cd550-c73e-4bc8-9b72-72ee824a0db8	31387467	31403984	rev	UWB_Cisp0
chr19	32139439	32145490	cb15c537-f31b-4a79-aeff-1ebee7507f84	32128967	32151075	fwd	UWB_Cisp0
chr19	34392181	34394227	1b76ea6c-61a0-4d9c-b8a2-3edae8b77952	34390521	34400472	rev	UWB_Cisp0
chr19	37231902	37234639	e248f70e-2f01-4953-af59-728a579939bc	37227739	37237801	fwd	UWB_Cisp0
chr19	37580402	37586992	3372bd36-eb1a-4daa-ac18-22a61f7205ea	37580169	37597524	fwd	UWB_Cisp0
chr19	38601332	38605967	77e36204-8bd5-4735-8376-00660fe5f71e	38601277	38609754	fwd	UWB_Cisp0
chr19	43229387	43231867	90ccb5c5-b541-4ce3-80c0-1fdfab4fdb1c	43229383	43238667	fwd	UWB_Cisp0
chr19	44037387	44043492	34cb8548-0771-480a-b9e8-c96db71f7b3e	44035496	44046565	rev	UWB_Cisp0
chr19	47451810	47455620	2698c724-5523-4ce8-98e5-8d67670e3f50	47448544	47456150	rev	UWB_Cisp0
chr19	48365518	48368137	13a31821-b9cb-41e0-a92b-6dbe97d985ef	48360362	48372670	rev	UWB_Cisp0
chr19	48512066	48516033	4b1850b4-a5f2-4c88-b344-b6999c17a36b	48506671	48516037	rev	UWB_Cisp0
chr19	50139003	50145450	8e60de8a-bc6c-453a-a4dd-c65f3659b9c5	50134464	50145460	rev	UWB_Cisp0
chr19	51254769	51260925	4837a2bd-ade6-482a-9b07-dd61bf62a877	51253509	51266685	fwd	UWB_Cisp0
chr19	52804618	52810919	c1b6189a-98b2-4800-8034-5db2d91dee13	52803782	52812438	rev	UWB_Cisp0
chr2	1157475	1160192	1431c931-ba5a-45d8-b063-8d091ec0b472	1157468	1167532	rev	UWB_Cisp0
chr2	1709685	1714362	efa16451-6815-401c-a8f2-08db9052b808	1708780	1738351	fwd	UWB_Cisp0
chr2	2316758	2321413	32fae790-f75e-4952-b997-47d1a10187be	2315226	2323173	fwd	UWB_Cisp0
chr2	9538119	9541589	88d2c2ed-06e7-4180-836a-bcf2268fe3d6	9538100	9549452	rev	UWB_Cisp0
chr2	10015872	10022086	a00c226e-cc60-40a6-8cb2-741560d69c7e	10014407	10036519	rev	UWB_Cisp0
chr2	11744633	11746393	d5afba91-6655-4b8b-aed6-38bd0c910b6d	11738534	11746403	rev	UWB_Cisp0
chr2	13023648	13028360	4ae95cc8-6829-44e0-8f5c-a0c35d22233b	13006195	13028365	fwd	UWB_Cisp0
chr2	14798577	14805100	54acd834-cd44-4bda-b5e6-39f17a97e30d	14792900	14809956	fwd	UWB_Cisp0
chr2	15382545	15385280	b2f8cb46-4f9f-4839-8805-494e75ce4b26	15382525	15392724	fwd	UWB_Cisp0
chr2	18739691	18755425	54e418ed-20fe-4f5c-8a7c-7418661bce35	18734846	18757949	fwd	UWB_Cisp0
chr2	20554726	20557296	77a10317-405b-4c7f-85f5-5e6e71252735	20553510	20572139	fwd	UWB_Cisp0
chr2	21768300	21770159	cf142220-f1ad-4fd7-bdd0-7bb0d786203e	21768295	21777787	fwd	UWB_Cisp0
chr2	22081397	22082665	93cb4368-327d-4273-a3fa-9573118f4245	22081392	22091942	rev	UWB_Cisp0
chr2	22092630	22097578	54a7c42b-6d83-499b-bea6-8ddc9592343b	22086069	22097742	rev	UWB_Cisp0
chr2	22296691	22307171	06553181-ca46-4407-a817-b640de504425	22296651	22311863	fwd	UWB_Cisp0
chr2	24281858	24284192	1071b014-38ee-43f6-9ae9-8e96a61a5074	24276672	24287201	rev	UWB_Cisp0
chr2	25940676	25943976	d7b88259-d00a-49a7-a184-57bbaf8d8e7c	25938065	25953843	rev	UWB_Cisp0
chr2	26366265	26370070	eb9f7fef-6861-4927-8b70-cb5dc4f90e0d	26353041	26370077	fwd	UWB_Cisp0
chr2	27063132	27068438	51200297-5f74-4fbf-8203-3d5a9a0663ef	27057521	27069100	fwd	UWB_Cisp0
chr2	28298084	28299806	6131dd59-6e59-4bf9-b571-9989d80c9acb	28292984	28301122	fwd	UWB_Cisp0
chr2	28698458	28700185	3ee2b90e-f516-4581-aa37-3ce74d0ffa0e	28696352	28710624	rev	UWB_Cisp0
chr2	30165036	30169731	7631a475-e3bb-4bc8-b7b9-714ee9a7d3d2	30157872	30173512	rev	UWB_Cisp0
chr2	31317402	31328672	b9c5590a-a93c-453d-9e1d-a251620490ac	31313171	31328677	rev	UWB_Cisp0
chr2	33473319	33477558	3a73cc65-b9f8-45e5-92b1-64ec54dfbf89	33466572	33479971	fwd	UWB_Cisp0
chr2	38004304	38014667	ffa63d85-de3c-4fca-9e20-8a261da0185d	38004296	38016212	rev	UWB_Cisp0
chr2	39252354	39254730	3387bcfb-256e-4354-99b0-4e60ed31fdf7	39245333	39254735	rev	UWB_Cisp0
chr2	39246675	39250490	19e06164-8c39-43ff-bee6-0c11573061a9	39230253	39264513	fwd	UWB_Cisp0
chr2	40888736	40895998	b519c103-3967-4c8f-88d9-79a90ef5080b	40870377	40897844	rev	UWB_Cisp0
chr2	42496626	42499930	0a553fcf-4bc4-4af6-abed-954a07e187e6	42496517	42512115	rev	UWB_Cisp0
chr2	43972504	43981501	29796614-0075-4ef1-9dc1-491b94ed4d23	43965250	43983923	fwd	UWB_Cisp0
chr2	44035694	44037637	15a986b6-28e3-4d5d-a4da-a6f26a79b2ca	44030685	44037642	rev	UWB_Cisp0
chr2	45686501	45687658	727f57ba-a344-4fb9-b35e-ea62206c0525	45678043	45687663	fwd	UWB_Cisp0
chr2	45979745	45981991	7eee01e6-1f13-41b9-8c71-b450f9c265b0	45979739	45989946	rev	UWB_Cisp0
chr2	47708628	47711249	167d3a3e-e9ba-46bf-8467-a9d8594491ea	47697537	47713923	rev	UWB_Cisp0
chr2	47960887	47966053	25829dfd-a618-4b0d-b1db-b3bfcb25a773	47953794	47967510	rev	UWB_Cisp0
chr2	50626293	50632840	0602e869-ef7a-4295-99a4-a00878ca566b	50626289	50637644	fwd	UWB_Cisp0
chr2	50755138	50758365	585ba833-7b43-48e1-98b3-ba04bd96e6d3	50752186	50763269	rev	UWB_Cisp0
chr2	52049624	52052061	f7519094-5dda-45f3-9913-707803fabb16	52044854	52066440	fwd	UWB_Cisp0
chr2	52064915	52066435	f7519094-5dda-45f3-9913-707803fabb16	52044854	52066440	fwd	UWB_Cisp0
chr2	52602712	52605314	b1c13304-5644-4f70-a334-d03630fa2a13	52602704	52608433	fwd	UWB_Cisp0
chr2	53506915	53508710	1e223a88-6c31-4ff5-928d-4567373eaf92	53506911	53520248	fwd	UWB_Cisp0
chr2	54542281	54545245	44d26360-8492-4aba-afe6-55be5a932d68	54536957	54545490	rev	UWB_Cisp0
chr2	55181706	55185093	fabcf07d-aaa8-4019-9f47-7963ea387c28	55171840	55185099	rev	UWB_Cisp0
chr2	55369335	55373120	fe5d7c16-ac77-4cac-9344-ed9538babb5a	55358572	55373130	rev	UWB_Cisp0
chr2	55381634	55384370	24c7c9cb-cc51-4749-8e5a-f8c5577c8729	55370566	55384379	rev	UWB_Cisp0
chr2	55892632	55900402	14db4ffa-7675-4abf-b8a4-841802829a65	55887091	55902886	rev	UWB_Cisp0
chr2	56786562	56792012	9ff2d6f0-669a-4a56-bb87-5d570c5e3d5a	56773352	56795080	rev	UWB_Cisp0
chr2	57297761	57300513	ad566133-5b3e-42fc-908a-c786f0c47afb	57294496	57317213	rev	UWB_Cisp0
chr2	57745412	57750485	685e01fa-7270-4f7a-9ba4-2bb4c914ece3	57741470	57751246	fwd	UWB_Cisp0
chr2	59040729	59045493	d7e646ce-4f12-4934-a1fb-2657a7296c34	59038314	59050273	rev	UWB_Cisp0
chr2	59297176	59299208	28b81049-7a2c-4284-b2ae-640f713fbe99	59295623	59304746	fwd	UWB_Cisp0
chr2	59957168	59961677	4e284b05-0b46-4e7c-8a71-3062b60732b7	59956639	59968419	rev	UWB_Cisp0
chr2	63655293	63657641	bcbd11c4-51f4-47c2-b1a2-f4fe4a3dfb63	63655285	63669487	fwd	UWB_Cisp0
chr2	64410176	64413773	ce73ef55-d24b-4190-b400-342fa9b1b951	64400475	64417157	fwd	UWB_Cisp0
chr2	64790750	64793537	9e9eff43-ee91-4dc3-a68b-5773a22fc168	64788146	64796982	fwd	UWB_Cisp0
chr2	66607978	66611699	9d695515-1589-4119-b486-c80608bbc215	66601968	66611704	fwd	UWB_Cisp0
chr2	66757833	66764337	d0fc16c3-db09-4ddc-8c8d-f4efdd2eeca5	66753768	66764345	fwd	UWB_Cisp0
chr2	67065148	67073145	7bf4ee0b-d21f-44b3-b2b2-9811bdc2b8aa	67064245	67078716	rev	UWB_Cisp0
chr2	68722907	68725766	df1ce03f-6c4f-4d9b-821b-b5e85828d413	68703583	68742223	rev	UWB_Cisp0
chr2	68863578	68871666	c3bba9f0-1d33-4d82-bba2-34f056f03247	68863574	68876947	fwd	UWB_Cisp0
chr2	69519098	69525360	b7222059-488c-4bac-aba8-d5ea9d857e40	69513962	69525504	fwd	UWB_Cisp0
chr2	69651032	69654406	cd650705-9952-4ce0-b614-00e8c0195ca7	69641706	69654412	fwd	UWB_Cisp0
chr2	71928723	71932273	ad5e0203-126f-4762-9b4a-13c9bc433f1b	71923572	71932286	fwd	UWB_Cisp0
chr2	73472995	73476753	6b285861-cbf2-4071-b418-a3957bb3a4b2	73469352	73477588	rev	UWB_Cisp0
chr2	73871236	73872988	fe7a72b3-0c7a-4cf0-851e-5bf73fd22c33	73865835	73877020	fwd	UWB_Cisp0
chr2	74620176	74621695	66d8a380-8b56-4406-b798-3bbbf7989793	74616927	74630277	rev	UWB_Cisp0
chr2	74767822	74771890	a0a63c70-f3b3-4757-b368-d3ce1f5f8765	74765450	74771896	fwd	UWB_Cisp0
chr2	77227736	77232337	4f3c4607-5406-4401-90cf-b6a22f581cf5	77220825	77232342	fwd	UWB_Cisp0
chr2	81721997	81725193	4342a4b5-ff62-4ae6-a550-1296d113cb95	81713880	81725203	fwd	UWB_Cisp0
chr2	83316264	83326256	8b619749-c707-4c9b-97dc-acc6a79505c2	83316260	83332693	fwd	UWB_Cisp0
chr2	83904345	83915993	833da001-b399-4cdc-8c2d-1d6e4bc85291	83900537	83916571	fwd	UWB_Cisp0
chr2	84698905	84700448	1c8f1e2b-50e1-4310-851c-6b4612c9d77b	84698896	84722839	rev	UWB_Cisp0
chr2	85014808	85016746	b5346333-358b-40be-a214-1d39aa565aa0	85011012	85031330	rev	UWB_Cisp0
chr2	85539521	85540951	f77adb2b-97a7-43ca-be56-426decdbce3b	85539223	85557013	fwd	UWB_Cisp0
chr2	87565905	87570709	180edc70-ce19-46ed-b8aa-6e022f47ac6c	87560460	87570719	fwd	UWB_Cisp0
chr2	88603578	88606722	43c7ba81-af9f-4dc4-b046-e8a3e93725c4	88601376	88613481	fwd	UWB_Cisp0
chr2	88742910	88750103	491e6c6e-4d56-4205-a4ab-8d2493a573d7	88740744	88750111	rev	UWB_Cisp0
chr2	94239500	94245493	bd199b62-ddb6-42a5-bc22-79a70d51fe32	94231771	94245499	rev	UWB_Cisp0
chr2	96378337	96382588	4699691c-1149-4de3-823f-bb024236c0c2	96375857	96382592	rev	UWB_Cisp0
chr2	96886716	96889271	530eb9c4-c402-4573-8625-5f93812dcd9b	96884193	96896513	rev	UWB_Cisp0
chr2	97126537	97131499	4ec2f86c-671f-4dac-acaf-ce7606786816	97115137	97132463	rev	UWB_Cisp0
chr2	97336777	97341976	9c2c6221-647f-4936-a9af-dc29e3ef670d	97334030	97366741	fwd	UWB_Cisp0
chr2	97816033	97819063	07d6bf82-178f-4461-a8f0-b3280c95c8b2	97801414	97820595	fwd	UWB_Cisp0
chr2	99711704	99718259	fe0603df-317f-438e-9b01-38db96524c96	99707331	99722893	fwd	UWB_Cisp0
chr2	100416805	100419862	3d2ac834-bf26-46f8-85ef-95280b1f0529	100412935	100423251	rev	UWB_Cisp0
chr2	102564516	102574485	bb365976-6173-45cf-9437-896bc9872435	102556592	102581893	rev	UWB_Cisp0
chr2	103027969	103041487	4746cbcc-bea3-4078-90e6-7e5cc0345b27	103020090	103043966	fwd	UWB_Cisp0
chr2	104300527	104304396	a03c57a5-2138-4523-b954-07ab38d9b9a1	104290316	104304407	rev	UWB_Cisp0
chr2	106123475	106129221	bc0286a3-057e-4d42-a03a-163ed512884b	106120762	106138600	fwd	UWB_Cisp0
chr2	106857010	106860957	9c2fac19-dadb-4dc8-87f7-354fe9e252f9	106855587	106866165	fwd	UWB_Cisp0
chr2	108701772	108705769	c6350bf2-dbb9-4070-9539-2a3ef6a09564	108697031	108712960	fwd	UWB_Cisp0
chr2	111855196	111864420	d942df74-a0c6-4ef0-9d20-3e637ccf4d70	111855177	111877456	fwd	UWB_Cisp0
chr2	112763895	112765093	c5880b6e-1515-40cf-9387-f481ee24a794	112758877	112765097	rev	UWB_Cisp0
chr2	113970313	113973251	a40e8aa7-4d25-4ccb-86a4-c9bb73c7d90b	113966813	113973259	fwd	UWB_Cisp0
chr2	114598076	114603575	fe5ce026-969a-4345-8a1b-a2cb62a51008	114586822	114605964	rev	UWB_Cisp0
chr2	121017979	121028195	18509f5e-5bf7-43f4-aa7b-e6fd0b42687c	121017101	121030368	rev	UWB_Cisp0
chr2	121427599	121430771	83f2ae7a-4087-4ab1-8c5e-463262905ac7	121424480	121438128	rev	UWB_Cisp0
chr2	122586652	122591224	1da99544-fe4a-45f1-922f-1ac8c78a522a	122579351	122593614	fwd	UWB_Cisp0
chr2	122695401	122704116	ea13f94e-9fc1-4011-974d-0aab29a44323	122692928	122704125	fwd	UWB_Cisp0
chr2	123437146	123442344	fbd871f0-2e89-4f52-85ad-6d32fbfb1e11	123433959	123449995	rev	UWB_Cisp0
chr2	125670344	125675449	c5d7c8d2-8e4d-4f98-9e1f-bc42dd873ce5	125670334	125684893	rev	UWB_Cisp0
chr2	125679530	125684886	c5d7c8d2-8e4d-4f98-9e1f-bc42dd873ce5	125670334	125684893	rev	UWB_Cisp0
chr2	127508582	127509668	516a5308-ca73-4886-8d18-b4e4ffb6dc8b	127508511	127518865	rev	UWB_Cisp0
chr2	130357124	130358974	6bf11013-4370-4320-98c3-34419d0e9f46	130356581	130383865	fwd	UWB_Cisp0
chr2	130880438	130882909	aab1b2e8-a725-42d4-97da-83c7633ca194	130864767	130896953	fwd	UWB_Cisp0
chr2	130891007	130892025	aab1b2e8-a725-42d4-97da-83c7633ca194	130864767	130896953	fwd	UWB_Cisp0
chr2	132659403	132663889	15cd0fc6-03fc-4269-a29a-3454ee7285a3	132659398	132669862	fwd	UWB_Cisp0
chr2	132856998	132861606	0ea96c91-29f6-4ed7-a912-b84e2771e214	132852672	132862528	rev	UWB_Cisp0
chr2	134020938	134025334	7ea5ccda-9437-42d5-a41a-3efdcf0d93eb	134018711	134048803	fwd	UWB_Cisp0
chr2	136423063	136424189	9f781aa4-c16f-4280-a21f-803ad01657b1	136415959	136424194	fwd	UWB_Cisp0
chr2	136830389	136833800	2a332428-1e18-436b-a864-f9381610de92	136815001	136839410	fwd	UWB_Cisp0
chr2	138859226	138861466	6843b3b4-380b-4b51-a4af-827d414686da	138850626	138861487	fwd	UWB_Cisp0
chr2	140234808	140236105	b95629ea-ca48-46bb-a6bc-46283f5eae9f	140233512	140241627	rev	UWB_Cisp0
chr2	141771999	141773606	852f5386-3c83-48fe-b539-5693e8fcefbf	141764949	141773616	rev	UWB_Cisp0
chr2	142136650	142142245	6f74ff0e-68c6-4668-ab34-3debb159d621	142134558	142142354	fwd	UWB_Cisp0
chr2	144486892	144493667	85226f56-25c1-418e-ba8e-90bb67bbf722	144483705	144499352	rev	UWB_Cisp0
chr2	145539105	145543773	266cab4d-8268-4233-98f1-41878a6940a2	145539095	145552660	rev	UWB_Cisp0
chr2	145549100	145552503	266cab4d-8268-4233-98f1-41878a6940a2	145539095	145552660	rev	UWB_Cisp0
chr2	145704863	145709509	17c18a82-d7ca-44d2-af7a-69975f1549e0	145704853	145729068	rev	UWB_Cisp0
chr2	145937073	145942173	4d740bb1-619b-468b-ab78-ee6460b58026	145928145	145942180	rev	UWB_Cisp0
chr2	146017989	146020879	13401d28-0230-47f1-be0b-7ae2992002d4	146006500	146023395	rev	UWB_Cisp0
chr2	146211421	146214768	d975dba6-96d6-4454-8e76-48fb109ba664	146211416	146223856	rev	UWB_Cisp0
chr2	152029849	152033956	9197a37e-49d8-4327-bf9d-2e53e2ad440d	152026081	152048332	fwd	UWB_Cisp0
chr2	154141779	154149862	3ab9df55-6a68-4ef1-8dca-1d3688dfe2c7	154130786	154150064	fwd	UWB_Cisp0
chr2	155644280	155653110	21514e52-c634-4a0d-a043-3c7bb0814fd9	155641696	155653118	fwd	UWB_Cisp0
chr2	156876298	156885888	ba9831e4-7649-4a68-a7a8-6794ba030fdf	156871134	156895124	rev	UWB_Cisp0
chr2	158374683	158384941	e5b09fb8-d164-4d47-91b1-a7add5a180fd	158374677	158387190	rev	UWB_Cisp0
chr2	158831579	158833025	9ddb91ad-45f9-42a9-8005-f9a01d8b94c3	158830191	158837262	rev	UWB_Cisp0
chr2	159082869	159090747	9c3ae9c5-9440-4755-9414-7977e0910218	159078175	159092049	rev	UWB_Cisp0
chr2	159596535	159603134	a05cd1d3-a53e-458d-9b36-fc81d990be61	159596529	159610385	fwd	UWB_Cisp0
chr2	162042609	162046236	bdbb993c-2d9a-4644-a908-584da16e3a35	162030664	162046246	fwd	UWB_Cisp0
chr2	162501955	162505208	5b2b9147-031e-4d4e-be78-997babb0982c	162501948	162519435	fwd	UWB_Cisp0
chr2	162691753	162696170	91b316b5-e3b1-4dd2-a8d6-0c16638a63bd	162683355	162700842	rev	UWB_Cisp0
chr2	163078999	163080452	9178645d-1fc2-4172-89d0-53a55d8662af	163078993	163092069	rev	UWB_Cisp0
chr2	163250630	163258027	c56c94eb-86a5-491d-bde0-94ebdd437c00	163244614	163258920	rev	UWB_Cisp0
chr2	165882276	165886510	dcd17320-8cf0-4da2-b669-36a09fd68b40	165874478	165887146	fwd	UWB_Cisp0
chr2	166439672	166445659	37109749-8c9f-4bd5-83c5-1c732546366a	166438950	166450218	rev	UWB_Cisp0
chr2	171854349	171857898	bb30eacf-dc63-4af6-8dbb-b683a1f3a499	171854345	171859923	fwd	UWB_Cisp0
chr2	173879998	173881710	c99d38e1-a035-4325-80dd-9ea5eb1868e7	173873448	173881714	rev	UWB_Cisp0
chr2	175763459	175764513	af95450b-9686-47d9-843d-9867b460caa0	175752380	175764517	rev	UWB_Cisp0
chr2	176030090	176038113	39139fc9-51ef-47b9-b0b5-c5a91e123d70	176030085	176039769	rev	UWB_Cisp0
chr2	176714004	176717423	caaf9a3b-b655-4092-b627-666720f3c98b	176708331	176725397	rev	UWB_Cisp0
chr2	179120116	179123970	57300374-24e5-477a-be3f-2e6058661dca	179118250	179123975	fwd	UWB_Cisp0
chr2	179814602	179816396	aae66542-b29e-4aa6-bd13-eda37d89a3fc	179814595	179822884	fwd	UWB_Cisp0
chr2	180469928	180478794	20127100-65ce-420b-beb9-46166ebea3eb	180460083	180486318	rev	UWB_Cisp0
chr2	181496468	181499650	d2fb63bd-24fd-4ae9-b0ba-e23de37db3bb	181490047	181499656	rev	UWB_Cisp0
chr2	181865237	181868849	f1f809eb-9d53-4b7f-a008-ce9f1f33aac9	181860594	181875153	rev	UWB_Cisp0
chr2	182306864	182310341	a903daee-a44c-465e-90d4-946302af2cd7	182298815	182310346	fwd	UWB_Cisp0
chr2	182747190	182750469	b5eb37fc-c03d-4de3-b94c-7e03db4f8009	182736902	182750477	fwd	UWB_Cisp0
chr2	183326935	183328521	4536ff3a-bb5f-4917-937a-72d4b1d80b9c	183318857	183328528	fwd	UWB_Cisp0
chr2	185187625	185189657	2ff7311f-4a1f-49a9-a107-8af0d286eb39	185176182	185191068	rev	UWB_Cisp0
chr2	186555104	186561890	3d90a9aa-c8ff-4144-8e66-c282a699b4ac	186549931	186564070	rev	UWB_Cisp0
chr2	188904854	188908360	7032f093-739a-42b5-b55a-6a6c1876fa31	188902936	188908367	rev	UWB_Cisp0
chr2	191369098	191371896	d42e6cc9-d478-4127-96b3-a8671ba4dbca	191369093	191381499	rev	UWB_Cisp0
chr2	193515525	193519579	d0489953-5808-4942-ae23-bf0a479539a3	193515520	193526901	fwd	UWB_Cisp0
chr2	195097233	195100512	640bd752-3c73-4bfc-a1ba-d31a10e55f8e	195097228	195118894	rev	UWB_Cisp0
chr2	195169614	195171344	7ad9dcba-c5bc-42bc-895a-e153f8ad9028	195168879	195180385	fwd	UWB_Cisp0
chr2	196053960	196056775	77f6e2fe-3667-4ae9-afac-fcb253f5da74	196046893	196056784	fwd	UWB_Cisp0
chr2	197039076	197041242	bd9f37d1-9f3a-43fe-8b4c-f172fc459893	197038636	197053726	rev	UWB_Cisp0
chr2	199217312	199218942	df012cc7-e446-48e5-801e-4cd8e71e8761	199207701	199218948	fwd	UWB_Cisp0
chr2	200163327	200167594	1f3e9fb2-7543-4518-8d0e-c5bb5d267b0e	200163311	200170613	rev	UWB_Cisp0
chr2	201566476	201567725	8aa8128b-957b-4225-8545-01bbf3586ce9	201563539	201577302	rev	UWB_Cisp0
chr2	201581972	201587461	6df405bd-f843-4135-abfe-684f6cb0a5e7	201575067	201587468	rev	UWB_Cisp0
chr2	202671458	202675206	b431e8e7-eca6-482c-9811-d75bb2cd3c38	202668365	202684309	rev	UWB_Cisp0
chr2	203655751	203658148	c1513b32-9c0c-48dc-ba0c-4052ff99a611	203641756	203660112	rev	UWB_Cisp0
chr2	203748393	203751031	23f62b41-69d9-47d2-83ab-67d1d2ea7db3	203744716	203767351	rev	UWB_Cisp0
chr2	205392132	205399253	054f444b-0e7d-4cc1-9ab1-2f050add3082	205389684	205401587	rev	UWB_Cisp0
chr2	210896765	210904740	d96ce8d6-289e-4369-bebd-60abe7ed069e	210894955	210904969	rev	UWB_Cisp0
chr2	211186947	211191696	418d3905-b3a9-4d86-a73d-dea11be72ecc	211186413	211203279	rev	UWB_Cisp0
chr2	211834915	211851081	40caa0be-639e-4654-b177-8ba5a75485a8	211826453	211852499	rev	UWB_Cisp0
chr2	213245526	213251467	88501446-31b9-4fd1-b1a6-dcbdfbaa67d6	213238808	213259390	fwd	UWB_Cisp0
chr2	213666221	213669305	01a9c6ec-f5de-44aa-8d24-d94a1fa2a0da	213649681	213669312	rev	UWB_Cisp0
chr2	214251025	214254571	3ec88fa0-4283-4eb0-9579-336331d2ad2a	214251021	214258869	fwd	UWB_Cisp0
chr2	215764773	215768028	bbb8129b-46f7-454a-a743-acad52b6a5c8	215762235	215768033	fwd	UWB_Cisp0
chr2	216303153	216308209	46c9ec5e-8a8e-4cd0-b109-38ba64ad94a3	216303149	216315526	fwd	UWB_Cisp0
chr2	225613538	225614942	dbbbc1f3-40bf-4ffd-affe-cd6ff776defd	225613531	225619727	rev	UWB_Cisp0
chr2	228455063	228458414	bb19048f-e181-476d-aa36-86fc0cc1515a	228455056	228476257	rev	UWB_Cisp0
chr2	231061186	231065643	a1ab80f4-9b44-42ca-9c34-09c87dccad09	231055381	231067321	rev	UWB_Cisp0
chr2	232999382	233008571	6e52cfc8-0dcb-4777-b791-870c9a40b87b	232998549	233026498	fwd	UWB_Cisp0
chr2	234073405	234077621	d718a403-d233-452f-9259-45f7a263a6ea	234070163	234079126	rev	UWB_Cisp0
chr2	239574261	239580840	df89c595-462c-41a4-86dc-bbfab7190a9e	239571703	239581410	fwd	UWB_Cisp0
chr2	241360080	241363777	39b4f8c2-cbd6-461a-b816-c94cad944e29	241356982	241366235	fwd	UWB_Cisp0
chr2	241294845	241304344	c5cc72d4-9ca7-4829-a78e-e49c5c6cd12b	241287236	241314959	rev	UWB_Cisp0
chr2	241619481	241629523	174c0c86-fa8a-4343-95ac-a58d833c542f	241617034	241634348	fwd	UWB_Cisp0
chr2	242130425	242134572	c87789d9-c9a6-4319-ab30-1a8acadd4d4c	242129971	242141640	rev	UWB_Cisp0
chr20	2358494	2359935	662843db-111a-4452-99e4-479f4717464d	2358490	2372719	fwd	UWB_Cisp0
chr20	6288399	6289734	5efa2b88-5c58-4d6c-852f-1902dc706c5e	6283128	6289740	rev	UWB_Cisp0
chr20	8133144	8137228	d9f4f31e-2701-4f4d-9794-3dcfd3354461	8115034	8147871	rev	UWB_Cisp0
chr20	9276601	9281072	dd7deb80-462d-4f69-a9b2-a0f75aeb6ed3	9271392	9301568	rev	UWB_Cisp0
chr20	13100456	13101946	1d15bece-626e-4739-b9a2-8d6a9b79a48e	13100441	13112364	fwd	UWB_Cisp0
chr20	14911871	14913025	4e17e0cd-38c0-418e-b5bf-6124ee2891be	14904784	14920184	fwd	UWB_Cisp0
chr20	18944014	18946079	35766e26-a11a-43f4-b9db-a84a21283767	18939035	18948407	rev	UWB_Cisp0
chr20	19168237	19178948	7bdc7445-74ca-4411-8070-c96f1d70d5e6	19166508	19180965	fwd	UWB_Cisp0
chr20	21916739	21924406	1adc7d90-b641-4f35-b81e-a98dbb9737a7	21908127	21925263	rev	UWB_Cisp0
chr20	22732506	22735470	9d8c51a5-e4b1-4d0e-a649-47605959a483	22731859	22741495	fwd	UWB_Cisp0
chr20	24322457	24324328	ca2b036f-be7b-4221-8247-73d20a2004c7	24317459	24329084	fwd	UWB_Cisp0
chr20	31065667	31066760	b827eb66-d485-4029-b11d-343cb518a445	31051508	31068512	fwd	UWB_Cisp0
chr20	31051696	31052736	fd4d49ef-7ded-41e8-a9c2-32d4ee1f9837	31051544	31060023	fwd	UWB_Cisp0
chr20	31063648	31065312	269090f7-2c8d-46af-9269-8b0c722021ae	31055806	31071209	fwd	UWB_Cisp0
chr20	31069771	31071203	7a0d0574-fbb1-4beb-a8ee-767ad70f90f8	31056025	31075057	fwd	UWB_Cisp0
chr20	31060786	31062081	4cc6473e-a43d-4643-932a-49b4e14b76b0	31056925	31065462	rev	UWB_Cisp0
chr20	31068797	31069926	5a351f04-7bc5-4e60-b1ea-67c1a4149686	31061810	31069933	fwd	UWB_Cisp0
chr20	31074607	31075874	2c2b442a-ab41-4467-ade9-2f7bf4242ca4	31067084	31081003	fwd	UWB_Cisp0
chr20	31082436	31083834	f9fe5dcf-390f-4291-9d20-bd9f2617158f	31077911	31089028	fwd	UWB_Cisp0
chr20	32604896	32607643	8aa0cb8a-3149-478d-a3bb-64e05d162264	32593373	32607658	fwd	UWB_Cisp0
chr20	37189932	37190936	f8bd911f-3097-4d2d-be57-aca412a8c317	37181456	37190941	fwd	UWB_Cisp0
chr20	42344743	42348838	0f7f34d5-62af-4f9f-a5e9-544d5e20c863	42344738	42351564	fwd	UWB_Cisp0
chr20	43499736	43502230	295f4cc5-151f-48ad-812e-7903698b7c51	43499729	43519925	rev	UWB_Cisp0
chr20	44121731	44126332	a156d2d3-a6cd-4bcf-a722-62afd728934c	44121502	44140089	rev	UWB_Cisp0
chr20	45573822	45578628	53cae247-9e14-4535-a224-674923a320b3	45572039	45578632	rev	UWB_Cisp0
chr20	45671160	45674524	5a133fe7-e24b-42b2-975d-7b976554a42d	45668359	45676597	fwd	UWB_Cisp0
chr20	46261447	46265220	08ca61b7-b743-4a38-86c0-c9c28dbe15a8	46260035	46271108	rev	UWB_Cisp0
chr20	46726344	46731487	d55d7304-dc66-4856-bd8a-b2648f120ca9	46720724	46735923	rev	UWB_Cisp0
chr20	47662420	47667503	ea4a2bbd-6682-4f83-8d77-52fbe28fc715	47657623	47667508	fwd	UWB_Cisp0
chr20	48019953	48030854	51d4e4d5-c8ee-4ac7-9f03-5219e4c4ddbd	48013519	48033159	rev	UWB_Cisp0
chr20	48434097	48436750	bc4b4f89-0d48-4d01-8981-459968ff1e5f	48433957	48443423	rev	UWB_Cisp0
chr20	48642850	48645917	8effc8af-6dbb-4418-905d-edb1150c3eb3	48641748	48663798	rev	UWB_Cisp0
chr20	48651948	48667975	4072189c-2663-41ce-8d88-f36c069f9c99	48648145	48671398	rev	UWB_Cisp0
chr20	50156733	50163637	226548c0-2cbd-4ca6-bb95-b6228fb4f6f5	50152870	50166168	rev	UWB_Cisp0
chr20	52494447	52500562	e1d448e6-1ac1-4afe-b4ea-e2aeb3f8ec7f	52493603	52502427	fwd	UWB_Cisp0
chr20	53344906	53348565	c4218048-f4cc-47ea-95a6-42a56c8d6ad7	53344901	53354538	rev	UWB_Cisp0
chr20	53848170	53850906	62cc2ff9-4d19-479a-8931-3baa981e67c1	53813774	53854598	rev	UWB_Cisp0
chr20	54876425	54884391	4201552d-9f98-4dca-a6af-90d7bd93b864	54874081	54884487	rev	UWB_Cisp0
chr20	55483052	55487230	c9c9b80f-b90a-4f18-91d2-8bb2d7f5238f	55477427	55487273	fwd	UWB_Cisp0
chr20	56079991	56085536	5e3e560c-f84d-48f5-a5f7-5b7f22f34cef	56079985	56091096	rev	UWB_Cisp0
chr20	56965061	56972068	09811a9f-6f43-4bd8-adee-599d985c4cac	56955004	56972072	rev	UWB_Cisp0
chr20	58182627	58185730	06602849-b270-4112-8c31-591abb57c530	58178423	58190212	fwd	UWB_Cisp0
chr20	58430669	58434050	34413714-20db-4932-9b87-f1af51aeae48	58420392	58436892	rev	UWB_Cisp0
chr20	58602390	58603437	edc64b7d-4f51-4822-970c-303be22b4131	58602097	58608614	fwd	UWB_Cisp0
chr20	59357729	59360462	88222ece-e280-45c1-8958-653951bde9c8	59357611	59367670	fwd	UWB_Cisp0
chr20	59603548	59607777	6661055d-369c-430a-b824-148b5d46af62	59595939	59608994	fwd	UWB_Cisp0
chr20	60522488	60525467	b9b8bbc2-2999-4757-8b49-303e0d19b186	60510604	60527028	rev	UWB_Cisp0
chr20	61069778	61074111	f4dcb768-f754-408e-88b8-c38f37009c81	61069774	61078235	fwd	UWB_Cisp0
chr20	61750282	61752835	b4828887-1e73-45d8-b414-2645c8117a6f	61750277	61759219	fwd	UWB_Cisp0
chr20	62086383	62091169	b65f65a2-f046-492f-9549-6fbbec22bcf1	62086374	62095730	fwd	UWB_Cisp0
chr20	62403283	62406682	a4d70111-85fd-464e-a985-ee6421a0d344	62400954	62411424	rev	UWB_Cisp0
chr20	62512519	62521988	297d9341-c0dd-4612-8d56-d73380243d8f	62510462	62528513	fwd	UWB_Cisp0
chr21	13120474	13123139	fbd4d10b-ae18-48a7-8621-19ca779e69e9	13113436	13123143	rev	UWB_Cisp0
chr21	13913595	13920034	1411c195-ab3b-46e2-8de6-07d2ceaa9177	13912561	13924830	rev	UWB_Cisp0
chr21	14046582	14049225	31aca65c-a654-4d9f-801f-71e7bbdb832b	14036612	14049229	rev	UWB_Cisp0
chr21	14528043	14530067	959fe9b7-782a-466f-acc0-f24b42a28139	14526593	14546293	rev	UWB_Cisp0
chr21	14821677	14823934	c2b63c5f-46f3-4a06-aa55-4e16d2941dfd	14809946	14839535	rev	UWB_Cisp0
chr21	18380491	18383579	3f511f26-843f-4fc5-9241-2de5ee72b4c8	18371568	18383585	rev	UWB_Cisp0
chr21	19395995	19397359	338713f9-2794-4a6f-80ec-1ebce49d455f	19395981	19404734	rev	UWB_Cisp0
chr21	22597323	22598502	5a9e8553-cbe9-4654-8696-c20ca911dd04	22597318	22618840	fwd	UWB_Cisp0
chr21	23294207	23302680	c076d1b7-72e0-4937-bda5-a5956b6bcfcc	23293670	23308314	fwd	UWB_Cisp0
chr21	23697034	23703994	4c48c643-2e08-4a47-a835-6634a1358c97	23689639	23705017	fwd	UWB_Cisp0
chr21	24277761	24279322	20ed9fda-d677-425f-bceb-b4e3a8d4aef3	24277756	24285899	rev	UWB_Cisp0
chr21	24403165	24404600	8b63a053-e53a-41e8-84f8-2a1c7b45719b	24400856	24409290	fwd	UWB_Cisp0
chr21	24538893	24542331	8e4b68c1-0067-439f-b3ab-7c852cde817e	24532184	24542335	rev	UWB_Cisp0
chr21	24709499	24711928	4df5398f-d710-4994-8394-d7d7caf7590b	24691837	24711932	rev	UWB_Cisp0
chr21	25323671	25331001	b4573f19-3a1d-4937-8c89-8edcb807dd23	25323662	25343343	fwd	UWB_Cisp0
chr21	29537788	29542263	621b611f-f0ec-4ba8-98e7-dd3e3d5aa1ec	29534863	29545372	fwd	UWB_Cisp0
chr21	34229450	34232137	366d0ae0-eab4-4fb9-b0eb-6dcd8c73fbaa	34216951	34232151	fwd	UWB_Cisp0
chr21	36432701	36435538	501367f6-8423-47d1-befc-9322c15edaf3	36431688	36439782	rev	UWB_Cisp0
chr22	16767175	16771671	e6601155-7882-4f5f-8bee-e6a5ab6c31b3	16767168	16776291	rev	UWB_Cisp0
chr22	17386970	17389618	e6c9c163-b47a-4ecd-bf9f-1853643a0830	17384160	17397262	rev	UWB_Cisp0
chr22	17971134	17973607	c70ace10-9138-479a-87d8-ffe8b3bc6a22	17969376	17999683	rev	UWB_Cisp0
chr22	18931965	18935199	79c21b03-944f-43c0-b0ef-6680ad09cd5b	18931961	18950708	fwd	UWB_Cisp0
chr22	19782647	19786049	40d270bd-2b69-4786-968e-6621a28297c9	19782639	19795891	rev	UWB_Cisp0
chr22	19898073	19902494	bee82044-0de3-4f1b-9a35-9813e26df964	19886988	19903036	rev	UWB_Cisp0
chr22	20186063	20191911	70570669-2b54-4802-924d-cc3a6ff6cc69	20176707	20203272	rev	UWB_Cisp0
chr22	21640190	21642402	adf64a68-730b-4efa-a1c6-46b83cae9d67	21634981	21652114	rev	UWB_Cisp0
chr22	22818339	22819914	2e8946c2-22f5-40a4-b12c-3c6b7b71c80a	22807008	22819924	rev	UWB_Cisp0
chr22	33700840	33705849	13447990-6c2c-436f-a62b-948f347017e3	33700735	33709516	rev	UWB_Cisp0
chr22	35206184	35209425	38e40483-580c-4d61-bf5d-82a4f19d08ac	35206176	35214881	rev	UWB_Cisp0
chr22	35263283	35271271	2120e01b-3df5-4c12-a464-748f089a2519	35255056	35279712	fwd	UWB_Cisp0
chr22	37052854	37056220	238df7b9-fab4-4c00-9d63-1eae41b8970e	37050535	37069880	fwd	UWB_Cisp0
chr22	38437401	38444219	21f45736-4648-446b-b1df-dcdb7cf6df82	38424284	38445578	fwd	UWB_Cisp0
chr22	40138974	40143951	2c2e1bb2-3030-4c78-9d5f-8e47a90cf359	40135786	40147037	fwd	UWB_Cisp0
chr22	40711264	40714696	17b80bc7-a1fb-43ef-aa6d-ac3caca8b013	40707290	40714716	rev	UWB_Cisp0
chr22	45480094	45487163	92530941-c714-41d2-93e2-107536457d08	45478662	45506209	rev	UWB_Cisp0
chr22	45674087	45675278	ddeba854-b746-4011-b829-5c1aad72247a	45654696	45675283	rev	UWB_Cisp0
chr22	47490086	47494994	c306685c-1501-4e07-8434-87c52ba43495	47490082	47500345	fwd	UWB_Cisp0
chr22	47901324	47906225	780f0b69-9cc4-4380-8f89-c6b3a99335b0	47901315	47912284	rev	UWB_Cisp0
chr3	822379	828090	966a29dd-564d-4f81-b39c-81660af1b26b	822321	835491	fwd	UWB_Cisp0
chr3	1053813	1059572	70819b7c-5539-4771-b52f-f46a75cf8dbe	1052400	1060152	fwd	UWB_Cisp0
chr3	1269896	1272797	a2d27a6a-12a0-4ead-a7d8-0ca96e0c378b	1263182	1276355	fwd	UWB_Cisp0
chr3	1840436	1851940	be6d1f22-ac15-4e28-a843-b08135c066de	1839490	1858062	fwd	UWB_Cisp0
chr3	7606304	7617065	536a7e35-a4ad-45f3-b51c-fde9861cf38b	7586922	7617075	rev	UWB_Cisp0
chr3	10547963	10553313	31d5d318-fb4e-45fb-b052-5607f8b69fb6	10541809	10553318	fwd	UWB_Cisp0
chr3	12476532	12479941	1708578e-0c03-4267-8146-6712f023cebd	12471097	12483025	rev	UWB_Cisp0
chr3	13398227	13399585	6b1aeea6-37da-4eea-9d41-a11d1ee7d943	13384358	13400329	fwd	UWB_Cisp0
chr3	13641066	13645599	04f4e920-d254-463e-be58-4ce40f5e06e2	13628546	13649183	rev	UWB_Cisp0
chr3	16570931	16573748	30762c83-5754-4652-a02b-d8f239398ebb	16558545	16573753	fwd	UWB_Cisp0
chr3	17588253	17593332	dcca7906-aa6f-4c4f-81b5-afcd42c58c87	17580281	17594781	rev	UWB_Cisp0
chr3	18331074	18334995	382d58f4-46de-434a-a3d6-19536d533019	18331065	18343623	rev	UWB_Cisp0
chr3	19770972	19775117	eb527d0e-8b42-4727-868b-6f5d18adde9e	19770968	19781635	fwd	UWB_Cisp0
chr3	20431848	20434532	8ac252ed-37b0-46bc-af3b-fb0e5019ae5c	20427652	20434538	rev	UWB_Cisp0
chr3	20440759	20442616	aea75892-08f2-4ec8-a5d3-36455160326a	20433496	20442634	fwd	UWB_Cisp0
chr3	20799365	20802217	534fa64b-665b-4a08-adf1-eb6eb01e77ef	20788492	20802223	fwd	UWB_Cisp0
chr3	21453672	21456398	59f5ce3c-d53a-4837-8383-91359a561ae2	21447169	21456403	rev	UWB_Cisp0
chr3	24670460	24676423	57f97d85-634c-48d3-aab6-b8fe5bd14979	24660310	24676427	rev	UWB_Cisp0
chr3	28626419	28631331	02bcd2f3-f9aa-4182-96e7-07e23109c098	28626412	28638925	rev	UWB_Cisp0
chr3	32703100	32710645	cc5ea510-703a-4897-92ae-0ba116103c58	32697337	32710650	rev	UWB_Cisp0
chr3	33247558	33249994	ef0c5b05-8655-4767-b81e-4a8f8777ea83	33247554	33252717	fwd	UWB_Cisp0
chr3	38555657	38560232	6e7cffd9-21d5-4c70-96db-ae1f52fd544b	38552323	38560683	rev	UWB_Cisp0
chr3	39695174	39698101	49cf24c0-fc8f-48bd-93db-3676aa5a4862	39693798	39711476	fwd	UWB_Cisp0
chr3	44157173	44160014	a2ed45dc-1ae6-431d-9ae4-a12d237a226a	44157164	44164958	fwd	UWB_Cisp0
chr3	47056929	47059248	ba11a55e-9d32-45fc-930a-16458104a7b8	47054481	47062621	fwd	UWB_Cisp0
chr3	48422966	48428938	455bef6b-fc2e-46fd-8473-08d689f863b7	48422957	48435470	fwd	UWB_Cisp0
chr3	48640530	48645030	a37bc4d2-68c0-4e7c-8274-9cb092b382b0	48633775	48645041	fwd	UWB_Cisp0
chr3	51872602	51881188	48aabf9d-79d5-4a16-91d9-b5eb449f4e1b	51872598	51883350	fwd	UWB_Cisp0
chr3	52216977	52221689	58fb5bee-e657-444a-8d3a-f2ae08d3dd8e	52216971	52224953	rev	UWB_Cisp0
chr3	53618150	53620797	4ee64785-7825-4c10-81dd-cd89d48e1dd9	53616346	53625136	fwd	UWB_Cisp0
chr3	54697607	54706277	badecdf0-09c4-434f-84fc-6b01ee2c7cbf	54695779	54719723	rev	UWB_Cisp0
chr3	54749513	54752003	cadca18c-97c7-4136-aa51-01a4fd9f02c4	54747277	54759400	fwd	UWB_Cisp0
chr3	55600368	55601671	6115214d-ed01-4b4c-9f0a-2e91a47dfa9a	55600362	55620610	fwd	UWB_Cisp0
chr3	58211963	58213865	c024ae10-836c-42f1-ac4d-3f28e69cbc0d	58211950	58219329	fwd	UWB_Cisp0
chr3	58748357	58753225	ba9dc730-6798-496e-9f81-e58283c1699e	58740491	58753236	rev	UWB_Cisp0
chr3	60726136	60732321	e17ec568-3c9c-4e21-b1e9-f412cf9f9144	60721057	60732329	fwd	UWB_Cisp0
chr3	64871461	64894811	e2baabf0-40a5-461f-ad84-b13235fc96d8	64865513	64899858	rev	UWB_Cisp0
chr3	64927959	64933087	3c62afd0-c2ab-4878-b44d-a24f151cb0b9	64926897	64939342	rev	UWB_Cisp0
chr3	65542416	65547085	25624e95-0fa7-431a-a20e-f252f8ba8b20	65537263	65547093	fwd	UWB_Cisp0
chr3	67775140	67778086	2c8abeb0-915f-42da-87cb-769db298dcde	67767512	67778091	fwd	UWB_Cisp0
chr3	68253897	68255677	26c711cd-e8b3-48be-8851-d336221e2585	68246394	68269280	rev	UWB_Cisp0
chr3	74330478	74333696	0c81155d-7665-4fd1-8f15-94930d755ffc	74323820	74333820	rev	UWB_Cisp0
chr3	74663982	74667690	93e2512d-86e5-4e64-bbdf-b526df8033de	74658520	74667696	rev	UWB_Cisp0
chr3	77335423	77337570	03853835-95a1-424c-9afe-6be98cee613b	77335418	77345365	rev	UWB_Cisp0
chr3	82763008	82766034	680044f8-35df-46b8-b9dd-77cb83c27f9b	82748888	82766043	fwd	UWB_Cisp0
chr3	84288122	84290510	92e4291b-4550-4f9e-ae31-8c49204cae67	84283395	84290514	rev	UWB_Cisp0
chr3	86299709	86307320	7105c105-59d1-48fd-b6b5-4aef16b9f509	86299610	86314070	fwd	UWB_Cisp0
chr3	87968010	87969271	6feb6302-5f3f-4e76-93bc-710cff4af7fd	87968004	87974524	fwd	UWB_Cisp0
chr3	88256305	88261611	5f1d253f-d5c1-48d1-b901-12fd8330cbbd	88250631	88261616	fwd	UWB_Cisp0
chr3	90191863	90197617	e19a4e9e-c1c2-456b-8869-df1bf75936c0	90187748	90197882	fwd	UWB_Cisp0
chr3	97894551	97899264	e136d417-6309-4537-9175-3969a66cabaa	97877987	97900323	fwd	UWB_Cisp0
chr3	98400851	98402757	cc0f04c3-399c-439e-bf93-02bf73859e80	98391829	98411239	fwd	UWB_Cisp0
chr3	98409143	98421576	a3e00e75-257d-416f-8509-0f1871c69d5c	98409135	98424198	fwd	UWB_Cisp0
chr3	100345515	100348759	8002bd8a-29b3-4107-8785-a0c6943cc8af	100343222	100355612	rev	UWB_Cisp0
chr3	106737136	106740274	2346b69d-0699-4a68-b608-ddcfd8a6789d	106731892	106740280	fwd	UWB_Cisp0
chr3	107818505	107819694	61655140-9e54-46a5-9bd5-645dbae1e330	107818498	107827616	fwd	UWB_Cisp0
chr3	110848457	110850455	8ddeaca2-c18b-4839-b495-1cbacdaf2a73	110848453	110863140	fwd	UWB_Cisp0
chr3	111133378	111141520	eb4b593b-ea18-4c49-953f-ab6d5f7b0f3d	111133373	111150755	rev	UWB_Cisp0
chr3	112390158	112391195	b2d6f0b0-f10d-4c3d-95a8-abd819527e73	112380474	112391200	fwd	UWB_Cisp0
chr3	113564614	113572526	6c83aa92-cabf-40a3-b4f7-8d8287059c88	113564609	113578847	rev	UWB_Cisp0
chr3	114516167	114519677	af00a5f8-f306-4cff-a609-b43980522b13	114508177	114519683	rev	UWB_Cisp0
chr3	117320080	117325997	b18b4995-0f02-4731-9a9d-869fa008ef7d	117316242	117330840	fwd	UWB_Cisp0
chr3	117340289	117345306	4126de53-7b38-4a32-a86a-82b7c2cbebdf	117340283	117350143	fwd	UWB_Cisp0
chr3	118651877	118653824	85e21067-2f87-4908-bb85-d16e9c34116b	118649340	118658851	rev	UWB_Cisp0
chr3	118852727	118854066	a178ab57-aada-47b4-82ab-c745e3b31893	118848053	118868794	fwd	UWB_Cisp0
chr3	119791858	119796821	4b6aa459-1122-442a-a093-c958af0cc397	119783723	119798243	rev	UWB_Cisp0
chr3	122764293	122765563	da0e4fc7-3bb4-4baa-abdc-a309b8329095	122764275	122770577	rev	UWB_Cisp0
chr3	123914600	123926670	faa1dbfe-85b8-418c-8d72-5c427fb026c3	123913639	123928540	fwd	UWB_Cisp0
chr3	124258818	124263322	590bfc7f-18d7-408a-bc26-47ef56667ce0	124256539	124263327	rev	UWB_Cisp0
chr3	126003423	126007775	e1d52611-6432-4dd3-a7c3-9c34fe72e839	126000849	126009968	rev	UWB_Cisp0
chr3	129727267	129728327	9cd2a40b-abf5-4d4e-aa72-d67ffdedee6c	129715214	129728334	fwd	UWB_Cisp0
chr3	130363960	130366275	9ce49782-5f3e-4779-80a0-d6664eb7c740	130363941	130376653	rev	UWB_Cisp0
chr3	130425085	130431493	bae51ff8-241a-423d-a1ba-033d2885bbc3	130419663	130431509	rev	UWB_Cisp0
chr3	131724330	131729464	d20cb32a-2669-44ba-83ee-2668274f119a	131710564	131729472	rev	UWB_Cisp0
chr3	132339400	132345286	bb2938a5-8e16-4999-8b47-ceb27a0ca9e3	132337569	132346851	rev	UWB_Cisp0
chr3	132345646	132347763	60132be2-d409-4ba3-b0ac-d68b443878b1	132343420	132358454	fwd	UWB_Cisp0
chr3	133712801	133716877	15dde8be-916e-4a2e-a44a-529538124b1f	133698634	133719224	rev	UWB_Cisp0
chr3	133707746	133712846	9b9ee127-c77a-4f2e-8634-2576d844c55f	133706828	133732848	fwd	UWB_Cisp0
chr3	134075316	134077620	d7bfae0c-8431-4f24-9b36-b7612212baa8	134075307	134097766	fwd	UWB_Cisp0
chr3	134083979	134089476	b1e72cec-518e-433f-bee8-673fc0d6169f	134083968	134098439	rev	UWB_Cisp0
chr3	134179180	134181390	9388e9ee-6ae4-4370-b5d1-29320d7c11ae	134167046	134205010	rev	UWB_Cisp0
chr3	134731618	134735553	192c9150-7d67-4444-b2dc-7060e97f8eb7	134724052	134735565	fwd	UWB_Cisp0
chr3	135014348	135017835	aee10349-f63f-4a30-82b1-14d1728bb6dd	135012026	135025409	rev	UWB_Cisp0
chr3	135839644	135840793	3a6c9500-ae8c-48d9-a77f-a61b140e25c1	135838230	135851385	rev	UWB_Cisp0
chr3	136342323	136347393	c2218bee-4906-473f-83db-17f5a82f8502	136335503	136347405	fwd	UWB_Cisp0
chr3	137172382	137174118	def6ba29-0432-4382-b44b-8d1ca95ae237	137172377	137180654	rev	UWB_Cisp0
chr3	137247890	137250421	47df781f-0c47-4f34-9f6c-a724d51fed47	137247886	137256650	fwd	UWB_Cisp0
chr3	139273215	139276561	176e64dc-a640-4d86-99a4-1b6333a0c150	139269500	139280344	fwd	UWB_Cisp0
chr3	139296362	139302048	76457a8e-c25e-4ef0-b61b-f8a2ec83af98	139288845	139305103	fwd	UWB_Cisp0
chr3	139422356	139423419	52f584a1-eb61-4e19-a654-1cdfc1d38aa9	139422351	139456722	rev	UWB_Cisp0
chr3	139596767	139600217	22d516b4-8530-414b-8c0a-b2636222b070	139593820	139601767	fwd	UWB_Cisp0
chr3	141730194	141735110	3cea069f-5cbd-4533-b87b-1fd17d134f06	141730186	141742254	fwd	UWB_Cisp0
chr3	141807337	141820236	918ac13b-fd21-4c8b-8a6f-0234f5a2010f	141802747	141822820	fwd	UWB_Cisp0
chr3	141890601	141892960	0dab8b7a-71ea-44df-8ad8-c7b8ea4d9641	141880270	141892966	fwd	UWB_Cisp0
chr3	142223891	142229882	b52aab5a-ce67-4f0e-ae5b-723daf075a0f	142223886	142232425	rev	UWB_Cisp0
chr3	143918438	143921960	039bacc8-e6fd-40fa-8963-70d4ec177fc8	143912521	143922232	fwd	UWB_Cisp0
chr3	144007184	144010003	ed01e36a-023e-437a-be25-0139fe9c1c82	144001054	144014875	fwd	UWB_Cisp0
chr3	145851361	145854565	861663ec-eb80-4cb9-a228-4055a287788a	145849987	145863674	rev	UWB_Cisp0
chr3	147818558	147823013	fcb91095-da9c-4016-a8d4-c03ecc942f5d	147818553	147834626	rev	UWB_Cisp0
chr3	148052759	148059312	79ce5183-c6e6-48a7-8423-2da33b4616e2	148052753	148065974	fwd	UWB_Cisp0
chr3	148228488	148231694	7f212aa1-404c-4dd5-85c2-464a98d16c02	148221929	148239021	fwd	UWB_Cisp0
chr3	148920943	148934426	e0f6e08c-8d71-4b9c-959e-35cd22930b95	148920938	148937385	rev	UWB_Cisp0
chr3	149076270	149081540	273a07c0-d6e9-40cf-9157-e495045763ba	149076266	149090037	fwd	UWB_Cisp0
chr3	151882132	151885300	5ba56bf4-9adc-4a30-b202-a86eb042ac8e	151876212	151885305	rev	UWB_Cisp0
chr3	152315429	152327275	17634b6f-7e8f-4a34-a14f-d48d5f064de8	152293838	152327285	rev	UWB_Cisp0
chr3	152863514	152868988	296872f9-6e2a-470d-9662-27a3ec483e9a	152861735	152881056	fwd	UWB_Cisp0
chr3	153009216	153010595	210121b6-3721-4680-9660-f1cea1f6d559	153009210	153019064	fwd	UWB_Cisp0
chr3	153438777	153442501	3cc0039b-4b83-4b64-a4a9-b0dcf0f02978	153428414	153444104	rev	UWB_Cisp0
chr3	154486738	154490868	fcc077ca-0c28-43b7-93d1-c18da1b0491b	154486733	154496933	fwd	UWB_Cisp0
chr3	155914002	155916611	842fd66b-7c4f-46c3-81f0-ceb9b0eea49d	155913996	155928872	rev	UWB_Cisp0
chr3	156137961	156141592	8f5b988d-6890-4c25-88cf-c0d8b510c9cc	156136350	156149886	rev	UWB_Cisp0
chr3	158138749	158142789	8194029d-380c-4a59-a1d0-5d6cddb5a93f	158135324	158143649	rev	UWB_Cisp0
chr3	158551302	158552327	27e2b5b5-5d78-4f42-b80b-1024095fd3eb	158545528	158555631	rev	UWB_Cisp0
chr3	159282494	159284387	35870dda-bc47-4719-9c2a-f21360c5da8e	159282489	159297918	rev	UWB_Cisp0
chr3	160199140	160201397	0484364c-a62b-471d-8c74-d12859da94fc	160199134	160223936	rev	UWB_Cisp0
chr3	160295569	160300150	fef4a000-d836-4a1f-a141-0187fe1af06b	160287635	160300155	rev	UWB_Cisp0
chr3	161533812	161536546	8ba4a8ea-b705-425e-83e2-e5caf721a85f	161524960	161539352	fwd	UWB_Cisp0
chr3	164676402	164680733	cfa6e28c-27b7-4b9b-9d1d-fe45a0dbac08	164676396	164696203	rev	UWB_Cisp0
chr3	165375710	165380610	c946c2d7-30d1-416d-93d7-0516732cb107	165375699	165393287	rev	UWB_Cisp0
chr3	165388586	165393275	c946c2d7-30d1-416d-93d7-0516732cb107	165375699	165393287	rev	UWB_Cisp0
chr3	166840810	166850941	3d7cf3c3-636b-447e-a88e-e3ce44402b5e	166840806	166853823	fwd	UWB_Cisp0
chr3	167628951	167630662	bf6c03e8-6b77-4798-957c-da469e4ae69f	167624782	167630668	rev	UWB_Cisp0
chr3	168267166	168273825	15983a19-017e-41e4-af3f-c624cf2a637b	168261834	168273830	rev	UWB_Cisp0
chr3	168635788	168637910	d8f9abaf-cacd-458e-966e-3914ec6242d5	168635779	168648781	fwd	UWB_Cisp0
chr3	168707085	168715123	4a54cdf5-fbb9-4736-b6d9-92b105fc9d11	168699667	168715130	fwd	UWB_Cisp0
chr3	169741625	169746674	4063051d-91b2-42fd-9a8d-7437b7d71956	169733394	169758469	fwd	UWB_Cisp0
chr3	174998834	175002100	7619b991-a6d8-45b5-ab85-3979e17288ee	174998830	175019092	fwd	UWB_Cisp0
chr3	175666000	175670571	4cc102e1-a116-4609-bb52-d490d93e6c76	175665992	175689472	fwd	UWB_Cisp0
chr3	176045073	176046837	a21df91d-df9d-48a7-8cab-c5b238984760	176035173	176046842	rev	UWB_Cisp0
chr3	176915989	176917536	bf66e12e-566d-43e4-85a2-3f413a1f77ca	176913611	176923188	rev	UWB_Cisp0
chr3	177664222	177670597	9dea5528-9341-44c1-a9cf-189f386f1a54	177660979	177674587	rev	UWB_Cisp0
chr3	178768828	178772502	cbec0b5e-67f1-40c0-a5b1-be9018722a3d	178765787	178784284	fwd	UWB_Cisp0
chr3	178962044	178964910	badfda65-a82a-472b-8dda-a7f5553cfb50	178957061	178969490	fwd	UWB_Cisp0
chr3	179257730	179265015	dd321114-a861-418c-b3e7-1b1467d2e24c	179255495	179273252	rev	UWB_Cisp0
chr3	180004380	180007550	850975e3-b01d-419f-b5aa-4594085ad7b7	179999654	180007554	rev	UWB_Cisp0
chr3	180040586	180041960	f3f6bf61-7a87-4eb4-a9cf-56831985c74d	180032157	180041966	rev	UWB_Cisp0
chr3	180376751	180381424	7f277a95-19f3-4f10-b6b5-be60b947a9e8	180366238	180381429	fwd	UWB_Cisp0
chr3	181885272	181890036	3330c194-80df-43c2-9d18-270ebd8443b9	181877524	181890040	rev	UWB_Cisp0
chr3	181884989	181889723	76596cb7-86df-4a21-8ab3-37e0e0b255d3	181884985	181894262	fwd	UWB_Cisp0
chr3	181891355	181894256	76596cb7-86df-4a21-8ab3-37e0e0b255d3	181884985	181894262	fwd	UWB_Cisp0
chr3	182531871	182534844	0acc3889-04ca-4dba-a146-46e3f326247b	182507229	182534927	fwd	UWB_Cisp0
chr3	182982534	182987791	0a10d724-6a01-4065-a890-45b82dceb200	182977284	182987797	fwd	UWB_Cisp0
chr3	183218763	183224262	8b90d4a7-aed5-4a55-a466-0b4e3160b41f	183218749	183232806	rev	UWB_Cisp0
chr3	183515894	183518939	44c40c90-2797-4635-a743-9cc80dd965cf	183502882	183522236	rev	UWB_Cisp0
chr3	183664267	183665692	fd3b7b87-4944-49cb-b512-53efb8d0b5dd	183660786	183676651	fwd	UWB_Cisp0
chr3	187439274	187441385	cfafdce4-460d-4087-981f-c1c308a9d0cc	187436237	187446828	fwd	UWB_Cisp0
chr3	188435226	188436946	114a7772-ab58-4b26-adc7-ffc1e765f4bc	188435214	188451121	rev	UWB_Cisp0
chr3	189708078	189712639	6e8d1ab8-8be1-4d66-93f7-5b02aea6d10b	189708072	189722583	rev	UWB_Cisp0
chr3	189963525	189966878	4917e341-83ce-43b0-b32a-90a01d996bc0	189963519	189970625	fwd	UWB_Cisp0
chr3	190752692	190756950	540ba8c5-e27c-498d-814d-652dd730516f	190749831	190761663	fwd	UWB_Cisp0
chr3	192083657	192086149	a28a416b-7918-46ed-9943-7c99164e9024	192072454	192088803	rev	UWB_Cisp0
chr3	192597843	192599403	c0e37976-8856-4ea5-933f-9a9c192c4fb0	192592905	192602954	fwd	UWB_Cisp0
chr3	193608113	193613891	5cb03e42-506d-45c4-a378-cd4d75d6485d	193601866	193617471	fwd	UWB_Cisp0
chr3	195459895	195463861	dec7d45b-ef9e-479e-97dc-0a3e47eae2e7	195456894	195484476	rev	UWB_Cisp0
chr4	261913	266043	4d60eb09-d0dc-4800-81f3-4f6d4df6e853	261908	268303	rev	UWB_Cisp0
chr4	923972	930469	7e370ee5-bf99-4e15-8dc9-f963a5da9524	923965	931987	fwd	UWB_Cisp0
chr4	1101602	1106248	b5c3b73b-471b-45fc-a25e-b0e12f0a6eb7	1093878	1106871	fwd	UWB_Cisp0
chr4	2862447	2872041	e65dd7a9-f3ff-4957-a2a8-07136c8f4387	2859464	2872178	fwd	UWB_Cisp0
chr4	2965583	2967554	dbc69d67-6e44-4fe5-9cbf-c0bc9dfb6dda	2954228	2967563	fwd	UWB_Cisp0
chr4	3133004	3148392	573108bb-902b-4da6-b1ef-d212ccdeed8d	3131167	3149592	fwd	UWB_Cisp0
chr4	3900789	3905606	68b2846b-6e33-4ef1-8697-542afb507432	3897244	3908009	rev	UWB_Cisp0
chr4	4570265	4575939	04192f21-0ffc-4a93-9f9c-8a3fbce23801	4565911	4575944	fwd	UWB_Cisp0
chr4	4599823	4602951	249bba20-ec61-449c-b561-89130235e73c	4593631	4602957	fwd	UWB_Cisp0
chr4	6664036	6666903	7f6abafc-4513-4608-a34b-35efc385c032	6661263	6675524	fwd	UWB_Cisp0
chr4	8363604	8364957	b6198559-c5c9-4a0a-8e26-544077a2a66a	8363598	8372313	rev	UWB_Cisp0
chr4	16309091	16311141	8f58465f-8a81-48c4-bf04-240167da5edf	16306392	16320547	fwd	UWB_Cisp0
chr4	17122083	17123557	f23c09a8-25c9-42d8-9a82-fe4613732385	17115861	17141656	fwd	UWB_Cisp0
chr4	20199504	20203938	b9f8326b-c90a-4114-8359-1c06ad332323	20199258	20206311	rev	UWB_Cisp0
chr4	20478031	20480670	e670e3ad-3adb-4e7f-ba75-f64b26eea7cc	20478024	20485796	fwd	UWB_Cisp0
chr4	21235148	21238974	4f71d025-7817-4a8d-878e-0e1d76b4894f	21229475	21240617	fwd	UWB_Cisp0
chr4	22500010	22501787	84db6110-ce69-44c3-b8c6-223afed6cc50	22500003	22507153	fwd	UWB_Cisp0
chr4	22995625	23001355	bfa1207e-df18-44a1-9a10-69f3b0f9c17a	22984207	23002864	fwd	UWB_Cisp0
chr4	23290972	23293250	8d064e3a-dd2e-464b-805b-1b8ceb4bd7fd	23284667	23293259	rev	UWB_Cisp0
chr4	24415286	24422479	18f4e316-4a72-46f1-88a0-a9d047cc69e8	24411709	24423931	rev	UWB_Cisp0
chr4	24499323	24502413	9574f12e-cd00-4b59-94f5-079c6cdb6854	24487332	24504489	rev	UWB_Cisp0
chr4	25612069	25616519	fa98d21e-2ccb-40f4-b505-74b2aad6358d	25608359	25616523	rev	UWB_Cisp0
chr4	29393323	29400515	e4b1233f-367f-4491-8e78-2122f44b8319	29389252	29401117	fwd	UWB_Cisp0
chr4	29851280	29852481	5c47bad2-f9bb-43f3-9933-f3d32958c5ed	29841651	29861766	rev	UWB_Cisp0
chr4	30773678	30775839	49cbc7ee-8098-418a-b576-18bf3fcd6b71	30768360	30775845	fwd	UWB_Cisp0
chr4	36217080	36218306	b893cf59-67f0-4d1f-8b8a-c8f950354ba1	36217074	36229601	fwd	UWB_Cisp0
chr4	37749813	37753243	722b8719-f571-4868-8e56-ac154aed85dd	37749805	37762051	fwd	UWB_Cisp0
chr4	37879520	37882529	89423576-c8ae-4d56-880a-c83828f99e98	37879513	37890963	fwd	UWB_Cisp0
chr4	37887874	37890958	89423576-c8ae-4d56-880a-c83828f99e98	37879513	37890963	fwd	UWB_Cisp0
chr4	38608845	38610913	e1b43c1c-6d13-4462-8496-35a3c8161aec	38599254	38611142	fwd	UWB_Cisp0
chr4	40274700	40279226	747a06e0-ceff-4124-9c03-528053fad4ee	40274169	40292121	rev	UWB_Cisp0
chr4	42069846	42072201	7a4fbc9f-8bf5-450c-9bb5-1e1fc8727e88	42058995	42073000	rev	UWB_Cisp0
chr4	43578791	43586573	30e30bf2-44c1-4cb0-aaf9-990f5c4c28c4	43573255	43589917	rev	UWB_Cisp0
chr4	43659245	43665407	1aaa429f-ccc9-49d4-9934-6dec64dc02c9	43659240	43668135	rev	UWB_Cisp0
chr4	48093836	48097590	bfc42eb9-d488-4b38-bf26-06527f144f5c	48093820	48102972	rev	UWB_Cisp0
chr4	49098029	49108228	d107c06a-98f8-46b0-a8d9-f8650e3c0680	49098025	49113321	fwd	UWB_Cisp0
chr4	49644452	49645622	57fd7dcf-0be1-4abd-ba97-fa4c92f9eea3	49642172	49652274	fwd	UWB_Cisp0
chr4	49650131	49651725	fca85211-b597-4aaa-a230-de31c415ad02	49646673	49658098	fwd	UWB_Cisp0
chr4	52235085	52237318	e3d50fed-7864-4707-90a5-6254089c9ae0	52224241	52237323	rev	UWB_Cisp0
chr4	54126135	54127319	3bf3c3e3-c318-44c7-838b-44fb0a290933	54123697	54131938	fwd	UWB_Cisp0
chr4	56246805	56250040	2291dec6-446a-490d-b672-757ec7eab4cd	56240497	56250467	rev	UWB_Cisp0
chr4	59849371	59851014	9f989394-d781-4788-828b-49abbf4e232d	59849366	59855541	rev	UWB_Cisp0
chr4	65439697	65442572	f805d13f-cf03-433c-ac43-345011635e62	65437765	65445097	fwd	UWB_Cisp0
chr4	67825627	67830200	f17f290a-ceab-467a-abdf-00eb507f36c5	67815215	67830206	fwd	UWB_Cisp0
chr4	68999003	69009302	53f452b0-dd63-4c1f-a069-6f422055d01b	68998996	69013171	rev	UWB_Cisp0
chr4	70022453	70024080	2c1ad6d8-dec5-4f17-98fa-b0aa66408f58	70020222	70035271	fwd	UWB_Cisp0
chr4	72824453	72828525	d75b5efb-dd7c-4378-b668-3aad12c5f1a9	72817152	72828530	rev	UWB_Cisp0
chr4	80334987	80338185	d8eb2b14-5d63-4f62-bf4f-a596459a4e9f	80327130	80338196	rev	UWB_Cisp0
chr4	82405071	82406962	ebd148fe-d61e-42ba-a62a-1744356a0d0e	82403756	82422540	fwd	UWB_Cisp0
chr4	83725383	83728420	c83b95e2-5a9f-4ec7-9ea8-27635dbdb2ed	83723921	83737765	fwd	UWB_Cisp0
chr4	84492776	84496944	4d81d9d6-636e-4e3c-b658-ed61ac50b380	84492767	84504641	fwd	UWB_Cisp0
chr4	86431351	86436356	695c299c-e091-45bf-ab10-8158808dedbe	86421753	86439446	rev	UWB_Cisp0
chr4	87807489	87809416	3b7b0f08-701a-4bf0-b822-647d386d3672	87807482	87819938	fwd	UWB_Cisp0
chr4	97208863	97211012	fb50f27e-25ba-4165-9803-b341ec27d66a	97206483	97211496	rev	UWB_Cisp0
chr4	97384263	97387956	e8dac508-9be0-4b2f-85ee-bf2c3c74ee7a	97378050	97387963	fwd	UWB_Cisp0
chr4	99353046	99354461	879f5af8-d816-4616-97ba-ded6bcd57985	99339670	99363555	rev	UWB_Cisp0
chr4	105708510	105713508	6d19f353-7455-4287-aaa1-aa17659cf380	105693186	105713513	fwd	UWB_Cisp0
chr4	109399750	109408490	fdcd93cd-8c10-40ac-be24-fb689bb812d7	109397787	109420699	rev	UWB_Cisp0
chr4	109416999	109420690	fdcd93cd-8c10-40ac-be24-fb689bb812d7	109397787	109420699	rev	UWB_Cisp0
chr4	113926066	113937446	36c97776-e619-490b-9363-c51f37bdc666	113925917	113940814	rev	UWB_Cisp0
chr4	114147931	114151896	626715a5-8349-49f2-b3a5-4e1f40c0be7a	114145233	114154605	rev	UWB_Cisp0
chr4	116426022	116431618	0e09249d-c739-4d27-ba26-687e4958757e	116420510	116434574	rev	UWB_Cisp0
chr4	119377371	119382236	5954e8ad-c7f0-49f4-a8b3-7f0a3bb93f52	119377364	119387522	rev	UWB_Cisp0
chr4	119513725	119516249	9154eda4-0cc8-4fd1-a838-f3ee7caaa146	119505051	119516255	rev	UWB_Cisp0
chr4	120509985	120513750	7b97ea8f-a51f-49a8-a8d6-ca5c5bfc158f	120509976	120523408	rev	UWB_Cisp0
chr4	121329359	121332340	552b6395-f138-4f53-9f08-4ab322d34201	121325416	121343937	rev	UWB_Cisp0
chr4	122744930	122746805	39b9cc70-699a-4f9a-851c-9fc4379a131d	122736787	122746829	fwd	UWB_Cisp0
chr4	124871205	124895923	35867971-d9e0-4755-b455-ebd0634892b3	124871197	124897858	rev	UWB_Cisp0
chr4	128319956	128322267	de7486e6-6e21-4718-acf3-9f3e922b364f	128304632	128322524	fwd	UWB_Cisp0
chr4	130908368	130917336	ffa36b3c-7d37-4bdb-8479-3919818afb2a	130903766	130917342	fwd	UWB_Cisp0
chr4	134488383	134490077	c62639c9-ca33-44f2-9594-0c36342691a7	134488211	134497113	fwd	UWB_Cisp0
chr4	139140983	139148437	ef8a20ce-50c5-4306-a39f-63c50375696f	139127538	139165720	rev	UWB_Cisp0
chr4	139741932	139748381	849e3450-8969-4915-9f6e-7d66a8f6b940	139738212	139752529	rev	UWB_Cisp0
chr4	143995528	144000298	6d3e2333-42f3-4228-b570-e2f4c0c9aeb7	143993933	144003288	rev	UWB_Cisp0
chr4	147590148	147594151	90cabf43-1147-45fd-9e4a-ad60844cb529	147587546	147612593	rev	UWB_Cisp0
chr4	158831948	158835499	0621fc57-88cf-41e9-b8c6-1dd26a5f23a1	158828648	158839996	fwd	UWB_Cisp0
chr4	161843056	161847112	1b52bfdb-9fcd-45ea-b3a4-f14149883879	161842097	161869694	fwd	UWB_Cisp0
chr4	163453760	163455203	f291ae0f-b1de-4f6a-910f-2466b7c27753	163442771	163461124	fwd	UWB_Cisp0
chr4	164805458	164810832	d623d1ae-5842-4369-85a2-f82ca81681b1	164805452	164817296	rev	UWB_Cisp0
chr4	166591150	166593341	4cd366bc-441a-466b-8402-be609cab59b2	166582948	166593352	rev	UWB_Cisp0
chr4	171925006	171932390	2568cde3-43c6-42f6-8170-bb9b9f036dd8	171925001	171951178	fwd	UWB_Cisp0
chr4	174294193	174299122	3e2a3174-f621-4a3c-811b-51492dd53960	174293404	174304642	fwd	UWB_Cisp0
chr4	178184327	178201850	2e0c221b-a44a-48cb-a068-6c3b32661c86	178150480	178211724	rev	UWB_Cisp0
chr4	179344758	179347332	b2387be1-ae81-4f36-954b-c9c9e8355df1	179343296	179352427	rev	UWB_Cisp0
chr4	179570513	179573973	257fde22-01ea-4630-9d0b-948eb1dca3b4	179570508	179581458	rev	UWB_Cisp0
chr4	179579219	179581453	257fde22-01ea-4630-9d0b-948eb1dca3b4	179570508	179581458	rev	UWB_Cisp0
chr4	182655664	182660358	534f4b3c-3a8f-4000-a43d-ddcfe7fd24de	182655107	182666948	rev	UWB_Cisp0
chr4	184109627	184114237	3f7130e8-251f-4a37-ae0d-dbfcaeefc7c5	184099631	184123642	rev	UWB_Cisp0
chr4	184985717	184986970	cb9da4be-f10e-4221-90da-0cf8ec8f2177	184985202	185014032	rev	UWB_Cisp0
chr4	185795560	185801287	4b149f22-0afb-489f-b58b-97c94be58f9e	185795555	185808163	fwd	UWB_Cisp0
chr4	185932004	185935754	27614380-5a23-42ba-8e6e-e3b27a109cd4	185922014	185948271	fwd	UWB_Cisp0
chr4	187829459	187839052	798f3139-0b50-4795-87d5-cb56aa3fae54	187828942	187842939	fwd	UWB_Cisp0
chr5	1561239	1563185	3ede427c-b357-478b-bd90-aa3b75b76aa7	1540580	1566326	fwd	UWB_Cisp0
chr5	2027666	2034532	5ac92fb4-4a49-4afe-8ca7-e78c94670750	2022177	2036498	rev	UWB_Cisp0
chr5	2973524	2978564	1d631712-01fa-4063-8274-68b697671e78	2973519	2996080	fwd	UWB_Cisp0
chr5	5159064	5160406	db746a90-ec5c-42b7-8054-fbd667a3a557	5159059	5165738	fwd	UWB_Cisp0
chr5	5162799	5165728	db746a90-ec5c-42b7-8054-fbd667a3a557	5159059	5165738	fwd	UWB_Cisp0
chr5	7401331	7404787	3d2d6df9-7298-49c9-afaf-7f99c602cd2a	7386295	7404792	fwd	UWB_Cisp0
chr5	8406562	8413419	fbc284f6-dacb-4068-9e4f-9fad5a941320	8401934	8424930	rev	UWB_Cisp0
chr5	9344065	9348574	bf08e346-3374-48f8-9118-0a9d161d32c6	9344059	9354075	fwd	UWB_Cisp0
chr5	9475030	9482590	9fdc347d-07a9-4995-8551-a18909406c6b	9470844	9482640	fwd	UWB_Cisp0
chr5	11694566	11698481	82b4e768-862f-415a-9acc-992b813c27f8	11691054	11699166	fwd	UWB_Cisp0
chr5	13573682	13574928	dc55519c-d5c8-4b4b-a404-c909bc9cb22a	13573677	13583915	rev	UWB_Cisp0
chr5	17433229	17440488	a2d75382-f12a-4ab9-b612-a1af7a625423	17426390	17440547	fwd	UWB_Cisp0
chr5	21048248	21053719	48fe261c-9f13-4e49-8d38-23aedc2635e0	21040093	21053733	rev	UWB_Cisp0
chr5	21676595	21681442	c88c64c9-2dc3-4d82-9bff-72f6c299e9bd	21676583	21685019	rev	UWB_Cisp0
chr5	23083447	23088574	32b81a85-65ae-4274-a58f-329bd3a018bc	23077369	23089374	rev	UWB_Cisp0
chr5	23391677	23394479	6babc3c7-0aac-46c3-82cb-936eb0c69ac4	23385850	23395815	fwd	UWB_Cisp0
chr5	24960779	24964598	d4ebd3f5-f20f-4125-ae36-8f64a0ae894b	24960771	24970387	fwd	UWB_Cisp0
chr5	27462037	27467475	982a83ca-8336-4a13-bc60-62aa44a23098	27461260	27472447	fwd	UWB_Cisp0
chr5	28254896	28258974	8734bbc0-81e6-4d37-9206-7624a2b12aeb	28254816	28262944	rev	UWB_Cisp0
chr5	30002243	30003790	20200fe8-e9c4-4b87-b7e5-0b0522989081	29994407	30006725	fwd	UWB_Cisp0
chr5	31649070	31655767	399117cd-ca9c-481e-98d8-b9c8082a8c1a	31648140	31666596	fwd	UWB_Cisp0
chr5	32868243	32871994	0bfa1282-93c2-4491-abb2-cd1135c5701f	32862529	32875930	rev	UWB_Cisp0
chr5	33203632	33208511	a8e85ac1-09eb-4b21-b264-2a11bead0306	33203627	33216471	fwd	UWB_Cisp0
chr5	33332108	33335243	f762097d-31f5-4dc7-ade4-c0c7dbc38336	33332104	33339020	fwd	UWB_Cisp0
chr5	33497415	33499005	545a1413-0f94-4dc9-b93a-d6e88dc2ff41	33497406	33521258	fwd	UWB_Cisp0
chr5	34078721	34080964	10aa8550-8458-49f9-afb6-15a26f1aca20	34078711	34090842	rev	UWB_Cisp0
chr5	36491984	36493758	756ef70d-60f8-41fb-bb48-055ab4ad60a4	36491977	36514379	rev	UWB_Cisp0
chr5	38045946	38047044	6541cb19-5be3-4c19-b65f-4ad2f5583570	38034315	38047048	rev	UWB_Cisp0
chr5	38651920	38655851	ab3f9dee-2d3a-4711-9f74-9f2c8562fda4	38651916	38675408	fwd	UWB_Cisp0
chr5	40172575	40178616	38d6adb4-c0c2-431d-b30a-43822ae92492	40172569	40187832	rev	UWB_Cisp0
chr5	40826416	40834702	c182a6dc-c325-4299-9ff3-55305185102e	40817989	40837817	rev	UWB_Cisp0
chr5	42001625	42002923	dab4c4fd-e3f4-450f-be2b-c4031e41041e	42001618	42015903	rev	UWB_Cisp0
chr5	43508693	43509876	d824e846-5320-41bb-8244-73fd229cae02	43496965	43511589	fwd	UWB_Cisp0
chr5	43686648	43691852	e11657e6-0473-446e-abf2-cd733773db06	43683111	43698546	rev	UWB_Cisp0
chr5	44140360	44143497	4967b443-42e6-45b4-98ee-1b3806cb7509	44134376	44143501	rev	UWB_Cisp0
chr5	44568946	44570283	74e421a8-7c21-4497-b0e2-d9d7faeed846	44560575	44570293	fwd	UWB_Cisp0
chr5	44766584	44770704	a1b8db74-97a4-472f-a153-e4d636ca6d18	44760717	44770714	rev	UWB_Cisp0
chr5	45541510	45542628	84b5ede9-b968-43f6-b25a-a4250f9d77d5	45538028	45553644	rev	UWB_Cisp0
chr5	45802704	45807364	cd2d832f-d0c9-4293-a398-5419acaf9630	45799024	45808243	rev	UWB_Cisp0
chr5	49656281	49657792	b75c9ab1-058b-4841-8ebf-80de189f128e	49656261	49661871	fwd	UWB_Cisp0
chr5	49657987	49659701	4d3cdf72-f618-4a84-b327-e17076266c4f	49656261	49661679	fwd	UWB_Cisp0
chr5	54388164	54389579	76f6a01c-eea3-49f0-a62f-784f84b94e78	54388160	54401055	fwd	UWB_Cisp0
chr5	55455879	55465271	457fc0eb-0301-482f-ba2c-a473fdec077b	55451487	55471018	fwd	UWB_Cisp0
chr5	56133530	56154263	f4c43f90-127f-472c-85c4-70a6cf62874b	56131475	56154300	rev	UWB_Cisp0
chr5	57419187	57422499	3dd6d528-67ac-40c3-95b2-213e29a7c3a4	57410861	57431413	fwd	UWB_Cisp0
chr5	57444403	57446452	b1eb8ea8-56d8-4a4b-89ee-8942a484d5f5	57437354	57446456	rev	UWB_Cisp0
chr5	62880162	62883275	24697b4e-2cea-451b-b9f9-4f3f1dee515b	62879938	62891618	rev	UWB_Cisp0
chr5	62905993	62911014	b6565b15-5b49-4da2-a322-d8c4929146b0	62896411	62916996	rev	UWB_Cisp0
chr5	63677486	63679722	c734b249-4ccf-4ba6-a4cc-da33696fce7e	63666215	63686787	fwd	UWB_Cisp0
chr5	63762425	63766666	e88e0df6-e335-4dc2-a48e-34f78acff50b	63762411	63775448	rev	UWB_Cisp0
chr5	66304813	66310819	c096c19f-459f-4b08-b532-4835356b0632	66302043	66311337	fwd	UWB_Cisp0
chr5	66568585	66570370	73976fcd-8978-4a7c-8ff4-3cbac6f34eae	66555747	66570376	fwd	UWB_Cisp0
chr5	72677591	72679707	fc8a878c-1441-4d3e-a3ce-08ba8a619f62	72676680	72683456	rev	UWB_Cisp0
chr5	74837533	74840555	f0c86dee-4680-46c4-bc46-457b970d26f9	74827594	74841282	rev	UWB_Cisp0
chr5	77012581	77019838	8b1d6192-2a68-4253-ad77-9a798c0861a8	77012572	77021734	rev	UWB_Cisp0
chr5	78133962	78144989	abc0977c-e70f-4059-b53e-cf6181b8bb70	78128541	78145000	fwd	UWB_Cisp0
chr5	79604588	79606598	57d82b06-de79-4ffc-9e3a-864bffd9fc8c	79590615	79606602	rev	UWB_Cisp0
chr5	80315301	80321903	60861d17-ed3f-4477-8a0a-9a11413733b8	80314211	80330817	fwd	UWB_Cisp0
chr5	82912239	82915475	db7f9e81-b0e5-4ed1-a870-f0a96a576090	82908170	82917847	fwd	UWB_Cisp0
chr5	84646155	84648066	0c43b0c3-94fb-424a-8aef-8486b9c63fd1	84641712	84669544	fwd	UWB_Cisp0
chr5	86054598	86075855	21acd486-80b0-489d-b838-842988f1e112	86047771	86075859	rev	UWB_Cisp0
chr5	92589002	92595616	d4e7ebf3-04cf-4037-8bf1-d60c42b7faae	92588929	92604658	rev	UWB_Cisp0
chr5	94463070	94466570	8145eee3-a07d-4589-8282-990a65e76fe1	94459960	94482823	fwd	UWB_Cisp0
chr5	97480410	97483070	64894101-914b-4ea5-a572-3faa08e160f4	97470126	97492511	fwd	UWB_Cisp0
chr5	97510237	97513073	3d02a276-7e70-489b-81e6-0c34a1633a21	97499255	97514330	fwd	UWB_Cisp0
chr5	99622255	99627468	2c7eaad5-c2ca-42a8-9fd7-78a274117f27	99617667	99627814	fwd	UWB_Cisp0
chr5	101443436	101449780	6de0647a-2610-4ebd-9ad9-0c7bfbc41a1f	101439801	101449785	rev	UWB_Cisp0
chr5	102835902	102840223	4c50a1f6-5f35-45d6-a353-246ec67dd7d1	102835894	102845341	rev	UWB_Cisp0
chr5	105096905	105098339	8d911fe8-229a-44c6-86be-38fa30b453c5	105092172	105098347	fwd	UWB_Cisp0
chr5	107722396	107725317	a7ad0eab-347f-49e4-a71e-2c657698918c	107716042	107725321	rev	UWB_Cisp0
chr5	108005572	108008112	4d5a82f4-2fd3-4c26-9dd7-8091149912c4	108001504	108025011	fwd	UWB_Cisp0
chr5	110455729	110458902	3ff68f4e-0275-416a-80ac-b291e465ada4	110446894	110458909	rev	UWB_Cisp0
chr5	111879851	111881024	666fa387-6408-404f-bad9-3c05e4dd79e7	111879807	111886854	fwd	UWB_Cisp0
chr5	119910788	119912074	87fbb287-482b-4be9-988d-b23d6a26b680	119899643	119912079	fwd	UWB_Cisp0
chr5	124420223	124422332	5eb946da-ccbe-447f-aab5-fa8987d68a9b	124420209	124430638	fwd	UWB_Cisp0
chr5	127996134	127997733	0e3d56aa-45dd-4740-9308-46e5ae1cc9c7	127984607	127997739	rev	UWB_Cisp0
chr5	137868730	137869899	8cbe7451-e494-4c5c-ae6b-8030bb6cc10a	137856316	137869907	fwd	UWB_Cisp0
chr5	139052948	139055061	ffdf0192-c04c-48e6-92ca-9c9d9adce087	139050704	139060552	fwd	UWB_Cisp0
chr5	141662563	141666617	e024c294-0a45-4d44-a29b-67408da5b451	141658259	141672600	fwd	UWB_Cisp0
chr5	143036430	143040258	d8fc72ad-eec2-48c9-9425-80adfb457db6	143031187	143046961	rev	UWB_Cisp0
chr5	144701326	144703186	5e74a250-eb24-4235-a1b6-87a273db0f00	144695029	144703190	rev	UWB_Cisp0
chr5	144964665	144968909	86fd0ae0-d488-48b7-84c4-ee45b7c04030	144959123	144968925	fwd	UWB_Cisp0
chr5	145391259	145397223	6b4172e6-6425-4f54-901c-3bda13a6aa5e	145391254	145405290	fwd	UWB_Cisp0
chr5	148751745	148755036	2ee8cbee-461a-4461-a847-d33046334ef8	148751377	148778198	fwd	UWB_Cisp0
chr5	148825022	148826079	1e4771f5-f3c6-4695-8f5c-d4489675b62c	148825015	148834222	fwd	UWB_Cisp0
chr5	149298319	149305640	ac4bb7a8-f7e0-47ac-9f68-f05dc56f480a	149298313	149310890	rev	UWB_Cisp0
chr5	151804385	151807944	cc833c78-00b9-44fe-9795-031f01e43aeb	151797037	151810537	rev	UWB_Cisp0
chr5	152946079	152954342	9d01f12a-7451-49b5-8fdf-0a581475fbf4	152946065	152956808	fwd	UWB_Cisp0
chr5	153305150	153307115	aedd9e48-f977-47bc-876f-c3161a6fbfea	153305146	153316298	fwd	UWB_Cisp0
chr5	153603357	153604766	43768f4f-0e81-4822-a309-d9cefb3105f7	153601431	153610893	rev	UWB_Cisp0
chr5	154668982	154671672	247ac5cf-6ae8-4422-96ba-7c38b4a26adc	154668978	154683949	fwd	UWB_Cisp0
chr5	156491562	156495957	4c1cec81-704f-40d2-9965-c578af07634a	156489709	156497988	fwd	UWB_Cisp0
chr5	158263362	158273276	329e2802-0e3d-40de-aa31-560921b2fe50	158254186	158273705	fwd	UWB_Cisp0
chr5	161073252	161074493	26769cf5-37c7-4430-a9fa-ad43962050e7	161068295	161074498	fwd	UWB_Cisp0
chr5	161150908	161160356	4750599b-1a6b-4329-9438-a10060bc27b6	161141032	161160897	fwd	UWB_Cisp0
chr5	161897113	161899305	7ab1cf4c-632b-47d7-8a29-d5726320c32f	161897106	161907899	rev	UWB_Cisp0
chr5	161905759	161907894	7ab1cf4c-632b-47d7-8a29-d5726320c32f	161897106	161907899	rev	UWB_Cisp0
chr5	162116030	162121905	b8a0ffdc-8f9b-4dab-900c-15d5824c7ee8	162115247	162130744	rev	UWB_Cisp0
chr5	167965130	167968776	c5a14ff1-32b2-4bab-abd4-cf9ea63b1cb7	167963921	167986556	fwd	UWB_Cisp0
chr5	168814599	168820881	de6f411f-9bc6-46df-9a48-01510b802753	168804089	168838554	fwd	UWB_Cisp0
chr5	169231005	169234011	28a5102c-f2df-4ff7-b070-147fbdd9ab4d	169221942	169242473	fwd	UWB_Cisp0
chr5	169915388	169921638	0bb30150-eb7c-4c0d-9b81-7c1430359c76	169912294	169923722	rev	UWB_Cisp0
chr5	172034589	172040608	61ec6a8f-2710-4368-ae67-6b2d40b61230	172024493	172043386	fwd	UWB_Cisp0
chr5	172513584	172514730	53007130-b20e-48b0-8c15-1ec9f11f7272	172513208	172522078	rev	UWB_Cisp0
chr5	175003153	175007887	9d7dea67-f276-4774-bff4-17cc0133e240	174997400	175008815	rev	UWB_Cisp0
chr5	175584715	175589448	3220af28-ea7f-4e8a-8a7e-a693fcb85067	175584218	175613501	rev	UWB_Cisp0
chr5	176117935	176121307	9a8a9fff-8d03-49d4-816e-cf06e7ca6702	176117925	176129885	fwd	UWB_Cisp0
chr5	176767246	176770285	11f93d25-0f8e-447f-a47e-367b0be70767	176760910	176771829	rev	UWB_Cisp0
chr5	177292234	177293487	91257d2d-98db-4f26-8347-9418675660f2	177292227	177311060	fwd	UWB_Cisp0
chr6	1618588	1624006	dba1cc21-0f1d-4122-9d62-2683f8729544	1616071	1624026	fwd	UWB_Cisp0
chr6	3958614	3962481	b3f6a9e1-95a4-41c6-881c-e1dc6972a37f	3955904	3964261	fwd	UWB_Cisp0
chr6	7554762	7557828	0d3f07a4-7dd5-4121-ace0-42a1c4a95356	7554214	7561968	rev	UWB_Cisp0
chr6	7977224	7979508	d35dfb4b-2686-4947-8f92-6b85fe07baf7	7970317	7979512	rev	UWB_Cisp0
chr6	7986556	7992316	af8cbf08-ffb3-438f-bbb7-af79ce70c2f0	7979595	7992320	rev	UWB_Cisp0
chr6	9584771	9589639	f020490c-f89e-49a7-bfc8-3ffbb7bb4cc0	9574356	9589644	rev	UWB_Cisp0
chr6	10634741	10639530	e5609f76-c76e-42f3-a610-c75a086ffaea	10626855	10639535	fwd	UWB_Cisp0
chr6	17421900	17423431	72f04020-f154-4d01-ae7a-5937327b3752	17421885	17427771	rev	UWB_Cisp0
chr6	17958563	17963587	6682087e-9ee3-46fb-9cc2-91983df81444	17957756	17970701	fwd	UWB_Cisp0
chr6	18185190	18186665	242d804a-4ca2-499e-8a7b-cce942b26972	18175847	18186670	rev	UWB_Cisp0
chr6	19278488	19283627	506417a4-e2f0-4d49-a504-c3233fefbabd	19277063	19285492	fwd	UWB_Cisp0
chr6	19414376	19421592	541c0925-fbf5-4418-a483-e32cddb8bc69	19414371	19429782	fwd	UWB_Cisp0
chr6	19577086	19578265	33a64a98-1ec9-4da9-8bd4-5e78ff1ed45b	19577080	19585378	fwd	UWB_Cisp0
chr6	20748734	20752745	deed7f8c-bafa-40ec-aec9-c012b3dea540	20738475	20752753	rev	UWB_Cisp0
chr6	22374006	22377696	70fcf34b-f1ab-4afb-9ea5-91831ef2585a	22368438	22384988	rev	UWB_Cisp0
chr6	25377701	25380400	45200a29-d19c-4770-8d13-f90cd6655017	25370094	25380408	rev	UWB_Cisp0
chr6	27160968	27166269	2ec7d11d-5772-4464-a828-e6a1b6c9343c	27159840	27179817	rev	UWB_Cisp0
chr6	27171140	27176804	2ec7d11d-5772-4464-a828-e6a1b6c9343c	27159840	27179817	rev	UWB_Cisp0
chr6	37595127	37598355	f39f5425-850f-4e89-b046-1ef10308c438	37593199	37598361	fwd	UWB_Cisp0
chr6	39412499	39416006	91240975-c284-4db5-bdd4-4ceb71a5c4c4	39398265	39416010	rev	UWB_Cisp0
chr6	39736193	39738672	30b71824-7fc7-409a-95ec-393643bb66ba	39736188	39748893	rev	UWB_Cisp0
chr6	40996231	41002481	22686fc9-864f-49c9-9519-573e88f319b0	40996214	41006583	fwd	UWB_Cisp0
chr6	41998860	42000066	db2c81d2-8f98-404d-b239-323908e55a3e	41995468	42007250	fwd	UWB_Cisp0
chr6	42364574	42367144	f9c2e788-df5b-456f-a0c8-603d4cfcf4e4	42364563	42370419	fwd	UWB_Cisp0
chr6	42436998	42442109	8e169db9-3f18-47fd-b865-35c41372f424	42435821	42444844	fwd	UWB_Cisp0
chr6	49410024	49414271	84f0de36-50db-49f8-a2a1-b3c63ca66558	49406882	49418787	rev	UWB_Cisp0
chr6	49446276	49450629	16fd4323-a08a-43c4-b709-0421542c032e	49446271	49456876	rev	UWB_Cisp0
chr6	50161104	50164963	7d792f2a-1382-4d08-8916-a3a2b06e8c26	50156948	50164975	rev	UWB_Cisp0
chr6	52771595	52775592	d1e6f015-bd3f-44fc-b6be-7cd8055fa16b	52766060	52775596	rev	UWB_Cisp0
chr6	54542414	54550375	cda565f5-53f9-4191-99d3-1a89536a5153	54539027	54551282	fwd	UWB_Cisp0
chr6	54696355	54697533	67c0b184-ee83-48ea-ab53-c8212e07f77c	54686071	54697539	rev	UWB_Cisp0
chr6	55603925	55612447	c961ab88-3b52-4430-81fd-c0e95593306a	55603917	55617576	fwd	UWB_Cisp0
chr6	60573709	60575707	8dc16012-c041-4944-89d4-ebba6a5cc98c	60568591	60579405	fwd	UWB_Cisp0
chr6	60777315	60782746	7a041c09-3f57-4fd7-95c8-46872b6205d6	60770385	60784159	fwd	UWB_Cisp0
chr6	60857759	60861055	48232871-800e-49bc-acc2-41a87a2f50b5	60857281	60871776	fwd	UWB_Cisp0
chr6	61883435	61886209	9afd8b84-4233-49cd-b467-026a50a36924	61877730	61889589	fwd	UWB_Cisp0
chr6	62088733	62095161	7ce0cc03-e9fd-4d61-84f6-8f0f9945997e	62088727	62099142	rev	UWB_Cisp0
chr6	62927480	62931467	eced81f8-2ed4-4bad-9ec3-5de57e7c096d	62927476	62938426	fwd	UWB_Cisp0
chr6	63029732	63037678	3dd8da40-a437-4b5a-857a-1418e681a541	63029009	63041279	fwd	UWB_Cisp0
chr6	63406946	63409550	8d6112d6-4da2-43ef-8238-bc93fd31b27b	63406893	63422919	fwd	UWB_Cisp0
chr6	65652710	65657319	4caa4a68-f055-441e-b776-093aa22ea008	65652059	65671724	rev	UWB_Cisp0
chr6	67005234	67007501	0c0f80e6-e35b-4bb5-aedf-560b245aaedf	66991458	67008582	rev	UWB_Cisp0
chr6	67979149	67984080	f6eb8f08-cc0f-42dd-96cb-4a816c359b55	67971127	67985617	rev	UWB_Cisp0
chr6	68529966	68541264	c42e1f23-7d60-4a58-b0be-44a2715b8e08	68526764	68541998	rev	UWB_Cisp0
chr6	70964723	70967043	ed0490f0-7259-42a1-a6e8-de42263df43d	70964715	70974785	fwd	UWB_Cisp0
chr6	71152572	71156770	bbfc8384-3204-44ae-ad24-99dd723c9fba	71144413	71156775	rev	UWB_Cisp0
chr6	73487714	73488798	9b96e81b-56c5-402b-a4ec-5a8c07923a59	73482485	73488809	fwd	UWB_Cisp0
chr6	74683038	74684877	663abba3-03e5-4079-8dbc-95a8c9b12321	74681210	74692400	rev	UWB_Cisp0
chr6	76224483	76229038	519830b3-68fd-482a-bdbb-03d428c3331c	76217110	76229047	fwd	UWB_Cisp0
chr6	79986656	79989587	ee1579c4-cab3-4698-94ee-138f530e7762	79986651	79999232	rev	UWB_Cisp0
chr6	81239120	81241641	d0c7f22e-0a4c-4c52-8881-9a4aa8733d1a	81239114	81248378	fwd	UWB_Cisp0
chr6	82125381	82128240	4a1adadf-0ac6-440f-a4d2-3c177ba63009	82125374	82135757	fwd	UWB_Cisp0
chr6	82809390	82816760	13c87076-bd0a-4dea-b57c-257435a11e32	82807306	82816764	rev	UWB_Cisp0
chr6	83287659	83292403	822ca1cf-d3c7-403c-9da1-ade60f3c79bd	83287152	83297383	fwd	UWB_Cisp0
chr6	84938368	84945244	08e95e12-1c76-48f0-9396-a8fd87b0f1dc	84936312	84958791	rev	UWB_Cisp0
chr6	86156276	86160345	852c59de-a7f2-4f0c-8f6a-539e8b8b295f	86147248	86160352	rev	UWB_Cisp0
chr6	86439268	86442308	980be5e3-9d02-450d-abc5-13d97230a16e	86413093	86442313	fwd	UWB_Cisp0
chr6	90764617	90769027	b7f1c3b8-08ec-4949-98e4-d746c6f471cc	90756615	90769033	fwd	UWB_Cisp0
chr6	90970091	90979487	8ef0dd5b-9cfd-4cfd-9fc5-12571abf346b	90970086	90982403	fwd	UWB_Cisp0
chr6	91844639	91854981	07778843-33de-4e0b-847b-8fd072e13d5f	91842705	91859054	rev	UWB_Cisp0
chr6	93731745	93738175	c0ab225b-0d03-4be7-9fc8-decf58667837	93718389	93743526	rev	UWB_Cisp0
chr6	97048698	97049907	f40394e5-9e97-4207-bdba-690f888cdc24	97048693	97056086	rev	UWB_Cisp0
chr6	97152472	97155843	2adcf72d-f0f2-4179-bc28-2a035aaa7f69	97148390	97155853	fwd	UWB_Cisp0
chr6	97317355	97318783	70cc2a9c-c858-4029-b34d-1d2694496d3b	97317348	97333584	fwd	UWB_Cisp0
chr6	98221914	98226032	6b85a57a-288d-48ec-a2c0-1bfd718c4574	98221904	98231834	fwd	UWB_Cisp0
chr6	100424764	100432074	47873f4c-da51-4cd3-9d1b-9a3b995c6b59	100424756	100435798	rev	UWB_Cisp0
chr6	104642172	104649298	317ca602-c91a-4c60-a746-c106b490205c	104642167	104655556	rev	UWB_Cisp0
chr6	106007161	106011160	d31f1d22-8983-41d4-9f70-7cf722ee9b71	106007144	106015058	fwd	UWB_Cisp0
chr6	109536276	109539949	0c08bb82-47fe-4dbd-93c2-c94ae953ac81	109528686	109541289	rev	UWB_Cisp0
chr6	110186242	110189069	45b65887-d628-49aa-a887-77ce89643600	110184975	110194314	fwd	UWB_Cisp0
chr6	111721597	111725301	a5b67ad8-75af-4120-ac09-62592c840f22	111716272	111726743	fwd	UWB_Cisp0
chr6	114356288	114359189	6a7025fd-3bb8-4945-a4c3-a3f2bf7b8152	114356273	114366773	fwd	UWB_Cisp0
chr6	118477764	118481272	8acf3a89-df1c-4d51-a608-2aacb0b22030	118473517	118481277	fwd	UWB_Cisp0
chr6	118907965	118912637	40abbc98-fcc2-4299-8936-9d014b3f9b55	118907954	118927694	fwd	UWB_Cisp0
chr6	119577934	119580285	65a014bd-1b31-4144-bc3c-1a7cbb4e7c93	119571963	119580290	rev	UWB_Cisp0
chr6	119833641	119838020	b6eec912-b3d9-4802-89a1-78d6716b3c1b	119830579	119840691	fwd	UWB_Cisp0
chr6	120843922	120851145	dc334129-96e2-46a5-9886-4f43b6480810	120841761	120858397	rev	UWB_Cisp0
chr6	121742713	121749469	3792c4a9-55cb-4a09-bb2e-689108fffbe3	121738637	121751187	rev	UWB_Cisp0
chr6	126001942	126004908	f6a1d6bc-619f-49a5-b1ae-b49ef03c1f88	125994030	126005633	fwd	UWB_Cisp0
chr6	127045625	127050434	15572d45-c859-4651-a8e7-222a1dc1e1dc	127042775	127051899	rev	UWB_Cisp0
chr6	129369407	129374348	1032e358-e26d-418a-af93-49518a8ec48b	129369401	129393394	rev	UWB_Cisp0
chr6	132214674	132218076	b06c3042-e8ab-4638-bb52-a54a6b308c31	132211608	132218086	fwd	UWB_Cisp0
chr6	133463343	133466009	1b73fd2e-02ab-4bc2-9775-b069eb9334e3	133455877	133466024	fwd	UWB_Cisp0
chr6	133556090	133560746	f4ee1aeb-ca44-4a22-b664-245d1001b6c7	133556083	133568306	rev	UWB_Cisp0
chr6	134133975	134142809	32488253-4493-44ea-be27-92172514ab4b	134128955	134142962	rev	UWB_Cisp0
chr6	134877785	134881809	e8bafe5c-4554-4d6f-bcc0-86407a6234c4	134877779	134885572	rev	UWB_Cisp0
chr6	136983670	136986848	1e65f6ea-de41-4dc2-800b-1266cf73ca14	136979350	136988365	rev	UWB_Cisp0
chr6	137817466	137821051	e411ebc9-6418-4a75-a7f8-9b274d3646cf	137800041	137821058	fwd	UWB_Cisp0
chr6	143143827	143147840	6b529d31-b428-42f5-840e-db20118b350f	143143821	143160001	rev	UWB_Cisp0
chr6	151004948	151006420	9bf7a552-3bcb-4f55-8dda-7046fabf3960	151001142	151016931	rev	UWB_Cisp0
chr6	152444555	152450008	4e340553-92a9-4221-bfc7-b5278b52cdd5	152443318	152456343	rev	UWB_Cisp0
chr6	160724049	160726456	d1ffbcb8-a260-41d4-a30e-fa389d8037c9	160724044	160737594	fwd	UWB_Cisp0
chr6	164184580	164186292	2eb67af9-5f28-4a69-b853-6eec3919f446	164175476	164186368	fwd	UWB_Cisp0
chr6	167002514	167009444	3ca6b736-8090-4290-b87a-2588cbfec943	166997068	167009457	rev	UWB_Cisp0
chr6	170639532	170646126	1f9a3edb-4d3b-4e9b-80bb-fbce94da07ac	170637911	170649249	fwd	UWB_Cisp0
chr7	874062	882729	0bbafe77-83fe-40bb-a1c8-ad8772a0fff8	862965	885061	fwd	UWB_Cisp0
chr7	5137039	5139746	0e1174d9-ff7c-4b9c-8bdd-f00335cdb2cd	5136500	5145354	fwd	UWB_Cisp0
chr7	5196475	5202124	a22b46fe-2879-4e7d-82d6-bd7ebfdf1d91	5195890	5207494	rev	UWB_Cisp0
chr7	12093283	12096251	399b88f0-ba11-4892-b8fe-e2a26d315ce4	12088936	12098803	fwd	UWB_Cisp0
chr7	12208112	12212923	b854b061-15f8-4ce5-86b5-1a2a9580ac5c	12208105	12220537	rev	UWB_Cisp0
chr7	22948408	22951037	7f0818ae-5803-4f32-a1a5-80cf0b920347	22940463	22952655	fwd	UWB_Cisp0
chr7	23462949	23464310	c343638f-e325-4074-9b3e-28cafc9a877a	23449518	23464320	fwd	UWB_Cisp0
chr7	25227608	25229525	711aae67-8b59-4419-aa86-660fe1910a75	25219341	25229529	rev	UWB_Cisp0
chr7	25836259	25838096	80e2c319-b17a-4aac-b98d-a51a50ee0f32	25836253	25842851	fwd	UWB_Cisp0
chr7	31710518	31715489	5546c34d-856b-42a3-8e9b-32ffeef70a4f	31710253	31733211	fwd	UWB_Cisp0
chr7	37787602	37792071	a43f05c6-6fc2-4d9a-99cd-cd5060815eb1	37783778	37792077	rev	UWB_Cisp0
chr7	40962679	40965156	5063a226-b78d-404d-8aff-9685ca416550	40956937	40981809	rev	UWB_Cisp0
chr7	41419921	41424833	34b1fa79-8ae2-41ff-a3d2-2238af9fe6ad	41413791	41424839	fwd	UWB_Cisp0
chr7	43800820	43807105	58c46c4e-22d7-4c14-9f98-e1024f8e0b27	43794785	43809930	fwd	UWB_Cisp0
chr7	45352992	45356045	d4f3d74e-a921-4b43-b1f1-1d640bf74067	45344554	45356196	fwd	UWB_Cisp0
chr7	45426501	45430055	ffd13fc4-9988-4e67-b5e8-1dd604470d96	45420327	45431160	rev	UWB_Cisp0
chr7	45759798	45761038	ae443d83-497a-4d6b-83c1-8a602ef5944f	45749278	45761045	rev	UWB_Cisp0
chr7	50975997	50982072	a061fd5e-7fa1-4140-a6fe-76965ce5cf64	50969141	50989649	fwd	UWB_Cisp0
chr7	52096579	52103652	08eb62ce-329b-465a-9505-52e394077748	52093849	52107251	fwd	UWB_Cisp0
chr7	52436722	52443513	60e443e9-09d4-4ef4-8071-62033caefe9e	52435794	52453292	rev	UWB_Cisp0
chr7	52739056	52755043	3305c9ba-dab0-4eb6-bc2a-02b5cef6b2a8	52738085	52779534	rev	UWB_Cisp0
chr7	65084106	65086720	58c80f51-8b5f-4e8c-a607-075f79bbe49b	65080086	65094065	fwd	UWB_Cisp0
chr7	65710688	65712482	5bfeea6a-7e60-463c-bc65-f4f4ef610b6e	65701569	65716831	rev	UWB_Cisp0
chr7	66445468	66453949	6c4b2c77-311f-468b-b913-4445f4b0e464	66440791	66453965	fwd	UWB_Cisp0
chr7	68069224	68073995	8748cb42-786b-4404-b3ce-09e8428bc6b7	68062538	68076999	rev	UWB_Cisp0
chr7	69855534	69859935	006e36ad-2490-48e4-9266-2a4b1537527b	69849289	69859944	rev	UWB_Cisp0
chr7	73582777	73587373	d97db9d3-ad4d-4d40-87b2-b7291803b11f	73580112	73588745	rev	UWB_Cisp0
chr7	74480252	74482367	2b6b73f7-f87b-4570-b00c-84c9f1a7722d	74474838	74485345	rev	UWB_Cisp0
chr7	74727894	74729639	d02c98db-d013-4e85-815d-b7a610f697e6	74722668	74732021	rev	UWB_Cisp0
chr7	76964575	76966809	372a5238-0537-46b3-a1bf-240155271155	76943354	76966816	fwd	UWB_Cisp0
chr7	78432916	78438140	9130e68f-4e55-4800-98e2-52b0fe6c9d17	78421576	78438446	fwd	UWB_Cisp0
chr7	84253707	84257835	dc6fed81-4cfe-416c-8a97-ef89265bd92d	84253692	84260861	fwd	UWB_Cisp0
chr7	86864273	86867892	fdc92eee-2312-43b1-ae3f-63b29b30ad8f	86855472	86867909	fwd	UWB_Cisp0
chr7	90309724	90313495	f1c1fc08-5658-4169-acd2-4f776784f33d	90309718	90318968	rev	UWB_Cisp0
chr7	91818431	91826994	f6e23bc2-4f36-44fc-85f1-6442046de4de	91814986	91834412	rev	UWB_Cisp0
chr7	94078746	94080246	4309683a-531d-4260-8c81-139ac1b381d3	94067676	94082547	rev	UWB_Cisp0
chr7	96151099	96159304	24dd5567-08ed-4f97-8abc-22e4cd313a97	96146199	96159308	rev	UWB_Cisp0
chr7	97836670	97840167	520ca6c5-c319-466d-ba3b-e9b214a793a2	97834115	97842092	rev	UWB_Cisp0
chr7	99152129	99155841	31f9c158-a332-49ce-bfb4-a28e4e35729e	99145243	99170127	rev	UWB_Cisp0
chr7	100489585	100491706	38c61321-75a3-49e2-8db9-ce886dd942bf	100485202	100505488	fwd	UWB_Cisp0
chr7	100767531	100770781	7bf46b2c-bd11-4131-89eb-17e92283b92e	100758934	100779745	rev	UWB_Cisp0
chr7	102161647	102164002	a69d0f05-c5f2-43c9-956a-76d88977c1c7	102157243	102170269	fwd	UWB_Cisp0
chr7	104105190	104106719	ea8dc686-e690-445b-8884-a2531375d743	104084378	104106728	rev	UWB_Cisp0
chr7	105559690	105565381	ed6d4f43-e070-439f-9cac-f73f606db1cd	105556289	105565386	rev	UWB_Cisp0
chr7	105874514	105876854	35fece19-63c4-489a-85f0-00f60c0c76f3	105869548	105883311	fwd	UWB_Cisp0
chr7	106087737	106092354	0fa01102-d39d-45f3-9abe-0c701f19515d	106081416	106092364	fwd	UWB_Cisp0
chr7	106725720	106728568	df693288-9fb0-4e40-913a-20527c0ba753	106724537	106753807	fwd	UWB_Cisp0
chr7	107112450	107117090	66e300a5-6c9b-4ef6-8058-ebf832284ce1	107103353	107117103	fwd	UWB_Cisp0
chr7	107575433	107580151	74c92f18-9660-4101-9d45-72f7426c601f	107575428	107590436	rev	UWB_Cisp0
chr7	109418150	109423188	1e7cc7c2-8e17-41c1-a321-d00644403dfe	109411269	109423193	fwd	UWB_Cisp0
chr7	109953948	109955046	806959a7-93d1-4abc-95ee-dd48fc39d6b4	109953940	109962903	rev	UWB_Cisp0
chr7	109963806	109968077	30837178-3f60-4893-a736-894a9af9698b	109963801	109973580	rev	UWB_Cisp0
chr7	110961010	110965111	a3ecc3b7-5f35-492b-9ec9-ea242285e32b	110961005	110967349	fwd	UWB_Cisp0
chr7	115403473	115407283	bf7c6603-98ef-47eb-865c-617b03d45891	115403467	115412084	fwd	UWB_Cisp0
chr7	116064787	116073925	77ee36aa-39be-426f-9348-38cd3e7381f0	116064777	116088610	fwd	UWB_Cisp0
chr7	117054118	117062944	4a669271-c1e1-4f79-b853-ab3d3739a226	117051823	117062954	rev	UWB_Cisp0
chr7	117378188	117379809	19bd018d-3fc7-43be-86c9-d741dd1270ee	117366585	117379817	fwd	UWB_Cisp0
chr7	117804299	117808780	56e8fbd5-5286-437b-8611-09d70689c6e1	117797063	117808787	fwd	UWB_Cisp0
chr7	118412755	118416841	6dcb89ec-e154-4fd5-b298-3dc0d5877391	118404856	118416873	rev	UWB_Cisp0
chr7	119883009	119886058	7d36c0cb-d0e0-4eac-9eff-f92991a35daf	119877977	119886585	fwd	UWB_Cisp0
chr7	120016603	120020369	60bebd10-68fb-412b-a52d-9c1d6d2d56d2	120011832	120020374	fwd	UWB_Cisp0
chr7	120153648	120155475	181ab05a-544a-493c-965d-cf000ea33698	120153643	120177736	rev	UWB_Cisp0
chr7	120162580	120172173	181ab05a-544a-493c-965d-cf000ea33698	120153643	120177736	rev	UWB_Cisp0
chr7	120903646	120905068	eb6c8c5c-aad0-414f-bac9-6b833c2adb3b	120892169	120905072	rev	UWB_Cisp0
chr7	121040809	121044691	0c2bc1ef-8961-491d-bb9e-2022d31d5708	121029086	121045028	rev	UWB_Cisp0
chr7	121333463	121335783	8f01bcc2-eb09-4d38-a546-77c684a531e2	121333329	121343015	fwd	UWB_Cisp0
chr7	125189233	125191205	a33d0740-2901-4b49-869f-2aac5d278d9e	125183389	125191238	fwd	UWB_Cisp0
chr7	125637664	125641918	9be1f8fd-e6d6-4dbd-80e1-6ebfb44af0d1	125637614	125645312	rev	UWB_Cisp0
chr7	126754009	126756225	b2f086fa-59d9-4617-8875-ad8e67490ec2	126753991	126759701	fwd	UWB_Cisp0
chr7	127314474	127327244	8fdfc53c-e5d0-4aff-8f3c-49391611ec6a	127306626	127338338	fwd	UWB_Cisp0
chr7	128532151	128533823	2ece47cd-d358-45e0-808f-84a7b8f21bac	128520831	128533833	rev	UWB_Cisp0
chr7	129286180	129295610	737cd5c1-f178-49c2-a045-b3fe4310a695	129280878	129295615	rev	UWB_Cisp0
chr7	129330980	129335845	157cbd85-d3bf-4efb-8fe5-e56d5f4eb720	129330973	129340516	fwd	UWB_Cisp0
chr7	129964477	129967238	a49cc4cd-22c9-4f16-b1a7-8cd7c9e9d1dc	129964472	129970773	rev	UWB_Cisp0
chr7	131430208	131431317	35ffceb3-2a30-450a-89f0-bab71b2cc9af	131423724	131435971	fwd	UWB_Cisp0
chr7	134600524	134606552	ff29e87b-e4b7-427e-baec-c05e240300d3	134594815	134610961	fwd	UWB_Cisp0
chr7	135265508	135273494	6f181a50-7c0f-4164-8a04-c7f72ba1faee	135265499	135281189	fwd	UWB_Cisp0
chr7	137189414	137193000	ed20ef4b-cbd4-4d98-91bb-e760df1791b9	137187301	137199814	fwd	UWB_Cisp0
chr7	138634479	138644535	83a0e98d-4578-4875-ab3d-c5515c93e88b	138631970	138647526	fwd	UWB_Cisp0
chr7	138962531	138965886	677ab7ef-3e17-44a9-886e-94b9b779dd2e	138962523	138969975	rev	UWB_Cisp0
chr7	139310247	139312898	b7ba9126-155b-4848-a6b0-b3a4771e1bd7	139299690	139312904	rev	UWB_Cisp0
chr7	141580054	141584493	6644e9a7-411a-4f8f-8c63-fbb35301be71	141574225	141584500	rev	UWB_Cisp0
chr7	141977453	141982287	fd299951-4a2d-450f-bb5a-a69b1c78496d	141964025	141987435	rev	UWB_Cisp0
chr7	142665255	142667783	290c2237-7f1a-4c69-9b30-06f3d04667ec	142660144	142676747	fwd	UWB_Cisp0
chr7	144137307	144139521	e96fdafd-94b9-4328-ab38-52ee7ac8cf18	144135722	144147824	rev	UWB_Cisp0
chr7	145087238	145091135	13dbc44e-e94c-4d84-871c-050e9416fce2	145072247	145091139	rev	UWB_Cisp0
chr7	145515969	145519799	6e514b85-f2a8-4e74-a85e-d72435f069a1	145515964	145526758	fwd	UWB_Cisp0
chr7	145577354	145578909	75940020-e425-4185-9404-6621d4425617	145568197	145578914	fwd	UWB_Cisp0
chr7	145586108	145593160	a1ef08fc-2733-4e44-a660-d2d33fd3279d	145581378	145593167	fwd	UWB_Cisp0
chr7	147519273	147523909	5b7f11b6-2253-4e84-917a-0bbeccf2fbdb	147516720	147530742	fwd	UWB_Cisp0
chr7	147824226	147842519	447825f6-6bc7-4c0f-88b3-c3300fbf58fe	147820650	147842524	rev	UWB_Cisp0
chr7	150461249	150463605	985785bc-e8f9-405e-8b4a-120d5bd90b1d	150453452	150463611	fwd	UWB_Cisp0
chr7	151051881	151053024	30ab3ce2-46d6-4fd4-8f16-5dff762c0360	151051024	151064478	rev	UWB_Cisp0
chr7	153652178	153655238	ad001865-61c0-4acd-a07b-ba4d5d54c9a7	153648009	153659685	rev	UWB_Cisp0
chr7	154847127	154848203	bc24e3a2-213b-44c6-a86c-0779aeb2eb1b	154846260	154854735	fwd	UWB_Cisp0
chr7	155650440	155654040	a434e3e8-5b68-423a-920e-0eb521d8b088	155645998	155654045	fwd	UWB_Cisp0
chr7	158024794	158034370	f6af30f6-76b8-48d2-8682-b5f51fff2d93	158008977	158045418	fwd	UWB_Cisp0
chr7	158947485	158952670	b9219203-c5fc-4808-9219-fd292c1e210b	158924254	158952677	rev	UWB_Cisp0
chr8	24364143	24368841	68d35bf0-ff29-4943-b852-5e1b9b75cf0e	24352589	24370958	rev	UWB_Cisp0
chr8	28105350	28111448	c37849b3-392e-4df6-8b8c-c9f141ad67a3	28096993	28122084	rev	UWB_Cisp0
chr8	30628454	30630257	58449146-c900-4709-9524-601d74f770f5	30623486	30632043	fwd	UWB_Cisp0
chr8	33440732	33445690	a3c33589-013f-48c2-aae4-2397bda36bb7	33440725	33449933	rev	UWB_Cisp0
chr8	35018351	35020530	32245596-e000-4556-91e0-5d5f016382a4	35005786	35033284	fwd	UWB_Cisp0
chr8	36159708	36165355	beaeeaee-ba26-4697-a7ee-dd8809f0262a	36152390	36165494	rev	UWB_Cisp0
chr8	36487306	36491278	fbfece9a-8e5e-4ca9-b746-6abab6d55217	36479861	36491286	rev	UWB_Cisp0
chr8	36897172	36898268	f04e9c4b-d813-46b5-95de-76f901602263	36883215	36898276	rev	UWB_Cisp0
chr8	38175521	38178691	a05c4b9c-339d-4443-891c-e55948425876	38161052	38178696	fwd	UWB_Cisp0
chr8	49080126	49085101	a3152c0c-f869-4ad7-8e9f-e74a58fc61f8	49075937	49090484	fwd	UWB_Cisp0
chr8	51465484	51466888	374a33c0-b6d1-4822-93f9-3f3d0fb6987b	51465477	51480269	rev	UWB_Cisp0
chr8	51597105	51598652	f8d30228-85f3-4d45-9c10-23774518a9e9	51594883	51616463	fwd	UWB_Cisp0
chr8	51727502	51734995	06153736-6122-489c-980b-8dac8df8407d	51725691	51753220	fwd	UWB_Cisp0
chr8	52803965	52807676	5f8d2754-b2fc-4b3e-b350-c2c085c1cc58	52800737	52812616	rev	UWB_Cisp0
chr8	53392732	53396164	9b2693cf-bb7b-4244-9f07-446ca934cc28	53392727	53401479	fwd	UWB_Cisp0
chr8	55444903	55449834	5b95a16c-3bb4-40c8-8c69-42c9cb7d178a	55440636	55456288	fwd	UWB_Cisp0
chr8	56015780	56019163	2f01e833-3fcb-4270-b5dd-fd55b8e7659b	56007340	56019170	fwd	UWB_Cisp0
chr8	56783042	56786855	84a82444-08cf-489f-ae4e-542548063ec4	56768590	56790763	rev	UWB_Cisp0
chr8	58653134	58656053	674f7508-aa57-4696-bbd2-4468ddcfb73a	58653119	58660454	fwd	UWB_Cisp0
chr8	59504906	59510320	d6868b4d-9c27-4afd-af31-6b88b45870a1	59504444	59520401	rev	UWB_Cisp0
chr8	60346488	60353083	cd5ababf-76e8-4c4a-bbde-ae2ce8bfbf81	60346473	60356670	rev	UWB_Cisp0
chr8	60926067	60931044	40f87ccb-481c-498c-b6e4-b3fd2c4d628b	60926061	60938274	fwd	UWB_Cisp0
chr8	61273110	61276502	22c820bb-0bb2-4446-b0bb-2e40ebc7e12a	61270945	61288223	rev	UWB_Cisp0
chr8	62410960	62412999	e7fb38c4-1e13-433b-b0ec-106dfcad23dc	62403466	62413536	fwd	UWB_Cisp0
chr8	62793840	62794856	9ceb41d1-2f23-4343-8aec-c12d4ae13664	62787254	62798657	fwd	UWB_Cisp0
chr8	63684574	63690782	c0e51e9c-438c-4017-aba3-1d6c288f372b	63683721	63702862	rev	UWB_Cisp0
chr8	63934417	63936296	7570da30-8c28-430e-8370-17d5c7585f4c	63934413	63949005	fwd	UWB_Cisp0
chr8	64827567	64831131	67ad163d-121a-4d23-85dd-9253b1a593e2	64819123	64831136	rev	UWB_Cisp0
chr8	67148699	67151276	69e1e111-7edd-41f6-ad56-8fd2c9fe871a	67146724	67155974	rev	UWB_Cisp0
chr8	77206668	77210192	a44056c8-512c-4be5-9881-0e2422e37d78	77201728	77213358	fwd	UWB_Cisp0
chr8	77943062	77944608	81152a5b-3e63-414c-8dea-ecc6d5eff4ae	77931872	77947039	fwd	UWB_Cisp0
chr8	78668466	78686269	a15d1f44-583c-4b9c-8e08-c46cd5778355	78667707	78689448	fwd	UWB_Cisp0
chr8	79490068	79496633	935ed556-fafd-4a3b-bd9b-596fcfaa4347	79487292	79507540	fwd	UWB_Cisp0
chr8	80779343	80783597	fe420c4b-9c74-438d-acd5-63f513084880	80770407	80793747	fwd	UWB_Cisp0
chr8	81957430	81959067	d16289f2-bb27-4fa3-b3a9-9a10230fd910	81953039	81959076	rev	UWB_Cisp0
chr8	83067576	83070932	2ada3afe-398d-43b6-b4a5-d2999cce6831	83067571	83079053	fwd	UWB_Cisp0
chr8	83769493	83772078	60f34993-6221-409f-8443-436b6fde71c8	83769483	83778233	rev	UWB_Cisp0
chr8	83927421	83935628	a16ea83b-df0d-4b87-afd8-b8cb18df1e25	83921362	83935634	rev	UWB_Cisp0
chr8	87080361	87084328	c19edcd6-ce25-4856-8a6f-7e575f68fec6	87080352	87093252	rev	UWB_Cisp0
chr8	87473313	87477961	2fcc7903-bde2-4474-80f1-439e488f7d3f	87473309	87482622	fwd	UWB_Cisp0
chr8	88237812	88238923	8f529a6e-bb0e-4d3d-bb3c-57af02e8820b	88237806	88243082	rev	UWB_Cisp0
chr8	90135157	90138966	07975752-b671-45a2-b928-2abf64a88d14	90129055	90138970	rev	UWB_Cisp0
chr8	91001191	91008611	8271257c-1c7d-4512-98fa-aff308dc4a93	91001185	91011851	rev	UWB_Cisp0
chr8	91748644	91750312	2b949a2d-2329-406f-a546-3dcc28d65bb3	91748424	91755144	fwd	UWB_Cisp0
chr8	92423477	92427653	d9233b1f-053f-4ba3-93a8-a2e8898d9e2f	92421004	92427658	rev	UWB_Cisp0
chr8	93738548	93741517	9cc05b61-72d3-4098-8bcf-3eb7e462c948	93737235	93747766	rev	UWB_Cisp0
chr8	94344777	94353667	73e668d2-020e-4c8b-9b87-53376b39cbc2	94341886	94353672	fwd	UWB_Cisp0
chr8	95155321	95159361	781ee01c-0e1c-4784-9d64-7b0a29a13ed1	95149451	95160518	rev	UWB_Cisp0
chr8	98371164	98375320	64817974-f795-4015-b593-ad63b925436f	98356452	98375324	rev	UWB_Cisp0
chr8	98694341	98705040	bb4780cf-0897-4472-8cd0-4c92df4ccf88	98692321	98705046	rev	UWB_Cisp0
chr8	99071911	99077765	b10de97f-f38f-4a89-9353-92540b0603dd	99059120	99081554	rev	UWB_Cisp0
chr8	99676461	99680240	fd29f0ad-309a-4c37-85df-e3c29fc926f4	99676447	99686144	rev	UWB_Cisp0
chr8	101310013	101312098	81f8487b-a6a9-473f-adfb-0d1950b442ce	101302800	101315351	rev	UWB_Cisp0
chr8	101349922	101356592	4b4b0b40-c604-48c9-8818-41d60366a854	101347254	101360182	fwd	UWB_Cisp0
chr8	101951814	101953570	28673642-daa1-4327-a548-976ac78c1da0	101945150	101954557	fwd	UWB_Cisp0
chr8	102941104	102945832	b1a9c1af-0d1a-4bd9-9fe2-a737dec34274	102938846	102956470	fwd	UWB_Cisp0
chr8	103433121	103436361	373ca3b2-366a-4fff-85d4-01aaf9e52850	103427874	103436369	rev	UWB_Cisp0
chr8	103706712	103710400	36bbdf37-8a5f-405e-9b69-c577f6e2ce6a	103698645	103710408	rev	UWB_Cisp0
chr8	104281817	104283811	1e29edb3-18c4-4d35-9118-576e1fa62f56	104277428	104289449	rev	UWB_Cisp0
chr8	104350374	104356895	17c5a49b-9692-42b2-a408-6c95ce10c32a	104350118	104370637	fwd	UWB_Cisp0
chr8	104837340	104839381	9fa0bce6-1fe6-4afc-985d-fc66ab2de3e6	104825694	104843067	rev	UWB_Cisp0
chr8	107240425	107242729	b2dd8a5a-a08c-4b1d-a3ee-1cb274c3e97e	107240419	107247862	fwd	UWB_Cisp0
chr8	107914819	107916124	6f2b9516-0b25-4510-9c8e-95e8b90e401b	107909354	107916129	rev	UWB_Cisp0
chr8	108899038	108900084	1d646a48-bca5-48a4-977c-5891fed40b37	108899031	108913737	rev	UWB_Cisp0
chr8	108920945	108925190	67c4dcb6-6ea3-46ea-be1d-db2e60a2370f	108909390	108925194	rev	UWB_Cisp0
chr8	109696698	109700291	146919b9-ad04-485a-a5ce-8db5869a37d5	109693890	109711066	fwd	UWB_Cisp0
chr8	113401113	113404154	5bf7ebef-a5f2-451e-b36a-6de89d1a0a07	113397669	113411153	fwd	UWB_Cisp0
chr8	116904684	116909300	c9cb4082-a012-4946-81e9-8f61cfb22a40	116899470	116909403	rev	UWB_Cisp0
chr8	117653121	117660246	d4542027-3686-4ff5-8c85-6d4c79076d65	117652534	117666055	rev	UWB_Cisp0
chr8	118327639	118329578	c42b1eac-479a-4e27-8af1-8645b8588c19	118322761	118329591	rev	UWB_Cisp0
chr8	118342404	118344197	dc5098fe-ad1e-4bef-a821-ffee4bcfdc1f	118332840	118344378	rev	UWB_Cisp0
chr8	120136508	120140578	a0b72ed8-833e-474d-a05b-61fcbbccd346	120133531	120142607	fwd	UWB_Cisp0
chr8	121204902	121206155	f1b55354-0d66-4809-ab09-043ece06c263	121186031	121206161	fwd	UWB_Cisp0
chr8	122701495	122706136	5ed3b4e4-091b-476f-a877-8799503ca2e0	122698786	122709100	fwd	UWB_Cisp0
chr8	122973548	122974781	a4f1ec4e-3812-4294-9fa5-3ed6b721ec9d	122968571	122979871	fwd	UWB_Cisp0
chr8	123226231	123229523	6bd2b90c-c7c6-414d-9ca2-f79417151dcb	123221306	123238994	rev	UWB_Cisp0
chr8	123663290	123664635	8fc8ad04-eed2-4c10-88e7-b436d8d7c4d5	123651620	123664646	rev	UWB_Cisp0
chr8	123746821	123747998	32b9aa6f-e7a3-43c2-af5d-861c423d64eb	123728357	123748004	rev	UWB_Cisp0
chr8	125036771	125042312	68b790e6-4862-42c5-9a57-8a877cfe16c2	125021023	125043242	rev	UWB_Cisp0
chr8	126565779	126575368	0e4945e1-56f4-45e7-ad35-d2aca2cdf436	126562432	126590256	fwd	UWB_Cisp0
chr8	126627854	126631782	378b2cb1-c9ad-4ba1-9e3d-624634a9c10d	126619069	126631787	rev	UWB_Cisp0
chr8	126876515	126877710	914ccfb1-555f-482a-86c9-edc7625f9ff7	126876510	126884024	rev	UWB_Cisp0
chr8	127473603	127476044	8473c623-b5b3-498e-88fc-8c032a048a5d	127469892	127478883	fwd	UWB_Cisp0
chr8	128008764	128012511	c83c5675-268c-4094-93b5-e3a19f0d6a65	128007469	128036898	rev	UWB_Cisp0
chr8	128039134	128040997	c4b51f3a-c2dd-453c-8f84-b583cf611941	128039129	128052403	fwd	UWB_Cisp0
chr8	128945389	128947394	ec44e1ec-9fff-46fe-8abf-7e3ded74c351	128942049	128963259	rev	UWB_Cisp0
chr8	130274153	130276455	79c54890-a081-46d0-8ed2-fa6e1267fe9d	130267950	130276461	fwd	UWB_Cisp0
chr8	131307576	131311507	2d8c1f49-0b03-4da4-828f-a2177975c60b	131307572	131315174	fwd	UWB_Cisp0
chr8	131739460	131743378	6acf86d9-b611-40c1-916c-9dd09eaa4fa9	131739454	131750923	rev	UWB_Cisp0
chr8	132614173	132617711	641e3ae0-00ea-4eef-882d-2ca8b846e506	132611512	132619599	fwd	UWB_Cisp0
chr8	134449935	134452461	b04a6f3c-0ebe-4d72-bd9e-a84c66b45e9e	134445333	134452467	fwd	UWB_Cisp0
chr8	135944755	135948603	e0660f44-ea01-4a49-ba67-6b218dd2377c	135934228	135949525	fwd	UWB_Cisp0
chr8	137649217	137654085	4fd8e060-c4df-49b0-b4a7-62bd14a4e4e8	137649206	137659952	rev	UWB_Cisp0
chr8	139123870	139130572	226f1ff5-f8b8-46cf-8adf-3d2627d6640a	139120375	139141759	rev	UWB_Cisp0
chr8	141021069	141024446	63b0a4b3-9d5e-40fe-8e7b-bc9f59ad164c	141015420	141024460	fwd	UWB_Cisp0
chr8	144466624	144468690	99c40db0-8626-4f78-a111-d5090a849ed4	144461335	144471163	fwd	UWB_Cisp0
chr8	145009637	145015277	81eed329-0376-41dd-b3c1-66c1e0a81c20	145009632	145020050	rev	UWB_Cisp0
chr9	742996	749618	9ba89c57-4fd4-4071-9648-3b4afda3caff	739931	754937	rev	UWB_Cisp0
chr9	3775216	3780623	19e8dc0c-c46f-4ac6-b4b4-5534dcad9dc6	3775210	3793774	rev	UWB_Cisp0
chr9	5675321	5677634	4bdf27f2-3091-498b-97d3-c1a4c6532450	5672279	5687196	fwd	UWB_Cisp0
chr9	12954062	12958720	0cccae6f-0f1e-49f9-ad26-208e250e686f	12951282	12961531	fwd	UWB_Cisp0
chr9	20249154	20252064	8f03b2aa-894a-43a8-abbd-26d1ed5c17e5	20245006	20262413	rev	UWB_Cisp0
chr9	21144498	21145911	50727c49-99b4-4bfe-a636-dec849159a32	21138264	21147909	fwd	UWB_Cisp0
chr9	26406954	26408073	c5285b57-2a7c-4882-a632-c046fccfe900	26398170	26408079	fwd	UWB_Cisp0
chr9	26397760	26404172	c480ca8b-8808-41f2-9f1b-5c5ad7819212	26390633	26406196	rev	UWB_Cisp0
chr9	31794428	31797748	f4340fdf-8d8e-43ab-88c0-f275c1773d48	31784863	31803611	fwd	UWB_Cisp0
chr9	33381938	33385723	474cd03b-085e-4ca3-abd5-ea13ea8d0254	33379710	33405332	fwd	UWB_Cisp0
chr9	34462978	34466915	4eb6acbf-ff83-47c9-b46b-8eae9c798be0	34456406	34467183	rev	UWB_Cisp0
chr9	34689604	34691656	e34cd9c6-80e2-4b0c-83b0-bfa0c08f72bd	34689598	34701512	fwd	UWB_Cisp0
chr9	37816794	37818631	a0753487-1952-4a9e-974b-adff118a1cd4	37804340	37819233	rev	UWB_Cisp0
chr9	38406708	38409038	a49f075d-ad2c-4aa9-aa88-838ffef79285	38397861	38409051	rev	UWB_Cisp0
chr9	67007887	67014231	ecbcdccb-cfe4-4138-93c4-39af3d795302	67006096	67017163	fwd	UWB_Cisp0
chr9	73851291	73854049	87627f39-74f4-4b26-af20-68034fe1d22c	73839087	73854054	rev	UWB_Cisp0
chr9	75287014	75288705	4d63b3b5-b7ad-45d5-92d0-75abac14048c	75273482	75288710	fwd	UWB_Cisp0
chr9	75831498	75835662	44f48335-2c29-404f-8fa9-5b493be659bd	75822232	75839140	rev	UWB_Cisp0
chr9	77011132	77015037	30c446b6-63ea-411d-9db8-7fd8d9406c99	76988912	77015051	fwd	UWB_Cisp0
chr9	80519550	80523256	a59357ed-84cb-4e9e-bd08-f7343dfb5485	80519545	80529834	fwd	UWB_Cisp0
chr9	80743637	80753839	a00e4e12-e098-4d2d-bbe1-94c843067aed	80743632	80758149	fwd	UWB_Cisp0
chr9	84080810	84082280	b966ceb2-433e-404c-8dc5-8e8b000b7fc1	84065708	84083707	rev	UWB_Cisp0
chr9	86666334	86669127	942e130d-241d-4cf7-9fa6-8fb881f74393	86658827	86675798	rev	UWB_Cisp0
chr9	87564837	87568924	a3130ff7-475b-44bc-b14f-34df9cb16e95	87558669	87568928	rev	UWB_Cisp0
chr9	89987392	89992253	676c2e85-eb5f-4f99-bc3a-87763e1a3890	89987387	90000539	fwd	UWB_Cisp0
chr9	91007552	91012376	c69cb467-7ad4-408b-be82-3faa47d1bf5a	91001445	91018015	fwd	UWB_Cisp0
chr9	91470444	91474162	5fcdaf34-8eca-4134-b429-b433a03d551a	91463856	91474169	fwd	UWB_Cisp0
chr9	94860286	94861903	9c94c6e1-6366-4e5b-b0ae-71a97e9bdb8e	94849032	94861914	fwd	UWB_Cisp0
chr9	95377185	95379987	a1c6ac49-14ea-43dd-80b9-4f70f26ff2b5	95368829	95382352	fwd	UWB_Cisp0
chr9	98478591	98482795	e79e770e-51e8-482f-87ab-403ac8150de2	98476092	98485194	rev	UWB_Cisp0
chr9	99538159	99540910	2fd66d32-c3e7-4514-ba01-62d3d958c2a3	99529206	99540915	fwd	UWB_Cisp0
chr9	99551117	99557674	950c229a-3d87-4b3d-824c-df605f2cd598	99548945	99561290	rev	UWB_Cisp0
chr9	109605087	109607419	fdb8823a-a116-495e-a21e-33c73fdceafb	109602291	109624891	rev	UWB_Cisp0
chr9	110678216	110688246	e752f025-b363-4a2c-b333-58ac587bf79b	110671934	110688254	rev	UWB_Cisp0
chr9	110784135	110785272	cfb16547-8600-43ba-91b7-5ff05de7dc8f	110770259	110785293	rev	UWB_Cisp0
chr9	111144506	111155898	1a908850-bc9f-4723-9778-5c15144f27aa	111136348	111157035	fwd	UWB_Cisp0
chr9	115191628	115195848	dbbd21c6-2d4d-40ad-810c-15bbad06ff1f	115188967	115209609	rev	UWB_Cisp0
chr9	119029605	119034304	7c9312e6-b4af-48ed-9d68-e4a021a8e2ef	119012772	119034311	fwd	UWB_Cisp0
chr9	121045556	121051660	9d5b4977-68de-4cc7-a567-e2043c6fae52	121042459	121060240	fwd	UWB_Cisp0
chr9	121100506	121103622	fe302b22-497a-4984-a268-fb95f21e9e51	121099936	121104976	rev	UWB_Cisp0
chr9	129783638	129787652	9b4cd640-699a-4940-aac7-8958eedfb551	129778582	129787660	rev	UWB_Cisp0
chr9	129966860	129970355	5493003c-ad16-4ce0-80f0-de0d26788abd	129963616	129974115	rev	UWB_Cisp0
chr9	130594638	130599863	dd42bbeb-a2be-417f-b852-46e08e80ba11	130594124	130613166	rev	UWB_Cisp0
chr9	133021693	133025263	5e10353b-60e0-46f5-8c2d-678e2212dcc0	133021417	133045831	fwd	UWB_Cisp0
chr9	133371171	133373760	d1105790-fb24-40d4-95bd-a6435e6d978c	133367891	133378490	fwd	UWB_Cisp0
chr9	133476987	133478653	48dad958-a54f-45e6-9484-dd7e6b9ff7a4	133476980	133485318	rev	UWB_Cisp0
chr9	133484117	133485314	48dad958-a54f-45e6-9484-dd7e6b9ff7a4	133476980	133485318	rev	UWB_Cisp0
chr9	134122363	134125767	6c1a70ff-6901-4805-9fb4-c89f41660192	134116808	134125774	fwd	UWB_Cisp0
chr9	134550304	134553620	0dcb3d8f-b180-41be-8331-3958866d04bf	134540625	134555433	fwd	UWB_Cisp0
chr9	136032626	136039609	51750694-0fea-46e0-989c-177f23a63a0f	136029460	136039617	fwd	UWB_Cisp0
chrX	6431961	6435863	87b957e2-b33f-47f0-9d91-64f3beafb493	6418770	6443390	rev	UWB_Cisp0
chrX	7395110	7397487	bff8ab3e-98d6-4fbc-9fe8-0a850e76d89c	7385878	7397505	fwd	UWB_Cisp0
chrX	10562661	10564535	b8b1be77-5618-4805-bd27-bc878d539514	10562649	10589093	rev	UWB_Cisp0
chrX	12461103	12463591	e8aebb3c-00e4-417f-bda7-c15db2c3e54d	12461099	12473971	fwd	UWB_Cisp0
chrX	14732201	14733404	39948efd-e3a8-4e6d-b371-8c5dd213358c	14732195	14744178	rev	UWB_Cisp0
chrX	15326741	15327901	43c49547-5892-418d-82f0-fdc05b07a350	15324912	15335898	fwd	UWB_Cisp0
chrX	21585634	21590629	768b645e-c0d1-418e-b13c-b437a79ca9e6	21575361	21604749	rev	UWB_Cisp0
chrX	23810010	23812689	5f8b2221-a778-4f1a-b19e-e2c2635d22a9	23801758	23812704	fwd	UWB_Cisp0
chrX	24970989	24972790	9501a0f3-2b81-498b-af8d-342d327f1c3d	24970984	24980171	rev	UWB_Cisp0
chrX	26573145	26575944	656f2ac0-bea0-4a92-9a0c-d76d0677fcd8	26573140	26585466	fwd	UWB_Cisp0
chrX	26892351	26899723	20a83811-be5b-45ec-9277-f58cde4ef5de	26889572	26905236	fwd	UWB_Cisp0
chrX	29186183	29191113	ccc83b44-8b66-4f8b-992f-68ab02bb34b0	29184835	29202127	fwd	UWB_Cisp0
chrX	39278814	39287098	f17639a8-101e-4628-a86f-25b95f9eac60	39278801	39289765	fwd	UWB_Cisp0
chrX	40844529	40850073	19931801-f06f-4ce9-baae-78194150b653	40838833	40851466	fwd	UWB_Cisp0
chrX	40975902	40979462	9e6c9df1-38c3-4463-a78b-60ef46518360	40972462	40983992	fwd	UWB_Cisp0
chrX	41403067	41407921	4e4e8dc3-5885-4994-91ca-abb4494a4062	41391471	41407943	rev	UWB_Cisp0
chrX	42346546	42355383	8f4a62df-fc30-4590-9c52-3391591f4cb6	42327866	42361399	rev	UWB_Cisp0
chrX	42963370	42966277	89cd4fc9-0ceb-4280-a43c-8a039508aefe	42962185	42977001	rev	UWB_Cisp0
chrX	48342410	48344695	a720983d-2787-4b2c-8654-9e81ca579447	48341803	48350330	rev	UWB_Cisp0
chrX	63798664	63807110	2c246ff9-8878-445b-bb30-ea694b970d3b	63788451	63807121	fwd	UWB_Cisp0
chrX	67627495	67632040	b9047c05-0ef6-4d02-8c62-aeeceeab2a97	67621973	67632076	rev	UWB_Cisp0
chrX	70451635	70459285	4b45f5fe-613d-468e-b332-dc74e455d7d8	70451629	70464446	fwd	UWB_Cisp0
chrX	84129751	84137100	8f960f3a-4ca7-4f2a-bf47-4542d77bba5b	84126227	84137110	rev	UWB_Cisp0
chrX	84745333	84749453	4e4b4ad4-131b-4692-b95b-fa6c7fe1852f	84742316	84753007	fwd	UWB_Cisp0
chrX	86050700	86051801	e7b34b31-4917-4501-b0a8-3b99233dbca2	86039110	86052948	rev	UWB_Cisp0
chrX	95108129	95114631	eaaa2ec4-a952-434d-adaf-613c2864d1d4	95107391	95123661	fwd	UWB_Cisp0
chrX	95225397	95229382	fb1ad293-e056-4268-8d21-160783bf64dc	95225383	95239635	rev	UWB_Cisp0
chrX	106403080	106407434	f29ca166-3c7c-44cd-a89d-9d079648a352	106403072	106412200	rev	UWB_Cisp0
chrX	108891677	108893779	8f5c458a-06be-4dd0-9558-fde30555bf46	108891673	108901330	fwd	UWB_Cisp0
chrX	110849498	110853245	6f893408-afc7-469e-a1e8-0c9c6e583840	110825816	110854287	fwd	UWB_Cisp0
chrX	114180044	114182444	5c267637-9601-4d2f-b848-72334a973634	114172751	114185106	rev	UWB_Cisp0
chrX	117381784	117383118	010fb3bd-f43e-4cfb-9065-d2fa9a7a68f1	117369901	117383122	rev	UWB_Cisp0
chrX	117795306	117800965	bc5e39de-ca58-40f6-a354-dc2c51068089	117795301	117805369	fwd	UWB_Cisp0
chrX	118474403	118480921	ee4c1b9f-8dd3-41dc-a4bd-1bf1f7ef613b	118471150	118486011	rev	UWB_Cisp0
chrX	119353928	119361323	69dfc351-d188-47d8-a237-f0b36bb30865	119353731	119365959	rev	UWB_Cisp0
chrX	121514511	121519359	3ef85c42-288e-421a-81c0-5a897468d8ae	121514504	121528173	rev	UWB_Cisp0
chrX	129821591	129824950	bd280fb8-94d5-49fd-a0cd-4254ec0b218c	129819684	129832002	rev	UWB_Cisp0
chrX	131804654	131806378	c3411398-de07-42a3-bcde-1da1182f2c19	131804650	131816858	fwd	UWB_Cisp0
chrX	131980956	131985285	bc21c5d3-9edc-4c73-8e08-2a047cef0dcb	131964560	131985299	rev	UWB_Cisp0
chrX	136059546	136067535	c7c7a98a-b369-4832-a69d-446805ed3b7a	136059537	136079922	rev	UWB_Cisp0
chrX	143443089	143444988	fbc59981-9749-45cc-9d58-8afa5cc9390c	143443080	143455208	fwd	UWB_Cisp0
chrX	146255767	146258920	65e756c5-7fcf-4197-a9b2-dc0ac1973cf9	146255762	146267828	rev	UWB_Cisp0
chrX	146774148	146782738	1c2f5c94-2fdb-4b79-b575-c2f81c0afff2	146769331	146782744	rev	UWB_Cisp0
chrX	148992394	148994268	4bf87dad-a916-45aa-9fb0-600147a29c53	148992385	148998689	rev	UWB_Cisp0
chrX	152664445	152667823	53e9b073-0dfe-4d7b-a935-8efeb10f019b	152664430	152684302	fwd	UWB_Cisp0
chrX	154234089	154238741	2bceef93-9bc4-4a50-94b6-295a53b05531	154229463	154242598	rev	UWB_Cisp0
chrX	155499459	155508369	78b6d83c-aefb-44b2-abce-a798ba894153	155495164	155510566	fwd	UWB_Cisp0
chrY	11317683	11319353	a3419514-f0ae-45eb-9272-6d38738abd4d	11310376	11324289	fwd	UWB_Cisp0
chrY	56826670	56828066	7edce047-d69b-4bbf-a580-a92e40a2f1ce	56825767	56834834	fwd	UWB_Cisp0
chr1	4095426	4097109	cfca1aee-21f5-4454-9024-95693bec59c2	4080633	4097117	fwd	UWB_Cisp1
chr1	11165385	11166612	26fe9c16-a239-4aa1-9f1f-02d117e40ffa	11165379	11174169	fwd	UWB_Cisp1
chr1	17916923	17919135	2d744a2c-0875-4f44-9f56-5271fe87be2d	17911012	17923765	fwd	UWB_Cisp1
chr1	20658242	20660535	ed01006b-1fd4-411e-a5b9-fa0b57d047b4	20653154	20660541	fwd	UWB_Cisp1
chr1	27595735	27597329	41a1a5c8-5e54-4227-9fb3-877153678f89	27595090	27613991	rev	UWB_Cisp1
chr1	41293949	41301251	6a960373-8ff8-475c-973b-ccc3f85903ba	41290417	41305247	rev	UWB_Cisp1
chr1	42227118	42229003	c0fed43a-80cf-40bf-956c-33809b18a145	42225857	42239969	rev	UWB_Cisp1
chr1	51986904	51989343	a7f85bbd-b8e8-45d1-ab69-4e4dfa308906	51986899	51992717	rev	UWB_Cisp1
chr1	53258397	53259951	6403bf30-c70b-4d52-a11c-e19805bd1383	53255851	53262509	rev	UWB_Cisp1
chr1	62456595	62462760	398f1635-812f-4c13-8d54-48d68e964fd4	62456590	62467276	rev	UWB_Cisp1
chr1	68071291	68072323	403f9c31-a452-41cc-9036-7c0e4cd9f169	68062168	68072420	fwd	UWB_Cisp1
chr1	75628149	75629603	630f3f0b-b144-4fab-afba-6d7c2c85def3	75628145	75635299	fwd	UWB_Cisp1
chr1	76556273	76557368	54b5f1fe-03f8-4b22-97e6-b662eebbedbe	76556268	76570251	rev	UWB_Cisp1
chr1	82119302	82124597	8b95ac74-703a-4577-9dc6-a7537a605b71	82109356	82126317	fwd	UWB_Cisp1
chr1	91793353	91795184	96dd2887-40d4-4d24-adb0-3002b5559146	91793349	91798708	fwd	UWB_Cisp1
chr1	92240779	92245676	811d94e4-cf44-44ef-bd03-450b3cab67b6	92235607	92245686	fwd	UWB_Cisp1
chr1	96740583	96744345	042d4a44-baaf-42f5-9d80-3fbbfe3b30d8	96725175	96744559	rev	UWB_Cisp1
chr1	98428155	98430334	64b96649-95d2-4715-8a78-4b1c9fa6f20c	98422921	98430340	fwd	UWB_Cisp1
chr1	113729958	113731472	6060e963-d832-41b0-a6e8-bde1281b1e57	113722164	113731478	rev	UWB_Cisp1
chr1	143207124	143211521	193bf75f-0e1c-44c6-8fca-408e237b3036	143200062	143221953	fwd	UWB_Cisp1
chr1	143211372	143221427	b69d0cf5-4f91-40ab-a5d2-2869483b9073	143211365	143223681	rev	UWB_Cisp1
chr1	143219793	143220898	2b6ba241-036b-44b3-a456-b022f57bd4da	143212223	143222285	rev	UWB_Cisp1
chr1	143213603	143217938	1175b148-7b5f-4b1f-8fbe-6319b8ae4dac	143213022	143233430	fwd	UWB_Cisp1
chr1	143219461	143227345	1175b148-7b5f-4b1f-8fbe-6319b8ae4dac	143213022	143233430	fwd	UWB_Cisp1
chr1	143231699	143233425	1175b148-7b5f-4b1f-8fbe-6319b8ae4dac	143213022	143233430	fwd	UWB_Cisp1
chr1	145743599	145746012	cf973308-2c2d-44dc-bc7d-d681ecabf82a	145743593	145752250	fwd	UWB_Cisp1
chr1	147386999	147391388	bca52497-8529-407f-b161-d0a25ec4a049	147386995	147394491	fwd	UWB_Cisp1
chr1	151937246	151938406	65f1306d-d29f-4e31-97d5-68e9c00e01e9	151935941	151941650	fwd	UWB_Cisp1
chr1	153593431	153598268	6564ea28-8596-4ad6-816d-eac7a67100af	153585697	153598281	fwd	UWB_Cisp1
chr1	157209134	157213330	2ca7371f-320c-41a7-80ed-97aea83ea601	157202478	157213335	fwd	UWB_Cisp1
chr1	163770364	163773450	77d33aea-cfb2-4bc8-a9e1-612a1647a586	163759633	163773492	fwd	UWB_Cisp1
chr1	172251061	172254087	f90c98c6-bc8f-4c8b-93bf-b78d4267992e	172244450	172254093	fwd	UWB_Cisp1
chr1	174753529	174759921	f200e264-5b2e-496f-8cd2-5f52b5078502	174746300	174759930	fwd	UWB_Cisp1
chr1	188196077	188197366	7d125b6c-5626-493b-ab94-999c7ac19e75	188191182	188201250	rev	UWB_Cisp1
chr1	198721139	198724281	f9a3d4ee-63eb-4f9e-b936-7d020caba97f	198716373	198727319	rev	UWB_Cisp1
chr1	213437505	213440115	7c736c02-81e8-423f-8126-3637b57ef9de	213429845	213440131	fwd	UWB_Cisp1
chr1	219737409	219740448	55960c1e-db3a-4335-b9c9-487c6d1df9f7	219737404	219746657	rev	UWB_Cisp1
chr1	226704118	226707918	82438c37-0302-42f4-a03e-c5ddb8d624ff	226700606	226717647	rev	UWB_Cisp1
chr1	228986973	228991171	8691d307-4914-4910-a37a-adb74e857e30	228976492	228991186	fwd	UWB_Cisp1
chr1	233919436	233927963	ea09923d-397d-4b75-ba4c-5bb14eaba788	233913968	233928095	fwd	UWB_Cisp1
chr1	238385176	238396513	3618b41c-9ac0-45f1-b1f3-e9e0119516e7	238377968	238398392	fwd	UWB_Cisp1
chr1	241364353	241367583	49ae65d6-3ff0-459a-9151-2f14a9a49ab0	241364345	241374397	fwd	UWB_Cisp1
chr1	246772023	246773109	7cf623f5-c4eb-4702-a322-122e829b2db0	246767528	246773803	rev	UWB_Cisp1
chr10	10275622	10279383	d6e8e399-20d5-4b09-8555-64f390677f00	10275594	10287039	rev	UWB_Cisp1
chr10	12827567	12831402	cc581710-f8eb-496f-a6f5-e27d239d92a7	12824112	12831408	rev	UWB_Cisp1
chr10	20853512	20859717	2738ac92-4a5d-40c6-89b4-b43badac913b	20849355	20859725	fwd	UWB_Cisp1
chr10	29335462	29338355	15e4f83c-c44d-4aaf-b898-694f967299cb	29335449	29344980	rev	UWB_Cisp1
chr10	41861741	41863449	46bb99ca-1810-454a-9c78-d3928aa1e389	41856987	41865926	rev	UWB_Cisp1
chr10	41893860	41895637	1276f8ab-f5fa-486b-870d-e6298d49cc4f	41868704	41904172	fwd	UWB_Cisp1
chr10	41879200	41880238	2d5b85e4-9dfa-4236-951f-4b6fe2ef200b	41875103	41889896	fwd	UWB_Cisp1
chr10	41879893	41882325	0cda25fd-d6cc-493e-a9a1-08a470c02ae7	41875787	41892301	fwd	UWB_Cisp1
chr10	41888152	41890503	0cda25fd-d6cc-493e-a9a1-08a470c02ae7	41875787	41892301	fwd	UWB_Cisp1
chr10	41879958	41881115	e090b315-f9b9-460d-bd87-24c93c0092b1	41877294	41891012	fwd	UWB_Cisp1
chr10	41888372	41889562	73646415-e8d4-43e2-a64e-7166ae0eb237	41878779	41891681	fwd	UWB_Cisp1
chr10	41885958	41886962	e069bf96-bb9a-4028-94ff-daffb9495af5	41878527	41910681	rev	UWB_Cisp1
chr10	41885100	41886453	b8d7d44c-392a-4af3-950a-fea1595b347f	41880803	41892301	rev	UWB_Cisp1
chr10	41891746	41898376	76377e34-0cdc-4164-b18d-685e7ec69cf9	41881487	41909961	fwd	UWB_Cisp1
chr10	41889217	41891047	44c3c2b3-ac54-494d-bb72-1ef31cbd544a	41881793	41895226	fwd	UWB_Cisp1
chr10	41893860	41895879	e98f4bff-6f1b-4a3a-98bb-2c964fa11879	41882661	41899912	fwd	UWB_Cisp1
chr10	41888292	41892755	d22d5ffc-1ba1-4f48-9f79-1a8c314d24d4	41883037	41900378	fwd	UWB_Cisp1
chr10	41887887	41889487	074bcb88-ff8d-492d-97da-fddbee68dc0f	41883842	41900946	fwd	UWB_Cisp1
chr10	41895038	41896078	611a5672-38cf-4900-bb26-ef93fdf4404e	41884500	41911747	fwd	UWB_Cisp1
chr10	41892550	41893600	d4cc316b-6854-4bf5-a755-b99bf864c743	41889350	41905432	fwd	UWB_Cisp1
chr10	41903058	41910111	8a2a3476-d3ad-41a8-afcb-1d9c05ddf875	41891906	41912860	fwd	UWB_Cisp1
chr10	41900686	41901785	792adfd2-a9b2-450d-aab3-178d4e5ac9fe	41893512	41916263	fwd	UWB_Cisp1
chr10	41906221	41910116	792adfd2-a9b2-450d-aab3-178d4e5ac9fe	41893512	41916263	fwd	UWB_Cisp1
chr10	41913331	41914360	792adfd2-a9b2-450d-aab3-178d4e5ac9fe	41893512	41916263	fwd	UWB_Cisp1
chr10	41902568	41907520	e1412143-b261-435b-a2fb-3e5179617e03	41895963	41909743	fwd	UWB_Cisp1
chr10	41903681	41905201	409bf0c1-13e2-4ab5-b979-8a03477951c3	41903675	41912758	rev	UWB_Cisp1
chr10	42072930	42075597	b0bf3b2c-2423-48cb-b3c3-9118f71e3bdd	42069796	42080668	rev	UWB_Cisp1
chr10	49830972	49834515	1335e7c6-87c3-4ad2-b18a-a3e2c3b4560a	49830963	49845421	fwd	UWB_Cisp1
chr10	55909558	55910727	9af2a3e8-f98d-4594-986c-15a0737d61cd	55906381	55921498	fwd	UWB_Cisp1
chr10	60025898	60028075	10909c6b-8bb3-4cff-a4d1-7f6e52a2b736	60021010	60029153	rev	UWB_Cisp1
chr10	60670603	60671729	2dd31739-3f26-4865-bbb9-66a862ac3995	60665081	60671738	rev	UWB_Cisp1
chr10	67643548	67652399	7394ae64-4a83-4edd-95db-1c4190c019cc	67643528	67659682	rev	UWB_Cisp1
chr10	78873967	78882095	1ec7c594-15d4-4ab3-ab97-b0255f1d1662	78873803	78885728	fwd	UWB_Cisp1
chr10	87181287	87182704	a48dff33-660c-43a8-8aca-854bbdfde361	87168368	87182710	rev	UWB_Cisp1
chr10	98437112	98440180	9c065cda-8de8-44fe-9e41-6b8334df76cd	98433866	98443989	rev	UWB_Cisp1
chr10	111277071	111280664	d03ca7ed-36f3-4986-8ddd-80e595ab0bcc	111268971	111280672	fwd	UWB_Cisp1
chr10	123192968	123198304	c1e0b4d6-bb59-4d2d-97e6-cfbff8f57a50	123185060	123198311	fwd	UWB_Cisp1
chr10	129593615	129603869	46f30fef-7ca5-4764-9d97-6f838775afd3	129591239	129614613	fwd	UWB_Cisp1
chr10	132772741	132774272	cf29c598-02eb-4760-a05f-bcda4eac9244	132756014	132774280	fwd	UWB_Cisp1
chr11	7971732	7974863	57b203f2-c8f9-4f4a-89d0-90a2e822545a	7971728	7982202	fwd	UWB_Cisp1
chr11	10766885	10770305	55bd9709-fa40-4437-a3c3-0f4ac5f981d3	10765781	10772859	rev	UWB_Cisp1
chr11	42977568	42982355	6d21813b-2784-40af-8697-0ac289f448da	42977559	42986527	rev	UWB_Cisp1
chr11	44059316	44060980	ed1de73a-b2e1-4cca-8acc-9f8b7095a0c8	44052882	44061377	rev	UWB_Cisp1
chr11	50329706	50334320	3331efc1-a118-4980-884d-84e9ca050d3a	50326909	50337553	rev	UWB_Cisp1
chr11	66481823	66489332	ea9ad8e5-eee3-48a2-8844-72b949c0ee67	66474703	66489363	fwd	UWB_Cisp1
chr11	73673614	73678144	09763430-d3dc-439c-843c-9e9d0f396f67	73671176	73680104	rev	UWB_Cisp1
chr11	80954576	80961213	1dc68e43-7fc8-4677-8a9b-a17fe591b8b4	80952660	80967089	rev	UWB_Cisp1
chr11	100807300	100809858	464d8392-4d9b-4848-bed4-a12138dea7aa	100800283	100809864	fwd	UWB_Cisp1
chr11	104975454	104978389	7849fb17-e3bb-4935-9757-f125a4d18ee8	104973210	104985939	fwd	UWB_Cisp1
chr11	111132260	111134847	695e1acc-ffa8-49e9-b7c2-9baf73eeec2c	111127623	111134858	fwd	UWB_Cisp1
chr11	116418235	116422920	e8718dc3-f231-49c2-981d-191f19b5f6e8	116418231	116424746	fwd	UWB_Cisp1
chr11	131215601	131223495	49927feb-e1f1-41ad-8be7-4a1264a9e9e3	131210148	131223504	rev	UWB_Cisp1
chr12	13522942	13525141	d3966d02-556c-46e9-8199-e4f8429c330a	13515075	13527838	fwd	UWB_Cisp1
chr12	18971546	18976955	b52d7458-5fde-4052-a635-ed939737a8dc	18971541	18981099	fwd	UWB_Cisp1
chr12	26844114	26847781	96028461-421b-4964-bc0a-88a9203e796d	26839044	26847787	rev	UWB_Cisp1
chr12	27320949	27322864	029c9cc4-8917-49f3-bebf-6548b0d054f4	27320942	27333311	rev	UWB_Cisp1
chr12	29077173	29090844	e99052af-e671-4316-b3e8-e2cd062b878d	29075658	29094416	rev	UWB_Cisp1
chr12	43808740	43812205	4250489a-2a03-4a15-b33a-d3991a5b7233	43803240	43814711	fwd	UWB_Cisp1
chr12	44991217	44992842	fb0d0e03-d49f-4996-83af-a663ec31f2d8	44991212	44996814	fwd	UWB_Cisp1
chr12	52351217	52354311	42b75f10-0b95-4d4e-bb69-e94d313a5a18	52343827	52354323	rev	UWB_Cisp1
chr12	53074594	53077884	e3e4431d-02d2-4590-ba52-74dabf56b30c	53072959	53081835	rev	UWB_Cisp1
chr12	59517514	59520663	accfef09-9215-4ca6-a038-647d899a8fe2	59517508	59528977	fwd	UWB_Cisp1
chr12	65567848	65573015	3992a430-cdd5-484f-ade8-625859cef3f0	65567842	65575350	fwd	UWB_Cisp1
chr12	80420120	80427171	a5ab7c90-ec84-4683-b373-c6edd44c661b	80414654	80427179	rev	UWB_Cisp1
chr12	87322101	87324070	b05572f3-ed74-4e3a-a353-949c4e650139	87322091	87334421	rev	UWB_Cisp1
chr13	35789833	35794517	0fa2ad49-259f-4e3a-8737-12074b867fa3	35789475	35803041	fwd	UWB_Cisp1
chr13	37410410	37416501	a9debbf4-d3b7-431c-8929-628dc294a533	37405874	37416510	fwd	UWB_Cisp1
chr13	38214426	38215978	e3619a2d-50e6-4088-a9d6-6bbd2e3083f4	38214419	38225521	rev	UWB_Cisp1
chr13	44197845	44205453	569dd58e-a649-409e-8ef9-005e48261911	44196872	44215272	rev	UWB_Cisp1
chr13	50932075	50933133	fed3c8ec-d93f-4e5c-b583-9ae5691bf884	50922691	50943253	fwd	UWB_Cisp1
chr13	60774105	60780851	4586351a-f3c5-429c-862f-bba1f17d80b7	60771450	60780855	rev	UWB_Cisp1
chr13	82831930	82836710	6f63321e-9292-4172-bd84-5db5978fa5cc	82827221	82836721	fwd	UWB_Cisp1
chr14	21108456	21109765	c4596a07-0922-4c53-9193-948d6da5cc55	21108451	21119782	rev	UWB_Cisp1
chr14	42233411	42237297	2990ab42-5bb2-4f7e-b751-9dd3996393a0	42222362	42237305	fwd	UWB_Cisp1
chr14	52090575	52093845	2d3493a0-ac0f-43b0-aad9-ae3c6fa18ad2	52090569	52099675	rev	UWB_Cisp1
chr14	52330663	52333624	e1cef370-492d-43ea-855a-f7b2f9fc3a73	52324568	52335679	rev	UWB_Cisp1
chr14	59185790	59187052	f2b079ba-d6d1-43aa-9bfa-3a79abbdd6ff	59176771	59187059	fwd	UWB_Cisp1
chr14	61041089	61050739	966cc99c-0db2-4d19-af48-a28da5929488	61041084	61055461	fwd	UWB_Cisp1
chr14	63118141	63126356	f73cb6cc-f9d5-47b9-ac83-b70e65b6a169	63110433	63128017	fwd	UWB_Cisp1
chr14	67896486	67898736	82c6ae26-301c-424d-a49b-51832a342270	67896476	67902523	rev	UWB_Cisp1
chr14	92815172	92819850	a15e34e2-0678-4c87-a9ca-de19cd5c092f	92815165	92823567	rev	UWB_Cisp1
chr14	99991294	99992396	7e5aeca6-56f2-4e28-a28a-2c1f0e4e80f3	99983373	99992406	rev	UWB_Cisp1
chr15	19958643	19960442	4c1541ac-fd9c-4f5b-82bc-9f55d883c4e5	19958637	19974914	rev	UWB_Cisp1
chr15	35277546	35278876	811109bf-1c4b-402c-8f65-58882665e0d2	35272105	35290838	rev	UWB_Cisp1
chr15	38616618	38619352	4f4ccddf-f81e-41b9-b4f3-8cab4b7fd5ba	38606430	38622507	fwd	UWB_Cisp1
chr15	43384113	43388493	9c9b9b4e-ec23-46b6-834a-bf7441856239	43381658	43388503	fwd	UWB_Cisp1
chr15	43690323	43696652	524abb1f-e220-4a82-bf94-ad0bcf1853a6	43689293	43700973	fwd	UWB_Cisp1
chr15	45228073	45231814	4b2ad1e8-b8f0-4441-8119-2a8840290160	45227361	45238055	fwd	UWB_Cisp1
chr15	49771191	49774935	6bfc2624-30ab-4029-8fc5-ba10f146e5bd	49771183	49781723	rev	UWB_Cisp1
chr15	53217648	53226088	04952cb2-ae61-46e4-b1e6-7cefc7f87bdc	53216416	53228616	rev	UWB_Cisp1
chr15	55758281	55764617	bcb18a6d-26a3-44f5-b80a-e42499eae1d5	55756222	55764635	fwd	UWB_Cisp1
chr15	71271836	71281339	37c6eb16-b112-40ce-98fb-c3704403def0	71268572	71281390	fwd	UWB_Cisp1
chr15	72588449	72590649	6ead605c-7b3d-4531-aa92-251f08230577	72582996	72590660	rev	UWB_Cisp1
chr15	78666934	78676168	7a0fb5fa-af98-415a-9ab8-7989a8822af2	78659427	78676181	fwd	UWB_Cisp1
chr15	79497826	79503273	41ab24fe-2332-4f73-a501-318afb38cd2d	79490266	79503279	fwd	UWB_Cisp1
chr15	81990421	81993449	54fa0997-4df4-41e8-a2c3-01bde7f24cab	81988806	81999014	rev	UWB_Cisp1
chr15	82738414	82744610	1767ed96-3a00-4068-a23c-b5a94334738d	82738408	82749907	rev	UWB_Cisp1
chr15	83942427	83945929	d7de8118-395e-48fc-9ab7-75e2070a8a04	83942422	83953229	rev	UWB_Cisp1
chr15	96131149	96136982	008d21d0-81b3-4f85-abb3-974d7f971868	96131143	96142289	rev	UWB_Cisp1
chr16	21722009	21726245	769a7437-0698-4ce4-b7ec-90c763e57bfa	21701393	21731448	rev	UWB_Cisp1
chr16	35974863	35977729	f0e543d1-17c6-43dc-9059-a0372f60f2fe	35974852	35985095	rev	UWB_Cisp1
chr16	46387685	46390994	dedaee74-ebc4-44fa-b1ca-96c4f33d9654	46383095	46405953	fwd	UWB_Cisp1
chr16	46386146	46391951	c3d770d0-2e5e-46e3-b112-54e4642c5ca8	46383407	46392500	rev	UWB_Cisp1
chr16	46390668	46397299	d7e49fb9-67ca-462d-bbd3-a0c189d02133	46384115	46401327	fwd	UWB_Cisp1
chr16	46391206	46394211	9905319c-c85e-4c1a-9915-7a70f2611935	46384158	46400636	fwd	UWB_Cisp1
chr16	46395203	46397294	75474515-1f22-4d50-9974-6fcf4abc68aa	46385624	46400636	rev	UWB_Cisp1
chr16	46395008	46397299	16aca80b-4b07-49fc-8cc2-e45420b65667	46385709	46403055	fwd	UWB_Cisp1
chr16	46394982	46397299	3bf6c3f4-01db-47e1-acf5-87a0b33d40fa	46386469	46400682	fwd	UWB_Cisp1
chr16	46395835	46399987	ea80e1ae-788a-4efb-80f8-9fb167d14b4c	46386486	46403301	rev	UWB_Cisp1
chr16	46389186	46390501	a1851840-9061-4746-8a46-4feb1034bdf4	46386831	46401474	fwd	UWB_Cisp1
chr16	46395835	46399986	a45e041f-8bbb-4844-8e3b-bd22b7838332	46387214	46403911	rev	UWB_Cisp1
chr16	46395003	46398222	cc937f93-59bf-4313-abd2-74bf6ec27c68	46387304	46403452	rev	UWB_Cisp1
chr16	46391140	46394210	d0a6557a-4255-4494-baa3-3994a8cbd40a	46387385	46401758	rev	UWB_Cisp1
chr16	46390994	46394254	ee6af0d2-e9cf-4c09-a801-2bf29096a074	46387648	46404819	rev	UWB_Cisp1
chr16	46394096	46395634	7d26f6aa-1b6e-40ae-bae8-9dc1c4de9b46	46388224	46403914	rev	UWB_Cisp1
chr16	46395068	46397299	295a246a-e51a-475d-951a-5967231f22dd	46388775	46403765	fwd	UWB_Cisp1
chr16	46397299	46398495	b5ddc150-8a3f-4777-a4fb-c44d74ee18e3	46388787	46401042	fwd	UWB_Cisp1
chr16	46391216	46394211	35ed10ed-919e-4d3d-958f-98814fed4834	46389542	46400128	fwd	UWB_Cisp1
chr16	46390779	46394200	f8fb20d3-1510-4d7c-b346-05c3fb5ace72	46389873	46402698	rev	UWB_Cisp1
chr16	75653791	75656334	341a089d-6edc-48dc-85e4-fe57aed11be6	75651701	75660170	rev	UWB_Cisp1
chr16	83928334	83930609	bde318ea-562b-4a73-ba93-101e49c576ef	83915128	83939760	fwd	UWB_Cisp1
chr16	84346665	84359273	827c15dd-292a-4891-a612-6ed3d714233a	84346660	84363935	fwd	UWB_Cisp1
chr17	5304090	5309792	d65fd61e-e103-4def-8e6c-5b6599a45a5e	5299314	5309801	rev	UWB_Cisp1
chr17	15671575	15674468	7c34f11f-7267-429a-9f7a-51239605b436	15671563	15680573	rev	UWB_Cisp1
chr17	21973743	21974818	ceffae9c-b8c9-4fed-9b5d-d0476100016e	21972119	21983019	fwd	UWB_Cisp1
chr17	33964359	33966239	ae5dc0f0-f660-48be-a77b-757d53ef11a9	33961783	33998621	fwd	UWB_Cisp1
chr17	45988695	45990441	ba3777e4-df9c-467f-9327-86a688c38134	45980773	45990446	fwd	UWB_Cisp1
chr17	55975814	55983664	da4d0196-a6bc-4971-9569-ba384411d1e7	55975444	55988312	rev	UWB_Cisp1
chr17	63182235	63185332	67c2a630-b65d-434a-9053-b0a4e1d83544	63173511	63185341	fwd	UWB_Cisp1
chr17	63212316	63216934	8a4cbdce-d146-4c54-9634-34486579b3ff	63212310	63227300	fwd	UWB_Cisp1
chr17	78685593	78688812	87f64cc0-1a87-4c29-94e5-c6d6021fd48f	78681872	78688816	rev	UWB_Cisp1
chr18	5606167	5607815	bbfa718d-58da-4462-81ac-7c8a5f571a19	5599781	5611957	fwd	UWB_Cisp1
chr18	5874821	5877659	d5c9beb3-3729-4660-b99d-e0e9bfb05694	5874814	5881214	rev	UWB_Cisp1
chr18	6218594	6222080	c2a57df3-e65a-4706-8e81-477d2c66f4b0	6212187	6222088	fwd	UWB_Cisp1
chr18	6652401	6655030	362d427a-6716-4cd4-83ba-e31378e15571	6639322	6655041	fwd	UWB_Cisp1
chr18	8442274	8447308	b174323e-f3f9-4450-bedd-932741548f8a	8442153	8454054	fwd	UWB_Cisp1
chr18	8749679	8752808	51228dcb-deed-4c38-964d-2a3ef7f7cd48	8741384	8752817	rev	UWB_Cisp1
chr18	8759239	8760506	56f6b0bc-c712-4175-89be-12d5d95888eb	8757901	8764227	fwd	UWB_Cisp1
chr18	30759333	30761140	8844c659-84b0-4df0-ae87-372cc73fff1f	30754702	30767245	fwd	UWB_Cisp1
chr18	39633667	39636011	1b09f00c-43a1-4844-968d-4beaef9aeb78	39626355	39636019	rev	UWB_Cisp1
chr18	43967333	43969272	f57a35ee-8358-4956-afe1-b3ac77544fbc	43967326	43973394	rev	UWB_Cisp1
chr18	56195593	56204967	ae2bebc2-aa02-4db9-b417-6a27616c7531	56194014	56204973	rev	UWB_Cisp1
chr18	57832228	57833353	ff7f2be7-c091-4758-8908-cd485965d3ca	57832222	57841272	fwd	UWB_Cisp1
chr18	79235626	79239192	167f1dcf-1fb9-473b-a16c-0d5480d86c9d	79235609	79249193	fwd	UWB_Cisp1
chr19	3379989	3385811	080a8fce-89b1-495c-a91d-ac32feaa4702	3376705	3386543	fwd	UWB_Cisp1
chr19	17350279	17351288	b20edb31-9573-430f-886f-795fcad7f0bd	17346207	17353384	rev	UWB_Cisp1
chr19	24094570	24098660	7b7c55e6-e12b-44dc-b288-b86206baa3f7	24092058	24099778	fwd	UWB_Cisp1
chr19	49537944	49540072	773869cf-09d2-4981-af9a-0bb47c5fcd07	49525882	49540084	fwd	UWB_Cisp1
chr19	57504049	57511407	42151203-b288-4b4e-b800-37a053c5aabe	57504039	57513775	rev	UWB_Cisp1
chr2	3333334	3335313	960d13b4-b631-49a1-b575-1539d9083d5a	3333327	3343827	fwd	UWB_Cisp1
chr2	7732305	7738034	33bc3275-f1d7-4f32-9e85-f02c47b2b35e	7729540	7743505	rev	UWB_Cisp1
chr2	8759985	8769722	9cb2b8dc-74e0-4309-a2cb-81fe29523927	8759804	8774196	rev	UWB_Cisp1
chr2	15288568	15293577	68cc4246-ac66-4aef-8d1f-83cfc7ed56b2	15288563	15302881	rev	UWB_Cisp1
chr2	18602706	18607213	36636865-7960-4e96-8f25-662ca4b9ad2d	18599740	18607220	fwd	UWB_Cisp1
chr2	21152890	21156813	d7ac2018-0820-4276-9f77-3200f36c54d3	21142807	21164345	rev	UWB_Cisp1
chr2	22660405	22667599	1e26236b-e894-4ec9-abdb-8d76b402d264	22653650	22667830	fwd	UWB_Cisp1
chr2	24609938	24615221	aedd90d6-bdd7-4d21-a204-a8a7a156f210	24602724	24615226	rev	UWB_Cisp1
chr2	26833109	26838032	e1b1f868-71bf-43de-a42d-9adfcadc7110	26833105	26841900	fwd	UWB_Cisp1
chr2	69467877	69473549	883b63d3-e36b-4eb6-8146-908ee6783537	69464899	69473554	fwd	UWB_Cisp1
chr2	89835978	89839704	901c9d25-cb60-4fd9-8716-7ca2e4d32f7c	89831946	89843756	fwd	UWB_Cisp1
chr2	117649207	117652833	f12938e9-c176-457a-84c4-34451395aa40	117649196	117660867	rev	UWB_Cisp1
chr2	126442319	126446386	70ee0bfe-393b-4738-a4c2-46bf1f27d6d9	126439899	126447090	fwd	UWB_Cisp1
chr2	132597425	132602277	f0ec5ca8-bac6-4dcd-b41e-b826cce93847	132591740	132603718	rev	UWB_Cisp1
chr2	139175620	139181150	e551196d-29fb-4488-97c1-cd264f694ee8	139175607	139186604	rev	UWB_Cisp1
chr2	143902747	143906045	7d834efc-56ad-4904-9bb5-155728bf4cd9	143902740	143908471	rev	UWB_Cisp1
chr2	149788185	149790127	8b3cdc65-fa74-4829-bfbc-d4c93c1e85e0	149788171	149793867	rev	UWB_Cisp1
chr2	156532155	156534381	3d5e18f1-705b-4fde-a31b-64a1a6ad3484	156532147	156543697	fwd	UWB_Cisp1
chr2	158902449	158905737	0842ca53-c7f4-4ef8-8346-498173f246d6	158902443	158909153	rev	UWB_Cisp1
chr2	159907972	159915506	c58b20ff-0b77-4271-a7a8-81ac4d06fad6	159907596	159924294	fwd	UWB_Cisp1
chr2	162675675	162679572	e014ce1f-f0fa-4b14-8bb7-8dc373919ef1	162675670	162685211	rev	UWB_Cisp1
chr2	164614577	164618889	d8516cbc-9aff-40ad-9ef7-a2e7e4b66071	164607437	164619626	fwd	UWB_Cisp1
chr2	172918808	172924878	3b25bd55-178a-430f-8a89-e3f835a0c202	172918801	172928310	rev	UWB_Cisp1
chr2	178409641	178410715	5d0b14cc-459b-440f-b93f-2fb60e26bb12	178402984	178413689	fwd	UWB_Cisp1
chr2	187494350	187502431	37a55fa2-0f8a-4356-b353-019cf8b214d8	187489674	187502438	fwd	UWB_Cisp1
chr2	192782248	192789411	34aa6a3d-1b48-4d7b-bb8c-10e225704d64	192775979	192789531	fwd	UWB_Cisp1
chr2	215949078	215957503	7f672291-151e-4649-a7ac-c5ddac239cfa	215946196	215957523	fwd	UWB_Cisp1
chr2	224628611	224631179	3ef7c955-0208-4779-9e5b-37a0ac768ca9	224628604	224634489	fwd	UWB_Cisp1
chr2	226705647	226708729	b4e64599-cc99-4875-acc8-c5a4ad1eac50	226700500	226708733	rev	UWB_Cisp1
chr2	231020097	231021130	6694c13d-96ac-4b41-8da5-92e0ce98dda1	231013118	231021138	fwd	UWB_Cisp1
chr20	3782649	3785626	6d8a591d-6ef4-443a-8557-821950e9878a	3781939	3789251	rev	UWB_Cisp1
chr20	11132710	11139612	c3b5a2e2-5605-4f91-8cd2-101f93fcfddb	11129497	11139786	fwd	UWB_Cisp1
chr20	13710569	13714591	9c3cff24-971c-4c8d-8214-4b6bea190184	13694393	13717325	rev	UWB_Cisp1
chr20	19703946	19708124	d5677972-051f-44cc-a495-1cb97b6f87e1	19703760	19710414	rev	UWB_Cisp1
chr20	29113102	29115924	0c27d3a5-2adf-4f58-b6f7-ac4fb4a4ff25	29113095	29125693	fwd	UWB_Cisp1
chr20	31059333	31064037	270b3b72-f2b3-42f6-806f-4582c472bd73	31051508	31068338	fwd	UWB_Cisp1
chr20	31067004	31068443	b960a576-fe2d-4d07-ac5a-818bf457e1a0	31051968	31076742	fwd	UWB_Cisp1
chr20	31062482	31066959	919f2a44-1622-4a21-a1c4-ba9757ce4c95	31052353	31072198	fwd	UWB_Cisp1
chr20	31067019	31068592	0ee802b6-c9a8-43c6-92f3-14992ebc6d44	31055289	31068598	fwd	UWB_Cisp1
chr20	31056857	31057973	b452e204-7d46-4a59-853e-2d8f1ce46972	31054881	31084019	fwd	UWB_Cisp1
chr20	31059693	31071347	8e0b4661-d9c4-489c-8883-67742906dbcd	31055797	31077124	fwd	UWB_Cisp1
chr20	31066465	31067538	733c9c35-3438-4055-bad8-754c12a0e631	31056967	31071474	fwd	UWB_Cisp1
chr20	31066884	31068028	b80d9651-a291-4c2b-af4a-5f12f5eabf2c	31062709	31071997	fwd	UWB_Cisp1
chr20	31063842	31065037	747fdbc4-3dbc-43c8-9d2d-8401b35313e3	31063838	31076248	fwd	UWB_Cisp1
chr20	31068483	31071257	d34b4690-21f8-4bba-a863-8b67b263e57c	31063974	31076455	rev	UWB_Cisp1
chr20	31187743	31188919	234764c5-9838-409f-8147-1d09801a9776	31183791	31199411	fwd	UWB_Cisp1
chr20	33813401	33817368	f734f209-2aa7-43e3-b251-589dd43abdce	33810332	33820032	fwd	UWB_Cisp1
chr20	35792011	35796336	f09b651c-78e7-492b-83fb-59670be980b7	35782800	35796341	fwd	UWB_Cisp1
chr20	38937595	38941320	e7ca9052-ce26-4883-b4bf-5fcaf9a7af48	38937590	38947937	rev	UWB_Cisp1
chr20	38989768	38994970	681abecc-0e9e-4794-8c40-99f9335cfa99	38989762	38999193	fwd	UWB_Cisp1
chr20	42033891	42035067	fadd3513-29c3-41ba-ac03-e3cddab11b8f	42023835	42035072	rev	UWB_Cisp1
chr20	45768642	45773564	0148f6d3-0a44-4cff-8ef5-e84395783eb9	45768638	45784862	fwd	UWB_Cisp1
chr20	45871322	45873824	8404b65f-39dc-4dd3-8107-35c942ad6c9d	45864276	45873828	rev	UWB_Cisp1
chr20	60534876	60540553	0d333854-2492-4915-9fde-7c2a9be01520	60531552	60540557	rev	UWB_Cisp1
chr21	10658991	10660056	925e7a09-4810-495d-af30-8a649f1a46cf	10656498	10672306	rev	UWB_Cisp1
chr21	10695658	10696892	0c1e2065-b0e5-4a14-afdb-bfff529a67dd	10695399	10701144	fwd	UWB_Cisp1
chr21	14137248	14142609	c22fc3e5-bc04-48c8-8f22-52a38a2252d7	14131332	14142613	rev	UWB_Cisp1
chr21	14853419	14858913	69ebb14b-33ec-43e8-adf9-c705eddbc180	14853219	14870404	rev	UWB_Cisp1
chr21	15152070	15154486	8bc388b3-3099-4768-b078-fabd52ad90c3	15152065	15160070	fwd	UWB_Cisp1
chr21	16755606	16760411	9c922d3d-1cdd-420d-a691-7a18e8b2658a	16753243	16765176	rev	UWB_Cisp1
chr21	23902750	23909918	15eec87e-5e9f-4fbd-a456-46c48fe48e56	23902743	23914683	rev	UWB_Cisp1
chr22	10712115	10716613	9f101ffd-d1a9-4c89-87bf-a205bfc07bd9	10707713	10721203	fwd	UWB_Cisp1
chr22	19192868	19196451	e6b3d2ae-c957-49b6-a61f-bc6ac5d95bf0	19186796	19196458	fwd	UWB_Cisp1
chr22	19771305	19774685	f1d01f16-9686-421f-b55f-209de81d5a21	19763950	19774691	rev	UWB_Cisp1
chr22	28072713	28082495	c385a57f-002d-4ef5-8ee3-5cca83797dc1	28072707	28085663	rev	UWB_Cisp1
chr3	7918417	7921373	ea346801-f77f-47c6-bd40-8bfa58dcbaec	7916173	7930141	rev	UWB_Cisp1
chr3	14440651	14444633	b3795908-6d71-4e6b-bc75-e769afa2222f	14433297	14444643	rev	UWB_Cisp1
chr3	24623784	24625160	5eedf4ab-3369-453b-a3be-4685c942be1f	24620105	24625167	fwd	UWB_Cisp1
chr3	26816201	26820407	0d7da67c-e3e6-4c1c-bc51-bc553402cf09	26816187	26827571	fwd	UWB_Cisp1
chr3	26816836	26820383	5fc6e2c7-af60-4d44-aeaa-58fb6707c6a9	26816008	26831307	fwd	UWB_Cisp1
chr3	29971080	29981391	eae7e9b7-d012-4b93-8948-de59c2908dea	29971072	29988417	fwd	UWB_Cisp1
chr3	30804812	30812164	b4d74482-6e6a-4395-b120-83e4929d5b9c	30798731	30812545	fwd	UWB_Cisp1
chr3	35423960	35425807	28a8beea-54bf-41fa-929e-f094f958a2ea	35419233	35427432	rev	UWB_Cisp1
chr3	39685679	39687593	5d2a50a5-13dc-47c5-a55b-410e375642fa	39678254	39687599	rev	UWB_Cisp1
chr3	53295658	53301447	6be7721a-a0e9-47d6-8995-4e5f8ea93567	53287771	53301602	rev	UWB_Cisp1
chr3	55569655	55572624	caed046e-6058-42f5-8356-1e2a099ea7a1	55569646	55577308	rev	UWB_Cisp1
chr3	78557637	78567487	8e01a479-4612-4146-bb34-34fdf6de396e	78554930	78570027	fwd	UWB_Cisp1
chr3	78664733	78667964	b6e6ff25-72d7-438b-a591-029a2a605993	78664729	78671113	fwd	UWB_Cisp1
chr3	84389944	84396235	7654f9fa-8f1f-4c63-9eb0-f73640e64d6e	84381443	84396245	fwd	UWB_Cisp1
chr3	100622047	100624827	7cdf358e-e12c-478c-ba67-f6c52fe8a85d	100612980	100624832	fwd	UWB_Cisp1
chr3	117416446	117420714	779de764-ebb5-4633-9724-fee87db52b1e	117413982	117425871	fwd	UWB_Cisp1
chr3	118006149	118008303	396c6b0b-135c-4d70-8dbb-471b94d9182d	118001477	118008312	fwd	UWB_Cisp1
chr3	131214968	131217454	d54e22b2-6682-4ae1-bddc-a96c8da27762	131207979	131217459	fwd	UWB_Cisp1
chr3	133220499	133225233	b9482d7c-a4d2-4259-8b9b-d0a4a3df7a8f	133220492	133226864	rev	UWB_Cisp1
chr3	136202525	136208818	51c37163-5614-4e50-9c18-fff5dcd378e5	136202516	136214860	rev	UWB_Cisp1
chr3	141138172	141146071	9dd543f6-0d2d-4620-ba9d-12bbf3ceb94f	141138166	141150042	fwd	UWB_Cisp1
chr3	151188416	151189792	1d03add8-06a1-4f82-a454-31c61e39269b	151168983	151189799	rev	UWB_Cisp1
chr3	153328958	153335581	f9529ea0-9961-4b94-9a80-d567e51546df	153313738	153335590	fwd	UWB_Cisp1
chr3	154757308	154766743	3dae7a50-d07d-4310-9ac4-26ad679bc85c	154753012	154766809	rev	UWB_Cisp1
chr3	156558172	156560354	86b08c05-5b96-4b1a-aa0d-9a78253377d2	156558165	156566174	rev	UWB_Cisp1
chr3	158193157	158194950	9ad6a984-698f-4a4f-a3cd-e916a094fc2f	158193149	158200754	fwd	UWB_Cisp1
chr3	158487174	158492060	c17dcde6-6bdd-4e42-8699-daae3c12fce2	158487168	158497152	fwd	UWB_Cisp1
chr3	159568568	159569958	74a60c1f-0080-4687-a200-f6ca9b43ae8d	159567812	159576212	rev	UWB_Cisp1
chr3	159891353	159893894	edac4f66-b1b3-4ef4-8168-5cdc0f6ede35	159885981	159894500	rev	UWB_Cisp1
chr3	160179874	160181042	b374f379-9464-4e8d-99fd-33faf45c8182	160171098	160181112	fwd	UWB_Cisp1
chr3	160405201	160418105	8421005b-3728-4de5-8b41-82c43c3219d6	160404682	160423994	rev	UWB_Cisp1
chr3	164747221	164748550	eec2aa5e-cbc6-4126-a3cf-69acddb22a0f	164731310	164749900	fwd	UWB_Cisp1
chr3	166262880	166263907	4465afbd-5e70-46a4-b942-4027ae693cab	166257039	166268638	fwd	UWB_Cisp1
chr3	175616093	175619744	81e91fbd-fdfe-4c82-8d88-d299828e216e	175605166	175619757	fwd	UWB_Cisp1
chr3	176706636	176714983	20b6e92b-5296-41d3-9edf-7fc9cc5e0371	176706591	176718708	fwd	UWB_Cisp1
chr3	177063290	177066490	4c4feb69-1dec-4c08-b109-d36dbe816fcb	177063285	177070614	rev	UWB_Cisp1
chr3	182858435	182876461	99a35cd7-3326-4344-b5ca-964ff7d95bce	182855251	182876644	fwd	UWB_Cisp1
chr3	186035466	186037174	1cc2e156-3daf-4e9b-b5ae-b37d768775ea	186031830	186040189	rev	UWB_Cisp1
chr3	188975146	188982632	1f25cf5e-dffb-4a04-a33a-66000250f856	188970382	188983279	fwd	UWB_Cisp1
chr3	189946366	189948196	f92309e2-1b1a-4cc2-ba0a-ccb5b8dac268	189941055	189948202	fwd	UWB_Cisp1
chr3	193807348	193808452	4b8949d4-8e51-462e-a94f-69e32a276b89	193807343	193812845	rev	UWB_Cisp1
chr3	194156964	194161592	26df53eb-92ba-4af7-aa8a-07f111cf9ade	194152306	194165567	fwd	UWB_Cisp1
chr3	197251466	197254101	f7d960c9-4b01-455e-bbfb-4724a1a9ff1a	197251457	197260912	fwd	UWB_Cisp1
chr4	1409281	1411289	b9392224-b8ed-4b5d-a37f-cd8c3dcbf9ed	1403451	1411294	fwd	UWB_Cisp1
chr4	2176053	2185066	c3460f57-a7ef-41d0-8b85-b0dd589b14b7	2176038	2189789	fwd	UWB_Cisp1
chr4	10510649	10515788	fb955ad6-738e-43f9-96a9-44ffade7f86c	10510644	10518901	rev	UWB_Cisp1
chr4	21587734	21590995	e5081c44-8708-473e-98c3-c25e1a8c615b	21587729	21593827	fwd	UWB_Cisp1
chr4	24932451	24936652	76001f6b-30b1-46ce-9d3e-6e114a663e5d	24932428	24942326	fwd	UWB_Cisp1
chr4	25279760	25285021	3ca0eeed-1761-4536-9941-b8333694e1a6	25279752	25287252	rev	UWB_Cisp1
chr4	25705809	25713354	e76aeafa-e6e5-47c2-aeeb-9b03efc07b20	25702822	25713358	rev	UWB_Cisp1
chr4	32440784	32442164	1cdbbcaf-525d-4585-ab84-477e17af1d73	32440028	32452477	rev	UWB_Cisp1
chr4	35836994	35838135	3c99e7ac-c5f9-4c01-a8ee-b60e5fd5f5dd	35832192	35838142	fwd	UWB_Cisp1
chr4	36113916	36117811	90280cca-8b43-4744-80b6-0d4b47b5f5f3	36113911	36127966	rev	UWB_Cisp1
chr4	45123866	45135958	a39c40de-d146-4698-acc4-b7069ff67223	45121934	45135963	fwd	UWB_Cisp1
chr4	49101432	49102885	6f86403d-ed0d-4d9e-aac9-730b3979504d	49091231	49104211	rev	UWB_Cisp1
chr4	49098070	49102456	748e28e9-dba2-4504-835b-0a1b0cbe9063	49091580	49102933	fwd	UWB_Cisp1
chr4	49100692	49102551	afe135e8-5ae7-4370-b6c8-c6229781ba40	49093394	49106427	fwd	UWB_Cisp1
chr4	49109866	49111372	723e2090-b131-4302-8692-118868d60bbd	49099116	49112137	rev	UWB_Cisp1
chr4	49110458	49111472	7f810679-4681-4471-a3fa-78b2c0c28e02	49106305	49114033	rev	UWB_Cisp1
chr4	49116412	49117451	e76a28b9-d02d-4046-8f36-63cdcd7bdcd4	49108750	49121679	rev	UWB_Cisp1
chr4	49122037	49124135	c5e0e778-5c5b-41fc-87e5-b089ba6217d1	49116327	49125558	fwd	UWB_Cisp1
chr4	49147153	49148701	d51541e7-3790-4277-a351-393f1ec2a5c5	49143801	49156884	rev	UWB_Cisp1
chr4	49152008	49153046	d51541e7-3790-4277-a351-393f1ec2a5c5	49143801	49156884	rev	UWB_Cisp1
chr4	49153425	49154572	d08c3943-301d-44ad-ab11-be946ba595d7	49147652	49166764	fwd	UWB_Cisp1
chr4	49637838	49639945	c96d0768-ce36-4a01-a29b-069c4458a1e1	49631297	49655135	fwd	UWB_Cisp1
chr4	49637114	49638867	123441ea-8b48-4ea9-b39d-7a0dd3b86fed	49634968	49649043	fwd	UWB_Cisp1
chr4	49639945	49642861	123441ea-8b48-4ea9-b39d-7a0dd3b86fed	49634968	49649043	fwd	UWB_Cisp1
chr4	67984860	67995870	af1fced0-056b-44c4-b550-c7e0e0be7204	67978903	67997203	fwd	UWB_Cisp1
chr4	91337476	91342444	5b04f802-078d-4b7e-b7a8-ef60e0ca75e1	91337469	91350099	rev	UWB_Cisp1
chr4	102030838	102033948	6ad2b8ab-2952-4171-b631-aff89aae5b4e	102026438	102033953	rev	UWB_Cisp1
chr4	115101781	115104377	294916d4-8e4a-4fb9-9bf2-200ce6c33eae	115093477	115104383	rev	UWB_Cisp1
chr4	131407431	131412210	5edee8e4-0026-49a4-a183-54afdcc9f3a1	131405551	131416657	rev	UWB_Cisp1
chr4	146648967	146657411	51f2e6bf-5e43-4dde-bd22-f42b81ad8d6b	146643397	146659142	fwd	UWB_Cisp1
chr4	156148796	156152108	576f6107-9418-4750-9d83-2c0c697d9872	156148790	156162494	rev	UWB_Cisp1
chr4	162025274	162028710	9a66686b-bce5-4fe4-93ef-f4c05e1fd1a5	162025265	162037654	rev	UWB_Cisp1
chr4	183043907	183048889	564a20bc-402e-4607-9def-23466f01286d	183043902	183054183	rev	UWB_Cisp1
chr4	187317204	187319430	52a22c28-f0bc-4640-857f-919d2df3bd3c	187312614	187319437	fwd	UWB_Cisp1
chr5	7967636	7971986	d44d7c46-1a97-4492-909b-f5e18784aead	7964490	7972089	rev	UWB_Cisp1
chr5	9714946	9716989	176d4ddf-7f3c-4661-8e8b-af5c061f97ce	9714939	9723149	fwd	UWB_Cisp1
chr5	10244793	10246463	461322d5-f140-4df3-b303-40757e35db46	10244787	10253027	rev	UWB_Cisp1
chr5	21812900	21817004	8c01152f-6ea8-44ab-ac85-3af48dbbbd5b	21808136	21817012	fwd	UWB_Cisp1
chr5	27729813	27734712	e28edb1e-5a40-4f86-9af0-edebe4858908	27729809	27737150	fwd	UWB_Cisp1
chr5	27882890	27886498	d2c24f64-a5b4-4bde-9999-1000b59fdbac	27879215	27886505	fwd	UWB_Cisp1
chr5	44428846	44440532	4280ca76-5f3b-466b-85b4-d6f261f7daab	44424824	44441894	fwd	UWB_Cisp1
chr5	49656292	49657533	be4ba0dc-5789-4082-aa15-27ca894bbab3	49656288	49661871	fwd	UWB_Cisp1
chr5	55162894	55165382	c9d39f90-d6ce-4b24-93e6-b42c8b1a48e7	55162878	55175818	fwd	UWB_Cisp1
chr5	59528182	59529293	b915e6cf-3628-4793-8da7-e022c35750b3	59522623	59533602	rev	UWB_Cisp1
chr5	80858222	80863799	970ec156-4fcc-4004-bfc4-9a78e54580eb	80852538	80864606	fwd	UWB_Cisp1
chr5	121380019	121389865	a9af70ab-2e6a-4716-96cc-c0ea36f172d6	121378039	121392311	fwd	UWB_Cisp1
chr5	121672883	121677561	29a92ece-873a-4ea3-9f09-167d64465f68	121661387	121681032	fwd	UWB_Cisp1
chr5	151490210	151495001	99d7fc3c-1e2e-4e6f-8e18-0f10207e8915	151488046	151502315	fwd	UWB_Cisp1
chr5	161595480	161602276	9cb2a2b7-af8b-4ddd-8dc8-cd00b8839dad	161589701	161604140	rev	UWB_Cisp1
chr5	173176341	173181213	5e792145-bf56-472e-9fa5-f759dc702a01	173169002	173182304	fwd	UWB_Cisp1
chr5	173193307	173198630	eb760fe6-419e-40b0-9675-e94d33ac708e	173186148	173198635	fwd	UWB_Cisp1
chr5	176345020	176348123	75b8dd85-cd15-46bf-811e-73fd206d43f9	176336320	176348129	fwd	UWB_Cisp1
chr5	180527940	180530969	9a58a825-8f7e-4497-a1f1-62019fe81629	180523574	180530982	fwd	UWB_Cisp1
chr6	10287685	10295676	5fb8e07c-2080-410b-bf28-042afd9d4087	10287679	10301034	rev	UWB_Cisp1
chr6	13827697	13828931	38a1b098-3ba1-43df-9217-5f7ce1090a99	13812869	13829451	fwd	UWB_Cisp1
chr6	46777845	46783066	3b4e2994-19b8-4c45-8a9c-77bbaa53dcf0	46774833	46783075	rev	UWB_Cisp1
chr6	54552912	54557471	f793795d-0a58-45ae-b35b-b59bee910a01	54543522	54558222	fwd	UWB_Cisp1
chr6	63134787	63140058	34515591-8b61-4e30-8e4b-6d459168ed9c	63134781	63144627	fwd	UWB_Cisp1
chr6	65755273	65757891	0f9dab25-f447-469a-ae4d-d3d2f6c020aa	65755268	65765626	rev	UWB_Cisp1
chr6	66994746	67000698	b2792e19-3b8c-46b0-b6e3-566d9d748bca	66994740	67004157	fwd	UWB_Cisp1
chr6	77164311	77174534	b2fe77d1-4cae-4d3c-a2d4-b126357a7a84	77164304	77179889	rev	UWB_Cisp1
chr6	79718097	79720507	3e0d70fe-bd0e-4d56-87ea-d05258415ab2	79711357	79720516	fwd	UWB_Cisp1
chr6	90806015	90814151	f8d07dfc-39b5-42fd-8b5d-d2bb60111bc4	90797651	90814156	fwd	UWB_Cisp1
chr6	136519326	136529006	fe4cae3e-4ce8-41ad-917e-ed2e6efe9925	136515535	136531526	rev	UWB_Cisp1
chr6	136703237	136708028	4759caad-f322-4c3f-add2-529399790c1b	136701348	136710886	fwd	UWB_Cisp1
chr6	137744140	137748618	4c3f36e2-70e5-4b66-9dd7-d6daea8d84a9	137744134	137753368	rev	UWB_Cisp1
chr6	141008428	141012381	427b3670-4514-4169-8655-1d2c036e36a4	141006326	141015298	rev	UWB_Cisp1
chr6	155425507	155429543	fd0a708e-a2ab-4c47-9411-3ccf97e023cd	155417171	155429553	fwd	UWB_Cisp1
chr6	155758734	155764471	c81fe245-de98-4009-9fab-d89e41eb6f3b	155752925	155764520	rev	UWB_Cisp1
chr6	156665579	156671791	1ce4b590-ddfe-4fc5-88aa-08c691498a32	156665574	156678402	rev	UWB_Cisp1
chr7	3223733	3226690	dec1adc0-2f2e-4e0a-ab9f-8165448ba375	3213788	3226694	rev	UWB_Cisp1
chr7	29109125	29112770	da9c3206-d495-4eb4-a544-fe7316ec1066	29109114	29115761	fwd	UWB_Cisp1
chr7	29804064	29816035	27478e35-da35-445f-b460-fff304b05b9b	29804024	29819957	fwd	UWB_Cisp1
chr7	35828001	35830893	5f1ebea1-3a3f-4f34-a5a3-77c20b3a4dfd	35822233	35830898	fwd	UWB_Cisp1
chr7	39821165	39823708	d03edc38-1bcd-4b26-9e16-314107071eca	39816827	39823714	fwd	UWB_Cisp1
chr7	50200519	50201665	6a7c9ad2-1595-49a8-94c4-767c4c1acedf	50200512	50213766	rev	UWB_Cisp1
chr7	52597460	52606172	53b017f0-7205-4c0e-92e0-98ef55957f76	52597138	52607572	rev	UWB_Cisp1
chr7	57592685	57605571	88d7fdae-9506-4f24-80db-8040748ddf56	57589922	57605577	fwd	UWB_Cisp1
chr7	63239167	63243632	f6aaf1da-dd64-49cf-ad2e-5318656689ca	63239160	63249725	rev	UWB_Cisp1
chr7	82701341	82705322	1e888728-b600-40ec-9c50-c3d8dfb8fc08	82701335	82708614	rev	UWB_Cisp1
chr7	83972025	83974287	64a3e8b1-4588-462c-8b40-475ebabd0a4d	83972019	83994251	rev	UWB_Cisp1
chr7	86017676	86021840	901c9fd1-240f-481c-af4b-52b06d09572e	86015729	86025513	fwd	UWB_Cisp1
chr7	93705012	93713121	9f77efb0-3960-4f05-ac35-adbd0fad743f	93705006	93718087	rev	UWB_Cisp1
chr7	98586787	98587984	5d75294f-caba-4ce1-9264-e2ed6fb4a875	98581292	98589372	rev	UWB_Cisp1
chr7	102386871	102391106	139095d4-3cc8-4365-af62-ad3b95b0dee2	102381687	102393205	fwd	UWB_Cisp1
chr7	120430050	120433488	5600c990-fac1-48f7-a512-7f9b284df4b8	120430045	120441669	rev	UWB_Cisp1
chr7	123580691	123584472	a9438818-529f-4945-b78c-4293938d39b4	123580687	123588512	fwd	UWB_Cisp1
chr7	125680315	125687669	95953587-2e32-4a16-995e-9b2423db5122	125678564	125690179	rev	UWB_Cisp1
chr7	137965157	137966389	a780115a-aaa0-4f0f-92b5-b4dabd44dbb5	137965152	137974401	rev	UWB_Cisp1
chr8	36378219	36381638	2f38d079-a495-476f-9f5c-e55f0a4a3b80	36378214	36383793	rev	UWB_Cisp1
chr8	37027670	37036439	f405faf0-0315-466d-9bd1-eb4b46b8e492	37026651	37041297	rev	UWB_Cisp1
chr8	40973915	40977231	e7f349da-3001-437c-baac-70719a418d2c	40969117	40977239	fwd	UWB_Cisp1
chr8	49048350	49050076	eef0f949-f0c2-4fc3-9ed7-5a88b8a27371	49043578	49051648	rev	UWB_Cisp1
chr8	58924616	58926203	8d2ee18e-fec3-4b1e-950c-dff02c639020	58920520	58926208	rev	UWB_Cisp1
chr8	61186132	61190290	c20b4898-522e-4c9c-9ee5-693b2c2af654	61178403	61194656	fwd	UWB_Cisp1
chr8	68593114	68601382	adf303f8-6f7f-4b1a-aa39-731b3a0d3943	68587799	68601974	fwd	UWB_Cisp1
chr8	73653204	73657212	9658ab91-e42d-44c3-b233-e7ac8ad8c4f9	73653197	73663332	rev	UWB_Cisp1
chr8	79471276	79473931	41f392a7-e20a-4f95-ad48-bf2a5db0a650	79467371	79477804	fwd	UWB_Cisp1
chr8	90365472	90367145	dcd1227d-17ee-4edb-8b7f-0135aba0fd80	90365467	90375413	fwd	UWB_Cisp1
chr8	96809830	96816060	6f5a68ce-66fd-4ca9-9826-0e6d87239d7d	96806313	96817128	fwd	UWB_Cisp1
chr8	103408460	103413386	a1715d6b-3dfa-4453-b9fd-6d44c915a31b	103406628	103413395	rev	UWB_Cisp1
chr8	105526231	105529974	01021746-afcf-4d98-b161-f5c5fe1b749d	105520030	105529991	rev	UWB_Cisp1
chr8	123204344	123210113	19146341-965d-4f98-a85e-0a8e82ff90de	123203366	123212578	rev	UWB_Cisp1
chr8	126873417	126874827	8ad7cf37-0466-4cb6-b0b8-2d542fec429c	126871394	126881797	rev	UWB_Cisp1
chr8	127685856	127693427	a8699e56-a794-4eac-9efc-9c9d21d7954f	127685850	127699871	fwd	UWB_Cisp1
chr8	129959632	129968460	0cc5d2e2-127a-4a77-a413-8c90d1b7e5c9	129959627	129970878	rev	UWB_Cisp1
chr8	139732422	139740151	76dada49-83f8-49a5-ac97-00117aa45209	139732415	139744500	fwd	UWB_Cisp1
chr9	5892560	5894915	58295669-d14f-4a31-9a1d-010bbfe1e2db	5882846	5894920	rev	UWB_Cisp1
chr9	17206028	17209311	8fbf27d5-bda0-41a7-be89-1eb525954ab6	17198122	17209321	fwd	UWB_Cisp1
chr9	24403290	24406988	7e494da2-1407-48ef-9e42-d154a437de82	24403223	24410690	fwd	UWB_Cisp1
chr9	28818973	28826053	56ba7d3d-b0f4-4a96-926a-36427053e07f	28813036	28826356	rev	UWB_Cisp1
chr9	70489395	70491248	cab5c077-2f03-4b3e-bf9a-bcebd6164902	70480218	70491372	rev	UWB_Cisp1
chr9	90510237	90517575	661dcca8-58b6-408e-bafd-0e9eb7eb9cad	90501181	90518457	rev	UWB_Cisp1
chr9	98297969	98299908	3b1c7ebb-3d57-4f40-8d74-585bcb863e1e	98297963	98305555	rev	UWB_Cisp1
chr9	99132548	99142727	56f3369e-5dc0-4ce1-aa20-3ca35f52f19c	99131369	99148824	fwd	UWB_Cisp1
chr9	104614425	104621319	e6fa8e4b-6203-4fee-be87-f1128de27a6d	104606825	104634578	rev	UWB_Cisp1
chr9	107017439	107020511	47ffc12e-86ab-4137-88e4-1f38506d995a	107017435	107028047	fwd	UWB_Cisp1
chr9	117480953	117492102	0faa4818-74ad-42f1-a722-d54ec26fb514	117474830	117495921	fwd	UWB_Cisp1
chr9	120407840	120408993	771f84ae-c5bd-49ec-bedb-aa25bf859d3d	120397757	120408998	rev	UWB_Cisp1
chr9	126592284	126595141	e4a86196-9cf8-457c-9f67-7cec3fe8f53b	126592280	126599035	fwd	UWB_Cisp1
chr9	129050432	129052695	1e543763-9bd1-4b75-aa10-8f1c16fc25b4	129044146	129052972	fwd	UWB_Cisp1
chrX	15792615	15797162	d6aa7e8c-98fd-4971-9f85-340d1820635e	15788763	15798643	fwd	UWB_Cisp1
chrX	36439852	36442825	c564bd26-5304-4b0b-b773-cda384cbcf53	36437671	36444365	fwd	UWB_Cisp1
chrX	38840977	38842953	c805ccfa-17a7-4478-bdba-f06284f68c8e	38836324	38848082	rev	UWB_Cisp1
chrX	51005703	51013018	6fe43130-61f9-40d5-85c6-2e47b4d66b7b	50997455	51013027	rev	UWB_Cisp1
chrX	53802636	53807119	6eba1beb-df56-4579-b549-ff07b6bc71a5	53788325	53808000	rev	UWB_Cisp1
chrX	56397853	56403277	6efd07ed-f134-4d48-b214-a15f5f2a73d9	56391908	56403281	rev	UWB_Cisp1
chrX	109171696	109173505	d688fc69-d012-426b-9c09-287c6770d163	109163054	109173510	fwd	UWB_Cisp1
chrX	112178190	112182236	bce746fc-32c4-479d-ae8f-5386990675bd	112175097	112184193	rev	UWB_Cisp1
chrX	125751569	125761130	40959b7a-4bb9-4bee-b040-249a43b79ca5	125746546	125761137	rev	UWB_Cisp1
chrX	129462283	129474178	3e0dd996-7522-427c-a4af-8e4c3b761c93	129456928	129493497	fwd	UWB_Cisp1
chrX	129762530	129771907	cfbb99e4-ad13-4b37-8a4b-f8b3e1c9cfcf	129760987	129776547	fwd	UWB_Cisp1
chrX	147228836	147231493	a6311489-2db4-49f7-97fe-ff2cd8ce6126	147228829	147236968	fwd	UWB_Cisp1
chrY	56826394	56828035	9bbe7047-bc18-49b2-a04a-453dcf92616d	56825774	56839551	fwd	UWB_Cisp1
