chromosome	fork_start	fork_end	readID	read_start	read_end	strand	fork_length_bp	EdU_length_bp	BrdU_length_bp	EdU_segment_contamination	EdU_segment_purity	BrdU_segment_contamination	BrdU_segment_purity	stall_score	fork_direction	sample
chr1	797259	805272	c8ca2746-bda7-40f0-baec-3cada5bb9476	797254	805281	rev	8013	4699	2700	0.034605	0.827684	0.107962	0.723347	-3	left	OV3_Cisp0
chr1	2230033	2243181	f09ffc9b-680b-4b81-b166-e9738e69a601	2229985	2243188	fwd	13148	1268	6916	0.005848	0.815789	0.040445	0.771981	-3	left	OV3_Cisp0
chr1	3152756	3163251	1f333b3c-ce32-473a-9f3e-5b5e4060533e	3151053	3172735	rev	10495	3798	5232	0.018158	0.561608	0.002648	0.781995	-3	left	OV3_Cisp0
chr1	5164375	5175702	f43dd5e2-c54d-4bed-bb4e-b780e369f543	5164360	5178259	rev	11327	2777	6248	0.093617	0.550355	0.043505	0.705136	-3	left	OV3_Cisp0
chr1	5654184	5665810	fab4e0aa-7409-4a49-becb-bfaba0b71d15	5654175	5665967	fwd	11626	1065	9418	0.083333	0.491667	0.037699	0.808603	-3	left	OV3_Cisp0
chr1	7047036	7055602	6f6410b0-627f-44ff-a79c-d31d357979f5	7047030	7055606	rev	8566	3395	4680	0.020833	0.559295	0.011375	0.873837	-3	left	OV3_Cisp0
chr1	7329525	7343530	5cc4fe90-f6b1-445e-956f-1a15ab03fc35	7329510	7343543	rev	14005	4123	9545	0.041314	0.735169	0.050819	0.859303	-3	left	OV3_Cisp0
chr1	7504556	7517422	43b2a87b-c31f-4368-ad9c-47c62dd28b95	7504550	7533022	rev	12866	4952	4339	0	0.337696	0.011976	0.683633	-3	left	OV3_Cisp0
chr1	8219318	8230597	6fe08187-50f9-4f79-8830-3dc2342cc179	8210088	8242505	fwd	11279	3499	5629	0.001508	0.366516	0.011586	0.614772	0.349162	left	OV3_Cisp0
chr1	10148005	10167041	5101076a-545a-4ea0-a22a-961972d53d6d	10140611	10186282	rev	19036	4999	9717	0	0.642918	0.004448	0.819125	-3	left	OV3_Cisp0
chr1	11318634	11331188	f6735164-623d-460e-b0ad-0494c9edbc6c	11318629	11335929	fwd	12554	4501	4639	0.002885	0.503846	0.023011	0.748802	-3	left	OV3_Cisp0
chr1	11465710	11472956	989f5e68-ca8a-42d4-ad01-511deea88425	11464729	11474076	rev	7246	4343	1720	0.029463	0.660312	0.044619	0.637795	-3	left	OV3_Cisp0
chr1	15109123	15122562	0ff5e647-b146-4b71-acbd-a33a7f64fd49	15109118	15128563	rev	13439	4699	7314	0	0.481778	0.05594	0.653677	-3	left	OV3_Cisp0
chr1	18652269	18657696	81582bae-f94b-4a09-aaed-c1d1bb0b90ac	18652262	18657700	rev	5427	1500	2385	0.122549	0.789216	0.050435	0.848696	-3	left	OV3_Cisp0
chr1	19214628	19226043	46fac2fb-ff20-4186-8d9e-4c58005fc62c	19201766	19226067	fwd	11415	1005	6950	0	0.283843	0.008444	0.906514	0.126749	left	OV3_Cisp0
chr1	27000436	27009103	cb8c22fb-b199-42b5-b59a-a5a4840fd8fa	26993357	27024580	rev	8667	1217	7121	0	0.549645	0.02236	0.603106	-3	left	OV3_Cisp0
chr1	31572991	31580266	9f80eaa8-8b24-496f-86e2-48b4c644888e	31566453	31598839	rev	7275	2295	2641	0	0.336471	0.004399	0.697947	-3	left	OV3_Cisp0
chr1	39750513	39758875	a535ab8a-8557-4fc2-8cac-eafd5bab8175	39744406	39770722	rev	8362	4940	3014	0	0.349388	0	0.772727	-3	left	OV3_Cisp0
chr1	42558273	42582282	60fa8bbd-36d9-46f2-a3f8-32b32c2bf52b	42558269	42587932	fwd	24009	7359	11970	0	0.530551	0.037311	0.778824	-3	left	OV3_Cisp0
chr1	42945343	42957988	e1e6012f-3b0b-4ae1-9f5a-81e63870aada	42945336	42957994	fwd	12645	4565	5916	0.036157	0.711777	0.039751	0.787997	-3	left	OV3_Cisp0
chr1	44175243	44184246	0166e623-f789-4330-ae0f-1e2b7e089b87	44170504	44184261	rev	9003	1057	5003	0	0.826087	0	0.858391	-3	left	OV3_Cisp0
chr1	51402327	51409218	20c19516-000c-40d3-ac50-cd173013c8a2	51402310	51418448	rev	6891	3939	2371	0.006346	0.613781	0.038519	0.536296	-3	left	OV3_Cisp0
chr1	51496989	51509626	268e5a20-5b45-4891-adc9-0666b44a7e7d	51496440	51509632	rev	12637	1222	10177	0	0.950739	0.024496	0.893953	-3	left	OV3_Cisp0
chr1	52022315	52033457	f990bdf4-e0fd-42e5-ad1f-fa0dfaf1c041	52021356	52033478	rev	11142	2117	7975	0	0.868321	0.004255	0.913475	-3	left	OV3_Cisp0
chr1	54815280	54821918	25ad67c5-f4bc-4242-b305-19f9c836d5c9	54815275	54824867	rev	6638	1881	4648	0	0.404494	0.006557	0.820765	-3	left	OV3_Cisp0
chr1	63053254	63062608	a7c438e0-0b8f-4d23-92ff-3dc171761a2b	63052236	63062612	rev	9354	3059	5775	0.006593	0.659341	0.097011	0.440496	-3	left	OV3_Cisp0
chr1	64148668	64156613	da4b0532-03ba-450a-a9c4-61da071a0773	64148663	64162157	rev	7945	3865	3219	0.020495	0.609735	0.046229	0.572993	-3	left	OV3_Cisp0
chr1	64686682	64697368	430d04b0-527e-420c-8f4f-c68870cc6f9a	64685326	64698869	fwd	10686	4184	5937	0	0.630884	0.048378	0.833628	-3	left	OV3_Cisp0
chr1	67523468	67533092	16c202b5-6785-470f-949a-f69ff02d6f31	67523461	67539378	fwd	9624	4685	4617	0.003205	0.490385	0.03413	0.673208	-3	left	OV3_Cisp0
chr1	69290854	69305780	5237684a-8777-435d-9b29-a0fd57e5dd3f	69290845	69306700	fwd	14926	12617	1550	0.015586	0.644978	0.11087	0.673913	-3	left	OV3_Cisp0
chr1	73982736	73999274	6594b06e-0136-48d7-a1b3-bf3d9c79da18	73982541	74012614	fwd	16538	5058	8805	0.018006	0.317042	0.003947	0.798349	-3	left	OV3_Cisp0
chr1	84953627	84966890	c8ca37d2-c6bc-443e-b131-3bbbfb890115	84953618	84974952	rev	13263	4728	7346	0.024005	0.72428	0.032287	0.809865	-3	left	OV3_Cisp0
chr1	86702030	86716355	d9d072cc-8767-437b-95be-9cb4f6be58b3	86701891	86717132	rev	14325	5258	6300	0.000613	0.537423	0.033129	0.757055	-3	left	OV3_Cisp0
chr1	88294858	88297725	6a7b01a0-a405-4764-95d4-e53ce944b51c	88291247	88321450	rev	2867	511	1017	0	0.419355	0.02518	0.42446	-3	left	OV3_Cisp0
chr1	89327379	89334724	2a41d31a-f0ca-4634-a24e-d88295dc856b	89304517	89343662	rev	7345	4621	1712	0.000683	0.843686	0.088235	0.727554	-1	left	OV3_Cisp0
chr1	92202822	92209981	1be42edd-73ba-4528-b74b-b4c6d0de53eb	92202811	92219210	rev	7159	3320	3479	0	0.509091	0	0.706963	-3	left	OV3_Cisp0
chr1	94317355	94321986	d74fb123-5a26-4407-8f52-33092c37230a	94317349	94335509	rev	4631	2032	1778	0	0.368243	0.028283	0.652525	-3	left	OV3_Cisp0
chr1	97065303	97075295	a2229763-2726-4491-bfb7-a225aeda196a	97065297	97097739	fwd	9992	5248	4337	0	0.494769	0.004751	0.69042	-3	left	OV3_Cisp0
chr1	98119842	98126543	f1975cc5-46ed-4933-bafa-61b07441fc22	98119837	98129611	rev	6701	1533	1538	0.004866	0.827251	0.093182	0.690909	-3	left	OV3_Cisp0
chr1	99890583	99896219	dd706040-1fdd-4677-809e-b48e4118b133	99890577	99896225	fwd	5636	2532	2776	0.006402	0.878361	0.071032	0.781354	-3	left	OV3_Cisp0
chr1	102839003	102852087	c1945ad1-644b-4e0e-80b5-e2b3191c1ca7	102826119	102852091	rev	13084	1651	11159	0.011086	0.838137	0.005493	0.897378	-2	left	OV3_Cisp0
chr1	103419780	103449885	a7b804c2-2071-4113-8d05-f5f49438d307	103398907	103464163	rev	30105	3065	26116	0.010638	0.730496	0.018326	0.645033	0.282911	left	OV3_Cisp0
chr1	109146727	109162740	6ee38348-62a2-4e8b-8990-54fea105efb2	109141127	109171799	fwd	16013	7468	6882	0.002931	0.454323	0.023902	0.685937	-3	left	OV3_Cisp0
chr1	116194319	116201273	035317d1-69fc-42dc-9b7c-26b6b67771e0	116194313	116206952	rev	6954	3277	1602	0	0.740189	0.035714	0.676339	-3	left	OV3_Cisp0
chr1	117040148	117050986	dfb4fb20-0f42-4d97-871b-22b95875b3c0	117039592	117064841	fwd	10838	2171	8048	0.050328	0.345733	0.004494	0.838202	-3	left	OV3_Cisp0
chr1	124942969	124959853	522ea325-9b57-48ff-8a25-be226e792b60	124932825	124959859	fwd	16884	3522	9605	0.012832	0.776352	0.009814	0.798985	0.161105	left	OV3_Cisp0
chr1	143188071	143205414	f7586cbc-15e5-4ea2-8d69-ca77234fa62c	143184587	143242897	rev	17343	614	16729	0	0.666667	0.012422	0.739389	-3	left	OV3_Cisp0
chr1	143210602	143227344	f7586cbc-15e5-4ea2-8d69-ca77234fa62c	143184587	143242897	rev	16742	9407	4573	0.004501	0.653028	0.01227	0.763804	-1	left	OV3_Cisp0
chr1	143194677	143200293	c626baae-f2d1-412f-b78d-59576a5e0ed6	143190268	143226250	fwd	5616	607	4911	0.163043	0.130435	0	0.551111	-3	left	OV3_Cisp0
chr1	143212250	143224122	737b8753-1774-41b3-9db6-335084da4594	143212234	143224129	fwd	11872	2488	8449	0.002151	0.88172	0.00612	0.936353	-3	left	OV3_Cisp0
chr1	143725009	143731497	5841b805-7f92-4218-8245-fedbdf947ebc	143724973	143743544	rev	6488	1500	4317	0	0.261845	0.003364	0.502103	-3	left	OV3_Cisp0
chr1	150179785	150186382	e69ed1d7-f589-412a-b838-35d5210610d6	150179681	150223433	fwd	6597	3225	2043	0	0.538945	0.017928	0.563745	-3	left	OV3_Cisp0
chr1	153113897	153144279	32278e75-4d8a-420c-9615-5f09e94faf6d	153113886	153144286	rev	30382	9318	20046	0.034355	0.659548	0.019556	0.829427	-3	left	OV3_Cisp0
chr1	156144265	156150721	ab27d203-6436-416b-abee-b73fab38f9fd	156129949	156171390	fwd	6456	2103	4064	0	0.489978	0.005988	0.780439	0.159127	left	OV3_Cisp0
chr1	157924069	157946345	bd3601d6-5047-4597-95c1-6eeb94f7f052	157915180	157959328	rev	22276	4004	16906	0.000937	0.684161	0.030366	0.755694	0.513024	left	OV3_Cisp0
chr1	158112791	158124012	83890de9-3046-40aa-b18f-efde27e4af66	158110344	158124107	rev	11221	3994	6598	0.055713	0.692162	0.003145	0.844654	-3	left	OV3_Cisp0
chr1	159879240	159903887	6c85a0ff-27d0-4012-a38e-fc6efa7d1104	159871807	159903894	fwd	24647	1540	21343	0.098361	0.704918	0.04316	0.667855	-3	left	OV3_Cisp0
chr1	159916522	159927383	36a35e32-b749-4249-b28f-97b8164c2e26	159916518	159933921	fwd	10861	3914	5772	0	0.617414	0.058624	0.706032	-3	left	OV3_Cisp0
chr1	164424957	164442396	198482b3-a4cc-4336-979a-d10881901c94	164419285	164459448	rev	17439	4602	12245	0.0484	0.632319	0.028442	0.837586	-3	left	OV3_Cisp0
chr1	167705081	167711656	a54b8581-ebe3-4e94-bf6e-8fb79029952a	167705075	167725251	rev	6575	1995	1383	0.001626	0.482927	0.052941	0.814706	-3	left	OV3_Cisp0
chr1	168120383	168138506	564941ec-f77f-4de6-9349-1d03cbb81d40	168115604	168138520	rev	18123	1230	13124	0.095238	0.741071	0.010017	0.902337	-3	left	OV3_Cisp0
chr1	168159805	168164434	6ec71b8c-6861-479a-b227-43f83e1c492e	168159801	168167102	fwd	4629	2447	1512	0.011799	0.314159	0.010345	0.562069	-3	left	OV3_Cisp0
chr1	172352902	172371496	275e3c7c-7a7f-4fa4-b035-6a504f6681bd	172349533	172371503	rev	18594	1732	16544	0	0.74502	0.002782	0.888332	-3	left	OV3_Cisp0
chr1	177890945	177899256	33ad1fba-03b3-4736-b3e0-541aced5646a	177890937	177904943	fwd	8311	2290	5155	0.020561	0.493458	0.071242	0.582103	-3	left	OV3_Cisp0
chr1	177953472	177966241	6c94e4a7-a7f1-41bd-ae94-470f126727fb	177951927	177966294	fwd	12769	3272	4864	0.069588	0.715206	0.035441	0.820014	-3	left	OV3_Cisp0
chr1	184732272	184748659	977aa037-e8e3-43ec-a33a-336abd31c1fb	184727368	184755527	rev	16387	3724	9454	0.000787	0.916535	0.003548	0.930968	-3	left	OV3_Cisp0
chr1	185015930	185021617	02795b09-45ba-4519-af44-557dbc20b0b6	185015925	185034804	rev	5687	1217	4050	0	0.459459	0.00466	0.76794	-3	left	OV3_Cisp0
chr1	191011780	191020292	b7624c87-b3a1-4561-825e-7439ef6a8341	191011776	191029182	fwd	8512	3259	4935	0	0.781059	0.002149	0.818052	-3	left	OV3_Cisp0
chr1	191736410	191749405	fe52632f-630b-4817-b103-d5d272c55fe4	191734333	191749410	fwd	12995	1636	10283	0.013972	0.846307	0.009709	0.89108	-3	left	OV3_Cisp0
chr1	192080656	192086690	9de067d0-7f23-470a-90fb-111c17098516	192079223	192100634	rev	6034	2948	2478	0	0.360094	0.006452	0.676129	-3	left	OV3_Cisp0
chr1	192306259	192310627	e0a186f5-1dbf-43e7-9063-8090e76086f2	192306255	192318830	fwd	4368	2502	1075	0	0.587571	0	0.652568	-3	left	OV3_Cisp0
chr1	192764241	192782702	c0252a52-9de6-4035-b41b-ab5f29fa07eb	192764231	192782707	fwd	18461	1928	14103	0.044226	0.826781	0.006494	0.895142	-3	left	OV3_Cisp0
chr1	197229167	197243820	c5fc7d9c-0880-4f82-908f-247410b69dd5	197224859	197248049	rev	14653	7109	7158	0.015339	0.39056	0.02643	0.824123	-3	left	OV3_Cisp0
chr1	202802351	202813092	6adde54c-f193-4c92-a56c-3d696a0fb59c	202802338	202814508	rev	10741	4666	4606	0	0.852827	0.046763	0.766187	-3	left	OV3_Cisp0
chr1	205991950	206009353	ab106566-81eb-4ee5-9037-1525b9606632	205990100	206009357	rev	17403	4297	12721	0.007477	0.629907	0.04394	0.803848	-3	left	OV3_Cisp0
chr1	207601595	207609591	907118b5-f62b-42cc-930d-58091c7e0557	207600347	207626111	rev	7996	3772	2502	0.00354	0.550442	0.060794	0.549628	-3	left	OV3_Cisp0
chr1	209539640	209563169	7abea679-ebc5-4f7d-9012-cf8a1fb62832	209536704	209563174	rev	23529	4742	15061	0.030675	0.78911	0.020662	0.893702	-3	left	OV3_Cisp0
chr1	219038982	219051555	864dd8fc-f11f-427c-9adb-ac28574e6c71	219038975	219053697	rev	12573	3867	8495	0.011263	0.45535	0.018599	0.853581	-3	left	OV3_Cisp0
chr1	223480235	223484388	a37dcbba-45bd-4a77-80d3-5dae45a65f2c	223461031	223484394	fwd	4153	3224	603	0	0.570342	0.02027	0.77027	-1	left	OV3_Cisp0
chr1	225160244	225173216	2f2fc87e-a428-4d32-9e02-ebc73693290a	225159066	225180662	rev	12972	4613	6630	0.012892	0.504484	0.005559	0.802347	-3	left	OV3_Cisp0
chr1	226284603	226305717	376695f7-b12f-42e0-9211-c5c9cb8a4003	226266680	226305722	rev	21114	4000	13980	0.034566	0.814309	0.001611	0.763461	0.303249	left	OV3_Cisp0
chr1	228015514	228029670	f78ff939-c3af-4059-8a15-9027f19420b2	228011579	228033269	rev	14156	5485	4415	0	0.672807	0.023379	0.798087	-3	left	OV3_Cisp0
chr1	232672049	232676925	81209482-d556-495d-8d33-36d9a94ecb38	232672040	232693824	fwd	4876	2113	1116	0.013962	0.272251	0	0.531365	-3	left	OV3_Cisp0
chr1	235395944	235404579	fcd5e1fd-14c4-42cc-854a-1e83266fc94d	235395939	235407572	rev	8635	3864	2531	0	0.610753	0.076923	0.611227	-3	left	OV3_Cisp0
chr1	236809256	236817968	13aa2063-ae81-4364-a190-25330239845e	236789736	236820954	rev	8712	1307	5541	0.016181	0.530744	0.012829	0.85696	0.083111	left	OV3_Cisp0
chr1	238460416	238492896	ffdb808c-a5d4-4f18-9008-f1c4949fbb8e	238459861	238508465	rev	32480	8275	22631	0.00392	0.361934	0.017509	0.78578	-3	left	OV3_Cisp0
chr1	245116419	245126065	4be45429-9e46-4ded-8b7b-d0ca9fbd9ca5	245116193	245136157	fwd	9646	4167	4246	0.005455	0.492727	0	0.721659	-3	left	OV3_Cisp0
chr1	248623958	248636807	9f78d47c-bd87-46a1-a0bf-00f7cc5c6c76	248622933	248645394	fwd	12849	3626	6084	0	0.675749	0.028888	0.799631	-3	left	OV3_Cisp0
chr10	3352701	3359984	b46a5ae8-2aaf-4625-8d3b-9aeb44a459aa	3352692	3361860	fwd	7283	4414	1824	0	0.8	0.067698	0.833656	-3	left	OV3_Cisp0
chr10	6012675	6019350	922ae72e-1c2d-48e3-82fd-11f6df553a8c	6011957	6026746	rev	6675	2797	1714	0.050432	0.436599	0.083532	0.548926	-3	left	OV3_Cisp0
chr10	11211539	11216730	5b4a15d1-e77a-4a5d-b1dd-9207a950aa5c	11211532	11222934	rev	5191	3134	1505	0.047205	0.493168	0	0.650273	-3	left	OV3_Cisp0
chr10	15347574	15358168	af07dbf6-18d1-449c-a867-838fb53f315a	15347570	15369523	fwd	10594	3567	4950	0.015801	0.413093	0.033145	0.617623	-3	left	OV3_Cisp0
chr10	15714113	15725823	ea236aa7-d994-40a3-9acb-b7093259ac48	15713727	15764301	fwd	11710	3833	4152	0.030512	0.531496	0.003953	0.647431	-3	left	OV3_Cisp0
chr10	26459610	26477392	fc658019-c582-4b2e-9148-219bdac50142	26450950	26492856	rev	17782	4405	12118	0	0.521855	0.015906	0.821729	0.145869	left	OV3_Cisp0
chr10	27880908	27887685	06d0df35-9cd3-4d72-8b8d-a628efb2e75e	27863089	27892792	fwd	6777	1058	2663	0	0.383721	0	0.843844	0.212169	left	OV3_Cisp0
chr10	27997569	28022787	c6a5d300-6a22-422d-bef2-1e198551487d	27995592	28026113	rev	25218	5734	18428	0.022129	0.873804	0.140427	0.719541	-3	left	OV3_Cisp0
chr10	36499934	36510594	4309e102-d97d-4719-95f8-4e673c981a74	36499926	36510601	fwd	10660	2860	5262	0.040404	0.698232	0.003906	0.865234	-3	left	OV3_Cisp0
chr10	41883853	41898042	ae945a1f-518f-44aa-9195-a335914d4c9c	41878419	41904609	fwd	14189	1090	12660	0.009756	0.326829	0.011756	0.500367	-3	left	OV3_Cisp0
chr10	41882040	41884242	19189686-06da-4937-9653-78179ae02abd	41881813	41898802	fwd	2202	589	1168	0	0.588235	0.056122	0.591837	-3	left	OV3_Cisp0
chr10	41890479	41894958	19189686-06da-4937-9653-78179ae02abd	41881813	41898802	fwd	4479	1568	918	0	0.518692	0.006944	0.659722	-1	left	OV3_Cisp0
chr10	41882923	41887098	ad971243-02ec-4388-9c70-34f306949184	41882919	41897568	fwd	4175	1588	1081	0	0.188406	0.005405	0.405405	-3	left	OV3_Cisp0
chr10	41905470	41907908	8274a84d-542b-4eb7-aa58-88139a704dd9	41904110	41916259	fwd	2438	704	1734	0	0.333333	0	0	-3	left	OV3_Cisp0
chr10	42093170	42099663	a354f685-1685-4a8b-a707-23d0d723b21e	42072778	42099669	fwd	6493	1150	2866	0.067925	0.558491	0.016667	0.57	-3	left	OV3_Cisp0
chr10	44126998	44147917	082d6fc0-1e34-4f9f-a71d-37818335eb38	44126994	44149863	fwd	20919	8832	8775	0	0.305964	0.000398	0.69662	-3	left	OV3_Cisp0
chr10	45340712	45350199	e9c9bb2e-3b5a-4bab-95ef-4b49c5fffcde	45333987	45350203	rev	9487	2706	6251	0.03168	0.674931	0.000483	0.865217	-3	left	OV3_Cisp0
chr10	45526415	45537570	8e759479-7754-4c0c-ae42-e265a19e8716	45525868	45537577	fwd	11155	5316	2538	0.003003	0.766517	0.053803	0.660482	-3	left	OV3_Cisp0
chr10	46564627	46573941	738be5ef-0de8-45f5-9fcf-7b553ad95182	46563045	46592263	fwd	9314	3431	5327	0.042767	0.490566	0.013333	0.623158	-3	left	OV3_Cisp0
chr10	47754260	47769437	51d367af-3f2c-4657-a3e9-96c3c3f4f85d	47753255	47779903	fwd	15177	8089	2429	0.007706	0.406639	0.005693	0.54649	-3	left	OV3_Cisp0
chr10	50471734	50490477	a727cfe2-8c2c-4d3d-ae41-10c68287fecc	50470931	50493815	fwd	18743	2227	14257	0.0016	0.5408	0.031337	0.798946	-3	left	OV3_Cisp0
chr10	54448489	54456127	2f3c2a6d-06f3-4219-bdcc-ad16ffbe1797	54448482	54456132	fwd	7638	1414	4417	0.137097	0.69086	0.121191	0.752078	-3	left	OV3_Cisp0
chr10	55410839	55419726	d3dee7ef-6b5a-4415-abfc-f397bc0b90e1	55410829	55419733	rev	8887	6259	2295	0.016294	0.785847	0.17625	0.7375	-3	left	OV3_Cisp0
chr10	59733938	59738681	cef824bc-a2bf-4f85-af89-91af82d0fd02	59733933	59740526	fwd	4743	2934	1494	0	0.658257	0.021277	0.77305	-3	left	OV3_Cisp0
chr10	63362957	63371256	de142b0f-1ccd-4fde-87c2-442d6e23ec3f	63362951	63371260	rev	8299	3125	4407	0.014223	0.405908	0.023622	0.770779	-3	left	OV3_Cisp0
chr10	68324183	68336757	3e4d5b92-f8de-4dcb-8982-26c086c9caac	68324175	68336766	rev	12574	4355	6345	0.070662	0.729875	0.012055	0.876005	-3	left	OV3_Cisp0
chr10	69067130	69072620	227c8fb9-902e-48cb-b03c-4537228f1e9a	69067012	69072630	fwd	5490	2671	1338	0.041193	0.784091	0.133903	0.763533	-3	left	OV3_Cisp0
chr10	75334303	75351381	806e2fef-70c1-43a2-908c-feb17b78608f	75334297	75371822	rev	17078	2181	11812	0	0.84854	0.033708	0.734423	-3	left	OV3_Cisp0
chr10	77507221	77522870	7c290f19-d9da-4d36-923b-fae0624a958d	77507211	77523855	rev	15649	3877	8910	0.008333	0.914583	0.026672	0.914735	-3	left	OV3_Cisp0
chr10	81624477	81633813	5d781a47-a8b9-484c-bfdd-45127b89abe6	81617298	81634126	rev	9336	5438	2741	0.007613	0.457858	0.010554	0.800792	-1	left	OV3_Cisp0
chr10	83595878	83600767	74713568-44f6-46fc-94f4-20e754f27660	83582474	83609729	rev	4889	1569	2501	0	0.449692	0.026536	0.628492	0.773791	left	OV3_Cisp0
chr10	85872743	85880427	c82785bc-51dd-4f7a-bd39-3a6b4f1a1290	85872737	85898571	rev	7684	1557	5652	0.020155	0.451163	0.04008	0.607214	-3	left	OV3_Cisp0
chr10	86195609	86206252	2b63f690-dfd2-4d59-9738-4ad2acf2d4f2	86195602	86222370	rev	10643	4127	6115	0	0.599424	0.035859	0.754772	-3	left	OV3_Cisp0
chr10	87563444	87571634	136a452d-def1-4428-8519-71560de7b108	87560929	87580724	fwd	8190	1521	4042	0.026393	0.451613	0.012304	0.813199	-3	left	OV3_Cisp0
chr10	87953403	87967426	441dd2cd-3706-4c38-b5bf-66dee735e3ed	87953224	87997929	fwd	14023	2133	8142	0.00142	0.31108	0.019767	0.593023	-3	left	OV3_Cisp0
chr10	93371562	93384561	5c11814b-2c8f-4c71-99c9-a9458c4b0d5b	93369920	93384574	fwd	12999	3239	8890	0.008363	0.904421	0.014303	0.884386	-3	left	OV3_Cisp0
chr10	96193541	96216517	b33073b3-1b2a-4eaa-90f4-432239ded3c3	96191852	96216522	rev	22976	4648	17894	0.013312	0.776038	0.023137	0.852266	-3	left	OV3_Cisp0
chr10	96820723	96835993	59b1cff0-2cf8-43a0-9644-bb4d972a1db7	96820717	96838975	fwd	15270	2931	11117	0.004376	0.586433	0.013646	0.825402	-3	left	OV3_Cisp0
chr10	102335508	102342297	e0d3d35c-228c-4c96-ba1e-3252d8ffc859	102335502	102349582	rev	6789	2969	1143	0	0.462353	0.034783	0.568116	-3	left	OV3_Cisp0
chr10	104015481	104027764	b5e3ed57-9af1-4a85-bd3e-f5aef7410991	104013681	104029265	rev	12283	2091	8173	0	0.607908	0.010536	0.885865	-3	left	OV3_Cisp0
chr10	109775334	109788401	c328e9d8-9ef2-4fa9-8dc9-f300a93c1c6c	109764758	109793873	fwd	13067	4356	8305	0	0.469804	0.01257	0.721283	0.729766	left	OV3_Cisp0
chr10	112893647	112899843	f0c69f26-edcf-4944-9c21-dd29cb1556a2	112892584	112926180	fwd	6196	3979	1881	0	0.61651	0.004211	0.684211	-3	left	OV3_Cisp0
chr10	113477391	113488094	e3ae8327-7450-4057-8f0f-11dd8fb4e83f	113475823	113496256	fwd	10703	5857	1716	0	0.526032	0.049217	0.64877	-3	left	OV3_Cisp0
chr10	116245993	116260618	e35cbb33-987c-4352-bace-383c35d9dc29	116208150	116265600	rev	14625	3393	8548	0	0.650424	0.054428	0.629806	0.760974	left	OV3_Cisp0
chr10	116924026	116941684	ec0e02ea-9344-4570-8f71-e71cdfbddda1	116924015	116952565	rev	17658	7430	9178	0	0.506849	0.030326	0.773493	-3	left	OV3_Cisp0
chr10	118131886	118138635	e4da17f1-50f5-4954-be9b-f183843236df	118131882	118144375	fwd	6749	2904	3168	0.023356	0.599481	0.089588	0.543584	-3	left	OV3_Cisp0
chr10	123584066	123593194	de8d4888-16e9-4fa3-aea3-79bbb607258e	123583973	123600811	fwd	9128	4752	2845	0.005307	0.535254	0.023704	0.582222	-3	left	OV3_Cisp0
chr10	123627676	123641046	02e4a93f-99dc-4c3f-9233-b290b6234774	123627665	123642027	rev	13370	6281	5844	0.000611	0.751526	0.05767	0.744521	-3	left	OV3_Cisp0
chr11	365080	374572	de9b0378-8256-4c4a-9bfa-367f26f6ce87	365068	379644	rev	9492	4490	4572	0	0.494297	0.018519	0.876157	-3	left	OV3_Cisp0
chr11	4816119	4832771	aa81bcc9-eb7c-4db2-81dd-0b9eb118ed63	4816115	4850108	fwd	16652	10051	5425	0.040563	0.433791	0.034084	0.574235	-3	left	OV3_Cisp0
chr11	8835092	8856809	4b6d5cc6-a8e7-493b-98f5-f45ec814ae76	8823362	8866667	rev	21717	4980	14214	0.005529	0.809952	0.018437	0.833088	0.154079	left	OV3_Cisp0
chr11	9145088	9160210	d443b9ee-b2c6-4de3-90cd-489b52461f33	9133846	9169200	fwd	15122	4320	9345	0	0.560467	0.00373	0.841958	0.097628	left	OV3_Cisp0
chr11	10850376	10861639	747feafb-bd51-4b62-8507-53c1efcaa055	10833783	10863826	fwd	11263	2435	6092	0.042254	0.413572	0.012083	0.756041	0.21714	left	OV3_Cisp0
chr11	15092034	15102775	a1e55f4b-1195-41c7-8cdd-fc93b22202b8	15092016	15105024	rev	10741	1043	7710	0	0.444444	0.001096	0.886575	-3	left	OV3_Cisp0
chr11	16378736	16396479	295dd688-a7e3-4937-98f0-0f7bfcb5dd61	16374922	16400130	fwd	17743	5477	11010	0.0024	0.530294	0.024569	0.807546	-3	left	OV3_Cisp0
chr11	17358246	17373326	672c3482-aac2-493e-b661-2d0f80a0a47e	17358242	17373332	fwd	15080	4580	7596	0.017284	0.728395	0.047911	0.804395	-3	left	OV3_Cisp0
chr11	19179230	19191901	d660b228-b8fe-46ec-9714-4ad5a3d7ef16	19179224	19193561	fwd	12671	3838	6789	0.039216	0.70775	0.008306	0.812846	-3	left	OV3_Cisp0
chr11	19672473	19689222	026f7d1f-1a95-4994-b7a6-d179eeec8dd9	19653547	19711440	rev	16749	1675	13471	0	0.78481	0.011289	0.790255	0.138423	left	OV3_Cisp0
chr11	26183760	26189357	9b68636d-360e-411a-b383-efda3d7026d2	26183732	26198437	rev	5597	1136	1706	0.040625	0.39375	0.006557	0.480328	-3	left	OV3_Cisp0
chr11	26995316	27002854	84284666-3c2b-4e0e-911f-db9b0357e947	26995310	27016174	rev	7538	4875	2374	0.002736	0.673735	0	0.86756	-3	left	OV3_Cisp0
chr11	30217127	30227148	7cdbed96-e98f-435d-a682-13b5726c964d	30217123	30231137	fwd	10021	3367	5930	0	0.554466	0.020948	0.690739	-3	left	OV3_Cisp0
chr11	31976624	31985588	6ad380f0-3658-44e6-82cc-a5e4cfb61e19	31971482	31989183	fwd	8964	1620	5703	0.031532	0.583333	0.006258	0.754693	-3	left	OV3_Cisp0
chr11	34584084	34598655	665b3142-5ca0-420b-8f4b-5bbc4cdd5dae	34583152	34646298	rev	14571	2355	11638	0.013616	0.370651	0.00066	0.663255	-3	left	OV3_Cisp0
chr11	35591106	35599142	5cb7d400-6097-402d-ae4c-cc44d971996e	35591100	35605960	fwd	8036	1310	3651	0	0.26776	0.052314	0.676056	-3	left	OV3_Cisp0
chr11	41308922	41329741	0d7b6028-22c3-4486-b308-38a6873a9559	41307935	41329752	rev	20819	4569	14339	0.008907	0.345749	0.003927	0.877801	-3	left	OV3_Cisp0
chr11	45190660	45204509	456f53e1-7479-4423-9f9f-f4f81a7a42bc	45189746	45204516	fwd	13849	2584	9652	0	0.868098	0.050794	0.873721	-3	left	OV3_Cisp0
chr11	46866701	46885740	ff8e06f6-a91d-42e3-9208-0001b083771c	46862955	46885748	fwd	19039	3508	14090	0.030341	0.878635	0.028589	0.873006	-3	left	OV3_Cisp0
chr11	47160853	47171922	93262726-bed5-4b52-8412-2e9ddea70775	47160063	47171926	rev	11069	1231	9537	0.012085	0.776435	0.011956	0.840734	-3	left	OV3_Cisp0
chr11	56599625	56616339	4589eba7-80dc-4012-8238-ea86ef31c59d	56599060	56621121	fwd	16714	5811	7929	0.01444	0.673285	0.017695	0.856379	-3	left	OV3_Cisp0
chr11	59251675	59261483	7a6e2d79-4929-47b4-94a6-89545182cf2e	59251428	59263450	fwd	9808	2518	6960	0.0209	0.559486	0.019348	0.726069	-3	left	OV3_Cisp0
chr11	67226965	67240256	db8ca4fc-4b32-4c08-b2fd-8dcd6bf188e2	67222955	67240453	rev	13291	1806	11222	0	0.667436	0.013979	0.847854	-3	left	OV3_Cisp0
chr11	68521609	68536459	e0b36ce4-57fc-4a23-8085-d3ecc792a615	68521536	68551832	fwd	14850	4955	6649	0.016872	0.591175	0.00229	0.820431	-3	left	OV3_Cisp0
chr11	68877227	68886342	e679de94-c015-4371-a1d5-bc2ec6daf3c1	68877221	68892714	fwd	9115	2722	2713	0	0.828947	0.028529	0.794294	-3	left	OV3_Cisp0
chr11	69601331	69612854	be1ed905-1d38-44e8-8c10-beb509dc3e05	69601324	69612860	fwd	11523	2639	8556	0	0.780063	0.042843	0.75073	-3	left	OV3_Cisp0
chr11	71211930	71221548	5c189aa1-23af-4c80-892f-5a04de745422	71211917	71226613	fwd	9618	3905	2846	0.02807	0.494737	0.025168	0.738255	-3	left	OV3_Cisp0
chr11	73679821	73689557	3e157cf8-1841-4a62-8790-6bd67eb2749d	73678203	73692206	fwd	9736	2031	4974	0	0.792982	0.05626	0.711569	-3	left	OV3_Cisp0
chr11	76400398	76407476	90915c08-897d-47ee-8d98-556fac38dfd5	76400391	76407486	fwd	7078	1616	2904	0.105651	0.636364	0.053993	0.672666	-3	left	OV3_Cisp0
chr11	76611519	76619801	acd7febb-2a50-4d20-8c43-599d3830556c	76606080	76656029	rev	8282	1456	3583	0.082969	0.449782	0.002212	0.627212	-3	left	OV3_Cisp0
chr11	76639110	76650059	c1f4246f-c315-4f26-a3b8-f4a59ef4aecb	76622771	76652169	rev	10949	4132	4885	0.025597	0.457338	0.000836	0.764214	0.977462	left	OV3_Cisp0
chr11	77397436	77404757	6d9ee358-cabc-4782-904b-e65f190eebcc	77397429	77419209	rev	7321	3171	3664	0	0.422301	0.008651	0.713668	-3	left	OV3_Cisp0
chr11	77809875	77822559	82dc3119-0b1c-46d3-b3b5-fb9b87256033	77809839	77823974	fwd	12684	2959	9174	0.008214	0.554415	0.018852	0.802459	-3	left	OV3_Cisp0
chr11	77811810	77824272	08de6824-cd35-4515-9d7f-0676d05779a7	77811805	77824281	fwd	12462	1970	10049	0.043033	0.79918	0.021592	0.848434	-3	left	OV3_Cisp0
chr11	81416256	81433853	b61d3930-e591-4944-b12d-fad3702c875d	81385878	81433860	fwd	17597	1504	11734	0.16318	0.520921	0.000852	0.83816	0.186041	left	OV3_Cisp0
chr11	89140620	89152190	e79b9ace-e458-46ad-b544-b0ad9433bfed	89140613	89157739	rev	11570	3836	6497	0.001555	0.664075	0.01865	0.815719	-3	left	OV3_Cisp0
chr11	92851930	92877754	ae0cbaa7-1e67-4f0e-b01e-74516e726339	92851925	92885077	rev	25824	6397	16859	0.012408	0.489002	0.00837	0.859031	-3	left	OV3_Cisp0
chr11	93071786	93079217	8aff4f02-dfed-400f-b5ec-fa0df476b258	93065439	93082732	rev	7431	1696	5319	0	0.386728	0.005727	0.811024	-3	left	OV3_Cisp0
chr11	101902617	101911092	7a2e04e5-3bdc-4be0-aaf2-10f5cef5c963	101902610	101913578	fwd	8475	2827	3567	0.006378	0.868622	0.016579	0.826353	-3	left	OV3_Cisp0
chr11	102757258	102768187	1d3ba937-b142-42f0-9647-a20a6653125f	102756625	102768521	fwd	10929	1751	6298	0.012448	0.651452	0.002734	0.903773	-3	left	OV3_Cisp0
chr11	103085803	103094390	14b08f2f-3176-4e0b-ac0e-849c8147cd7c	103073574	103094397	fwd	8587	2089	5686	0.005329	0.566607	0	0.732889	0.736162	left	OV3_Cisp0
chr11	115608443	115611985	f86f09d1-67d5-4175-9771-cbb5ac1aff9a	115590434	115611992	fwd	3542	1881	561	0	0.374126	0	0.246667	-1	left	OV3_Cisp0
chr11	116597863	116608349	d0d15d90-44dc-4662-a484-70fda7139d8b	116584346	116611800	rev	10486	3421	4630	0	0.643577	0.000854	0.898377	0.081796	left	OV3_Cisp0
chr11	124052748	124072322	f6996718-df63-480f-89f1-1f7eefbcd38e	124043952	124073868	fwd	19574	3574	11257	0.003883	0.834951	0.013151	0.868485	0.088007	left	OV3_Cisp0
chr11	126009720	126020410	4e7b6824-f9a6-4df8-b726-4f52b5fd03ef	126009715	126020415	fwd	10690	2121	7453	0.076493	0.802239	0.063936	0.795236	-3	left	OV3_Cisp0
chr11	127051585	127068915	eacafbca-6f65-46c7-bbcd-aa45d88f35e8	127051581	127099893	fwd	17330	4866	10349	0.002859	0.533238	0.006195	0.686953	-3	left	OV3_Cisp0
chr11	128615372	128634176	dd33df3d-6333-494d-a06b-1602ab442bff	128615366	128652480	rev	18804	3492	12354	0.002086	0.579771	0.011198	0.749922	-3	left	OV3_Cisp0
chr11	133586606	133603477	65597321-4123-46b1-a9f3-3cfe4fa8dc14	133586600	133641055	fwd	16871	3900	11350	0.004069	0.392675	0.021035	0.634725	-3	left	OV3_Cisp0
chr11	134581491	134586994	361b83a6-d7ee-4deb-a9cf-6367789fc7d1	134581482	134587704	rev	5503	1561	2159	0	0.399457	0.024823	0.808511	-3	left	OV3_Cisp0
chr12	5332707	5344090	21c157c0-824e-4b55-9e71-6ecd210a839c	5332052	5344110	fwd	11383	1803	6083	0	0.713725	0	0.894048	-3	left	OV3_Cisp0
chr12	8909555	8923562	b7628a6a-bddb-4b48-a5d1-4fada64f6fa9	8909546	8933152	fwd	14007	7345	6346	0	0.505768	0.056636	0.707094	-3	left	OV3_Cisp0
chr12	9671480	9682737	ab00db32-06f1-42b3-a8f0-92a7ce6e9bd8	9670737	9688743	rev	11257	4641	4543	0	0.820233	0.121926	0.686475	-3	left	OV3_Cisp0
chr12	14790493	14814172	2fa4e82f-37ee-4563-9449-3b82597e608d	14779989	14847287	rev	23679	6587	14427	0.000979	0.435144	0.021132	0.741195	0.227898	left	OV3_Cisp0
chr12	18944875	18955202	d39292ce-6ba7-43e4-801f-cf44c7d35a8f	18944869	18955229	rev	10327	6586	3468	0.002441	0.512207	0	0.869885	-3	left	OV3_Cisp0
chr12	26718656	26725752	0b71a0a8-a7eb-471f-8998-fe655bf35e9f	26718648	26737967	fwd	7096	2212	3345	0.061341	0.459344	0.011066	0.688129	-3	left	OV3_Cisp0
chr12	26752075	26762847	8ebd9dd5-d04c-4ccf-9cf7-b7d36ab9ef6a	26752036	26762855	fwd	10772	1536	9003	0.02994	0.655689	0.020053	0.834658	-3	left	OV3_Cisp0
chr12	27638039	27653287	1200c119-ef4c-47ca-93dc-ec4015e017d5	27636493	27655491	fwd	15248	5084	9436	0.023956	0.54914	0.022559	0.685651	-3	left	OV3_Cisp0
chr12	28528578	28553305	532d42c2-0c3d-4646-8aa8-0fe6352e16d6	28528332	28554456	fwd	24727	11535	9863	0.007634	0.653593	0.007125	0.892503	-3	left	OV3_Cisp0
chr12	28545113	28560194	cd85ec0c-be8c-4449-b0f2-32ee706ca982	28545108	28568329	fwd	15081	7467	6062	0.007542	0.534605	0.068229	0.75	-3	left	OV3_Cisp0
chr12	32559022	32575028	539cf19a-e352-4233-9584-23c21297beba	32557158	32583880	fwd	16006	3445	9336	0	0.608303	0.004088	0.804534	-3	left	OV3_Cisp0
chr12	34060234	34072005	afbde16c-535c-431a-ae35-2e562a4713b8	34059883	34076222	rev	11771	5662	4841	0.010178	0.386768	0.009352	0.753741	-3	left	OV3_Cisp0
chr12	41074936	41079895	14752c3d-e629-4a63-92d3-0c4c5915a46c	41074400	41088375	rev	4959	3509	1083	0.003865	0.44058	0	0.700288	-3	left	OV3_Cisp0
chr12	43072682	43081203	04d2cfa9-e430-47ff-8928-d6a2e801cde7	43072677	43102463	rev	8521	3357	4855	0.032291	0.697275	0.020089	0.75744	-3	left	OV3_Cisp0
chr12	50660682	50669278	a57b7203-c3ec-4373-9e20-cb55e796851a	50633400	50670162	rev	8596	1236	6328	0	0.518987	0.001161	0.809634	0.45525	left	OV3_Cisp0
chr12	53905686	53914629	5868d7b4-418c-4f90-8c72-4ec295be079d	53905678	53917128	fwd	8943	4642	2393	0.002249	0.777361	0.077441	0.659933	-3	left	OV3_Cisp0
chr12	53970306	53989678	e49f5538-7c00-4e2e-a849-c930376c8b4a	53949460	53994932	rev	19372	3336	13229	0.015444	0.564994	0.03527	0.553242	0.431247	left	OV3_Cisp0
chr12	55688032	55700499	99a20016-52a5-41b1-b0e0-06bc7910e882	55688025	55701739	rev	12467	3130	6386	0.074126	0.481119	0.008152	0.83913	-3	left	OV3_Cisp0
chr12	55699136	55707531	41a61904-d2b8-4213-81d2-0e02b3723b63	55699125	55707536	rev	8395	2350	5450	0.021812	0.563758	0.035628	0.784615	-3	left	OV3_Cisp0
chr12	58563226	58576603	be19e960-33ef-4231-ad8f-d7c5368dcc8c	58563216	58576608	rev	13377	2135	9575	0.088921	0.749271	0.009035	0.914348	-3	left	OV3_Cisp0
chr12	63658817	63674972	81c3666c-7005-45a0-8519-a9e03a217fc1	63658174	63676238	rev	16155	3867	11990	0.001768	0.902741	0.016138	0.916302	-3	left	OV3_Cisp0
chr12	71412749	71422575	8ca5dc3f-0694-491b-bbad-e6d39f191d8a	71410634	71428271	fwd	9826	1852	5817	0.059211	0.467105	0.01006	0.778672	-3	left	OV3_Cisp0
chr12	73220749	73229489	692421ef-766f-4895-aca5-5d2c5dccf3a3	73220742	73230195	fwd	8740	3667	4789	0.006961	0.638824	0.066862	0.77654	-3	left	OV3_Cisp0
chr12	75438764	75443061	cfb7db25-ae87-46c4-ae9e-c65df37e0e42	75437891	75471780	fwd	4297	1372	1593	0	0.324242	0.012346	0.619342	-3	left	OV3_Cisp0
chr12	77594751	77603450	e528865a-ac14-4be7-b203-5bfc004758e4	77593204	77612883	rev	8699	6863	1272	0	0.243686	0.030769	0.613187	-3	left	OV3_Cisp0
chr12	82464761	82475849	e1334584-c349-48db-b2e4-15a08c7f3568	82462184	82475855	fwd	11088	7523	1082	0.057589	0.673214	0.002083	0.947917	-3	left	OV3_Cisp0
chr12	93150192	93159611	279764b4-f136-4771-9661-ad9bb729cab6	93150187	93160348	rev	9419	2031	6536	0.011804	0.482293	0.03624	0.869762	-3	left	OV3_Cisp0
chr12	94106595	94122367	41f6087a-1acb-467b-aa5c-2cc0019f3b53	94105885	94126339	fwd	15772	3319	10872	0	0.726444	0.017986	0.8	-3	left	OV3_Cisp0
chr12	101521892	101535337	956335ba-f809-4249-9f8e-f0fe5f190b4e	101521759	101535342	rev	13445	1312	8508	0.201835	0.690367	0.007593	0.91916	-3	left	OV3_Cisp0
chr12	106276909	106285348	84635978-d3f4-4f7d-9d31-63db977c1ccf	106263660	106297209	fwd	8439	2327	4659	0	0.406995	0.006221	0.689736	0.677071	left	OV3_Cisp0
chr12	107562202	107571006	4aabdb70-05db-4eb9-b34c-11eeb9dd4faf	107562163	107571011	fwd	8804	1594	4795	0	0.334802	0.063542	0.501191	-3	left	OV3_Cisp0
chr12	112254214	112259841	3bf691fa-8231-44b5-906d-81bd8ca9dc51	112253059	112285169	fwd	5627	1311	1110	0	0.668435	0.009174	0.648318	-3	left	OV3_Cisp0
chr12	114725411	114733922	9087a078-bee5-495d-8256-9dd452751dca	114704135	114738839	rev	8511	3238	1989	0	0.844017	0.094037	0.704128	0.177364	left	OV3_Cisp0
chr12	116338949	116358737	9f74ebca-780c-4b53-9e48-cd292fae8877	116338934	116364495	rev	19788	3507	12780	0.002933	0.734115	0.019567	0.722155	-3	left	OV3_Cisp0
chr12	116611662	116619967	fa173c12-1ab7-460d-a11b-64d204082dcf	116611064	116619972	rev	8305	2001	3827	0.052381	0.806349	0.021345	0.790822	-3	left	OV3_Cisp0
chr12	117954631	117971074	af8526ea-8728-4d59-a180-aa45dcce7852	117954619	117971127	rev	16443	1561	13638	0	0.490716	0.018821	0.853308	-3	left	OV3_Cisp0
chr12	122247056	122254729	fc794f88-0184-4663-91d2-2db96c640084	122247049	122254734	rev	7673	2105	3935	0.091408	0.73309	0.041372	0.815338	-3	left	OV3_Cisp0
chr12	124202473	124211295	e4f1a0d5-ffca-4041-a97e-ab92412eb198	124196738	124244872	fwd	8822	2268	4488	0	0.449675	0.002078	0.819252	-3	left	OV3_Cisp0
chr12	130008875	130016935	5d91ca78-c795-4be9-a99d-6a2fcb25f949	130008854	130017658	rev	8060	1977	5716	0	0.472019	0.02459	0.805514	-3	left	OV3_Cisp0
chr13	26271434	26286298	034ed652-bd47-40ab-ad31-e9b54f210285	26271425	26286893	fwd	14864	4666	8930	0.033862	0.559788	0.000643	0.909997	-3	left	OV3_Cisp0
chr13	29648889	29665881	aec0a228-10e1-4e23-a44a-57282e1a9848	29635263	29665893	fwd	16992	4764	9575	0.079653	0.814669	0.006603	0.877517	-2	left	OV3_Cisp0
chr13	44318867	44328657	5989d6e2-f7c3-4d59-8d90-2930cc42baac	44317904	44330422	fwd	9790	1404	8125	0	0.65625	0	0.912045	-3	left	OV3_Cisp0
chr13	72305589	72313530	e08d3c8e-6a07-4d8b-99f8-b757a103571f	72295621	72331298	rev	7941	3848	3560	0	0.665897	0.014273	0.700268	0.970253	left	OV3_Cisp0
chr13	74381623	74393894	45787cea-8ba0-4691-9911-2e08a17cf635	74381609	74403147	fwd	12271	2284	5719	0	0.846952	0.00339	0.843584	-3	left	OV3_Cisp0
chr13	74714133	74726487	7515a5d8-d54e-4006-909d-af7cfff2c01f	74709125	74726496	fwd	12354	4549	3915	0.003706	0.455152	0.001753	0.8922	-3	left	OV3_Cisp0
chr13	76814523	76822922	bdde1148-2787-41ec-984b-dd9c2940f24a	76814516	76824021	fwd	8399	4130	3862	0	0.659158	0.04947	0.758834	-3	left	OV3_Cisp0
chr13	77368297	77374797	a509294f-3005-43b4-a9ba-3a2ba401ad6b	77367156	77388371	fwd	6500	5009	1086	0.0013	0.345254	0.00431	0.655172	-3	left	OV3_Cisp0
chr13	78075409	78093075	36337a9f-7a5d-44ad-8ac8-37f9e5d9da7f	78008093	78094616	rev	17666	3196	14102	0	0.623103	0.003762	0.772396	0.382624	left	OV3_Cisp0
chr13	80706149	80714396	e22cb007-8d40-4a3d-bef6-24dd4661de4d	80697853	80724276	fwd	8247	3922	3940	0	0.371548	0.031348	0.609195	0.700354	left	OV3_Cisp0
chr13	81761162	81765036	27061595-ca0d-4408-bcb4-864cc1f5196e	81751715	81765043	fwd	3874	1618	1774	0.01845	0.774908	0.111675	0.631134	-3	left	OV3_Cisp0
chr13	85734072	85751784	29937f27-5bf9-4885-bd0d-24e5802eecf6	85732897	85751792	fwd	17712	2630	12857	0.057105	0.739708	0.010331	0.844008	-3	left	OV3_Cisp0
chr13	87453095	87459861	a7af6046-f44c-4cdb-8f26-37fc761ca29c	87453087	87463618	rev	6766	2714	3557	0.011086	0.600887	0.035119	0.806848	-3	left	OV3_Cisp0
chr13	91108253	91124446	8ff83b9d-9a91-43cb-baf0-cde45b1c9a3c	91103116	91141487	rev	16193	1703	11281	0.010331	0.597107	0.003338	0.784979	-3	left	OV3_Cisp0
chr13	105145384	105156184	667fdeae-e849-4d16-8917-4ead3096b6b5	105144799	105162048	rev	10800	3850	6675	0.012097	0.521774	0.012587	0.817716	-3	left	OV3_Cisp0
chr13	106819721	106824869	0040a517-78a4-43c2-bd65-0573bf7a5975	106819715	106824875	rev	5148	1012	3816	0.074919	0.76873	0.046033	0.770813	-3	left	OV3_Cisp0
chr14	20054937	20067203	32b02fb9-80fc-45b0-af24-8dddf244d091	20054931	20073607	rev	12266	3412	8539	0.008718	0.713165	0.018412	0.850403	-3	left	OV3_Cisp0
chr14	23859527	23865429	953fd4c0-dae3-4b3b-92d9-280d23ac5cb9	23859515	23865438	rev	5902	1634	3689	0.049261	0.85468	0.078059	0.78903	-3	left	OV3_Cisp0
chr14	24065932	24072814	c3b975ee-f614-4642-ab20-5b64212f4186	24065923	24072823	rev	6882	1344	4633	0.050505	0.59596	0.017133	0.876465	-3	left	OV3_Cisp0
chr14	25069002	25087589	5694754c-bafb-42bb-90da-afadb67c39cf	25066007	25087594	rev	18587	5867	12446	0.030303	0.649351	0.013735	0.906838	-3	left	OV3_Cisp0
chr14	32218634	32222990	4d38cbdd-b3bb-467f-ac9c-b31f3628ff57	32218629	32237392	fwd	4356	1292	2767	0	0.611594	0	0.793594	-3	left	OV3_Cisp0
chr14	35585552	35598281	cc07b5f9-742f-4d68-8384-f926fdcfcc34	35585408	35598286	fwd	12729	2240	9804	0.001344	0.668011	0.023427	0.742308	-3	left	OV3_Cisp0
chr14	36564068	36578164	f2c940e7-181b-4f39-895c-9bc8f69972d9	36564059	36583808	fwd	14096	2569	11197	0	0.844094	0.025129	0.847616	-3	left	OV3_Cisp0
chr14	40131228	40148612	2bf6b65b-78eb-46da-8c53-1282a4dcf4b5	40131224	40150313	fwd	17384	8641	5702	0	0.805054	0.017865	0.85158	-3	left	OV3_Cisp0
chr14	40693368	40717073	d777402c-5a70-4c0f-9a01-c761cff820eb	40693361	40717077	rev	23705	3441	17464	0.009524	0.601732	0.024202	0.831112	-3	left	OV3_Cisp0
chr14	41128861	41146683	55d6003e-5951-4f0b-be65-46529b8725e5	41126924	41149100	rev	17822	1206	16040	0	0.376176	0.009824	0.562833	-3	left	OV3_Cisp0
chr14	47835919	47844110	316b50fb-d44b-4132-9bee-cf9b1778aeb0	47834837	47884871	rev	8191	1240	6190	0	0.298851	0.004021	0.628374	-3	left	OV3_Cisp0
chr14	49290707	49307908	5c3e1f65-8577-4beb-820e-80e05a900bc6	49290699	49326153	rev	17201	3207	12329	0.005952	0.512897	0.013202	0.705337	-3	left	OV3_Cisp0
chr14	51873674	51880948	d4c17054-7e71-4a40-a8f4-4ab5179a62f9	51873398	51884955	fwd	7274	2899	3202	0	0.784548	0.072523	0.765066	-3	left	OV3_Cisp0
chr14	52153148	52166671	90a306b6-f9a4-4aba-898f-9131d5ac6182	52152524	52166676	rev	13523	4534	8168	0.023933	0.779431	0.018781	0.895745	-3	left	OV3_Cisp0
chr14	52332719	52351632	04ef84f8-ed93-4e22-893e-8982ea5b377d	52327446	52355287	rev	18913	4621	10289	0.004746	0.736271	0.016066	0.903934	-3	left	OV3_Cisp0
chr14	55295326	55306846	24d3bb60-d973-43ac-8358-a77e126117af	55295319	55306851	rev	11520	3889	3432	0.035577	0.743269	0.002268	0.882086	-3	left	OV3_Cisp0
chr14	57846393	57859123	3157d393-5bfc-40a8-af1f-c739c4205469	57846385	57861544	fwd	12730	4300	6626	0	0.882075	0.126101	0.69989	-3	left	OV3_Cisp0
chr14	58145963	58166732	7b71ec61-100a-4228-ad9b-9993d46dc47c	58145959	58166738	fwd	20769	3049	15705	0	0.833333	0.027326	0.709124	-3	left	OV3_Cisp0
chr14	61562836	61574183	8395ceff-caca-43c8-b497-d26853146299	61555950	61593784	fwd	11347	4402	6615	0	0.566286	0.042245	0.574653	-3	left	OV3_Cisp0
chr14	66147797	66154666	46887ef3-0be4-4e7a-b010-b7be39341443	66136189	66183987	rev	6869	1252	3939	0	0.326019	0.002543	0.845518	0.153291	left	OV3_Cisp0
chr14	67029002	67038619	bae09d13-6118-46ce-b97e-e6cddf98be7b	67018327	67050178	rev	9617	2586	6505	0.000976	0.805854	0.001427	0.823977	0.259907	left	OV3_Cisp0
chr14	74354318	74361457	9aa4650a-5ad3-44de-80e9-975f248202e2	74346268	74362227	rev	7139	1908	4700	0.044619	0.435696	0.030021	0.721532	-3	left	OV3_Cisp0
chr14	77452274	77461816	7cddc99e-5acf-4e0d-a157-1ef616fdff37	77452268	77462191	rev	9542	1505	7706	0.037221	0.71464	0.029767	0.852093	-3	left	OV3_Cisp0
chr14	80848402	80856040	01dad3da-0bc3-4cf3-a183-66bb859f3b28	80848398	80856045	fwd	7638	2202	3220	0.034672	0.70073	0.045232	0.787286	-3	left	OV3_Cisp0
chr14	84552989	84564265	e9047ed7-0adb-463d-8f9e-270f9ca0d642	84550938	84564276	rev	11276	6080	4878	0.003071	0.39312	0.063056	0.839763	-3	left	OV3_Cisp0
chr14	86825245	86853035	5b94aaad-88fa-4f46-99a8-0e40ade10efd	86806187	86853043	rev	27790	3718	23462	0	0.748162	0.039556	0.693342	0.497368	left	OV3_Cisp0
chr14	87566729	87577125	9b745a0f-8d6e-42d0-8758-305d61b2a361	87565298	87581168	rev	10396	2339	6063	0	0.432471	0.042833	0.802399	-3	left	OV3_Cisp0
chr14	88275731	88296328	8e1731ed-1351-4185-aba6-1121643e1d0e	88265761	88296333	fwd	20597	1215	17809	0	0.629518	0.006734	0.830387	0.052253	left	OV3_Cisp0
chr14	90231376	90238285	9207fec9-dfe9-4907-8ee7-e60b7937665f	90225623	90259680	fwd	6909	556	2747	0.007407	0.296296	0.019284	0.46832	-3	left	OV3_Cisp0
chr14	90770833	90789061	f50d6232-43d1-4f30-8926-1ef84be0545d	90769032	90797469	rev	18228	3283	9954	0	0.764901	0.02429	0.815022	-3	left	OV3_Cisp0
chr14	91309251	91321705	7c5851e0-b7f9-4f59-b931-2ef5823f0db9	91283043	91330469	fwd	12454	3273	7905	0	0.730253	0.014016	0.737466	0.433913	left	OV3_Cisp0
chr14	97657461	97664303	aff3e270-9875-48d6-bcbf-1f9b1ddc9923	97657446	97669025	fwd	6842	3262	1009	0.014925	0.615672	0.049107	0.611607	-3	left	OV3_Cisp0
chr14	102429107	102434791	3296986b-78af-4c56-96fe-7219bce5459a	102429100	102461823	rev	5684	2615	2630	0	0.373626	0.001701	0.605442	-3	left	OV3_Cisp0
chr14	104745616	104759355	cee12dde-0482-4af3-bc28-05016b2a7310	104745601	104771531	rev	13739	4425	7287	0.011737	0.684272	0.062154	0.656615	-3	left	OV3_Cisp0
chr14	104955379	104962264	50b05f85-f04a-4665-8f62-3428a75ebe1e	104946562	105007538	rev	6885	1104	5302	0.008798	0.472141	0.041754	0.580376	-3	left	OV3_Cisp0
chr15	24262771	24274399	a14d7420-2ee8-4275-999c-04aa2393bc01	24261953	24275661	rev	11628	3933	3059	0	0.211838	0.035162	0.599156	-3	left	OV3_Cisp0
chr15	26875557	26883484	bb43428c-ce27-4cc7-8219-46fcd0358b04	26875552	26898797	rev	7927	1811	4855	0	0.511873	0.139241	0.572785	-3	left	OV3_Cisp0
chr15	38482264	38490012	9b10d931-5145-4459-8f33-2f7e206ad6c4	38482259	38502700	fwd	7748	2900	2163	0.030067	0.486637	0.004399	0.76393	-3	left	OV3_Cisp0
chr15	39775843	39790523	3ac904f8-b2d5-42e9-b543-a4d5fd075dac	39771238	39790528	fwd	14680	3327	8512	0.03719	0.792355	0.020973	0.766176	-3	left	OV3_Cisp0
chr15	39944926	39954010	bf3f1d54-cd55-4cc9-83dd-d57a813ad5fc	39932037	39961887	rev	9084	4181	2621	0.001808	0.84358	0.169765	0.63197	-2	left	OV3_Cisp0
chr15	44042307	44049073	a2be335d-0ca6-4217-bb07-a1e7e20834fe	44042294	44049079	fwd	6766	4223	2002	0.006907	0.491942	0.049261	0.682266	-3	left	OV3_Cisp0
chr15	47606283	47617543	ddbb2cb8-160c-499f-b6f2-90ec723323a7	47606274	47625820	rev	11260	1905	7867	0	0.643275	0.0122	0.792593	-3	left	OV3_Cisp0
chr15	56139644	56146202	f7cc9c21-36e8-4edd-b07f-4be3711e9796	56139640	56146459	fwd	6558	1125	4163	0.020513	0.402564	0.041872	0.662562	-3	left	OV3_Cisp0
chr15	59028624	59045649	218bd24a-5b30-460f-a568-8e230e012059	59015678	59049730	rev	17025	6961	9787	0	0.592205	0.038243	0.830746	0.205546	left	OV3_Cisp0
chr15	59259618	59265690	d5f2060f-82e6-4510-a0ab-5e648d727be6	59259612	59272436	fwd	6072	2012	2725	0	0.686131	0.119382	0.610955	-3	left	OV3_Cisp0
chr15	63272433	63281615	686ed4e1-3f59-4fc0-899e-5d8fe604165f	63270588	63284049	rev	9182	2665	2009	0.034388	0.565337	0	0.80396	-3	left	OV3_Cisp0
chr15	65383488	65394250	7bf2fb23-b831-4791-8c52-147f2cd172a1	65383479	65398526	fwd	10762	2687	6212	0	0.557491	0.0288	0.7144	-3	left	OV3_Cisp0
chr15	65596134	65609078	0393ebee-100f-4c14-99d2-26f1ee0099e9	65591297	65613077	fwd	12944	2504	9278	0	0.704718	0	0.83516	-3	left	OV3_Cisp0
chr15	68653684	68663062	69c01563-c359-418a-8f85-608b2e935f8d	68653674	68665455	rev	9378	4449	1474	0	0.703959	0.058442	0.461039	-3	left	OV3_Cisp0
chr15	68680272	68689026	d2a68b09-4f95-49e4-8eb9-ce673c461624	68680267	68711543	rev	8754	3912	4542	0	0.670936	0.064014	0.579585	-3	left	OV3_Cisp0
chr15	69480160	69493455	92c501e8-756f-48bd-ae5e-2f96920aaffc	69479057	69507131	rev	13295	5973	5455	0.002579	0.589942	0.010687	0.840458	-3	left	OV3_Cisp0
chr15	74314969	74327760	90467020-b626-4bc8-9fbf-4ad4fe92bacd	74314511	74332475	fwd	12791	3127	6664	0	0.75	0.082759	0.596169	-3	left	OV3_Cisp0
chr15	76118966	76133496	a5e3f6f8-a1f5-49b8-9636-92c8d9bc12a3	76117780	76141587	rev	14530	2789	10404	0	0.440701	0.006494	0.821104	-3	left	OV3_Cisp0
chr15	77404395	77422669	a0d2d56d-c37c-4ef1-ac40-6a6f0dbd2331	77393744	77432301	fwd	18274	1611	14240	0.004211	0.517895	0.01896	0.657187	0.566654	left	OV3_Cisp0
chr15	79775459	79785385	9cfd6de8-2bc2-4f8e-a531-aa5b20530a7f	79775453	79786702	rev	9926	4843	4814	0.031046	0.744553	0.004383	0.878013	-3	left	OV3_Cisp0
chr15	83328603	83336318	79f12b25-5baa-4d7f-9e60-0e22d3c92f69	83300611	83340396	fwd	7715	4760	1640	0.060498	0.474021	0.076377	0.808171	0.168815	left	OV3_Cisp0
chr15	84599727	84606480	fc52a999-7627-4668-8b83-1d6acef0b05e	84595528	84606487	rev	6753	1291	2247	0.159509	0.515337	0	0.85443	-3	left	OV3_Cisp0
chr15	95188453	95202176	eb15b511-6f75-47d8-a85e-16dafa2b54f5	95188368	95222596	fwd	13723	4043	7551	0.045802	0.487701	0.012175	0.830814	-3	left	OV3_Cisp0
chr15	95912007	95918460	46769651-6252-408d-ba5e-bce241d7bff2	95911297	95918866	rev	6453	1546	3471	0.053498	0.679012	0.000936	0.950375	-3	left	OV3_Cisp0
chr15	101841279	101846750	6b995a3d-79b0-4c29-a1c2-8493fc26090a	101841275	101854243	fwd	5471	3640	1459	0	0.490756	0.002392	0.650718	-3	left	OV3_Cisp0
chr16	6195580	6199893	f21599d7-b990-4f5f-8477-07e8e43d4fc6	6195573	6223731	fwd	4313	1617	2248	0	0.396825	0.007299	0.808759	-3	left	OV3_Cisp0
chr16	8845428	8850798	87718d73-a8f7-4780-98d7-03422fbbf502	8845422	8857856	fwd	5370	1929	2584	0.02765	0.453917	0.012638	0.551343	-3	left	OV3_Cisp0
chr16	10575734	10585509	db6b5e03-7ade-46b2-9c13-9d2002c67320	10574214	10587276	fwd	9775	3425	1533	0.001127	0.772266	0.01023	0.913043	-3	left	OV3_Cisp0
chr16	19677619	19688306	48369233-38da-46d4-9634-3687594ba2a5	19668574	19694309	rev	10687	2699	4979	0	0.510604	0.027027	0.69009	0.168121	left	OV3_Cisp0
chr16	21028492	21036862	a1d7df9f-7e86-441c-aa52-1ba74b1bb432	21027531	21044445	fwd	8370	3050	4225	0	0.76399	0.000947	0.820076	-3	left	OV3_Cisp0
chr16	46394096	46397117	dfe24ced-ccd0-4bd5-877c-a2c5f6fc6fdf	46382552	46402315	rev	3021	1477	1544	0	0.45098	0	0.461538	-3	left	OV3_Cisp0
chr16	46385209	46393963	86881a21-9895-4151-8f5c-5c74601d319e	46382552	46405554	rev	8754	3224	4981	0	0.358411	0.019807	0.745182	-3	left	OV3_Cisp0
chr16	46396417	46399512	182b7ded-a362-41db-8656-4e2238cb17bf	46382568	46402658	rev	3095	1288	1807	0.036511	0.496957	0.026667	0.58	-1	left	OV3_Cisp0
chr16	46392759	46407737	68ab7d78-3bc6-42f2-bd33-dcbaa7a15236	46382611	46407742	rev	14978	10443	1451	0.046248	0.517611	0	0.625	-1	left	OV3_Cisp0
chr16	46389646	46400493	86881a21-9895-4151-8f5c-5c74601d319e	46384016	46412069	rev	10847	4882	2488	0.095389	0.395452	0.085052	0.635309	-1	left	OV3_Cisp0
chr16	46396629	46403306	a443b7da-8669-43d3-9e82-22feb281696c	46385999	46403314	fwd	6677	1674	1601	0.003623	0.485507	0	0.463415	-1	left	OV3_Cisp0
chr16	46391988	46398337	2942b75f-39a9-4a61-936e-847ec02d5a71	46386712	46405544	rev	6349	4530	1819	0	0.396907	0	0	-3	left	OV3_Cisp0
chr16	46396220	46406990	f6f32522-122b-40f5-baaa-cc220f15a15a	46388053	46407742	rev	10770	8768	2002	0.049692	0.469157	0.047619	0.529101	-1	left	OV3_Cisp0
chr16	46389646	46403122	40194005-bba6-4239-93e1-f183d4fcf5c3	46388839	46403127	fwd	13476	2549	9308	0.036437	0.548583	0.016477	0.826362	-3	left	OV3_Cisp0
chr16	46391027	46403197	6b8dbc7f-a574-4ea9-85eb-c10e34e2de5f	46388943	46403202	fwd	12170	1195	6282	0	0.3125	0.03367	0.367003	-3	left	OV3_Cisp0
chr16	46390212	46400856	ebc573b0-dc8e-4008-b380-58d57ecfa453	46390204	46400861	rev	10644	6432	2517	0.012802	0.841157	0.025082	0.937841	-3	left	OV3_Cisp0
chr16	49606308	49615216	635b345b-777e-43b9-8813-d18dffd8af37	49606302	49615307	rev	8908	5112	1419	0.029483	0.77042	0.068966	0.856764	-3	left	OV3_Cisp0
chr16	52706589	52721060	8d9e464d-5b43-42ff-b3d9-9fc2fb6a603e	52706582	52728018	fwd	14471	4152	9066	0.00708	0.368142	0.02383	0.72766	-3	left	OV3_Cisp0
chr16	53819841	53835778	a316a39e-f6b4-4ad2-bc18-f1bba6c9936a	53819832	53842900	rev	15937	5286	8398	0	0.810612	0.061851	0.785175	-3	left	OV3_Cisp0
chr16	67405182	67414105	799b9807-073f-4c98-bef2-86bb5da42b25	67404889	67421319	fwd	8923	1350	6426	0	0.501425	0.026753	0.574114	-3	left	OV3_Cisp0
chr16	77193013	77205442	062a16b4-7772-4185-866d-0dc5eefcbc09	77188794	77205448	fwd	12429	4892	2790	0.035585	0.679739	0	0.963394	-3	left	OV3_Cisp0
chr16	80878116	80888036	c168c8ff-07c5-409c-91d1-ee01d2ac0a6f	80863592	80899858	rev	9920	2276	2692	0.029333	0.478667	0	0.886234	0.184341	left	OV3_Cisp0
chr16	84018332	84027531	2399ac09-862d-4fdd-a0f4-5ee2877abb42	84018327	84037201	rev	9199	2410	2108	0	0.420455	0.026052	0.507014	-3	left	OV3_Cisp0
chr16	89893834	89903183	a34c5dca-69c0-421a-ac29-525ea98883d6	89886027	89908203	fwd	9349	3312	5606	0	0.788922	0.036237	0.71781	0.586371	left	OV3_Cisp0
chr17	9250365	9270128	17b4e9e2-1fb4-47af-88cd-4caa878e3c27	9247402	9295083	fwd	19763	4578	12781	0	0.433888	0.007226	0.533035	-3	left	OV3_Cisp0
chr17	12990796	13008592	a0e6ba23-ee7c-46de-b442-5b1a22f7afc7	12984782	13008600	rev	17796	2877	14497	0.012514	0.744027	0.044628	0.73168	-3	left	OV3_Cisp0
chr17	15607542	15614827	52672af6-1447-4b5d-84f7-af01b8d820c0	15607538	15627332	fwd	7285	4185	1767	0.008973	0.555334	0.049281	0.601643	-3	left	OV3_Cisp0
chr17	16046697	16061018	5a42890a-3264-4002-b196-22f17b416e2f	16046690	16063747	fwd	14321	8805	3160	0	0.523895	0.055767	0.73384	-3	left	OV3_Cisp0
chr17	16738505	16748044	e506ee45-c90c-427b-affe-b461528e31d9	16738496	16753061	rev	9539	3517	4574	0.011173	0.705307	0.001759	0.872471	-3	left	OV3_Cisp0
chr17	16742577	16765227	b0468ab3-0edf-41a4-96e2-7d7ffcf169ac	16742571	16775897	rev	22650	8337	10625	0.004758	0.666955	0.014493	0.749275	-3	left	OV3_Cisp0
chr17	17251643	17261191	e3a281dd-bfa6-4486-b85b-8e85154301a1	17251634	17261201	fwd	9548	2595	5466	0.048921	0.615827	0.055292	0.702212	-3	left	OV3_Cisp0
chr17	18666364	18675246	fbb43ab0-9589-4858-8edd-ced989347f39	18665926	18682892	rev	8882	2438	6030	0	0.466667	0.016234	0.668182	-3	left	OV3_Cisp0
chr17	18678309	18687958	b475038e-ccf6-46ee-a040-d70809debe2e	18678297	18702005	fwd	9649	2607	3945	0	0.509259	0.011964	0.651047	-3	left	OV3_Cisp0
chr17	19582311	19589764	90af8615-7e85-4de2-83b8-626e849d4fba	19574842	19589770	rev	7453	4481	2058	0	0.588117	0.057971	0.57764	-3	left	OV3_Cisp0
chr17	20339233	20345726	ebf2ee2e-0854-4054-844f-0aa3a58afd50	20338530	20356898	rev	6493	2873	1202	0	0.750306	0.142857	0.502381	-3	left	OV3_Cisp0
chr17	26812615	26816897	873a0288-3e4f-46de-af42-52890ce12b00	26810660	26822826	fwd	4282	1192	1179	0.039648	0.427313	0.053061	0.526531	-3	left	OV3_Cisp0
chr17	27156191	27165683	1d9cb9fc-ad30-43cf-9f58-6d6d55d48161	27156186	27165696	fwd	9492	3041	6081	0.0076	0.686211	0.099214	0.698125	-3	left	OV3_Cisp0
chr17	27692513	27709503	4aa773ea-45b4-4a8e-8ed9-caf8ed71f1e7	27692508	27709683	fwd	16990	4299	11518	0.023571	0.573571	0.014682	0.876476	-3	left	OV3_Cisp0
chr17	30111596	30132775	7babe737-0b85-4874-a1a0-77110d09b897	30111590	30141420	fwd	21179	6729	12671	0.014175	0.510745	0.007779	0.780579	-3	left	OV3_Cisp0
chr17	34008235	34022662	7eb67405-3ad8-421c-b27e-edc4c6291544	34008229	34025848	rev	14427	2702	8363	0	0.804945	0.010762	0.862332	-3	left	OV3_Cisp0
chr17	40332280	40341760	41603cba-4910-4273-81bc-503e3cc51eb6	40332180	40374182	rev	9480	4744	1913	0.02229	0.511651	0.045455	0.603896	-3	left	OV3_Cisp0
chr17	43886638	43903022	9cae0f6f-c404-4a28-9d3c-52a511826074	43886627	43904266	rev	16384	3451	8519	0.002699	0.373819	0.049195	0.717241	-3	left	OV3_Cisp0
chr17	52520608	52529669	d1b9891a-1fb7-4a0c-9c2d-15ff55c8e163	52519674	52547922	fwd	9061	2000	4151	0.032	0.384	0.016353	0.677841	-3	left	OV3_Cisp0
chr17	54311658	54317326	fe49ed89-4049-4647-b84c-42c5698689a6	54311645	54322760	rev	5668	2370	2770	0.001422	0.520626	0.043231	0.648464	-3	left	OV3_Cisp0
chr17	55404926	55417598	23159eac-68f1-4a76-a3b9-4e89b663e9a0	55404285	55417606	fwd	12672	4095	3974	0.057063	0.503274	0.005325	0.771033	-3	left	OV3_Cisp0
chr17	55715906	55722637	d0b51c66-ad47-471b-9193-76fcd8a63b87	55701597	55729027	rev	6731	1074	1988	0	0.369186	0.003854	0.842004	0.355314	left	OV3_Cisp0
chr17	57477259	57504660	a5d56fd7-fe37-47cf-9241-e6f284181646	57477244	57504667	fwd	27401	4547	20832	0.04852	0.779605	0.024856	0.882582	-3	left	OV3_Cisp0
chr17	59074467	59091012	c0154d42-ef75-456a-99b4-bdc955cacc9f	59074428	59101156	rev	16545	3755	8608	0	0.760072	0.009139	0.852021	-3	left	OV3_Cisp0
chr17	60182046	60187046	cbb63800-539f-4b13-9d75-94c66d805685	60182040	60187052	rev	5000	3621	1069	0.005607	0.784112	0	0.858462	-3	left	OV3_Cisp0
chr17	61365775	61374371	84a2a0d9-c288-4798-9a9d-3a5ceebc0895	61360789	61411899	fwd	8596	3151	3036	0.003219	0.414163	0	0.491477	-3	left	OV3_Cisp0
chr17	62585660	62593868	310cde77-4701-4644-bb36-73382cce6fea	62585651	62601589	fwd	8208	3434	1478	0.025025	0.393393	0.014388	0.640288	-3	left	OV3_Cisp0
chr17	65991925	66003758	0cdf8cff-9745-4b39-94ea-b01aff5a548c	65991921	66003763	fwd	11833	1523	6748	0	0.772321	0.025987	0.857571	-3	left	OV3_Cisp0
chr17	66745224	66755825	7290f17e-8c72-47ee-963b-fee49791f11e	66744332	66757004	rev	10601	4994	3125	0	0.676056	0	0.921019	-3	left	OV3_Cisp0
chr17	67917664	67929121	fbf48ddd-b48e-49ef-a7b0-b0ae91080d32	67917521	67929126	fwd	11457	1142	9502	0.132716	0.654321	0.032979	0.82118	-3	left	OV3_Cisp0
chr17	70264966	70275584	9fdbe857-4bbf-43cc-ace6-84025f6b0119	70264960	70276350	fwd	10618	5244	5045	0.004689	0.792364	0.133005	0.685433	-3	left	OV3_Cisp0
chr17	70529569	70535908	9ff6dac5-ae6f-4ece-837e-f2b32fd84b37	70529563	70539576	rev	6339	2218	2532	0	0.786499	0.015898	0.732909	-3	left	OV3_Cisp0
chr17	72144431	72153888	db882100-6972-4ac7-9f84-8cc52aca4a84	72144418	72153893	fwd	9457	1710	3773	0.065817	0.687898	0.008439	0.871308	-3	left	OV3_Cisp0
chr17	72942757	72959200	c8f1c022-4f5e-49af-be1f-ea7a7d4d5b83	72940990	72967095	rev	16443	4715	8171	0.002823	0.708539	0.012043	0.844301	-3	left	OV3_Cisp0
chr17	74262663	74280108	486f122a-1d64-41cb-b875-4bca96bd8b4a	74261402	74280113	fwd	17445	4886	11134	0.014172	0.76705	0.086262	0.662141	-3	left	OV3_Cisp0
chr17	76140969	76152434	3ceb32e2-005e-4d30-bd32-9c564c7b7d88	76139338	76152441	fwd	11465	1602	6781	0.054755	0.472622	0.045517	0.788966	-3	left	OV3_Cisp0
chr18	327493	343257	e3105060-c2fc-4354-be9c-0bbbce25e307	323819	372224	fwd	15764	4156	10685	0.006244	0.354148	0.015518	0.722122	-3	left	OV3_Cisp0
chr18	3457104	3466899	035583ec-4012-4274-9496-9886b5d30f5c	3449805	3466909	fwd	9795	1891	5560	0	0.796673	0.005627	0.864378	-3	left	OV3_Cisp0
chr18	3598250	3610604	73266eb6-1b5f-4d7a-9eb5-c832e24ddf06	3583803	3618949	fwd	12354	3093	6152	0.001232	0.488916	0.012618	0.763407	0.320181	left	OV3_Cisp0
chr18	5140521	5147277	062cb400-a777-437a-964c-536640c5bbe9	5140516	5159283	fwd	6756	4917	1380	0	0.414617	0.019084	0.589695	-3	left	OV3_Cisp0
chr18	6121296	6132809	ece84d4d-48e1-4c29-b70b-43210d91be82	6121288	6132814	fwd	11513	1825	7521	0	0.6179	0.011429	0.871429	-3	left	OV3_Cisp0
chr18	7065500	7077168	4c3f4f3b-2aa1-4f89-a118-a0797322795e	7065493	7077173	rev	11668	1946	9230	0.004717	0.933962	0.05969	0.858143	-3	left	OV3_Cisp0
chr18	8926006	8938479	6790463b-9060-4d79-891d-6de27c6dccf5	8925602	8941220	fwd	12473	4980	5024	0.030328	0.57459	0.004082	0.873469	-3	left	OV3_Cisp0
chr18	11709201	11724293	25501543-296c-461b-972c-c5b7aa4c67dc	11709197	11725949	fwd	15092	3165	10607	0	0.6875	0.014663	0.838384	-3	left	OV3_Cisp0
chr18	11921586	11927088	47c3dd83-02ee-4072-902c-bb4e0e7324b8	11921575	11945534	fwd	5502	952	3424	0	0.88	0.078326	0.77897	-3	left	OV3_Cisp0
chr18	13745171	13752207	e35bea68-a9f7-490c-9f1c-b43f56441ecb	13745164	13755570	fwd	7036	1295	4578	0	0.342466	0.026034	0.689127	-3	left	OV3_Cisp0
chr18	21596289	21605998	3af79032-423e-44f4-9609-253e7b41c88f	21593999	21606804	rev	9709	3780	3682	0.004704	0.555033	0.009516	0.868512	-3	left	OV3_Cisp0
chr18	27282792	27291907	b10997b7-680e-42d3-90b6-20e5038c6383	27272313	27292189	rev	9115	4408	3069	0.004274	0.42735	0.017182	0.797251	0.902935	left	OV3_Cisp0
chr18	32694137	32711242	a8e10b00-e5ed-4840-af6b-fb66faf3f5c4	32694130	32723426	fwd	17105	6509	10300	0.003867	0.513812	0.057819	0.700066	-3	left	OV3_Cisp0
chr18	37309334	37325892	c43921a8-4309-4410-9135-0f2152aa26a1	37309327	37343272	fwd	16558	4089	11571	0.003417	0.55467	0.0116	0.6328	-3	left	OV3_Cisp0
chr18	45509872	45523349	445a33f6-a287-4b9b-b31a-4de0373c6241	45509860	45525948	rev	13477	5990	6139	0.020594	0.522714	0.010369	0.885369	-3	left	OV3_Cisp0
chr18	54213895	54227181	6f54fb68-9508-4639-bba5-b580c2894c61	54212478	54231322	rev	13286	7647	3885	0	0.578558	0.033243	0.820305	-3	left	OV3_Cisp0
chr18	56622775	56633153	d4434e70-280e-427d-add0-2f7310adefaf	56622770	56634376	rev	10378	4115	3147	0.012261	0.89272	0.087786	0.750954	-3	left	OV3_Cisp0
chr18	56722301	56759609	ce6ec11f-1ed7-4e36-9946-b71474f12856	56713113	56778125	rev	37308	6274	27510	0.002685	0.519334	0.032702	0.811161	0.144288	left	OV3_Cisp0
chr18	62908348	62923843	17df9a4a-4337-45b7-97b1-84f2a18b5497	62907660	62925486	fwd	15495	5369	7794	0.017668	0.726148	0.010401	0.801882	-3	left	OV3_Cisp0
chr19	6111706	6120770	d8bebadb-68fc-4c48-8d7a-842d7881866d	6111695	6124198	rev	9064	4908	3628	0.013761	0.573394	0.034066	0.773626	-3	left	OV3_Cisp0
chr19	8561781	8569188	1c957b0e-90bc-48a5-a8b1-80e725bf0d75	8561245	8593498	rev	7407	1196	4109	0	0.342756	0.019048	0.521429	-3	left	OV3_Cisp0
chr19	10924231	10940272	36a3eb02-4f06-423e-a37c-0a407bd1c04e	10919263	10959797	rev	16041	3611	9920	0	0.780788	0.027523	0.693385	-3	left	OV3_Cisp0
chr19	11216573	11232057	866dd0b8-a017-411b-8196-8fbf15c5cba8	11215213	11247950	rev	15484	4480	6621	0	0.747328	0.006281	0.766332	-3	left	OV3_Cisp0
chr19	27284046	27292253	654ac276-6338-4d2a-bb1e-4b68cebae155	27284038	27292257	rev	8207	2126	3170	0.084906	0.644654	0.040971	0.575114	-3	left	OV3_Cisp0
chr19	29321929	29335382	f38adfcd-662c-47d0-9356-6630099c95e6	29321922	29341080	fwd	13453	4361	6441	0	0.493807	0.005729	0.80522	-3	left	OV3_Cisp0
chr19	29580523	29591411	9470c28d-21a2-45b8-baa5-ac7d9d74bef9	29580519	29594638	fwd	10888	3711	4455	0	0.745138	0.007576	0.859848	-3	left	OV3_Cisp0
chr19	31096967	31112452	64518b1f-463c-4133-a6c1-67f22964c95a	31094998	31112701	fwd	15485	6831	8343	0	0.621326	0.010503	0.789497	-3	left	OV3_Cisp0
chr19	31556661	31566824	853ef5e0-267a-4487-8cec-4ef53fc5e869	31556652	31585828	fwd	10163	5325	1799	0	0.473438	0.045267	0.584362	-3	left	OV3_Cisp0
chr19	31569993	31585352	a1aa187d-bf79-4aba-a3ba-02c1633ed6b4	31569988	31587839	rev	15359	5035	9857	0.007725	0.829354	0.08111	0.741573	-3	left	OV3_Cisp0
chr19	33857907	33871076	916331e3-2a86-49a2-85a9-dbcbcda8e5bc	33855319	33879689	fwd	13169	3823	4840	0	0.564324	0.001784	0.825156	-3	left	OV3_Cisp0
chr19	37996191	38005408	3c56dadc-1be4-4dc1-a7d7-a0136f9bafdd	37996178	38018296	fwd	9217	2664	4271	0	0.632075	0.076172	0.639648	-3	left	OV3_Cisp0
chr19	38382536	38389376	f2d361a1-a8b8-4541-8f6e-c82975c2fd80	38370484	38401734	rev	6840	1084	3109	0	0.4	0.028875	0.740122	0.628164	left	OV3_Cisp0
chr19	39451132	39478846	76732ba2-35a9-44f1-8d06-69f1798dac8c	39449521	39478853	fwd	27714	3639	20262	0.00333	0.773585	0.053493	0.712355	-3	left	OV3_Cisp0
chr19	39767444	39783629	ceaca7ea-c4c1-45f3-b1d5-29ace680d358	39767438	39794187	rev	16185	3326	12412	0.004802	0.578631	0.004628	0.820654	-3	left	OV3_Cisp0
chr19	39968101	39978178	83923f55-7976-4103-8dd9-25491556104e	39968079	39978182	rev	10077	3713	4620	0.006944	0.616898	0.005268	0.893766	-3	left	OV3_Cisp0
chr19	39973755	39991642	68e0311a-2af7-4231-827d-adbe039445bb	39968600	40032348	rev	17887	3355	13515	0.014238	0.690955	0.039502	0.641569	-3	left	OV3_Cisp0
chr19	40222102	40231221	2f6a1315-a26c-45f9-8614-e7a9638338a8	40222093	40232210	fwd	9119	4101	2735	0	0.800962	0.058252	0.673786	-3	left	OV3_Cisp0
chr19	41010824	41021326	ac3e4a49-0155-4534-8863-d54c41eeba68	41010818	41021335	fwd	10502	4480	2325	0	0.81367	0.095368	0.750681	-3	left	OV3_Cisp0
chr19	53560769	53566808	4910947a-8083-4700-b591-ca874ce2a313	53553497	53585826	rev	6039	1441	3903	0.003106	0.428571	0.03125	0.690972	-1	left	OV3_Cisp0
chr19	56739188	56745119	760cf544-4eef-4969-921f-ff02c1d3be5e	56728455	56749768	fwd	5931	1027	1665	0.014218	0.582938	0.059633	0.678899	0.91013	left	OV3_Cisp0
chr2	4823214	4835901	cee3f6b9-237a-436c-93d6-ff1d30bbe3d6	4820016	4835906	rev	12687	2358	8338	0.009589	0.715068	0.063074	0.782036	-3	left	OV3_Cisp0
chr2	7267655	7278608	4b26af7e-6e5c-4908-899e-f9fb5a9a46e8	7266584	7281759	rev	10953	3067	4553	0	0.676976	0.009574	0.887728	-3	left	OV3_Cisp0
chr2	7532381	7547060	55a1d579-01f3-4f61-a0e1-9badb00fb0b0	7532376	7549871	fwd	14679	2510	11761	0	0.378788	0.017267	0.809095	-3	left	OV3_Cisp0
chr2	9689217	9695691	e4f26c57-4f20-424e-9413-e84ab211456a	9689212	9714143	fwd	6474	3641	1335	0	0.292085	0.007326	0.52381	-3	left	OV3_Cisp0
chr2	9916300	9925618	5fb47454-30c5-4b6f-8550-b6bb632b4062	9916296	9929893	fwd	9318	3417	4492	0.027057	0.435175	0.041291	0.618619	-3	left	OV3_Cisp0
chr2	10534702	10540091	03b21386-e8ba-46b3-a5ea-9adc61c04e2e	10519614	10540109	fwd	5389	1111	3529	0.073643	0.333333	0.01697	0.41697	-3	left	OV3_Cisp0
chr2	15450336	15466680	1171c6c3-c3bc-40a4-806e-5b5a33da63cb	15450331	15468753	fwd	16344	6363	6414	0	0.740528	0.007147	0.884552	-3	left	OV3_Cisp0
chr2	16587061	16596030	29355757-04b2-4d13-8596-b14ac6ff7f57	16587055	16596034	rev	8969	4067	2778	0.06798	0.767488	0.028441	0.83504	-3	left	OV3_Cisp0
chr2	17384151	17392335	4505d41a-a912-4b53-8ff5-b2ebf7e260f6	17384145	17392340	rev	8184	4464	3384	0.007994	0.715116	0.034047	0.714981	-3	left	OV3_Cisp0
chr2	18073410	18083034	021945da-042d-41c2-91f0-bd2fb40522f7	18072615	18089547	fwd	9624	2166	5880	0.010101	0.631313	0.018225	0.783069	-3	left	OV3_Cisp0
chr2	18435517	18448364	7ffefa91-e357-4701-ab34-661161351480	18414871	18448371	fwd	12847	2015	9780	0.051325	0.69702	0.010097	0.809953	0.09206	left	OV3_Cisp0
chr2	18699826	18710699	e5cea2c2-b5ee-4249-829f-cd752bb701e4	18699816	18710704	rev	10873	2849	5122	0.046113	0.693017	0.005118	0.868202	-3	left	OV3_Cisp0
chr2	21847118	21857265	f1899214-aa5d-420e-ba52-70974e2b0748	21846594	21858544	rev	10147	2633	5366	0	0.490832	0.020373	0.826542	-3	left	OV3_Cisp0
chr2	22545338	22560133	23a4a837-a937-4a7e-a612-7bbc3121086b	22545333	22564834	fwd	14795	5891	8651	0	0.716009	0.000809	0.859976	-3	left	OV3_Cisp0
chr2	23115065	23127895	bf72a063-6353-41ab-836c-772f4015885a	23115060	23138309	rev	12830	2593	7747	0.001511	0.694864	0.017327	0.829208	-3	left	OV3_Cisp0
chr2	34836879	34845034	91a82d94-c330-446b-8211-6158be5f94a1	34835327	34845369	fwd	8155	5062	1104	0.024532	0.771465	0.033088	0.775735	-3	left	OV3_Cisp0
chr2	40958681	40979552	9f658bf8-60fd-4100-850b-3f00edeef846	40958674	40980695	rev	20871	8035	8693	0.004295	0.532604	0.011554	0.892032	-3	left	OV3_Cisp0
chr2	41652117	41668704	93616aa5-efd5-4a8f-aae6-f02fc98a3b75	41648896	41684946	fwd	16587	3004	8951	0.003876	0.692506	0.007356	0.730691	-3	left	OV3_Cisp0
chr2	41858952	41873706	cc4dd61b-c3b7-4b56-ac80-d39c1672f800	41853749	41877095	fwd	14754	5117	9237	0	0.698888	0.033661	0.781014	-3	left	OV3_Cisp0
chr2	42446483	42459148	3027eda2-3f15-4db6-b9ba-29d3248d41c8	42443513	42460822	fwd	12665	2136	9986	0	0.444444	0.009545	0.668502	-3	left	OV3_Cisp0
chr2	44026693	44032696	abccd01f-f586-4b16-88aa-2fab9b87137a	44026687	44034160	rev	6003	2313	3014	0.070769	0.664615	0.091392	0.623804	-3	left	OV3_Cisp0
chr2	54402590	54410013	5dbb848f-67f1-495c-b899-ab6ad5cc64ea	54392430	54410019	rev	7423	2362	4449	0.065598	0.645773	0.01072	0.837672	0.512002	left	OV3_Cisp0
chr2	59639244	59648501	0db93396-e9d4-4022-be40-14dd2221dbac	59639235	59648505	rev	9257	4197	4649	0.028526	0.776545	0.052975	0.811736	-3	left	OV3_Cisp0
chr2	64206826	64223746	17302f1a-5a61-4773-8e96-b25913d60a84	64205719	64223753	rev	16920	7716	7238	0.01246	0.673281	0.037017	0.844751	-3	left	OV3_Cisp0
chr2	66100310	66106274	6184f19f-2934-419c-a8e2-a57fc7c37470	66090069	66117306	fwd	5964	1269	1512	0.025	0.402778	0.013158	0.506579	0.250719	left	OV3_Cisp0
chr2	70824824	70850779	50833565-1a43-41e4-b00c-f786f36aa3b0	70824819	70859598	fwd	25955	7819	17074	0.000613	0.517178	0.040894	0.740157	-3	left	OV3_Cisp0
chr2	71646380	71657865	88ab2f53-3080-4872-b188-c0fd7d56492f	71646375	71669834	fwd	11485	4966	3572	0.010679	0.622426	0.029162	0.72418	-3	left	OV3_Cisp0
chr2	79025599	79032654	61a1767f-b665-4df5-885e-29673da6815c	79025586	79036207	rev	7055	3188	1243	0	0.651294	0.112628	0.607509	-3	left	OV3_Cisp0
chr2	79120886	79154963	0ef2b698-89aa-4c20-8ab2-07d65ef14dd6	79120879	79154967	rev	34077	4176	29612	0.004695	0.633803	0.02453	0.7988	-3	left	OV3_Cisp0
chr2	82798817	82803764	5a0fbed6-0fd3-4e4e-8d36-3cc8c9dd9a0d	82792925	82810335	fwd	4947	1334	2021	0.05597	0.563433	0.105263	0.636672	-3	left	OV3_Cisp0
chr2	84450894	84471172	113b2f7a-dcd5-42e5-a7a3-cf4be5c8d0d0	84450667	84471199	rev	20278	4133	13010	0.063559	0.821186	0.01169	0.898512	-3	left	OV3_Cisp0
chr2	87414664	87418715	d3591f7a-3b54-4123-9881-841af6cceec1	87414287	87431213	fwd	4051	634	3417	0	0	0	0.388889	-3	left	OV3_Cisp0
chr2	88215116	88220494	a1f54e0a-3501-4d91-97f8-924c003462b6	88215106	88220499	rev	5378	1139	3930	0.025547	0.89781	0.030957	0.838649	-3	left	OV3_Cisp0
chr2	90221678	90236510	03324f6b-6a20-4a75-ae2c-cba83d457404	90220502	90249024	rev	14832	7408	3925	0	0.397824	0.005747	0.841544	-3	left	OV3_Cisp0
chr2	91413677	91421420	a99b543c-7e73-4b44-958e-45305e773c02	91404242	91423218	fwd	7743	6298	567	0.115179	0.319643	0.02963	0.42963	-1	left	OV3_Cisp0
chr2	91672250	91683047	354f58c8-cfc3-4fbb-8774-0349f5037178	91672246	91683052	fwd	10797	4122	3944	0.032673	0.735644	0.031185	0.820166	-3	left	OV3_Cisp0
chr2	99380590	99388678	61dfd82f-4d75-4989-9693-c348f3398d52	99380586	99389681	fwd	8088	5260	1175	0.006853	0.391776	0.090261	0.463183	-3	left	OV3_Cisp0
chr2	101087846	101099593	317779c2-c425-4731-a8a2-65d712c49b8c	101087840	101099599	rev	11747	3102	4366	0.102729	0.729535	0.03102	0.898776	-3	left	OV3_Cisp0
chr2	101792804	101804242	5e031e70-7c80-480e-a356-da18278b3d66	101778428	101806590	fwd	11438	4258	6117	0.001512	0.595616	0.019382	0.801467	-1	left	OV3_Cisp0
chr2	104729912	104737664	f36d621f-baf3-4c38-b8a6-e0d5956b0535	104729904	104748641	fwd	7752	2017	4605	0	0.39196	0.019263	0.752931	-3	left	OV3_Cisp0
chr2	105279188	105289948	46e5884a-3a32-49e0-a3ea-d39f03da8d9f	105279183	105292085	rev	10760	4603	5881	0.006726	0.69432	0.024615	0.747077	-3	left	OV3_Cisp0
chr2	105274302	105290264	ed46c655-3e03-49ab-a92f-c567a966503a	105266550	105304072	rev	15962	4473	9150	0.001567	0.505486	0.013966	0.815642	-3	left	OV3_Cisp0
chr2	108024764	108034343	f89044da-bb81-441f-aa67-007b153e15ae	108024576	108075395	fwd	9579	2725	4268	0	0.337461	0.021773	0.66874	-3	left	OV3_Cisp0
chr2	111487265	111492726	70fe0103-dbc2-432b-9409-5040106eaea5	111486328	111512703	rev	5461	1771	2986	0	0.416318	0.037565	0.647668	-3	left	OV3_Cisp0
chr2	112916264	112926843	d19c3373-ab0f-4fe6-a961-9d35968f53ff	112915810	112935920	fwd	10579	5076	3210	0.002967	0.585312	0.009358	0.629679	-3	left	OV3_Cisp0
chr2	113332425	113337662	9f40068d-737d-4328-85d3-ce2a4dac94a9	113332411	113337668	fwd	5237	2646	1348	0.01983	0.531161	0.057692	0.760989	-3	left	OV3_Cisp0
chr2	117576831	117584248	a6bcf017-41a1-4cc6-b461-f84e2d72a046	117576826	117584253	rev	7417	1980	4839	0.025099	0.706737	0.003311	0.817881	-3	left	OV3_Cisp0
chr2	119266540	119272803	038bb6f8-1aad-49e3-ac9b-de48ea553ae5	119266533	119278479	rev	6263	2805	3102	0.005825	0.542718	0.040946	0.758872	-3	left	OV3_Cisp0
chr2	119479697	119491285	17d69b55-9d10-4650-afa4-a472d08919ab	119479683	119498298	rev	11588	1590	6907	0	0.88254	0.038033	0.722623	-3	left	OV3_Cisp0
chr2	126179336	126193779	0bb41630-c7a6-4f3d-848c-cbc8a483a4a4	126156918	126195994	fwd	14443	2479	11629	0	0.556591	0.026402	0.692433	0.544715	left	OV3_Cisp0
chr2	133726274	133735735	7e8a374d-df0a-4be2-ad3d-db8e15a460c2	133726269	133754674	fwd	9461	1335	5002	0	0.338462	0.012725	0.570359	-3	left	OV3_Cisp0
chr2	137506103	137521011	6ccbaac5-6af2-415c-b1ae-68242e3acb9a	137504881	137521148	rev	14908	4057	10443	0.003509	0.522807	0.077035	0.735305	-3	left	OV3_Cisp0
chr2	137774519	137795954	84d89554-5826-4f3d-b976-5fb080e84a72	137774515	137804485	fwd	21435	4252	14384	0	0.823938	0.007204	0.856612	-3	left	OV3_Cisp0
chr2	138278791	138290727	d7c9ba82-c483-41d2-96b2-7e343de81e4b	138276478	138291035	fwd	11936	2008	7640	0	0.402332	0	0.907993	-3	left	OV3_Cisp0
chr2	140095971	140103069	c8b05904-d590-4a23-92da-369e41933839	140091580	140105325	rev	7098	5773	617	0.002619	0.42483	0.311224	0.540816	-1	left	OV3_Cisp0
chr2	142673744	142682449	1cd016fb-0d0b-4231-92b4-47454a1fecc0	142673528	142696559	fwd	8705	3006	5053	0.002395	0.483832	0.038596	0.616842	-3	left	OV3_Cisp0
chr2	143180058	143189534	42416efc-6d7e-4e82-b791-162113a13176	143180051	143207600	fwd	9476	4884	3731	0.008163	0.576093	0.023636	0.637273	-3	left	OV3_Cisp0
chr2	143781085	143790878	d7aa1bce-be34-457d-b881-91d779aa3097	143777340	143797307	rev	9793	2674	5668	0	0.417569	0.013544	0.854402	-3	left	OV3_Cisp0
chr2	143863512	143878726	ea73f6a7-29b7-4b54-99e7-937bfcde97cc	143859258	143880313	fwd	15214	5483	8054	0.017381	0.385475	0.010245	0.881047	-3	left	OV3_Cisp0
chr2	155188579	155201997	4dd5d163-e5ab-4a1e-b03c-f511dbf49c82	155188572	155213494	rev	13418	4794	7968	0.021559	0.678828	0.000817	0.778913	-3	left	OV3_Cisp0
chr2	157388450	157396149	a26540ff-cf6c-4f30-974c-e0933a4844f0	157385432	157396165	fwd	7699	3046	3130	0.028436	0.613744	0.054662	0.804662	-3	left	OV3_Cisp0
chr2	163729518	163736334	6366b435-1a96-43b0-994e-a32803743cb3	163729502	163743937	rev	6816	4312	1687	0.002924	0.805556	0.090592	0.696864	-3	left	OV3_Cisp0
chr2	171552529	171557896	6ee9d17a-0210-4ba7-ae49-28cee3974b56	171552515	171563420	rev	5367	3110	1734	0.026166	0.547213	0.03071	0.673704	-3	left	OV3_Cisp0
chr2	178192680	178201211	3df9eee9-609b-478f-9794-f259f5a9033c	178192669	178209399	rev	8531	4246	3613	0.006944	0.790799	0.015625	0.634943	-3	left	OV3_Cisp0
chr2	189664147	189669894	14f2f412-d8d0-4ec2-a47c-4f54ad97267d	189649578	189688529	fwd	5747	4247	942	0.009962	0.429119	0.053333	0.486667	-1	left	OV3_Cisp0
chr2	193916498	193924204	069aa805-112e-4236-a987-9a5cf7db0ead	193916492	193935929	fwd	7706	1716	1650	0	0.352113	0.023729	0.513559	-3	left	OV3_Cisp0
chr2	194091846	194097876	97ddb2fc-8d8f-45ca-a290-fccd9c8df86b	194090425	194097906	rev	6030	3102	1020	0.083686	0.595339	0.090643	0.678363	-3	left	OV3_Cisp0
chr2	195204124	195232647	b67553b8-3a09-4f7c-a9da-794f7975245a	195185154	195249584	fwd	28523	4488	21841	0	0.635817	0.018046	0.709283	0.370664	left	OV3_Cisp0
chr2	198620136	198625288	9e7b4b8b-a51c-46de-8358-5a8e35abfe5b	198602199	198625294	rev	5152	1536	2424	0.004938	0.464198	0.031123	0.705007	-1	left	OV3_Cisp0
chr2	201618398	201627211	cdebfe2a-c5b5-4ebe-8c1d-629e893095ed	201618394	201627222	fwd	8813	3285	4202	0.020134	0.725951	0.062911	0.717371	-3	left	OV3_Cisp0
chr2	204318882	204323691	e26cfc0a-893d-4db6-87e1-021416c0eb3b	204318877	204336347	fwd	4809	3294	1075	0	0.421894	0.027027	0.756757	-3	left	OV3_Cisp0
chr2	206556005	206566287	8acc1526-01d9-4b67-b62e-e0ac20438f26	206556000	206572362	rev	10282	4442	4987	0.023753	0.703088	0.035328	0.795242	-3	left	OV3_Cisp0
chr2	209031586	209046912	7d5f5593-ec92-46fc-bb23-4e6eb4e00f52	209026621	209050709	rev	15326	3346	11741	0.001065	0.796592	0.017241	0.811457	-3	left	OV3_Cisp0
chr2	209585245	209590082	82fd511c-e5e7-477c-8237-f29af88c84ca	209585239	209597377	fwd	4837	1088	1611	0	0.772109	0.04662	0.662005	-3	left	OV3_Cisp0
chr2	213178859	213191643	c52fc193-086d-4f32-aa96-8a69a8db4061	213177340	213193412	fwd	12784	1524	8723	0.066496	0.621483	0.009926	0.919178	-3	left	OV3_Cisp0
chr2	215442995	215452022	7346127a-b69b-4ff4-bb9c-8f85d49dbccc	215442855	215458404	rev	9027	3112	4637	0.035306	0.465213	0.028939	0.824759	-3	left	OV3_Cisp0
chr2	216135389	216143987	4c4b8ae9-7a28-44c2-86dd-7938b91aed26	216135384	216147214	fwd	8598	3400	3441	0	0.484	0.006383	0.778723	-3	left	OV3_Cisp0
chr2	217938296	217953865	54888c09-7bf7-4804-b28b-6e39b29c0027	217938285	217960434	fwd	15569	6429	6877	0.003765	0.337349	0.017424	0.681818	-3	left	OV3_Cisp0
chr2	219055522	219063376	c6337e8f-62a3-4d18-abf8-4fee66a94c14	219051530	219066583	rev	7854	4847	2664	0.008439	0.555907	0	0.746237	-3	left	OV3_Cisp0
chr2	219221270	219233892	6ccc32d7-90af-476b-b4c8-bb935c507d7c	219220362	219233900	fwd	12622	2797	8001	0.01868	0.727273	0.035461	0.809693	-3	left	OV3_Cisp0
chr2	220899288	220910592	8aa9ed55-e71d-4a63-af36-acc575f6dbda	220898497	220914478	rev	11304	2674	4502	0.011848	0.736967	0	0.900076	-3	left	OV3_Cisp0
chr2	221117390	221123761	d2129cb9-c16c-4be5-b4a2-401901ff4704	221115699	221130809	fwd	6371	2468	2143	0	0.52	0.030166	0.656109	-3	left	OV3_Cisp0
chr2	222466640	222480282	a64a46a9-158d-4227-bb50-0f9fd9bff5f9	222464712	222480288	rev	13642	4465	7381	0.002725	0.737511	0.005053	0.926731	-3	left	OV3_Cisp0
chr2	224648242	224660265	abf241b7-efe9-4058-acdc-fa026ff1e1ff	224644444	224660270	fwd	12023	3047	7180	0.02593	0.581736	0.014925	0.582587	-3	left	OV3_Cisp0
chr2	227577228	227583812	d5918cd3-685f-4b08-924a-ae1324a95107	227577218	227597583	fwd	6584	2048	3789	0	0.458175	0.016827	0.600962	-3	left	OV3_Cisp0
chr2	229537288	229542695	f3abd214-ddc4-46be-894c-a0fff1d9dfba	229537279	229542703	fwd	5407	2298	2687	0	0.429048	0.01353	0.738007	-3	left	OV3_Cisp0
chr2	231436165	231450615	08401140-3cc5-44da-8562-40406a2bf9c7	231436159	231452899	rev	14450	4545	9100	0.006957	0.626087	0.085246	0.650117	-3	left	OV3_Cisp0
chr2	232752248	232759653	e965eddc-0d27-4162-a74f-f59d854bd272	232752238	232759658	rev	7405	2436	4452	0	0.47654	0.041593	0.775221	-3	left	OV3_Cisp0
chr2	235748513	235763777	14f197e1-9a49-4e0a-87f4-2cfaf327408b	235747764	235763782	rev	15264	1142	13703	0.07947	0.678808	0.054454	0.817123	-3	left	OV3_Cisp0
chr2	241529663	241537686	6cf9ead2-7fd6-4938-afe0-63dc5c417c48	241517638	241537691	fwd	8023	3139	2372	0	0.658211	0.036072	0.665331	-3	left	OV3_Cisp0
chr20	373683	379179	50010193-2a5c-4800-b0bb-76f1352e68cb	367913	389051	rev	5496	1226	3971	0	0.521739	0.004776	0.74021	-3	left	OV3_Cisp0
chr20	772864	787516	35fffe39-8758-4631-bb6f-f6f3206fb5d6	772700	787521	fwd	14652	3390	8726	0	0.440953	0.012066	0.619208	-3	left	OV3_Cisp0
chr20	2672831	2682149	14700ac9-16ae-4696-9789-cfac3624856c	2672823	2691624	fwd	9318	3593	3470	0.001066	0.41258	0.019116	0.602151	-3	left	OV3_Cisp0
chr20	3019314	3025291	4fe063d0-e05f-450a-9a6a-23d590109018	3018236	3030167	rev	5977	2425	2139	0.008104	0.539708	0.053864	0.637002	-3	left	OV3_Cisp0
chr20	13223361	13232736	af45c44f-4bb0-458f-8b26-3acc8bb03f69	13221521	13249042	rev	9375	4362	4543	0.005455	0.657273	0.021867	0.622372	-3	left	OV3_Cisp0
chr20	31067611	31071159	467c4806-2517-4b93-8fc0-4bd34d926783	31051508	31073213	fwd	3548	1119	577	0.074713	0.293103	0	0.590909	-1	left	OV3_Cisp0
chr20	31068008	31073537	0cd613a5-a6ba-4320-862d-e6c90a5d4edf	31054708	31076999	fwd	5529	2348	1339	0.133183	0.41535	0.016461	0.633745	-3	left	OV3_Cisp0
chr20	31073736	31079877	f6351dd0-5f3c-4c6e-b1b8-3c3e9bf10692	31062919	31082166	fwd	6141	4637	648	0.056019	0.445769	0.031746	0.555556	-1	left	OV3_Cisp0
chr20	31065172	31083338	f63b581a-8003-46b0-b313-fb036633afae	31064575	31083613	fwd	18166	14116	1163	0.09807	0.459236	0.057269	0.621145	-3	left	OV3_Cisp0
chr20	31072357	31079322	1bdabbb3-1c0f-42e6-b9e9-c31f1f0093c8	31066012	31079843	fwd	6965	1175	1635	0.004505	0.414414	0.003012	0.563253	-3	left	OV3_Cisp0
chr20	37970441	37980514	f023abc5-d674-44dd-aa1e-6809577ac1c5	37961529	37999045	rev	10073	2336	7458	0.004894	0.619902	0.014594	0.757735	-3	left	OV3_Cisp0
chr20	40100411	40107533	e98dc7a4-0340-4f30-847a-7bf34b3c76a9	40100378	40115498	rev	7122	4820	1218	0.000751	0.404655	0.101796	0.553892	-3	left	OV3_Cisp0
chr20	41152666	41160980	961ebd1b-d92f-44db-bb2a-3264a0ea6754	41152657	41164162	fwd	8314	3115	4897	0.05156	0.626866	0.014821	0.74571	-3	left	OV3_Cisp0
chr20	42426488	42440503	8f15d5be-a751-4622-a42c-fe3488d663ff	42425562	42440516	rev	14015	3289	7961	0.002953	0.560039	0.003112	0.879502	-3	left	OV3_Cisp0
chr20	42650602	42659169	2df8ca5c-0ef9-40ef-bc4a-ba2bed7aa963	42650596	42659174	fwd	8567	1251	5439	0.099256	0.635236	0.032491	0.843321	-3	left	OV3_Cisp0
chr20	43349823	43360538	38e9f2b1-d143-4d5b-8271-f2d56411fb2e	43349818	43385720	fwd	10715	3009	6958	0.018625	0.429799	0.031843	0.509485	-3	left	OV3_Cisp0
chr20	44273493	44282965	52421959-f50e-4b39-8cf2-714103c42535	44255900	44282971	fwd	9472	2169	5031	0.034608	0.794171	0.001591	0.898966	0.109222	left	OV3_Cisp0
chr20	45173602	45185213	b4d82b6c-5ef7-4a34-a912-b8d6b5e6fd19	45171194	45185223	fwd	11611	3285	7483	0.04772	0.687169	0.042564	0.749744	-3	left	OV3_Cisp0
chr20	45320694	45338801	8ddb8087-ebbb-4f01-925e-e9948fe2ca77	45313354	45339445	fwd	18107	4559	10853	0.008081	0.709091	0.032426	0.794235	-3	left	OV3_Cisp0
chr20	47907744	47916576	e8de8189-3e1e-49d3-93f1-c8f24e6888a4	47907738	47921834	rev	8832	4255	1550	0.001807	0.70822	0.029762	0.589286	-3	left	OV3_Cisp0
chr20	48164703	48175157	8665fcc2-54c6-4ebb-b322-7dd53a20be52	48164695	48181351	fwd	10454	3636	4684	0	0.682486	0.002632	0.730702	-3	left	OV3_Cisp0
chr20	49037982	49044831	5f23e68d-586c-466d-a841-bcc7e1e3289a	49027610	49066461	fwd	6849	5022	1302	0.007206	0.680544	0.091168	0.641026	0.188714	left	OV3_Cisp0
chr20	52831773	52844820	6ffafaad-315d-4ec2-9858-0e5481913b53	52830944	52849949	fwd	13047	3242	8839	0.018828	0.539749	0.015912	0.866177	-3	left	OV3_Cisp0
chr20	53222234	53230657	343ec065-b47b-453b-8408-2924f797f19a	53222229	53241721	fwd	8423	2966	3644	0.03951	0.355586	0.04	0.557949	-3	left	OV3_Cisp0
chr20	57154536	57173756	0ccd62b0-9d44-4bfd-b708-b25b1301ed06	57153707	57196203	rev	19220	4898	11695	0.045959	0.48019	0.02595	0.692617	-3	left	OV3_Cisp0
chr20	57229036	57240030	3986e7fe-3727-42c3-9cc5-83240fa48b1c	57229031	57240036	fwd	10994	4019	3444	0	0.344211	0.053867	0.504144	-3	left	OV3_Cisp0
chr20	58630919	58639931	ac672e4f-151d-4272-83b1-e40be769e6b3	58624520	58649428	fwd	9012	5601	2224	0	0.446568	0	0.709486	-1	left	OV3_Cisp0
chr20	58643337	58653143	a565d214-6dd5-4141-b878-59669b952add	58637592	58659161	rev	9806	3611	3093	0	0.421296	0.005967	0.834129	-3	left	OV3_Cisp0
chr20	61617339	61624897	266373d9-76b4-4f66-ad8b-e055593eb345	61617334	61630038	fwd	7558	3455	1338	0.005355	0.472557	0	0.771242	-3	left	OV3_Cisp0
chr20	63633003	63642226	1c2fc549-ff9c-4603-b8d1-4fd98c545e7b	63607852	63643651	rev	9223	1292	5160	0.02454	0.312883	0.010223	0.73513	-3	left	OV3_Cisp0
chr21	7951292	7955356	d2e01e7a-4153-41cb-b696-213b5bd63568	7939810	7955850	fwd	4064	2110	1269	0	0.377863	0.043578	0.580275	-3	left	OV3_Cisp0
chr21	7965837	7987403	33d8deb8-db31-4643-925b-b07c1d575aa5	7965056	8005279	fwd	21566	4154	14579	0.000842	0.531592	0.075613	0.512262	-3	left	OV3_Cisp0
chr21	14848256	14854731	bde5ca6f-5618-4d8a-8918-58234d6ee564	14846601	14862107	rev	6475	1637	2753	0.035124	0.621901	0.021531	0.801435	-3	left	OV3_Cisp0
chr21	16968241	16981225	74c04a7e-7273-4691-962d-bdd977659401	16968236	16985193	rev	12984	4245	6761	0.003918	0.387931	0.036543	0.737747	-3	left	OV3_Cisp0
chr21	17423972	17428517	57f06a64-588d-4fbd-8fca-cb024d319779	17423967	17437792	rev	4545	3242	1015	0	0.366705	0	0.815068	-3	left	OV3_Cisp0
chr21	17815509	17822921	f9ee64c6-27ea-4557-9b05-a092118b9511	17815500	17847119	fwd	7412	3456	2840	0.006024	0.279116	0.019976	0.542891	-3	left	OV3_Cisp0
chr21	22535417	22546932	6b74acad-b367-440a-8efd-604e8264fdd0	22535409	22547075	rev	11515	2641	7915	0.021546	0.596958	0.030201	0.849664	-3	left	OV3_Cisp0
chr21	30943698	30953036	ab492c4a-a38c-4560-9d76-8f519df1499b	30926931	30967363	rev	9338	4264	4697	0.013091	0.561455	0.073171	0.530129	-2	left	OV3_Cisp0
chr21	33258477	33272319	79e79a19-441e-4135-8d97-625c1ff2c71b	33258469	33272329	rev	13842	2038	11313	0	0.478	0.064145	0.642195	-3	left	OV3_Cisp0
chr21	34305197	34314998	8dde7259-f1e6-4f02-a37b-49a9ceb9a037	34305193	34323213	fwd	9801	1022	6724	0.033195	0.327801	0.030272	0.704977	-3	left	OV3_Cisp0
chr21	36503501	36512768	06c89b14-596c-40bb-be3d-a4ddc0adf69a	36503493	36517392	fwd	9267	3352	2626	0	0.790304	0.008559	0.858773	-3	left	OV3_Cisp0
chr21	38081374	38086859	2a53218e-958b-4043-bff9-5fd981871e17	38081358	38086866	fwd	5485	2874	2105	0.028747	0.790554	0.09894	0.717314	-3	left	OV3_Cisp0
chr21	38144552	38154082	35cff055-d24d-4855-a692-eabe8d693b09	38144544	38154992	fwd	9530	5235	1637	0.000693	0.70527	0.071429	0.691558	-3	left	OV3_Cisp0
chr21	41551456	41558544	566bd56b-5c1f-4c65-a757-55e9c9b5ef15	41549147	41558557	fwd	7088	1811	4544	0.087805	0.695122	0.130634	0.659282	-3	left	OV3_Cisp0
chr21	42317917	42321474	db88f8c4-e57d-491a-831c-943a690d2586	42302250	42321493	rev	3557	1644	1333	0.080645	0.811828	0.133588	0.71374	-3	left	OV3_Cisp0
chr21	43611829	43621144	59646ee1-6278-4f1b-a6e1-b1e41b8fcf38	43611817	43625707	fwd	9315	4290	1830	0.062159	0.715376	0.01084	0.712737	-3	left	OV3_Cisp0
chr21	43753039	43768184	287a7b8e-513e-4166-a711-5a88697b0774	43745109	43776004	rev	15145	3541	6937	0	0.673969	0.01304	0.841891	-3	left	OV3_Cisp0
chr21	44082134	44087401	bb7275a9-0b3f-441c-93b6-5d21bb676759	44079579	44091278	fwd	5267	1799	3105	0	0.361364	0.026634	0.690073	-3	left	OV3_Cisp0
chr21	46011162	46021140	f7ce45aa-ca69-4c8e-a07f-8aec39e1d82f	46011157	46033003	fwd	9978	5551	3354	0.0166	0.504865	0.024436	0.75282	-3	left	OV3_Cisp0
chr21	46419592	46434290	23b211c7-85ef-454d-90f1-c2cda115e135	46419580	46436741	fwd	14698	6319	5515	0.004231	0.531735	0.067416	0.689139	-3	left	OV3_Cisp0
chr22	18048700	18066891	883b32c2-0dca-4f49-96a5-97deff9de938	18038063	18068428	rev	18191	6852	9003	0	0.439721	0.117071	0.566271	0.37654	left	OV3_Cisp0
chr22	20758776	20768958	0cbb1a55-316f-47eb-add1-1465b542d871	20758764	20772138	rev	10182	4726	3488	0.001599	0.811351	0.016892	0.849099	-3	left	OV3_Cisp0
chr22	21285133	21296078	ed42daee-b9ee-4f7d-b6bc-5d3e21b117f5	21285122	21301074	rev	10945	7997	2540	0.005088	0.463539	0.003534	0.667845	-3	left	OV3_Cisp0
chr22	30809662	30819164	5025db3f-4585-4426-be8e-0cc84f2c99e5	30805724	30832117	fwd	9502	3354	3757	0	0.439548	0	0.853394	-3	left	OV3_Cisp0
chr22	34665466	34682849	feb3c945-7e69-42cd-9c7a-ca5da9e97316	34661212	34690600	rev	17383	1298	11748	0	0.223214	0.008371	0.752167	-3	left	OV3_Cisp0
chr22	34869067	34877935	b29960cd-2fff-4b53-8fc2-72747b27f933	34868607	34894709	fwd	8868	2755	4086	0.005831	0.574344	0.010686	0.756011	-3	left	OV3_Cisp0
chr22	37227660	37237561	510f9fe5-6427-4468-b1bc-dcd75a0c2f32	37222639	37251409	fwd	9901	1827	7430	0	0.335484	0.064356	0.527581	-3	left	OV3_Cisp0
chr22	43824953	43840574	da7b0501-26fe-4a3e-b715-d6d1469f8f22	43819639	43840581	fwd	15621	4231	10955	0.010526	0.485526	0.03376	0.520716	-3	left	OV3_Cisp0
chr22	49642810	49650568	70d6b50a-675f-4111-9e4b-25247b6308d8	49642800	49657463	rev	7758	2941	3307	0.018571	0.675714	0.01108	0.754848	-3	left	OV3_Cisp0
chr22	49691458	49703491	e1d3b3ef-72df-4397-b483-ef9f20d63f9c	49691451	49719790	rev	12033	3419	7188	0	0.818766	0.007851	0.762512	-3	left	OV3_Cisp0
chr22	49889833	49896710	2fea21ce-0ebf-4793-a403-101874d48b1d	49880123	49904405	rev	6877	1674	4723	0	0.281843	0.045682	0.603854	0.475991	left	OV3_Cisp0
chr3	5855594	5861767	9bda739b-2c9f-46f3-a7ef-31eb4f51695c	5855589	5922900	rev	6173	3328	2511	0.008841	0.394892	0	0.671687	-3	left	OV3_Cisp0
chr3	6648745	6661995	8b57eded-9e16-47fb-8e7b-8d9b952dc7fc	6648738	6667167	rev	13250	4609	6794	0.020285	0.486852	0.017887	0.801006	-3	left	OV3_Cisp0
chr3	7855563	7863000	eefed0fd-c3f8-447b-811b-31d874c83583	7855559	7869346	fwd	7437	2056	4332	0.001862	0.351955	0.016038	0.656776	-3	left	OV3_Cisp0
chr3	8295727	8306473	20b82308-f3c0-41e9-bdbc-128577073c3d	8293881	8313183	fwd	10746	3626	4440	0	0.618947	0.000818	0.78332	-3	left	OV3_Cisp0
chr3	8466859	8474773	8104b136-e492-45d2-a190-83f91a836aa4	8466803	8481315	fwd	7914	3934	3563	0	0.786427	0.065521	0.721805	-3	left	OV3_Cisp0
chr3	10094925	10100390	4fe5b86b-3f2e-41c8-b721-4bf0f55bf9a2	10094919	10114231	fwd	5465	2769	2279	0	0.752972	0.014041	0.726989	-3	left	OV3_Cisp0
chr3	12586374	12595379	82d26e3d-747b-459f-af69-06c91933a225	12586368	12614416	fwd	9005	3746	2274	0.017347	0.630612	0.126065	0.572402	-3	left	OV3_Cisp0
chr3	15855585	15864765	d0ee1b32-8077-45ee-a74d-cbb2bf662cb0	15855047	15864769	rev	9180	1125	7690	0.057057	0.798799	0.018701	0.890748	-3	left	OV3_Cisp0
chr3	17045727	17055558	9edad2ef-0990-4796-b5f4-aa6072487f11	17045721	17058550	fwd	9831	4876	3584	0.002335	0.829572	0.018066	0.805526	-3	left	OV3_Cisp0
chr3	19230305	19236885	fd03e3b6-c14c-48f1-a568-c4dd43cb4fa9	19230299	19236897	fwd	6580	1443	4654	0.006803	0.870748	0.03635	0.847181	-3	left	OV3_Cisp0
chr3	20913347	20924875	e807c1ab-1e26-45ae-a79c-3e8b0573275e	20913342	20924982	rev	11528	4767	4235	0.000566	0.775891	0.006079	0.835106	-3	left	OV3_Cisp0
chr3	22307183	22324201	5182b4eb-6312-4f6e-b9f3-8657ba5a4778	22307179	22325676	fwd	17018	4082	9048	0.004821	0.365014	0.001527	0.903398	-3	left	OV3_Cisp0
chr3	22766853	22776328	ca4b41d2-c557-461b-a9cc-549f35bffcfa	22766849	22778214	fwd	9475	4466	3963	0.048107	0.502366	0.049738	0.686736	-3	left	OV3_Cisp0
chr3	25530557	25542359	ca0156a9-add7-4b6c-9501-cd6321d3337f	25522411	25544586	fwd	11802	1951	8165	0	0.567063	0.006686	0.844547	0.227779	left	OV3_Cisp0
chr3	30304279	30310443	fa460688-f634-4b1f-98ce-6e990e923935	30304274	30314367	fwd	6164	1128	1882	0	0.310448	0.010776	0.512931	-3	left	OV3_Cisp0
chr3	31300125	31305373	7e34fe9f-1a32-4ed5-80b7-e912a867c9ba	31300116	31325013	fwd	5248	2008	2138	0.013566	0.420543	0	0.570662	-3	left	OV3_Cisp0
chr3	33605327	33620704	867b7a4e-bae3-439b-9de6-2ac1965ca986	33601222	33625866	fwd	15377	3254	7556	0	0.786492	0.02211	0.840626	-3	left	OV3_Cisp0
chr3	38881791	38891738	3edbb6cd-bf44-481d-bbc3-8318c3a83aae	38878989	38893019	rev	9947	3503	5630	0	0.541241	0.01602	0.773876	-3	left	OV3_Cisp0
chr3	40204031	40212718	93210403-c436-4383-b80a-355f221aceb0	40201357	40251836	fwd	8687	2763	5324	0	0.302857	0.00944	0.610447	-3	left	OV3_Cisp0
chr3	52911504	52923635	36ff066b-c066-4d6b-8c7c-9bf14bd88a35	52911494	52924588	rev	12131	5988	5673	0.012834	0.503209	0.060356	0.656925	-3	left	OV3_Cisp0
chr3	54243424	54252297	9afa5c6c-6387-4221-a300-0264cb4e7287	54223437	54255321	rev	8873	4721	3418	0.045045	0.630631	0.10245	0.553452	-1	left	OV3_Cisp0
chr3	56767253	56780984	8d3c6466-f86d-4b27-9bfa-7c59bc3cd917	56763095	56780989	fwd	13731	3826	9596	0.02	0.693043	0.036434	0.825118	-3	left	OV3_Cisp0
chr3	57340913	57354380	a39481c0-d986-4a21-8329-f009d53389c5	57340252	57359862	fwd	13467	6014	6930	0.106267	0.512262	0.013897	0.786103	-3	left	OV3_Cisp0
chr3	60414555	60426846	066b468b-3dc5-47d3-9e64-c37ef23b0312	60412474	60443813	fwd	12291	3555	7387	0	0.808511	0.077783	0.594099	-3	left	OV3_Cisp0
chr3	60958088	60968674	90c84c74-cabc-4a9f-bbc6-6e332f4fc2ca	60951682	60969875	fwd	10586	7965	1291	0.017624	0.689813	0.085	0.6725	-3	left	OV3_Cisp0
chr3	62362752	62375765	73fd1c9b-7099-436c-af43-1f55b87b3635	62362748	62375779	fwd	13013	4881	4692	0.003165	0.484177	0.022883	0.736079	-3	left	OV3_Cisp0
chr3	62495045	62504672	67547777-94c5-46a0-9628-b76141515242	62495041	62517143	fwd	9627	4396	4783	0	0.418658	0.013523	0.685409	-3	left	OV3_Cisp0
chr3	71164326	71185281	8c80a661-61b0-456c-8e41-5308fedb5f86	71150888	71200541	rev	20955	4719	12963	0.001452	0.755991	0.016406	0.780208	0.125654	left	OV3_Cisp0
chr3	74412564	74422133	f7d7f69f-417d-4cc8-a261-aaf0c48022e0	74412559	74422137	rev	9569	3692	3956	0.013052	0.604418	0.029336	0.824849	-3	left	OV3_Cisp0
chr3	78178603	78187785	1248d965-28d7-49ab-a830-742ea0434481	78178582	78187795	fwd	9182	1178	6338	0	0.737569	0.015306	0.877551	-3	left	OV3_Cisp0
chr3	82356193	82373465	6062cc3f-99c8-4804-a884-7c41ca57dad0	82353156	82382194	rev	17272	1651	13164	0.098101	0.781646	0.00818	0.870104	-3	left	OV3_Cisp0
chr3	87152029	87155736	4897abd1-3e54-4c69-b37f-75a253999f3f	87145364	87158041	fwd	3707	1545	722	0	0.3125	0	0.477064	-1	left	OV3_Cisp0
chr3	88003601	88018786	1fc562cb-c9ec-4803-b3ec-7c2379e6255a	88002929	88018793	rev	15185	1564	11181	0.004608	0.859447	0.018028	0.885472	-3	left	OV3_Cisp0
chr3	89310720	89325075	5e6436ba-101b-4d43-8ab2-c38f6565096a	89310194	89325080	rev	14355	2896	6638	0.045561	0.787383	0.00853	0.943302	-3	left	OV3_Cisp0
chr3	89641435	89648543	e1cd0fbe-84bc-47d0-a4c8-8c76902ac433	89641429	89654098	fwd	7108	3455	2556	0.002294	0.603976	0.015101	0.622483	-3	left	OV3_Cisp0
chr3	98580123	98590046	7e95b5e4-1b0b-465f-82cd-1d2711730f9a	98580119	98590056	fwd	9923	3059	4920	0.042424	0.770909	0.023471	0.843528	-3	left	OV3_Cisp0
chr3	99915166	99920445	d1dc8c3f-10fb-4c3a-b16a-70408a9258d6	99915151	99946085	rev	5279	1352	2101	0	0.452555	0.012367	0.681979	-3	left	OV3_Cisp0
chr3	100186979	100198731	f4796667-55dc-4cd5-adb2-8f27fa626b46	100186973	100199813	fwd	11752	2601	4617	0	0.765854	0.039199	0.777314	-3	left	OV3_Cisp0
chr3	100350926	100357918	e29102e3-c5ee-427b-ae2f-924bdd4022f3	100350916	100361849	rev	6992	2990	3611	0	0.501832	0.03003	0.71972	-3	left	OV3_Cisp0
chr3	104588995	104613916	577abdc8-fa7e-4835-9213-e30663a9f374	104588220	104620254	rev	24921	4973	16308	0.010791	0.572542	0.015735	0.850426	-3	left	OV3_Cisp0
chr3	106111116	106117790	1e1d35de-a8ce-4366-ac5d-7802d9538451	106104097	106117798	fwd	6674	1664	4663	0	0.625698	0.006554	0.891386	-1	left	OV3_Cisp0
chr3	107677870	107693912	377a4713-4b98-4b7a-98b2-bb485c458359	107657364	107698257	rev	16042	1834	10617	0	0.568783	0.022742	0.845354	0.272297	left	OV3_Cisp0
chr3	109702662	109717298	8aafb86f-ba0b-4e58-b58c-8a6d291dc505	109702656	109722702	rev	14636	2714	11192	0	0.743003	0.009461	0.853674	-3	left	OV3_Cisp0
chr3	110471177	110479212	9c1b90eb-45c1-491f-968e-60447559750c	110471172	110479221	fwd	8035	1271	4608	0.074792	0.814404	0.004895	0.881818	-3	left	OV3_Cisp0
chr3	112253744	112259930	da5d1657-e9ec-4c25-80dc-55aa563d06e8	112252486	112269054	fwd	6186	3893	1990	0.004381	0.467689	0	0.612658	-3	left	OV3_Cisp0
chr3	115079820	115089525	e5aa57de-806f-4d07-8989-986644da5d9d	115079224	115093525	rev	9705	3738	5338	0.002523	0.555929	0.00268	0.79582	-3	left	OV3_Cisp0
chr3	119576761	119589235	9aed01ff-fec2-401c-9322-1f81a60fff97	119575780	119591693	rev	12474	938	7036	0	0.893519	0.020868	0.85777	-3	left	OV3_Cisp0
chr3	119977595	119994785	414ef0cc-de3c-4cee-9230-4ec59fa7b0e7	119967558	120003852	fwd	17190	2147	12399	0.025243	0.666019	0.004767	0.911134	0.00576	left	OV3_Cisp0
chr3	121592296	121602276	e206d68a-7aba-4591-ab27-cf29bed5935b	121592288	121635156	rev	9980	1051	6272	0	0.455253	0	0.805373	-3	left	OV3_Cisp0
chr3	122083924	122100424	e646114b-3ba9-4eb1-a9c6-df760318304f	122079171	122109134	fwd	16500	5148	9625	0	0.451095	0.013483	0.796255	-3	left	OV3_Cisp0
chr3	124301228	124312361	68a60c94-8a50-4264-b47d-0b3cbbfd13c8	124293662	124317375	rev	11133	2462	6008	0.018286	0.540571	0.075184	0.721346	-3	left	OV3_Cisp0
chr3	129072189	129083842	c26b504b-6f05-47e2-809c-d1e3fbafc8a5	129066331	129083849	fwd	11653	2366	8051	0.066288	0.659091	0.007729	0.950725	-3	left	OV3_Cisp0
chr3	133418285	133431875	fcc2045d-2f05-43f2-9cc1-858fae976009	133406430	133443885	fwd	13590	1582	9427	0	0.356796	0.006132	0.643014	0.379718	left	OV3_Cisp0
chr3	134200042	134207251	eba545da-d449-4577-b69b-b819e1240558	134200038	134207258	fwd	7209	2816	2043	0.037464	0.733429	0.086393	0.7473	-3	left	OV3_Cisp0
chr3	134228805	134242888	b2e0084b-5832-4924-9341-321dde8dbc3b	134227344	134242892	rev	14083	1632	9286	0	0.797422	0.001243	0.93785	-3	left	OV3_Cisp0
chr3	135805920	135815645	47e6ea3b-dcb6-4160-b773-2b2089b550f4	135804372	135815656	rev	9725	2265	5721	0.119178	0.620548	0.004522	0.912145	-3	left	OV3_Cisp0
chr3	137602535	137618947	120fd1b6-3cc2-49fb-8d6b-ab7c16911aa7	137601972	137627395	rev	16412	9602	5540	0.013739	0.470723	0.005758	0.834293	-3	left	OV3_Cisp0
chr3	138555452	138562889	1a3ee38a-b109-4887-8472-02cd67b877d8	138555439	138562893	rev	7437	1715	5247	0.126382	0.751975	0.019796	0.880656	-3	left	OV3_Cisp0
chr3	139231777	139236546	8aaf83c9-07cd-403a-87bb-220fd499119b	139231753	139238993	rev	4769	3225	1034	0.014823	0.63854	0.117647	0.592157	-3	left	OV3_Cisp0
chr3	141204060	141210623	988b146e-b8b0-41e4-91cf-5dc98ab9f9bf	141204056	141221259	fwd	6563	2596	3569	0	0.774862	0.04918	0.664481	-3	left	OV3_Cisp0
chr3	142081425	142085679	78ccbb57-918b-4c96-966e-2f0fa441436e	142081419	142093336	rev	4254	1477	2402	0	0.473267	0	0.742827	-3	left	OV3_Cisp0
chr3	142464906	142473136	da9c925a-9ff5-478d-b2e3-3b79426bbb64	142464899	142473179	fwd	8230	3788	3730	0.039028	0.513255	0.069528	0.613734	-3	left	OV3_Cisp0
chr3	145792477	145807503	5f2279bc-8552-45a0-b731-e2469921132f	145792471	145815088	fwd	15026	5347	8004	0.005682	0.817045	0.089427	0.675721	-3	left	OV3_Cisp0
chr3	147926154	147932190	b8959936-267f-41c5-bd30-c666c6883ac6	147916527	147932204	fwd	6036	3527	2022	0.052065	0.644524	0.124402	0.652313	-1	left	OV3_Cisp0
chr3	148460007	148469815	df8a50d1-113c-42df-8949-4dad414dad03	148460002	148477879	rev	9808	3915	4367	0.00229	0.774046	0.02816	0.832351	-3	left	OV3_Cisp0
chr3	149594392	149606576	f6135bd6-a575-4e4d-a50c-a5ecc1a8c887	149594387	149606582	rev	12184	4952	4586	0.032389	0.781377	0.031838	0.873372	-3	left	OV3_Cisp0
chr3	150171869	150184024	46c02a8a-9bee-4a2f-b758-4c3fd8f68bec	150169778	150190798	rev	12155	4514	4954	0.01278	0.476038	0.003236	0.89644	-3	left	OV3_Cisp0
chr3	152080784	152087008	2ffaff8b-8fa2-4c55-9e82-cc778c7c6675	152079386	152087013	rev	6224	1548	2601	0.004494	0.746067	0	0.949559	-3	left	OV3_Cisp0
chr3	158005626	158018948	159a58ca-ad1e-43f3-82a0-c22fd4be0cc2	157998211	158018953	rev	13322	1998	8753	0.118531	0.721202	0.003838	0.889044	0.14742	left	OV3_Cisp0
chr3	159245454	159252574	441c8177-1f5e-4cb5-a503-6fd91c3f4faf	159234281	159253862	rev	7120	5521	1261	0.004701	0.529214	0.157746	0.63662	-2	left	OV3_Cisp0
chr3	160503827	160512158	99508547-0376-4d08-a5ee-e2d412b27acb	160502288	160514057	rev	8331	1940	6003	0.042857	0.5	0.002269	0.904708	-3	left	OV3_Cisp0
chr3	166346927	166355255	40bbd6b7-16f2-4da6-adca-2b7396e78350	166320146	166395420	rev	8328	3490	2294	0	0.678845	0.04023	0.619253	0.004375	left	OV3_Cisp0
chr3	169248651	169260659	dee14248-e898-4192-a340-53727d8a7bf1	169248642	169261741	rev	12008	5057	4218	0.004736	0.782815	0.095679	0.77392	-3	left	OV3_Cisp0
chr3	169617449	169625025	0623c3ab-6e7d-48b9-af9a-8e8fdd72cbd5	169617441	169625030	fwd	7576	5882	1169	0.087366	0.751728	0.059028	0.760417	-3	left	OV3_Cisp0
chr3	171438891	171447364	25232446-f3e9-4166-ba83-4847e5045205	171438597	171473641	rev	8473	1137	6924	0	0.421488	0.006783	0.640988	-3	left	OV3_Cisp0
chr3	171675795	171686084	2cc0b605-f9df-49ee-9900-bf5537f5b6f1	171650844	171701432	rev	10289	2305	6738	0.006547	0.361702	0.013978	0.662366	0.67823	left	OV3_Cisp0
chr3	176736482	176744064	f61deee4-f47e-4aa2-a3be-d6211257af4b	176736475	176756985	rev	7582	2876	2555	0	0.641192	0.003681	0.693252	-3	left	OV3_Cisp0
chr3	176748619	176757778	25a102fd-0b16-4973-9d95-4e69055b7d1a	176740507	176757785	rev	9159	2169	5026	0.001325	0.723179	0.013111	0.825983	0.11118	left	OV3_Cisp0
chr3	176904969	176914999	98814a27-8174-4eef-99aa-52440ba43e66	176904951	176925408	fwd	10030	4814	2374	0.021091	0.611636	0.021739	0.664596	-3	left	OV3_Cisp0
chr3	178002163	178006004	6c67e3a5-5ca0-4d41-887a-9e1f416f5967	177996068	178006009	rev	3841	1839	528	0	0.531549	0	0.657895	-1	left	OV3_Cisp0
chr3	179064420	179076650	be973322-5f06-4ebc-883a-01ef88b7e952	179063203	179077795	rev	12230	4808	5868	0.011329	0.63142	0.020942	0.833042	-3	left	OV3_Cisp0
chr3	181485021	181495411	94ea7176-ab79-43ba-a37a-1a8561f30dee	181480149	181497201	fwd	10390	2989	6035	0.0447	0.619413	0.000537	0.874866	-3	left	OV3_Cisp0
chr3	181648601	181658830	0f383fa1-e24f-46fd-9daf-bfa688bd807a	181648597	181663395	fwd	10229	3871	6009	0	0.520463	0.05817	0.588889	-3	left	OV3_Cisp0
chr3	188823102	188841016	0734089b-cdd6-417c-be28-0eb74b8e08bb	188822568	188856786	fwd	17914	4560	12534	0.023202	0.557618	0.037587	0.676573	-3	left	OV3_Cisp0
chr3	189316931	189324791	78840f5d-2ef4-4cac-af60-911127ddb586	189316910	189325300	rev	7860	3943	3493	0.000891	0.771836	0.063201	0.826707	-3	left	OV3_Cisp0
chr3	190266896	190281333	2930ba40-cd9d-4fb8-a4bd-269dd450784e	190266882	190281338	rev	14437	1303	12811	0.030023	0.752887	0.031233	0.883536	-3	left	OV3_Cisp0
chr3	191906276	191923320	4cba4790-8120-4f09-a6eb-60463db16a86	191906268	191929382	rev	17044	5077	9671	0.001389	0.891667	0.002926	0.878566	-3	left	OV3_Cisp0
chr3	196028364	196034342	b612d42e-2e5d-4cc5-a4ea-85760c044d23	196028359	196043869	rev	5978	1185	4160	0.039474	0.447368	0.002626	0.738017	-3	left	OV3_Cisp0
chr4	2485098	2489302	2d73d0a8-2843-448e-b25f-af92726e3bdd	2484799	2496261	fwd	4204	2515	1186	0.001513	0.473525	0.032836	0.659701	-3	left	OV3_Cisp0
chr4	4156628	4169737	53f8497b-6fc4-4bef-9e43-b6e48bee2c24	4156622	4169746	fwd	13109	3375	8811	0.039333	0.594756	0.049613	0.71279	-3	left	OV3_Cisp0
chr4	5868366	5879532	56b14157-83ce-4bff-8b7f-2690f33a6b4e	5868356	5885371	fwd	11166	3833	3028	0.005342	0.592949	0	0.872312	-3	left	OV3_Cisp0
chr4	7748720	7755130	c987d795-1f3c-464f-86cc-00c33d539a59	7744830	7755895	rev	6410	2381	2683	0	0.436077	0.003901	0.864759	-3	left	OV3_Cisp0
chr4	7823597	7845401	978d0393-1c28-4eea-8963-0b1a23b3ed86	7814144	7861784	rev	21804	1936	19377	0.003883	0.380583	0.036776	0.550954	0.215166	left	OV3_Cisp0
chr4	16989297	17001967	6c23faa5-2e8e-4b91-967d-f7148a8b46b8	16989080	17001972	rev	12670	2692	6931	0.028391	0.591483	0.008176	0.914665	-3	left	OV3_Cisp0
chr4	17185779	17191417	b1b5e700-e1b0-481e-af08-b659f15ff966	17185775	17191422	fwd	5638	1008	1655	0.043478	0.735178	0.048352	0.734066	-3	left	OV3_Cisp0
chr4	23633888	23643450	4f5bb9ea-0b37-481d-a743-addd6ebe8a0a	23633876	23643455	rev	9562	3100	3063	0.042553	0.768617	0.00858	0.897998	-3	left	OV3_Cisp0
chr4	24379111	24395899	d062bcd0-0c1c-4f26-94df-a25cedbc5369	24379103	24416725	fwd	16788	5671	10808	0.00242	0.782819	0.031053	0.751993	-3	left	OV3_Cisp0
chr4	30212428	30228465	f5c043b4-e49f-43b4-a066-fe98610cb987	30212078	30231669	rev	16037	4411	10539	0	0.563845	0.012366	0.830459	-3	left	OV3_Cisp0
chr4	37376805	37387159	5d2238e7-b261-43a3-bad5-38e23e0674c6	37376801	37387168	fwd	10354	1279	5996	0.087179	0.610256	0.013706	0.862364	-3	left	OV3_Cisp0
chr4	45007427	45015993	0c62bad8-f3ef-4673-a749-5094be0df0b7	45007422	45019073	rev	8566	6235	1894	0.00989	0.382967	0.029644	0.741107	-3	left	OV3_Cisp0
chr4	46163673	46176915	644729ab-6206-4596-b51f-886cb63dccf7	46162617	46184316	rev	13242	1538	7371	0	0.348162	0.029024	0.806069	-3	left	OV3_Cisp0
chr4	47112728	47119411	63a41116-94fa-48d4-acd1-7d3f02550759	47112157	47121769	rev	6683	1680	3578	0.038017	0.419835	0.01633	0.790586	-3	left	OV3_Cisp0
chr4	49103752	49109248	79cb5374-9c35-4426-8f53-9827c4036507	49101588	49111052	rev	5496	1075	1288	0.086022	0.408602	0.006061	0.581818	-3	left	OV3_Cisp0
chr4	49118393	49131220	61f7b1f1-7e93-4f56-bb3d-3c8c452c31da	49100735	49156637	rev	12827	10264	1805	0	0.689655	0.018657	0.570896	0.360048	left	OV3_Cisp0
chr4	49121936	49126760	d24b7e15-b2d3-494c-b39c-c13f689488f4	49111601	49143536	rev	4824	542	1790	0.025	0.2625	0.019324	0.657005	-1	left	OV3_Cisp0
chr4	49126308	49131491	5170df7f-f91d-47ab-ac8f-816678107a32	49117503	49140082	rev	5183	2820	1089	0.053908	0.428571	0.03125	0.5375	-3	left	OV3_Cisp0
chr4	49121988	49127187	d9a89cba-8326-4220-beb7-1428d27be158	49117434	49152864	fwd	5199	505	1814	0.059172	0.769231	0.032095	0.70777	-3	left	OV3_Cisp0
chr4	49130176	49139326	d9a89cba-8326-4220-beb7-1428d27be158	49117434	49152864	fwd	9150	7890	937	0.148134	0.56903	0.012195	0.554878	-1	left	OV3_Cisp0
chr4	49285329	49304776	50f76bb1-9e3d-49c7-a77e-f57778be8e10	49279006	49309027	fwd	19447	10060	8115	0.062639	0.465127	0.031514	0.742825	-3	left	OV3_Cisp0
chr4	49651312	49653737	9590c999-c4db-4001-8a4b-bdb1caaa02e4	49643912	49658098	fwd	2425	1079	562	0.036269	0.559585	0.239583	0.46875	-1	left	OV3_Cisp0
chr4	54936306	54943807	e00f6c96-32a5-48a2-a2c5-26ba4f63d234	54936298	54947054	fwd	7501	3731	1262	0.01749	0.409465	0.003125	0.846875	-3	left	OV3_Cisp0
chr4	55397325	55417716	402afccd-5297-4a2d-8065-7fc3dc8259d3	55392596	55417727	fwd	20391	3638	13752	0.010879	0.578243	0.012029	0.888394	-3	left	OV3_Cisp0
chr4	55893999	55900881	17f5d011-b224-4b7e-b049-6a676dc522ed	55892993	55902788	rev	6882	3949	1487	0.014706	0.715398	0.095122	0.687805	-3	left	OV3_Cisp0
chr4	58712773	58722777	7c16e32a-a372-4e39-a7c0-876815aa6db1	58700322	58723537	fwd	10004	3051	4904	0.002094	0.657592	0	0.888369	0.360688	left	OV3_Cisp0
chr4	66979013	66994814	2eeac759-149d-430d-a12b-e3847a6c5f06	66977758	67004704	rev	15801	5002	9530	0.020873	0.744466	0.008496	0.693388	-3	left	OV3_Cisp0
chr4	69865695	69878472	e5ade9d7-02dc-4fc4-a66d-bcdcfc5d21f9	69865475	69902855	fwd	12777	2114	7231	0.001437	0.877874	0.011251	0.893789	-3	left	OV3_Cisp0
chr4	75944335	75955079	080e9b20-9f8a-49a1-a0aa-18fc1e7fcfcb	75939782	75956377	rev	10744	4701	1610	0.001364	0.626876	0.010571	0.930233	-3	left	OV3_Cisp0
chr4	77790093	77798762	0d578048-beda-495d-8503-f02331848b62	77790088	77801150	rev	8669	3921	3932	0.003281	0.532404	0.039496	0.752941	-3	left	OV3_Cisp0
chr4	85740209	85745576	7f5f710c-f186-41d8-8230-5617803ac5c8	85740205	85767674	fwd	5367	1937	3098	0.005474	0.479927	0	0.63922	-3	left	OV3_Cisp0
chr4	92154406	92177946	a287ff82-6287-40fc-afb9-e1deb2ce6786	92154401	92177951	fwd	23540	2716	19407	0	0.742206	0.023664	0.781821	-3	left	OV3_Cisp0
chr4	92793170	92800244	a4301e05-32ca-4e8c-8746-1229638b5997	92793164	92829704	fwd	7074	2047	3878	0	0.562009	0.010042	0.72636	-3	left	OV3_Cisp0
chr4	97183657	97191697	fd30144e-db1e-4502-ae9a-f9a46f95cfa7	97180895	97194740	rev	8040	2538	4322	0.02524	0.646635	0	0.880086	-3	left	OV3_Cisp0
chr4	101749759	101756087	3d7a344d-7018-402d-8588-3d9675715ab4	101748131	101756102	fwd	6328	1282	4775	0.01171	0.899297	0.011223	0.852413	-3	left	OV3_Cisp0
chr4	102487541	102503591	bbdd1c28-0b1b-4762-8a03-77838bb7e332	102487086	102515664	fwd	16050	1294	11878	0.034739	0.533499	0.003523	0.803972	-3	left	OV3_Cisp0
chr4	109920971	109929823	a58a682f-a1d7-4c42-9757-5fe3aa2d8102	109920955	109930795	rev	8852	4183	3406	0.029056	0.748991	0.086646	0.801223	-3	left	OV3_Cisp0
chr4	118829170	118846830	554d415a-ec3e-40ad-9280-86e43a9366e4	118829165	118847234	fwd	17660	6376	10017	0.015287	0.56194	0.061256	0.793991	-3	left	OV3_Cisp0
chr4	126107333	126114817	48191724-7c7a-4f55-b591-d82cd1ae3dcd	126107309	126129484	rev	7484	3514	3677	0.002291	0.75945	0.01784	0.701408	-3	left	OV3_Cisp0
chr4	127860122	127867384	19156a6a-edc8-4db8-800c-04a910d3ba84	127860116	127869549	rev	7262	3583	3191	0.025881	0.487419	0.004866	0.783455	-3	left	OV3_Cisp0
chr4	141942932	141950989	ac0a9c59-b5af-4187-b90d-66b6f47cc2c3	141936891	141958690	rev	8057	3221	2173	0.026549	0.735318	0.05916	0.685115	-3	left	OV3_Cisp0
chr4	148024990	148035150	bc7418d9-97a0-4c86-a1a6-0f4a7bb0483e	148017835	148035156	fwd	10160	1422	8152	0	0.589912	0.011304	0.839725	0.628974	left	OV3_Cisp0
chr4	150715305	150725187	4a5c76d4-cca9-4890-be96-08bdc7160598	150715186	150733861	fwd	9882	5459	1483	0.008744	0.566773	0.069136	0.649383	-3	left	OV3_Cisp0
chr4	151873479	151878048	4c055210-4445-401d-968f-0e1937699550	151872997	151881760	rev	4569	2864	1321	0.006983	0.473464	0.101093	0.65847	-3	left	OV3_Cisp0
chr4	156435374	156441848	0169eff9-394f-4750-b1bf-7ebd87ceb81f	156435369	156445648	rev	6474	4585	1265	0	0.512837	0.097436	0.641026	-3	left	OV3_Cisp0
chr4	157779006	157792990	52bd06d4-ddb8-4083-b1dd-d08a9cc0cf64	157778999	157796972	rev	13984	3421	9352	0.001871	0.603368	0.011368	0.885589	-3	left	OV3_Cisp0
chr4	159329559	159336242	85e68b69-b432-408e-86fe-ad2b8991ff09	159329552	159338897	rev	6683	3517	1122	0.01003	0.612839	0.010959	0.70411	-3	left	OV3_Cisp0
chr4	161516028	161526533	52273cad-906c-4d98-947f-eed355842763	161516024	161526539	fwd	10505	2686	6116	0.049199	0.792906	0.009626	0.850802	-3	left	OV3_Cisp0
chr4	163290661	163300232	a649b74f-a1a9-4bf7-b1b2-fdb8d90b74dd	163289693	163300236	rev	9571	1115	7105	0.098305	0.705085	0.040326	0.800634	-3	left	OV3_Cisp0
chr4	167976406	167984538	75672e10-86ad-40e8-ae87-098ea5e66157	167957877	167995697	fwd	8132	3707	1349	0.023035	0.756098	0.075472	0.543396	0.198387	left	OV3_Cisp0
chr4	177063346	177073114	3dccb64f-92a3-4b0a-a6ab-f68e1aea15ca	177063341	177073119	rev	9768	4801	4653	0.006311	0.791024	0.006267	0.879526	-3	left	OV3_Cisp0
chr4	178234075	178237573	a535e148-8394-4870-b00c-6f30cb5636c6	178234067	178243815	rev	3498	1886	1288	0.038052	0.61796	0	0.880435	-3	left	OV3_Cisp0
chr4	179088552	179098998	23430331-cffa-40c7-9f6d-c99774d37d02	179088528	179099005	rev	10446	4915	5082	0.029286	0.846858	0.049645	0.813239	-3	left	OV3_Cisp0
chr4	183535587	183545836	5b96af25-5ced-4ad8-84af-3524fffd23e3	183528128	183548987	fwd	10249	3777	2846	0.00102	0.511224	0.04533	0.68956	-3	left	OV3_Cisp0
chr4	185706849	185719062	32f1ad7a-11d4-4943-9a0a-9b27fcd3887f	185706845	185722334	fwd	12213	4017	7884	0.034221	0.461027	0.027568	0.625611	-3	left	OV3_Cisp0
chr4	186738744	186747642	e6d6c222-fcba-4561-9ff3-af1126c23daf	186738720	186790443	rev	8898	3817	1577	0.001864	0.424977	0.061086	0.522624	-3	left	OV3_Cisp0
chr5	5166330	5177789	ca932184-e6c8-469b-b788-f4a3104e5cef	5166313	5179467	fwd	11459	4892	4131	0	0.788162	0.022318	0.839453	-3	left	OV3_Cisp0
chr5	5196624	5208493	3211365c-3111-4dd4-ba26-e22f1c683246	5196617	5208497	rev	11869	4488	4270	0.003537	0.709107	0.061299	0.749314	-3	left	OV3_Cisp0
chr5	5468473	5482306	ba63f6c0-51b0-45fc-b9a4-7dcb2dc39524	5468468	5483439	rev	13833	2850	9300	0.068558	0.527187	0.023085	0.797831	-3	left	OV3_Cisp0
chr5	6621337	6630017	497ee9b3-db58-4d36-895f-89544591d64a	6621329	6637607	fwd	8680	3983	1070	0.00092	0.353266	0	0.536585	-3	left	OV3_Cisp0
chr5	9211766	9228091	cbc28c9c-2a98-4212-ab27-72b0b26c9c72	9211748	9243015	fwd	16325	4404	7817	0.02073	0.470149	0.000883	0.758499	-3	left	OV3_Cisp0
chr5	9331575	9343086	a8509401-8db1-4d13-83b7-3cd9a1a942ec	9331571	9346149	fwd	11511	3712	5672	0.003229	0.720129	0.003344	0.882943	-3	left	OV3_Cisp0
chr5	9521759	9535385	6478328c-dc1f-47aa-b77b-0316d772b997	9521742	9542972	rev	13626	4253	6905	0.040404	0.779461	0.015485	0.881618	-3	left	OV3_Cisp0
chr5	9825043	9839947	4de2f1bb-5556-44ba-a47f-a1858a2298b3	9824239	9850140	fwd	14904	4823	9685	0.000833	0.479167	0.032114	0.651979	-3	left	OV3_Cisp0
chr5	10079968	10085578	47b23c51-ade1-4f4d-a4a6-685c3ca22510	10079953	10095990	fwd	5610	1026	1965	0	0.302682	0.002132	0.759062	-3	left	OV3_Cisp0
chr5	11376523	11382406	471d87c7-d89d-4fd7-a3ea-7fecea6d15e8	11360586	11388055	fwd	5883	1705	3793	0	0.503529	0.001905	0.819048	0.125827	left	OV3_Cisp0
chr5	11402207	11406083	8e0c1a97-b817-4dbf-b3b4-8a4b0911c6eb	11402203	11423966	fwd	3876	1660	1333	0	0.412262	0	0.721578	-3	left	OV3_Cisp0
chr5	13252187	13264653	d07e4997-ef70-4a91-9d3d-787dc59f3406	13252174	13302075	rev	12466	4166	5020	0.009942	0.46976	0.032578	0.609065	-3	left	OV3_Cisp0
chr5	13564222	13570534	b45ff076-5e95-4763-8b7c-db6178d68bae	13564218	13594298	fwd	6312	3143	2789	0	0.535017	0.020581	0.638015	-3	left	OV3_Cisp0
chr5	16354972	16363257	5643f398-970b-472b-ac77-7959ea757e06	16346282	16381229	fwd	8285	3600	1772	0	0.616803	0.010081	0.729839	0.914103	left	OV3_Cisp0
chr5	16412614	16420833	a40ba885-9059-4621-98d6-46827615b7aa	16412603	16424015	fwd	8219	1713	6190	0.002183	0.561135	0.006853	0.818961	-3	left	OV3_Cisp0
chr5	16473553	16487788	db9449bb-d142-459f-a687-849a4d0fb464	16472573	16493939	rev	14235	3800	10020	0.012669	0.540541	0.008393	0.772111	-3	left	OV3_Cisp0
chr5	16582046	16588179	d5ef6b73-36ba-499b-a940-5e98327d862d	16582040	16589234	rev	6133	3428	2389	0.008172	0.59857	0.012414	0.761379	-3	left	OV3_Cisp0
chr5	19795078	19806037	2bf81b63-c83b-4653-a4f2-af7806baa5c5	19792654	19810401	fwd	10959	2451	7624	0	0.699565	0.000466	0.829143	-3	left	OV3_Cisp0
chr5	22501022	22512504	1d4869aa-b8fe-412a-aa05-27ee628d61c1	22464002	22515028	fwd	11482	8961	1330	0	0.739083	0.136574	0.659722	-1	left	OV3_Cisp0
chr5	23348163	23354244	05026e8a-5dd0-4b25-ac76-8471461edf0b	23348147	23363916	rev	6081	3989	1678	0	0.845277	0	0.797386	-3	left	OV3_Cisp0
chr5	25941640	25949994	ecc91bd0-d5f9-4928-8e25-9f8e29b354a6	25940712	25955159	rev	8354	3029	5026	0	0.908134	0.004575	0.922222	-3	left	OV3_Cisp0
chr5	27701124	27735236	d0abe130-a90a-4ce2-ae6d-99e55340ec9d	27701114	27735570	rev	34112	5910	26724	0.000618	0.500926	0.008436	0.90019	-3	left	OV3_Cisp0
chr5	28145805	28155259	63fa5e3b-76ff-4d9d-a2d4-b735291900e0	28145801	28156705	fwd	9454	1852	6386	0	0.277592	0.03192	0.683659	-3	left	OV3_Cisp0
chr5	30369694	30379267	c8b23bdb-bc12-45cf-922e-9b29c5053abb	30369686	30379906	fwd	9573	4832	4405	0.006245	0.528493	0.003033	0.846096	-3	left	OV3_Cisp0
chr5	33277644	33288870	9bc9f47a-9aa8-415c-ba8e-c6455266550d	33262284	33314628	rev	11226	2093	8869	0.021341	0.675305	0	0.842454	0.26901	left	OV3_Cisp0
chr5	34461846	34475842	f6c7d2e6-8852-410d-8e29-dce8190cdd78	34461841	34495821	rev	13996	2853	9190	0.020531	0.443237	0.05618	0.649813	-3	left	OV3_Cisp0
chr5	36402554	36416034	85009d40-f7d5-46ff-b4ad-d6e68d8df600	36398367	36416040	fwd	13480	1357	9262	0.062162	0.664865	0.014052	0.843872	-3	left	OV3_Cisp0
chr5	38290212	38299241	9889c005-1ecd-46c9-bdff-eb47ec63b050	38289315	38327500	fwd	9029	5452	1964	0.023316	0.445596	0.012526	0.427975	-3	left	OV3_Cisp0
chr5	41632944	41641372	321a4ab3-8825-4b0e-aaa2-63406cbe3799	41632938	41641377	fwd	8428	4980	1529	0.015579	0.678783	0.025822	0.711268	-3	left	OV3_Cisp0
chr5	42566432	42588471	aa1ce72e-86c3-48e8-b257-df1ed01169b0	42558043	42588481	rev	22039	4877	14282	0.056268	0.661681	0.015381	0.808669	0.070638	left	OV3_Cisp0
chr5	45056151	45063789	39a75284-1dda-495f-a141-ab73572c08cb	45054754	45102034	fwd	7638	3294	2909	0	0.699063	0.009719	0.565875	-3	left	OV3_Cisp0
chr5	46390018	46398367	46fbd5fb-5e20-4966-83c6-85b05391526b	46390011	46398377	rev	8349	1261	3944	0.09893	0.652406	0.03346	0.760456	-3	left	OV3_Cisp0
chr5	49658570	49661854	94a8c165-6847-40eb-903f-92ad266fe1ea	49656261	49661859	fwd	3284	1344	1351	0.143519	0.486111	0.147903	0.602649	-3	left	OV3_Cisp0
chr5	50329139	50333879	ad85ea46-2cf7-481b-9dc4-d95d755cd961	50329131	50393342	rev	4740	1245	2783	0.046154	0.275	0.003681	0.573006	-3	left	OV3_Cisp0
chr5	52129718	52137930	8d801e95-988e-447d-92d0-c3e82f86956b	52129707	52137936	fwd	8212	2612	3550	0.074589	0.778761	0.015491	0.918244	-3	left	OV3_Cisp0
chr5	52569581	52574942	a4e83855-6801-4b71-a86d-5d0c1805d433	52569572	52607586	rev	5361	1301	2774	0.002415	0.309179	0.001255	0.580928	-3	left	OV3_Cisp0
chr5	53410670	53417239	b91baddb-a329-4962-bc81-b3dd6980d028	53409314	53452116	fwd	6569	1251	1238	0	0.314136	0.005063	0.663291	-3	left	OV3_Cisp0
chr5	59668126	59676141	2a8b51da-75c7-4fb7-9568-770e9d9b34b4	59668118	59698252	fwd	8015	4591	2332	0	0.579636	0.016026	0.697115	-3	left	OV3_Cisp0
chr5	62193225	62209226	1e20f211-b131-45a7-a227-377e9b872ce5	62192676	62219418	rev	16001	4259	8972	0	0.632819	0.003584	0.844285	-3	left	OV3_Cisp0
chr5	65612865	65626059	9f67db65-6f71-4a77-99e6-6e8f66d3b24f	65608214	65639340	rev	13194	2652	10205	0.010463	0.603886	0.025107	0.669626	-3	left	OV3_Cisp0
chr5	67260602	67278792	81483005-bfcb-4468-adc7-f6c2e42f654d	67260317	67278796	rev	18190	2431	14679	0	0.74513	0.017675	0.626338	-3	left	OV3_Cisp0
chr5	68084238	68091262	14061715-ddba-45ae-b206-a8b7f9f93cb7	68062806	68096326	fwd	7024	4481	1054	0.039002	0.74571	0.102639	0.695015	-2	left	OV3_Cisp0
chr5	72251265	72262250	b68649cc-d696-49a6-806a-4dd732f66e97	72251023	72262775	fwd	10985	4491	5695	0.009745	0.44003	0.011243	0.818863	-3	left	OV3_Cisp0
chr5	72750630	72768669	32241255-b8af-4e23-bf1b-fce37bcc2408	72744924	72804241	fwd	18039	2512	13808	0.011364	0.323864	0.011771	0.743981	-3	left	OV3_Cisp0
chr5	76559614	76565371	73661e1c-9707-4bed-b4b4-e3f9c01b017e	76559610	76578120	fwd	5757	3702	1475	0.003865	0.413527	0.036613	0.574371	-3	left	OV3_Cisp0
chr5	77671066	77681443	a0739101-8b71-4b09-b142-612117e3cfd0	77646452	77681449	fwd	10377	3244	3509	0.002099	0.75341	0.007407	0.884656	0.197839	left	OV3_Cisp0
chr5	79876437	79896481	cd1d4594-ccd6-4547-a046-f4e488a6d7af	79875916	79899437	rev	20044	4088	12726	0.031551	0.651183	0.002879	0.911341	-3	left	OV3_Cisp0
chr5	81117674	81129405	a985e790-97dd-4e41-b965-584a7da021e7	81116698	81130714	fwd	11731	7472	2392	0.002336	0.59486	0.106195	0.656342	-3	left	OV3_Cisp0
chr5	85221861	85235237	ee3b7262-d734-49d1-82f3-2245dcfd4838	85221849	85240256	rev	13376	3925	5392	0	0.607648	0.053097	0.724302	-3	left	OV3_Cisp0
chr5	88320287	88342954	7254f159-f168-415f-8bf2-d8fc18648886	88316490	88347328	rev	22667	5131	14328	0.029986	0.770109	0.000943	0.890146	-3	left	OV3_Cisp0
chr5	88805540	88818247	1084417b-6578-4088-9366-998a87b50a08	88804687	88818251	rev	12707	4384	7855	0.015737	0.495708	0.00631	0.893984	-3	left	OV3_Cisp0
chr5	90314414	90323132	ab4cf625-d1fc-46cd-8913-7f9bb71f344a	90299095	90329159	rev	8718	1762	5178	0	0.486264	0	0.828869	0.159258	left	OV3_Cisp0
chr5	90875036	90905075	c87a54e3-add3-4fe1-9e03-bfc1cb26e3ec	90869619	90905872	fwd	30039	1093	26390	0.096774	0.658986	0.030427	0.630788	-3	left	OV3_Cisp0
chr5	101459234	101472757	49f74a7c-1e34-495b-baae-acdee1b9a049	101459228	101472761	rev	13523	1534	8855	0.103175	0.777778	0.025484	0.878695	-3	left	OV3_Cisp0
chr5	104281262	104293129	2b4382bb-55a2-4024-8b0c-dff1e3ce55aa	104281256	104293215	rev	11867	3980	4662	0	0.564545	0.007564	0.909228	-3	left	OV3_Cisp0
chr5	106181542	106187245	ee5bc279-ab32-4be5-9a06-639a95120617	106168068	106188509	fwd	5703	1808	3565	0.010714	0.535714	0.009236	0.675063	0.680002	left	OV3_Cisp0
chr5	110439707	110445523	fbbea267-284f-4999-affd-2f4f422be5e7	110439699	110472850	rev	5816	2235	3073	0	0.381526	0.007916	0.682058	-3	left	OV3_Cisp0
chr5	111144768	111153283	3cf3c867-da4f-4aeb-87c2-a40f3cbdaf77	111144759	111159072	fwd	8515	3774	4216	0.017171	0.449714	0.01026	0.764009	-3	left	OV3_Cisp0
chr5	113281757	113294238	3424c9c6-65fb-4d01-9c9e-96b17464914a	113281740	113302230	fwd	12481	3848	3889	0.035318	0.419778	0	0.84911	-3	left	OV3_Cisp0
chr5	114389826	114407983	cdec1241-4864-46ff-bedd-24ff3705cb25	114386876	114407994	rev	18157	2543	13082	0.040064	0.738782	0.006348	0.891778	-3	left	OV3_Cisp0
chr5	114819467	114832211	d894ae6c-4c21-4f9d-8b4f-94a42544d5a8	114819462	114832215	rev	12744	4857	4562	0.098883	0.770391	0.022579	0.909091	-3	left	OV3_Cisp0
chr5	118190008	118205612	e7b19ee1-806b-4cab-84ef-d1bea26f4b64	118190002	118226508	fwd	15604	6472	7542	0	0.53125	0.02951	0.667082	-3	left	OV3_Cisp0
chr5	122447619	122453791	38ab9480-b2c5-4e96-be4a-c6d6698e25b7	122447610	122462488	rev	6172	1290	4278	0	0.339888	0.021875	0.566406	-3	left	OV3_Cisp0
chr5	124314423	124326331	dbb4ad7a-8a0e-4206-8dcb-041202e44847	124313905	124346351	rev	11908	6501	5106	0.010152	0.821827	0.02452	0.787276	-3	left	OV3_Cisp0
chr5	127815699	127836636	e977eed1-acef-40e5-888a-4c106809f60f	127812200	127839752	fwd	20937	2595	16691	0	0.894882	0.021093	0.865007	-3	left	OV3_Cisp0
chr5	133385616	133396967	ec664450-6994-4acc-ab71-f1973007312c	133378103	133396973	rev	11351	2036	7644	0.032755	0.66474	0.01065	0.908946	0.059586	left	OV3_Cisp0
chr5	135267963	135280438	723ce6ac-6a8f-4505-9f6a-57d764def9d4	135265831	135280572	fwd	12475	5499	3168	0.002201	0.627958	0	0.903114	-3	left	OV3_Cisp0
chr5	142613539	142626465	c1ae3822-d7ab-4ea8-825e-db7a30df5265	142608222	142628058	fwd	12926	3045	9572	0	0.759364	0.005859	0.877734	-3	left	OV3_Cisp0
chr5	151562677	151574482	3772c7e8-2418-49f9-8a5c-5a575f19ede6	151561836	151585014	fwd	11805	1456	7652	0	0.326087	0.018162	0.664832	-3	left	OV3_Cisp0
chr5	153488164	153497262	3282c977-b514-45e6-8734-86212da4075b	153488127	153498732	rev	9098	5715	1441	0	0.808553	0.076555	0.748804	-3	left	OV3_Cisp0
chr5	154627287	154636257	8b642559-c904-4e26-b83e-a1edf14025a7	154627281	154645827	rev	8970	1171	6934	0.059659	0.440341	0.009622	0.741501	-3	left	OV3_Cisp0
chr5	163019341	163027398	c3dae00e-646d-4bf0-90fa-57cabe5fa35f	163019333	163038071	rev	8057	4624	1467	0.029553	0.385567	0.021786	0.638344	-3	left	OV3_Cisp0
chr5	163127076	163139750	f8aa8914-7b9a-410b-962f-bcffd6873849	163126535	163139754	rev	12674	3349	6034	0	0.597674	0.01686	0.834563	-3	left	OV3_Cisp0
chr5	174050974	174056120	5abaed00-4861-4db6-a611-95abacd2582d	174050969	174068214	fwd	5146	1241	2708	0	0.327206	0.031579	0.777444	-3	left	OV3_Cisp0
chr6	1912742	1922313	618eb27a-026a-4216-a0ad-f722964062b9	1911067	1927939	fwd	9571	4592	4534	0.00885	0.495575	0.00484	0.764763	-3	left	OV3_Cisp0
chr6	1999908	2007421	9d74ade4-28d6-4828-b769-e7bcd0d60902	1999903	2012983	fwd	7513	2643	2125	0	0.790698	0.02514	0.772346	-3	left	OV3_Cisp0
chr6	3488461	3496903	48996740-ac7b-4a1a-a93c-9b9ac41652b5	3488453	3501893	rev	8442	3507	4230	0.005774	0.54388	0.014184	0.83384	-3	left	OV3_Cisp0
chr6	3702611	3715969	cb8e264f-5029-4eba-9eb2-573c45c007f3	3693591	3718508	rev	13358	4678	7460	0.011933	0.669849	0.006718	0.885797	0.150118	left	OV3_Cisp0
chr6	13694263	13704616	743c3f98-19c4-4a40-b841-0a4f467716fa	13689651	13714305	fwd	10353	2284	5535	0.009119	0.451368	0.016015	0.677771	-3	left	OV3_Cisp0
chr6	16708585	16731214	48c64354-e06a-4059-86ed-f71166c5c216	16707825	16731223	rev	22629	3903	15462	0.013289	0.786545	0.010333	0.895846	-3	left	OV3_Cisp0
chr6	17188534	17200285	5c1d82fc-6722-4c9b-904c-73ca658947f8	17186979	17200289	rev	11751	4042	5276	0.040042	0.770285	0.018436	0.897012	-3	left	OV3_Cisp0
chr6	23601790	23619213	f05d3420-3cf3-41f0-ac93-4fed96211f31	23580951	23624380	rev	17423	4852	10037	0.008276	0.477241	0.004025	0.834056	0.091865	left	OV3_Cisp0
chr6	25013185	25024495	22df39e9-ac5a-4540-984a-37ff42ad9b13	25011941	25026672	rev	11310	2691	8244	0	0.653974	0.091386	0.631832	-3	left	OV3_Cisp0
chr6	26852041	26857234	988c9cc7-2d89-4e92-bff3-cf68569ec454	26847334	26865907	rev	5193	2607	2167	0	0.504228	0.063857	0.586207	-1	left	OV3_Cisp0
chr6	35259886	35273677	a5b6ab18-d982-426b-ba57-5d2fa9716c3b	35258019	35276309	rev	13791	2993	8398	0.001274	0.829299	0.002972	0.917286	-3	left	OV3_Cisp0
chr6	41030736	41041351	c40d2ee3-aafb-4396-9ebd-26a919f37b1a	41030730	41042082	fwd	10615	6344	3108	0.022927	0.561025	0.035593	0.70678	-3	left	OV3_Cisp0
chr6	41433822	41445422	46cbf326-d5e7-447b-9d0b-ba3f00a0ff48	41409624	41452174	fwd	11600	4673	3815	0	0.318036	0.007484	0.596819	0.837629	left	OV3_Cisp0
chr6	44826000	44833314	21735826-015c-411d-ac03-d08ffc914479	44813200	44833953	fwd	7314	2051	4846	0	0.371753	0.029893	0.611388	0.306518	left	OV3_Cisp0
chr6	47220899	47237611	9a15f958-4144-4d77-b0fe-73e17b9f4e59	47211853	47242424	fwd	16712	4056	10238	0	0.517463	0.004208	0.841515	0.04395	left	OV3_Cisp0
chr6	51110053	51139828	8b7eae95-1ed8-4997-8c03-00f419007517	51108035	51147397	fwd	29775	4639	24790	0.002092	0.52371	0.009459	0.831004	-3	left	OV3_Cisp0
chr6	51342890	51352714	004d2237-536c-473e-b3e1-24c4156e586d	51342755	51367410	rev	9824	2557	2916	0.009021	0.548969	0.001538	0.813846	-3	left	OV3_Cisp0
chr6	52622852	52630745	fc13d9b8-f9a6-4515-a9fb-6cb8f5d4b1be	52589694	52630763	fwd	7893	4991	1055	0.010054	0.772622	0.105802	0.686007	-3	left	OV3_Cisp0
chr6	55889818	55915011	f93a21c4-6175-47b1-860b-676f377a358e	55889813	55918134	rev	25193	2708	18761	0	0.886999	0.016703	0.843935	-3	left	OV3_Cisp0
chr6	70303827	70313194	b49f0d26-7e36-4e7a-a2d3-10ab6d0fd5b6	70303818	70314459	rev	9367	4528	4536	0.011323	0.630573	0.029018	0.87872	-3	left	OV3_Cisp0
chr6	72873359	72893169	78ddcbac-b818-48d6-bc40-f963b4d233a5	72873345	72929069	rev	19810	3680	12488	0	0.703478	0.03816	0.671719	-3	left	OV3_Cisp0
chr6	73507876	73516899	45167189-e763-4bf8-88e1-78207f151763	73507851	73522620	fwd	9023	4135	4422	0.001825	0.523723	0.03176	0.670599	-3	left	OV3_Cisp0
chr6	78236200	78246107	eee4b442-1f0d-410e-ad86-c0c137acba8c	78236196	78255119	fwd	9907	5913	1697	0.004606	0.382268	0.02439	0.482176	-3	left	OV3_Cisp0
chr6	91742745	91754146	03accb85-9390-4295-88cd-ac66344f1810	91742731	91756173	fwd	11401	1512	5226	0	0.816742	0.004554	0.851008	-3	left	OV3_Cisp0
chr6	99218826	99228314	e84fca6b-3819-4712-aa6a-e761a6367198	99217523	99242333	rev	9488	5971	2272	0.002438	0.606947	0.030844	0.574675	-3	left	OV3_Cisp0
chr6	100139812	100152198	f5f4298f-5609-4fe4-a365-c7888ca219ae	100132297	100152204	fwd	12386	2325	7574	0.005042	0.522689	0.005952	0.915293	0.054867	left	OV3_Cisp0
chr6	106732526	106741164	9b6de719-f389-4c5e-9221-d4d32bacf8eb	106732513	106751709	rev	8638	2238	5688	0	0.510888	0.005225	0.809928	-3	left	OV3_Cisp0
chr6	108067753	108088749	ff21b395-7206-4cc6-85f7-666a3dcb655d	108055333	108098435	fwd	20996	3314	16246	0.011282	0.741538	0.033219	0.641237	0.176625	left	OV3_Cisp0
chr6	110739086	110753206	1ebe3d4b-734a-4685-a276-085722adf0c2	110727049	110766715	rev	14120	2055	9002	0	0.83871	0.003047	0.898104	0.275887	left	OV3_Cisp0
chr6	112388331	112407479	e93ecf64-65dc-45f8-abc1-f8128145e95d	112386076	112411333	fwd	19148	3975	12331	0.002488	0.671642	0.019804	0.833292	-3	left	OV3_Cisp0
chr6	113416985	113430038	545607ab-08ad-4c9e-9962-7350780ab49c	113416974	113430043	rev	13053	3491	4950	0.073099	0.825536	0.003846	0.932692	-3	left	OV3_Cisp0
chr6	114004747	114015306	4c623565-b227-439d-8f81-95a0774613fb	114004742	114015310	rev	10559	4693	5645	0.006065	0.866566	0.003766	0.934087	-3	left	OV3_Cisp0
chr6	117068532	117074893	a3fc5128-ff3b-4acd-9796-16b9fd37acc4	117068524	117074898	rev	6361	1546	3945	0.07371	0.77887	0.024777	0.878097	-3	left	OV3_Cisp0
chr6	120255900	120284398	79e5bf6f-0ce6-4101-94f3-35618d358532	120254298	120300363	fwd	28498	11814	13517	0.007511	0.469421	0.009626	0.785315	-3	left	OV3_Cisp0
chr6	121879052	121888378	c7ef469c-85ab-47e8-b295-a97435fb0ed8	121861525	121911644	fwd	9326	4777	4164	0.005513	0.341144	0.009449	0.818898	-1	left	OV3_Cisp0
chr6	124268350	124278274	00b1fb56-598a-4723-82b4-16aa103022b3	124265422	124281979	rev	9924	1999	6924	0.00156	0.620905	0.007114	0.895833	-3	left	OV3_Cisp0
chr6	124300804	124320051	5891690a-0e1f-4f53-8775-11244dea649f	124300799	124320058	fwd	19247	6308	12507	0.020257	0.663538	0.004113	0.894434	-3	left	OV3_Cisp0
chr6	133721978	133731435	52e0f209-8a93-4325-8cb6-fc60251bbe12	133721973	133748248	rev	9457	3493	4779	0.000876	0.714536	0.011524	0.748399	-3	left	OV3_Cisp0
chr6	133787830	133801986	c5cb2d4f-49d2-42f7-964d-9878db4217b5	133787824	133802862	rev	14156	4932	5067	0.001912	0.409178	0.028316	0.717586	-3	left	OV3_Cisp0
chr6	139680561	139688644	e0bbf786-dd22-4dda-9aa1-f8cf166e3fe5	139680556	139699459	rev	8083	5047	2545	0	0.493071	0	0.727685	-3	left	OV3_Cisp0
chr6	140734697	140741452	be62ccd1-bf91-4a6e-a9be-241847bf514e	140734692	140741460	fwd	6755	5143	1053	0	0.246187	0.024735	0.512367	-3	left	OV3_Cisp0
chr6	142115093	142126145	8fcec37c-cc73-44fb-969c-5a00572932bc	142113715	142130989	rev	11052	6226	2851	0.022137	0.60539	0.092291	0.672096	-3	left	OV3_Cisp0
chr6	145488478	145491745	587b5dd4-fd3d-40b2-9e15-d1f9c7463461	145480038	145509840	fwd	3267	1317	1497	0.015228	0.347716	0	0.517308	-1	left	OV3_Cisp0
chr6	146544918	146552830	ca231d69-892a-42e2-9b9c-be75797d4704	146544911	146559086	rev	7912	4995	2547	0.003378	0.845946	0.030464	0.855629	-3	left	OV3_Cisp0
chr6	148173199	148188866	b6449754-d3ce-403d-8280-e5098a3c5aec	148173181	148191774	rev	15667	2643	9876	0	0.569921	0.028825	0.838877	-3	left	OV3_Cisp0
chr6	150694400	150702785	a56e906c-19c7-416c-b164-0e1c367d189e	150694396	150712994	fwd	8385	3384	4055	0.005495	0.521978	0.025305	0.705061	-3	left	OV3_Cisp0
chr6	157350761	157361113	b45685a0-f466-4335-86e3-e39d5755b490	157350751	157361119	fwd	10352	4102	4445	0.01897	0.799458	0.018207	0.832633	-3	left	OV3_Cisp0
chr6	165671155	165686558	a2153a4e-f355-4301-9d0f-fc8c594a9df8	165655183	165694459	fwd	15403	3022	9184	0.029279	0.578829	0	0.883965	0.067623	left	OV3_Cisp0
chr6	166146192	166163993	4d7871ac-f2b1-4179-8644-e382ea31ad01	166145242	166183244	fwd	17801	4825	9392	0.056995	0.509499	0.013723	0.826882	-3	left	OV3_Cisp0
chr7	9824904	9841588	6332605c-f038-4bd9-919f-4691c2f91314	9824896	9871249	fwd	16684	4300	11514	0.000794	0.400794	0.036048	0.60988	-3	left	OV3_Cisp0
chr7	14752861	14760693	b2ab54c6-d4ce-4448-b74b-7884eff6a344	14752856	14764889	fwd	7832	3324	3017	0	0.400181	0.046316	0.632632	-3	left	OV3_Cisp0
chr7	15489958	15495803	1d5885aa-2cce-49f8-919c-ee926ab53f3b	15489946	15495808	fwd	5845	1432	4013	0.025974	0.614719	0.004146	0.873134	-3	left	OV3_Cisp0
chr7	15815565	15828738	5c719ed1-67a7-40c0-b53a-d2c79d1d1626	15815554	15828744	rev	13173	4804	6057	0.02917	0.649215	0.011423	0.901869	-3	left	OV3_Cisp0
chr7	19782735	19799218	dc24b377-0407-4a57-865e-383d8394744e	19782728	19799225	rev	16483	7999	8188	0.018312	0.81449	0.054816	0.8426	-3	left	OV3_Cisp0
chr7	20103657	20113794	9f271fa4-d842-4cc6-951a-bff13f2a74b8	20103652	20113805	fwd	10137	1060	6349	0	0.493243	0.058577	0.700837	-3	left	OV3_Cisp0
chr7	21456005	21463944	43ae0014-2366-4d40-b525-9c2e7df02c53	21441341	21472049	fwd	7939	3016	4524	0	0.680939	0.037412	0.643804	-1	left	OV3_Cisp0
chr7	26511634	26529514	c42d08c7-03e7-4710-ae04-b644f4ed93f8	26501109	26529519	fwd	17880	4793	11981	0.016031	0.806107	0.040342	0.736247	0.105604	left	OV3_Cisp0
chr7	31797894	31807111	fc41b800-893d-43c8-b684-056a7107d1d6	31797880	31807118	rev	9217	1970	3761	0.020677	0.548872	0.006568	0.862069	-3	left	OV3_Cisp0
chr7	32033044	32041090	3e518182-4a86-40d9-b236-1a0906ad5a06	32033038	32043264	rev	8046	3763	3985	0.011064	0.634043	0.012087	0.824335	-3	left	OV3_Cisp0
chr7	35285820	35292259	5b832f6c-536c-441d-873b-c6cd8e9da5e7	35285809	35305032	fwd	6439	4445	1218	0.008746	0.615889	0.006042	0.519637	-3	left	OV3_Cisp0
chr7	38141341	38150442	736e136a-1db3-4610-9c6b-7f7bb9a33cf2	38140680	38150446	rev	9101	3208	5039	0.066865	0.578752	0.012903	0.893548	-3	left	OV3_Cisp0
chr7	53953679	53969205	e9380d2b-5fd0-44d3-b68a-dcd6ebb93b75	53933490	53978634	fwd	15526	1478	11474	0	0.409563	0	0.828767	0.13804	left	OV3_Cisp0
chr7	54113657	54124821	f93881e2-63c2-4960-9964-1ea9ec95db6c	54091139	54128920	fwd	11164	1774	4651	0	0.80531	0.018116	0.900362	0.130207	left	OV3_Cisp0
chr7	62349506	62358253	2224c52a-ef9d-4f46-ba05-7350bab12a5f	62343496	62358864	rev	8747	6582	1425	0.030424	0.613466	0	0.753086	-1	left	OV3_Cisp0
chr7	67229006	67244763	a5e8c481-43ed-4e4c-99bc-6a0bc704156a	67219522	67246670	rev	15757	2568	12656	0	0.544286	0.0169	0.648688	0.351859	left	OV3_Cisp0
chr7	77551454	77568784	f3ee778c-601c-4d74-b787-e8518e900c84	77551447	77568790	fwd	17330	1195	14741	0.107955	0.673295	0.023421	0.831451	-3	left	OV3_Cisp0
chr7	81910100	81925736	f2b2d773-8543-4921-8a32-d754a7f09ad7	81910091	81925740	rev	15636	5555	9076	0.010739	0.860392	0.01252	0.890145	-3	left	OV3_Cisp0
chr7	85458257	85472080	7bbbc146-61b3-41f6-b051-1af08933eb74	85445917	85474329	rev	13823	4276	6417	0.014563	0.766297	0.004502	0.896948	0.286464	left	OV3_Cisp0
chr7	91180181	91193037	014fb36d-8d90-4545-a765-137b60487136	91177286	91196207	fwd	12856	3416	9052	0	0.590631	0	0.87603	-3	left	OV3_Cisp0
chr7	99642460	99651338	d0999f65-8161-4b4d-ad84-7252c0c37975	99642453	99652290	fwd	8878	3758	1153	0.009058	0.679348	0.06686	0.697674	-3	left	OV3_Cisp0
chr7	105154170	105160858	1bae3693-73de-4438-af12-26bbadf1a0ab	105142290	105164323	fwd	6688	2004	3833	0	0.628352	0.019565	0.661957	0.878574	left	OV3_Cisp0
chr7	107237959	107245775	10f41a6b-ba43-48f2-8ab6-d0b885056798	107237955	107245783	fwd	7816	1648	3075	0.116352	0.707547	0.00544	0.919311	-3	left	OV3_Cisp0
chr7	107515680	107523053	c5c3da6a-73eb-4e3c-8812-2eb2b8d18558	107506982	107524696	fwd	7373	1394	5628	0	0.504225	0	0.887369	-3	left	OV3_Cisp0
chr7	109864291	109881250	b2a2e4d0-b1a6-42dc-905f-dc06da903a5e	109864286	109897014	fwd	16959	2694	12300	0	0.683938	0.02221	0.822585	-3	left	OV3_Cisp0
chr7	115328997	115349725	97b6cb4d-8ab8-426a-b4e7-6a46d32c995b	115328992	115349754	rev	20728	8988	11381	0.008822	0.367089	0.002504	0.892599	-3	left	OV3_Cisp0
chr7	115457347	115470019	47484781-e0b0-4d72-8bbf-5d4db693abdf	115457340	115473884	fwd	12672	3595	7867	0.03525	0.625232	0	0.861807	-3	left	OV3_Cisp0
chr7	115706280	115732950	229b6673-6697-43b3-8e45-14ec7b08a2cc	115706275	115737853	fwd	26670	8045	14541	0.003902	0.62739	0.016852	0.84407	-3	left	OV3_Cisp0
chr7	115979573	115989338	ab9bf895-a2f2-4d2d-a0f3-2544346acd0c	115979566	115989343	rev	9765	5012	4463	0.007042	0.640845	0.004878	0.865505	-3	left	OV3_Cisp0
chr7	116540508	116549141	9b1c06ef-6da0-40df-843e-212ecda7e9a2	116538985	116549146	rev	8633	1114	3250	0	0.542945	0	0.961066	-3	left	OV3_Cisp0
chr7	119595161	119610165	c8945057-bfd0-45cd-94d5-57807554276f	119595154	119654348	rev	15004	2912	9668	0	0.559671	0.01348	0.526428	-3	left	OV3_Cisp0
chr7	131274585	131281966	53cc5196-b2bd-4ac5-bf22-59685529eaad	131274580	131296026	rev	7381	2289	4569	0	0.586592	0.018088	0.656331	-3	left	OV3_Cisp0
chr7	134310807	134317417	e6c61d10-8ae0-4545-b1d5-a372f1bdfa47	134309236	134322252	rev	6610	4971	1183	0.009023	0.405263	0.011834	0.739645	-3	left	OV3_Cisp0
chr7	135207476	135215217	3882dd51-a7c4-4d6c-8c7f-ef6331a0a68a	135207471	135248092	rev	7741	3049	3467	0	0.717391	0.03481	0.712025	-3	left	OV3_Cisp0
chr7	138421386	138429405	066a0be7-5fcf-48d6-ab2d-61049b054174	138418291	138429413	fwd	8019	4773	2911	0.003506	0.556529	0.079254	0.558275	-3	left	OV3_Cisp0
chr7	145227255	145230461	8c7d0771-bb4e-432d-8fd4-a9dc1d46be2a	145225660	145234858	fwd	3206	1550	1106	0.118451	0.6082	0	0.427822	-3	left	OV3_Cisp0
chr7	152426317	152436431	dd8ab725-e837-4143-9788-d0859b84d30d	152426312	152441036	rev	10114	1575	7825	0.043902	0.57561	0.012169	0.878748	-3	left	OV3_Cisp0
chr7	156047346	156062269	0be22511-a071-4f33-b294-5fcfa7464193	156046734	156081977	rev	14923	3300	10142	0	0.569282	0.019943	0.738706	-3	left	OV3_Cisp0
chr8	11733949	11741566	cac82ab0-be10-4989-9256-7f58b66c7594	11733928	11747685	rev	7617	5346	1786	0	0.463581	0.002083	0.670833	-3	left	OV3_Cisp0
chr8	14439136	14454564	cf8a7245-096d-4ec3-af5a-b8ba4b4481d6	14439127	14462474	rev	15428	3872	8985	0	0.843972	0.04363	0.790925	-3	left	OV3_Cisp0
chr8	15295649	15307151	6b775256-d070-4275-b1de-cfa938f3f120	15295643	15314074	fwd	11502	5886	5307	0.042566	0.613819	0.011924	0.700813	-3	left	OV3_Cisp0
chr8	15351126	15358857	81ef290a-0f60-4cfd-bd92-effd472b1993	15347239	15372844	rev	7731	2903	3234	0	0.599138	0	0.851884	-3	left	OV3_Cisp0
chr8	18424061	18431491	4cc850b4-03bd-4ab7-8f9f-3e15ad36193e	18424049	18457530	fwd	7430	2770	4021	0	0.27709	0.02314	0.469421	-3	left	OV3_Cisp0
chr8	21964079	21972910	e34cee08-f461-450a-bff7-d3707ad774c6	21964070	21991311	fwd	8831	3607	4877	0	0.530594	0.017128	0.789196	-3	left	OV3_Cisp0
chr8	26197358	26221500	c9c76ae6-5da6-4293-b759-afd2bf53b39e	26192474	26223362	fwd	24142	8963	14818	0.054599	0.740865	0.030362	0.836925	-3	left	OV3_Cisp0
chr8	27742077	27754779	5afb3647-c882-493d-93cf-3e7874888bbd	27728564	27756345	rev	12702	5389	5594	0.006407	0.889924	0.041096	0.896689	-1	left	OV3_Cisp0
chr8	28136734	28154158	ad719b4a-313f-44bb-bc5f-1d9d00436883	28136727	28155581	fwd	17424	4189	12871	0	0.543945	0.046462	0.722563	-3	left	OV3_Cisp0
chr8	31694012	31707136	088bfb79-518d-4749-9946-bd5c12fbcefb	31693269	31707148	rev	13124	4810	5947	0.025167	0.880829	0.006757	0.914619	-3	left	OV3_Cisp0
chr8	36681078	36697440	5808ca5b-fbbd-4b97-a058-37aa78178b7a	36681073	36704976	rev	16362	4080	8152	0.010367	0.662679	0.024512	0.885611	-3	left	OV3_Cisp0
chr8	37111909	37124280	86032f02-5e6a-48bd-8044-bc2a5e3cc364	37111904	37137699	fwd	12371	4731	5416	0	0.408363	0.004887	0.662187	-3	left	OV3_Cisp0
chr8	37466109	37473005	0f9c74da-f042-498f-b36c-337277b3756c	37466105	37481448	fwd	6896	3584	2074	0	0.5	0.003846	0.711538	-3	left	OV3_Cisp0
chr8	40419736	40427350	329da86d-b854-4cc7-80b6-611d3f92a19b	40419730	40448205	rev	7614	1553	3130	0	0.322727	0.007592	0.643167	-3	left	OV3_Cisp0
chr8	41101213	41110643	2b9ac0d2-ce56-43f6-b584-9ee4ec1c2a8e	41100246	41115238	rev	9430	2056	3369	0	0.71938	0.007186	0.88024	-3	left	OV3_Cisp0
chr8	41216894	41232307	b75c2820-c352-45ef-996c-485f7b43c427	41216870	41241826	rev	15413	9046	4840	0.020622	0.433065	0.039177	0.728697	-3	left	OV3_Cisp0
chr8	46356435	46375887	dd1bcf16-962c-4849-bfac-1b4d1f17092d	46356058	46375989	fwd	19452	8554	9493	0.008969	0.562169	0.009474	0.815093	-3	left	OV3_Cisp0
chr8	51048191	51066103	25ae4947-e49f-45d4-8782-9fb8698107c2	51046933	51091490	fwd	17912	10748	5420	0.00204	0.503497	0.008671	0.737572	-3	left	OV3_Cisp0
chr8	51275105	51297706	7f1b1bfe-0afd-49da-bc6c-13c623c81d77	51275100	51297711	fwd	22601	2470	18669	0	0.393162	0.021978	0.743653	-3	left	OV3_Cisp0
chr8	53796361	53805567	efde483e-302c-405a-8ba6-89abf8089dce	53796356	53807521	rev	9206	4134	4756	0.020641	0.666192	0.004049	0.923077	-3	left	OV3_Cisp0
chr8	55203286	55209031	50a09511-25c2-42b2-94b2-d9b2a544f05b	55203280	55209036	fwd	5745	3716	1205	0.027907	0.566512	0.039634	0.588415	-3	left	OV3_Cisp0
chr8	60563394	60574372	8ae8145c-0287-4eda-8d2c-30f1e5f328ec	60563387	60575238	fwd	10978	3414	3925	0.054404	0.600173	0.006855	0.887281	-3	left	OV3_Cisp0
chr8	65281414	65291681	847870cc-3422-46e8-a1ba-4663d5916fad	65281408	65292479	rev	10267	5434	3644	0.031099	0.4651	0.003132	0.807933	-3	left	OV3_Cisp0
chr8	66194002	66199861	6ac24785-ccab-42ee-9145-80d9b60777a3	66193994	66204765	rev	5859	3307	2263	0	0.811338	0.039301	0.634643	-3	left	OV3_Cisp0
chr8	68996235	69000560	bf98c988-8871-477f-836f-91403c7a6eb0	68995738	69019226	fwd	4325	2475	1194	0	0.326923	0.007833	0.610966	-3	left	OV3_Cisp0
chr8	69183600	69195522	1cc167cd-9fb5-4c13-925f-d716c3b926fe	69176116	69198326	rev	11922	6479	3162	0.003514	0.370984	0	0.844005	0.368081	left	OV3_Cisp0
chr8	69472066	69479949	3d4e7709-3114-459c-8ced-7aceca1e4a78	69472060	69491843	fwd	7883	1864	4706	0.054674	0.435626	0.028107	0.598373	-3	left	OV3_Cisp0
chr8	69940799	69954371	0ac7231d-b86c-4568-a8ec-f58fdfcc3113	69939807	69974351	rev	13572	3336	9674	0	0.625556	0.002967	0.860163	-3	left	OV3_Cisp0
chr8	70221176	70234248	f843a4f2-2994-40ef-9a3d-8c306de8149d	70221171	70238168	rev	13072	2936	6528	0	0.859717	0.005698	0.903609	-3	left	OV3_Cisp0
chr8	72874183	72912274	1c5b05bd-867f-4cef-a4ff-68fff0842646	72857698	72925118	rev	38091	3248	31758	0	0.861746	0.035676	0.694816	0.377042	left	OV3_Cisp0
chr8	85905251	85917237	8e64c998-e983-49d1-bcf2-e92709a53a10	85905247	85918378	fwd	11986	3290	5567	0	0.431818	0.033053	0.798678	-3	left	OV3_Cisp0
chr8	89474203	89486467	525b109d-f950-4e7d-8a8b-097fc0b3cf2c	89474198	89488966	fwd	12264	2538	6668	0.016296	0.761481	0.014328	0.855731	-3	left	OV3_Cisp0
chr8	93113383	93121320	9dcab4f9-56b7-4a4b-9c26-e708d68a0d87	93113371	93127469	fwd	7937	2247	3292	0	0.301483	0.004776	0.65234	-3	left	OV3_Cisp0
chr8	93346520	93362729	c9bda447-e00b-4ad5-9d03-eb5dcec1841a	93346512	93368593	rev	16209	3788	7935	0.001726	0.748921	0.028946	0.693804	-3	left	OV3_Cisp0
chr8	94566053	94572037	8f01d672-8e5d-4545-a4f0-931dbc041d6f	94566044	94572053	fwd	5984	2312	3176	0.012069	0.718966	0.03726	0.790865	-3	left	OV3_Cisp0
chr8	96320844	96327649	5cbfbdce-73be-4ac7-80ab-4c4c4408b404	96318848	96337361	rev	6805	4354	1216	0	0.595664	0.09571	0.580858	-3	left	OV3_Cisp0
chr8	97634705	97642510	e3e9dacd-7da6-450c-885b-5c749f6b9a79	97633872	97642516	fwd	7805	1192	3602	0.05305	0.806366	0.003899	0.881092	-3	left	OV3_Cisp0
chr8	98336164	98342587	319f2381-6f90-4a83-a230-e390c3d8c0cc	98336157	98351173	rev	6423	1070	4818	0	0.5	0.005344	0.762595	-3	left	OV3_Cisp0
chr8	100566003	100575281	7997ec8f-d6fe-4e2c-9f78-6f39fb01dfad	100565998	100578365	rev	9278	4501	4390	0	0.554602	0.002494	0.858687	-3	left	OV3_Cisp0
chr8	100840698	100858484	cada5154-8b15-499c-9b9e-6d0d060158c5	100832995	100858490	fwd	17786	1535	15947	0.00627	0.611285	0.017949	0.549089	-3	left	OV3_Cisp0
chr8	100985551	100995966	2cb20293-b2c9-430e-b53f-99a49deb659b	100980071	101005506	rev	10415	2638	7411	0.005405	0.389189	0.004377	0.761187	-3	left	OV3_Cisp0
chr8	108666906	108670126	1b948fdb-a3c1-4a25-bc44-7865c4701f06	108666898	108679525	fwd	3220	1253	1580	0.074074	0.37037	0.009597	0.646833	-3	left	OV3_Cisp0
chr8	117967813	117980553	bb426387-1263-4dd6-bc25-d03aa805edb2	117967805	117993821	fwd	12740	4476	4592	0.000904	0.412297	0.025941	0.716318	-3	left	OV3_Cisp0
chr8	119851703	119860286	76b9b384-5a13-4e6d-8888-785673064fbe	119848255	119865971	rev	8583	1567	5450	0.010076	0.685139	0.000672	0.919973	-3	left	OV3_Cisp0
chr8	119983240	119998177	29470c49-1f44-468c-9890-acaa161ac0ab	119983236	120007015	fwd	14937	2692	9263	0.040943	0.555831	0.017459	0.792758	-3	left	OV3_Cisp0
chr8	126297832	126312303	1d93bcca-a1cb-4f83-bed0-aebc29e4c51e	126297828	126315817	fwd	14471	4504	5342	0.019793	0.42685	0	0.874419	-3	left	OV3_Cisp0
chr8	126468380	126482468	6414ba7a-9557-44b7-8b37-b904b6c6f806	126438225	126482473	fwd	14088	2637	11083	0.02568	0.722054	0.041213	0.749093	0.429357	left	OV3_Cisp0
chr8	127322856	127335420	c5de4e30-47a7-434b-bf3e-0335306527b2	127322033	127335426	fwd	12564	4228	5001	0.004284	0.784062	0.008501	0.880216	-3	left	OV3_Cisp0
chr8	129964970	129971932	93f4c9ff-fbda-4a80-b416-736114ca6f58	129964963	129977828	rev	6962	3581	2770	0	0.450959	0.035211	0.566197	-3	left	OV3_Cisp0
chr8	131886592	131898812	062ecc72-7cfd-45dc-b477-1fc5b7403e14	131886588	131900967	fwd	12220	5459	4738	0.007005	0.819031	0.09708	0.711918	-3	left	OV3_Cisp0
chr8	134364313	134379842	17b8a9f3-3f8a-4a51-8381-ed03d64c2cae	134364306	134384434	fwd	15529	5073	8653	0	0.532651	0.026759	0.713423	-3	left	OV3_Cisp0
chr8	134495524	134503179	81ea49f8-3d12-4375-84ac-87bf0229ce2c	134495517	134505512	fwd	7655	3324	3456	0	0.48856	0.034667	0.572	-3	left	OV3_Cisp0
chr8	138473812	138485233	7bfd3c2a-64b9-430d-a09a-14aaf68d7a68	138473805	138487898	rev	11421	1644	7502	0	0.841004	0.004227	0.843119	-3	left	OV3_Cisp0
chr8	141839120	141855114	fc4bfc20-c0d6-4029-b72e-7b4888204b58	141839113	141855124	fwd	15994	2669	10313	0.012987	0.763636	0.01787	0.86411	-3	left	OV3_Cisp0
chr8	141986285	142004213	13595be9-5cc7-46f4-9210-06b4e861c011	141982425	142004220	rev	17928	3281	14326	0.020896	0.795522	0.053804	0.798149	-3	left	OV3_Cisp0
chr9	2343485	2355623	6d3c0387-2fd4-4262-831e-84fd0b7ca7c3	2343479	2355628	rev	12138	3876	5438	0.040117	0.822896	0.002013	0.951007	-3	left	OV3_Cisp0
chr9	3742922	3754510	9be2bae9-fc78-4fb9-a9f2-36a1b7109337	3742914	3754514	rev	11588	2467	6165	0.029985	0.697151	0.001688	0.853123	-3	left	OV3_Cisp0
chr9	5660394	5669216	a498987d-485b-4fa9-aad1-3365c2ea746b	5660388	5681825	fwd	8822	3458	4666	0.01098	0.648649	0.003853	0.75454	-3	left	OV3_Cisp0
chr9	6260431	6274259	1228bd3f-0605-48b2-97e7-436efc28d446	6260425	6280306	rev	13828	5490	5198	0.007437	0.707094	0.056732	0.661304	-3	left	OV3_Cisp0
chr9	11506070	11524338	e7efdad0-8246-439e-9389-fdc92ddb409d	11504931	11528358	rev	18268	5763	12136	0	0.411334	0.000803	0.815578	-3	left	OV3_Cisp0
chr9	16036204	16045272	db38818b-1c18-4f84-9f37-e258ecb91d2f	16035166	16059683	rev	9068	4283	3129	0.012542	0.434783	0	0.81746	-3	left	OV3_Cisp0
chr9	20206750	20213229	4ab7fa6a-856c-4c57-b1c8-fa7d784adc04	20205655	20213235	rev	6479	4090	2055	0.013626	0.872067	0.113861	0.69802	-3	left	OV3_Cisp0
chr9	24635383	24640772	260eb3ba-b54c-4f00-8ff5-645b667612ff	24629442	24640777	fwd	5389	4378	572	0.005999	0.641872	0.017391	0.713043	-1	left	OV3_Cisp0
chr9	24980786	24999481	d64521c8-1520-4b06-a039-020fba7867ab	24980781	25000894	fwd	18695	4792	11892	0.0253	0.834887	0.012298	0.958185	-3	left	OV3_Cisp0
chr9	25492771	25502059	355d800a-52f5-4a78-add7-2d286419b6f3	25492762	25518670	rev	9288	4614	3788	0.023842	0.564714	0.010462	0.692241	-3	left	OV3_Cisp0
chr9	26354071	26360424	f65b541e-43a9-4037-b24f-74ded831cc9a	26354067	26369418	fwd	6353	1997	3845	0	0.393124	0.020499	0.710339	-3	left	OV3_Cisp0
chr9	31832135	31847960	32258c7b-2e9d-4284-8d46-ebbd9d1a5857	31820139	31847965	fwd	15825	3479	11410	0.049038	0.767308	0.005108	0.870793	-2	left	OV3_Cisp0
chr9	32669790	32680641	027b7c9d-13dc-4709-b854-2142a7cd8f18	32669783	32686255	rev	10851	3523	3156	0	0.637433	0.0181	0.791855	-3	left	OV3_Cisp0
chr9	32778021	32789789	e6504ec1-f345-4ad5-8592-cc3d8e3c2f65	32778017	32793575	fwd	11768	4372	4189	0.030683	0.619247	0.043907	0.791219	-3	left	OV3_Cisp0
chr9	35653284	35660359	9f9ec0e1-eacd-43de-855d-1ecd602ca2de	35652739	35660370	rev	7075	1241	4152	0.216718	0.647059	0	0.909761	-3	left	OV3_Cisp0
chr9	35870814	35881529	1f5788c0-e79e-4b41-9b52-f7fa19f51ecb	35870807	35881534	rev	10715	4725	4176	0.002602	0.88118	0.021033	0.861377	-3	left	OV3_Cisp0
chr9	38590090	38608179	6c97a5ea-eee8-418d-8694-25d339b0272a	38580220	38627120	rev	18089	4318	12780	0	0.699074	0.000803	0.850147	0.122319	left	OV3_Cisp0
chr9	42994428	43002027	52ea2da5-34ad-4728-a04b-465ccb64b5eb	42993225	43002034	fwd	7599	1006	5686	0	0.564841	0.005862	0.907972	-3	left	OV3_Cisp0
chr9	76880500	76896788	bd0560c2-3d10-48ae-adb6-57c9dddccae9	76874813	76896794	fwd	16288	1311	11099	0	0.375297	0.005351	0.783612	-3	left	OV3_Cisp0
chr9	82803247	82821063	fded0eb3-1974-438b-9e97-9995f9e476ea	82801444	82821068	fwd	17816	1448	14429	0.036325	0.790598	0.041801	0.827603	-3	left	OV3_Cisp0
chr9	85598205	85622367	b2c384d8-9492-4d37-8ac6-d376f34b19c8	85598201	85622377	fwd	24162	1196	21223	0.069909	0.732523	0.044201	0.819178	-3	left	OV3_Cisp0
chr9	87719375	87727727	586e20e6-3a7e-4c10-bda7-3eeb33677820	87719370	87731046	fwd	8352	1691	5039	0	0.407104	0.035424	0.760148	-3	left	OV3_Cisp0
chr9	89426100	89432110	b6415fc4-014f-44db-8d1f-5d7457967faf	89422981	89453843	rev	6010	1498	4178	0	0.441176	0.002062	0.546392	-3	left	OV3_Cisp0
chr9	94067906	94076027	cd5469f1-8102-4d3b-8454-96f71ff9d734	94067901	94083705	fwd	8121	1544	5005	0.00995	0.410448	0.000575	0.745685	-3	left	OV3_Cisp0
chr9	97021647	97026727	56d9bf15-9b89-4ef1-82fd-2509ebdb48f5	97021638	97044383	rev	5080	3299	1422	0	0.562567	0.060302	0.592965	-3	left	OV3_Cisp0
chr9	97992964	98005949	c5277aeb-f842-41e9-867b-e7acc616ae3b	97991219	98019858	rev	12985	6801	4659	0	0.331803	0.015249	0.624398	-3	left	OV3_Cisp0
chr9	103136037	103145745	668b378d-f1c4-419a-91eb-09c83da93bbc	103136030	103145753	rev	9708	4407	3183	0.00293	0.575092	0.082474	0.705155	-3	left	OV3_Cisp0
chr9	103392741	103413377	08ebe0d0-455f-4ca9-b4e9-c5eb89194f2f	103373653	103418419	rev	20636	3813	13977	0.001767	0.800353	0.013344	0.711931	0.467701	left	OV3_Cisp0
chr9	103753075	103759835	356fbb4a-dae3-467c-9231-9d687c09ffe1	103753047	103772069	fwd	6760	2599	3810	0	0.560847	0.011754	0.651899	-3	left	OV3_Cisp0
chr9	108268501	108278227	58840fe1-2506-4ae0-a12a-27494d589229	108262790	108278791	fwd	9726	4113	4425	0.013781	0.489233	0.006481	0.723148	-3	left	OV3_Cisp0
chr9	108676899	108688664	899c2a9c-8ac9-40b4-aaa3-8fe8cbbd5183	108670791	108706919	rev	11765	2671	4246	0.00641	0.660256	0.002527	0.825611	-3	left	OV3_Cisp0
chr9	111212941	111218579	a6671c38-bb07-4e92-92d9-ef0dae9e2241	111212937	111224122	fwd	5638	3196	1921	0	0.556331	0.04325	0.710354	-3	left	OV3_Cisp0
chr9	113384818	113396672	5a25006d-c0d9-4d24-9c48-43db4eefbbef	113382346	113413390	rev	11854	3791	5673	0.007194	0.40185	0.021364	0.614626	-3	left	OV3_Cisp0
chr9	117323554	117344598	ef8e7c68-b33d-4fba-8061-ce4741452a2d	117323310	117350906	fwd	21044	4171	12615	0	0.754682	0.015296	0.811982	-3	left	OV3_Cisp0
chr9	118647153	118665472	68a0cf72-7904-45a9-bfe6-80b5839ee6f2	118637396	118674495	fwd	18319	5093	10319	0.000652	0.748858	0.00314	0.843685	0.120592	left	OV3_Cisp0
chr9	125617808	125631678	2ed1f8bf-1f37-482e-b46d-c9dc28c2becd	125607637	125647869	fwd	13870	3088	10109	0	0.413605	0.018495	0.630968	0.768015	left	OV3_Cisp0
chr9	126102278	126113016	f709cbaa-c133-4852-8e3d-857d0ce6bb76	126094409	126126665	fwd	10738	1130	7296	0	0.410345	0.032847	0.648592	0.984831	left	OV3_Cisp0
chr9	128622077	128627755	2cbbdd0c-9dbf-4e7b-bf09-27c28b7dd3c6	128620372	128632706	fwd	5678	3874	1221	0	0.44106	0.098143	0.509284	-3	left	OV3_Cisp0
chr9	129007398	129035576	f04ed1ce-f98b-4bc6-9e58-c4720debf0a7	129007391	129045890	rev	28178	1178	25785	0	0.209302	0.025989	0.709873	-3	left	OV3_Cisp0
chr9	131942507	131959399	36b3c447-cfa4-4688-9f46-e6d377e5237a	131935359	131959407	fwd	16892	1329	14021	0.047745	0.734748	0.011771	0.87435	-3	left	OV3_Cisp0
chr9	132163989	132177584	c8138a6e-3fd9-4ceb-986f-4973a6a91227	132163984	132177672	rev	13595	5357	4790	0.000805	0.742558	0.023506	0.769833	-3	left	OV3_Cisp0
chr9	132312168	132320019	f2608756-dac5-42e6-aeac-b9f1e757154e	132312164	132337289	fwd	7851	1324	2471	0	0.295775	0.035061	0.621951	-3	left	OV3_Cisp0
chr9	134076173	134084801	538a9a35-5806-453e-ac96-cbf216934f56	134075025	134086841	rev	8628	2325	4698	0	0.634309	0.045765	0.693306	-3	left	OV3_Cisp0
chr9	136728791	136738753	4e851d1e-de31-4240-90ba-5052f839fe47	136727836	136738760	rev	9962	1447	4680	0.147335	0.567398	0.038949	0.73913	-3	left	OV3_Cisp0
chrX	4446510	4456350	15f861d1-777a-41f3-b27d-9816cd983de0	4446504	4458963	fwd	9840	4343	1430	0	0.665622	0.04065	0.682927	-3	left	OV3_Cisp0
chrX	4724906	4737066	f5045e12-432c-46a9-8963-0e3928cc4e0d	4724894	4738902	rev	12160	5481	3243	0.000564	0.497182	0.006424	0.877944	-3	left	OV3_Cisp0
chrX	11631915	11658469	55ede925-ab9c-4aaf-96b0-68acdcd08762	11629294	11663990	fwd	26554	5699	20591	0	0.834726	0.021835	0.746347	-3	left	OV3_Cisp0
chrX	13788489	13796411	9bda3e92-7743-4e41-93ee-c8e0e20d31e9	13786183	13796420	fwd	7922	2920	2300	0	0.849642	0.003356	0.916107	-3	left	OV3_Cisp0
chrX	20333555	20345912	cbd01dac-92c6-47dc-ae9c-9743e511b366	20333549	20348454	fwd	12357	2777	6268	0.020633	0.452545	0.019631	0.684117	-3	left	OV3_Cisp0
chrX	23086078	23091268	3bc713f5-f33b-4330-a48a-31f0ed80a082	23086070	23100142	fwd	5190	2294	1362	0	0.866571	0.083333	0.698276	-3	left	OV3_Cisp0
chrX	30825587	30832557	062d76ad-4317-4921-be3f-3cc63b09233b	30825575	30835423	fwd	6970	3678	1228	0.002783	0.868275	0.04893	0.819572	-3	left	OV3_Cisp0
chrX	31003316	31009981	f7bc0ad1-8dd8-4556-8863-9c9153d130e4	30983922	31013231	fwd	6665	4682	1184	0.01607	0.356465	0.03681	0.607362	0.026507	left	OV3_Cisp0
chrX	44136335	44153949	377d8419-0838-4fc2-9052-b3460ad165e1	44136271	44164107	fwd	17614	4469	12632	0.000816	0.521633	0.037391	0.747246	-3	left	OV3_Cisp0
chrX	51222337	51233902	b8169338-6b24-4e7e-b0d2-67b2ea028246	51221819	51235408	rev	11565	3764	6638	0.004785	0.776077	0.033532	0.806382	-3	left	OV3_Cisp0
chrX	55187584	55199806	7e02a6d8-af40-4808-b990-33806c845526	55185294	55202683	fwd	12222	3313	8040	0.001855	0.74026	0.018204	0.845469	-3	left	OV3_Cisp0
chrX	56423202	56433877	da7f782c-1b50-4b16-87fc-0cb71576b56e	56423197	56435988	rev	10675	4585	5572	0.04	0.525128	0.060659	0.667244	-3	left	OV3_Cisp0
chrX	57613466	57623060	474cb2f5-1c66-4134-9706-d7b89f8e346f	57613459	57635541	fwd	9594	4912	1814	0.022202	0.398705	0.004255	0.767376	-3	left	OV3_Cisp0
chrX	62589210	62595698	7120e80c-2e73-47ca-9e22-1de99933bcb8	62589205	62595702	rev	6488	2739	2650	0.001232	0.66133	0.051916	0.697157	-3	left	OV3_Cisp0
chrX	63405421	63430794	3bb0bfff-b7fb-4eac-8953-aa94308d74d3	63402703	63430800	fwd	25373	5738	16160	0.000644	0.425902	0.010271	0.839423	-3	left	OV3_Cisp0
chrX	63946710	63959347	01c529a9-c14b-4cf0-a332-9bdb77e00546	63946704	63970152	rev	12637	2741	8596	0	0.564477	0.04402	0.662252	-3	left	OV3_Cisp0
chrX	69868984	69874519	9d37ca11-43bd-4517-9688-b38cec51c168	69868979	69882075	fwd	5535	3984	1137	0.012022	0.486339	0.015873	0.695238	-3	left	OV3_Cisp0
chrX	73789373	73799663	db409108-c03a-40ca-9507-aa79365dcc02	73788797	73802609	fwd	10290	3506	5900	0.004115	0.867284	0.01427	0.756312	-3	left	OV3_Cisp0
chrX	84217631	84226414	d04fe860-a436-48a9-bf74-0871d5bbbb29	84208696	84228546	rev	8783	1489	5344	0	0.549398	0.005249	0.931102	0.117178	left	OV3_Cisp0
chrX	85682274	85706072	8248ddb3-32e3-4b49-b961-f44f016660d6	85682266	85706082	rev	23798	4386	19101	0.001342	0.822819	0.029821	0.799602	-3	left	OV3_Cisp0
chrX	90590077	90603933	de07969e-7d97-447c-8943-308f75df16ae	90590072	90612264	fwd	13856	3655	6293	0.005701	0.466363	0.008519	0.713996	-3	left	OV3_Cisp0
chrX	91383207	91389829	05bc349e-8f46-47a4-a642-5ad905abfad0	91382977	91391973	rev	6622	4439	1839	0.00371	0.407525	0.006494	0.680195	-3	left	OV3_Cisp0
chrX	94823422	94843826	512e26ea-54a7-4f46-b097-270daa2c89a4	94823415	94843830	rev	20404	8983	7349	0.003032	0.670541	0.035769	0.796117	-3	left	OV3_Cisp0
chrX	95158391	95168183	67c2264b-7506-4a75-b543-1db4c152e3cb	95158386	95170578	fwd	9792	3580	2247	0.018248	0.530109	0.033797	0.715706	-3	left	OV3_Cisp0
chrX	119739054	119754876	05de96f9-c54d-4f9a-bb3f-ca6fb63eb6ff	119738163	119758202	fwd	15822	3994	9956	0	0.67004	0.047923	0.630192	-3	left	OV3_Cisp0
chrX	123350614	123355379	4ead0b2d-743a-4d13-9290-a646d157aee4	123350608	123355765	rev	4765	1845	2276	0.030019	0.414634	0.056748	0.639571	-3	left	OV3_Cisp0
chrX	124112938	124119770	784698e1-4549-4d42-bcf4-7ad02f691dc1	124107249	124147155	fwd	6832	3575	2390	0	0.343866	0.02217	0.560093	-1	left	OV3_Cisp0
chrX	126955922	126963572	6454f146-5425-476c-922a-188b783adf53	126934800	126987268	rev	7650	3025	3578	0	0.246225	0.032638	0.475068	0.248	left	OV3_Cisp0
chrX	129559225	129568152	0ec2b672-80b0-424d-8f5d-15e014c310a5	129559218	129570845	rev	8927	2890	5639	0.014455	0.386334	0.015116	0.719186	-3	left	OV3_Cisp0
chrX	134204235	134216605	b1f06ba2-8494-449b-8c5b-1ec2d0310624	134204214	134227461	fwd	12370	3702	6238	0.02682	0.749042	0.012435	0.91034	-3	left	OV3_Cisp0
chrX	136451886	136459025	381475b7-118d-49aa-bc9d-99a58e2badbc	136451880	136466218	rev	7139	2125	4357	0.012579	0.287736	0.01684	0.57899	-3	left	OV3_Cisp0
chrX	143649299	143667403	54f8d2cc-5a1c-4738-b29b-c96bdfea4e09	143648264	143668860	rev	18104	4015	12166	0.003364	0.3709	0.012799	0.797688	-3	left	OV3_Cisp0
chrX	145384123	145403086	c91d0409-92b7-47f1-9a68-c973c44219d1	145383063	145417281	rev	18963	2670	15437	0.020609	0.644265	0.006144	0.822315	-3	left	OV3_Cisp0
chrX	146608846	146626741	a34bf8ae-5421-4744-91f4-25c819afde35	146597917	146626754	fwd	17895	1495	14397	0.152866	0.546178	0.048958	0.819922	0.153273	left	OV3_Cisp0
chrX	150919032	150933476	3b3f80c1-0c0e-4480-8370-95e3c8619836	150917604	150938911	fwd	14444	3536	8840	0	0.551724	0.022456	0.763978	-3	left	OV3_Cisp0
chrY	56725165	56728099	a6cb75b0-ea35-4ceb-bfb2-0511d27c63eb	56721176	56740896	rev	2934	1062	1021	0.038997	0.470752	0	0.701149	-3	left	OV3_Cisp0
chrY	56827489	56836409	ca865f8e-3ccc-4cb2-b062-78454fc1fb89	56827372	56840546	fwd	8920	4260	1867	0.032475	0.263158	0.027523	0.610092	-3	left	OV3_Cisp0
chr1	1612078	1619882	c13e6cf5-daba-4f36-8443-c9449cdd381c	1602766	1625023	rev	7804	1183	6229	0	0.25974	0.028357	0.537114	-3	right	OV3_Cisp0
chr1	1823349	1828022	79f26a37-e96d-4329-9705-89dd37489e36	1814662	1828028	fwd	4673	2716	1293	0	0.389037	0	0.594675	-3	right	OV3_Cisp0
chr1	3572954	3579302	ed3f1452-da07-42ce-bdcf-8fd59367a882	3570057	3594887	rev	6348	1324	4756	0	0.481132	0.033367	0.537917	-3	right	OV3_Cisp0
chr1	7680883	7689209	f851ded5-cabf-4e60-a7b5-a7d8ff26fbb1	7673769	7691623	fwd	8326	1079	5642	0	0.483412	0.01519	0.838819	-3	right	OV3_Cisp0
chr1	10795318	10799676	84752334-860b-443e-85f1-52abdcc06b08	10783106	10799683	fwd	4358	1008	2745	0	0.220126	0	0.606299	-3	right	OV3_Cisp0
chr1	12713908	12729507	313cb74c-525e-457a-84ae-d1070c18b2dd	12713892	12759351	rev	15599	3769	10387	0.006316	0.757895	0.022067	0.804878	0.222883	right	OV3_Cisp0
chr1	14069991	14078957	00bd382c-621f-437b-8813-ab65616d1598	14066596	14078962	rev	8966	1205	4698	0	0.78117	0.027096	0.767146	-3	right	OV3_Cisp0
chr1	14067527	14080283	26122746-39a8-46c1-b35a-81d642b15fc5	14067518	14080287	rev	12756	4538	6091	0.010084	0.835294	0.039899	0.766941	-3	right	OV3_Cisp0
chr1	14908666	14919056	654bf027-9f7a-4db6-8da7-e5941d41f8d6	14902667	14941167	fwd	10390	1129	8311	0	0.430108	0.02409	0.639672	0.726303	right	OV3_Cisp0
chr1	17000275	17010750	6cee407c-61b5-4e61-aead-5f0d57171745	16990761	17011390	fwd	10475	1802	4901	0	0.514881	0.008666	0.614385	-3	right	OV3_Cisp0
chr1	23795979	23809045	c5603d82-38ab-4eb3-bb33-2a5b91b02713	23774098	23827102	fwd	13066	5897	6794	0.00353	0.421889	0.02093	0.75	0.430409	right	OV3_Cisp0
chr1	36346965	36360371	07677a27-a5a4-4ab8-86f1-de620dad39b8	36335147	36364385	fwd	13406	4659	6625	0	0.367934	0.001884	0.824121	-3	right	OV3_Cisp0
chr1	36621441	36637511	a6f6e423-cf2f-4d3f-b654-8b40d2778b31	36590560	36637959	rev	16070	5713	7302	0	0.748339	0.016083	0.686962	-3	right	OV3_Cisp0
chr1	37016633	37032104	a6e6b912-8645-4f59-bc58-93acc1fd9bbc	37016625	37032110	rev	15471	3633	8014	0.027831	0.698656	0.036603	0.799155	-3	right	OV3_Cisp0
chr1	38188762	38206426	d5647b50-efa1-46a6-85de-29c6b3f310e0	38176975	38223666	fwd	17664	4119	13082	0.016744	0.64093	0.03146	0.770312	0.242541	right	OV3_Cisp0
chr1	42389402	42398484	d0a19ba2-2f31-41c8-ab1a-bec8b78290fc	42372677	42398488	rev	9082	5537	1394	0.009524	0.373469	0.010667	0.562667	-3	right	OV3_Cisp0
chr1	42446103	42458395	5eef0051-192d-4551-bf52-65ca256b8a37	42440506	42458399	rev	12292	6652	2455	0	0.830268	0.005484	0.756856	-3	right	OV3_Cisp0
chr1	45455365	45463523	4aff019e-f010-4678-ae11-494a007ca891	45455355	45463530	rev	8158	3405	3846	0.03176	0.724138	0.091324	0.69589	-3	right	OV3_Cisp0
chr1	46045160	46069853	c3a2b841-01ad-4733-b5db-879d1d872a2a	46045154	46078088	fwd	24693	4921	18128	0.027108	0.829066	0.067644	0.735288	0.278758	right	OV3_Cisp0
chr1	46369914	46372930	401c7ea3-5261-47da-86f5-65264da790e1	46368560	46381061	rev	3016	1136	1172	0.029703	0.415842	0.008264	0.450413	-3	right	OV3_Cisp0
chr1	55489950	55504315	bf3ae35c-047d-4088-bc20-d5effb386784	55489943	55517053	rev	14365	1002	12940	0	0.77459	0.00446	0.860147	0.154469	right	OV3_Cisp0
chr1	57138451	57154031	c7a18de0-128e-4c12-b564-a4fde8f17e15	57112731	57170248	rev	15580	7086	7741	0.001468	0.521292	0.021429	0.638571	0.261285	right	OV3_Cisp0
chr1	57466221	57480149	01c6882c-ff64-4773-8329-0147cff4e6e2	57464739	57480885	fwd	13928	3603	7385	0.025568	0.515152	0	0.819815	-3	right	OV3_Cisp0
chr1	61666748	61671560	a256497b-7300-4018-a65a-6de2a46392a0	61656253	61671565	rev	4812	2244	2113	0	0.586648	0.014749	0.666667	-3	right	OV3_Cisp0
chr1	62746472	62753097	e626f5a2-0083-472d-8119-8fa4d6d2fdcf	62740212	62753103	fwd	6625	3030	3311	0	0.759706	0.007049	0.79859	-3	right	OV3_Cisp0
chr1	70233612	70240284	8880549d-56c5-4685-b9c5-b923a29e4847	70222403	70240292	rev	6672	4055	2154	0.009946	0.349005	0.00303	0.612121	-3	right	OV3_Cisp0
chr1	70705391	70712881	e7a916e5-d9b5-4238-810e-948ea9f95841	70703347	70712887	rev	7490	3739	3262	0.015799	0.548327	0.006667	0.794286	-3	right	OV3_Cisp0
chr1	71966196	71978656	ff249c46-b8e0-4490-93ff-099a89436acd	71956684	71980118	fwd	12460	4681	4883	0.003701	0.73057	0.026938	0.752957	-3	right	OV3_Cisp0
chr1	72852680	72864152	7441a335-5a92-44a4-9624-baa90fa9e259	72800712	72864286	rev	11472	3709	4049	0	0.401654	0.001638	0.752662	-3	right	OV3_Cisp0
chr1	72879286	72898985	547b58a1-5538-40d1-82d1-5a3ad554ad40	72872559	72898989	rev	19699	6093	9175	0.003968	0.840774	0.061189	0.8154	-3	right	OV3_Cisp0
chr1	73081156	73096323	8ca949f3-6cd2-4c93-a206-5093aa4da140	73081139	73096333	fwd	15167	2845	10243	0.009804	0.792157	0.020056	0.823955	-3	right	OV3_Cisp0
chr1	73380883	73391890	e6607ca7-c5bd-44a4-9587-dee9ab7549a3	73376057	73391895	fwd	11007	2330	6000	0	0.636914	0.070525	0.715467	-3	right	OV3_Cisp0
chr1	73479677	73492698	ccc75ac2-0bd8-4486-a96c-d99b8554a26d	73479671	73492703	fwd	13021	1027	9401	0.015385	0.796923	0	0.925849	-3	right	OV3_Cisp0
chr1	81661534	81676495	bbda9126-10aa-4fec-bcf5-e5ff9a7d42e9	81657708	81691382	fwd	14961	3826	9490	0.016722	0.588629	0.023741	0.819065	0.1462	right	OV3_Cisp0
chr1	81859248	81865856	8a4210a4-7786-4ce5-8e05-554d6405ba07	81854514	81866387	rev	6608	2121	1576	0	0.876364	0.089212	0.695021	-3	right	OV3_Cisp0
chr1	82185880	82203162	b9564b7f-da90-4e41-861f-efae6fe00650	82185873	82203762	rev	17282	1636	13199	0.157303	0.705618	0.000741	0.922697	-3	right	OV3_Cisp0
chr1	82294369	82330176	f87d67d6-9306-4e44-b8d7-362df11da32d	82292928	82330180	rev	35807	3319	29896	0.037486	0.646086	0.033401	0.693189	-3	right	OV3_Cisp0
chr1	84593345	84598202	4875d11e-5af6-479e-808b-14a4a8061839	84580590	84606840	fwd	4857	1149	3101	0	0.461207	0	0.713217	0.589834	right	OV3_Cisp0
chr1	88297725	88306218	6a7b01a0-a405-4764-95d4-e53ce944b51c	88291247	88321450	rev	8493	511	6024	0.129032	0.258065	0.066353	0.642983	0.425191	right	OV3_Cisp0
chr1	89321457	89327379	2a41d31a-f0ca-4634-a24e-d88295dc856b	89304517	89343662	rev	5922	3954	1711	0.012512	0.750722	0.049612	0.716279	-1	right	OV3_Cisp0
chr1	89917478	89929276	21701874-5780-4bc8-88b7-ec5defa1ce38	89908559	89929282	fwd	11798	5250	4339	0.0031	0.764414	0.008084	0.822959	-3	right	OV3_Cisp0
chr1	90936452	90948729	9d7bd256-288d-4026-aa6d-c09aab0e12ab	90934316	90948734	fwd	12277	3533	6134	0.000863	0.876618	0.047934	0.782369	-3	right	OV3_Cisp0
chr1	95497650	95518322	2e3d832a-0da0-47da-b124-6c7e972926f7	95488353	95520366	rev	20672	2424	14992	0	0.7888	0.014638	0.816297	-3	right	OV3_Cisp0
chr1	99967140	99979673	2c7efd76-d89b-4c93-8f39-9b7012ea2861	99964123	99979678	fwd	12533	4424	5419	0.000908	0.767484	0.024167	0.857609	-3	right	OV3_Cisp0
chr1	101232751	101247638	c2eeae7f-d209-4edf-be63-6b2605c81b6b	101206567	101274347	fwd	14887	4423	10019	0	0.607985	0.010575	0.70074	0.265253	right	OV3_Cisp0
chr1	101398839	101415172	ec13a807-16e0-490b-b9bf-e050e7d5e808	101398452	101415281	fwd	16333	4742	11117	0.01584	0.643251	0.013782	0.839328	-3	right	OV3_Cisp0
chr1	102137655	102141703	7d66984c-f572-4f3b-bd26-c79b0bef6a84	102129013	102141712	fwd	4048	2456	1230	0	0.441176	0.018939	0.693182	-3	right	OV3_Cisp0
chr1	103402797	103415485	a7b804c2-2071-4113-8d05-f5f49438d307	103398907	103464163	rev	12688	1918	8866	0.08982	0.558882	0.00953	0.837989	0.19251	right	OV3_Cisp0
chr1	114034204	114046109	aabcbab4-e06b-41a7-ac40-c011d1245e9e	114024217	114046116	fwd	11905	3535	4450	0	0.485246	0	0.81811	-3	right	OV3_Cisp0
chr1	121129942	121135537	a4f02b2b-d7fd-4be4-95a2-6d244a0278ba	121129935	121135545	fwd	5595	1852	3338	0.013304	0.909091	0.051	0.81	-3	right	OV3_Cisp0
chr1	143266647	143270376	e72c92c7-688b-4558-9ac9-f986a5f0e40b	143184587	143272185	fwd	3729	1511	1411	0.038462	0.311538	0	0	-3	right	OV3_Cisp0
chr1	143205414	143210602	f7586cbc-15e5-4ea2-8d69-ca77234fa62c	143184587	143242897	rev	5188	615	4573	0	0.47619	0.006144	0.855607	-1	right	OV3_Cisp0
chr1	143216713	143227355	96f54afa-984e-47d3-9396-960b62a9099c	143184989	143240209	fwd	10642	5244	1209	0.063687	0.282682	0.333333	0	0.114392	right	OV3_Cisp0
chr1	143200293	143206039	c626baae-f2d1-412f-b78d-59576a5e0ed6	143190268	143226250	fwd	5746	608	3296	0	0.591398	0.267857	0.303571	-3	right	OV3_Cisp0
chr1	143211606	143220723	0b525f6a-4aea-4f32-a4b8-b0d3776b35fd	143199118	143220930	fwd	9117	3280	1871	0.009398	0.296992	0.057416	0.648325	-3	right	OV3_Cisp0
chr1	143211591	143217138	23a937cf-8ffd-4784-8990-9bdb3cdb190d	143211586	143228736	rev	5547	2737	1173	0.074641	0.395215	0	0.56051	-3	right	OV3_Cisp0
chr1	150795175	150801397	dd8b13d1-9ada-4f49-8d31-40881185e579	150771814	150801403	fwd	6222	4795	1049	0.002431	0.402755	0.019868	0.483444	-3	right	OV3_Cisp0
chr1	156135973	156139727	ab27d203-6436-416b-abee-b73fab38f9fd	156129949	156171390	fwd	3754	2154	1144	0	0.646778	0.01992	0.601594	-2	right	OV3_Cisp0
chr1	157185254	157195183	c04a2616-8907-43bf-bd8a-8134019e6bf4	157185127	157195187	rev	9929	4408	4187	0.006012	0.366733	0.011375	0.675284	-3	right	OV3_Cisp0
chr1	160449612	160460330	5c639df6-073b-4b29-b995-05c99b97f36e	160448514	160460336	rev	10718	3411	3682	0.003654	0.894032	0.052052	0.848849	-3	right	OV3_Cisp0
chr1	161617176	161621660	78b626a3-e3a8-4660-a83e-c6f5fbb00c95	161617163	161651406	rev	4484	1646	1641	0.047619	0.61039	0.017391	0.623913	-3	right	OV3_Cisp0
chr1	167747234	167767224	7db63e2b-68fb-45b4-86b3-7041b8962e40	167732157	167767890	fwd	19990	3557	13063	0.010952	0.566133	0.008664	0.576004	-3	right	OV3_Cisp0
chr1	170538840	170548355	bca54037-3aaf-4cc1-8335-bfc0a9349979	170535583	170548360	rev	9515	4558	4580	0	0.288809	0.000787	0.710236	-3	right	OV3_Cisp0
chr1	171892727	171904479	32eecd21-f1c9-4c04-b60a-390421aa6026	171887237	171904486	fwd	11752	7343	3022	0.001561	0.532579	0.060296	0.643914	-3	right	OV3_Cisp0
chr1	174827092	174841686	f7aa2d42-c7c8-43aa-a1ee-a73f5a074650	174827086	174841692	fwd	14594	4575	8809	0.008027	0.876923	0.041737	0.856239	-3	right	OV3_Cisp0
chr1	176854076	176876889	e782259f-5360-42c2-ae1e-746367e36b22	176853213	176884941	fwd	22813	3968	17514	0	0.693444	0.020634	0.840034	0.034178	right	OV3_Cisp0
chr1	177327108	177333192	996fe63e-9f0d-43f0-85a6-648141a4fe78	177312582	177333196	rev	6084	2571	2945	0	0.430769	0.003891	0.571984	-3	right	OV3_Cisp0
chr1	179354122	179365637	8cc92cb3-3959-48fa-8f54-6c9b35bd01af	179332691	179366989	rev	11515	3585	7507	0.003195	0.601704	0.019839	0.689008	-3	right	OV3_Cisp0
chr1	183352975	183362043	435fd5f6-2160-4601-b220-c81e5551499a	183336727	183362050	rev	9068	4453	4394	0.018083	0.479204	0.072182	0.602595	-3	right	OV3_Cisp0
chr1	186764424	186776068	aac8a59a-ffbf-4560-8a45-4e646fb48b6c	186764419	186776082	rev	11644	1149	9244	0	0.608696	0.005327	0.799087	-3	right	OV3_Cisp0
chr1	187029418	187036018	dbe7197d-1952-4367-8a40-3ed4a09deb3c	187017191	187036028	fwd	6600	3661	2637	0.025688	0.60367	0.017949	0.669231	-3	right	OV3_Cisp0
chr1	196056429	196078960	f712c44e-22b4-4095-9848-5fdcded7708e	196056424	196090326	rev	22531	3034	15710	0.078271	0.84229	0.031032	0.881838	0.190544	right	OV3_Cisp0
chr1	201097651	201102415	05ab2e1f-9922-48e2-bc43-d57708f7bb8e	201096756	201102425	rev	4764	1365	3040	0.036424	0.652318	0.001381	0.799724	-3	right	OV3_Cisp0
chr1	210227511	210235277	be902237-8e00-45c9-9682-90b2b09a95ca	210222190	210235291	fwd	7766	3504	1128	0.033014	0.514377	0.015209	0.703422	-3	right	OV3_Cisp0
chr1	211653026	211666720	f36ee34a-b2bc-4014-8ee5-bc2c734b5270	211652889	211667635	rev	13694	2615	6420	0.017572	0.522364	0.004747	0.827532	-3	right	OV3_Cisp0
chr1	212380555	212388730	e2e411b4-4ce9-4d33-9cc0-f8dfcf53b611	212380547	212388738	fwd	8175	2161	5710	0.008347	0.796327	0.013867	0.823575	-3	right	OV3_Cisp0
chr1	213185161	213194969	277c50b0-43ed-4738-bfe8-4835d9a3689d	213164930	213207600	rev	9808	4585	2595	0.005484	0.428702	0.040968	0.61825	0.120164	right	OV3_Cisp0
chr1	215259315	215275367	a87cfe11-7a3b-40af-bce8-497c560edb1c	215258259	215275377	fwd	16052	5455	8079	0.067717	0.436661	0.042056	0.840272	-3	right	OV3_Cisp0
chr1	221058895	221067352	fcdd787b-3ccd-4101-b400-f628ecf28068	221056165	221067356	rev	8457	2998	4872	0	0.475302	0.008838	0.886995	-3	right	OV3_Cisp0
chr1	223477163	223480235	a37dcbba-45bd-4a77-80d3-5dae45a65f2c	223461031	223484394	fwd	3072	2105	602	0	0.467775	0.067568	0.722973	-1	right	OV3_Cisp0
chr1	226109008	226113858	008f8314-96ef-4bd8-87ed-87c5f6092f1c	226104359	226113864	rev	4850	1194	2937	0	0.215311	0.014045	0.536517	-3	right	OV3_Cisp0
chr1	226206755	226219725	28bedf3b-57e2-43b6-a434-de9dad8e84a9	226194122	226219892	rev	12970	2615	10077	0	0.509745	0.041319	0.703615	-3	right	OV3_Cisp0
chr1	231668334	231679313	b98aafa3-0a1d-4aaa-a088-b1bbfa522ccf	231665502	231679320	rev	10979	3353	6979	0	0.384845	0.010071	0.816351	-3	right	OV3_Cisp0
chr1	235836100	235846249	48b768b9-b942-4308-8e3d-6e6328b881fe	235822861	235850318	fwd	10149	3414	4686	0	0.827202	0.021645	0.745455	-3	right	OV3_Cisp0
chr1	243952968	243984259	19920319-ca5e-4886-b5c0-ec70c5533d0c	243952964	243984266	fwd	31291	2351	25207	0.039823	0.817109	0.013503	0.826627	-3	right	OV3_Cisp0
chr1	247666756	247676897	d0b9a292-a4ba-47f9-8b97-2b1c554e4653	247665834	247676908	rev	10141	2186	6411	0.071556	0.568873	0.035479	0.860112	-3	right	OV3_Cisp0
chr10	13237559	13252478	0e24f67c-792d-47e1-9aec-d4882ff6f486	13237548	13257103	rev	14919	2462	10361	0.015437	0.523156	0.007228	0.787857	-3	right	OV3_Cisp0
chr10	15408254	15426309	7b8d030e-d1c9-48a8-bf93-9d74d439ae2c	15405154	15426625	rev	18055	1707	15129	0.03	0.668	0.054989	0.714412	-3	right	OV3_Cisp0
chr10	16954808	16962286	b9ba7494-36eb-453b-843a-694a960f4cbe	16951532	16963491	rev	7478	2598	4039	0	0.442581	0.040886	0.70954	-3	right	OV3_Cisp0
chr10	18791700	18798577	7cea3a90-2638-4ed6-b5e9-43937b74351e	18774653	18798626	fwd	6877	1023	3141	0	0.243986	0.025437	0.588235	-3	right	OV3_Cisp0
chr10	19917581	19926346	3bb4c078-1f82-42ee-929c-fe446253b9fd	19915907	19926351	rev	8765	5600	1804	0	0.552701	0.043222	0.693517	-3	right	OV3_Cisp0
chr10	20395709	20400909	5ec3e6d6-f8b7-4e47-85d4-6723c7a5d71b	20385981	20400924	fwd	5200	2215	2755	0	0.59772	0.005487	0.66118	-3	right	OV3_Cisp0
chr10	21849270	21857656	ccaba64d-0575-4959-be70-cc359be07cfb	21845477	21860224	fwd	8386	4414	2831	0.021838	0.523203	0	0.895683	-3	right	OV3_Cisp0
chr10	25517280	25528339	7d32a8fd-273a-44f2-8780-6a2310a7eeed	25513696	25528344	fwd	11059	6636	2966	0.000449	0.645553	0.055935	0.61528	-3	right	OV3_Cisp0
chr10	26592624	26603917	b3700b13-2bd0-40dd-9f2b-4fc9ad6916d5	26591079	26606177	fwd	11293	6531	2585	0	0.551087	0	0.861035	-3	right	OV3_Cisp0
chr10	27481322	27498572	2761ac39-5580-4d9b-bdfa-a182597aca04	27481315	27498585	rev	17250	2436	12221	0.011852	0.794074	0.04349	0.878592	-3	right	OV3_Cisp0
chr10	28734048	28744380	2b4c25f7-341f-4415-b355-de055a91395b	28732371	28744386	fwd	10332	1233	8349	0.118457	0.584022	0.084476	0.75188	-3	right	OV3_Cisp0
chr10	35722352	35738582	a00bb248-8033-418f-91ab-b6ed1e8356fb	35709971	35739232	fwd	16230	2267	10151	0.007692	0.48	0.000867	0.854293	-3	right	OV3_Cisp0
chr10	39153861	39161045	fad1a19e-dfea-4df8-97d2-0dfe16569841	39153856	39162633	fwd	7184	3221	2704	0.014911	0.570577	0.007353	0.507353	-3	right	OV3_Cisp0
chr10	41869233	41875799	3d6f3227-9dd7-4cc0-9cb6-61eb9d03e2b5	41851094	41879384	fwd	6566	1203	2496	0	0.635135	0.009288	0.544892	-3	right	OV3_Cisp0
chr10	41906806	41914445	1ca6c4a8-0f80-46b2-ac5c-628a45fafa97	41860203	41916258	fwd	7639	3790	2008	0.152778	0.350694	0	0.464844	-3	right	OV3_Cisp0
chr10	41888557	41891662	9e646095-6e73-45c5-aaf2-a7e94e14633e	41879328	41892461	fwd	3105	1025	1179	0.093023	0.465116	0.055	0.515	-3	right	OV3_Cisp0
chr10	41884242	41890479	19189686-06da-4937-9653-78179ae02abd	41881813	41898802	fwd	6237	590	917	0	0.45098	0.006944	0.451389	-1	right	OV3_Cisp0
chr10	41885445	41896613	efd6995d-b603-413e-89f9-056c45385901	41884246	41906978	fwd	11168	1413	8566	0.053061	0.432653	0.08951	0.613986	-3	right	OV3_Cisp0
chr10	41896698	41900646	2414501d-a28a-4d87-a014-dddc462edbf5	41886237	41901184	fwd	3948	1414	1215	0.146245	0.426877	0.004545	0.581818	-3	right	OV3_Cisp0
chr10	41907908	41911344	8274a84d-542b-4eb7-aa58-88139a704dd9	41904110	41916259	fwd	3436	704	2732	0.178571	0.178571	0	0.61194	-3	right	OV3_Cisp0
chr10	42093934	42105067	5dfa78ca-c77b-41fc-94b4-a0a93cf0cbd5	42066265	42105072	fwd	11133	3986	4710	0	0.675978	0.00625	0.813393	-3	right	OV3_Cisp0
chr10	58720269	58730819	ba028bfa-1536-4081-962a-d56d8a833988	58720108	58731949	rev	10550	2834	3272	0	0.533844	0.001189	0.87396	-3	right	OV3_Cisp0
chr10	59118364	59125838	867f3bbf-0f49-453d-aba6-95d615e4610c	59109879	59125847	fwd	7474	5123	1989	0	0.444136	0.003101	0.804651	-3	right	OV3_Cisp0
chr10	62901358	62921002	e2aa8003-ae85-4116-b767-ed723bb268e3	62897679	62921608	rev	19644	4633	11892	0.000719	0.84964	0.040024	0.829594	-3	right	OV3_Cisp0
chr10	65126083	65137371	562432ff-354d-4c93-b87c-18f4b298bde2	65118010	65137386	fwd	11288	3316	6488	0	0.788143	0.020436	0.868756	-3	right	OV3_Cisp0
chr10	65202547	65211927	e09e3ca4-4eeb-4161-965f-759e07b36915	65202540	65213714	rev	9380	3248	3239	0.007519	0.923738	0.030488	0.881098	-3	right	OV3_Cisp0
chr10	66557552	66570966	07115114-770d-4369-9053-46ab72f8ce9e	66537154	66570970	rev	13414	1326	10253	0	0.441176	0.016557	0.705092	-3	right	OV3_Cisp0
chr10	70983801	70992965	81c02bd8-c795-4512-8f8c-c8a88d71762e	70974194	70998831	rev	9164	4841	3888	0	0.60463	0.073001	0.492468	-3	right	OV3_Cisp0
chr10	72403837	72407478	fe998388-28a9-47df-afc7-eae85c4d9dcd	72387464	72407529	rev	3641	1558	1726	0	0.541573	0.01642	0.510673	-3	right	OV3_Cisp0
chr10	72559813	72575044	5a97fd3b-438c-4b6c-bfad-67a22000a381	72550288	72576349	rev	15231	4208	10710	0.00075	0.594899	0.034575	0.613413	-3	right	OV3_Cisp0
chr10	75611849	75623198	b86ddcb2-847d-4f83-9d20-dcae39362722	75610172	75625045	fwd	11349	3198	3853	0.006018	0.524574	0.004922	0.917966	-3	right	OV3_Cisp0
chr10	77177899	77190796	0fb6e554-53f2-44b3-8184-1b9e65e1bfb1	77164641	77190917	fwd	12897	2437	6137	0	0.634868	0.016982	0.742652	-3	right	OV3_Cisp0
chr10	79028026	79044387	5219435e-65af-4440-a247-b64fb02391d0	79027854	79047881	rev	16361	4585	11461	0.001873	0.768727	0.017579	0.830451	-3	right	OV3_Cisp0
chr10	79395931	79403431	77bbea17-f720-4f70-b349-53554d4cbe6f	79391832	79403454	fwd	7500	4158	1454	0.003286	0.637459	0.046296	0.783951	-3	right	OV3_Cisp0
chr10	80118657	80132963	7c59f016-ad3b-4390-a395-abc49dba04ac	80118650	80132969	rev	14306	4068	8013	0.063563	0.768129	0.07459	0.768274	-3	right	OV3_Cisp0
chr10	80786468	80795045	c6d932f5-a187-49b2-bb17-8c9c32d8af2e	80759855	80795114	fwd	8577	4086	3545	0	0.389916	0.01801	0.56175	-3	right	OV3_Cisp0
chr10	81617907	81624477	5d781a47-a8b9-484c-bfdd-45127b89abe6	81617298	81634126	rev	6570	3471	2741	0.041841	0.52636	0.015831	0.711082	-1	right	OV3_Cisp0
chr10	91849259	91862068	947ed719-f2df-4063-bd5a-17ef76c79987	91838954	91862074	fwd	12809	2881	9683	0.004848	0.390303	0.003352	0.803889	-3	right	OV3_Cisp0
chr10	92834874	92867419	9a12e930-cfb0-4868-bdf5-e21ea1cbbdb8	92824981	92868157	fwd	32545	1464	26495	0.033865	0.527888	0.015109	0.860307	-3	right	OV3_Cisp0
chr10	93002987	93026180	1beb20ac-08ac-4504-ac11-4755969ec514	92990078	93035290	rev	23193	3564	17275	0.000898	0.756732	0.043258	0.598597	0.328197	right	OV3_Cisp0
chr10	94422040	94440351	50600f59-4b97-4956-96f5-3d707f0939f3	94422034	94445852	rev	18311	1103	12402	0.109848	0.742424	0.013825	0.866359	-3	right	OV3_Cisp0
chr10	98688641	98700334	81c11cce-09a6-4b61-b5ef-865710320400	98688635	98700343	rev	11693	4423	4226	0.039294	0.694467	0.020808	0.850061	-3	right	OV3_Cisp0
chr10	102228531	102242347	85b43d07-6200-4430-aed2-83332956b231	102196701	102242354	fwd	13816	4562	7155	0	0.556678	0.028463	0.550285	-3	right	OV3_Cisp0
chr10	106377466	106394979	8c91f9eb-1b66-42c7-a733-bbb992d7dd1a	106377461	106394988	fwd	17513	2998	12463	0.039761	0.764414	0.021462	0.820476	-3	right	OV3_Cisp0
chr10	110413531	110417135	162e74a2-5370-434d-973a-39b529fc2078	110405985	110417150	fwd	3604	1023	2220	0	0.398438	0.025688	0.763303	-3	right	OV3_Cisp0
chr10	111525999	111546717	0f5ef79c-4e42-4836-abb4-d195bb38f1c6	111518903	111571493	fwd	20718	5685	13877	0.006135	0.662577	0.012355	0.736067	0.450673	right	OV3_Cisp0
chr10	113378440	113395990	dab1bacb-7730-4ad4-a40b-9a596936e077	113377930	113395995	rev	17550	4518	10560	0.01129	0.604839	0.014151	0.91582	-3	right	OV3_Cisp0
chr10	119661960	119686123	191900e3-deca-40d4-82a5-d3bae16548fd	119661872	119686139	rev	24163	4834	19029	0.003021	0.406848	0.007204	0.74678	-3	right	OV3_Cisp0
chr10	132485063	132494785	c88457c6-fe47-4ac8-8f13-40335ff227a0	132462491	132497171	rev	9722	2227	3528	0	0.672192	0	0.810219	-3	right	OV3_Cisp0
chr11	3460612	3468587	c15c4b92-ab0e-4754-ad6c-13e616836b2a	3460608	3468618	fwd	7975	3231	1063	0.010025	0.657895	0.119497	0.506289	-3	right	OV3_Cisp0
chr11	3893906	3899579	a1110be6-7e6c-454b-8d60-2ac8260962b7	3893902	3899641	fwd	5673	3315	1752	0.031068	0.87767	0.156573	0.666174	-3	right	OV3_Cisp0
chr11	4231345	4242254	c1d80d07-0db2-4d66-8c0d-1dcc0b0b9b2c	4228761	4242690	fwd	10909	4028	5468	0.002641	0.677817	0.019768	0.767553	-3	right	OV3_Cisp0
chr11	6930112	6942129	6ce64a5a-cee7-438a-8a18-25deeb645044	6925230	6943075	rev	12017	4428	6538	0	0.420437	0.011389	0.779238	-3	right	OV3_Cisp0
chr11	10827143	10831969	3ccdcb3e-09f8-4007-aec1-2760fa6c9e7f	10821977	10842239	fwd	4826	1481	2769	0	0.461326	0.016035	0.626822	0.580654	right	OV3_Cisp0
chr11	10995903	11007639	05d7403f-b8e6-49b3-aeda-560e58c64569	10980893	11007963	rev	11736	4407	4752	0.005367	0.297853	0.004072	0.610749	-3	right	OV3_Cisp0
chr11	11378613	11392478	d4b0a202-3382-498c-b977-9126e3c0a389	11370660	11392483	fwd	13865	4684	5021	0.021774	0.724194	0.010359	0.823108	-3	right	OV3_Cisp0
chr11	13521888	13541971	9663e478-a0a7-4612-9580-6be730a61be6	13511753	13542617	fwd	20083	7097	12405	0	0.640171	0.005597	0.754198	-3	right	OV3_Cisp0
chr11	15404334	15415676	627c6652-a66b-470f-884c-580ddec807ab	15393639	15415684	fwd	11342	2474	8426	0.008889	0.528889	0.012803	0.684042	-3	right	OV3_Cisp0
chr11	17080989	17095731	214b9a42-b7b4-4549-a424-ae0629d21077	17072909	17095740	fwd	14742	4972	9522	0	0.678623	0.019835	0.859281	-3	right	OV3_Cisp0
chr11	17496632	17503932	b0d7d215-2fcd-456f-bbcf-02873882ab42	17485602	17504377	rev	7300	4091	2986	0.004449	0.734149	0.054628	0.629742	-3	right	OV3_Cisp0
chr11	21765383	21791524	440f9ffb-eda5-4a09-8516-bdd4a6622a34	21745198	21791537	rev	26141	5730	17240	0.005714	0.582286	0.012731	0.76533	-3	right	OV3_Cisp0
chr11	23771223	23789283	6c125288-c2bc-4498-b0f0-4fd164918c31	23752936	23789288	rev	18060	9456	4695	0.017708	0.663214	0.002185	0.812819	-3	right	OV3_Cisp0
chr11	27478762	27487884	01353b43-b96d-4cf9-9d0c-32e7d54dc70d	27478751	27489272	fwd	9122	4383	2182	0	0.623023	0	0.916814	-3	right	OV3_Cisp0
chr11	28740966	28748061	461243e1-d20b-4d2b-bd65-ac78feb52721	28739384	28750935	fwd	7095	2518	3337	0.005161	0.508387	0.00177	0.866372	-3	right	OV3_Cisp0
chr11	28881351	28894740	d3fbb60b-54b2-4e83-a645-55623a101297	28877604	28894749	rev	13389	4266	7461	0.01506	0.783133	0.028512	0.821151	-3	right	OV3_Cisp0
chr11	30940092	30954780	71407e25-0d55-4304-aa2d-52492ad9713e	30938241	30954787	fwd	14688	7648	4019	0.007261	0.627269	0.05121	0.66108	-3	right	OV3_Cisp0
chr11	31096129	31114640	646713bd-a5ed-4066-9d05-f8052f2ef8be	31095168	31114646	fwd	18511	4870	10049	0.018961	0.558287	0.008483	0.84866	-3	right	OV3_Cisp0
chr11	32707963	32723546	b52f503b-dfc6-445b-9ec6-11d38115d932	32689106	32723553	fwd	15583	11112	3511	0.007297	0.565674	0.063037	0.617956	-3	right	OV3_Cisp0
chr11	36335161	36347716	32d2bea4-2371-49bd-8039-bee1202fe663	36321583	36347722	rev	12555	7851	3159	0	0.527346	0.034052	0.677639	-3	right	OV3_Cisp0
chr11	38811115	38821597	f7ec5c33-cf6e-476e-9de7-653992265d48	38806739	38821604	rev	10482	4900	5352	0.008269	0.538689	0.065217	0.746981	-3	right	OV3_Cisp0
chr11	39542962	39572463	e3f910fb-80f5-49b3-a561-8877a1475e76	39540972	39578962	rev	29501	5879	19106	0.020647	0.900112	0.019488	0.900525	0.054841	right	OV3_Cisp0
chr11	40735452	40760799	ede43cd2-4bda-4162-9f9e-ab4802249baf	40735446	40761785	fwd	25347	3062	19914	0.012672	0.761352	0.027712	0.791338	-3	right	OV3_Cisp0
chr11	43698766	43717370	f23d0457-b843-48c1-afb1-77e01229d42e	43698759	43717904	rev	18604	4965	9485	0.000824	0.878813	0.01577	0.816417	-3	right	OV3_Cisp0
chr11	48054369	48074894	5f2ed435-a96d-47ce-864e-75cae98f6c7d	48054357	48079647	rev	20525	4681	15026	0.002828	0.673893	0.008671	0.833287	-3	right	OV3_Cisp0
chr11	48113388	48127367	5a103d05-5e80-4b46-8b48-871cd47c14b6	48112891	48133437	fwd	13979	2447	8657	0.015949	0.569378	0.007769	0.845921	-3	right	OV3_Cisp0
chr11	49583228	49607412	6d4a8811-8d52-4b7e-aca9-8621b32acd6d	49572299	49607968	fwd	24184	2851	19214	0.016129	0.572581	0.017084	0.843921	-3	right	OV3_Cisp0
chr11	58257944	58275561	7d81483a-af25-4cdf-a1c9-58ddfaddac29	58248951	58275567	fwd	17617	8005	9311	0.019115	0.59222	0.021578	0.741776	-3	right	OV3_Cisp0
chr11	63197241	63215133	a31d1e73-37df-46f7-b52e-ea5fa4058788	63177764	63226084	fwd	17892	3998	10952	0	0.822619	0.039419	0.638174	0.348656	right	OV3_Cisp0
chr11	64151655	64161730	aede9f9a-a882-4cab-8f0d-9c3315e1a61e	64139758	64166091	fwd	10075	5276	2414	0.017891	0.582863	0.00883	0.865342	-3	right	OV3_Cisp0
chr11	66588878	66598025	a31be8af-6d51-4156-a210-911e7558ac95	66578264	66598528	rev	9147	2907	3608	0.003989	0.767287	0.002361	0.890201	-3	right	OV3_Cisp0
chr11	67921651	67929710	1f123562-708a-4621-b0a3-2a9a8d2fc9f6	67918974	67931132	fwd	8059	1253	2975	0	0.400593	0.001248	0.873908	-3	right	OV3_Cisp0
chr11	70622851	70628351	88fabfce-00ae-47b4-a8a7-48cf1846e23e	70617798	70629215	rev	5500	2466	1049	0	0.789279	0.011811	0.692913	-3	right	OV3_Cisp0
chr11	72409457	72418825	2e57c8dd-ffa7-405c-ab3c-15481bb49882	72405008	72435707	rev	9368	2530	6498	0	0.691549	0.046282	0.75299	0.41763	right	OV3_Cisp0
chr11	73243767	73266617	4de527ba-1914-4d98-a97f-37def2a36ba8	73240320	73266626	fwd	22850	3328	17852	0	0.851319	0.046064	0.745844	-3	right	OV3_Cisp0
chr11	73308723	73315132	5d27c256-6ddd-42bf-bd68-6dcf139ca38f	73299669	73315143	rev	6409	1062	4979	0.019868	0.423841	0.018458	0.681868	-3	right	OV3_Cisp0
chr11	73415897	73422920	82adfb59-8370-468f-9151-5e101348525a	73405060	73422928	rev	7023	4557	2108	0.00254	0.419983	0.003257	0.724756	-3	right	OV3_Cisp0
chr11	73647621	73667951	bf9de89b-a88a-4b60-9996-26d6cc607cc0	73640828	73667958	rev	20330	4711	13052	0	0.819129	0.048931	0.701231	-3	right	OV3_Cisp0
chr11	74016523	74021328	5fbf42d8-3cc9-448b-968c-e239bd133027	74010384	74021337	fwd	4805	2846	1580	0	0.532012	0.051282	0.628205	-3	right	OV3_Cisp0
chr11	75417039	75430090	728b0307-3d00-4fde-aa4f-09f50b6886ad	75395624	75430899	fwd	13051	3097	7043	0	0.89172	0.09901	0.717822	-3	right	OV3_Cisp0
chr11	75973569	75981878	98ff3242-7353-4d61-b2a1-952c22f75ca9	75973565	75982888	fwd	8309	2791	2292	0.002863	0.840649	0.003802	0.808619	-3	right	OV3_Cisp0
chr11	76038289	76057057	38b0da15-7d99-4d78-8662-f64a2650fcea	76038285	76057066	fwd	18768	2990	13658	0	0.700787	0.002254	0.931129	-3	right	OV3_Cisp0
chr11	76333048	76338420	4004e3e7-5f4b-441b-a77f-16409f55edc1	76326871	76340688	fwd	5372	3349	1246	0.00369	0.599016	0.066225	0.57947	-3	right	OV3_Cisp0
chr11	76445335	76453136	bcdf32c8-c83d-460f-862e-f5b1f478e6fe	76437401	76453142	fwd	7801	3003	4108	0.008621	0.493534	0.054953	0.670282	-3	right	OV3_Cisp0
chr11	76647772	76655107	acd7febb-2a50-4d20-8c43-599d3830556c	76606080	76656029	rev	7335	2443	3486	0.020478	0.392491	0.031616	0.52459	-3	right	OV3_Cisp0
chr11	76725403	76733674	86b17451-8ca1-43c5-99b9-c6332a6adebc	76723966	76733680	fwd	8271	2188	5427	0.011925	0.449744	0.031546	0.722397	-3	right	OV3_Cisp0
chr11	76749303	76763118	629febe4-7bf6-4c8f-bb4e-64bc4326c017	76728172	76763356	fwd	13815	1497	10257	0.075758	0.515152	0.01737	0.730356	-3	right	OV3_Cisp0
chr11	76761517	76770575	8dc3d4ad-3902-403e-b91d-391e510f2391	76758390	76770581	fwd	9058	4989	3712	0.009507	0.529818	0.048177	0.736979	-3	right	OV3_Cisp0
chr11	76927062	76941949	8593f938-b131-4d0e-a1fd-34cc16e578cc	76890091	76946747	fwd	14887	4440	5679	0.009703	0.528539	0	0.813155	-3	right	OV3_Cisp0
chr11	77307934	77312740	f5d84eb8-18a8-437f-afdd-3df68dc64ea0	77266402	77313910	rev	4806	1209	1650	0.010846	0.347072	0.006565	0.525164	-3	right	OV3_Cisp0
chr11	77360583	77375920	e85a6dcb-b6da-495e-810a-b73196d4ab6e	77356699	77376444	fwd	15337	5223	7906	0	0.548809	0.010144	0.797549	-3	right	OV3_Cisp0
chr11	77800323	77818493	031db404-6eb9-4264-9de8-bccf9756dfb8	77799635	77832144	fwd	18170	4189	11127	0.007202	0.532922	0.006782	0.778908	0.408072	right	OV3_Cisp0
chr11	78136690	78141820	98dba59b-8f50-4c8a-a56b-6943abfcfece	78122665	78141834	fwd	5130	2977	1640	0	0.451527	0.009112	0.571754	-3	right	OV3_Cisp0
chr11	83301807	83309504	8a2ef248-788a-4162-9a5e-ca1c720dd366	83301799	83309514	fwd	7697	2599	4740	0.020093	0.763524	0.045129	0.840974	-3	right	OV3_Cisp0
chr11	89413676	89425471	0dc672e3-baea-4a77-a5b3-316ea65442c7	89411821	89425478	fwd	11795	2726	6607	0.011416	0.763699	0.060246	0.726609	-3	right	OV3_Cisp0
chr11	97077116	97086591	864c538b-c2e2-4d6a-a697-efd1650cd02d	97077110	97086595	rev	9475	4927	4196	0.026676	0.782985	0.015284	0.842067	-3	right	OV3_Cisp0
chr11	103109795	103131083	46717607-bf60-47d6-802f-c6518ca65568	103106443	103131097	rev	21288	3479	17416	0.003175	0.873016	0.052975	0.826646	-3	right	OV3_Cisp0
chr11	107963822	107975473	d2c3e62b-3e96-418c-989e-e415ba01b290	107963817	107975478	rev	11651	2211	8361	0.027907	0.551938	0.080153	0.668787	-3	right	OV3_Cisp0
chr11	110659232	110669088	7d72f1aa-7061-43d4-b2ea-baa14d504c6c	110616056	110669093	rev	9856	4182	4526	0.013728	0.687861	0.035603	0.775141	-3	right	OV3_Cisp0
chr11	113126730	113135165	e9b1e328-4dc4-4bc3-b5f4-371ec11aefae	113102243	113135179	fwd	8435	4779	1961	0	0.728938	0.008026	0.632424	-3	right	OV3_Cisp0
chr11	115603378	115608443	f86f09d1-67d5-4175-9771-cbb5ac1aff9a	115590434	115611992	fwd	5065	2860	561	0	0.29308	0	0.48	-1	right	OV3_Cisp0
chr11	115611264	115624656	f7bbc335-d394-4b0e-8d71-e3ac27abd7e5	115611252	115626937	rev	13392	1037	8131	0.043796	0.770073	0.013171	0.858663	-3	right	OV3_Cisp0
chr11	116270563	116277724	f2e0bc82-d273-44db-8552-d49b3ce5c8d7	116270558	116277728	rev	7161	1776	2616	0.019093	0.505967	0.032505	0.730402	-3	right	OV3_Cisp0
chr11	120427757	120437926	b8d9b4e8-373a-466e-9c4c-02472f31afba	120423111	120437932	fwd	10169	5245	3684	0.007322	0.821843	0.07899	0.739414	-3	right	OV3_Cisp0
chr11	120497520	120508057	c9f5446f-39c8-4cd7-90e4-30512fc7ee21	120452664	120508061	rev	10537	5281	3891	0	0.651677	0.021891	0.60597	-3	right	OV3_Cisp0
chr11	131167807	131177597	0cfa8d1e-96ec-4ff6-a3ec-d43f03269fb0	131165630	131177603	rev	9790	4681	3539	0	0.799526	0.049098	0.641283	-3	right	OV3_Cisp0
chr11	131462337	131468000	92877d99-14ed-4316-86e2-5c4a08c6b768	131435847	131468891	fwd	5663	2484	1346	0.015437	0.397942	0	0.518414	-3	right	OV3_Cisp0
chr12	727294	737610	fded140b-d0b8-4f81-acac-c8d37af262df	716097	739025	fwd	10316	5339	3859	0.004216	0.472944	0.006903	0.792925	-3	right	OV3_Cisp0
chr12	2170133	2177452	d8c25a67-cca1-4ac0-86b3-464aa0186bb5	2170124	2177507	rev	7319	2959	3281	0.06196	0.704611	0.040094	0.838443	-3	right	OV3_Cisp0
chr12	3043375	3050813	0d7c1cc7-4386-4c8a-b2da-55ac882944a9	3017273	3051502	fwd	7438	2078	4501	0.025882	0.545882	0.001825	0.809307	-3	right	OV3_Cisp0
chr12	3761537	3766135	00ef8a05-caf7-47cd-ad05-aa6965d8b74a	3757389	3766143	rev	4598	3206	1018	0.005124	0.461998	0.029101	0.814815	-3	right	OV3_Cisp0
chr12	5517512	5528262	e39d1559-a287-45d7-8cda-ed8c6e69341e	5487547	5540262	fwd	10750	4311	1757	0	0.551754	0	0.912152	0.270782	right	OV3_Cisp0
chr12	8135350	8145613	daa33214-2c62-4c30-b759-7612ca60dd36	8125457	8145619	fwd	10263	3152	6725	0.032731	0.628668	0.04357	0.709711	-3	right	OV3_Cisp0
chr12	12754959	12766665	66d02fd4-99ac-4467-8ad5-645e0a2ce459	12738048	12766677	fwd	11706	4135	4651	0.002657	0.537644	0.005564	0.748013	-3	right	OV3_Cisp0
chr12	23171205	23180134	e6a6e243-d3ee-4b61-a676-a7e7d069d29c	23171199	23180139	fwd	8929	6678	1319	0.010276	0.891293	0.083916	0.769231	-3	right	OV3_Cisp0
chr12	25579516	25589316	4a4e442c-ebcb-433b-a3da-a880ebf2235c	25579508	25589321	rev	9800	3647	3840	0.014382	0.807287	0	0.922145	-3	right	OV3_Cisp0
chr12	25568929	25582062	ced36e8b-04d3-4ac1-8c1a-53c17e4e907a	25568918	25609509	rev	13133	1416	9938	0.06117	0.62766	0.033993	0.815839	0.022064	right	OV3_Cisp0
chr12	27996931	28016134	79952208-ac87-4e6d-9bd4-41ae3ac809d6	27993928	28017915	fwd	19203	3120	14585	0.044711	0.647764	0.001871	0.882769	-3	right	OV3_Cisp0
chr12	28119816	28139325	48420ad0-deec-4ac2-a333-592b09201c44	28117232	28151571	rev	19509	5766	12486	0	0.768325	0.014625	0.864194	0.098742	right	OV3_Cisp0
chr12	28291922	28307498	30da1b4a-64a1-44d0-9ecc-a4ec0b7a7f89	28291915	28307502	rev	15576	2737	8199	0.036364	0.823377	0.01486	0.907343	-3	right	OV3_Cisp0
chr12	28892221	28898590	418b308b-c0a8-4381-8631-9ba921e022cf	28892217	28898597	fwd	6369	4209	1740	0.010062	0.851393	0.16044	0.683516	-3	right	OV3_Cisp0
chr12	30674885	30687561	3fa02f52-448c-4738-a036-14e123912776	30674081	30692336	rev	12676	1037	7256	0.010695	0.36631	0.025406	0.406914	-3	right	OV3_Cisp0
chr12	30899059	30911898	eb37b899-ee1d-4df1-9999-736aba013991	30898462	30914788	fwd	12839	3652	5494	0.068493	0.489237	0.003723	0.906925	-3	right	OV3_Cisp0
chr12	33762623	33771479	e25599b0-d77a-420f-bc26-3bcb476a1163	33757628	33771488	rev	8856	1372	5918	0	0.471805	0.016024	0.85328	-3	right	OV3_Cisp0
chr12	37534063	37542802	b6b21d4c-4bc5-4c3b-afc2-0ccafee05fe5	37532766	37542808	fwd	8739	2703	2618	0	0.709066	0.078526	0.596154	-3	right	OV3_Cisp0
chr12	39897305	39907363	4474f94b-652b-494f-86ff-c3f649384ef0	39891702	39911424	rev	10058	4572	5111	0	0.769022	0.005006	0.878598	-3	right	OV3_Cisp0
chr12	45143965	45151828	e496d88b-84ff-4a7d-aa9f-868fa51ef124	45143959	45151833	fwd	7863	4423	2994	0.001638	0.820639	0.047897	0.786215	-3	right	OV3_Cisp0
chr12	48039805	48046616	dd4825f7-bdcf-454c-b91b-df6de0078d17	48016310	48046623	rev	6811	1889	1275	0.02809	0.361423	0.04	0.634667	-3	right	OV3_Cisp0
chr12	53681034	53712055	c4b0f0ae-cbf9-47ce-b89d-bf79b1ac1a4f	53671659	53725364	fwd	31021	7785	22965	0.000971	0.856727	0.059159	0.700687	0.185811	right	OV3_Cisp0
chr12	54057457	54074127	7fee2a50-ecd4-41ed-bf11-0ce9a69c1a8c	54046273	54090837	fwd	16670	2983	10806	0	0.750653	0.013627	0.760657	0.295397	right	OV3_Cisp0
chr12	56778587	56791678	bb963319-b96d-4620-8bf5-61f44f35d80a	56778449	56791682	rev	13091	4957	7436	0.020536	0.626786	0.015716	0.840512	-3	right	OV3_Cisp0
chr12	57580340	57587086	937d3553-4013-4e9b-8590-4e85b535e408	57579727	57587091	fwd	6746	1412	5009	0	0.614035	0.024719	0.743071	-3	right	OV3_Cisp0
chr12	74337290	74343083	be14cbc0-4cc4-485b-81e7-d00560cb3bcd	74325920	74343089	fwd	5793	3890	1438	0.013889	0.443627	0.011742	0.726027	-3	right	OV3_Cisp0
chr12	76658750	76676614	0c817023-d6b6-4f65-9422-b177d6e86263	76647728	76697988	rev	17864	3694	10667	0.00166	0.639004	0.002095	0.861034	0.18693	right	OV3_Cisp0
chr12	80017352	80033319	f6e5d1d0-62a1-4f84-95b1-78673790264f	80011578	80033323	rev	15967	2925	12104	0.033755	0.520042	0.004085	0.898806	-3	right	OV3_Cisp0
chr12	80374416	80389293	acb39a30-8d90-4d1d-b1bf-05fd25b874b7	80374412	80389389	fwd	14877	1627	11157	0.065116	0.809302	0.032938	0.896904	-3	right	OV3_Cisp0
chr12	83588627	83596860	b4cc66c6-19c6-420a-b48d-aafe6cde6718	83586993	83596865	fwd	8233	3610	3128	0	0.642604	0.032609	0.581522	-3	right	OV3_Cisp0
chr12	94451492	94466453	d605014c-6f65-4d86-987d-e01a7987a5e7	94451462	94479781	fwd	14961	4522	9115	0.006914	0.619706	0.045332	0.743716	0.708648	right	OV3_Cisp0
chr12	101903427	101920942	2155d9aa-1220-4311-9f4d-dada1cf08d4c	101901264	101920948	fwd	17515	3141	13525	0.012645	0.798736	0.037497	0.826578	-3	right	OV3_Cisp0
chr12	109072678	109080902	a72d876c-0ca3-417a-b84a-e9c422db91bd	109068726	109080909	rev	8224	1118	5254	0	0.438272	0.002551	0.710884	-3	right	OV3_Cisp0
chr12	117662602	117673911	cd817558-6de3-4630-9206-d1842066594b	117661444	117684144	rev	11309	3025	6288	0	0.481807	0.033181	0.687643	0.539557	right	OV3_Cisp0
chr12	120327387	120337355	35213070-a511-4e07-935d-10fd5f64fcdb	120324844	120337363	fwd	9968	4191	4370	0	0.254545	0.025045	0.652952	-3	right	OV3_Cisp0
chr12	125648086	125661839	de19f1c4-c093-478b-800c-c436aa291bbf	125628660	125661845	rev	13753	2523	10393	0	0.516369	0.002131	0.750977	-3	right	OV3_Cisp0
chr12	126310119	126319844	a7bb2809-44c1-46c2-b01c-06e0860489e0	126305041	126322605	rev	9725	3846	971	0.012777	0.682283	0	0.957746	-3	right	OV3_Cisp0
chr12	127098472	127111787	bcd3a9b3-d5a8-4007-b880-7b64bee94df0	127089619	127135177	fwd	13315	6088	6929	0	0.676573	0.059903	0.588235	0.072676	right	OV3_Cisp0
chr12	130455796	130478098	0a6c20c8-dcea-4afb-856d-1bdb8e6e605f	130455790	130478110	rev	22302	4670	14039	0.00566	0.578302	0.020347	0.847696	-3	right	OV3_Cisp0
chr13	23292003	23298961	41a4a330-a874-414d-8ea3-8f0905721d39	23291674	23309656	fwd	6958	1794	3809	0.001757	0.616872	0.003584	0.90233	0.127144	right	OV3_Cisp0
chr13	27308269	27316559	095c2bfe-5990-40ab-8ab0-7bac520347f4	27308265	27327742	fwd	8290	1812	4998	0.078385	0.598575	0.017826	0.803335	0.761316	right	OV3_Cisp0
chr13	33233852	33241423	8f08cc41-ffa0-4756-93dc-29262f70f436	33233847	33241427	rev	7571	4298	1160	0.021505	0.78405	0.101852	0.675926	-3	right	OV3_Cisp0
chr13	34177197	34189629	a03d900a-bccb-457d-b8a7-c89d677c171e	34167559	34195395	rev	12432	1595	9548	0.109677	0.490323	0.015082	0.798073	-3	right	OV3_Cisp0
chr13	37809017	37817432	30019334-5aeb-4594-9159-be0a5d164f32	37808269	37817611	rev	8415	3295	1971	0.004513	0.376354	0.083024	0.622057	-3	right	OV3_Cisp0
chr13	46926455	46942256	83cb3b8b-cc6a-4051-857d-ce5e0ee5e1de	46926449	46942269	rev	15801	2751	10617	0.005931	0.756821	0.008218	0.903434	-3	right	OV3_Cisp0
chr13	48963442	48969588	f21e4ce8-6ada-4aba-b1c0-4265e19eb939	48958836	48969593	fwd	6146	3324	1266	0	0.849398	0.059341	0.6	-3	right	OV3_Cisp0
chr13	61080914	61090190	4866d665-c068-48dc-9079-89b148d59348	61080906	61117139	rev	9276	1238	4848	0	0.431635	0.014526	0.626147	0.678697	right	OV3_Cisp0
chr13	61185801	61198326	fc1fde21-4d19-42d3-b657-9f5b8af6fd69	61176790	61198334	fwd	12525	3632	5661	0	0.342723	0.015945	0.810364	-3	right	OV3_Cisp0
chr13	63448910	63462756	0f1fc64f-0e80-4b85-abd6-f8a8812be152	63434065	63463154	fwd	13846	3363	9943	0.003501	0.695449	0.024324	0.763514	-3	right	OV3_Cisp0
chr13	64617616	64623056	a618093c-6bf3-4dd7-9997-4f727c19538e	64592416	64623160	rev	5440	2535	2297	0.065537	0.525424	0.017391	0.557764	-3	right	OV3_Cisp0
chr13	75927387	75932437	a28dd205-c992-4b9f-9abc-265055084619	75918279	75932443	fwd	5050	1394	3037	0.017391	0.507246	0.011613	0.627097	-3	right	OV3_Cisp0
chr13	77374797	77387709	a509294f-3005-43b4-a9ba-3a2ba401ad6b	77367156	77388371	fwd	12912	5010	6394	0.009103	0.454486	0.027439	0.799289	-3	right	OV3_Cisp0
chr13	78029304	78042908	36337a9f-7a5d-44ad-8ac8-37f9e5d9da7f	78008093	78094616	rev	13604	3619	9617	0	0.776173	0.020637	0.744316	0.143895	right	OV3_Cisp0
chr13	95607495	95620590	53e28d0a-becf-4274-bb2b-bb7adbf883c3	95599560	95624081	rev	13095	2618	9637	0.011538	0.457692	0	0.852826	-3	right	OV3_Cisp0
chr13	96515883	96529620	a33fb397-ee3b-4efc-ae8c-1da7c812b8d4	96509914	96529626	fwd	13737	5339	7045	0.005125	0.818907	0.068699	0.721565	-3	right	OV3_Cisp0
chr13	100469505	100488519	a2adb713-c0c5-4d50-8aa4-b3d11ad88033	100465598	100488524	rev	19014	13512	2310	0.032414	0.369065	0.050382	0.574046	-3	right	OV3_Cisp0
chr13	100693472	100700143	4cd4ea83-7b51-41d6-8718-c9a1881e76bd	100686150	100700147	rev	6671	1581	4366	0.026005	0.323877	0.030255	0.675955	-3	right	OV3_Cisp0
chr13	106205040	106220974	2d7aea83-c57d-47e3-baf5-4c130879f05c	106205031	106226113	fwd	15934	2722	12886	0	0.484928	0.046772	0.774374	-3	right	OV3_Cisp0
chr13	106409237	106428046	1128546e-f052-4d93-bed0-14c12e97fe95	106402048	106432837	fwd	18809	1784	16181	0.101852	0.590278	0.012335	0.787445	-3	right	OV3_Cisp0
chr13	111157528	111167248	408e6946-917c-4093-8f81-310555d42edc	111157522	111167255	fwd	9720	5088	3752	0.023419	0.684426	0.051859	0.735812	-3	right	OV3_Cisp0
chr14	19271504	19288259	d66bbf02-cc0c-47a1-9289-67b42e7abbe7	19269183	19290053	fwd	16755	4607	9356	0	0.481707	0.003298	0.724075	-3	right	OV3_Cisp0
chr14	20520008	20531594	39448804-892c-446f-9d10-7a94bd690876	20520002	20531620	rev	11586	4987	4831	0.025811	0.724189	0.039837	0.817073	-3	right	OV3_Cisp0
chr14	26824146	26832814	b5e9d030-271f-4cb0-a4f6-d1d4c6cefbcb	26818133	26832821	fwd	8668	2893	3341	0.011905	0.758658	0.011396	0.748338	-3	right	OV3_Cisp0
chr14	27133289	27145656	fa44fc52-f2ad-4f54-9554-b7d201289d62	27131911	27145664	rev	12367	7036	4964	0.000438	0.483363	0.021112	0.85292	-3	right	OV3_Cisp0
chr14	27347143	27369868	dbadd6ff-ca9e-46cb-bdf5-ce345f6dac7f	27340364	27369873	rev	22725	3727	17455	0.003839	0.604607	0.010712	0.579558	-3	right	OV3_Cisp0
chr14	27696011	27703141	e0d49064-35fa-4a6d-b786-609c6be2ef5e	27687332	27705387	rev	7130	3903	1721	0	0.881612	0.060194	0.656311	-3	right	OV3_Cisp0
chr14	32928968	32945579	40448ea0-6e69-4023-a733-9b5abd3e7db4	32928960	32947300	fwd	16611	2668	11328	0.022432	0.868949	0.011682	0.872163	-3	right	OV3_Cisp0
chr14	35545390	35560569	3d05c9f1-4653-4000-8f5a-40eb73381e9d	35533149	35561229	rev	15179	7516	4520	0	0.803078	0.067831	0.732035	-3	right	OV3_Cisp0
chr14	37504798	37513650	d7b8e37c-3e98-4868-b88a-b72ee8a98f5a	37497586	37513657	rev	8852	2857	4019	0	0.380232	0.014504	0.621273	-3	right	OV3_Cisp0
chr14	38197059	38209291	403c0c22-6f8c-4fd2-b03f-46c8216104a6	38196493	38209296	fwd	12232	1329	9288	0	0.555556	0.058426	0.773847	-3	right	OV3_Cisp0
chr14	39287006	39302632	75f7d6f2-1a8f-45fd-905b-b3e1a7f371fa	39244619	39302637	fwd	15626	3842	9801	0	0.602353	0.010802	0.770062	-3	right	OV3_Cisp0
chr14	40280722	40292930	cc803de5-28cc-4c72-9c55-9955a4bca94d	40280715	40292934	rev	12208	2429	7650	0.019152	0.642955	0.035503	0.762238	-3	right	OV3_Cisp0
chr14	42016705	42025327	ffb24e15-1505-4962-86a0-aefbdc2e6521	41981825	42025331	rev	8622	4536	1343	0.01127	0.424493	0.06734	0.481481	-3	right	OV3_Cisp0
chr14	50621765	50642455	cf8796ff-6906-46e9-9dc7-dedd383c9e88	50621760	50642460	fwd	20690	2189	15938	0.056575	0.766055	0.034858	0.866341	-3	right	OV3_Cisp0
chr14	51256459	51265460	ee16b98c-3576-43b4-ada5-b84ecd38ece3	51255179	51265468	rev	9001	4619	3352	0.004566	0.539726	0.035672	0.799049	-3	right	OV3_Cisp0
chr14	54930489	54938527	8e8301c0-0c92-43f4-8617-cbe69a25d26f	54905695	54938547	fwd	8038	1222	5779	0.053333	0.393333	0.015301	0.650273	-3	right	OV3_Cisp0
chr14	57606731	57624548	df9b0b66-25d4-4489-9077-61dde1d048e2	57606717	57624554	rev	17817	4303	10267	0.056382	0.744714	0.032268	0.869757	-3	right	OV3_Cisp0
chr14	57633546	57638922	794e5fe3-d872-4ce0-82e6-6f407342e47f	57633454	57638930	fwd	5376	3510	1520	0.013129	0.419037	0.007576	0.686869	-3	right	OV3_Cisp0
chr14	58278524	58294212	0a860248-0061-46cb-aea9-e4d8675c3965	58240183	58294342	rev	15688	3676	9381	0.015088	0.372171	0.017513	0.515587	-3	right	OV3_Cisp0
chr14	61585623	61600888	527d31b3-e17b-44fe-b245-6a6cbbd2977d	61581896	61600893	fwd	15265	3290	8993	0.003352	0.858101	0.01181	0.78781	-3	right	OV3_Cisp0
chr14	66025541	66035029	a258862c-a955-4ce7-b486-450aba2648a8	66018176	66035034	fwd	9488	3050	5199	0.000935	0.32243	0.038245	0.703448	-3	right	OV3_Cisp0
chr14	66535024	66541726	6c3ecb1c-146d-4d33-b75b-d939f4b7b1b9	66506622	66541731	fwd	6702	3696	2286	0.001381	0.40953	0.021898	0.560584	-3	right	OV3_Cisp0
chr14	67492885	67503695	8736373d-cb31-4eea-a73b-1a59ef04cedb	67492612	67503704	rev	10810	6013	4540	0.003422	0.506502	0.039308	0.76022	-3	right	OV3_Cisp0
chr14	69927143	69941390	ba84bec7-88f7-40ef-82f5-4a681346861c	69923155	69941397	rev	14247	6854	5108	0.006456	0.769529	0.027685	0.817114	-3	right	OV3_Cisp0
chr14	78374299	78384971	1e4e8582-504a-431c-8157-dd73ddb4966c	78374294	78384989	fwd	10672	2771	4385	0.103079	0.563588	0.008744	0.837043	-3	right	OV3_Cisp0
chr14	82573024	82580434	f5cc989c-e46b-4d2c-80da-041d3877f1ae	82563292	82591807	fwd	7410	2361	3559	0.006418	0.472401	0.000846	0.725888	0.855431	right	OV3_Cisp0
chr14	82573619	82584591	ba019fd8-9fa2-44ed-8afd-24dbd597ec0e	82573608	82585343	fwd	10972	2997	6921	0.024943	0.792517	0.081686	0.791831	-3	right	OV3_Cisp0
chr14	85875317	85878978	5248f2d0-a5a7-46f3-a5bc-6926221433a1	85861823	85880325	rev	3661	1249	1667	0	0.458791	0.002058	0.477366	-3	right	OV3_Cisp0
chr14	90238285	90250416	9207fec9-dfe9-4907-8ee7-e60b7937665f	90225623	90259680	fwd	12131	557	11280	0.081481	0.666667	0.075382	0.59383	0.368896	right	OV3_Cisp0
chr14	95467892	95484596	6f4788e9-7520-46c9-b7fb-d7a11aaf7578	95465764	95484611	fwd	16704	4273	10884	0.013015	0.878525	0.057599	0.765618	-3	right	OV3_Cisp0
chr14	97348394	97363554	7c92ddba-4c0f-4e52-b369-06b06462e9ac	97348387	97365407	rev	15160	2107	12404	0.071111	0.794074	0.002139	0.913229	-3	right	OV3_Cisp0
chr14	101048430	101057856	147f1941-2aa1-48ce-a83a-1de7f0e1f65a	101048420	101057860	rev	9426	1439	4350	0.067114	0.644295	0.052993	0.763494	-3	right	OV3_Cisp0
chr15	20214380	20221972	e8082b47-5206-4240-b947-e4a0807a3ee2	20214374	20221977	fwd	7592	4407	2815	0	0.538835	0.050279	0.677374	-3	right	OV3_Cisp0
chr15	20736600	20748724	64acf2b6-4159-49b5-ae61-5105329b3a38	20736595	20750785	rev	12124	3605	5055	0.037736	0.538966	0.000661	0.928619	-3	right	OV3_Cisp0
chr15	34891702	34898122	d65867bc-98b6-43c4-a6a9-ad97c2d05d42	34889975	34898135	fwd	6420	2059	3941	0	0.70194	0.023909	0.786902	-3	right	OV3_Cisp0
chr15	36890522	36904589	343816ea-1a2b-4e73-9888-ff3f6597899e	36890517	36907269	rev	14067	4517	7753	0.031047	0.605776	0.005762	0.886525	-3	right	OV3_Cisp0
chr15	37723753	37735688	0a2d4541-0469-424a-9979-47b79204efbf	37719526	37747208	fwd	11935	3674	6987	0.012695	0.62207	0.008629	0.833174	0.069721	right	OV3_Cisp0
chr15	40481314	40493838	7f6bc54d-af0a-4781-a223-3e12b4e23d6c	40481308	40496305	fwd	12524	1962	10088	0.007052	0.631876	0.008039	0.80828	-3	right	OV3_Cisp0
chr15	46844294	46862713	e70bacbf-09b4-48f8-a3ad-6af5814ec3f8	46840176	46862724	fwd	18419	8054	9678	0.013603	0.296373	0.010204	0.708819	-3	right	OV3_Cisp0
chr15	50869254	50874947	7d4f9df9-8659-4fe1-9059-184269d17c69	50855206	50889661	fwd	5693	1783	2429	0	0.33463	0.016973	0.594059	0.164925	right	OV3_Cisp0
chr15	52146411	52167556	3f542a0c-714c-4316-bd0d-a435abcbefe5	52146278	52167778	rev	21145	14967	5866	0.002041	0.29966	0.037019	0.610805	-3	right	OV3_Cisp0
chr15	53091737	53114282	55fc813b-354d-42c5-9a76-5fec80ce50fb	53083035	53133515	fwd	22545	4986	17288	0.005632	0.702128	0.034423	0.775192	0.098976	right	OV3_Cisp0
chr15	53223705	53232825	8c4c257b-b0e3-44b3-9d8c-883c8bff1df9	53220397	53232830	fwd	9120	4297	4364	0	0.428571	0.020472	0.754331	-3	right	OV3_Cisp0
chr15	53577036	53593732	c047e9a3-9ddb-4e2e-92bf-260f3eaff8aa	53570531	53593741	rev	16696	6644	6602	0.00139	0.436515	0.053212	0.677852	-3	right	OV3_Cisp0
chr15	59731695	59741726	2235b36c-e98c-4bd7-8d87-7cb3e8cdeff8	59731689	59741733	rev	10031	2430	6189	0.020588	0.708824	0.019688	0.842498	-3	right	OV3_Cisp0
chr15	60477657	60484757	3eee5f76-9671-4da8-91da-778c7494b5d1	60476155	60491383	fwd	7100	2193	3516	0	0.424303	0.000958	0.831418	-3	right	OV3_Cisp0
chr15	64710771	64726169	33bc6246-34a4-4ce0-9e43-5d723d4edf4d	64698907	64726341	fwd	15398	4980	6801	0.0139	0.708108	0.02277	0.653384	-3	right	OV3_Cisp0
chr15	68889428	68892993	6a68d3f3-a740-4e56-b806-c6ef0362a51f	68889418	68923709	rev	3565	1126	1326	0	0.271255	0.018927	0.44164	-3	right	OV3_Cisp0
chr15	69398793	69403687	c1859fed-e6ce-4ce8-a307-e14c25aae563	69384211	69403696	fwd	4894	1363	1100	0	0.772358	0.057143	0.720635	-3	right	OV3_Cisp0
chr15	70033111	70038908	44a34afd-5d5e-4ba9-a8ee-fe662cd46285	70033103	70038915	rev	5797	3767	1780	0.008444	0.689988	0.003546	0.902482	-3	right	OV3_Cisp0
chr15	73636665	73645845	75586ed6-9427-46d8-aa3a-6d492549d479	73622293	73646994	rev	9180	2869	2190	0.003846	0.538462	0.028919	0.502283	-3	right	OV3_Cisp0
chr15	78567782	78589219	871e4c72-00dc-4a78-b804-32c6348dfcd6	78549709	78592833	rev	21437	4782	13668	0	0.80624	0.00188	0.784851	-3	right	OV3_Cisp0
chr15	83966673	83997906	d2528918-cde7-4dfd-9547-68517bef467d	83947665	84008791	rev	31233	4387	22482	0.003822	0.80828	0.05	0.711478	0.235532	right	OV3_Cisp0
chr15	93086479	93101272	c32fdecc-5f0c-4d0b-929c-dc1d20578ff7	93086468	93102649	rev	14793	3014	9724	0	0.738132	0.015165	0.881282	-3	right	OV3_Cisp0
chr15	95744781	95754428	6f6c13ff-cbce-4961-a261-88e214e5318a	95737486	95754433	fwd	9647	2298	4516	0.016234	0.793831	0.031097	0.714403	-3	right	OV3_Cisp0
chr15	96620554	96630300	f6e1f632-8839-469d-94c8-378ba6be8b73	96602813	96636605	rev	9746	4291	3028	0.009573	0.472754	0	0.808046	-3	right	OV3_Cisp0
chr16	2574059	2583320	d521e6b4-6197-49e0-91cf-cd2aacebeee3	2535050	2587941	rev	9261	1111	5009	0	0.438889	0.004854	0.773786	-3	right	OV3_Cisp0
chr16	5114127	5126751	e1988e77-bb55-4b8a-b5aa-1aeca8849704	5114122	5126762	rev	12624	3115	7539	0.034626	0.797784	0.180164	0.630282	-3	right	OV3_Cisp0
chr16	9708100	9717402	8c6a0487-54a5-4d9e-a0b2-3d2469c19007	9708090	9717748	fwd	9302	2361	4836	0.018405	0.748466	0.020468	0.908626	-3	right	OV3_Cisp0
chr16	11762843	11768197	ba96f4e9-1c05-4c44-9d80-28cd2655229b	11762028	11780028	fwd	5354	1343	2037	0.011019	0.451791	0.001751	0.90718	-3	right	OV3_Cisp0
chr16	21541250	21548637	73b12d0a-f4f6-4cdb-a68e-0a1ca22f4caf	21537181	21548645	fwd	7387	2442	2722	0.009042	0.511754	0.004854	0.669903	-3	right	OV3_Cisp0
chr16	30978012	30987487	72d6ef41-1afc-4e54-87a8-f4f56faaeef9	30978002	31001261	rev	9475	1356	5957	0	0.409091	0.022804	0.624155	-3	right	OV3_Cisp0
chr16	31379135	31391595	49b460ff-9932-48ee-8f61-5d7880335d4a	31368517	31412010	fwd	12460	1520	6807	0.028818	0.504323	0.012055	0.703562	0.357978	right	OV3_Cisp0
chr16	31500985	31512838	87a88ad3-4413-47b3-991f-955dd09ecfcb	31500974	31513438	fwd	11853	3359	5585	0.002296	0.826636	0.005022	0.813486	-3	right	OV3_Cisp0
chr16	34066554	34071087	7ccc1987-e813-4b3a-b6fa-31b9ec4c741a	34066549	34073961	rev	4533	2445	1602	0.001486	0.390788	0.067308	0.480769	-3	right	OV3_Cisp0
chr16	46389982	46396417	182b7ded-a362-41db-8656-4e2238cb17bf	46382568	46402658	rev	6435	4206	1806	0.060086	0.551502	0.073333	0.32	-1	right	OV3_Cisp0
chr16	46382677	46392759	68ab7d78-3bc6-42f2-bd33-dcbaa7a15236	46382611	46407742	rev	10082	8022	1451	0.062275	0.467963	0	0.625	-1	right	OV3_Cisp0
chr16	46385359	46389646	86881a21-9895-4151-8f5c-5c74601d319e	46384016	46412069	rev	4287	1259	2488	0.118357	0.487923	0.081186	0.525773	-1	right	OV3_Cisp0
chr16	46391327	46396629	a443b7da-8669-43d3-9e82-22feb281696c	46385999	46403314	fwd	5302	2874	1600	0	0.666667	0	0.317073	-1	right	OV3_Cisp0
chr16	46391313	46397299	f0527c92-3f18-4465-9d90-8058f8607d6d	46387023	46403937	fwd	5986	2901	3085	0	0	0.004902	0.485294	-3	right	OV3_Cisp0
chr16	46388060	46396220	f6f32522-122b-40f5-baaa-cc220f15a15a	46388053	46407742	rev	8160	6159	2001	0.056859	0.203971	0	0.518519	-1	right	OV3_Cisp0
chr16	49283792	49297011	e872246e-13b6-4655-8067-2998300ba6af	49267696	49297016	fwd	13219	1208	9325	0.008798	0.653959	0.040745	0.67615	-3	right	OV3_Cisp0
chr16	50419954	50428873	9792b703-e36c-4cfb-b50c-e53249a61cd8	50414493	50428880	fwd	8919	4323	4125	0.003265	0.573061	0.03833	0.720613	-3	right	OV3_Cisp0
chr16	50809024	50819854	a4606906-291d-4980-9884-270317115981	50809008	50820012	rev	10830	1445	8488	0.012048	0.75	0.039066	0.820903	-3	right	OV3_Cisp0
chr16	55567473	55574824	843a31aa-3b81-4f2e-913d-4608c7962385	55564529	55574832	rev	7351	1982	4907	0.042445	0.456706	0.047896	0.743106	-3	right	OV3_Cisp0
chr16	59301035	59310942	0f645e5e-881b-428a-8824-4df6657f4cfa	59298557	59323441	rev	9907	1618	7955	0.006173	0.427984	0.016589	0.660995	0.371183	right	OV3_Cisp0
chr16	60160822	60166997	c477c6df-54ba-4996-bb32-4c01217afb45	60160815	60167044	rev	6175	4786	1112	0.023287	0.77312	0.082237	0.657895	-3	right	OV3_Cisp0
chr16	64901299	64906311	84ccb5db-6bd5-425b-97a6-dec33effc6b8	64895913	64906318	rev	5012	3615	1072	0	0.634683	0.025078	0.670846	-3	right	OV3_Cisp0
chr16	70369223	70373824	b555a797-c93e-469d-855a-7b5832c7e68d	70351742	70392659	rev	4601	1066	1372	0	0.271552	0.006557	0.57377	0.079316	right	OV3_Cisp0
chr16	70680231	70687124	5ab22a7f-6b52-47cc-876e-fbd9e1c31e6b	70680227	70702674	fwd	6893	1990	3373	0.036697	0.33945	0.017857	0.685714	-3	right	OV3_Cisp0
chr16	72390429	72400015	99405a2e-a3b6-4151-98b0-00e3d086ca33	72370619	72405555	rev	9586	4726	4542	0.037983	0.536346	0.097941	0.71179	-3	right	OV3_Cisp0
chr16	76682532	76696501	7969fd8b-3c0f-4095-8b80-ba90e1cba15d	76675752	76696507	rev	13969	5806	5493	0.012594	0.688161	0.001774	0.806623	-3	right	OV3_Cisp0
chr16	77562078	77581022	27f0b307-6eaf-4e91-b24c-e61df0f55168	77562069	77582174	rev	18944	2229	14547	0	0.892575	0.018034	0.869444	-3	right	OV3_Cisp0
chr16	82141785	82151043	472bff60-0ffd-4e41-9128-74ba10acbc4e	82114381	82151047	rev	9258	2148	4272	0.014068	0.432591	0	0.763397	-3	right	OV3_Cisp0
chr16	86124089	86134253	32a6477e-706d-489f-8bf2-24a5d6409c63	86116078	86144775	fwd	10164	5920	1213	0.040132	0.449342	0.061776	0.671815	0.018433	right	OV3_Cisp0
chr17	7141569	7156121	c4d22021-61e7-445a-a3d3-c8e74acc2b7d	7141538	7174219	rev	14552	4365	9681	0.004216	0.583474	0.015421	0.816528	0.485976	right	OV3_Cisp0
chr17	8698226	8708700	bab7c07b-f730-4178-a10a-69d954f5ef7b	8678236	8708707	rev	10474	5553	3564	0	0.368254	0.027123	0.588443	-3	right	OV3_Cisp0
chr17	9010366	9019862	1c518e17-017e-4eaa-829f-919725b2ac96	9006311	9019869	fwd	9496	3942	2682	0.000907	0.834995	0.005479	0.884932	-3	right	OV3_Cisp0
chr17	9959973	9973090	bee8ff0a-d075-495e-8781-4351e69cd0f4	9959967	9973096	rev	13117	4563	8272	0.03135	0.704984	0.034125	0.847084	-3	right	OV3_Cisp0
chr17	10551562	10568912	6fea7f85-7ff3-477c-bf16-cbd60c644682	10550958	10569052	fwd	17350	2846	13510	0.02027	0.618243	0.007265	0.788327	-3	right	OV3_Cisp0
chr17	11511994	11544622	a80297de-a00a-4320-a559-bdd4ff00a8d9	11509751	11547514	rev	32628	6071	25577	0.002448	0.75765	0.033682	0.802585	-3	right	OV3_Cisp0
chr17	14577791	14589679	bc424543-9c09-43f1-a071-3047bfa98c8a	14573904	14589683	rev	11888	2586	8210	0.021459	0.678112	0.028902	0.830718	-3	right	OV3_Cisp0
chr17	17078414	17084452	7f802f91-b422-4af4-93bb-f0ac0769a7e4	17065314	17085058	rev	6038	4368	1205	0	0.599372	0	0.413953	-3	right	OV3_Cisp0
chr17	17290366	17298757	865fd66a-641d-432a-96d8-680021198601	17290355	17299018	rev	8391	1326	4426	0.013468	0.858586	0.012672	0.816262	-3	right	OV3_Cisp0
chr17	19395791	19410620	919c4886-bdd4-4536-bc88-afbec88f7737	19395770	19412278	rev	14829	3183	8520	0.097879	0.621533	0.034343	0.84798	-3	right	OV3_Cisp0
chr17	28879318	28886497	6cebf239-8e68-42f6-9204-3d81bc6dbcec	28873979	28904494	rev	7179	3176	3380	0	0.465875	0.011283	0.696756	0.06611	right	OV3_Cisp0
chr17	30271614	30279417	e0702770-cdf4-4b4e-8510-7b76bb381f92	30247093	30285340	fwd	7803	2452	4501	0	0.550077	0.007987	0.682907	-3	right	OV3_Cisp0
chr17	43624074	43633678	f97d0c68-3aac-4e02-b8f1-0f096ab38113	43622434	43643714	fwd	9604	3007	5446	0	0.376866	0.004823	0.823151	0.095616	right	OV3_Cisp0
chr17	48004802	48012011	1d807964-b0a3-4e68-bbd1-b79adafb729a	47991392	48012018	rev	7209	2557	1310	0	0.59792	0.026667	0.65	-3	right	OV3_Cisp0
chr17	48206783	48215540	96498b91-05e5-4a49-aa50-7002151425cb	48198123	48219895	rev	8757	3078	5380	0.011591	0.510011	0.010218	0.779973	-3	right	OV3_Cisp0
chr17	48516695	48525107	dc248204-7f23-4d03-90de-d31fff0d96ce	48514979	48528149	rev	8412	1195	6199	0.026316	0.628655	0.011222	0.819202	-3	right	OV3_Cisp0
chr17	48922384	48934541	9af0c543-ea82-4ebb-ada7-8e4ca8d7e53e	48916283	48939358	fwd	12157	3174	5635	0.008043	0.558981	0.015613	0.815613	-3	right	OV3_Cisp0
chr17	50133764	50140433	a47df024-9e3c-476a-936c-0188c662c75d	50133750	50145485	fwd	6669	1063	3989	0	0.391304	0.019565	0.727174	-3	right	OV3_Cisp0
chr17	51509249	51518585	9fc376d9-0369-49d7-80d2-c955e3ec7f6e	51505969	51520127	fwd	9336	1977	7004	0	0.766337	0.071167	0.824176	-3	right	OV3_Cisp0
chr17	56000482	56007103	96e05baf-3e10-46c7-a829-2c9d15704f9d	55990049	56008310	fwd	6621	4399	1481	0.009579	0.492337	0.019737	0.608553	-3	right	OV3_Cisp0
chr17	57266136	57273633	cc025b07-ccfa-43c4-9a6a-9fe8ef43b5dc	57266132	57273643	fwd	7497	3601	3162	0.054934	0.772126	0.037961	0.82538	-3	right	OV3_Cisp0
chr17	64315737	64324869	10b0b2e9-8b01-4eab-b026-e89be7df5246	64309308	64324877	fwd	9132	3290	2487	0.007194	0.322542	0.012638	0.603476	-3	right	OV3_Cisp0
chr17	64413757	64420328	db6174c2-35aa-4941-bdcb-59e153814b1d	64411089	64429665	fwd	6571	2147	4218	0	0.533742	0.007168	0.829749	0.555737	right	OV3_Cisp0
chr17	69143233	69156871	93d32179-4581-4307-8828-3597c7e7f6b5	69119836	69164704	fwd	13638	3306	7556	0	0.741071	0.013072	0.749891	0.353527	right	OV3_Cisp0
chr17	69948530	69958843	0d1d721c-4f0d-4409-8e95-8e46308b7b0b	69937362	69958849	rev	10313	3832	4912	0.005124	0.480786	0.014407	0.725606	-3	right	OV3_Cisp0
chr17	75206160	75214945	cda970c5-b274-4e19-a21d-78111065a795	75195755	75215556	fwd	8785	2866	5092	0.001236	0.662546	0.00596	0.862252	-3	right	OV3_Cisp0
chr17	77556732	77566126	11bbc6de-6b28-4da0-a850-5574e4460690	77550307	77572948	fwd	9394	5905	2904	0.099268	0.416599	0.040419	0.767964	-3	right	OV3_Cisp0
chr17	79273343	79292752	3b84b6df-9af0-4a4a-af5a-a7682b9b41a1	79264364	79292758	fwd	19409	8280	10101	0.033215	0.715896	0.028765	0.815567	-3	right	OV3_Cisp0
chr17	81185001	81205209	20c405d3-194e-4fad-a9ee-6809718ebbbe	81165465	81223793	rev	20208	6583	9403	0	0.489378	0.04147	0.581102	0.189026	right	OV3_Cisp0
chr18	295080	304845	06b0ca85-4ac6-4e06-bf0f-86f8649e2e7d	295076	308225	fwd	9765	1686	4801	0.10984	0.622426	0.003296	0.895847	-3	right	OV3_Cisp0
chr18	2059861	2073412	8102ee31-92d5-4d6a-924a-a567c6b19cb7	2052595	2073418	fwd	13551	6625	6651	0	0.519116	0.012389	0.828048	-3	right	OV3_Cisp0
chr18	4029518	4045130	32c6d104-30ad-443e-8295-787f84032b18	4025891	4045136	rev	15612	6538	4656	0.001592	0.522293	0	0.828311	-3	right	OV3_Cisp0
chr18	4119032	4124853	eab6bf14-bedb-4e8b-978f-464df1ca9d62	4113011	4124859	rev	5821	2658	1947	0	0.73931	0.073394	0.645872	-3	right	OV3_Cisp0
chr18	4214235	4239497	224e763a-5b54-4509-9e74-6763936616c5	4209659	4241378	fwd	25262	1920	23068	0.063406	0.51087	0.012484	0.686325	-3	right	OV3_Cisp0
chr18	5582836	5597612	93580cf8-e317-4313-bbef-c11fff5d56d8	5582822	5597620	rev	14776	1338	11906	0	0.33427	0.025263	0.712461	-3	right	OV3_Cisp0
chr18	9758946	9778277	c6ffbffd-5a89-4665-8da5-b8a2dc8bf54b	9757664	9781827	fwd	19331	5310	11787	0.012388	0.847901	0.004206	0.912787	-3	right	OV3_Cisp0
chr18	9836027	9844564	ae5b4135-4e9f-4f7a-9489-9b2af6471651	9836019	9844791	rev	8537	3638	3666	0.036204	0.59002	0.08105	0.705479	-3	right	OV3_Cisp0
chr18	11927088	11940777	47c3dd83-02ee-4072-902c-bb4e0e7324b8	11921575	11945534	fwd	13689	952	11716	0.066667	0.684444	0.033825	0.797769	-3	right	OV3_Cisp0
chr18	15339419	15351291	e15a3a53-fe09-4624-b3f9-5f15bf544df7	15312015	15351296	rev	11872	4292	7059	0.010943	0.322391	0.058189	0.647114	-3	right	OV3_Cisp0
chr18	27563287	27583522	a11d98eb-395c-464a-b918-4ee67e4728fb	27549105	27585407	fwd	20235	5669	13818	0	0.487593	0.097593	0.554232	-3	right	OV3_Cisp0
chr18	32984559	32990550	79cdebdc-1346-45ca-87f4-fcdeaff9f138	32984554	32991950	fwd	5991	1110	3595	0.075	0.875	0.014737	0.925263	-3	right	OV3_Cisp0
chr18	60202338	60218882	5c85361d-0d71-488d-8ed7-06325fec7093	60200655	60218888	rev	16544	4583	7477	0.007444	0.834574	0.030332	0.849763	-3	right	OV3_Cisp0
chr18	61877374	61890935	8b6aac55-01d7-4547-8e8a-ab572c0684fe	61877235	61891450	rev	13561	4937	6986	0.015313	0.570573	0.003966	0.888944	-3	right	OV3_Cisp0
chr18	74465756	74476131	1b7fc804-50c0-402b-898c-b59a1d11fdda	74465751	74476137	rev	10375	2810	3597	0.053352	0.681259	0.008333	0.910714	-3	right	OV3_Cisp0
chr19	9284955	9290460	d7a06209-58f6-459e-876b-b0b40407dfad	9278592	9290466	rev	5505	2953	1839	0.012579	0.472956	0.115717	0.601036	-3	right	OV3_Cisp0
chr19	11440105	11444436	53b936be-e23b-48c0-9dee-9e1773959fc0	11440093	11456393	rev	4331	2599	1428	0	0.579767	0.045161	0.690323	-3	right	OV3_Cisp0
chr19	30001856	30021033	e6f9e76d-c1ab-47d6-9ac5-0403a5394bca	29980438	30032178	rev	19177	2636	13339	0	0.736698	0.027972	0.654922	0.205231	right	OV3_Cisp0
chr19	35700106	35703379	567154a3-a49e-4bd4-8d04-70d6feb2649a	35686559	35703391	fwd	3273	1187	1598	0	0.219745	0.036517	0.589888	-3	right	OV3_Cisp0
chr19	37209515	37219579	efe287fe-3f86-4159-b20a-7e0ff0c6e062	37196803	37229085	rev	10064	3193	6538	0	0.486391	0.008658	0.591837	0.753454	right	OV3_Cisp0
chr19	38394471	38401729	f2d361a1-a8b8-4541-8f6e-c82975c2fd80	38370484	38401734	rev	7258	1298	3707	0	0.366516	0.002427	0.845874	-3	right	OV3_Cisp0
chr19	38781083	38789379	e3e1877d-44b8-443c-ac8a-1cca2de56695	38779991	38793390	fwd	8296	2508	5389	0.017081	0.503106	0.033766	0.646753	-3	right	OV3_Cisp0
chr19	39435966	39453343	5a8cb2e6-ae30-4c79-b548-edcf51c2b7fb	39435953	39453348	fwd	17377	1882	14432	0.018519	0.469136	0.0605	0.719279	-3	right	OV3_Cisp0
chr19	39617013	39620910	e9f03d22-bf73-4269-ae89-13fd7585f2de	39612262	39620920	fwd	3897	1459	1985	0.003906	0.382812	0.059949	0.678571	-3	right	OV3_Cisp0
chr19	39625607	39635356	89041454-d138-4de3-89a5-836f511798be	39622795	39638889	rev	9749	3235	4576	0.001156	0.590751	0.001646	0.882305	-3	right	OV3_Cisp0
chr19	39758710	39769937	9046960c-69d9-4a20-8c5c-ce5ec10ec1a9	39750830	39769944	fwd	11227	5339	3738	0.003717	0.655762	0.055848	0.685985	-3	right	OV3_Cisp0
chr19	40425746	40439401	6a281ca7-3229-4d5f-b4d9-3332ca8771bf	40398535	40439413	rev	13655	3197	8864	0	0.498049	0.004552	0.76783	-3	right	OV3_Cisp0
chr19	46301023	46311168	a5409a78-697f-442f-833a-29fe9b471f2e	46300977	46313528	rev	10145	1157	6611	0	0.465278	0.011604	0.735836	-3	right	OV3_Cisp0
chr19	46887274	46902344	d3046337-99c8-4606-8be8-f8695d8bafeb	46872240	46913010	fwd	15070	3889	8940	0.003835	0.823586	0.042143	0.753052	0.157935	right	OV3_Cisp0
chr19	49125971	49133719	a2f8fd45-25bd-4af4-958a-834f8e48a1a1	49125940	49135063	rev	7748	3145	4217	0	0.391234	0.008919	0.827202	-3	right	OV3_Cisp0
chr19	49471633	49493268	8a75f728-7b33-4237-a314-b282e11cbab7	49470552	49493277	fwd	21635	3982	15734	0	0.306709	0.042442	0.771906	-3	right	OV3_Cisp0
chr19	50411313	50421402	8af87aff-617f-490b-b4bf-57652567b126	50407581	50421406	rev	10089	3888	3701	0	0.401894	0.041594	0.620451	-3	right	OV3_Cisp0
chr19	51706882	51712159	d93c4157-3ef0-4647-a38b-3f74d764c361	51706873	51712165	fwd	5277	2771	1248	0.062802	0.755233	0.003534	0.869258	-3	right	OV3_Cisp0
chr19	53307163	53323532	7d13486e-4401-40f9-a1c8-e10d36c661af	53296277	53325462	fwd	16369	3012	11370	0	0.490298	0.002439	0.8875	-3	right	OV3_Cisp0
chr19	53553503	53560769	4910947a-8083-4700-b591-ca874ce2a313	53553497	53585826	rev	7266	1024	3902	0	0.391061	0.003475	0.712424	-1	right	OV3_Cisp0
chr19	54437964	54453460	77f865e0-ad8b-49f9-ac2f-350ec75b6ca7	54437955	54453543	fwd	15496	3317	8655	0.034632	0.743146	0.013909	0.820624	-3	right	OV3_Cisp0
chr19	56085140	56090530	73787eb7-4c5d-4f9a-a986-1e0d2b334745	56078190	56111390	fwd	5390	1314	2255	0	0.370229	0.011561	0.540462	0.247331	right	OV3_Cisp0
chr19	57235595	57250466	516a28a9-421a-4cd1-8933-c63a5fa14fbb	57235588	57250474	rev	14871	9191	4808	0.005445	0.466425	0.07286	0.73224	-3	right	OV3_Cisp0
chr2	2134116	2147211	174a3713-8306-494d-908f-faee37c5a50c	2132050	2153801	fwd	13095	3044	8919	0.00246	0.805658	0.003463	0.871429	-3	right	OV3_Cisp0
chr2	9788306	9795014	bd7d4e9f-928a-44e7-9722-8d5d6942874c	9779018	9795018	rev	6708	2007	4106	0.019465	0.501217	0.007407	0.634921	-3	right	OV3_Cisp0
chr2	11177844	11183227	f06e6b6e-ed8b-4b81-959e-2f1a441641e0	11166541	11183324	fwd	5383	2974	2086	0	0.487939	0.031046	0.575163	-3	right	OV3_Cisp0
chr2	11363607	11378843	c3928702-a34b-41fc-b70e-5e8db3c55ef7	11363599	11382091	rev	15236	3239	9999	0.034884	0.825581	0.032963	0.83201	-3	right	OV3_Cisp0
chr2	11780343	11787650	b6856e23-75c6-431f-81cd-1702c720df99	11761820	11787655	fwd	7307	1210	1412	0	0.294461	0.007772	0.621762	-3	right	OV3_Cisp0
chr2	15718560	15724937	b91a0103-e4e1-4038-8ce2-e459d80fb797	15705821	15724999	fwd	6377	2069	1957	0	0.490534	0.03071	0.650672	-3	right	OV3_Cisp0
chr2	17131550	17144133	39a2a81d-ab04-40ad-82fe-3bc79b1568b1	17131544	17163017	fwd	12583	1002	8656	0	0.760956	0.002832	0.876214	0.069895	right	OV3_Cisp0
chr2	20159155	20165524	fb9c7296-6197-411d-a9d0-c6180ec691a9	20159150	20165531	fwd	6369	1491	4634	0.085324	0.450512	0.05138	0.780209	-3	right	OV3_Cisp0
chr2	27770823	27778643	8568767f-4edb-44a0-853e-2eb581c78c17	27765855	27782441	fwd	7820	3191	4127	0.01652	0.509912	0	0.799539	-3	right	OV3_Cisp0
chr2	28581710	28591461	62f29ba7-ee51-484a-8148-a4eb083d371a	28581705	28596389	fwd	9751	2667	5270	0	0.795993	0.007061	0.907326	-3	right	OV3_Cisp0
chr2	30145385	30151078	a9fb32f3-a764-46ef-ba92-7131636c27dc	30139150	30151094	fwd	5693	1867	3476	0	0.47043	0.030172	0.758621	-3	right	OV3_Cisp0
chr2	32921640	32930277	dc07de52-9eb5-4fd7-b42f-13776f79b56c	32920370	32931136	fwd	8637	3813	2506	0	0.703011	0	0.909333	-3	right	OV3_Cisp0
chr2	32947481	32958598	7e95707f-b998-4974-adda-24a0b53cb4e4	32944578	32958603	rev	11117	2538	5567	0	0.692022	0.019622	0.760174	-3	right	OV3_Cisp0
chr2	33384519	33396200	27cadbc1-3e46-40e0-a74d-02ad4211225f	33369305	33426487	fwd	11681	3398	5296	0	0.578664	0.023216	0.815968	0.242354	right	OV3_Cisp0
chr2	34244298	34253676	774a36cd-ccf1-4a44-8a07-af60f7bad5bb	34223163	34254181	fwd	9378	3744	5255	0	0.533274	0.130205	0.568915	-3	right	OV3_Cisp0
chr2	43911956	43920655	f9920709-4f33-46f4-8d34-29f389f8d095	43890761	43924700	fwd	8699	2689	3072	0.030223	0.48226	0.034314	0.476716	-3	right	OV3_Cisp0
chr2	45021363	45035265	a995b009-4110-4101-a950-5a89b038d5c1	45009290	45051538	fwd	13902	4277	5026	0.009302	0.549767	0	0.855083	0.228508	right	OV3_Cisp0
chr2	55363835	55368604	3ab8ae31-0f33-411f-8d3b-56911789d862	55342271	55368614	fwd	4769	3087	1149	0.005643	0.424379	0.041783	0.746518	-3	right	OV3_Cisp0
chr2	56670656	56687648	f249eb4c-b66c-4e4b-9d2d-c7761970095a	56670652	56688779	fwd	16992	2378	13256	0.015075	0.736181	0.03285	0.842512	-3	right	OV3_Cisp0
chr2	62441464	62468999	7733de5f-9daa-48de-add6-f760da7db29d	62429087	62469005	rev	27535	4209	22553	0.010526	0.587368	0.061503	0.569287	-3	right	OV3_Cisp0
chr2	65618865	65633264	86ee55d4-a11d-418e-86ec-e32796c2d0ec	65603342	65636640	rev	14399	5102	4979	0.007171	0.513147	0.000768	0.8702	-3	right	OV3_Cisp0
chr2	66109959	66113197	6184f19f-2934-419c-a8e2-a57fc7c37470	66090069	66117306	fwd	3238	1263	1286	0.008571	0.322857	0.008427	0.601124	-3	right	OV3_Cisp0
chr2	70544024	70567990	ecd7cafe-31f6-490b-8ce4-a6280e797223	70537882	70568001	rev	23966	3091	19014	0.005489	0.689844	0.033969	0.694471	-3	right	OV3_Cisp0
chr2	71191146	71206307	946868ef-ccd9-4df7-ae4e-591ed9e4882a	71191141	71206313	rev	15161	1683	12046	0.050661	0.709251	0.026144	0.909804	-3	right	OV3_Cisp0
chr2	72257151	72267237	401c79a7-a96e-49fd-8b9a-2e85b5fddbbc	72257145	72280877	fwd	10086	1624	3970	0.083503	0.720978	0	0.940016	0.161666	right	OV3_Cisp0
chr2	74128778	74136608	2f305eb8-f994-4950-a80c-49d543a91e4b	74120966	74136618	fwd	7830	5259	2252	0.002398	0.824141	0	0.70684	-3	right	OV3_Cisp0
chr2	86420749	86431747	dac3fd60-02fb-4f16-9639-3c5edc498157	86419252	86437314	fwd	10998	2791	7824	0.012717	0.549133	0	0.913247	-3	right	OV3_Cisp0
chr2	86783898	86798912	4def04e5-9400-4a17-8a7e-06ed717ea860	86781185	86807095	rev	15014	3644	7334	0.001019	0.890928	0.030236	0.863112	0.227253	right	OV3_Cisp0
chr2	87418715	87429372	d3591f7a-3b54-4123-9881-841af6cceec1	87414287	87431213	fwd	10657	634	8823	0	0	0	0.351351	-3	right	OV3_Cisp0
chr2	90221366	90233403	a51692ff-47ba-4e77-8eeb-ed607597a78d	90191422	90236323	rev	12037	5937	1766	0	0.447826	0	0.910569	-3	right	OV3_Cisp0
chr2	91409704	91413677	a99b543c-7e73-4b44-958e-45305e773c02	91404242	91423218	fwd	3973	1983	567	0.02449	0.546939	0	0.477612	-1	right	OV3_Cisp0
chr2	97358029	97364556	e3354fab-4279-43ae-9cc7-dca945137129	97354627	97364561	fwd	6527	1166	4971	0.021807	0.404984	0.037281	0.701023	-3	right	OV3_Cisp0
chr2	97621649	97635700	d685d7ea-b28c-46d7-a1c7-7dbfac49b26f	97617208	97654147	rev	14051	3620	8347	0.007003	0.278711	0.041268	0.718671	0.255091	right	OV3_Cisp0
chr2	101782288	101792804	5e031e70-7c80-480e-a356-da18278b3d66	101778428	101806590	fwd	10516	2528	6116	0	0.748395	0.007334	0.84966	-1	right	OV3_Cisp0
chr2	105947342	105956801	8237ff77-7136-4e52-8fb2-2051580c05d2	105944397	105956806	fwd	9459	3847	4228	0.007718	0.629548	0.026291	0.731455	-3	right	OV3_Cisp0
chr2	107499178	107522975	36be8f0d-cba2-483e-bf24-26ffada066ea	107494451	107523208	rev	23797	4149	17395	0.003373	0.839798	0.071769	0.757155	-3	right	OV3_Cisp0
chr2	108424895	108435145	aad96a01-5eb2-40b4-9a37-3ef481cf323b	108413824	108436352	fwd	10250	4763	3225	0	0.484348	0	0.859425	-3	right	OV3_Cisp0
chr2	108762080	108782495	3122f257-0f20-4d62-8a6c-4f1a58cd409b	108760611	108789858	rev	20415	6830	11580	0.012434	0.794357	0.066023	0.777778	0.421172	right	OV3_Cisp0
chr2	108996928	109005322	0405ecb4-cd20-4e54-a27e-a8e35716b5e5	108996924	109010074	fwd	8394	2441	5066	0	0.408567	0.002381	0.834921	-3	right	OV3_Cisp0
chr2	123725722	123746449	ece2fca0-4558-4f2e-9da8-016a38e5d8a0	123720195	123749013	fwd	20727	4873	12802	0.002217	0.566149	0.011881	0.861166	-3	right	OV3_Cisp0
chr2	135914412	135922930	26f17dc6-f051-4115-9668-d6aa54259b30	135909531	135924775	rev	8518	2651	4286	0	0.753757	0.008227	0.890052	-3	right	OV3_Cisp0
chr2	138897841	138905612	2931700d-495f-4950-bacb-4d31d70fba79	138893533	138905617	fwd	7771	3399	3213	0.000822	0.662829	0.044628	0.831405	-3	right	OV3_Cisp0
chr2	140091585	140095971	c8b05904-d590-4a23-92da-369e41933839	140091580	140105325	rev	4386	3429	616	0.050744	0.662292	0.005102	0.862245	-1	right	OV3_Cisp0
chr2	143818333	143839637	f3a61ce3-18dc-428e-bde3-530a64f57554	143812412	143840497	rev	21304	6730	11685	0.008806	0.440313	0.031619	0.850177	-3	right	OV3_Cisp0
chr2	145020143	145029505	e375933f-bc1f-4f9c-8fb0-474d77d40d05	145020137	145080607	fwd	9362	1477	5867	0	0.799574	0.014545	0.755844	0.073559	right	OV3_Cisp0
chr2	145163292	145177427	4dfe8df7-2dfe-4975-a721-62a8551b2190	145152242	145177431	rev	14135	3970	7165	0.003239	0.788664	0.013896	0.763275	-3	right	OV3_Cisp0
chr2	160228584	160237195	477cb686-7fa1-4ee1-8e5d-d44602557c02	160218022	160237844	rev	8611	4850	2510	0.031502	0.734066	0.065217	0.638587	-3	right	OV3_Cisp0
chr2	163533398	163542526	034b046c-9e5a-4620-858c-fab487e9122a	163530789	163542544	fwd	9128	3680	4432	0	0.57346	0.001456	0.871179	-3	right	OV3_Cisp0
chr2	167529346	167540945	359849aa-83f5-4e8a-b08a-3210f259c4bd	167528076	167540949	rev	11599	5663	1532	0.008626	0.913072	0.171053	0.699561	-3	right	OV3_Cisp0
chr2	178266305	178278571	135267cd-5889-456c-96aa-9c22415d2b3a	178259385	178278577	fwd	12266	3647	4512	0.002788	0.30855	0.007168	0.805735	-3	right	OV3_Cisp0
chr2	179615968	179623613	6e17838d-900b-4e0d-a709-d33015bc2a05	179613898	179627463	rev	7645	1967	4072	0.00611	0.490835	0.012116	0.880452	-3	right	OV3_Cisp0
chr2	183158890	183172900	66ad8774-3037-468b-8fa1-8a6993992525	183153498	183172907	fwd	14010	2865	9314	0	0.72973	0.04396	0.792536	-3	right	OV3_Cisp0
chr2	184714962	184729528	fb4990f8-0611-4a4f-b1ac-10aab73e9fb5	184676195	184729534	fwd	14566	4386	9872	0.000745	0.439315	0.011796	0.781935	-3	right	OV3_Cisp0
chr2	187465234	187485494	a203b9e5-2b68-47a2-96c3-ec98cb40e472	187462656	187500444	fwd	20260	4185	14424	0.04186	0.599225	0.011902	0.826634	0.11639	right	OV3_Cisp0
chr2	189659367	189664147	14f2f412-d8d0-4ec2-a47c-4f54ad97267d	189649578	189688529	fwd	4780	3443	941	0	0.508046	0.073579	0.488294	-1	right	OV3_Cisp0
chr2	192269540	192284009	daddded5-0ac2-4dc2-86ae-07f3b32c4352	192260660	192287124	fwd	14469	4129	7518	0.013134	0.51403	0.004946	0.761691	-3	right	OV3_Cisp0
chr2	195103309	195110611	f3d6ebca-a2ae-4c2c-824f-02bfbeccd1a1	195103304	195110621	rev	7302	2214	3006	0.011719	0.864583	0.064547	0.807322	-3	right	OV3_Cisp0
chr2	197968878	197983060	34535f7c-9a9e-496b-a839-35396f255bd7	197965741	197984923	fwd	14182	2948	8279	0.04581	0.684916	0.002489	0.698465	-3	right	OV3_Cisp0
chr2	197969448	197992496	7053314f-2cb2-4c82-9fc9-35f2d2715307	197955308	198006652	fwd	23048	2177	19391	0.010526	0.780451	0.014668	0.776014	0.165272	right	OV3_Cisp0
chr2	198613843	198620136	9e7b4b8b-a51c-46de-8358-5a8e35abfe5b	198602199	198625294	rev	6293	3546	2423	0	0.590204	0.00271	0.649051	-1	right	OV3_Cisp0
chr2	202359539	202373538	d392d4bc-d6ec-4681-882a-a3dd3861299b	202358203	202373544	fwd	13999	3549	10154	0	0.633758	0.02381	0.803313	-3	right	OV3_Cisp0
chr2	204474762	204479331	e9f55ee4-bfce-4b92-ad8c-112c13bd134c	204444068	204479337	fwd	4569	2276	1797	0.084592	0.400302	0.042339	0.572581	-3	right	OV3_Cisp0
chr2	208613681	208623151	ad3c4e3b-0f0a-4171-84c7-e8dfa45fc7e4	208591711	208623998	rev	9470	1383	4756	0.014925	0.335821	0	0.676259	-3	right	OV3_Cisp0
chr2	212719791	212731542	906403fe-0323-4302-aeb0-8f01b70ea593	212719504	212733952	rev	11751	2316	8185	0.003683	0.73849	0.015044	0.91251	-3	right	OV3_Cisp0
chr2	219915008	219925184	aade2586-cccb-4d50-bb36-bc6b9eb9f3ec	219911855	219925195	rev	10176	2885	6864	0	0.544304	0.032653	0.715452	-3	right	OV3_Cisp0
chr2	220083836	220096294	d35aa757-91c7-4767-b3ba-79239d476f38	220080022	220097120	rev	12458	2671	6324	0	0.743323	0.027675	0.822878	-3	right	OV3_Cisp0
chr2	221079193	221089175	0d24775b-8564-4258-8ee8-253d7cac829c	221074298	221100489	fwd	9982	2830	5117	0	0.346715	0.042741	0.644805	0.762629	right	OV3_Cisp0
chr2	224478840	224485009	18b8bf98-5642-417b-8a6e-1dbb1aeadf7d	224478834	224486527	fwd	6169	4513	1025	0.020483	0.684711	0.142857	0.571429	-3	right	OV3_Cisp0
chr2	233912001	233919587	7c6efe56-0af6-4835-a00e-e5848b8a7ef1	233908871	233919594	fwd	7586	3412	3840	0.003352	0.745251	0.000802	0.93344	-3	right	OV3_Cisp0
chr20	9235880	9259779	5542c6e9-baed-4d69-ae68-55a5cc4d8182	9235876	9259786	fwd	23899	4352	14828	0.035771	0.875994	0.01255	0.926714	-3	right	OV3_Cisp0
chr20	11143639	11151834	80439a97-67c6-42a3-8d7b-e073b62f0297	11120150	11174572	rev	8195	2048	4694	0.029412	0.479239	0.005513	0.52591	0.698705	right	OV3_Cisp0
chr20	11925412	11941511	b327ff09-7a7e-4266-9a6c-f4be082cd40e	11924761	11942242	rev	16099	2806	11946	0.034221	0.455006	0.044343	0.718349	-3	right	OV3_Cisp0
chr20	14673200	14679210	4674cef8-f879-40c4-a0dd-3ccfdaa4362d	14673186	14679218	fwd	6010	3135	2615	0.003654	0.526188	0.013495	0.782726	-3	right	OV3_Cisp0
chr20	16242935	16257666	25d979dc-7a41-46af-aafd-a2990bffe71a	16236855	16271173	fwd	14731	3542	8952	0	0.529412	0.001189	0.881094	0.441037	right	OV3_Cisp0
chr20	16778503	16790904	168150ce-010e-4f1a-b163-9412db14b3aa	16778498	16790910	rev	12401	3460	7816	0.03538	0.877211	0.035255	0.849468	-3	right	OV3_Cisp0
chr20	19832119	19846096	e4532821-63c7-42bd-991a-9f789d90ed8d	19830578	19847042	fwd	13977	5332	8237	0	0.782293	0.027167	0.807431	-3	right	OV3_Cisp0
chr20	21637619	21648316	01266436-76dc-48cf-8bc3-a54921716ea6	21635898	21651301	fwd	10697	6711	1659	0	0.438511	0	0.848066	-3	right	OV3_Cisp0
chr20	31064447	31067611	467c4806-2517-4b93-8fc0-4bd34d926783	31051508	31073213	fwd	3164	1035	577	0.010204	0.336735	0	0.681818	-1	right	OV3_Cisp0
chr20	31059823	31064082	40f865bb-f2ad-4d7b-bf02-c03cb4ec8462	31051861	31074112	fwd	4259	2129	1240	0.043038	0.432911	0	0.24	-3	right	OV3_Cisp0
chr20	31058343	31068113	5adcb4c4-4b5d-4d70-b4d6-819cd98a20c6	31054362	31069942	fwd	9770	6849	1069	0.13785	0.343458	0	0.481081	-3	right	OV3_Cisp0
chr20	31064627	31067863	be036024-3117-42ca-8d7f-908e44192241	31057909	31069578	fwd	3236	1070	1408	0.037037	0.333333	0.058296	0.533632	-3	right	OV3_Cisp0
chr20	31061786	31065666	7fd3bd4d-6fc6-402b-a010-a5204c3582cd	31058731	31067171	rev	3880	1241	2294	0.026442	0.641827	0.020408	0.748299	-3	right	OV3_Cisp0
chr20	31069017	31073736	f6351dd0-5f3c-4c6e-b1b8-3c3e9bf10692	31062919	31082166	fwd	4719	1957	647	1	0	0.007937	0.452381	-1	right	OV3_Cisp0
chr20	44216975	44239121	1c6cdb55-d9b6-4a4f-9db4-70e40a5d9534	44216970	44239127	rev	22146	2098	17449	0.003578	0.81932	0.035764	0.747546	-3	right	OV3_Cisp0
chr20	45520982	45526520	6e36a885-c20d-4ac6-8e15-335caf2646ea	45520971	45527221	fwd	5538	1504	2638	0.006993	0.808858	0.08651	0.762463	-3	right	OV3_Cisp0
chr20	46958745	46971687	434d3cac-fc9c-4d20-8735-28d2a5c05bfb	46951731	46992360	rev	12942	2258	10319	0.011385	0.643264	0.026118	0.790661	0.018813	right	OV3_Cisp0
chr20	51039392	51050437	b78574c1-9ab5-4007-9fc4-01a41488012f	51007213	51050443	fwd	11045	3183	6701	0.019925	0.476961	0.026273	0.683087	-3	right	OV3_Cisp0
chr20	51742255	51750325	c9454c4a-44a2-482f-8569-eab36e243ad1	51742248	51750330	fwd	8070	2267	3960	0.024735	0.699647	0.024823	0.711584	-3	right	OV3_Cisp0
chr20	52131528	52145788	20060a2a-4a17-40c4-9459-86030f9b3d73	52131521	52145983	fwd	14260	3188	6541	0.023747	0.766491	0.001197	0.898863	-3	right	OV3_Cisp0
chr20	54708684	54729651	1a83c17b-1e35-44af-b38e-ab2553c4dd01	54708680	54729668	fwd	20967	4588	14634	0.019915	0.825036	0.00985	0.878442	-3	right	OV3_Cisp0
chr20	56672716	56691081	8d7912ab-cabe-49a0-8708-675a8436197c	56671943	56699015	fwd	18365	2865	12167	0	0.8739	0.022837	0.850434	0.026262	right	OV3_Cisp0
chr20	58314586	58328396	38225a6b-b957-4cfb-9ad9-aae1fe464be4	58303234	58328402	fwd	13810	6322	6038	0.027836	0.532038	0.087108	0.50672	-3	right	OV3_Cisp0
chr20	58566696	58581346	0ece3bf6-30b6-406f-b5c5-cc1617478022	58566691	58581351	rev	14650	5805	8550	0	0.615566	0.054481	0.681772	-3	right	OV3_Cisp0
chr20	58624526	58630919	ac672e4f-151d-4272-83b1-e40be769e6b3	58624520	58649428	fwd	6393	3734	2223	0.015819	0.624859	0.021782	0.752475	-1	right	OV3_Cisp0
chr20	63185139	63191094	17544ad3-8cac-45fc-bf78-7aeb83a2edd7	63179806	63191107	rev	5955	1227	2845	0.061983	0.665289	0.014107	0.768025	-3	right	OV3_Cisp0
chr21	7939817	7945067	d2e01e7a-4153-41cb-b696-213b5bd63568	7939810	7955850	fwd	5250	1965	2000	0	0.548732	0.00135	0.450742	-3	right	OV3_Cisp0
chr21	7947041	7957623	8aa91d35-d4b5-4a5e-8bbb-cf2528fdcf05	7945826	7959117	rev	10582	1232	6651	0.008696	0.434783	0.002389	0.930732	-3	right	OV3_Cisp0
chr21	10560514	10568657	8bbde8db-1fcd-41ca-915d-0f8563fad0c4	10533283	10568664	fwd	8143	2144	4491	0.032949	0.339374	0.00353	0.64872	-3	right	OV3_Cisp0
chr21	13002876	13015304	398c3828-ee37-4313-a329-e57228c87212	12992228	13015310	fwd	12428	8435	1600	0	0.445951	0.029478	0.646259	-3	right	OV3_Cisp0
chr21	15263917	15273433	e12452e8-342a-4c5f-9907-b5c2cd10607f	15261760	15273442	fwd	9516	4233	4959	0.000851	0.677447	0.042424	0.753535	-3	right	OV3_Cisp0
chr21	17440900	17447205	b2c575af-32b9-4aa1-8146-f8568457a627	17431894	17447210	rev	6305	1751	2310	0.042857	0.469388	0.050235	0.572998	-3	right	OV3_Cisp0
chr21	18717470	18733284	16e9b025-f7ea-450b-bdfb-2874450b124a	18717464	18736362	rev	15814	4889	7980	0.000672	0.709677	0.002846	0.905372	-3	right	OV3_Cisp0
chr21	20003408	20027875	fa15160d-ab9f-4528-ae3d-c81eb18f5741	19966062	20029160	rev	24467	10692	11214	0	0.660534	0.015902	0.732973	-3	right	OV3_Cisp0
chr21	22257432	22262372	ec020972-bb1c-4e78-974e-1cf0b574c403	22222937	22262386	fwd	4940	1778	2482	0	0.398198	0.034974	0.71114	-3	right	OV3_Cisp0
chr21	23249327	23258915	afab4d21-ea45-4c81-85c9-2ec2a026bc49	23225278	23262147	fwd	9588	1823	7487	0.023438	0.634766	0.003567	0.851984	-3	right	OV3_Cisp0
chr21	23487120	23496250	9ad1752a-835b-44ea-b71c-38c921197ff2	23484233	23496257	fwd	9130	5114	3366	0.012552	0.309623	0.014248	0.661621	-3	right	OV3_Cisp0
chr21	25021373	25035578	66b3598a-1902-4bdd-9ec8-284e28ee75de	24986163	25035583	fwd	14205	1769	10547	0	0.714286	0.012617	0.763498	-3	right	OV3_Cisp0
chr21	25373225	25376639	aa82b9ed-9c86-4d9a-96bf-af30be5c398a	25365742	25380513	fwd	3414	1325	1564	0.046243	0.395954	0.005714	0.551429	-3	right	OV3_Cisp0
chr21	25411467	25424155	0f1d6c24-e686-419d-aead-f1401a5504da	25409946	25424162	rev	12688	2588	9789	0	0.589109	0.006525	0.876998	-3	right	OV3_Cisp0
chr21	26294398	26307939	01d825a6-ca3d-4ae1-a423-4296d8358590	26285158	26319536	fwd	13541	2135	7604	0.011421	0.82868	0.024702	0.834142	0.00389	right	OV3_Cisp0
chr21	28816463	28822743	60584e6d-cf7b-4d48-b47a-3db9a9123e84	28805053	28822747	rev	6280	1948	1780	0.004702	0.496865	0.015385	0.613462	-3	right	OV3_Cisp0
chr21	29524958	29536276	dc54019b-1fc7-4926-b31d-8dd205203ebb	29524953	29536281	fwd	11318	1631	8265	0.105145	0.787472	0.030069	0.859291	-3	right	OV3_Cisp0
chr21	32155149	32162946	aca1770b-a01d-4f0e-8d6c-b9f4b7a4c70b	32150745	32162954	rev	7797	3212	4121	0.009554	0.481953	0.024259	0.738544	-3	right	OV3_Cisp0
chr21	34347864	34365402	71298c67-50d7-4d4d-96cf-16b41ef945d9	34347859	34372737	fwd	17538	4528	12725	0.00175	0.76378	0.024351	0.830357	-3	right	OV3_Cisp0
chr21	38528757	38535324	7a0d7191-8025-4981-8bb4-713ba16d0735	38522415	38535332	fwd	6567	1611	3454	0	0.291262	0.01848	0.699179	-3	right	OV3_Cisp0
chr21	41858240	41868272	61bdaf96-9288-4c96-89f4-4b875059f765	41858223	41868278	fwd	10032	4512	3700	0.016077	0.613076	0.066745	0.689696	-3	right	OV3_Cisp0
chr22	12536578	12549793	492c2a7a-62cc-4f9c-8ebc-d9c50477a610	12513713	12552153	fwd	13215	6304	4181	0	0.423208	0.020809	0.411561	-3	right	OV3_Cisp0
chr22	18128664	18135837	b16bdce6-42ca-4aec-953e-2c4b69689816	18091039	18135842	rev	7173	3718	1112	0.019778	0.271941	0.005935	0.578635	-3	right	OV3_Cisp0
chr22	20459947	20464658	317fa5f6-863e-48aa-b519-f8f89a3cc3bf	20453459	20464662	rev	4711	1832	2397	0.006048	0.4375	0.00626	0.586854	-3	right	OV3_Cisp0
chr22	24258211	24268058	b23de90f-1ccc-4375-bece-7d125f87c3f8	24250564	24268971	fwd	9847	3423	4471	0	0.603221	0.057369	0.627102	-3	right	OV3_Cisp0
chr22	27150412	27159104	04fa4f62-1031-44b5-a7ac-e34c1ba3ec7b	27150406	27159115	rev	8692	2696	2873	0.005722	0.525036	0.026786	0.769133	-3	right	OV3_Cisp0
chr22	28888962	28897900	70a8c8ec-d0da-41e7-bd09-967c96d0b210	28864153	28897905	rev	8938	1058	4276	0	0.387218	0.039333	0.510131	-3	right	OV3_Cisp0
chr22	29823422	29833198	8c250ea4-cfdc-430d-a617-1fbe7f36904e	29820631	29833203	fwd	9776	3928	4691	0.032715	0.405671	0.034483	0.727586	-3	right	OV3_Cisp0
chr22	30288473	30291929	ee855428-04f3-419d-8dbc-5c4f4183e250	30287185	30296328	fwd	3456	1001	1054	0	0.181818	0.064039	0.492611	-3	right	OV3_Cisp0
chr22	41954964	41964891	72e41d12-462c-4ca0-9feb-1a7931f2c610	41954959	41973375	fwd	9927	2872	6076	0	0.667131	0.003189	0.84949	-3	right	OV3_Cisp0
chr22	46196787	46211760	f467405e-36de-4ebb-8b4f-4da428feb51c	46181932	46219342	rev	14973	5168	9135	0.022273	0.430108	0.041766	0.688182	-3	right	OV3_Cisp0
chr3	5913321	5922173	9bda739b-2c9f-46f3-a7ef-31eb4f51695c	5855589	5922900	rev	8852	3426	2260	0	0.334165	0.002941	0.835294	-3	right	OV3_Cisp0
chr3	7062137	7080415	1adec403-2f6a-4f0d-8ea8-e70cfa261a36	7062124	7081494	fwd	18278	1369	14984	0.117808	0.632877	0.022166	0.859918	-3	right	OV3_Cisp0
chr3	11300976	11308444	652fb623-416c-4f16-9614-6106d495d3ac	11300928	11308452	rev	7468	1029	4770	0	0.425466	0.079929	0.709591	-3	right	OV3_Cisp0
chr3	12213789	12221278	4019fde4-5a51-43a7-9739-c68de2b8bec1	12209667	12222157	fwd	7489	4420	1408	0.004918	0.548361	0.011111	0.564815	-3	right	OV3_Cisp0
chr3	12922803	12929636	ad975a0e-10d1-4297-b065-a0e9dd4d31b1	12919598	12929647	rev	6833	2692	1861	0	0.347305	0.042079	0.586634	-3	right	OV3_Cisp0
chr3	13337092	13355337	1b72238e-351d-49be-9edd-19bd8039c5a8	13337078	13372190	fwd	18245	2101	14395	0	0.537757	0.029956	0.773477	0.183584	right	OV3_Cisp0
chr3	14589790	14598064	919ba217-d27e-4336-a9eb-98cda39ff036	14589229	14598389	fwd	8274	6339	1526	0.01883	0.728985	0.088398	0.569061	-3	right	OV3_Cisp0
chr3	27620685	27628443	3178939a-e968-49a6-9b13-4476bdfdba82	27573926	27628848	rev	7758	2419	4980	0.003604	0.632432	0.057504	0.611501	-3	right	OV3_Cisp0
chr3	31178072	31193118	a3656dd2-7b51-41ce-856c-f1c8d23d010d	31177258	31196677	fwd	15046	4053	8240	0.01582	0.534555	0.005014	0.8701	-3	right	OV3_Cisp0
chr3	37523299	37532699	3a8b071b-e897-40c8-b656-c14e5f6458cf	37523294	37534962	rev	9400	2958	6198	0	0.703008	0.021402	0.819188	-3	right	OV3_Cisp0
chr3	44383147	44398740	f06e8445-25a6-46a8-8435-7103d9503257	44360390	44398749	rev	15593	4381	10902	0.002351	0.502351	0.02202	0.762189	-3	right	OV3_Cisp0
chr3	47905492	47912100	20939b98-2687-4fd9-a979-bfa8f62eb37b	47904171	47912106	fwd	6608	1773	4545	0.065534	0.548544	0.013848	0.838921	-3	right	OV3_Cisp0
chr3	48871652	48880743	8c98006f-6e91-4f66-944b-b34d5c9e9f9f	48871012	48880753	rev	9091	1362	5113	0.016393	0.379781	0.030551	0.742176	-3	right	OV3_Cisp0
chr3	49369992	49376191	8e159ca2-cd4c-4fcb-b579-44c9158e7a34	49368474	49378595	rev	6199	1405	4534	0	0.488432	0.068736	0.81966	-3	right	OV3_Cisp0
chr3	50282770	50294957	c39b76a9-c053-40f5-86aa-19ed759025f5	50282454	50294964	rev	12187	6056	4333	0.01875	0.44875	0.016722	0.742475	-3	right	OV3_Cisp0
chr3	50793003	50801221	b9c8f2f1-88a0-4b52-838d-fc2d335bba5f	50784699	50801229	fwd	8218	3644	2996	0.055085	0.371469	0.000818	0.722586	-3	right	OV3_Cisp0
chr3	54233336	54243424	9afa5c6c-6387-4221-a300-0264cb4e7287	54223437	54255321	rev	10088	3760	3418	0.037964	0.537157	0.03118	0.756125	-1	right	OV3_Cisp0
chr3	55016668	55041818	e5aae1a1-21f7-400e-b4bc-293d140225f5	55012007	55044279	rev	25150	5284	17787	0.00899	0.643154	0.027456	0.813297	-3	right	OV3_Cisp0
chr3	55739832	55754165	388ad0dc-6bde-4ddc-a485-0d3909bea5b6	55735004	55754170	rev	14333	2680	9850	0.005767	0.809689	0.028145	0.826963	-3	right	OV3_Cisp0
chr3	56753919	56760115	6db3af81-6759-4967-8e3e-19f7700f78fc	56749699	56760122	rev	6196	2456	3196	0.036873	0.495575	0.040603	0.566125	-3	right	OV3_Cisp0
chr3	57217778	57227579	69f32f13-9ed0-46da-99c6-01e7c58ab34b	57214693	57230213	rev	9801	4617	4688	0.021739	0.543478	0.008423	0.677642	-3	right	OV3_Cisp0
chr3	58628507	58632614	90c4d2b1-298b-45b8-98d0-148fe61be301	58620838	58632623	fwd	4107	2357	1335	0	0.497496	0.014245	0.655271	-3	right	OV3_Cisp0
chr3	58917210	58934000	5a11b576-ce3a-4676-8d60-8c19d9535bc3	58898583	58934006	fwd	16790	4134	11177	0.021528	0.3875	0.010783	0.655883	-3	right	OV3_Cisp0
chr3	60466356	60478224	963b6309-04ec-469b-b3f4-bf047a785e07	60464509	60478231	rev	11868	5006	5258	0.002793	0.666667	0.008025	0.848148	-3	right	OV3_Cisp0
chr3	61821220	61836614	194e08ee-4c96-4ef9-8f62-22e922052588	61820017	61850158	rev	15394	4744	9089	0	0.638889	0.11012	0.617031	0.621697	right	OV3_Cisp0
chr3	64531622	64538283	a2afd501-4656-4a58-bdec-bc3f86547c19	64515704	64538293	fwd	6661	2505	1768	0	0.638199	0.040948	0.493534	-3	right	OV3_Cisp0
chr3	66953471	66964058	8f3107fb-9ed5-4e7a-a6fa-ea8500f59b37	66952341	66964062	rev	10587	2443	4077	0.005602	0.686275	0.043442	0.746032	-3	right	OV3_Cisp0
chr3	72177202	72183219	1bff5053-b862-420f-be8e-5f1334c42a21	72171770	72183233	fwd	6017	3029	1559	0.006693	0.369478	0.080605	0.551637	-3	right	OV3_Cisp0
chr3	75669173	75686685	54dea5d5-e802-421c-af1d-b0b27c32b9e4	75669070	75700101	fwd	17512	3578	12170	0.001838	0.378676	0.089934	0.617987	0.858462	right	OV3_Cisp0
chr3	75697489	75704802	24f68776-a1cf-404c-a9fc-47688b1edf6b	75679066	75706575	rev	7313	4931	1629	0.018297	0.425868	0.038813	0.56621	-3	right	OV3_Cisp0
chr3	76836567	76843515	4b6b36fc-696a-410d-bce8-dde9289e49c7	76828529	76843520	rev	6948	1456	3247	0	0.371622	0.003049	0.745935	-3	right	OV3_Cisp0
chr3	77269841	77278371	86d84d39-55ac-4d14-9d0b-4d4f6831e508	77238493	77278377	fwd	8530	5142	3019	0	0.528894	0.01003	0.609829	-3	right	OV3_Cisp0
chr3	77321024	77331305	e3342d33-1518-4d87-a24a-68eac1182051	77314140	77331309	rev	10281	3351	4768	0	0.622263	0.017668	0.826148	-3	right	OV3_Cisp0
chr3	79249349	79254839	f20b4878-8ee6-412b-be2d-2e47e37a9884	79233962	79254849	fwd	5490	1751	1474	0.02834	0.516194	0.004494	0.752809	-3	right	OV3_Cisp0
chr3	79779649	79787892	322322e0-6392-4128-926c-2e647b67ee1b	79773501	79787897	fwd	8243	5695	1935	0.000688	0.247593	0.011864	0.547458	-3	right	OV3_Cisp0
chr3	82180457	82187411	1888b6a9-d6a1-4916-99b9-59db3546563a	82171285	82187415	rev	6954	2040	3719	0	0.3902	0.001845	0.74262	-3	right	OV3_Cisp0
chr3	82373465	82382184	6062cc3f-99c8-4804-a884-7c41ca57dad0	82353156	82382194	rev	8719	1651	5124	0.031546	0.757098	0.00684	0.874829	-3	right	OV3_Cisp0
chr3	87149406	87152029	4897abd1-3e54-4c69-b37f-75a253999f3f	87145364	87158041	fwd	2623	1184	721	0.012539	0.253918	0.027523	0.463303	-1	right	OV3_Cisp0
chr3	88262891	88276307	7975fe38-6489-4c77-808f-832aded8fc2c	88257682	88276313	fwd	13416	4500	4450	0.00299	0.769058	0.00533	0.848767	-3	right	OV3_Cisp0
chr3	90236836	90261186	f06b5237-9332-4c21-9258-77419e506dbe	90235377	90265107	fwd	24350	7341	15330	0.002641	0.48336	0.02586	0.807437	-3	right	OV3_Cisp0
chr3	104598537	104610673	0ad25ad0-ec89-4fb0-a27c-821d8e07cf7f	104587550	104616737	fwd	12136	3624	8121	0.00805	0.543828	0	0.885937	-3	right	OV3_Cisp0
chr3	106104112	106111116	1e1d35de-a8ce-4366-ac5d-7802d9538451	106104097	106117798	fwd	7004	1450	4662	0.064516	0.864055	0.014058	0.905342	-1	right	OV3_Cisp0
chr3	106315550	106323422	7ba58c15-18e5-4551-abc0-6cf930706061	106311867	106323428	fwd	7872	2265	2830	0	0.40796	0.001563	0.870313	-3	right	OV3_Cisp0
chr3	106907717	106914220	53137ac3-8d62-49a4-a2b1-5b0eb1bdbb1b	106903245	106914227	fwd	6503	1609	4575	0.031847	0.519108	0.015742	0.835832	-3	right	OV3_Cisp0
chr3	108764063	108772909	f2749849-e864-43eb-945a-013ca9a2f582	108757064	108772932	rev	8846	3534	4118	0	0.732394	0.058981	0.623771	-3	right	OV3_Cisp0
chr3	111295241	111314681	5c420a2a-b767-4b12-adf2-1120948b4402	111295237	111330039	fwd	19440	4045	15122	0.004162	0.715815	0.027752	0.720849	0.068209	right	OV3_Cisp0
chr3	112263153	112269049	da5d1657-e9ec-4c25-80dc-55aa563d06e8	112252486	112269054	fwd	5896	4464	1101	0.006627	0.52651	0.002457	0.808354	-3	right	OV3_Cisp0
chr3	113571279	113587525	71ae6211-5950-4130-85b8-b8b052d57de3	113561204	113587530	fwd	16246	7521	4469	0.002532	0.578228	0.035659	0.800775	-3	right	OV3_Cisp0
chr3	115423865	115438713	a0370fe1-1a79-4a54-b3fb-aa1b97ee0672	115423859	115442217	rev	14848	1257	12035	0	0.914286	0.003732	0.921332	-3	right	OV3_Cisp0
chr3	115747401	115762957	c56ab660-500a-421a-a7f2-ed44e090d15d	115747397	115763893	fwd	15556	1087	12282	0.125954	0.698473	0.004309	0.851508	-3	right	OV3_Cisp0
chr3	117303832	117318643	b40738b3-5fa9-4bbe-9e54-16aff0c0de6a	117303828	117318649	fwd	14811	3600	8610	0.016393	0.70233	0.005339	0.866895	-3	right	OV3_Cisp0
chr3	117610865	117644629	f24a2afd-0879-46f9-b035-61300cca27d0	117610554	117645122	fwd	33764	7868	21226	0.009239	0.4989	0.001466	0.899105	-3	right	OV3_Cisp0
chr3	120149498	120160839	ff0254c9-cb7f-4001-8bc1-081eca5265b2	120143798	120160844	fwd	11341	4921	4639	0.002035	0.580733	0.022901	0.825276	-3	right	OV3_Cisp0
chr3	120818134	120830146	0446e0ad-9659-4b73-8bda-e1276b1896b9	120816544	120830151	fwd	12012	4322	5772	0.008682	0.696133	0.002311	0.882149	-3	right	OV3_Cisp0
chr3	122593442	122608164	f3e03a4e-814f-4997-94e4-0747115a1370	122593426	122621045	rev	14722	4645	7263	0.011078	0.768095	0.009684	0.900102	0.090287	right	OV3_Cisp0
chr3	124358041	124371890	f7a057c2-57c4-4291-9ec1-a205ff195d5b	124356083	124371895	fwd	13849	2596	9102	0.022284	0.544568	0.017256	0.764452	-3	right	OV3_Cisp0
chr3	125997685	126017134	7d7af287-83a9-4c3c-9a78-19c25dfcfe3d	125995531	126020260	fwd	19449	2014	15414	0	0.475325	0.019994	0.804627	-3	right	OV3_Cisp0
chr3	126099201	126115390	f2145d96-1796-467c-90d6-ad81e121ebe9	126091354	126115398	rev	16189	5330	8397	0.007519	0.284043	0.030752	0.734055	-3	right	OV3_Cisp0
chr3	126153053	126163873	7046acc3-ef12-4253-a746-de20c97735d9	126143712	126166889	rev	10820	4145	5219	0	0.55543	0.014061	0.685691	-3	right	OV3_Cisp0
chr3	126349789	126364046	f779c0a0-364a-4e7b-9089-ecdf79ce44a8	126348931	126374957	fwd	14257	4927	5651	0	0.427686	0.070451	0.481532	0.561191	right	OV3_Cisp0
chr3	126596624	126610547	1b598cee-9a25-4156-bda5-ccaa107627f9	126596620	126611591	fwd	13923	1823	10601	0.058282	0.615031	0.005191	0.896171	-3	right	OV3_Cisp0
chr3	132244732	132262692	6347638b-f220-4d9f-8981-82e87c0f64ba	132204708	132262700	fwd	17960	1082	15041	0	0.595331	0.010309	0.712346	-3	right	OV3_Cisp0
chr3	139107995	139115333	0080fe54-5158-4537-afce-10ee32397e10	139102457	139116451	rev	7338	2554	2727	0	0.553153	0	0.832604	-3	right	OV3_Cisp0
chr3	140636343	140647220	b1153ade-51e3-428b-accc-3b5de0f92004	140634559	140650364	rev	10877	3907	4338	0.014242	0.643947	0.011983	0.863834	-3	right	OV3_Cisp0
chr3	140938048	140952241	b0dfaaa3-a65f-4da8-b98f-c0135b8f0f73	140938042	140953244	fwd	14193	4280	7940	0	0.673156	0	0.904192	-3	right	OV3_Cisp0
chr3	142948635	142957548	ba2197b5-1f2f-48e5-8623-dc2bc0b6342b	142917766	142957552	rev	8913	4774	1574	0.001531	0.611792	0.030928	0.668041	-3	right	OV3_Cisp0
chr3	143849972	143862812	cd7c696f-ebce-45e5-a0d3-52aa57582d8c	143841084	143862819	rev	12840	3411	6691	0	0.380589	0.026478	0.578202	-3	right	OV3_Cisp0
chr3	147917420	147926154	b8959936-267f-41c5-bd30-c666c6883ac6	147916527	147932204	fwd	8734	4868	2021	0.019424	0.533094	0.094249	0.685304	-1	right	OV3_Cisp0
chr3	149452352	149468217	f348dd48-e689-4f86-80fc-4e810a3955e0	149440195	149468758	rev	15865	3911	9109	0.006829	0.651707	0.015491	0.794537	-3	right	OV3_Cisp0
chr3	152761622	152778218	2aa740d2-6baf-4a98-9a77-5454fca17e7b	152742453	152779930	rev	16596	5451	6412	0.004126	0.793192	0.032201	0.701405	-3	right	OV3_Cisp0
chr3	157274264	157279362	8c53acda-dd4f-4fb0-9a17-48a8d0028315	157267246	157279882	rev	5098	3681	1019	0	0.495686	0.006494	0.685065	-3	right	OV3_Cisp0
chr3	160528483	160544311	7f0aaeb8-9374-4957-91f5-5a0a33cd9b18	160525733	160562951	rev	15828	4268	10251	0.008302	0.527547	0.006722	0.895203	0.085932	right	OV3_Cisp0
chr3	161089995	161103924	054a773d-6157-4b25-a5c1-f144c26432f4	161089989	161106857	rev	13929	4729	8941	0.005732	0.859873	0.011783	0.928123	-3	right	OV3_Cisp0
chr3	161278876	161289307	2919354e-c8d9-454d-8672-7a41b17e0a17	161278466	161289314	rev	10431	2585	7561	0.032158	0.634855	0.0163	0.799919	-3	right	OV3_Cisp0
chr3	163143277	163152979	ba8a46a8-4487-4fd3-8e70-6c721c4ac0b2	163127936	163156374	fwd	9702	4853	1207	0.001615	0.617869	0.07635	0.521415	-3	right	OV3_Cisp0
chr3	163504498	163513985	49726732-0814-4dcf-b66f-f15302b95846	163483959	163513990	rev	9487	2845	3360	0	0.589718	0	0.693038	-3	right	OV3_Cisp0
chr3	166320844	166343454	40bbd6b7-16f2-4da6-adca-2b7396e78350	166320146	166395420	rev	22610	4557	13266	0.006452	0.573477	0	0.8514	0.101819	right	OV3_Cisp0
chr3	166380765	166386502	40bbd6b7-16f2-4da6-adca-2b7396e78350	166320146	166395420	rev	5737	2712	2532	0.040884	0.276243	0.059382	0.554632	0.633879	right	OV3_Cisp0
chr3	172355781	172383855	8ea447b0-8a10-4e48-8e6a-7e3bd536468d	172355769	172383863	rev	28074	4634	19889	0.042959	0.760541	0.003722	0.907704	-3	right	OV3_Cisp0
chr3	172605303	172613189	d34cb3c7-8282-4697-bc17-0ce0b0d3a0c5	172592641	172613194	fwd	7886	3513	1747	0.030675	0.368098	0	0.624424	-3	right	OV3_Cisp0
chr3	172690812	172698843	bd95de87-def6-495c-aae4-4d1723dc4ebd	172679291	172698970	fwd	8031	4926	1352	0.009852	0.412386	0.038462	0.576923	-3	right	OV3_Cisp0
chr3	173271492	173281609	35bf3e57-311b-449b-9500-140c96add55e	173266691	173281620	rev	10117	2168	6751	0	0.668561	0.002433	0.846107	-3	right	OV3_Cisp0
chr3	174354895	174366479	2ce14d2a-167f-43c4-807f-b3e4944dcbe6	174344865	174366484	rev	11584	2357	6618	0	0.808298	0.04113	0.772547	-3	right	OV3_Cisp0
chr3	174904312	174919121	0638e53c-61e2-47ab-aca5-ce4405431c00	174894506	174919460	rev	14809	2025	10510	0	0.840065	0.034074	0.723152	-3	right	OV3_Cisp0
chr3	177996074	178002163	6c67e3a5-5ca0-4d41-887a-9e1f416f5967	177996068	178006009	rev	6089	4892	527	0.018242	0.39801	0.070175	0.587719	-1	right	OV3_Cisp0
chr3	178976150	178988410	fb1a5942-0a81-4908-9cc1-f6797faffaa4	178974954	178989930	fwd	12260	4601	6362	0.011214	0.872032	0.025862	0.936303	-3	right	OV3_Cisp0
chr3	180349670	180377409	6eaaa71c-f48a-4665-a2ca-56baaf174b30	180341382	180379192	rev	27739	8053	16722	0.001225	0.582516	0.007291	0.809497	-3	right	OV3_Cisp0
chr3	185562495	185583776	7b50bdb7-2a6a-4fa5-b451-1ea52e779a64	185551594	185590730	fwd	21281	3276	13732	0.056133	0.497921	0.026375	0.714124	-3	right	OV3_Cisp0
chr3	187003999	187010747	d85910de-fd8a-4f60-a349-976f73360c00	186981916	187010756	fwd	6748	4019	1985	0.017807	0.516401	0.04908	0.564417	-3	right	OV3_Cisp0
chr3	190672402	190686249	7fea5d3b-fefb-4cfe-a42d-50604dd85876	190668712	190686313	rev	13847	6943	3446	0.006961	0.536427	0	0.881994	-3	right	OV3_Cisp0
chr3	190848514	190860656	c7e3a4b4-645e-419e-8e59-d263bb186e4b	190845012	190860746	fwd	12142	2670	7919	0.003851	0.810013	0.001595	0.849681	-3	right	OV3_Cisp0
chr3	194875957	194890776	ccd8af93-075b-4954-a264-3c2a3e986a9b	194875952	194898193	rev	14819	1692	12652	0	0.365854	0.023109	0.77461	-3	right	OV3_Cisp0
chr3	195844877	195852028	cf69607c-d04e-4204-8e97-739ec8474027	195835596	195852033	rev	7151	3726	1587	0.004969	0.823602	0.171053	0.681579	-3	right	OV3_Cisp0
chr4	4945922	4953508	1d963d59-a12d-4744-9943-0768599570df	4940503	4954832	rev	7586	5714	1454	0	0.333333	0.013055	0.655352	-3	right	OV3_Cisp0
chr4	10921268	10932656	a182768f-8484-458c-a3c9-f54ca604c444	10900751	10934938	rev	11388	1332	8735	0.022113	0.378378	0.030575	0.551977	-3	right	OV3_Cisp0
chr4	12314000	12324598	9bceb44f-723d-400f-9c2e-c03f6206a8f4	12312247	12328707	fwd	10598	5683	3888	0.00232	0.561485	0.003241	0.803079	-3	right	OV3_Cisp0
chr4	12926779	12935603	9a6221f0-52d9-4832-8ca7-b478d39506e3	12926090	12935621	rev	8824	1721	2826	0	0.697196	0.072189	0.668639	-3	right	OV3_Cisp0
chr4	14295966	14308288	ac45027f-f554-4809-8558-7b76d2251633	14288156	14311115	fwd	12322	4411	5464	0	0.770384	0.011796	0.881389	-3	right	OV3_Cisp0
chr4	14660153	14672132	88cc0505-b202-4bce-bd58-f758be05d8b1	14640469	14672138	fwd	11979	4546	4936	0.000555	0.478068	0.023546	0.59626	-3	right	OV3_Cisp0
chr4	18892309	18919174	d478cc99-74ee-49e4-b03e-c8d81ef40c12	18892302	18921316	rev	26865	8421	16100	0.00614	0.562548	0.024132	0.71951	-3	right	OV3_Cisp0
chr4	20338465	20347495	a5a78879-9c6b-42b9-93e1-641ac5e01eee	20332506	20347505	fwd	9030	3023	4940	0.00463	0.513889	0.003856	0.72365	-3	right	OV3_Cisp0
chr4	21019199	21036770	089f8f23-ea48-42d2-a6bb-f9162b9826ae	21008782	21036998	rev	17571	7804	5165	0.011383	0.834317	0.076197	0.658125	-3	right	OV3_Cisp0
chr4	28912581	28920698	e9a0ce85-c347-4ab3-90b2-e84d688d62aa	28912576	28921513	rev	8117	1881	4995	0.041602	0.594761	0.106246	0.673367	-3	right	OV3_Cisp0
chr4	36929744	36936191	f3bfe680-0d3a-4319-98e9-57f9e381d0db	36924310	36936199	fwd	6447	1324	4512	0	0.399497	0.003043	0.539554	-3	right	OV3_Cisp0
chr4	38833711	38845209	71d93b3e-7b27-4102-812a-e1af250d532c	38828214	38846839	fwd	11498	2954	7465	0.030596	0.644122	0.058791	0.704382	-3	right	OV3_Cisp0
chr4	49131220	49145237	61f7b1f1-7e93-4f56-bb3d-3c8c452c31da	49100735	49156637	rev	14017	10265	2004	0	0.137931	0	0.549645	0.619617	right	OV3_Cisp0
chr4	49118978	49121936	d24b7e15-b2d3-494c-b39c-c13f689488f4	49111601	49143536	rev	2958	1169	1789	0.144928	0.442029	0.126214	0.446602	-1	right	OV3_Cisp0
chr4	49126760	49132276	d24b7e15-b2d3-494c-b39c-c13f689488f4	49111601	49143536	rev	5516	542	2539	0.025	0.2125	0	0.541096	-3	right	OV3_Cisp0
chr4	49127187	49130176	d9a89cba-8326-4220-beb7-1428d27be158	49117434	49152864	fwd	2989	505	937	0.065089	0.289941	0.027523	0.737003	-1	right	OV3_Cisp0
chr4	49205056	49217319	5ada2ac9-31e2-4304-a50e-4445bb0a43fc	49205051	49217639	fwd	12263	2176	9098	0.001799	0.733813	0.028102	0.779507	-3	right	OV3_Cisp0
chr4	49636899	49642388	e0f2f26d-8a20-48c1-8043-b16f3a7728b6	49634725	49642393	fwd	5489	3041	2244	0.1	0.8	0.052356	0.667539	-3	right	OV3_Cisp0
chr4	49647942	49651312	9590c999-c4db-4001-8a4b-bdb1caaa02e4	49643912	49658098	fwd	3370	1077	562	0.021053	0.394737	0.063158	0.631579	-1	right	OV3_Cisp0
chr4	57339349	57352368	25509818-7096-430d-8bb8-568d500c23ef	57338515	57372305	fwd	13019	5045	7694	0.000603	0.524729	0.000379	0.892884	0.055912	right	OV3_Cisp0
chr4	62255608	62264956	df55aa91-5684-4698-9576-ddbe382c0fa8	62251198	62264972	fwd	9348	4027	4911	0.023967	0.833884	0	0.884533	-3	right	OV3_Cisp0
chr4	69044291	69052466	6e2e7ffb-2aeb-45cb-85bb-a1efdaff625a	69041104	69052471	rev	8175	4527	1212	0.005121	0.858083	0.056667	0.813333	-3	right	OV3_Cisp0
chr4	69878472	69902307	e5ade9d7-02dc-4fc4-a66d-bcdcfc5d21f9	69865475	69902855	fwd	23835	2115	20302	0.030129	0.835007	0.009798	0.88543	-3	right	OV3_Cisp0
chr4	72192183	72197144	a075526a-2923-4853-a5ae-a2fec59343e4	72189221	72197149	rev	4961	2719	1832	0	0.419126	0.009029	0.711061	-3	right	OV3_Cisp0
chr4	72909357	72922956	f4bb2745-d2c9-4b8b-866f-89a11d27536e	72902567	72922961	rev	13599	4540	7245	0.007728	0.818393	0.017188	0.864583	-3	right	OV3_Cisp0
chr4	78712648	78726207	dab8c191-e2b1-4042-b30f-7f920db0e04f	78712641	78727243	fwd	13559	5378	7942	0.017608	0.404989	0.011601	0.84594	-3	right	OV3_Cisp0
chr4	78786819	78802527	a22bb4ed-7d77-4c75-bd66-c5211fa6a5a3	78775347	78803093	rev	15708	5495	7290	0	0.659348	0.026403	0.811881	-3	right	OV3_Cisp0
chr4	80585992	80592654	a53edadc-1780-4cf2-bb89-00656e73a30e	80573933	80592660	rev	6662	2409	2702	0.007042	0.590141	0.038232	0.628435	-3	right	OV3_Cisp0
chr4	86365836	86375341	dd94b71c-4eca-40c5-9c84-a54f74ded1ec	86362162	86375352	fwd	9505	3450	4707	0	0.391051	0.012597	0.82655	-3	right	OV3_Cisp0
chr4	88957322	88975417	e40a5ee4-380f-444b-8bd2-bf36b4d0cf0d	88957031	88976759	fwd	18095	4367	10892	0.002545	0.831213	0.0116	0.875458	-3	right	OV3_Cisp0
chr4	96542635	96554019	95c270bb-0d50-4520-90ac-918e260685e4	96540229	96554023	rev	11384	3434	7647	0.002103	0.470032	0.00129	0.894624	-3	right	OV3_Cisp0
chr4	96804846	96823507	563943d8-41ac-408b-87a8-a967cbfd35b4	96802651	96824095	rev	18661	2268	12769	0	0.833555	0.017445	0.865316	-3	right	OV3_Cisp0
chr4	97576728	97598401	b23953d3-8bac-427a-8aee-f94e0adfae40	97575418	97617182	rev	21673	4574	16220	0.015723	0.642138	0.00732	0.881384	0.177445	right	OV3_Cisp0
chr4	102324306	102335840	6f03aef2-54fa-4acc-a121-b21aec14a203	102324301	102335847	rev	11534	3448	6338	0.088889	0.765657	0.001755	0.890742	-3	right	OV3_Cisp0
chr4	106541873	106563831	2483b9ea-9535-4487-b905-b97745f9f65f	106541865	106564754	fwd	21958	3919	16451	0.008964	0.855578	0.020561	0.869533	-3	right	OV3_Cisp0
chr4	109669771	109674993	10925959-b4d4-488d-9850-8b8616e4c820	109656780	109687527	rev	5222	1438	3039	0	0.355491	0.015504	0.595792	0.923308	right	OV3_Cisp0
chr4	110140055	110162652	6943e345-dbc8-4d15-bf65-7443f129bcff	110137508	110162656	rev	22597	6895	11936	0.00435	0.915901	0.053209	0.880965	-3	right	OV3_Cisp0
chr4	112478788	112485783	06de921e-09af-48be-8daf-d6eadc5a255a	112476406	112485801	fwd	6995	2638	1723	0.045989	0.544385	0.013825	0.762673	-3	right	OV3_Cisp0
chr4	114393173	114403844	d1f63565-fe5a-4d82-9646-259b772549d0	114388075	114405235	rev	10671	2222	5995	0.003026	0.928896	0.033523	0.893182	-3	right	OV3_Cisp0
chr4	121899711	121912256	5e4bb776-aff9-49db-b2ed-5467bc992141	121889963	121912261	fwd	12545	3351	7930	0.010091	0.798184	0.004556	0.904784	-3	right	OV3_Cisp0
chr4	123414524	123428040	587ab17e-ac0d-49cd-81c6-3dd806433e86	123406959	123428044	rev	13516	6942	5759	0.002083	0.526563	0.026387	0.772666	-3	right	OV3_Cisp0
chr4	140034550	140040320	f1c7f227-6602-4656-8061-f293c85257e6	140034546	140040332	fwd	5770	2060	2359	0	0.441006	0.025878	0.715342	-3	right	OV3_Cisp0
chr4	140214080	140228901	207a6d2a-5865-4205-973a-a95bb8c62fcd	140214072	140228917	fwd	14821	4097	7087	0.007993	0.880107	0.008221	0.925048	-3	right	OV3_Cisp0
chr4	141098004	141106857	77a2d4e5-0630-4705-9257-822b5d664560	141068693	141106864	fwd	8853	2937	3034	0	0.566545	0.00907	0.606576	-3	right	OV3_Cisp0
chr4	145392359	145400352	bc75ef09-d540-42b6-babf-770b3dcda150	145384305	145400358	fwd	7993	2285	2211	0.015464	0.335052	0.016847	0.607702	-3	right	OV3_Cisp0
chr4	146460669	146473948	c1bbc869-449e-40fb-a0c4-4f10f67e0039	146457636	146473954	fwd	13279	3536	7089	0	0.420901	0.001435	0.869856	-3	right	OV3_Cisp0
chr4	146473962	146484515	29972594-79a4-4796-8e0c-3c48edadf4a4	146463368	146484520	rev	10553	3855	4170	0.030257	0.593797	0.042712	0.809492	-3	right	OV3_Cisp0
chr4	148047866	148059922	2a381b20-61aa-42d3-b9bf-0f091b5f0b0c	148046792	148059928	rev	12056	5140	6490	0.009283	0.787342	0.082399	0.739618	-3	right	OV3_Cisp0
chr4	154834933	154850007	2c8aad6d-e6dc-4335-a25b-57b1e60f612f	154831798	154850254	rev	15074	3917	9466	0.00354	0.70885	0.019887	0.844548	-3	right	OV3_Cisp0
chr4	156750549	156764047	2265e983-9ab3-4c36-b224-fcee0d6015f7	156750541	156764051	rev	13498	2013	7517	0.043546	0.852255	0.018057	0.903267	-3	right	OV3_Cisp0
chr4	158482905	158507869	4d0d7249-0688-4aac-8bc3-95e8c2bad55b	158471614	158514094	rev	24964	4105	17635	0	0.487342	0.011592	0.817647	0.093166	right	OV3_Cisp0
chr4	159563600	159572015	9ae6ccda-6259-45a9-b769-708d5178304d	159555922	159572671	fwd	8415	1898	3972	0	0.431373	0.00443	0.801266	-3	right	OV3_Cisp0
chr4	159732529	159744156	16b6d400-ab7e-4192-bcc8-b3f931fc8080	159730858	159744170	fwd	11627	5614	3225	0.052027	0.846945	0.094256	0.782769	-3	right	OV3_Cisp0
chr4	160368393	160375961	8a980ab5-ffba-4025-ab62-b224e446d688	160362369	160375973	rev	7568	3141	3401	0.003777	0.730878	0.018943	0.7667	-3	right	OV3_Cisp0
chr4	166187850	166195437	2c859f38-8d43-481f-b5bd-890381bb1eb8	166187833	166198396	fwd	7587	1419	5797	0	0.533163	0.021216	0.756881	-3	right	OV3_Cisp0
chr4	166413775	166419121	e1351efa-5d98-4fae-9352-6004e4fbf490	166396128	166419431	rev	5346	1331	1010	0	0.663185	0.09319	0.523297	-3	right	OV3_Cisp0
chr4	170087167	170095884	22a3caa7-f6d1-4154-9852-b35641bf9749	170070157	170095891	fwd	8717	4264	3491	0	0.393939	0.020021	0.674394	-3	right	OV3_Cisp0
chr4	176659483	176672464	a25c5e56-ae18-40a1-891d-67c939d73627	176646495	176672473	fwd	12981	3041	9594	0.027382	0.683461	0.05583	0.728826	-3	right	OV3_Cisp0
chr4	177282389	177305492	fc77108e-3cb8-4acc-90a8-1ccc5a498096	177282384	177307408	fwd	23103	1471	20473	0.071429	0.666667	0.030394	0.675801	-3	right	OV3_Cisp0
chr4	177890494	177897242	52520da9-4a47-4d65-b177-603026d28e7b	177863179	177898018	rev	6748	3251	2484	0.017347	0.553061	0.011688	0.649351	-3	right	OV3_Cisp0
chr4	178237573	178243811	a535e148-8394-4870-b00c-6f30cb5636c6	178234067	178243815	rev	6238	1886	3999	0.018237	0.735562	0.032468	0.815399	-3	right	OV3_Cisp0
chr4	181840702	181849112	9c46cc78-ebc1-4875-bd64-9ea9b8f50ac9	181835086	181849400	fwd	8410	2123	4650	0.003906	0.390625	0.025187	0.623553	-3	right	OV3_Cisp0
chr4	182035364	182043323	72085a94-ed4f-4c2c-9353-24a059265b41	182029618	182044092	fwd	7959	3709	3949	0.006323	0.609756	0.004836	0.727273	-3	right	OV3_Cisp0
chr4	185124759	185137934	f5287d78-6b40-4073-87af-1d088f58a22b	185123557	185137942	fwd	13175	2788	7930	0	0.824128	0.019393	0.855296	-3	right	OV3_Cisp0
chr4	187229156	187242906	ef1ef889-3062-4258-a3fd-67a5baadd8ee	187227081	187265364	rev	13750	3297	6612	0.001826	0.43105	0	0.896216	0.211176	right	OV3_Cisp0
chr4	187426363	187450445	74372f43-c630-4713-9e51-0d6d7c9c21d8	187421087	187452645	fwd	24082	3691	17152	0.002092	0.793933	0.023941	0.68797	-3	right	OV3_Cisp0
chr4	187498409	187512704	09017d81-af66-4b9d-a2d6-c8ef03c4dd14	187492346	187516230	fwd	14295	4342	8237	0	0.741338	0.008326	0.861963	-3	right	OV3_Cisp0
chr5	2268468	2281010	8332b278-194a-4c76-82f8-fe62195e21cf	2265415	2281026	rev	12542	3734	5830	0.003382	0.365276	0.040702	0.653631	-3	right	OV3_Cisp0
chr5	2798392	2813563	7daec24e-d862-4120-b2dc-b1de51515dc2	2798381	2813843	fwd	15171	1579	12516	0.021142	0.591966	0.05123	0.735948	-3	right	OV3_Cisp0
chr5	12139711	12151386	080f8d57-0fef-4732-bf04-166ce1be15d4	12138908	12151394	rev	11675	2405	7884	0.018705	0.58705	0.006301	0.876688	-3	right	OV3_Cisp0
chr5	14773666	14789877	23f31ed0-e180-4948-a782-db45dd55b33c	14773660	14789884	rev	16211	1299	10118	0	0.729805	0.006791	0.89236	-3	right	OV3_Cisp0
chr5	15521085	15537681	b57b457a-b8dd-4437-b270-1f6d38913744	15521079	15537686	rev	16596	2493	10982	0.087407	0.69037	0.022536	0.862765	-3	right	OV3_Cisp0
chr5	17818676	17826925	11e921e8-8450-4438-9b4f-57f2c8b059d1	17818666	17826929	rev	8249	1783	3794	0	0.614458	0.026444	0.821851	-3	right	OV3_Cisp0
chr5	20955560	20974958	67773047-8b0a-4e4c-b983-d83430231ba8	20945673	20977035	rev	19398	2756	14957	0.018519	0.579365	0.01448	0.751615	-3	right	OV3_Cisp0
chr5	21370887	21382883	21f2f262-e2d3-4e02-89be-f596decaa4ff	21370881	21382920	rev	11996	2093	9595	0.0224	0.7088	0.010389	0.918901	-3	right	OV3_Cisp0
chr5	22490535	22501022	1d4869aa-b8fe-412a-aa05-27ee628d61c1	22464002	22515028	fwd	10487	7371	1329	0.014325	0.654344	0.081019	0.638889	-1	right	OV3_Cisp0
chr5	27655387	27673012	a8dc16df-dc1b-4bb7-82ef-fde682f311f4	27643938	27674310	fwd	17625	3796	12520	0.048265	0.542232	0.019217	0.757867	-3	right	OV3_Cisp0
chr5	32409260	32420372	d79417d7-8791-4f5d-8812-4d8c927cb9ea	32409252	32420984	fwd	11112	5009	4712	0.020785	0.454965	0.00712	0.904272	-3	right	OV3_Cisp0
chr5	34746759	34760879	3b45b5af-278d-4edb-b317-91ae148cf5c5	34728625	34763065	fwd	14120	4927	4481	0.007488	0.37917	0.004062	0.773355	-3	right	OV3_Cisp0
chr5	37053467	37073748	67c5371f-1b63-4b9f-9a90-4d574c2974ca	37046744	37076578	rev	20281	8289	9924	0.007084	0.875246	0.005042	0.877983	-3	right	OV3_Cisp0
chr5	37156660	37168882	a482c8e7-3c4a-4877-8ad8-11adae0deb34	37156655	37168888	fwd	12222	3376	8440	0.084592	0.705942	0.06453	0.7752	-3	right	OV3_Cisp0
chr5	37435409	37451348	c940f454-56d0-41b9-b608-c4e22ed64fd4	37435261	37459043	fwd	15939	5008	8387	0.010012	0.539458	0.004082	0.844898	0.165705	right	OV3_Cisp0
chr5	38765686	38772319	495c9f09-ea98-4a77-873c-69eb4b1d4d45	38761544	38772340	fwd	6633	2111	4143	0	0.540816	0.01779	0.770599	-3	right	OV3_Cisp0
chr5	39350430	39358639	d3005f96-4e62-4017-8218-269e09d0b1f4	39346928	39358950	fwd	8209	4710	2549	0.049498	0.468436	0.055637	0.562225	-3	right	OV3_Cisp0
chr5	41590189	41601481	8be13bc4-a628-41ff-bd2e-abab731a0d4c	41571004	41619378	rev	11292	3600	7253	0	0.628277	0.077343	0.613283	0.644044	right	OV3_Cisp0
chr5	41864221	41879364	d00227ee-9757-4ca6-badf-a23a1788b7b9	41861451	41879381	rev	15143	3065	9479	0.002101	0.847689	0.005551	0.908216	-3	right	OV3_Cisp0
chr5	43177769	43185952	472184db-6a52-4c81-bf8e-89e35784bbc5	43174582	43185960	rev	8183	4039	2505	0.005367	0.860465	0.065598	0.635569	-3	right	OV3_Cisp0
chr5	43589214	43597637	ed9cc195-49cb-4db4-945d-695fdc68a40b	43589062	43597643	fwd	8423	6001	1965	0	0.324242	0	0.882779	-3	right	OV3_Cisp0
chr5	45689942	45703734	91b4a13b-c3f5-40a8-a0d2-9684f31f42b4	45686902	45703738	rev	13792	1776	10696	0.004785	0.819777	0.053373	0.788802	-3	right	OV3_Cisp0
chr5	51254808	51261609	72714618-55e1-4976-ba94-fef5dc6a5569	51251594	51261615	fwd	6801	2497	1307	0	0.867365	0.054762	0.788095	-3	right	OV3_Cisp0
chr5	53036737	53052423	a35465e5-0895-4a95-88af-c0ceb7a3dea3	53031890	53052427	rev	15686	3341	10745	0.021505	0.72043	0.024227	0.862289	-3	right	OV3_Cisp0
chr5	53382124	53389869	974b8b05-cf9e-44d7-9eee-3ce77aee5c02	53369638	53389874	rev	7745	3693	2095	0.00682	0.357204	0.051462	0.671345	-3	right	OV3_Cisp0
chr5	54730062	54743695	67074bb6-d335-45a2-a800-7fe7bfa0b09f	54730056	54745592	rev	13633	3139	10285	0	0.857798	0.089563	0.733117	-3	right	OV3_Cisp0
chr5	54706781	54722813	5b479c60-6bd3-4c73-8f0a-dce81378fea0	54693072	54749167	fwd	16032	3828	11957	8e-04	0.428	0.016747	0.723671	0.256934	right	OV3_Cisp0
chr5	61707359	61719390	ed871921-2dca-4de6-afb7-3608fa5bba12	61690737	61719411	fwd	12031	1844	6799	0.060362	0.458753	0	0.816667	-3	right	OV3_Cisp0
chr5	80662828	80673070	a63fa8d8-3031-4623-9ba2-af694fba1ca5	80651785	80674211	rev	10242	3356	3391	0.004193	0.463312	0.005274	0.809072	-3	right	OV3_Cisp0
chr5	82378355	82393532	5e55dd60-8fcd-421a-b249-d9c326c2b68c	82378350	82397537	fwd	15177	1694	11633	0.046729	0.523364	0.000598	0.863419	-3	right	OV3_Cisp0
chr5	86022101	86034284	1e5ce467-0fb6-43fb-b158-fc68a5e3d461	86013107	86035208	rev	12183	3565	6219	0.003165	0.816456	0.014902	0.814263	-3	right	OV3_Cisp0
chr5	88845326	88852355	152b6ed2-1454-41f7-a869-cc09ddcfa2c3	88840806	88852360	fwd	7029	4547	2189	0.001417	0.840539	0.00607	0.85736	-3	right	OV3_Cisp0
chr5	89508832	89519670	a5fb4ea6-c362-4ae6-99c1-bf5ae6e85f5f	89502581	89520615	rev	10838	5621	1896	0	0.774289	0	0.955036	-3	right	OV3_Cisp0
chr5	90611370	90620620	97ea3633-ef2c-4e91-a055-c4a45a56f3dc	90590297	90655714	fwd	9250	3614	5208	0.022394	0.475452	0.009076	0.830219	0.239361	right	OV3_Cisp0
chr5	91400253	91407929	42199ab1-0fc3-4235-beb8-f8c30887bb42	91400193	91408327	rev	7676	1220	6112	0.169173	0.654135	0.083853	0.825496	-3	right	OV3_Cisp0
chr5	95749038	95759106	50463081-ed90-4bf5-abd5-04be4cc5c5b6	95749033	95759116	fwd	10068	2122	5873	0.066556	0.670549	0.062634	0.802998	-3	right	OV3_Cisp0
chr5	100108936	100117376	17d8de59-4783-4a11-a6ee-6a53a67ff085	100090527	100117383	fwd	8440	4080	2984	0.001681	0.718487	0.023058	0.675971	-3	right	OV3_Cisp0
chr5	100161736	100173988	19b911ba-ef3b-4466-a90b-ccab419febd8	100154487	100173992	rev	12252	7261	4187	0.011011	0.374388	0.108057	0.505309	-3	right	OV3_Cisp0
chr5	104219859	104227465	e303e8e1-bf45-448f-95f2-df59faf73a9b	104201733	104227531	fwd	7606	3133	4151	0	0.797798	0.049339	0.669604	-3	right	OV3_Cisp0
chr5	109731910	109744393	7e913d1a-998d-4640-97b2-a11e0ed4aef7	109726631	109744398	rev	12483	4934	6110	0	0.780579	0.032126	0.835954	-3	right	OV3_Cisp0
chr5	111557793	111581359	d0b508c6-1b05-4d21-9c16-03baafd80ce1	111557786	111586340	fwd	23566	4005	15004	0.014112	0.833226	0.007748	0.920068	-3	right	OV3_Cisp0
chr5	117465265	117482495	073c8bd5-b1d8-4d56-aa64-a00a16b06dcc	117450498	117482661	fwd	17230	4631	11080	0.005889	0.774441	0.050827	0.70406	-3	right	OV3_Cisp0
chr5	117769357	117782149	da0c7b57-27e2-4ba6-8321-918265fc503a	117764757	117785233	rev	12792	1604	10385	0.02544	0.630137	0.040925	0.808126	-3	right	OV3_Cisp0
chr5	121332925	121352468	22c67831-fd7d-4085-bf25-76c17742acde	121317288	121358058	fwd	19543	2903	14567	0	0.573548	0.00964	0.670523	-3	right	OV3_Cisp0
chr5	129307858	129320456	b7a2efbe-2356-4ae6-b56c-4f9f47087582	129301631	129325542	rev	12598	2515	7486	0	0.741329	0.011815	0.749055	-3	right	OV3_Cisp0
chr5	132732674	132743553	e9061652-77db-4943-8693-6ca51a29d857	132731013	132753873	fwd	10879	2718	7899	0	0.559392	0.004182	0.850272	0.665386	right	OV3_Cisp0
chr5	136750237	136765421	17612288-6ed6-4897-bebf-450082c8c96f	136743984	136766562	rev	15184	2532	10867	0.015025	0.819699	0.033168	0.810591	-3	right	OV3_Cisp0
chr5	143183136	143197965	e8fb3b4d-c5c2-473a-8a70-3f26e513f3db	143183129	143207408	rev	14829	3882	8768	0.00996	0.826693	0.013323	0.898903	0.181724	right	OV3_Cisp0
chr5	149792172	149801995	07045eeb-4dd7-4c8c-827a-73ef048f0f07	149766581	149802013	fwd	9823	4686	4726	0.003463	0.505628	0.023333	0.721667	-3	right	OV3_Cisp0
chr5	152179178	152190727	9d93e611-7519-490d-9fe7-fe6c19196420	152179169	152190732	rev	11549	3261	5754	0.052144	0.837775	0.016677	0.881976	-3	right	OV3_Cisp0
chr5	159390532	159404454	c0ca3d67-2608-4473-8632-20471fdaaa89	159384109	159404459	fwd	13922	4500	8218	0.045865	0.607519	0.044525	0.659246	-3	right	OV3_Cisp0
chr5	164638355	164648546	72353df8-a869-401f-906d-180b28ed62e7	164628007	164648573	rev	10191	4609	3855	0.009696	0.387201	0.044953	0.628499	-3	right	OV3_Cisp0
chr5	164838367	164846510	ce45973d-dc34-4c3f-9fae-3cb2fea2ddfd	164838362	164848557	fwd	8143	3296	1510	0.042105	0.764912	0.008347	0.903172	-3	right	OV3_Cisp0
chr5	170643739	170654001	929d80df-91e3-4490-a455-eb64b744e971	170636045	170656760	rev	10262	4136	4572	0	0.770099	0.006275	0.880784	-3	right	OV3_Cisp0
chr5	174056120	174060523	5abaed00-4861-4db6-a611-95abacd2582d	174050969	174068214	fwd	4403	1242	1098	0	0.375	0	0.478261	0.262336	right	OV3_Cisp0
chr5	175604598	175614541	b580c573-6fdb-4686-b797-80115218243b	175599784	175614547	fwd	9943	3535	4183	0.004499	0.706412	0.003697	0.896488	-3	right	OV3_Cisp0
chr5	178337169	178353593	1c1f8316-191f-4388-b0da-55b147ce13d7	178336083	178365399	fwd	16424	4550	11541	0.029472	0.661585	0.023973	0.822298	0.204567	right	OV3_Cisp0
chr5	178380560	178388752	3036fbd3-7455-4d96-8538-53d9eea84b0a	178380553	178390341	rev	8192	3470	1224	0.005731	0.588825	0	0.940959	-3	right	OV3_Cisp0
chr5	178469704	178483422	1490243d-97c6-4668-a144-7a93fa415573	178469696	178483949	fwd	13718	2321	9670	0.086106	0.671233	0.064799	0.78021	-3	right	OV3_Cisp0
chr6	8160962	8167690	d3b52ead-16fc-42bc-b8a0-122d6d061b92	8160958	8167696	fwd	6728	1881	4437	0.007273	0.887273	0.037719	0.883333	-3	right	OV3_Cisp0
chr6	8630650	8659165	515b24dd-bd5c-4040-9e5d-be82cf851a09	8630645	8677185	rev	28515	6378	19054	0.028944	0.381385	0.027544	0.667791	0.658646	right	OV3_Cisp0
chr6	14502924	14521385	7e5f560f-fff2-4adc-b166-4bd67db4ce3c	14488703	14522712	rev	18461	3111	11805	0	0.745721	0.003795	0.832701	-3	right	OV3_Cisp0
chr6	18529473	18538118	9acecfb4-7b1b-482f-8acc-c72e8b6ec8d0	18523958	18538124	rev	8645	5456	1445	0	0.287114	0.070175	0.566416	-3	right	OV3_Cisp0
chr6	20708595	20717533	9f81dba9-e52e-435f-8a05-75170029df7c	20708590	20717545	rev	8938	1681	5712	0.008753	0.870897	0.008881	0.931912	-3	right	OV3_Cisp0
chr6	22970990	22978310	fdbaac07-e8e2-400d-855d-078220da3e89	22964007	22978316	fwd	7320	5406	1301	0.010989	0.785027	0.046358	0.543046	-3	right	OV3_Cisp0
chr6	25039195	25052974	74685b69-930f-4657-8ce7-362924f658af	25032236	25053581	fwd	13779	2572	6380	0.005472	0.77565	0.009554	0.825478	-3	right	OV3_Cisp0
chr6	26847340	26852041	988c9cc7-2d89-4e92-bff3-cf68569ec454	26847334	26865907	rev	4701	2032	2167	0	0.373178	0.040868	0.625798	-1	right	OV3_Cisp0
chr6	34803997	34815500	dbd7513e-c575-426d-8ba7-2c79b856ac1f	34793566	34815508	fwd	11503	3931	7065	0	0.741459	0.0045	0.798	-3	right	OV3_Cisp0
chr6	36401322	36410391	651b7f6e-b978-4a78-99c3-cad605227668	36401316	36410396	rev	9069	1531	3798	0.006036	0.549296	0.008257	0.873394	-3	right	OV3_Cisp0
chr6	36680375	36692970	54490c18-29f0-4c73-acbd-fb70ccfbf8dc	36680365	36698014	fwd	12595	4073	6843	0.08577	0.586745	0.019674	0.885329	-3	right	OV3_Cisp0
chr6	48112455	48119804	2f64dfc3-7d5f-4982-a5c2-0af0b4f37975	48094352	48119809	fwd	7349	3487	3409	0	0.412963	0.005792	0.699807	-3	right	OV3_Cisp0
chr6	49608569	49616456	c754cc74-9008-450e-b6da-6e2995fd179a	49586844	49616462	fwd	7887	1538	3786	0	0.279503	0.013575	0.529412	-3	right	OV3_Cisp0
chr6	55351940	55361340	b93b125d-5fbe-4f96-865d-7bd7dd119c6b	55351936	55361347	fwd	9400	4348	3700	0.01831	0.835915	0.063847	0.759536	-3	right	OV3_Cisp0
chr6	57555174	57566515	ede527c2-7498-4852-b802-07433388320e	57546818	57566523	fwd	11341	3731	5201	0.01973	0.573209	0.015303	0.802825	-3	right	OV3_Cisp0
chr6	74689689	74695411	73b3162e-5b4a-48a4-ad3d-ee669821c451	74686911	74698789	rev	5722	2337	3012	0.032012	0.530488	0.014418	0.805355	-3	right	OV3_Cisp0
chr6	75084162	75095068	bae2ab91-6f5c-4023-8b6b-a7861b9902b1	75076955	75095073	fwd	10906	4072	5166	0.006312	0.713255	0.000668	0.888444	-3	right	OV3_Cisp0
chr6	83623856	83628846	2bb59ee2-07c0-4778-9f95-68b263c0f50f	83619408	83628859	fwd	4990	2195	1920	0	0.8019	0.038208	0.722003	-3	right	OV3_Cisp0
chr6	84481053	84493854	8486dcc5-e1cc-435f-949c-da268f28e9c4	84480281	84493858	rev	12801	1474	8132	0.028081	0.383775	0.009713	0.852758	-3	right	OV3_Cisp0
chr6	85404143	85425115	259277d1-b418-4a2a-a28a-032941bcff74	85404135	85426520	rev	20972	3891	14148	0.012948	0.714143	0.009737	0.863681	-3	right	OV3_Cisp0
chr6	85529224	85551544	294b79cd-fd3d-4f9a-a124-0d56b6b8524a	85528684	85552472	fwd	22320	7678	12109	0.012013	0.781355	0.014252	0.893252	-3	right	OV3_Cisp0
chr6	90075098	90094438	73fa1f20-21f8-4e51-a61b-1fe590f54a20	90065738	90101961	fwd	19340	3501	14705	0.03556	0.493534	0.028727	0.581197	0.474128	right	OV3_Cisp0
chr6	90573757	90582608	f36136ea-c12a-4316-a674-cecea37e3ccc	90568168	90582623	fwd	8851	5282	3250	0.001505	0.454477	0.036857	0.70805	-3	right	OV3_Cisp0
chr6	92624465	92633112	80938786-c88a-449a-ac9b-342967dcc9bf	92611948	92633122	fwd	8647	4051	3079	0.006475	0.441258	0.002985	0.773134	-3	right	OV3_Cisp0
chr6	93402604	93413577	4a1a2eb4-8c4a-4c61-8cbd-a058ba72e4d2	93387664	93419116	fwd	10973	1777	8474	0.043033	0.372951	0.029223	0.609408	-3	right	OV3_Cisp0
chr6	98293716	98313357	cc2acf10-4efa-405b-9cab-685c48d6c25a	98293708	98313884	fwd	19641	1970	17360	0.009119	0.674772	0.040036	0.835548	-3	right	OV3_Cisp0
chr6	102123226	102139718	b02414b7-2bae-44f0-990a-80bc48f96722	102110709	102139722	rev	16492	4718	11213	0.001926	0.777279	0.006382	0.879896	-3	right	OV3_Cisp0
chr6	105520973	105531077	6a6d7807-52cc-47cf-b6d5-d825b18a343c	105515257	105531081	rev	10104	3455	3753	0	0.527691	0.003791	0.871873	-3	right	OV3_Cisp0
chr6	106627947	106640910	69fe2d82-61d8-4ca3-a1e5-ed5acc9cab57	106588915	106640914	rev	12963	6018	4044	0.003785	0.285174	0.003024	0.540323	-3	right	OV3_Cisp0
chr6	110252898	110268605	ca4c3117-f25b-46ca-abe8-eb56800f61fb	110239532	110270212	rev	15707	4258	6626	0.004573	0.55564	0.029204	0.620796	-3	right	OV3_Cisp0
chr6	113748632	113765021	27e25e62-6d5a-4f97-ada3-d65be23b4427	113741958	113765026	rev	16389	3381	9419	0	0.799603	0.056416	0.758112	-3	right	OV3_Cisp0
chr6	121870858	121879052	c7ef469c-85ab-47e8-b295-a97435fb0ed8	121861525	121911644	fwd	8194	2038	4163	0.001779	0.286477	0.007874	0.667717	-1	right	OV3_Cisp0
chr6	122206476	122221574	d4279e0f-5bf7-4c05-b078-d33289ad25a3	122206470	122221772	rev	15098	3375	9913	0	0.539867	0.012109	0.866804	-3	right	OV3_Cisp0
chr6	122813861	122827920	d9b62e46-b1f7-4883-98ca-b33b5bc8ab1f	122813855	122827926	fwd	14059	1174	8888	0.167139	0.600567	0.010054	0.868941	-3	right	OV3_Cisp0
chr6	129876355	129886007	6b833286-480b-4181-821c-349d10a41d4c	129876062	129886012	fwd	9652	5108	1188	0.007107	0.279695	0.00274	0.586301	-3	right	OV3_Cisp0
chr6	132435998	132448952	7f6bbd11-2525-4db5-96f3-1816ff916241	132430886	132473351	rev	12954	5774	6751	0.006398	0.65643	0.028096	0.591051	0.980777	right	OV3_Cisp0
chr6	138344776	138353641	d0d1286a-2a46-4144-9897-ff5287d5a6d7	138343441	138353651	rev	8865	2344	4758	0	0.514357	0.052921	0.797938	-3	right	OV3_Cisp0
chr6	145003186	145015095	b5f722db-5a11-4d81-a10c-c4db72a4c4e6	144985017	145015739	fwd	11909	3126	6976	0.03125	0.342742	0.00164	0.716238	-3	right	OV3_Cisp0
chr6	145484744	145488478	587b5dd4-fd3d-40b2-9e15-d1f9c7463461	145480038	145509840	fwd	3734	1872	1497	0	0.385081	0	0.865385	-1	right	OV3_Cisp0
chr6	151377322	151384544	0a716762-1b55-484d-8bf7-650a86df8633	151369903	151384550	rev	7222	2435	1888	0	0.418045	0.014644	0.589958	-3	right	OV3_Cisp0
chr6	155138387	155149297	9f7dd7bd-b81d-4756-8310-f5f7acc14d7e	155108864	155149302	rev	10910	5383	4737	0.001463	0.347476	0.016245	0.649819	-3	right	OV3_Cisp0
chr6	161959105	161965509	813771b8-c77a-4a7f-94f0-3dacce7add3a	161952416	161965513	rev	6404	2877	1835	0	0.464242	0	0.599284	-3	right	OV3_Cisp0
chr6	164252150	164265350	eabf1c87-68ae-4eae-9b60-0bd075f83fea	164236155	164265354	rev	13200	2960	6478	0	0.651109	0.052342	0.535537	-3	right	OV3_Cisp0
chr6	165716944	165730790	fb4dc9f1-faad-4cc7-852f-51d6cf0a40d0	165716939	165737557	rev	13846	6550	6519	0.012435	0.610363	0.062466	0.639742	0.372918	right	OV3_Cisp0
chr6	168518550	168524622	3c0093d5-4034-4bf6-a5e3-22b66e1243db	168518545	168524628	fwd	6072	2489	3218	0.007874	0.695538	0.028835	0.815456	-3	right	OV3_Cisp0
chr6	169502785	169515035	ef1c7149-f8db-4676-af4f-36e8a2a04611	169501961	169515088	fwd	12250	3176	5893	0.008178	0.911215	0.112394	0.781288	-3	right	OV3_Cisp0
chr7	2389656	2402513	38988372-2078-40bb-83f7-c8e9c418e702	2389645	2419066	fwd	12857	4336	4610	0.01641	0.50359	0.023397	0.811958	0.141515	right	OV3_Cisp0
chr7	19142100	19147924	1a69f5a0-cc55-4a05-acfe-ad4cd96a24cc	19132811	19147929	fwd	5824	2963	1371	0	0.345333	0.088115	0.446721	-3	right	OV3_Cisp0
chr7	21447303	21456005	43ae0014-2366-4d40-b525-9c2e7df02c53	21441341	21472049	fwd	8702	3226	4524	0.003933	0.72763	0.059236	0.670304	-1	right	OV3_Cisp0
chr7	25550746	25560248	5b163bba-3bd5-4596-ab92-56480268fef1	25543842	25578050	fwd	9502	4272	4929	0.005141	0.596401	0.037262	0.673004	0.548553	right	OV3_Cisp0
chr7	27768878	27775859	0f1b558a-a0a7-47e0-8e6e-7023f1655e79	27758490	27775867	rev	6981	1898	4715	0.009804	0.354575	0.014116	0.806092	-3	right	OV3_Cisp0
chr7	29076000	29100619	00c645c4-3364-4589-8b89-a8fd5ffe4bc9	29055962	29100692	fwd	24619	4044	19470	0	0.873995	0.034374	0.728596	-3	right	OV3_Cisp0
chr7	30867982	30879110	0f9a7f59-86e5-4dbc-bf3b-48e16d162c4a	30860317	30879116	fwd	11128	3074	5239	0	0.731009	0.074788	0.644564	-3	right	OV3_Cisp0
chr7	37629568	37658790	50ab17c5-bd02-4d34-86b1-98ae44927f6d	37626035	37668306	fwd	29222	2595	23241	0.003537	0.820513	0.026107	0.743103	0.056414	right	OV3_Cisp0
chr7	40457261	40470561	82d01c96-547e-48f3-92c9-005349d70edc	40441659	40471072	rev	13300	2179	6293	0	0.738211	0.008977	0.771993	-3	right	OV3_Cisp0
chr7	43391668	43400966	91fd3f79-922b-4ac8-8d3a-3b5748c159bc	43391649	43416095	rev	9298	2534	5886	0.009845	0.824191	0.001147	0.880092	0.214597	right	OV3_Cisp0
chr7	45008625	45016522	30810c4a-5aac-4c43-8405-0e14752a86f3	45008619	45037687	fwd	7897	4629	1064	0.003245	0.680078	0.145833	0.565972	-2	right	OV3_Cisp0
chr7	45111582	45127922	aa3e022a-155b-4268-855b-8c2bb4d4e546	45107394	45130087	fwd	16340	5706	8252	0.018216	0.451005	0.011076	0.774262	-3	right	OV3_Cisp0
chr7	62343501	62349506	2224c52a-ef9d-4f46-ba05-7350bab12a5f	62343496	62358864	rev	6005	4152	1425	0.034542	0.618307	0.025	0.8375	-1	right	OV3_Cisp0
chr7	62660112	62666696	669339bb-5186-4d33-8778-a34ed492f94b	62650528	62666704	fwd	6584	4540	1534	0	0.428773	0	0.543524	-3	right	OV3_Cisp0
chr7	66448194	66457995	5b289423-3a91-4ea3-a352-723b4a701dbb	66443749	66457999	rev	9801	5817	3595	0.010826	0.794302	0.041061	0.735672	-3	right	OV3_Cisp0
chr7	71632453	71645462	e0d2deb4-27e8-44ca-b61c-be0ff737b302	71632445	71645471	rev	13009	4996	3950	0.062151	0.793625	0.04304	0.848901	-3	right	OV3_Cisp0
chr7	76085476	76089344	0b6ac1ea-f42f-41dc-82ab-e52e7cc1f3c5	76078765	76089350	fwd	3868	1045	2541	0.031802	0.508834	0.017214	0.782473	-3	right	OV3_Cisp0
chr7	81117317	81131689	6c6a654e-c1c3-4505-b1b9-28161971d404	81112299	81135223	rev	14372	2783	8489	0.026144	0.631373	0.016343	0.835546	-3	right	OV3_Cisp0
chr7	83867595	83889614	e3cf787f-f4f5-4af9-ae4e-df098925c72e	83865749	83889714	fwd	22019	3801	17637	0.050971	0.588997	0.033873	0.735109	-3	right	OV3_Cisp0
chr7	87476987	87483832	0abf8711-537e-4e70-9a77-ccd5f6a4466e	87458676	87483838	fwd	6845	2897	3342	0.020471	0.509724	0.056624	0.555556	-3	right	OV3_Cisp0
chr7	90644621	90661054	bdfc5fbd-a782-4d00-8d84-c05037434275	90644616	90679222	rev	16433	3738	12133	0.029326	0.811339	0.052862	0.794949	0.208491	right	OV3_Cisp0
chr7	108762282	108775470	1e64d14e-a504-417b-b1ca-a1b0f06da5a6	108754514	108775475	rev	13188	4502	5653	0.018127	0.545317	0.064721	0.593274	-3	right	OV3_Cisp0
chr7	110891823	110897957	06dba6b3-9004-4093-a692-5fcc080514b5	110883035	110897962	rev	6134	986	1107	0	0.827044	0.147287	0.679587	-3	right	OV3_Cisp0
chr7	113273433	113283775	8ba5f44f-d166-466f-86be-452d3f2bb61f	113265953	113283782	fwd	10342	5101	3902	0.000727	0.670058	0.080944	0.62226	-3	right	OV3_Cisp0
chr7	113977807	113985170	b3f373a6-2b5d-4530-a421-358b99fb3eee	113958902	113985175	fwd	7363	4429	2137	0.003127	0.598124	0.013255	0.480118	-3	right	OV3_Cisp0
chr7	118480128	118488346	ac3d8f9e-1029-44c1-bb1b-1c0d83da6130	118440334	118493530	fwd	8218	3286	4474	0.022245	0.53185	0.035688	0.718864	-3	right	OV3_Cisp0
chr7	119105580	119117454	13a3c1b3-56ce-40b9-87d4-913ce54f4a12	119103853	119121465	fwd	11874	2602	4538	0.023697	0.734597	0.067995	0.67033	-3	right	OV3_Cisp0
chr7	122295366	122300878	5b390053-d24d-4385-bc22-3b035d7eb5ae	122295361	122300882	rev	5512	1935	3117	0.056338	0.795775	0.002721	0.92381	-3	right	OV3_Cisp0
chr7	124450671	124471252	762a1866-5d06-4117-b336-aa110dfa4425	124436500	124471256	rev	20581	5111	11086	0	0.553178	0.00986	0.77691	-3	right	OV3_Cisp0
chr7	131874688	131890503	94aa59f5-c1f7-4e7d-91cf-1f941bc87cc4	131874683	131890714	fwd	15815	2745	12754	0.058993	0.830216	0.043686	0.795931	-3	right	OV3_Cisp0
chr7	134652862	134663153	a96b3f03-279e-436b-9d60-1d0aee7af7d7	134650308	134663158	fwd	10291	4560	2770	0	0.517871	0.001212	0.883636	-3	right	OV3_Cisp0
chr7	140776323	140788165	2b8a488f-01a1-4267-ae42-d6fe2f2ac376	140771497	140788176	rev	11842	4011	7495	0	0.810236	0.061584	0.741098	-3	right	OV3_Cisp0
chr7	143890265	143903352	35868066-e734-45f9-ba8e-a164f077bdf3	143863851	143903357	fwd	13087	4912	7624	0.02044	0.441824	0.088189	0.554331	-3	right	OV3_Cisp0
chr7	149390381	149400966	17976c77-99ba-4157-bd53-dc1e1f1a48a8	149382518	149406560	fwd	10585	4558	4904	0	0.779163	0.017442	0.773256	-3	right	OV3_Cisp0
chr7	150009889	150018836	c1d27905-fa59-4fa6-bffc-a05d905fde3b	149997072	150018840	rev	8947	4168	2909	0.025093	0.695167	0.039548	0.631356	-3	right	OV3_Cisp0
chr7	156660391	156665797	afa02897-40af-48de-a7e4-ac37a3710006	156658221	156665805	rev	5406	2421	2661	0	0.561514	0.001167	0.905484	-3	right	OV3_Cisp0
chr7	157001144	157012353	163d370a-320e-4120-8738-0d80903d1b06	156999538	157013293	rev	11209	4323	5478	0	0.589773	0.033498	0.588177	-3	right	OV3_Cisp0
chr7	157581263	157588123	f50dcd04-c80d-42cc-a3a0-a8af3187ec8b	157571946	157589296	rev	6860	2949	2542	0.003695	0.487685	0.026834	0.613596	-3	right	OV3_Cisp0
chr7	158576422	158586161	4a783407-a6e8-49c3-a570-3b82d5fcb516	158563278	158586722	fwd	9739	3407	3009	0	0.524005	0.00158	0.770932	-3	right	OV3_Cisp0
chr8	6965682	6978485	3df49533-9cd1-46ce-9cee-f80d09fdd926	6963789	6984561	fwd	12803	4459	8105	0.011494	0.595238	0.009403	0.861307	-3	right	OV3_Cisp0
chr8	8533780	8541116	36e5710d-cf6e-475a-be6d-cb7bfa25b19b	8498432	8541122	rev	7336	1840	3611	0	0.266393	0.014623	0.610799	-3	right	OV3_Cisp0
chr8	15483906	15498005	0687532e-c49b-4a29-b2a1-6ac6512a1744	15478403	15519144	fwd	14099	4008	5874	0.012632	0.523509	0	0.885954	0.109753	right	OV3_Cisp0
chr8	16695703	16709460	181f50b1-0822-4094-8b56-2c930991802e	16695691	16736766	fwd	13757	3541	9757	0	0.821577	0.106657	0.707215	0.353279	right	OV3_Cisp0
chr8	20949705	20964435	d490dd0e-c94b-4028-935f-3a54daa8beb7	20941504	20985649	rev	14730	4544	6185	0.002299	0.526437	0.00046	0.823827	0.033283	right	OV3_Cisp0
chr8	26170001	26176751	396b60fe-04ef-4064-8789-0fcf38ffa1c9	26168115	26176758	rev	6750	1287	3391	0.002519	0.415617	0.003	0.859	-3	right	OV3_Cisp0
chr8	26575616	26587044	2d7e45e1-0ba5-49c7-962d-f4e916566baf	26548653	26593280	rev	11428	3646	5309	0.002821	0.35402	0.017364	0.662194	-3	right	OV3_Cisp0
chr8	27648229	27654409	06436faa-d13a-4c68-bb12-d9db5ff13e01	27640080	27654559	rev	6180	1428	1141	0	0.243499	0.088496	0.489676	-3	right	OV3_Cisp0
chr8	27729216	27742077	5afb3647-c882-493d-93cf-3e7874888bbd	27728564	27756345	rev	12861	3863	5594	0.000984	0.86811	0.011993	0.914906	-1	right	OV3_Cisp0
chr8	27854147	27867092	eea2d234-53d8-41c9-b281-afe7ce6a23d7	27840800	27868137	fwd	12945	2520	9185	0	0.403292	0.002157	0.832434	-3	right	OV3_Cisp0
chr8	29775520	29782527	cdd95965-8f99-4377-9bbb-ff1877087bad	29760820	29782532	rev	7007	4433	2161	0.013367	0.412698	0	0.688496	-3	right	OV3_Cisp0
chr8	33960863	33982345	589941ca-35a6-4933-96d0-52d5defae47f	33949369	33994538	fwd	21482	6606	13342	0.009547	0.526651	0.012297	0.660126	0.502354	right	OV3_Cisp0
chr8	34954445	34965970	14d91de4-b94b-428b-95ba-e63eef53be17	34954440	34965975	fwd	11525	3714	4104	0.013298	0.655142	0.028986	0.731884	-3	right	OV3_Cisp0
chr8	37974053	37981664	05c6b53e-6e2b-45e2-8cc9-f854ccd76d42	37960870	37986444	fwd	7611	4448	1534	0	0.691282	0.028205	0.651282	-3	right	OV3_Cisp0
chr8	38193131	38216091	e67b6385-3c2e-450c-a5f0-77fbfc0db8c3	38193123	38216096	fwd	22960	1399	18795	0.172662	0.70024	0.015361	0.798616	-3	right	OV3_Cisp0
chr8	42709129	42719216	4c82dbb4-195e-43e6-a261-58f193a3a74b	42701581	42724027	fwd	10087	1826	7172	0	0.518443	0.008228	0.611081	-3	right	OV3_Cisp0
chr8	47429837	47448011	f1400318-9b5d-4b47-8696-874afee68b45	47420848	47448020	rev	18174	5782	10511	0.023118	0.573976	0.010567	0.784431	-3	right	OV3_Cisp0
chr8	48314679	48331669	107686ff-9126-42f7-b098-b14cfdf0682f	48314165	48348746	rev	16990	1541	13467	0.103245	0.471976	0.011534	0.823241	0.075277	right	OV3_Cisp0
chr8	48694325	48721270	8e6b5ea3-1452-4305-8ae1-efd8bca2e31e	48679763	48721962	fwd	26945	2827	23800	0	0.338782	0.028112	0.74629	-3	right	OV3_Cisp0
chr8	53050781	53067068	965b5db9-71c5-4560-966a-95de39cad94e	53026886	53067073	fwd	16287	2280	9405	0	0.384804	0.013296	0.669621	-3	right	OV3_Cisp0
chr8	61997072	62011237	71f5a775-7385-4fd3-ae90-3a96b08d41aa	61996000	62018877	fwd	14165	4008	8138	0.025641	0.566239	0.021002	0.815274	0.545804	right	OV3_Cisp0
chr8	66694599	66705186	fda1a8a9-98e4-4532-9902-2e2423783781	66694569	66717121	rev	10587	1423	7152	0.042453	0.775943	0.012873	0.88311	0.04654	right	OV3_Cisp0
chr8	70043292	70046756	2186651a-93df-48cf-a8ca-441cb535a29f	70038676	70046762	fwd	3464	1659	1295	0	0.465565	0.051282	0.558405	-3	right	OV3_Cisp0
chr8	73960153	73968517	85ed6796-2037-4dd1-8df9-4ed720377c84	73960149	73968523	fwd	8364	4950	2002	0.000747	0.500373	0.003396	0.7691	-3	right	OV3_Cisp0
chr8	74567327	74595558	b6982672-a841-46e0-9c14-4947e6b44d5d	74564171	74595564	fwd	28231	7177	17591	0.000933	0.842744	0.015091	0.882904	-3	right	OV3_Cisp0
chr8	75134100	75152479	d0c477cc-c33b-446a-8cc8-37e8717801a3	75130443	75152559	rev	18379	5439	9067	0.006309	0.781073	0.000676	0.906387	-3	right	OV3_Cisp0
chr8	75817514	75828801	4290e21f-4f03-488b-ba32-22fb213c7a07	75802330	75828946	fwd	11287	4885	4669	0.00447	0.462963	0.012998	0.719237	-3	right	OV3_Cisp0
chr8	80570324	80599666	c084253c-d05e-45b5-95b7-c5f8dff9ba1b	80566740	80600747	fwd	29342	6414	22601	0.008868	0.817945	0.038009	0.776292	-3	right	OV3_Cisp0
chr8	81165420	81182225	2099cbca-2c0e-4efd-b3e8-b46fc6cda9aa	81163934	81182231	rev	16805	2451	11323	0.007371	0.872236	0.013872	0.872135	-3	right	OV3_Cisp0
chr8	81376222	81383389	5ca1edc0-ee75-4adc-93a2-b88e8a40b0aa	81371356	81383394	fwd	7167	4412	1669	0	0.501893	0.014286	0.607143	-3	right	OV3_Cisp0
chr8	82880417	82891181	743cd090-8519-4060-b384-f1318a389f5a	82879049	82892110	fwd	10764	1393	6859	0.037162	0.547297	0.006971	0.864343	-3	right	OV3_Cisp0
chr8	86838492	86850279	7dbf4de3-d239-4f71-bb7e-8b0b595122b3	86833982	86850284	fwd	11787	5739	3510	0.024888	0.633057	0.066376	0.686616	-3	right	OV3_Cisp0
chr8	88264246	88286221	27b2502d-a8dd-4d12-9330-3bf8f6a7a55b	88262371	88286575	fwd	21975	10350	9211	0.008781	0.753799	0.025566	0.814828	-3	right	OV3_Cisp0
chr8	91545800	91552562	098786c7-59b4-4c01-a521-3ec0c46bb0ff	91539015	91552574	rev	6762	1963	4251	0	0.339934	0.008518	0.734242	-3	right	OV3_Cisp0
chr8	94090209	94102856	a403a77b-fffa-4638-b8d2-d939507e1340	94088777	94108183	fwd	12647	3920	8318	0	0.575949	0.012005	0.846598	-3	right	OV3_Cisp0
chr8	95205477	95211593	9bc387dc-7b12-4f27-8a69-b6dd210f0c82	95201412	95211601	fwd	6116	1373	4322	0	0.428135	0.062924	0.71636	-3	right	OV3_Cisp0
chr8	96157369	96170220	04d283cd-39b8-4245-bd75-eb90e2643433	96132239	96172257	fwd	12851	2735	5440	0	0.651252	0.001158	0.830342	-3	right	OV3_Cisp0
chr8	96730676	96740529	8bd7d9a1-2c54-4bb5-bb0f-24ecdfce4a34	96730670	96740534	fwd	9853	3596	3257	0	0.893333	0.079263	0.76301	-3	right	OV3_Cisp0
chr8	98011016	98018977	faa5ba5b-79a5-46aa-a3ff-6c7774bef1f6	97986103	98018982	fwd	7961	3218	3380	0.007634	0.354962	0.036534	0.565762	-3	right	OV3_Cisp0
chr8	103005359	103019865	d7d21b75-b7be-48d5-aa68-bebb71e4123d	102948558	103025275	fwd	14506	1276	10472	0	0.288515	0.004676	0.618345	-3	right	OV3_Cisp0
chr8	103097740	103106652	2c32dd76-6f87-487f-aab5-3f4b10bc61cf	103092815	103126802	rev	8912	1547	3632	0	0.75	0.002141	0.780514	0.319148	right	OV3_Cisp0
chr8	103392629	103400219	0fa7cbaa-d3d3-4a6f-b15a-771d143fee6d	103382949	103400227	fwd	7590	2417	1941	0.002833	0.67847	0.034111	0.621185	-3	right	OV3_Cisp0
chr8	103546788	103553438	9335e6c2-fb81-4b3a-b37a-fd56f82445d4	103542616	103553446	rev	6650	2769	3177	0.002854	0.733587	0.043895	0.759777	-3	right	OV3_Cisp0
chr8	103870916	103880262	f309e2ba-b312-4c10-833f-78cb3f88e240	103851800	103886805	rev	9346	1448	6475	0	0.321608	0.001172	0.586753	0.124471	right	OV3_Cisp0
chr8	110770235	110777801	6711e124-06db-4f6d-819f-cc7fcbd57d86	110770228	110778485	fwd	7566	1145	3228	0.070388	0.684466	0.001959	0.893242	-3	right	OV3_Cisp0
chr8	115420273	115439107	4ecb38cd-bc6a-43a4-8357-2fc1fd8a0663	115419097	115439272	rev	18834	3771	11798	0.072175	0.613485	0.006274	0.89689	-3	right	OV3_Cisp0
chr8	118415558	118427124	474b70af-72ca-4e73-962d-0cf8b900a475	118409964	118427128	rev	11566	1950	6050	0.001773	0.962766	0.03473	0.833517	-3	right	OV3_Cisp0
chr8	118800598	118810057	f7fdece4-4b5a-4936-abbd-7e03150f2d3d	118786452	118810099	rev	9459	3200	5723	0.006863	0.661765	0.019406	0.792602	-3	right	OV3_Cisp0
chr8	119030504	119043655	93f8ac9f-de96-4ccc-8d86-30914a609e88	119030499	119043659	rev	13151	3529	9252	0.007895	0.57807	0.012115	0.903084	-3	right	OV3_Cisp0
chr8	123419800	123430957	1aace483-dbb8-49c2-b9d8-420ceeda5b72	123410056	123431494	fwd	11157	2748	4267	0.008342	0.502607	0	0.843053	-3	right	OV3_Cisp0
chr8	130765950	130770064	0e0750f9-76ae-4882-9a3c-d1aca5c62905	130750442	130770069	rev	4114	1537	1420	0.014599	0.245742	0.017442	0.430233	-3	right	OV3_Cisp0
chr8	133376462	133386083	110a8936-0cfd-4749-939d-9b6f885d81e3	133376458	133394997	fwd	9621	3331	3694	0.010526	0.455263	0.012022	0.798907	0.74312	right	OV3_Cisp0
chr8	134012304	134027128	22904d5f-f394-4fd6-9a57-38d6eb0ce836	134006531	134046213	fwd	14824	4956	8919	0.021687	0.545382	0.00157	0.787593	0.201113	right	OV3_Cisp0
chr8	136394522	136413323	7b69200d-722f-4e0b-9680-59ead7298f4a	136384972	136413644	fwd	18801	6249	8760	0.00559	0.660145	0.017384	0.772765	-3	right	OV3_Cisp0
chr8	142265805	142274276	3851ecb2-eb83-4e23-a1da-6c2db5acaa53	142263328	142274290	fwd	8471	3178	1259	0.006667	0.484444	0.073643	0.751938	-3	right	OV3_Cisp0
chr8	144446665	144449932	1ceefd47-50ab-448b-93cf-f8a7d6c2a16a	144434642	144472287	rev	3267	1569	1054	0	0.518293	0.027149	0.651584	0.119141	right	OV3_Cisp0
chr9	2827416	2838838	122dd200-407a-4983-95a3-7846db86c94f	2820445	2839425	rev	11422	4597	4435	0.006868	0.483516	0.030534	0.859126	-3	right	OV3_Cisp0
chr9	7283477	7293543	2ffae1ab-3913-483e-94d9-9983dfd757b1	7280837	7293548	rev	10066	4495	4496	0.035593	0.638136	0.048565	0.738043	-3	right	OV3_Cisp0
chr9	9795585	9828493	d48d51f8-0def-45e2-949f-0cc93ce23ad3	9793394	9828498	fwd	32908	4378	24578	0.005146	0.71012	0.005738	0.837789	-3	right	OV3_Cisp0
chr9	10037785	10054438	f5a23520-6f09-46e8-9e6f-1dcd8c94b16c	10037781	10056273	fwd	16653	2240	11683	0.02834	0.786775	0.04401	0.844607	-3	right	OV3_Cisp0
chr9	20697781	20720152	dff1d708-817c-433a-be58-3259ca320a02	20690504	20720157	fwd	22371	4180	15619	0	0.895849	0.025631	0.849445	-3	right	OV3_Cisp0
chr9	23748788	23764127	c1c21e2f-280b-43a5-b0b3-82eeca314694	23748018	23764137	rev	15339	8937	5388	0.001733	0.612478	0.04395	0.761801	-3	right	OV3_Cisp0
chr9	24629449	24635383	260eb3ba-b54c-4f00-8ff5-645b667612ff	24629442	24640777	fwd	5934	1768	571	0	0.496094	0.052174	0.434783	-1	right	OV3_Cisp0
chr9	31962188	31975019	d6396804-e13f-4976-95ee-7ce89f12040a	31958861	32006144	fwd	12831	2609	6180	0	0.442652	0.011561	0.664214	0.655213	right	OV3_Cisp0
chr9	34582882	34590639	24698e04-70dc-4ed8-9516-e5ccaddc6dbb	34579989	34608883	fwd	7757	3333	3962	0	0.447581	0.007236	0.664255	0.703021	right	OV3_Cisp0
chr9	35708148	35717106	54aee2e4-ad27-4860-adca-58fcce1569fd	35702964	35717113	fwd	8958	4539	3274	0.015658	0.498956	0.03944	0.721374	-3	right	OV3_Cisp0
chr9	37334090	37345753	a5a5b244-3b3a-47a8-a891-c98c7ff319f4	37333747	37352027	fwd	11663	2676	8538	0.003359	0.405375	0.004575	0.818528	-3	right	OV3_Cisp0
chr9	37647424	37653698	471f684e-7c4f-47de-951c-953ce34d82d8	37644619	37653708	fwd	6274	2639	2558	0	0.468563	0	0.755796	-3	right	OV3_Cisp0
chr9	37651007	37661816	241df71b-2f4c-4218-b28f-c373d96798ae	37650997	37661830	rev	10809	4932	4071	0.018486	0.824824	0.015351	0.849781	-3	right	OV3_Cisp0
chr9	42219469	42230332	4a720799-26b2-47d9-9715-8fabddfc0230	42219464	42248856	rev	10863	2225	4444	0	0.543706	0	0.91521	0.297951	right	OV3_Cisp0
chr9	68284538	68301427	883326a2-2a66-4109-bf78-748dfb3eb3fa	68277135	68317147	rev	16889	7208	9266	0.005778	0.734714	0.024451	0.703807	0.313897	right	OV3_Cisp0
chr9	70619764	70628932	2e2f3d59-846d-498c-a4d5-734700e52729	70619043	70629127	rev	9168	5319	3521	0.014628	0.573803	0.007487	0.768984	-3	right	OV3_Cisp0
chr9	73492688	73510268	90201a8b-2dec-4666-8994-43a0a37e28c3	73492679	73510279	fwd	17580	3437	10661	0	0.773481	0.002199	0.738611	-3	right	OV3_Cisp0
chr9	78965784	78977028	a34d329d-0e57-465b-aaee-b7dbf475d1ca	78944084	78977033	rev	11244	3120	4109	0.021368	0.451923	0.007621	0.808637	-3	right	OV3_Cisp0
chr9	83572326	83580613	538c734b-9da5-47c4-a9ff-748837fb0561	83570116	83580620	rev	8287	3230	4788	0.001055	0.688819	0.017287	0.810372	-3	right	OV3_Cisp0
chr9	87600866	87615174	878ff67f-b42e-4124-932c-feb8b05d2a39	87600860	87615181	rev	14308	1787	8529	0	0.343387	0.018966	0.642959	-3	right	OV3_Cisp0
chr9	91541727	91557588	668188da-9a7b-451d-b0d9-c8197bfb6be7	91541722	91564856	fwd	15861	2328	10307	0.027027	0.883357	0.00106	0.927587	0.035327	right	OV3_Cisp0
chr9	94388133	94396005	b3f4f43c-3db6-40b8-a308-41abd4f7d86d	94376306	94396013	fwd	7872	4956	2188	0.007708	0.560617	0.02849	0.602564	-3	right	OV3_Cisp0
chr9	98567250	98575057	a1766f29-6abe-4f2a-a9b9-9a7f78688286	98567246	98575072	fwd	7807	2615	3542	0.034921	0.865079	0.035963	0.825986	-3	right	OV3_Cisp0
chr9	109500561	109508706	9b355845-882d-4c6f-b71c-1d490925518a	109484225	109508713	fwd	8145	6389	1015	0.029483	0.429001	0	0.661238	-3	right	OV3_Cisp0
chr9	113016678	113030298	6f1a5872-c64d-4d8b-be7a-1b7014ebe235	113016666	113030302	rev	13620	3740	8566	0.018587	0.64777	0.014734	0.887553	-3	right	OV3_Cisp0
chr9	121672876	121686710	efaa9fd1-ba00-43af-8b83-4051595a9978	121668140	121687278	fwd	13834	3600	5831	0.002503	0.430538	0.008423	0.853752	-3	right	OV3_Cisp0
chr9	123838786	123847815	b0787d8f-dc95-49a4-80ab-bb845a50b3be	123837334	123847826	fwd	9029	3774	3568	0.017774	0.688494	0.022809	0.797119	-3	right	OV3_Cisp0
chr9	126989125	126998283	45b17c5e-613a-43b9-90c2-1dd71415018c	126989109	126999886	fwd	9158	1062	6296	0	0.307692	0.022822	0.76556	-3	right	OV3_Cisp0
chr9	128186890	128196631	3e362b11-2526-4ca4-aef6-74dd87a82719	128186878	128196901	fwd	9741	1663	6765	0.023474	0.774648	0.041581	0.687798	-3	right	OV3_Cisp0
chr9	128882384	128886738	bb1905e7-a6ef-4ddf-a900-8a51c4e5bb65	128855196	128891492	rev	4354	1107	1080	0	0.263158	0.016598	0.510373	-3	right	OV3_Cisp0
chr9	133113331	133119364	de566b2f-a74f-402b-80e5-27999a4005fd	133108368	133119371	fwd	6033	4700	1097	0	0.547194	0	0.728111	-3	right	OV3_Cisp0
chr9	134568328	134576605	07d83cb5-f984-456f-8343-5670ff249bfc	134566455	134576617	fwd	8277	3108	3000	0	0.814249	0.077684	0.733051	-3	right	OV3_Cisp0
chr9	138165109	138172215	edb6241e-bac3-4373-a70b-6faba7f4ee7d	138159320	138172359	rev	7106	2159	3225	0.064955	0.433535	0.006965	0.741294	-3	right	OV3_Cisp0
chrX	5477121	5488314	f834af2c-f8c5-496a-b0e5-fe6edfff08fa	5477117	5488691	fwd	11193	3731	4751	0.093287	0.5449	0.073896	0.627309	-3	right	OV3_Cisp0
chrX	7346938	7379760	a79b81cd-1b91-496d-8069-503af68f4a38	7346924	7381288	rev	32822	18785	9617	0.027726	0.606594	0.064881	0.640854	-3	right	OV3_Cisp0
chrX	9685252	9694201	ebc154fc-31e5-4bf5-a5e9-6ffafc7f1582	9682543	9694206	fwd	8949	3665	4997	0	0.622246	0.016038	0.772253	-3	right	OV3_Cisp0
chrX	13943966	13951909	442dc374-3e45-4296-bc3e-0f9befed87ef	13943959	13951914	fwd	7943	3329	1898	0	0.738554	0.075251	0.725753	-3	right	OV3_Cisp0
chrX	14014166	14033402	94b29847-02c9-4df6-a874-21077b2e5799	14011029	14041357	fwd	19236	2093	13420	0.029801	0.519868	0.009666	0.692903	0.662895	right	OV3_Cisp0
chrX	19944709	19954796	3b10d84b-1bd4-447a-8610-8a4aa05184d8	19930427	19958200	fwd	10087	1593	7336	0.001965	0.471513	0.012544	0.783743	-3	right	OV3_Cisp0
chrX	22389714	22396593	4a9994a2-1894-4523-ac4b-d1f883dc2ee1	22382486	22396602	fwd	6879	3652	1903	0.007035	0.532663	0.002105	0.703158	-3	right	OV3_Cisp0
chrX	24378101	24387975	00ad24d5-fbec-4c76-916e-ed2aee2ecfad	24370499	24387981	fwd	9874	4209	4747	0.011129	0.779014	0.054738	0.745144	-3	right	OV3_Cisp0
chrX	28052509	28061376	36354f43-4d46-488d-842b-0e7b3e6d271e	28026643	28069693	fwd	8867	1434	7011	0.035294	0.466667	0.018719	0.764143	0.145774	right	OV3_Cisp0
chrX	44517527	44529119	0f73d9e8-c07e-4036-a02a-06ecadbcd7bf	44510532	44529406	fwd	11592	4557	5900	0.0058	0.605634	0.002516	0.769182	-3	right	OV3_Cisp0
chrX	47698798	47710643	dd945369-d1d8-47e0-abe1-b0c68a6d14ee	47688187	47710652	rev	11845	4188	4317	0.000842	0.404381	0.043977	0.553537	-3	right	OV3_Cisp0
chrX	49742985	49756864	576a1a3c-5bee-449b-8c7d-b9d894e187b1	49742969	49756881	fwd	13879	4513	8311	0.000951	0.813511	0.081989	0.755778	-3	right	OV3_Cisp0
chrX	50695408	50710710	6dbdb58e-8624-4e30-8593-b30794e4f54e	50686440	50712645	rev	15302	2314	11228	0	0.822289	0.048824	0.573087	-3	right	OV3_Cisp0
chrX	52215807	52224487	f66ff155-a1fd-450c-839f-c25b5e575ad1	52189783	52249576	fwd	8680	2870	1532	0	0.717829	0	0.593985	0.006011	right	OV3_Cisp0
chrX	52916096	52922316	313ef7ef-fff3-4183-b80a-42f042b615f4	52915995	52922321	rev	6220	3985	1894	0.001145	0.647194	0.027607	0.754601	-3	right	OV3_Cisp0
chrX	53445387	53457702	e9ef211e-6eef-4af0-8bea-53a5e2fd4ad7	53432268	53457712	rev	12315	2601	5836	0	0.816327	0.012266	0.839827	-3	right	OV3_Cisp0
chrX	55074902	55085967	366ed373-770b-4764-ac0f-be61b98ef054	55073772	55085973	rev	11065	4219	4029	0.063943	0.687389	0.13363	0.623608	-3	right	OV3_Cisp0
chrX	55120736	55139239	40b9a25e-b8da-4f9d-bd99-d051465f0954	55106208	55144205	rev	18503	3108	14059	0	0.706399	0.027635	0.758865	-3	right	OV3_Cisp0
chrX	56152011	56165967	7e273ba5-faa8-43e8-bf9e-a5bde853e282	56152007	56166525	fwd	13956	3086	10533	0.032175	0.541828	0.032438	0.797128	-3	right	OV3_Cisp0
chrX	64655870	64670913	5a6d01f5-6f22-4f4a-a862-264ba81936b1	64655863	64671601	rev	15043	1325	9125	0.07764	0.614907	0.00472	0.807485	-3	right	OV3_Cisp0
chrX	65759701	65774352	7967f499-6bd4-4fbe-8e8d-c2ab04c0270e	65759695	65776394	fwd	14651	1115	13174	0.018141	0.741497	0.010977	0.872984	-3	right	OV3_Cisp0
chrX	68865996	68872768	10e16bf7-c55e-4959-a0fa-c81a436cbd5a	68863749	68874308	rev	6772	2053	1578	0.007075	0.42217	0.01626	0.688347	-3	right	OV3_Cisp0
chrX	97019196	97031405	84c5d287-e79b-400d-88e2-fc1aaf75890e	96996712	97036099	fwd	12209	3969	4514	0.010526	0.837247	0	0.862248	-3	right	OV3_Cisp0
chrX	100504106	100509974	35b8da0a-1c73-480d-84fb-ce4cc9944075	100479198	100510506	fwd	5868	1443	4123	0	0.504792	0.00932	0.640261	-3	right	OV3_Cisp0
chrX	102661087	102671645	ecf061e2-f4c7-49d6-b00b-d5fdd0df11d5	102655564	102675703	rev	10558	1091	5144	0	0.258865	0.00095	0.595442	-3	right	OV3_Cisp0
chrX	105750859	105757115	905ff74f-45ca-4d3f-b197-a95af005144a	105740643	105761353	rev	6256	1705	4255	0	0.494485	0	0.795122	-3	right	OV3_Cisp0
chrX	109972447	109980960	6aea7fc3-c257-4320-8b25-99c20e94968c	109968783	109980969	fwd	8513	2665	3411	0.003386	0.647856	0.012881	0.709602	-3	right	OV3_Cisp0
chrX	114803377	114813628	507d54a0-0b43-4c49-a0fd-863de73bbbf7	114802614	114813632	rev	10251	1041	8038	0.026616	0.34981	0.041995	0.683727	-3	right	OV3_Cisp0
chrX	116372313	116389562	7857b249-a2f2-47a8-88ec-d8c1d59d9056	116359612	116395417	rev	17249	4273	12520	0.002375	0.620744	0.025431	0.596317	-3	right	OV3_Cisp0
chrX	117893164	117907565	0af641c9-bd84-43b1-a36d-020687d30a69	117887141	117907571	rev	14401	2319	7363	0.049226	0.409283	0.020656	0.677593	-3	right	OV3_Cisp0
chrX	120787110	120794216	30a00d84-fcf1-4e44-8260-d0b6401960a2	120764292	120795225	fwd	7106	1626	2893	0	0.397321	0	0.620181	-3	right	OV3_Cisp0
chrX	124107254	124112938	784698e1-4549-4d42-bcf4-7ad02f691dc1	124107249	124147155	fwd	5684	2465	2390	0	0.403015	0.038551	0.571262	-1	right	OV3_Cisp0
chrX	124341589	124349857	58f0deb5-3b9d-4536-b1dd-35a40df4699c	124327104	124351111	rev	8268	2024	5816	0	0.398305	0.031979	0.522318	-3	right	OV3_Cisp0
chrX	125124346	125135856	32463873-5604-453e-a55b-585030b2cea7	125102326	125135863	rev	11510	2157	7875	0.003067	0.501534	0.001715	0.814751	-3	right	OV3_Cisp0
chrX	130338085	130345706	ae4fbb9e-14ce-4049-97a7-13a6c870dc13	130334800	130345713	rev	7621	3464	3517	0	0.659514	0.078008	0.671992	-3	right	OV3_Cisp0
chrX	130613732	130621120	a59690b2-1dec-4a85-ba19-624235669337	130607494	130621129	rev	7388	2611	2942	0.001724	0.765517	0.076531	0.682398	-3	right	OV3_Cisp0
chrX	130618138	130634380	f7c6cb0a-0e64-431e-9fce-8d0294ba8324	130616732	130634385	rev	16242	6082	8524	0.001748	0.895105	0.097449	0.776662	-3	right	OV3_Cisp0
chrX	131025572	131033609	c8b01efa-3fc7-4268-b558-2d17dbb19681	131014900	131033615	fwd	8037	4809	2544	0.004373	0.494169	0.012547	0.644918	-3	right	OV3_Cisp0
chrX	134216605	134227456	b1f06ba2-8494-449b-8c5b-1ec2d0310624	134204214	134227461	fwd	10851	3702	6895	0.001916	0.749042	0.019175	0.860546	-3	right	OV3_Cisp0
chrX	138628240	138636949	a5111d28-6f04-4dbb-b25c-9d332966756f	138614992	138637923	fwd	8709	2633	5037	0.02052	0.440492	0.033263	0.61005	-3	right	OV3_Cisp0
chrX	139336609	139347651	8106f7d9-d343-41e7-82b8-9c6a41f2372b	139333881	139347665	fwd	11042	6172	2970	0.002272	0.863244	0.056	0.782222	-3	right	OV3_Cisp0
chrX	150383234	150390779	54bdd73c-9561-4a53-a6cd-74bebdf32ce7	150383225	150415228	fwd	7545	2021	2619	0.145644	0.616385	0	0.875357	0.198283	right	OV3_Cisp0
chrY	56829050	56839463	0373faf3-3444-402f-a5de-3611eec9962d	56825765	56840545	rev	10413	4052	5989	0.00128	0.545455	0.015803	0.687445	-3	right	OV3_Cisp0
chrY	56884218	56889038	a2756d59-59dc-4776-9fc9-b2ce49e171ac	56884211	56889614	rev	4820	2061	2269	0.181409	0.587706	0.125551	0.742291	-3	right	OV3_Cisp0
chr1	103270124	103275511	5d2ef80e-3e1a-4c47-a88a-e8d9a9cf42bc	103270117	103275516	fwd	5387	1493	1297	0.021368	0.655983	0.024615	0.667692	-3	left	OV3_Cisp1_masked
chr1	103984870	103989492	bb36dcdb-cb74-42e1-85bf-625f4e560b41	103984866	103993323	fwd	4622	1434	1551	0	0.399433	0	0.662844	-3	left	OV3_Cisp1_masked
chr1	143219875	143222346	195913d0-900e-455d-a801-53f3d9805d9b	143211654	143222963	fwd	2471	1022	1101	0	0.314894	0	0.473251	-3	left	OV3_Cisp1_masked
chr1	207419243	207429779	77a3399f-7427-43a8-9cfd-3954e58b1a76	207419235	207440997	fwd	10536	3882	3989	0.019895	0.329843	0.029562	0.662589	-3	left	OV3_Cisp1_masked
chr1	241629504	241639262	47ee281b-b6c0-4095-ac04-705541f83444	241629496	241639266	rev	9758	1030	6020	0.053412	0.272997	0.05743	0.469509	-3	left	OV3_Cisp1_masked
chr10	27593732	27600680	fb380788-3958-44ae-8022-f4c0a162489c	27593725	27603512	fwd	6948	1210	4244	0.038235	0.235294	0.006452	0.659355	-3	left	OV3_Cisp1_masked
chr10	41874318	41884004	0f6c8b3f-c125-4240-aa20-40ead838e4f9	41873791	41895042	fwd	9686	1644	6667	0.106762	0.370107	0.018548	0.398387	-3	left	OV3_Cisp1_masked
chr10	41897912	41903738	806468f6-34ea-4e3b-b26f-3752e716a4a3	41889467	41916262	fwd	5826	513	1064	0.079545	0.681818	0	0.393939	-3	left	OV3_Cisp1_masked
chr10	52851844	52860503	15bc7cda-ecf2-49d3-a4df-0eb6ff111c3f	52850806	52861623	rev	8659	1531	4431	0	0.355731	0.001422	0.868421	-3	left	OV3_Cisp1_masked
chr10	73608776	73614361	3dd2416d-33ea-42d7-bbe5-a843e5e48d03	73608269	73618574	rev	5585	2655	1113	0.025767	0.311656	0.011494	0.557471	-3	left	OV3_Cisp1_masked
chr11	76143549	76153354	34a80ff0-21d9-4a57-b734-25949575618f	76143539	76161970	rev	9805	3501	5929	0.001176	0.324706	0.009759	0.599219	-3	left	OV3_Cisp1_masked
chr11	113378006	113385552	f6a7aab5-c5a5-423c-b993-a218f370827e	113377675	113385559	fwd	7546	1145	3987	0.003145	0.377358	0.013805	0.74547	-3	left	OV3_Cisp1_masked
chr11	127955383	127968540	a22a0e4a-67e0-424b-9505-0c72cf654178	127947138	127968545	rev	13157	4284	8446	0	0.467391	0.002686	0.870299	0.089318	left	OV3_Cisp1_masked
chr12	22872160	22875379	798b7a99-1a7e-419e-beee-1d0ae9be40ce	22872154	22882250	rev	3219	1468	1226	0.075067	0.324397	0.044118	0.517647	-3	left	OV3_Cisp1_masked
chr12	41200663	41210211	8cfaf04d-4722-4604-b05b-7d8fafa90180	41200653	41210776	rev	9548	4536	4647	0	0.211599	0	0.703952	-3	left	OV3_Cisp1_masked
chr12	51425805	51432603	b014211e-2d9d-4839-8f0e-a318fe341c34	51424471	51432810	fwd	6798	1233	3370	0	0.530822	0	0.839117	-3	left	OV3_Cisp1_masked
chr12	65667130	65678567	0f8cca1a-8433-49ee-88ca-8a631c263de1	65667124	65678571	rev	11437	6934	2128	0	0.418126	0.035714	0.607143	-3	left	OV3_Cisp1_masked
chr12	67252236	67259605	65454942-c8b2-49d6-99ea-1eff997ad502	67252231	67260445	fwd	7369	1265	5848	0.067449	0.442815	0.024118	0.599412	-3	left	OV3_Cisp1_masked
chr12	90711244	90725662	e82c6b68-21a5-4f0d-accf-c01287b96d35	90711240	90725668	fwd	14418	1756	11292	0.126689	0.591216	0.014821	0.855425	-3	left	OV3_Cisp1_masked
chr13	86830955	86843345	239422fc-c8ad-4444-8054-56fafe47f7dd	86830432	86843353	rev	12390	4981	4406	0	0.433105	0.005747	0.839719	-3	left	OV3_Cisp1_masked
chr13	105818315	105826825	f2cdcbf2-9b39-4b3d-a59b-b25c5509a66a	105818307	105831166	fwd	8510	2239	5896	0	0.206612	0.066504	0.56925	-3	left	OV3_Cisp1_masked
chr17	12740721	12749476	5fcfb1a2-2e71-417c-83a0-4f71bcfb9347	12740711	12749481	fwd	8755	5630	2833	0.012675	0.601067	0	0.830892	-3	left	OV3_Cisp1_masked
chr18	3509906	3520899	9fcb526e-3d76-4ca3-948c-e226daceff08	3509786	3520904	fwd	10993	2208	7612	0.043845	0.322091	0.039535	0.613488	-3	left	OV3_Cisp1_masked
chr2	15351361	15359337	5de0ee08-d481-464b-a1a4-7be13556f5da	15351352	15359343	rev	7976	1479	4084	0.09291	0.442543	0.02931	0.82931	-3	left	OV3_Cisp1_masked
chr2	17739725	17750212	c1f8b8e6-db20-4671-a20f-0d9a7833103c	17739125	17750389	fwd	10487	1552	7587	0.045977	0.37931	0.005065	0.857324	-3	left	OV3_Cisp1_masked
chr2	87416792	87418768	d5b0c0dd-2b33-4a42-8f6d-7ffc6fa12bfb	87413549	87431213	fwd	1976	581	1395	0	0	0	0.277778	-3	left	OV3_Cisp1_masked
chr2	87423314	87426502	d5b0c0dd-2b33-4a42-8f6d-7ffc6fa12bfb	87413549	87431213	fwd	3188	898	2290	0	0	0	0.642857	-1	left	OV3_Cisp1_masked
chr2	87414664	87418715	c84535dc-6268-46fd-be82-a3be81f683f2	87414111	87431213	fwd	4051	634	3417	0	0	0	0.372549	-3	left	OV3_Cisp1_masked
chr2	100860571	100878356	b4860886-2d64-4c45-90aa-8f12c7f3f128	100860566	100880508	rev	17785	2783	11677	0.010219	0.341606	0.01464	0.799925	-3	left	OV3_Cisp1_masked
chr2	146839222	146850616	58e1536e-0642-4f2c-9a14-2bf7226e4b5e	146839209	146850622	fwd	11394	1120	8527	0.038235	0.520588	0.044201	0.76955	-3	left	OV3_Cisp1_masked
chr2	162647720	162654644	14012148-9c90-44b1-aa7f-bda9db9b7fd8	162646271	162656531	rev	6924	2030	1931	0.082245	0.353786	0.006944	0.414931	-3	left	OV3_Cisp1_masked
chr2	198335136	198341748	a097662c-2131-4c69-b7b7-00cc25659fec	198334775	198341756	fwd	6612	2540	3703	0.027888	0.338645	0.005329	0.695382	-3	left	OV3_Cisp1_masked
chr2	215375851	215381600	3607c143-73ca-4299-9ab4-b3b7a147f136	215375842	215381604	rev	5749	1215	3760	0.05919	0.741433	0.057461	0.806302	-3	left	OV3_Cisp1_masked
chr20	29083780	29089574	dc5b603c-40b9-4b07-9bb7-02afb6723031	29083773	29089582	rev	5794	3013	2233	0.015915	0.385942	0.025	0.75	-3	left	OV3_Cisp1_masked
chr20	31051846	31054655	3fe25e77-1339-4430-b40c-d51c9b9a01c5	31051526	31070436	fwd	2809	1199	1105	0	0.542373	0	0.603352	-3	left	OV3_Cisp1_masked
chr20	31062817	31069746	3fe25e77-1339-4430-b40c-d51c9b9a01c5	31051526	31070436	fwd	6929	1149	1210	0.063158	0.384211	0	0.508021	-3	left	OV3_Cisp1_masked
chr20	31056150	31061642	78ee738b-fc51-4fd4-9b59-8460791a88db	31052299	31062533	fwd	5492	3690	1025	0.138486	0.322061	0.01087	0.684783	-3	left	OV3_Cisp1_masked
chr20	31066719	31074896	d1e19435-93a5-4856-9b77-a27d22a28b89	31052798	31074901	rev	8177	6808	1369	0.007886	0.213722	0	0.230769	-3	left	OV3_Cisp1_masked
chr20	31054076	31057224	5fee887f-ce6a-457e-a2bb-45349aff0852	31054069	31061889	fwd	3148	1004	1799	0.04	0.314286	0	0.669091	-3	left	OV3_Cisp1_masked
chr20	31074662	31077523	61a3e260-aa64-4fd4-81c9-ceef779e6f8d	31056401	31078690	fwd	2861	1128	1242	0.02907	0.319767	0	0.63913	-3	left	OV3_Cisp1_masked
chr20	31072412	31076698	c59646d1-1a2e-4dc9-b3ac-a8a4e723074f	31057030	31077103	fwd	4286	1698	545	0.111475	0.403279	0.2	0	-1	left	OV3_Cisp1_masked
chr20	31071293	31074172	66898fd7-e415-4940-8f7c-ee35a2bbffc3	31058143	31080766	fwd	2879	520	1184	0	0.378641	0.004785	0.588517	-3	left	OV3_Cisp1_masked
chr20	31070369	31077788	5514a686-7330-41c5-ab6c-2e401c18367a	31058665	31077795	fwd	7419	1983	1403	0.009554	0.328025	0	0.366667	-3	left	OV3_Cisp1_masked
chr20	31071189	31074382	bd37ac1d-40a8-45d8-8d40-82d7e35189a5	31059663	31075706	fwd	3193	1230	1223	0.073892	0.35468	0.026316	0.436842	-3	left	OV3_Cisp1_masked
chr20	31061982	31067019	823c84cb-a2c8-433f-9ca1-0989911fa63f	31060559	31074876	fwd	5037	1038	1865	0	0.214815	0	0.554545	-3	left	OV3_Cisp1_masked
chr20	31063272	31070709	b73a02bb-4e58-4ddd-95f4-54179b351040	31060926	31076599	fwd	7437	1048	1915	0.122905	0.379888	0.108209	0.619403	-3	left	OV3_Cisp1_masked
chr20	31062802	31068794	cf5ad76d-1cc8-44a0-9891-81d4fca86b29	31061278	31074395	fwd	5992	971	1070	0.134228	0.422819	0.00578	0.49711	-3	left	OV3_Cisp1_masked
chr20	31064047	31068508	db750b1a-317a-4272-b4d1-b5484001ee55	31062880	31070870	fwd	4461	1084	1370	0.076555	0.244019	0.013158	0.447368	-3	left	OV3_Cisp1_masked
chr20	31072462	31080047	5765bb02-f4bc-4841-a3dd-d0549beccec5	31062827	31080055	fwd	7585	6460	525	0.058362	0.5	0.102041	0.397959	-1	left	OV3_Cisp1_masked
chr20	31070819	31076698	987b3e97-05d9-4580-b47b-25959c7f976c	31070424	31077689	fwd	5879	1193	1148	0	0.333333	0	0.62963	-3	left	OV3_Cisp1_masked
chr20	31186493	31192035	eba14b76-518e-4113-b283-21b9e81a845d	31186431	31192040	rev	5542	1941	1120	0.13354	0.548137	0.114713	0.526185	-3	left	OV3_Cisp1_masked
chr22	10722633	10729368	50c67c49-29a1-439b-b234-793216a8b362	10722460	10740157	rev	6735	2192	1484	0	0.612565	0	0.539286	-3	left	OV3_Cisp1_masked
chr22	26613094	26623722	e3c880be-1cb2-4c03-9467-1dd7f96f0618	26613062	26623912	fwd	10628	1553	8000	0	0.25	0.038086	0.507324	-3	left	OV3_Cisp1_masked
chr22	31515018	31520935	8c702685-9c72-4555-b5dd-696c32c8d6b3	31515014	31530311	fwd	5917	2343	3128	0.005479	0.309589	0.018743	0.718853	-3	left	OV3_Cisp1_masked
chr3	89381866	89387263	50ec97b4-ec50-42be-b1d6-dd154610b95d	89381861	89387275	rev	5397	3716	1326	0.002841	0.838068	0.059113	0.70936	-3	left	OV3_Cisp1_masked
chr3	110689941	110701353	42bc603c-43b3-4b54-8534-24d4b3be9d06	110689935	110701986	fwd	11412	1604	8685	0.001698	0.212224	0.010761	0.647579	-3	left	OV3_Cisp1_masked
chr3	156752553	156758581	db94fcf0-7867-4998-a5df-ef088d92006c	156752549	156758588	fwd	6028	1565	3722	0.012259	0.635727	0.062999	0.567879	-3	left	OV3_Cisp1_masked
chr3	171249965	171256727	9dc858dd-1528-4d1e-857b-add170a7ebb0	171249961	171256736	fwd	6762	2596	3755	0	0.323848	0.011247	0.702454	-3	left	OV3_Cisp1_masked
chr3	187640562	187649884	476d8188-c35c-4f5f-8403-d1b6179034c4	187640528	187650858	fwd	9322	1574	6527	0.035443	0.308861	0.054174	0.711996	-3	left	OV3_Cisp1_masked
chr3	190014122	190020906	fd838802-3999-4fdb-9cbe-1a793a2df89f	190013364	190020914	rev	6784	2237	4282	0.034743	0.746224	0.05	0.784211	-3	left	OV3_Cisp1_masked
chr4	49106287	49114646	929594ee-f6bc-4592-b72b-05358679b18e	49097071	49114651	fwd	8359	6866	1233	0.121554	0.598283	0.078818	0.743842	-1	left	OV3_Cisp1_masked
chr4	49129089	49134959	e427b7f1-d950-4fac-b848-131909a50cb6	49107058	49134966	rev	5870	1574	1639	0.021505	0.387097	0.018182	0.545455	-3	left	OV3_Cisp1_masked
chr4	49143634	49147614	c758e69e-862b-4188-be0a-0ddeaa70e04a	49138579	49147794	fwd	3980	2648	841	0.121012	0.585259	0.056478	0.644518	-1	left	OV3_Cisp1_masked
chr4	49153869	49156624	7a524d78-d6fe-4e1f-aa23-54c7b81ef930	49146922	49156630	fwd	2755	1162	1069	0.148681	0.522782	0.102639	0.642229	-3	left	OV3_Cisp1_masked
chr4	49152352	49156088	07d689f1-70c0-472a-970e-f464128d65f1	49150017	49156631	fwd	3736	1120	524	0.15	0.339474	0.017751	0.727811	-1	left	OV3_Cisp1_masked
chr4	98499316	98506374	ac915d5b-f5a9-4569-a9bb-0958e3177b90	98498467	98506389	rev	7058	1572	2884	0.070905	0.349633	0.033037	0.595934	-3	left	OV3_Cisp1_masked
chr4	127717447	127721192	151fffa6-2199-4980-8797-20135958702d	127716357	127723175	fwd	3745	1906	1206	0.011858	0.238472	0.045738	0.440748	-3	left	OV3_Cisp1_masked
chr5	13548156	13553483	52d5758c-7e7c-4948-b5f9-7c7baf81de40	13548151	13558606	fwd	5327	1061	1480	0	0.261745	0	0.73516	-3	left	OV3_Cisp1_masked
chr5	20635274	20645781	b89c004b-caea-4fd7-9cbd-c83441cce597	20635268	20660380	rev	10507	2218	5625	0.048148	0.461111	0.020076	0.644359	-3	left	OV3_Cisp1_masked
chr5	49656713	49661865	ba414ecb-e26a-4a26-9abd-c8f7dab30d67	49656261	49661871	fwd	5152	3460	1423	0.117982	0.595606	0.01996	0.692615	-3	left	OV3_Cisp1_masked
chr5	49656297	49661865	205d9343-d4a7-4bce-b352-2d9036302dee	49656291	49661871	fwd	5568	1191	4083	0	0.923858	0.030282	0.670423	-3	left	OV3_Cisp1_masked
chr5	90840480	90853677	0aee33e1-34bf-4052-87fc-5e5aa2899391	90840476	90859379	fwd	13197	1545	6826	0.006316	0.488421	0.014064	0.596993	-3	left	OV3_Cisp1_masked
chr5	148775114	148781788	133b4ea9-9a3c-4a2a-a689-69909fc56364	148775103	148786615	fwd	6674	1002	1103	0	0.245192	0.002924	0.45614	-3	left	OV3_Cisp1_masked
chr6	39032961	39041366	705154fc-e7ec-4b28-a3d3-944db03975e0	39032719	39051870	rev	8405	1134	6579	0	0.245283	0.005117	0.59693	-3	left	OV3_Cisp1_masked
chr6	139443981	139453909	917d68bf-18e9-45a4-801a-08996dd86600	139443976	139453922	rev	9928	5107	3637	0.007897	0.269921	0.021882	0.778993	-3	left	OV3_Cisp1_masked
chr6	155409734	155416565	519bc4f8-31a1-4230-a415-c71f53c0ecb8	155401203	155418640	fwd	6831	1142	3543	0.010274	0.239726	0.017017	0.722723	0.544494	left	OV3_Cisp1_masked
chr7	51320538	51332167	c75c98c4-f2bc-4b35-b665-8772c6c48d8b	51319937	51332399	fwd	11629	4864	6393	0.001571	0.450118	0.025154	0.682504	-3	left	OV3_Cisp1_masked
chr7	149520964	149529501	4f9a4b3b-86a8-4508-9ab1-004f912d5251	149520958	149530053	rev	8537	1075	4581	0	0.195652	0.009369	0.762648	-3	left	OV3_Cisp1_masked
chr8	34433454	34441422	e3316999-cb25-4cde-8553-431fcf241cf9	34433441	34449599	rev	7968	2548	4041	0	0.281998	0.013559	0.497175	-3	left	OV3_Cisp1_masked
chr8	34444527	34462784	f950fcc5-f75b-4221-af62-ea44fbc1a53c	34444143	34478345	rev	18257	3396	11120	0.054565	0.239244	0.007766	0.690787	-3	left	OV3_Cisp1_masked
chr8	55284214	55286745	dfb993a8-21b4-477a-b1b3-0c7be22ab3d6	55281667	55293030	rev	2531	1116	578	0.09434	0.403774	0.040816	0.585034	-1	left	OV3_Cisp1_masked
chr8	79410043	79414027	8a650ead-2424-43b4-90c1-14c33a740200	79410037	79415397	fwd	3984	1174	1604	0	0.150307	0.006849	0.557078	-3	left	OV3_Cisp1_masked
chr8	80352555	80368019	12e3ee27-bcb0-4b0a-9c07-86f5ed7ddeb1	80352548	80368100	rev	15464	2202	10339	0	0.226562	0.020102	0.778535	-3	left	OV3_Cisp1_masked
chr9	2073652	2096298	e549dc16-f0dd-406d-85a0-2840da3d24c1	2073648	2096800	fwd	22646	1614	16101	0.015385	0.357692	0.016171	0.840088	-3	left	OV3_Cisp1_masked
chr9	11059259	11065816	4e7f16c9-10e7-4ac6-8d7f-d1c056f2af84	11056839	11065823	rev	6557	1498	1872	0.010444	0.412533	0	0.958254	-3	left	OV3_Cisp1_masked
chr9	16660132	16665599	5d79dcc0-b962-4ddf-9a31-a32e34d5110b	16660123	16665603	rev	5467	3217	1727	0	0.25	0.02	0.714545	-3	left	OV3_Cisp1_masked
chr9	43319128	43321975	0716c11a-56c1-4d64-8601-a38d333b0186	43315876	43332174	rev	2847	1745	1071	0.059242	0.383886	0.032	0.632	-3	left	OV3_Cisp1_masked
chr9	97115680	97123393	d1aaf4ae-8c05-478b-a2d4-863c542e8959	97115674	97124931	rev	7713	1338	2276	0	0.147583	0.0013	0.673602	-3	left	OV3_Cisp1_masked
chr9	131240454	131247744	d2dcac35-06c9-4fbf-96ec-cafc1bff84ca	131239581	131253779	rev	7290	4571	1041	0	0.211448	0.023973	0.363014	-3	left	OV3_Cisp1_masked
chrX	90103436	90109754	f0cd8d96-274a-478a-ae5a-7023b99182a4	90103425	90121681	fwd	6318	2128	3176	0	0.195191	0.005259	0.634531	-3	left	OV3_Cisp1_masked
chrX	119650929	119669785	57fd5ef4-ef1f-4a4c-9002-2a1a3725d724	119649029	119669791	fwd	18856	1874	13686	0.134454	0.563025	0.02431	0.899754	-3	left	OV3_Cisp1_masked
chrX	152886441	152896294	bf81299c-2cf3-4729-bbdb-6b2af8215c49	152886435	152901463	fwd	9853	3996	3105	0	0.21118	0.010858	0.625407	-3	left	OV3_Cisp1_masked
chr1	73809958	73814594	2a4b3a44-e0da-4e6a-8078-811115952dfe	73803858	73814612	rev	4636	1414	1109	0.078385	0.463183	0.035928	0.55988	-3	right	OV3_Cisp1_masked
chr1	143192555	143206327	9b3ae007-4163-42a5-9ed8-3b84e911465b	143184598	143242855	fwd	13772	9794	3978	0.085965	0.299123	0	0.535885	0.185321	right	OV3_Cisp1_masked
chr1	143212395	143220898	4b4101b4-ef9e-4851-b761-01e72725a8a9	143212389	143221737	rev	8503	4720	1282	0.069905	0.377962	0	0.630252	-3	right	OV3_Cisp1_masked
chr1	148594912	148602065	82a33d7f-b7e2-4fe5-92d8-808a7e633b04	148592873	148605341	rev	7153	1043	4544	0.010601	0.155477	0.003626	0.728064	-3	right	OV3_Cisp1_masked
chr10	38489454	38518733	9282c5f7-43d1-421a-b337-3d427128c8ad	38489442	38518739	rev	29279	1302	26210	0	0.946939	0.100812	0.729112	-3	right	OV3_Cisp1_masked
chr10	41903738	41915868	806468f6-34ea-4e3b-b26f-3752e716a4a3	41889467	41916262	fwd	12130	514	8035	0.136364	0.386364	0.048567	0.498408	-3	right	OV3_Cisp1_masked
chr10	57386603	57395212	39efdaff-2d2a-488d-931b-e4c1d05cb425	57386599	57408582	fwd	8609	3543	3817	0.020758	0.224729	0.003317	0.805141	0.172961	right	OV3_Cisp1_masked
chr11	20994982	21000142	295f53e3-2637-464c-93bb-c8c3c0139a88	20991788	21000147	rev	5160	1817	1426	0	0.310195	0	0.758808	-3	right	OV3_Cisp1_masked
chr11	76429194	76436694	008b7da8-868f-4ed7-afee-86bb5689766e	76429188	76436698	rev	7500	3958	2798	0.004826	0.203668	0.054987	0.543478	-3	right	OV3_Cisp1_masked
chr11	121843138	121850634	e3db3f54-2b4c-4c91-950e-c89928364545	121843122	121850639	fwd	7496	1351	2788	0	0.319048	0	0.880583	-3	right	OV3_Cisp1_masked
chr13	60632641	60645613	30fe0e7d-8e73-4a58-bc55-53e693c93e81	60632630	60645623	rev	12972	5458	4240	0.003726	0.264531	0.000841	0.771236	-3	right	OV3_Cisp1_masked
chr13	95555271	95561744	d8c7c9fb-62be-4a73-ba20-7c2805b1e4a7	95555262	95561754	fwd	6473	1371	3695	0.026005	0.451537	0.062899	0.61258	-3	right	OV3_Cisp1_masked
chr14	47669275	47680963	8a9fb653-87e8-4c0a-b834-b49ca229ea32	47669268	47681881	rev	11688	1450	8700	0.037281	0.436404	0.022262	0.70748	-3	right	OV3_Cisp1_masked
chr14	55107371	55114069	2894c308-cf51-420b-81ec-fb72c8d781c6	55103150	55114075	rev	6698	3445	2866	0.006188	0.303218	0	0.793345	-3	right	OV3_Cisp1_masked
chr15	38105449	38112386	44483b1c-32f6-4063-b1f8-ff5d9bfe965a	38105445	38112391	fwd	6937	1417	5154	0	0.367206	0.045032	0.627591	-3	right	OV3_Cisp1_masked
chr15	74286575	74291081	bf8b52c8-2487-4b25-8744-b5b953443eaf	74278785	74296638	fwd	4506	1001	1706	0.041667	0.310185	0	0.588529	-3	right	OV3_Cisp1_masked
chr16	59954272	59966802	ea45ebad-9f66-4ac9-bb9c-8228ef34e13e	59954268	59969937	fwd	12530	1756	10477	0	0.674274	0.008709	0.900601	-3	right	OV3_Cisp1_masked
chr17	60527389	60538530	ad5e1496-14bb-4acb-8786-4951f88d647f	60527329	60538536	fwd	11141	4476	3415	0.000951	0.26451	0.012453	0.762142	-3	right	OV3_Cisp1_masked
chr17	62375787	62388430	29ebbdac-91f3-4029-ace8-654692152ac7	62375780	62389111	fwd	12643	2304	8809	0.081522	0.277174	0.00984	0.781058	-3	right	OV3_Cisp1_masked
chr17	77133094	77142265	bc5f3670-61ec-4a4f-9276-cd9ffe2ef8db	77130834	77142269	rev	9171	1391	7069	0.126543	0.391975	0.02983	0.735795	-3	right	OV3_Cisp1_masked
chr17	81874886	81887925	df242f5a-c888-4f48-acd0-c877b742e936	81874877	81888713	fwd	13039	1324	11277	0.098639	0.404762	0.018772	0.694173	-3	right	OV3_Cisp1_masked
chr2	6806029	6810770	97b1e809-1a13-442c-8d5b-eef9cc2e20aa	6806011	6821640	rev	4741	3152	1210	0.014888	0.424318	0.00692	0.733564	-3	right	OV3_Cisp1_masked
chr2	13712491	13722492	d41eb29d-8e18-474f-b0ca-e03f8bc381dc	13712484	13723732	rev	10001	3300	5216	0	0.462851	0.003211	0.828516	-3	right	OV3_Cisp1_masked
chr2	66368177	66375660	cdfdd430-5e95-4474-9bc3-dac05199fbe2	66365449	66375666	fwd	7483	1588	4430	0.01006	0.32998	0.011244	0.777361	-3	right	OV3_Cisp1_masked
chr2	70717226	70725598	6d541010-8595-40d7-b10d-6b26ce384e79	70716705	70725607	fwd	8372	3541	3566	0.013953	0.496512	0.02809	0.726966	-3	right	OV3_Cisp1_masked
chr2	87418768	87423314	d5b0c0dd-2b33-4a42-8f6d-7ffc6fa12bfb	87413549	87431213	fwd	4546	581	2289	0	0	0	0.592593	-1	right	OV3_Cisp1_masked
chr2	87426502	87429372	d5b0c0dd-2b33-4a42-8f6d-7ffc6fa12bfb	87413549	87431213	fwd	2870	899	1466	0	0	0	0.5	-3	right	OV3_Cisp1_masked
chr2	87418715	87421312	c84535dc-6268-46fd-be82-a3be81f683f2	87414111	87431213	fwd	2597	634	1963	0	0	0	0.464286	-3	right	OV3_Cisp1_masked
chr2	157311808	157315676	cbd9a9b9-f702-43b6-9a7d-e9310b911a7f	157305539	157315680	rev	3868	1192	1985	0	0.169951	0	0.568935	-3	right	OV3_Cisp1_masked
chr2	165085761	165098306	588a4d8a-de31-4fb3-a831-e7d131b6d029	165083102	165098311	fwd	12545	4756	4959	0.011371	0.202148	0.019218	0.662691	-3	right	OV3_Cisp1_masked
chr20	31066979	31072412	c59646d1-1a2e-4dc9-b3ac-a8a4e723074f	31057030	31077103	fwd	5433	1099	545	0	0.4625	0	0.8	-1	right	OV3_Cisp1_masked
chr20	31074172	31076903	66898fd7-e415-4940-8f7c-ee35a2bbffc3	31058143	31080766	fwd	2731	520	1123	0.048077	0.326923	0.031915	0.446809	-3	right	OV3_Cisp1_masked
chr20	31068794	31073577	cf5ad76d-1cc8-44a0-9891-81d4fca86b29	31061278	31074395	fwd	4783	972	2284	0.013333	0.466667	0.089385	0.636872	-3	right	OV3_Cisp1_masked
chr20	31066065	31068548	4bf04e73-f124-49fc-8a41-cb5f916ea27f	31061684	31073324	fwd	2483	1084	1154	0.072289	0.313253	0	0.470968	-3	right	OV3_Cisp1_masked
chr20	31068113	31073622	4cba34c0-ce07-42ba-86e8-974652690a96	31062225	31075122	fwd	5509	2856	1920	0.078652	0.447566	0.027778	0.555556	-3	right	OV3_Cisp1_masked
chr20	31062717	31066649	4dd6130d-c781-4eb7-a564-a0d18c493f00	31062709	31071061	fwd	3932	1420	1587	0.051724	0.418103	0	0.627063	-3	right	OV3_Cisp1_masked
chr20	31062832	31072462	5765bb02-f4bc-4841-a3dd-d0549beccec5	31062827	31080055	fwd	9630	6944	525	0.092177	0.424477	0.020619	0.773196	-1	right	OV3_Cisp1_masked
chr20	31063747	31067808	8b98797d-7498-42d5-89c7-0e83e2dc04f2	31063739	31074628	fwd	4061	2045	1313	0.089928	0.381295	0.127753	0.46696	-3	right	OV3_Cisp1_masked
chr20	48042500	48050647	d646da7d-4e2e-4d68-ae55-f404c41a4864	48041716	48050655	fwd	8147	4574	1578	0.003903	0.369243	0.041339	0.562992	-3	right	OV3_Cisp1_masked
chr21	16014303	16021379	8e17b848-94f0-4683-9e52-e42c4b0bf0c8	16014297	16029881	rev	7076	4838	1030	0.00602	0.297216	0.006515	0.592834	-3	right	OV3_Cisp1_masked
chr3	12413012	12420943	f57b39ae-f12a-4804-abc3-c71894b921f9	12409554	12420960	fwd	7931	1300	4186	0	0.299694	0.00155	0.86124	-3	right	OV3_Cisp1_masked
chr3	15723199	15732353	e5f76704-b904-4931-88c3-085ce4d38f00	15717169	15732357	rev	9154	4221	2460	0	0.434815	0.005587	0.755587	-3	right	OV3_Cisp1_masked
chr3	29223856	29231429	7fa7380b-25bc-449b-8941-0af35fe19253	29223851	29231445	rev	7573	1597	4873	0.032634	0.368298	0.046131	0.62128	-3	right	OV3_Cisp1_masked
chr3	61464923	61476781	bf91a270-8519-4bc4-972c-976f67380c20	61464917	61476787	fwd	11858	3508	3823	0	0.372896	0.000894	0.756032	-3	right	OV3_Cisp1_masked
chr3	82257601	82263789	6a4cfe82-b33a-4a83-ac6a-e5283cafea01	82257591	82263795	rev	6188	1543	2391	0	0.3107	0.020188	0.635262	-3	right	OV3_Cisp1_masked
chr3	90065969	90079414	7bc1fcb4-8b91-44db-afcd-b983f4435ee5	90061856	90081651	rev	13445	1470	11503	0.026369	0.292089	0.011716	0.542307	-3	right	OV3_Cisp1_masked
chr3	108900023	108907779	8b1ff379-c490-4bca-9176-5b29c056b1ab	108900014	108907785	rev	7756	2560	3160	0	0.548077	0.004914	0.684275	-3	right	OV3_Cisp1_masked
chr3	164019005	164025083	c66b99a2-2fa7-460c-b709-266e0c4ba9cb	164018996	164025324	fwd	6078	1741	4076	0.054545	0.539394	0.044193	0.681398	-3	right	OV3_Cisp1_masked
chr3	178121034	178132069	c851c878-1100-4b02-af42-38fe6ebb5f05	178121028	178132077	rev	11035	4105	4788	0.056836	0.476959	0.018145	0.827957	-3	right	OV3_Cisp1_masked
chr3	191321987	191327754	bc65e83c-96e5-4a78-b464-5c733c25bedb	191321355	191327759	fwd	5767	1713	3644	0	0.309572	0	0.839679	-3	right	OV3_Cisp1_masked
chr4	23661638	23674404	57c852de-c09e-4b83-877c-36d1cd9bf382	23661634	23674409	fwd	12766	2643	8128	0.052972	0.689922	0.009479	0.860979	-3	right	OV3_Cisp1_masked
chr4	49097680	49106287	929594ee-f6bc-4592-b72b-05358679b18e	49097071	49114651	fwd	8607	5548	1232	0.191176	0.372172	0.037037	0.57037	-1	right	OV3_Cisp1_masked
chr4	49104856	49107949	b2593206-8336-4575-bd73-493cefe6bc04	49100347	49112659	rev	3093	1514	1195	0.004545	0.345455	0	0.497207	-3	right	OV3_Cisp1_masked
chr4	49120152	49123437	e427b7f1-d950-4fac-b848-131909a50cb6	49107058	49134966	rev	3285	1029	1145	0.059211	0.361842	0.006536	0.48366	-3	right	OV3_Cisp1_masked
chr4	49141063	49143634	c758e69e-862b-4188-be0a-0ddeaa70e04a	49138579	49147794	fwd	2571	1470	841	0.08785	0.416822	0.02	0.543333	-1	right	OV3_Cisp1_masked
chr4	49149516	49154107	cb51dc8e-0ff1-4c91-bbfc-728326309f3a	49149062	49154695	rev	4591	1174	2144	0.112299	0.449198	0.021552	0.482759	-3	right	OV3_Cisp1_masked
chr4	49146928	49150390	7a524d78-d6fe-4e1f-aa23-54c7b81ef930	49146922	49156630	fwd	3462	1444	1634	0.123348	0.513216	0.110714	0.783929	-3	right	OV3_Cisp1_masked
chr4	49150021	49152352	07d689f1-70c0-472a-970e-f464128d65f1	49150017	49156631	fwd	2331	1433	523	0.052083	0.53125	0.011834	0.721893	-1	right	OV3_Cisp1_masked
chr4	49638927	49642861	67175fa9-c49f-4df0-aa84-49ad73aa29f6	49631416	49643782	fwd	3934	1018	2916	0.128205	0.307692	0	0.483871	-3	right	OV3_Cisp1_masked
chr4	49634498	49641063	42df64e0-6422-42d2-b98a-c0e448f0997e	49633508	49647877	fwd	6565	1154	4139	0.016393	0.251366	0.002611	0.43342	-3	right	OV3_Cisp1_masked
chr4	90224191	90234109	d0765916-b54e-4a14-a392-a5eec988dfc8	90223105	90235803	rev	9918	2917	4217	0	0.150259	0.065284	0.465528	-3	right	OV3_Cisp1_masked
chr4	174038117	174041966	e6267fb1-7a09-4d4f-a007-3ef21ee14bd6	174036297	174051135	rev	3849	1501	1116	0.057732	0.389691	0.016393	0.613115	-3	right	OV3_Cisp1_masked
chr5	18013002	18020081	b6def09d-0587-4906-a8ff-698d62c19a91	18012992	18023670	rev	7079	1771	3988	0.05694	0.713523	0.028998	0.885667	-3	right	OV3_Cisp1_masked
chr5	32416836	32427609	38797131-1eec-4841-a8e9-09a3217f9759	32416624	32427638	fwd	10773	3257	5092	0.003452	0.436133	0.011597	0.833185	-3	right	OV3_Cisp1_masked
chr5	49656557	49660505	9e40bf76-70c5-4875-99a8-b5a78d5a1d17	49656261	49661871	rev	3948	1703	1617	0.12013	0.402597	0.037175	0.464684	-3	right	OV3_Cisp1_masked
chr5	49657603	49660738	4325e642-1dc1-4c24-8a99-7d3b388824ad	49656261	49661871	rev	3135	1400	1003	0.119149	0.32766	0	0.470238	-3	right	OV3_Cisp1_masked
chr5	77646182	77653819	8a8b156e-81d3-429e-88cc-24710f941378	77641444	77653825	rev	7637	2404	4453	0.018663	0.368585	0.02623	0.710656	-3	right	OV3_Cisp1_masked
chr5	129834312	129838206	fa4959c3-1478-4815-922d-8e3c5343aa0b	129833754	129839327	rev	3894	1206	1159	0.072626	0.284916	0.008475	0.446328	-3	right	OV3_Cisp1_masked
chr5	176966609	176972344	a24dce28-97cb-4526-a18b-34e88404ba8a	176964987	176975464	fwd	5735	1761	3609	0	0.373034	0.012168	0.747788	-3	right	OV3_Cisp1_masked
chr6	83095384	83104181	fd3ce4ea-a4cf-4752-981c-f45101ccd6df	83094529	83104187	fwd	8797	1034	5300	0	0.177994	0.049488	0.495449	-3	right	OV3_Cisp1_masked
chr6	106943793	106953775	1d8fe8c5-3971-4b0e-b7a6-d0baf7b9b252	106943072	106954596	fwd	9982	2709	3202	0	0.22	0	0.810771	-3	right	OV3_Cisp1_masked
chr7	16221897	16226592	04f105f1-df1c-43e1-b8e9-5272551e0656	16210792	16229439	rev	4695	2488	1123	0	0.311414	0	0.441975	-3	right	OV3_Cisp1_masked
chr7	55866846	55874983	dbfe91e0-5f3f-46b3-8768-82859d592fd5	55863236	55875946	rev	8137	2935	4752	0.031788	0.401325	0.031802	0.618375	-3	right	OV3_Cisp1_masked
chr7	65414829	65431091	4df59453-4664-4809-8368-a231bab30216	65414823	65442490	rev	16262	11633	1369	0.113722	0.284429	0	0.648876	0.449846	right	OV3_Cisp1_masked
chr7	91362567	91371717	84b24637-918a-4ff1-aa62-2ce4a33a0efc	91361574	91371721	rev	9150	1466	3248	0	0.274956	0	0.86845	-3	right	OV3_Cisp1_masked
chr7	121438081	121447151	ea574a80-914f-4db3-8e37-37a984914b88	121437806	121447156	fwd	9070	2260	6330	0	0.338346	0.003743	0.841176	-3	right	OV3_Cisp1_masked
chr7	139579337	139592907	ce41c8a5-286e-4da5-ada0-c8664c2457c8	139568948	139593245	rev	13570	3714	7543	0	0.496454	0.001399	0.726807	-3	right	OV3_Cisp1_masked
chr7	153479294	153487410	cc48d77e-b8a7-49f9-95d1-04824c456237	153478039	153490807	rev	8116	1298	2348	0	0.320583	0.003509	0.883041	-3	right	OV3_Cisp1_masked
chr8	4249072	4253884	148de6b4-9b14-47e5-82a6-13d6fdc62dad	4247756	4254942	fwd	4812	1003	1943	0	0.211896	0.003663	0.663004	-3	right	OV3_Cisp1_masked
chr8	12602966	12611320	c25227b3-551b-45e5-9e02-1d18546e7c7f	12597437	12622255	rev	8354	3612	1787	0	0.370833	0.006329	0.85654	0.391925	right	OV3_Cisp1_masked
chr8	55281674	55284214	dfb993a8-21b4-477a-b1b3-0c7be22ab3d6	55281667	55293030	rev	2540	1275	578	0.109244	0.42577	0.006803	0.591837	-1	right	OV3_Cisp1_masked
chr8	59270799	59285242	fa3a4f42-1239-48b1-a26c-f0b94cb70e4e	59270784	59285248	fwd	14443	2370	8872	0.078665	0.368296	0.001482	0.863283	-3	right	OV3_Cisp1_masked
chr8	98225926	98239577	23b59736-7dff-497c-bc61-75e59a7ba2ac	98225459	98240969	rev	13651	1019	8529	0	0.221649	0.021352	0.756821	-3	right	OV3_Cisp1_masked
chr8	101196318	101201629	0dadfaec-d68a-4746-869a-d581b9bf321f	101193469	101201635	rev	5311	3166	1231	0.01355	0.197832	0	0.485488	-3	right	OV3_Cisp1_masked
chr8	120256424	120267856	3e58ec32-a960-4a3b-9683-9c0f327be6cb	120256414	120267861	fwd	11432	1131	5610	0	0.179558	0	0.875289	-3	right	OV3_Cisp1_masked
chr9	95684796	95697382	cae5b409-6d9f-4f0c-86db-c32d241be0ee	95684791	95698213	fwd	12586	1331	9240	0	0.416667	0.012219	0.860071	-3	right	OV3_Cisp1_masked
chr9	106619996	106638466	ca363780-17e5-4578-981b-b748c2f5b628	106619990	106639207	rev	18470	1930	13429	0.034296	0.220217	0.014861	0.813098	-3	right	OV3_Cisp1_masked
chrX	67547550	67552542	95fb972d-5e16-4cdc-ac8b-5fabf7c992e0	67543346	67552548	fwd	4992	1854	1732	0	0.229329	0.010399	0.518198	-3	right	OV3_Cisp1_masked
chrY	56857332	56868586	fdd136b5-5c15-4e14-84d8-c06809e204d8	56856819	56868590	rev	11254	1276	5368	0.009554	0.152866	0.040462	0.690173	-3	right	OV3_Cisp1_masked
chr1	1750428	1760088	876651bd-c207-47cb-8260-2b76365d5a23	1748526	1764431	fwd	9660	2122	7191	0	0.621118	0.04664	0.627668	-3	left	UWB_Cisp0
chr1	3569076	3573859	92448c87-d57c-4ce1-875f-7e391594bb09	3563791	3573865	rev	4783	1778	2702	0.077419	0.451613	0.044092	0.638448	-3	left	UWB_Cisp0
chr1	5364381	5374727	f8283be1-8bd4-4efe-a098-9d72cc2e4e21	5361251	5385372	fwd	10346	3121	4225	0.100829	0.573204	0.001896	0.883412	-3	left	UWB_Cisp0
chr1	5940100	5945481	5b17d4f3-aa8d-41c4-843d-079935997e35	5938607	5946980	rev	5381	1193	3957	0	0.568562	0.033026	0.877112	-3	left	UWB_Cisp0
chr1	7995757	8001224	e02c9e88-0e99-453a-ac11-609d6e527915	7990165	8006595	fwd	5467	2033	3172	0.023392	0.482456	0.018557	0.630928	-3	left	UWB_Cisp0
chr1	9988704	9997716	0cb67200-6435-4400-bfbc-fb24795db75c	9986767	10002885	rev	9012	4391	4259	0	0.781925	0.035584	0.767336	-3	left	UWB_Cisp0
chr1	18986212	18992573	4ca19fae-3214-41de-a306-26a2f9fa464d	18986201	18992587	fwd	6361	1848	4172	0.027542	0.792373	0.053236	0.841336	-3	left	UWB_Cisp0
chr1	20361174	20371883	742aaf2e-1b27-4fb4-9bc1-51b0fd14253d	20361168	20380458	rev	10709	2901	7255	0.004149	0.762102	0.058299	0.612731	-3	left	UWB_Cisp0
chr1	26420072	26432804	0b323efb-ea72-45c6-8dda-cff3e20ed9be	26418410	26433142	fwd	12732	1919	9150	0	0.784223	0.016293	0.854453	-3	left	UWB_Cisp0
chr1	26479491	26485444	5fba7be8-790b-41ef-8173-6294ce174c7b	26477534	26489902	fwd	5953	1561	3239	0	0.411905	0.006263	0.824635	-3	left	UWB_Cisp0
chr1	27232988	27236698	ad694848-2e5b-4cbb-8fe9-ea6f4c7e8abc	27226197	27236703	fwd	3710	1360	1414	0.09466	0.407767	0.053412	0.821958	-1	left	UWB_Cisp0
chr1	28502990	28510351	cbc6c9c3-fafd-40bc-b40c-fdc9df4d1473	28502976	28517428	rev	7361	3651	3369	0.009558	0.747909	0.016949	0.749395	-3	left	UWB_Cisp0
chr1	28996496	29005125	66e4e179-1fbe-4d23-b73e-6fbe0c3c98fa	28996491	29007367	rev	8629	1288	6868	0	0.592697	0.002042	0.927514	-3	left	UWB_Cisp0
chr1	30959864	30965711	cbb41624-af40-412b-8d79-e1207db9a325	30957904	30965718	rev	5847	2113	2472	0	0.777592	0	0.929224	-3	left	UWB_Cisp0
chr1	37423935	37426926	2b715515-7066-4295-b416-ad9d88e92f0b	37423929	37431534	fwd	2991	1552	1078	0	0.578512	0	0.714894	-3	left	UWB_Cisp0
chr1	37690814	37697210	5a251473-3155-4844-a5a3-8608dd8878f7	37690808	37697221	rev	6396	4784	1347	0.01059	0.880484	0.014652	0.875458	-3	left	UWB_Cisp0
chr1	40197377	40204289	f6511379-bf5a-45b3-b891-16e0b7c0f3fc	40197366	40208428	rev	6912	1976	4562	0.036609	0.737958	0.031891	0.785877	-3	left	UWB_Cisp0
chr1	41882757	41889357	df34726b-482c-4982-ac26-1fb847d467a0	41882752	41890595	rev	6600	3099	1406	0.045216	0.592008	0.040541	0.667568	-3	left	UWB_Cisp0
chr1	41976862	41981748	2e2f68bf-de1a-4d35-8380-9d06ea782195	41975305	41990819	rev	4886	2857	1709	0.002469	0.77037	0.069565	0.591304	-3	left	UWB_Cisp0
chr1	42849423	42857889	2984fd42-63c7-435c-b4db-e7e89cff478a	42849418	42857957	rev	8466	5810	2416	0.000721	0.870944	0.032646	0.823024	-3	left	UWB_Cisp0
chr1	43060015	43064885	e2776ac3-7a61-490d-9768-d36d41ca12a8	43055798	43076451	fwd	4870	1518	3022	0	0.490338	0.052857	0.668571	-3	left	UWB_Cisp0
chr1	43546221	43550414	75b51dd4-6fe5-4286-88e6-1920899e4400	43545244	43550734	rev	4193	1316	2494	0.00813	0.264228	0.092369	0.742972	-3	left	UWB_Cisp0
chr1	47313297	47316968	9d3aa54a-4d67-4902-83ab-cec837a61b52	47313289	47320842	fwd	3671	913	1475	0	0.442553	0.005682	0.857955	-3	left	UWB_Cisp0
chr1	51003235	51011506	6badf0cb-b38c-43a7-977c-9431efb600e2	51001117	51011512	fwd	8271	1798	2551	0.070615	0.719818	0	0.941272	-3	left	UWB_Cisp0
chr1	54605924	54615774	7a9f6764-9f43-4a69-8174-0d43fb85c669	54605920	54615782	fwd	9850	1017	7810	0.14433	0.690722	0.092807	0.694896	-3	left	UWB_Cisp0
chr1	67170573	67177534	580086ee-2485-430f-a211-ad1cc05759d8	67164058	67184713	fwd	6961	2169	4503	0.001473	0.574374	0.005004	0.693352	-3	left	UWB_Cisp0
chr1	69967899	69978010	646b0bb9-6be8-418c-b4ec-10da8d502bbd	69956366	69989233	rev	10111	4704	4840	0.001594	0.700398	0.015464	0.845876	0.216135	left	UWB_Cisp0
chr1	72419249	72427032	3626e5a9-eeb3-4cc8-8f46-12a3ac067115	72416555	72431084	fwd	7783	1622	3878	0.03864	0.553323	0.01244	0.811483	-3	left	UWB_Cisp0
chr1	73939346	73945088	b51008db-9b55-43ac-8052-8e44b6a8841e	73934013	73961474	fwd	5742	4573	596	0.063459	0.721757	0.238372	0.44186	-1	left	UWB_Cisp0
chr1	82323645	82328309	66a9ab6d-231e-47f6-a2a3-86c7bf5ded19	82323641	82330221	fwd	4664	1053	1429	0	0.22179	0.086162	0.616188	-3	left	UWB_Cisp0
chr1	83715302	83725407	fb03ff8d-7172-4d14-abfc-0a99510492f5	83715291	83725415	rev	10105	1012	8864	0.003788	0.530303	0.015004	0.778183	-3	left	UWB_Cisp0
chr1	85740969	85746450	4cfa0576-0695-406b-8778-c31230eb39d0	85739734	85750966	fwd	5481	1155	3938	0.119114	0.418283	0.073438	0.595313	-3	left	UWB_Cisp0
chr1	87075294	87082154	90644f48-6b07-447c-85b4-b6abc04ecde1	87075285	87085231	fwd	6860	3458	1414	0	0.602871	0.027907	0.711628	-3	left	UWB_Cisp0
chr1	87753208	87760289	a9444558-0a37-46e5-904a-8cbe29c1ab45	87753203	87761676	fwd	7081	1934	4855	0.020305	0.619289	0.004542	0.847843	-3	left	UWB_Cisp0
chr1	88740760	88747901	8703a0e9-431c-4ec5-8d62-2103ba6b420a	88740754	88749111	rev	7141	1183	4394	0	0.57072	0.009468	0.90386	-3	left	UWB_Cisp0
chr1	88828220	88833702	f71c80a2-d2d0-4a9e-b601-5c62656ecc56	88823528	88839875	rev	5482	1004	4173	0.022801	0.420195	0	0.78107	-3	left	UWB_Cisp0
chr1	89561195	89566063	1e1e7dfb-3c71-4474-be41-dbdb86f00999	89551133	89567004	fwd	4868	1360	3109	0	0.5625	0.025788	0.717287	-3	left	UWB_Cisp0
chr1	92927441	92935074	e1432b76-bd0f-4017-891f-e74c402ebd4d	92924016	92936444	rev	7633	3364	3847	0.019525	0.606112	0.071645	0.695257	-3	left	UWB_Cisp0
chr1	92955818	92964043	6c16156d-6b7d-4965-a4fa-da7f8e3efab3	92949228	92964061	fwd	8225	1581	5017	0.005	0.6625	0.00968	0.56143	-3	left	UWB_Cisp0
chr1	96528843	96532876	9ffe0f92-02d8-48c5-84be-736676ed933a	96524891	96545386	rev	4033	1949	1847	0.007491	0.696629	0	0.701599	-3	left	UWB_Cisp0
chr1	96904332	96910058	4abcc634-f394-4ab0-b097-dfde1a22cb2b	96902883	96911827	rev	5726	2208	3295	0.013373	0.784547	0.048478	0.812852	-3	left	UWB_Cisp0
chr1	97763806	97773402	0a3ad624-e31b-4ac5-a3cc-a1c1c480625d	97763799	97773421	fwd	9596	1352	7947	0	0.825193	0.018244	0.738651	-3	left	UWB_Cisp0
chr1	97901167	97909980	0fe502ed-cbc7-4b28-9024-ba0885a9cc5b	97899459	97911143	fwd	8813	1297	7285	0	0.668182	0.005858	0.675079	-3	left	UWB_Cisp0
chr1	99029019	99038811	fa8cae02-e858-4e04-a3bb-93964dbabead	99029005	99039899	rev	9792	4201	5338	0.006154	0.773846	0.042459	0.829531	-3	left	UWB_Cisp0
chr1	99645608	99654160	e4eb4aa0-5657-49ac-b528-79522630ab07	99641314	99657187	fwd	8552	3245	3528	0.044653	0.703878	0.029586	0.817554	-3	left	UWB_Cisp0
chr1	106009235	106016228	4229c9a9-d22d-448f-ae2f-b5e0d6ce2849	106009225	106016236	fwd	6993	2791	3994	0	0.7891	0.007353	0.882353	-3	left	UWB_Cisp0
chr1	109189106	109200925	0d839003-9da9-4b83-b0ab-e1c74700b56b	109185957	109200998	rev	11819	4764	4588	0.022654	0.872168	0	0.944014	-3	left	UWB_Cisp0
chr1	110340486	110348227	bf335457-d2ca-4350-b4a8-45a6a2370b54	110340353	110352568	fwd	7741	2438	4818	0.060026	0.58493	0.025017	0.816092	-3	left	UWB_Cisp0
chr1	110599911	110607550	e88e93d8-1ad8-42ab-b87f-04cf35beddf7	110597114	110610494	rev	7639	2769	4650	0	0.720617	0.007582	0.756529	-3	left	UWB_Cisp0
chr1	117528024	117532833	931847be-1429-46e1-b557-d68c0b5f48d7	117526894	117535292	rev	4809	1072	3440	0	0.658009	0.028195	0.718045	-3	left	UWB_Cisp0
chr1	118923398	118928277	ca94729c-258c-46ca-be35-74ad782bc3ba	118923393	118936018	rev	4879	1454	2943	0.028037	0.46729	0.026807	0.817016	-3	left	UWB_Cisp0
chr1	143190418	143229601	fcac3c2c-9c07-42df-9ae7-bf74a0401d59	143184587	143241023	fwd	39183	37864	1243	0.05366	0.382607	0.011628	0.447674	-3	left	UWB_Cisp0
chr1	143202525	143211841	2b214373-9a0d-4155-8748-4a8061d8ca8b	143185490	143232750	fwd	9316	5782	3534	0.003953	0.494071	0.027273	0.527273	0.455576	left	UWB_Cisp0
chr1	143219870	143222577	e61ec2d8-68d3-4423-8a59-d19f8dd1c976	143199961	143222585	fwd	2707	1679	1028	0.044855	0.343008	0	0.631579	-3	left	UWB_Cisp0
chr1	143208145	143214737	f0d04feb-cf2a-477e-a63b-447019eb6add	143206397	143223008	fwd	6592	1580	3329	0.014245	0.316239	0	0.387097	-3	left	UWB_Cisp0
chr1	143216344	143230933	d861c1b9-04d2-47c8-b18e-dffa651d6685	143206417	143241415	fwd	14589	1215	13374	0.031469	0.552448	0.052406	0.634111	-3	left	UWB_Cisp0
chr1	143212489	143215624	686c4af4-bf7f-4551-8b55-90b7fe2f78bf	143212483	143220538	rev	3135	1798	1337	0	0.591691	0.003077	0.830769	-3	left	UWB_Cisp0
chr1	143229069	143235695	93930188-1423-415f-bca1-a152c9d7448e	143227463	143240996	rev	6626	5591	1035	0.261474	0.316412	0	0.183333	-3	left	UWB_Cisp0
chr1	145415061	145431479	a392a2e8-9c1c-4a19-a934-f8efab169713	145415052	145431484	fwd	16418	3689	9606	0.072022	0.807479	0.00726	0.92922	-3	left	UWB_Cisp0
chr1	154061789	154068236	8b428e17-15b2-40cd-a9f3-d4881f535ff3	154061368	154073620	rev	6447	1684	4349	0.042424	0.45303	0.034154	0.822875	-3	left	UWB_Cisp0
chr1	154641157	154645724	2122e3b2-7e01-4a82-8d4a-dd79c3ee2168	154641152	154648835	fwd	4567	2175	1942	0.019858	0.469504	0.032659	0.799378	-3	left	UWB_Cisp0
chr1	155439289	155453943	392a3807-058b-435d-9f9b-15b466a4e47c	155439283	155453958	fwd	14654	5622	4711	0.021381	0.770922	0.017361	0.844444	-3	left	UWB_Cisp0
chr1	156584461	156592099	f24eba15-d93d-45f0-981e-0e72058f0e38	156580765	156596183	rev	7638	2439	4889	0	0.707547	0.04878	0.738436	-3	left	UWB_Cisp0
chr1	160901790	160908396	a49b5b12-e97d-4178-86d4-84d4f4d05515	160900769	160910016	fwd	6606	1867	3568	0	0.646943	0.00578	0.90289	-3	left	UWB_Cisp0
chr1	161936965	161941056	e2053742-3b30-4777-9a7e-83a13cdaf46e	161934329	161941713	rev	4091	1105	2669	0	0.506383	0.017473	0.798387	-3	left	UWB_Cisp0
chr1	162713970	162721712	ec379ba4-6044-4eb6-86c3-0e166ae61551	162713281	162722147	rev	7742	2563	3843	0	0.803073	0.011561	0.845857	-3	left	UWB_Cisp0
chr1	167501251	167510188	4dd14738-8e19-424c-b2f2-e30b2092227c	167501238	167514871	fwd	8937	2754	2627	0.005789	0.842258	0.048154	0.656501	-3	left	UWB_Cisp0
chr1	171055685	171066965	f9164e8c-7dc9-4df7-a3ac-bb8ddc1bf27b	171053977	171073680	fwd	11280	2163	7747	0	0.68865	0.034368	0.590909	-3	left	UWB_Cisp0
chr1	173668119	173671955	21e5f8e0-6aca-4836-8794-a132d37702d0	173667909	173678999	fwd	3836	1459	1827	0	0.486322	0.095238	0.647059	-3	left	UWB_Cisp0
chr1	176676572	176682835	a59c1adb-463a-4a43-8980-12dc0d9376b2	176674339	176687115	rev	6263	1153	2708	0.009868	0.595395	0.001171	0.934426	-3	left	UWB_Cisp0
chr1	177698535	177705111	954390a5-811c-48a0-963b-b4ac6f753057	177696680	177708205	rev	6576	2315	3389	0.016012	0.749636	0.014851	0.909241	-3	left	UWB_Cisp0
chr1	178854542	178863125	34cec4c3-e046-4a67-b858-5cdd05be450f	178854532	178863243	fwd	8583	4628	3639	0.00876	0.748652	0.069423	0.712168	-3	left	UWB_Cisp0
chr1	182704958	182708852	391aa6ee-9961-42af-b03f-76860b8fba19	182690258	182714470	fwd	3894	2053	1516	0	0.616327	0.019324	0.538647	0.238823	left	UWB_Cisp0
chr1	183806531	183815265	186128f1-8139-4b37-8241-9deb335e41d9	183803555	183820574	fwd	8734	3532	4181	0.019589	0.486778	0.046991	0.803792	-3	left	UWB_Cisp0
chr1	184530390	184537666	6d3418a1-eaa5-4143-8c5f-417ed46e3fdc	184530386	184537679	fwd	7276	2976	2299	0.041427	0.726122	0.09589	0.824408	-3	left	UWB_Cisp0
chr1	186766891	186773559	1ba034b4-c90e-45e1-9522-1efc384bb207	186766538	186774981	fwd	6668	2669	3272	0.030831	0.672922	0.023742	0.688509	-3	left	UWB_Cisp0
chr1	189655231	189660833	42300ed5-37d1-4197-90d6-1d1c9fab46da	189655226	189664971	fwd	5602	1302	4017	0	0.54955	0.011655	0.67366	-3	left	UWB_Cisp0
chr1	193532853	193537175	58600f1b-83e5-414d-aedd-f9c65732765a	193532846	193545572	fwd	4322	881	3181	0.011278	0.81203	0.008247	0.901031	-3	left	UWB_Cisp0
chr1	193539355	193542698	58600f1b-83e5-414d-aedd-f9c65732765a	193532846	193545572	fwd	3343	1812	972	0.10675	0.579278	0.00289	0.809249	-1	left	UWB_Cisp0
chr1	195020584	195032213	0a79af62-20c7-4ecf-81e2-272e31cf7e54	195020516	195033344	rev	11629	1436	8938	0.01278	0.591054	0.055068	0.604054	-3	left	UWB_Cisp0
chr1	212103434	212120547	dc2c15b6-341f-4151-98df-6a1dcd52242d	212103429	212124670	fwd	17113	2954	9657	0	0.892537	0.0319	0.870609	-3	left	UWB_Cisp0
chr1	213681902	213690354	5083edf3-5278-4a92-914d-eb337f3083c4	213680519	213696077	rev	8452	541	4933	0	0.825397	0.006168	0.948342	-3	left	UWB_Cisp0
chr1	223521030	223526699	8d53398c-a028-42d8-8993-619c168f3832	223521024	223535448	fwd	5669	2343	1129	0.092421	0.465804	0.021538	0.704615	-3	left	UWB_Cisp0
chr1	223840224	223847706	4a37bcda-b273-40fb-9b06-93660f8bd53d	223840220	223856403	fwd	7482	1646	4853	0	0.451149	0.045283	0.624906	-3	left	UWB_Cisp0
chr1	225307294	225317039	f74cc4af-ef27-488d-94a1-e678b13334e1	225306413	225323310	rev	9745	1365	7425	0.077778	0.47037	0.037277	0.793085	-3	left	UWB_Cisp0
chr1	225883772	225887428	96ccadba-bd48-4c9f-85f7-f750bd156bac	225883768	225897343	fwd	3656	1649	1069	0.039326	0.522472	0.072327	0.578616	-3	left	UWB_Cisp0
chr1	229913099	229919353	aac4b983-7cf0-4a59-b8cd-0f97686bcde8	229912162	229922505	fwd	6254	1093	4666	0.063584	0.508671	0.037433	0.881684	-3	left	UWB_Cisp0
chr1	231407545	231415271	cb049439-a684-4b6a-b1e0-bb790035c119	231407539	231418163	rev	7726	4242	3000	0	0.821712	0.098592	0.747485	-3	left	UWB_Cisp0
chr1	237221630	237230541	f83cbf70-a048-45f9-a1ce-42d1d232e518	237216871	237230546	fwd	8911	4263	2341	0.137452	0.750579	0.007634	0.883969	-3	left	UWB_Cisp0
chr1	237363523	237370083	c63e9765-7675-411c-a55d-b959cfae5ede	237363512	237370101	rev	6560	1540	4516	0	0.763359	0.141247	0.742299	-3	left	UWB_Cisp0
chr1	239119481	239125501	22532e85-01e7-49fa-a119-260beb557a5a	239119474	239125513	fwd	6020	1335	4364	0	0.629747	0.073111	0.698619	-3	left	UWB_Cisp0
chr1	240219010	240225776	949e1c9d-7377-497f-ada7-9e07f39aae40	240215023	240228908	fwd	6766	1087	5387	0	0.561702	0.004084	0.673813	-3	left	UWB_Cisp0
chr1	241379879	241390323	b801c7e8-bd63-4b9d-970d-4d09bfac876a	241379874	241396452	fwd	10444	3344	4485	0.015168	0.819068	0.048474	0.631059	-3	left	UWB_Cisp0
chr10	2060292	2064373	b82ddcfd-16d7-4055-b0fa-e5096bac4b9b	2059623	2073926	rev	4081	1944	1845	0	0.684028	0.043165	0.628777	-3	left	UWB_Cisp0
chr10	3176868	3181572	bdf0f7b9-c0c5-4102-9e7a-20951f5f00a8	3164815	3181576	rev	4704	1030	2845	0	0.863192	0.00241	0.910843	-3	left	UWB_Cisp0
chr10	13516314	13520621	b5fd226b-bd7c-4d1e-b2d3-fce839232a21	13515769	13526101	fwd	4307	1456	2467	0	0.494949	0.019704	0.660099	-3	left	UWB_Cisp0
chr10	16277869	16283506	f9c45664-6259-4637-b62d-6f611ebbff8b	16277860	16288036	fwd	5637	3191	2189	0.007362	0.522699	0.005535	0.704797	-3	left	UWB_Cisp0
chr10	16408885	16415019	009aab06-50f0-4c10-887d-55f255680721	16408875	16420247	rev	6134	1406	4345	0	0.675325	0.03818	0.801787	-3	left	UWB_Cisp0
chr10	18657083	18662303	44271d82-61e3-4341-940a-9d857c79afc6	18657075	18662312	fwd	5220	2729	2222	0.019763	0.844532	0.028381	0.836394	-3	left	UWB_Cisp0
chr10	20087333	20091828	e0cb2937-0bf8-42b4-ad3b-b46748c08dfd	20087325	20098835	fwd	4495	2518	1645	0	0.657064	0.023762	0.790099	-3	left	UWB_Cisp0
chr10	24918267	24923554	caaba404-53b4-4639-a280-5c3cbcb013fa	24918263	24930880	fwd	5287	1648	3326	0.009456	0.666667	0.00906	0.763307	-3	left	UWB_Cisp0
chr10	28992907	28999560	b3024040-a211-4a68-a9c5-416465461092	28988175	28999564	rev	6653	1305	4779	0.163934	0.431694	0.024957	0.834768	-3	left	UWB_Cisp0
chr10	29521608	29527656	7e883dcf-df18-4aa9-8505-cf913ffb0521	29516284	29535953	rev	6048	2207	3513	0.022989	0.366174	0.020191	0.729012	-3	left	UWB_Cisp0
chr10	33840498	33851421	36520573-0e12-4215-b448-8d8063dc8b88	33828425	33870132	fwd	10923	1421	9186	0.191228	0.661404	0.039012	0.854331	0.116181	left	UWB_Cisp0
chr10	34403519	34410095	abb906f5-38f7-4d6f-bdca-9e9ed6b4f968	34402055	34410113	fwd	6576	2674	3633	0	0.755556	0.007423	0.83351	-3	left	UWB_Cisp0
chr10	38523734	38528560	3b5cdd8a-dc50-4834-921a-2733b09d3314	38519733	38529907	rev	4826	1199	2336	0.087855	0.416021	0.050251	0.594221	-3	left	UWB_Cisp0
chr10	41875063	41877411	42a21ae2-7697-433e-950c-ad0cd9f9a914	41862729	41880440	fwd	2348	1324	560	0.015152	0.484848	0.076923	0.626374	-1	left	UWB_Cisp0
chr10	41876710	41882650	cf1a7980-23b2-4ad1-aebe-d0dccd3a81c1	41867290	41883450	fwd	5940	2108	715	0.066465	0.416918	0.010638	0.5	-1	left	UWB_Cisp0
chr10	41883627	41886271	71c13899-03e0-4802-b672-7eeee4c4fc79	41883621	41898023	fwd	2644	826	1200	0	0.277778	0.009217	0.525346	-3	left	UWB_Cisp0
chr10	41894870	41898361	5f518075-7a9f-4302-9000-3988f697b85a	41887180	41916265	fwd	3491	1818	1065	0.014085	0.577465	0	0.503937	-1	left	UWB_Cisp0
chr10	41905931	41910435	5f518075-7a9f-4302-9000-3988f697b85a	41887180	41916265	fwd	4504	1008	1543	0.207101	0.366864	0.065134	0.413793	-3	left	UWB_Cisp0
chr10	41896243	41907339	903c1ec3-1325-486f-861e-ca3b24677894	41893148	41910537	fwd	11096	8798	1259	0.049383	0.412346	0.052174	0.46087	-3	left	UWB_Cisp0
chr10	41894690	41901882	121bd9e4-267b-4782-838e-e6646c8a2754	41893597	41914910	fwd	7192	4430	1483	0.071429	0.260714	0	0.62037	-3	left	UWB_Cisp0
chr10	41907264	41914316	121bd9e4-267b-4782-838e-e6646c8a2754	41893597	41914910	fwd	7052	1060	1048	0.031088	0.430052	0.046154	0.523077	-3	left	UWB_Cisp0
chr10	41903698	41907529	e2aa5ed4-9cd7-41df-9a26-7c180a6428ee	41902607	41915664	fwd	3831	1013	1032	0	0.252525	0.037433	0.433155	-3	left	UWB_Cisp0
chr10	41908757	41913116	cf818303-8e6b-4b9d-a2ad-cc84a54292b9	41903845	41916265	fwd	4359	1816	1379	0.133127	0.408669	0	0.75	-3	left	UWB_Cisp0
chr10	44193625	44202367	da94fed9-b184-4f1d-9def-69b95477f622	44193612	44203822	fwd	8742	4672	2675	0	0.735814	0.023392	0.818713	-3	left	UWB_Cisp0
chr10	46283286	46289221	e6d310b8-03f2-4a1c-bb38-db0f3398bc48	46283273	46290529	fwd	5935	3366	1254	0.061558	0.777638	0.030075	0.87594	-3	left	UWB_Cisp0
chr10	54323273	54326725	a2f0895d-8f72-4548-b814-4e2313373b69	54323268	54333987	rev	3452	1616	1433	0	0.589792	0.102616	0.637827	-3	left	UWB_Cisp0
chr10	55589360	55600179	e4a7a8b4-19ef-4b7a-b8bb-c42d5bef49de	55589355	55607678	fwd	10819	1183	9139	0.130872	0.422819	0.023684	0.770301	-3	left	UWB_Cisp0
chr10	58822908	58830591	651ba4ac-204b-47cc-93c8-c9fd06961f9a	58821642	58836187	fwd	7683	1174	6167	0	0.622642	0.047778	0.698333	-3	left	UWB_Cisp0
chr10	60737528	60745036	f63948f6-3904-4108-b1c4-4cddb2ad30a5	60737523	60749593	fwd	7508	4684	2524	0.004944	0.772599	0.086551	0.713715	-3	left	UWB_Cisp0
chr10	64541156	64552187	cd70c7ca-1123-4899-99fa-fdae92725f7e	64540472	64555018	rev	11031	2843	7770	0.119829	0.820257	0.058992	0.843507	-3	left	UWB_Cisp0
chr10	67219731	67229806	dd83b332-60a1-4363-a386-2810ca0773d2	67219486	67232977	fwd	10075	4359	5016	0	0.605232	0.029936	0.861012	-3	left	UWB_Cisp0
chr10	72658256	72662297	9ce16ac4-e473-4157-9d62-40774d547519	72658250	72669033	rev	4041	1139	2428	0.164794	0.52809	0.016644	0.783634	-3	left	UWB_Cisp0
chr10	75150918	75157171	3981d8a6-fe4a-4f4d-8f04-143938b20d4b	75142321	75157177	fwd	6253	1094	1977	0.077821	0.840467	0.01341	0.885057	-3	left	UWB_Cisp0
chr10	77918196	77926170	cae47ada-5fb2-4769-8001-c0c0717c50ad	77918189	77937663	rev	7974	4066	2090	0.000934	0.497666	0.043993	0.580372	-3	left	UWB_Cisp0
chr10	78926250	78940423	58c1005c-9d61-431d-80cd-093433fa3413	78919565	78960422	fwd	14173	3205	8450	0.00133	0.448138	0.041442	0.595802	-3	left	UWB_Cisp0
chr10	96286776	96294785	08235a9a-c4b1-4203-b426-8984bd86d620	96283887	96295882	fwd	8009	1133	5533	0	0.564103	0.010674	0.893262	-3	left	UWB_Cisp0
chr10	106210807	106218809	0cd1133b-c9ab-433f-a96b-2b8d5ebdf984	106210796	106227717	fwd	8002	1949	5640	0	0.372392	0.021039	0.734385	-3	left	UWB_Cisp0
chr10	107466232	107476551	ea2a43e3-b6a5-46d6-af0c-8d9341d3ad72	107466201	107478113	fwd	10319	2434	5756	0.053597	0.664316	0.066989	0.811464	-3	left	UWB_Cisp0
chr10	118667061	118673686	590ef90b-3f79-4685-9dc5-e04e9040fa58	118667048	118675034	rev	6625	2514	1738	0.082126	0.628019	0.07783	0.794811	-3	left	UWB_Cisp0
chr10	124333936	124337889	34ee5b83-e911-482f-8912-05403cb6ec09	124333931	124342405	fwd	3953	2069	1091	0.022965	0.546973	0.011583	0.586873	-3	left	UWB_Cisp0
chr10	125441033	125445986	a8082bd3-e523-4431-96a3-8337387f2a0b	125439339	125446275	rev	4953	2560	2152	0.021277	0.735816	0.023109	0.676471	-3	left	UWB_Cisp0
chr10	126408843	126416483	a24bf763-2d19-45c0-84de-1216b3f34391	126407251	126416837	rev	7640	1991	4947	0.014286	0.595238	0.026721	0.861538	-3	left	UWB_Cisp0
chr11	5081971	5087800	2231f7ca-d0af-4ac1-927b-bc4a05e2210a	5081964	5089841	rev	5829	1727	4010	0.026201	0.709607	0	0.890909	-3	left	UWB_Cisp0
chr11	5997284	6001440	203fa39b-874d-4a3f-81e1-a23830819322	5981857	6013943	fwd	4156	1202	2683	0	0.553435	0.013196	0.81085	0.395272	left	UWB_Cisp0
chr11	20921606	20926529	d265292d-5bf8-48e5-891d-6b6929110692	20921599	20929401	rev	4923	2362	2176	0	0.489766	0.017921	0.840502	-3	left	UWB_Cisp0
chr11	26395262	26402315	2f4b56d3-8120-4b16-9b13-f4c7df2cd0db	26395258	26405747	fwd	7053	3727	2779	0	0.43691	0.020619	0.694588	-3	left	UWB_Cisp0
chr11	27020334	27036507	ce5d8158-2651-437e-b0d9-467655a38e52	27019532	27038147	fwd	16173	1684	12022	0.023188	0.66087	0.07012	0.752147	-3	left	UWB_Cisp0
chr11	27533470	27544980	5bcdd2c5-17b4-4935-b088-8d772df883bc	27533464	27551686	rev	11510	4786	3460	0.003045	0.82704	0.018018	0.903153	-3	left	UWB_Cisp0
chr11	28137042	28141484	cf5663ee-f8f9-49c3-be21-f757b2ae95c8	28137037	28146872	rev	4442	2054	2092	0	0.684418	0.045383	0.821596	-3	left	UWB_Cisp0
chr11	33610949	33619901	a1dd0a04-8312-44e5-a502-3cc185d1ab42	33610225	33624819	fwd	8952	2246	4222	0.035398	0.530973	0.01727	0.766447	-3	left	UWB_Cisp0
chr11	39097144	39108772	1bfd50d7-ed9f-4111-a726-05a946de8e59	39097138	39108779	rev	11628	6575	4811	0.005327	0.733172	0.009524	0.906803	-3	left	UWB_Cisp0
chr11	41638626	41642282	4aa525a5-fc78-406f-b2cb-f0e19030025d	41638622	41644897	fwd	3656	1144	2220	0	0.647668	0.00128	0.822023	-3	left	UWB_Cisp0
chr11	41737436	41741816	cb9ee4f6-ff94-48e3-b372-4d465b512417	41737430	41749681	rev	4380	1558	2389	0.057839	0.538813	0	0.741486	-3	left	UWB_Cisp0
chr11	45696169	45702952	561ed323-59f4-4be6-87bf-4374bfdf2ed0	45694216	45705587	fwd	6783	1478	4990	0	0.732484	0.053792	0.762787	-3	left	UWB_Cisp0
chr11	56449420	56460307	01421f69-2698-47e4-9388-2969e81cc5b7	56449092	56483703	fwd	10887	3148	7320	0	0.464736	0.019098	0.77245	-3	left	UWB_Cisp0
chr11	56936999	56947939	f85483bf-9b1b-4c23-a9c6-4a0761fed424	56936085	56947946	rev	10940	1493	9176	0.021818	0.723636	0.013678	0.841945	-3	left	UWB_Cisp0
chr11	64396334	64410189	59e8ec9d-b6d2-4733-a6ba-f4bb8d4232bf	64394995	64416882	rev	13855	3590	8901	0.017647	0.758824	0.047663	0.755669	-3	left	UWB_Cisp0
chr11	68917739	68923490	13629b9e-9a27-4303-a380-f83453d5d796	68917731	68925493	rev	5751	1261	3460	0.004032	0.443548	0.029494	0.608146	-3	left	UWB_Cisp0
chr11	71913976	71925371	4350da98-5a0f-4675-83f6-59acabd14fa9	71911808	71926316	rev	11395	2955	7034	0.074627	0.651289	0.042646	0.875888	-3	left	UWB_Cisp0
chr11	75113536	75119086	c68ba6b8-507c-417f-8d97-d20d2d7d37bc	75113529	75122772	rev	5550	1902	2662	0.062687	0.576119	0	0.589265	-3	left	UWB_Cisp0
chr11	81296556	81309155	58277f51-b6b7-4d12-bb51-99b33a0a2a0a	81295745	81313784	fwd	12599	3258	9060	0.012935	0.79801	0.087403	0.77247	-3	left	UWB_Cisp0
chr11	82001535	82012187	62643d21-b58e-42dc-8ba7-b757b365e6f1	81997640	82012195	rev	10652	1689	8682	0.007194	0.715827	0.01904	0.899834	-3	left	UWB_Cisp0
chr11	83141511	83150363	ebeaf492-0c23-46ce-8704-f50f165fce9d	83141506	83150371	fwd	8852	2237	6418	0.00135	0.622132	0.007361	0.74816	-3	left	UWB_Cisp0
chr11	84102414	84109350	200f7728-01ef-445d-9ef8-5fcb2b642f44	84102407	84121620	rev	6936	1305	4178	0.058296	0.46861	0.023186	0.731488	-3	left	UWB_Cisp0
chr11	87760523	87766334	95100298-917a-46f6-8738-a7cfcdb0686f	87755613	87789091	fwd	5811	1913	1197	0.029079	0.521809	0	0.871542	-3	left	UWB_Cisp0
chr11	88969427	88978316	0f3070f6-7c21-4a25-947d-aa912618f2de	88966914	88979991	fwd	8889	2949	5741	0	0.657895	0.004657	0.817811	-3	left	UWB_Cisp0
chr11	89759651	89765882	93bdda2e-7375-41ab-96b2-98959902f600	89759643	89778650	rev	6231	1822	4008	0	0.560229	0.00956	0.748566	-3	left	UWB_Cisp0
chr11	91922229	91928777	e9d83873-9692-4c55-ae1a-a508b77fd1ce	91918809	91928785	rev	6548	2069	2963	0.001563	0.848437	0	0.953791	-3	left	UWB_Cisp0
chr11	95422680	95432459	56dfddba-728a-4566-b7b1-68d3872c7d83	95422390	95433283	rev	9779	3463	4622	0.04065	0.762421	0.117304	0.784526	-3	left	UWB_Cisp0
chr11	100288230	100301340	51df54a3-708a-4533-9c1b-6e9dad233c9d	100288219	100301348	fwd	13110	3275	6687	0.026095	0.71109	0.081717	0.841858	-3	left	UWB_Cisp0
chr11	100552780	100568045	32dd4e7f-325c-4c7d-a644-0b65f88656eb	100552462	100571218	fwd	15265	4885	7953	0.044776	0.752985	0.037872	0.840397	-3	left	UWB_Cisp0
chr11	100868492	100876052	ab66eb75-71e4-4d4e-bb83-e3355fc7bf6f	100867370	100884725	rev	7560	2909	3503	0.055935	0.609823	0.038023	0.711977	-3	left	UWB_Cisp0
chr11	105128346	105140842	af5448a7-baee-4313-9539-6c47fb58f367	105128342	105140847	fwd	12496	2823	8564	0.0358	0.863962	0.018356	0.891531	-3	left	UWB_Cisp0
chr11	107786842	107795518	68441464-91ef-4350-8bf4-9d8e91ba52db	107786835	107805900	rev	8676	3709	4653	0.001791	0.42077	0	0.785496	-3	left	UWB_Cisp0
chr11	107994746	107999103	334a4212-d4e6-42e6-bc9d-a69b1aff8639	107990726	107999697	rev	4357	2403	1689	0	0.546985	0	0.730594	-3	left	UWB_Cisp0
chr11	113542946	113553189	f81480fc-90d8-4f73-9c0c-8ab7783f703d	113537171	113553202	fwd	10243	2562	7352	0.007485	0.908683	0.025819	0.816286	-3	left	UWB_Cisp0
chr11	116960941	116966932	847493bd-95a3-483e-9595-250419f3afc9	116960933	116973628	rev	5991	1841	3613	0	0.287319	0.01086	0.903926	-3	left	UWB_Cisp0
chr11	118072914	118077234	8bfe5c5c-a71b-4093-bce8-b0b6feb4518f	118071919	118082559	fwd	4320	2754	1316	0	0.672014	0.029508	0.72459	-3	left	UWB_Cisp0
chr11	118540970	118546103	6276b702-85d7-48ce-b960-40a03061d339	118524579	118546109	rev	5133	1599	3152	0	0.730684	0	0.755814	-3	left	UWB_Cisp0
chr11	120079311	120090271	bfa5ba6a-c1aa-4041-bd4b-7a64e3715226	120079301	120091564	fwd	10960	1836	8874	0.006237	0.586279	0.02581	0.81274	-3	left	UWB_Cisp0
chr11	120996188	121004154	f3c74e34-d7a9-4790-9ba4-14f4254d04be	120996182	121008336	fwd	7966	2050	5576	0	0.665017	0.065341	0.68821	-3	left	UWB_Cisp0
chr11	121168863	121175326	c2f12113-4fcf-474e-9ff1-5587a34cd20f	121159689	121178891	rev	6463	1879	3182	0.051913	0.693989	0	0.812189	0.106921	left	UWB_Cisp0
chr11	123954375	123957565	86bb88ce-1beb-4db8-929c-12e1d9fef790	123954366	123965193	fwd	3190	1559	1036	0.004505	0.56982	0	0.678899	-3	left	UWB_Cisp0
chr11	132183268	132190686	994179dd-7174-4167-8e1c-54abcfd162f3	132183262	132190690	rev	7418	3642	3532	0.001946	0.876459	0.028478	0.786418	-3	left	UWB_Cisp0
chr11	133033895	133044741	45597798-b9ed-4bc9-9d7d-6a3f5f58fbab	133033889	133064072	fwd	10846	1062	9204	0.004049	0.380567	0.016421	0.428632	-3	left	UWB_Cisp0
chr12	471412	479130	4984281d-8be1-4859-8367-22b14d584a8e	471407	483995	rev	7718	1274	3399	0	0.484293	0	0.890058	-3	left	UWB_Cisp0
chr12	5358571	5364897	58b88a04-a386-476e-a323-85e47498945d	5352429	5364906	fwd	6326	1063	4906	0.02952	0.745387	0.009569	0.767145	-3	left	UWB_Cisp0
chr12	5839256	5846545	fbbd140a-4bb0-4f32-8df2-31faacdc140c	5839251	5846551	rev	7289	4723	1290	0.038885	0.802641	0.12844	0.620795	-3	left	UWB_Cisp0
chr12	5933424	5939332	4aac3e9f-f53c-4ad5-9a51-c471d2ce3a12	5931483	5939340	fwd	5908	1309	3446	0.016556	0.718543	0.011435	0.613306	-3	left	UWB_Cisp0
chr12	14397730	14407644	f2bd9e17-85a6-4c11-9350-1e824db6da59	14397725	14407649	fwd	9914	1296	7864	0	0.572939	0.061171	0.683023	-3	left	UWB_Cisp0
chr12	17816974	17837634	738cb813-0f3d-4f8c-afb0-4d7f9ebe3c0b	17815888	17838307	rev	20660	2570	17754	0.062407	0.79049	0.015744	0.902718	-3	left	UWB_Cisp0
chr12	18548089	18558346	cac8726a-3fe8-47f7-b694-15977b957e52	18548084	18559280	fwd	10257	4902	2996	0.001353	0.840325	0.003243	0.914595	-3	left	UWB_Cisp0
chr12	26766225	26778429	045fccb0-fa18-481a-98a9-5f900babdb24	26764784	26781088	fwd	12204	2112	9273	0	0.94246	0.025485	0.860732	-3	left	UWB_Cisp0
chr12	32866624	32880440	90d18b40-de46-4a92-9a7f-512757094c70	32865649	32880465	fwd	13816	2189	10691	0.068627	0.888235	0.068546	0.784621	-3	left	UWB_Cisp0
chr12	33559129	33565880	581c48fe-0a26-47fe-941c-93f4ef4c6a67	33559124	33565888	rev	6751	3141	3285	0.009797	0.686511	0.004864	0.916342	-3	left	UWB_Cisp0
chr12	37772561	37787116	ae7becda-9e37-4f0a-894e-1c9f1e803b4d	37772549	37795709	fwd	14555	3220	11043	0	0.619662	0.00226	0.781921	-3	left	UWB_Cisp0
chr12	37916095	37918802	40b66edb-ab68-4969-9c8c-90cbc5927b22	37908239	37927949	fwd	2707	1215	1188	0	0.439024	0.002755	0.735537	0.97315	left	UWB_Cisp0
chr12	41608388	41613326	648b3d8f-dd46-4f44-803c-75ca21435592	41607950	41613330	rev	4938	1257	3234	0	0.48301	0.01127	0.816598	-3	left	UWB_Cisp0
chr12	43121900	43127301	53e941c9-1f17-4198-bb45-1247802ab6a1	43121894	43132522	fwd	5401	1359	3770	0.063107	0.531553	0.021602	0.855986	-3	left	UWB_Cisp0
chr12	44971864	44978022	162d5cd2-271f-48dd-ba52-0c389b4561c5	44971857	44992962	rev	6158	3422	2031	0	0.701839	0.00346	0.8391	-3	left	UWB_Cisp0
chr12	45371816	45376730	b22868b1-66a3-49fd-a711-8b40165f03a8	45371797	45384494	rev	4914	2828	1242	0.039341	0.576395	0.033403	0.805846	-3	left	UWB_Cisp0
chr12	53272922	53277508	c8a051b2-a001-4f53-86f3-7356f7d30cfb	53263351	53279391	fwd	4586	1193	1957	0.019841	0.269841	0.063136	0.613035	-1	left	UWB_Cisp0
chr12	56374010	56382854	1580a3ee-1bb5-4438-b9de-d5adf6924549	56370365	56388896	rev	8844	2276	6310	0.003165	0.370253	0.044537	0.868765	-3	left	UWB_Cisp0
chr12	64676045	64690778	1bf9be28-0036-4d86-8824-e48b786674ae	64673160	64690784	fwd	14733	1579	10373	0.044944	0.373034	0.02296	0.671141	-3	left	UWB_Cisp0
chr12	70574177	70586783	b2531209-e186-4e4e-a7b6-f0107c765e99	70572954	70588219	rev	12606	4257	7414	0.023065	0.749256	0.034591	0.839623	-3	left	UWB_Cisp0
chr12	91878361	91883774	e9b4c1e3-a5e8-479c-a894-5961e664eeae	91878352	91887005	rev	5413	2498	2560	0.003636	0.460606	0.018204	0.822816	-3	left	UWB_Cisp0
chr12	94528745	94535405	3752192f-bd1d-4103-846d-8e5464dfdd71	94509842	94547500	fwd	6660	1765	3056	0.03632	0.535109	0.012821	0.637179	0.512589	left	UWB_Cisp0
chr12	98409729	98421655	17908d49-5730-4c43-924c-6dd105c067b2	98407842	98421660	rev	11926	1590	10111	0	0.92623	0.021119	0.879585	-3	left	UWB_Cisp0
chr12	99696564	99704060	50749964-6dd6-4777-b8ec-aebc342f1842	99696555	99723820	rev	7496	3364	3789	0.009379	0.45721	0.021841	0.811232	-3	left	UWB_Cisp0
chr12	99734546	99741128	eb9d196b-3cfb-4d36-8387-d75aa1a5850d	99734530	99747614	rev	6582	3348	2992	0.010309	0.689691	0.011976	0.873396	-3	left	UWB_Cisp0
chr12	100618087	100622451	56c92ff8-5046-448e-92e5-35280758f52f	100610049	100622467	rev	4364	1310	2818	0.007317	0.897561	0.004396	0.879121	-3	left	UWB_Cisp0
chr12	103478866	103483082	a8ba1adc-cbf0-4bdf-90e2-34140d8181d7	103478860	103502832	rev	4216	1999	1220	0.026052	0.697395	0.050279	0.536313	-3	left	UWB_Cisp0
chr12	103766735	103774230	377c034c-8868-4e65-b2ed-0cb0068e679f	103763970	103774240	fwd	7495	1176	5635	0	0.800725	0.024335	0.891255	-3	left	UWB_Cisp0
chr12	104942171	104948408	9b47e2f2-ca27-4bee-a43a-8c6882275fb8	104937894	104968820	fwd	6237	2293	3515	0	0.464489	0.027242	0.632236	-3	left	UWB_Cisp0
chr12	106115515	106126145	92177419-7804-4d28-aac7-eb686526b460	106113003	106126155	fwd	10630	4228	6142	0.017992	0.894886	0.11828	0.547715	-3	left	UWB_Cisp0
chr12	111611028	111618183	7755dd3f-f2fa-427c-be1c-038fd9d2fca3	111611023	111623717	rev	7155	1884	4352	0	0.443182	0.058333	0.709259	-3	left	UWB_Cisp0
chr12	115183491	115188556	ea21b42e-3906-42cc-a55b-06665b1662f5	115183486	115214242	fwd	5065	2532	1930	0.010101	0.427128	0.0409	0.586912	-3	left	UWB_Cisp0
chr12	120379902	120389942	5446e0b6-8960-4eaa-b1ab-c8236dfcd3f8	120371653	120392074	fwd	10040	2126	4970	0.03912	0.757946	0.00524	0.882969	0.234976	left	UWB_Cisp0
chr12	122859063	122863732	8943674f-a638-48d6-bc7e-7b0d0b570627	122859053	122873909	fwd	4669	2324	2027	0.029545	0.543182	0.024096	0.587349	-3	left	UWB_Cisp0
chr12	123225871	123233893	559dd7b8-a6b8-433d-9b76-3034543710a2	123221334	123235370	rev	8022	2558	5249	0.01849	0.693374	0.007186	0.641317	-3	left	UWB_Cisp0
chr12	123353675	123361384	05048caf-3ab0-483a-84b2-bf46da60d526	123350780	123361390	rev	7709	1523	3794	0.004587	0.548165	0.017652	0.887026	-3	left	UWB_Cisp0
chr12	123644632	123649290	69d72d11-3f4e-4f63-8fe2-79492debc182	123641972	123651035	fwd	4658	1228	1512	0.007353	0.590686	0.008547	0.944444	-3	left	UWB_Cisp0
chr12	124585116	124593290	29c82a81-ae5a-4a28-ae07-5748e763c9d3	124584542	124593302	rev	8174	1302	6401	0.011321	0.735849	0.005848	0.895387	-3	left	UWB_Cisp0
chr12	125630649	125638738	87ca3653-df5f-4341-a7d0-eb5b63d6f159	125623053	125638750	fwd	8089	1012	6880	0.003534	0.893993	0.004131	0.894672	0.113912	left	UWB_Cisp0
chr12	131214448	131219625	12dc83ec-ed35-4357-8fb4-3b24f0e7b09d	131214443	131224317	fwd	5177	3193	1606	0	0.640114	0.071233	0.673973	-3	left	UWB_Cisp0
chr13	19101223	19107789	28b338f2-0e83-44da-ab44-a5e72b338f35	19101208	19111744	rev	6566	1641	4509	0.019672	0.52459	0.02316	0.799835	-3	left	UWB_Cisp0
chr13	28700506	28706385	4a0de9ce-12ba-474a-af4e-0942bc59175f	28700498	28713859	rev	5879	4218	1192	0.003239	0.661538	0.059299	0.636119	-3	left	UWB_Cisp0
chr13	29241518	29250238	fbbd8a5f-9105-4a84-ad9b-ffb9cc04a72d	29240626	29250959	fwd	8720	2583	5836	0	0.690748	0.022495	0.653033	-3	left	UWB_Cisp0
chr13	32466635	32472745	0ec6cc97-136a-428c-bfa0-a0bd9a377f34	32466631	32474672	fwd	6110	2265	1855	0.019194	0.65643	0.086864	0.584746	-3	left	UWB_Cisp0
chr13	34188694	34195637	5a185b06-a655-4757-9732-ce5bbec6da14	34185234	34196553	fwd	6943	3941	1721	0.014395	0.160269	0.017214	0.820031	-1	left	UWB_Cisp0
chr13	37294255	37299915	51130934-87a8-446e-9c5b-3b2374d143a1	37285032	37304256	fwd	5660	1493	3967	0.007481	0.568579	0.023863	0.764355	0.333377	left	UWB_Cisp0
chr13	41270509	41279931	e37dd3e4-8480-4729-8e3f-333d27f1c2fe	41263742	41283398	rev	9422	3642	2667	0.006472	0.790723	0.003793	0.887484	-3	left	UWB_Cisp0
chr13	45822244	45826718	31831611-11f5-4721-87dd-4e9d97adce2d	45810789	45831346	fwd	4474	1210	2907	0	0.551913	0.004963	0.864764	0.366781	left	UWB_Cisp0
chr13	49384361	49388034	db127db4-fa82-4e62-982c-340a9970f5a1	49384351	49389720	rev	3673	2098	1248	0	0.60292	0	0.79288	-3	left	UWB_Cisp0
chr13	50907914	50916821	f4126af9-e624-4d73-bfd5-98c167decade	50907909	50916833	rev	8907	4253	3289	0.052351	0.8811	0.077025	0.799469	-3	left	UWB_Cisp0
chr13	51237314	51243287	a0b359a5-e33d-41c3-b7be-b85bb68e28f3	51237309	51244945	fwd	5973	1673	4066	0.022901	0.694656	0.006832	0.909479	-3	left	UWB_Cisp0
chr13	51834971	51842659	538a0c37-c229-47b1-b703-b1258268fe83	51831922	51844677	rev	7688	1302	6146	0	0.581986	0.048733	0.756335	-3	left	UWB_Cisp0
chr13	53077713	53083073	3251358e-b921-417a-8651-1a660606e4ba	53077705	53083077	rev	5360	2598	2501	0	0.849791	0.001401	0.896359	-3	left	UWB_Cisp0
chr13	56625951	56633466	54612987-ba8e-439e-a36e-8c4b5db83185	56625947	56633486	fwd	7515	2781	4224	0.035971	0.764388	0.135535	0.669704	-3	left	UWB_Cisp0
chr13	56611411	56619106	c009c11b-c95d-426d-9aa0-46c44b6c00cd	56609349	56635016	fwd	7695	1246	2313	0.016349	0.498638	0	0.886957	-3	left	UWB_Cisp0
chr13	65682897	65690359	d0f0fc90-f0bd-4e69-986c-f432d4ece01d	65680585	65691419	fwd	7462	2201	4886	0.022457	0.548217	0.01406	0.784417	-3	left	UWB_Cisp0
chr13	67324769	67328982	7371fb14-5188-4b8e-a87d-1ce72079d122	67324760	67333701	rev	4213	1298	1318	0	0.455729	0.077482	0.634383	-3	left	UWB_Cisp0
chr13	72890312	72897760	6e7eadb2-31d5-45e9-9d56-cde7d2f9c7b5	72890308	72900844	fwd	7448	2902	3462	0	0.615741	0.039216	0.84492	-3	left	UWB_Cisp0
chr13	83357164	83362891	17d4a365-ff6d-4f36-b812-fcdae506376f	83356431	83372073	rev	5727	1386	4029	0	0.693023	0.007098	0.797319	-3	left	UWB_Cisp0
chr13	87887103	87894930	f2df1d86-5e49-40c7-8708-cc2070217239	87871544	87902315	fwd	7827	1135	5737	0	0.577904	0.027373	0.779849	-1	left	UWB_Cisp0
chr13	91282338	91291407	b4b2e08c-721c-4ba5-90b4-94d5a081434c	91282333	91291413	rev	9069	3909	4796	0.042291	0.838767	0.005997	0.944528	-3	left	UWB_Cisp0
chr13	92714558	92721284	e4da96ab-57a4-4e63-b40e-710a4b42c183	92714551	92732515	rev	6726	3249	2235	0.08473	0.616387	0.039746	0.680445	-3	left	UWB_Cisp0
chr13	94294371	94302608	f88d362f-ffb1-405f-ac44-8f38fffddb37	94292437	94306062	rev	8237	1518	5882	0.052273	0.584091	0.003472	0.87037	-3	left	UWB_Cisp0
chr13	106927565	106941342	f22fce4e-d39b-4acb-8621-a451ee06184f	106927559	106942422	rev	13777	2369	10626	0.018237	0.816109	0.015378	0.691218	-3	left	UWB_Cisp0
chr13	108144101	108159606	b4dad7bc-8c7b-465f-b644-6c995b656d20	108143007	108159612	rev	15505	1919	12184	0.066318	0.853403	0.079081	0.823635	-3	left	UWB_Cisp0
chr14	20558899	20564379	8d886e25-4297-4fcd-aeca-4dfcf9c7b5c7	20558894	20571006	rev	5480	2261	2784	0.025435	0.698795	0.041578	0.711087	-3	left	UWB_Cisp0
chr14	22590118	22600798	03a1f6e3-be0c-4ed5-9524-234e05d72ef2	22584316	22632755	rev	10680	3637	6799	0.003468	0.584971	0.067967	0.54039	-3	left	UWB_Cisp0
chr14	22644281	22651096	51911ac5-299f-4e05-bfa1-11406eaec578	22644277	22654361	fwd	6815	2205	4218	0	0.610687	0.050633	0.737794	-3	left	UWB_Cisp0
chr14	26235442	26240970	204ba9d5-e055-43fc-b06b-6c2bc0111f2f	26235434	26241230	fwd	5528	3081	2003	0	0.766157	0.073855	0.819793	-3	left	UWB_Cisp0
chr14	26609356	26618459	20342d1e-0c7e-41f2-91bc-b749cf51a868	26607944	26623521	rev	9103	2193	6657	0.032143	0.715476	0.007862	0.865356	-3	left	UWB_Cisp0
chr14	30756278	30763521	6f9dea3f-ab00-43c7-bbc0-67b53a76a417	30756262	30764875	fwd	7243	3058	3921	0.011751	0.656874	0.011982	0.884793	-3	left	UWB_Cisp0
chr14	31005004	31008595	036b4617-4751-44e3-9029-9598ac4f3732	30998044	31008600	rev	3591	1416	1742	0	0.526998	0.054196	0.65035	-3	left	UWB_Cisp0
chr14	32791795	32796567	c431d96a-b0ae-46b9-926f-65edf8016f11	32789491	32798839	fwd	4772	1625	542	0	0.49435	0	0.966507	-3	left	UWB_Cisp0
chr14	34270689	34278416	0b5fb633-3a1d-4c8c-b526-e8177b974f67	34258359	34279738	rev	7727	1086	4944	0.217514	0.641243	0.009021	0.909794	0.08619	left	UWB_Cisp0
chr14	37642580	37648642	a27ac3be-d417-41d5-aac0-c15f93826f40	37642573	37652851	rev	6062	4793	1014	0.014862	0.786978	0	0.847222	-3	left	UWB_Cisp0
chr14	38838025	38850066	7901fe3f-0a0f-4af0-95e1-bc5f261066d1	38831789	38868767	rev	12041	3268	7346	0.032988	0.430726	0.006794	0.858599	-3	left	UWB_Cisp0
chr14	42801068	42814622	535361db-62f6-4da6-a3db-f96e88577d53	42798612	42830796	fwd	13554	3409	9893	0	0.517964	0.018015	0.587946	-3	left	UWB_Cisp0
chr14	48697475	48703341	0abc5f0a-1cc6-486c-a037-6d8309ad2623	48695998	48707665	fwd	5866	1357	2246	0.024465	0.48318	0.004854	0.830097	-3	left	UWB_Cisp0
chr14	55998941	56004867	2420804d-aeae-4235-b71e-7ae8e173818e	55998934	56013759	rev	5926	1351	3988	0	0.592486	0.101904	0.652856	-3	left	UWB_Cisp0
chr14	57013658	57022497	d6f99231-130c-42bb-93e0-80ecb29bbc20	57013550	57027052	rev	8839	2794	5738	0.014925	0.711443	0.02783	0.850095	-3	left	UWB_Cisp0
chr14	64134340	64141001	a1f0b8d7-4a13-4a9b-9a0e-a04a0d9bd412	64134332	64143713	rev	6661	1953	4445	0.01676	0.541899	0.010161	0.875529	-3	left	UWB_Cisp0
chr14	65837899	65841157	98306b5c-54d7-4a9c-ba9c-3a2ab66e7d08	65827096	65842385	rev	3258	1159	1841	0	0.535971	0.06506	0.756627	-3	left	UWB_Cisp0
chr14	80559391	80568492	bb3777b0-47d6-43db-bcf6-7cb782ecdf04	80559386	80568501	fwd	9101	4648	4189	0	0.770706	0.051767	0.823336	-3	left	UWB_Cisp0
chr14	89238749	89245470	d51d6c43-1a6f-4137-8371-2039c7e9a0b9	89238742	89248406	rev	6721	2449	3850	0.051114	0.667104	0.067405	0.7747	-3	left	UWB_Cisp0
chr14	102873170	102885131	7fde0dc9-8be5-4b6b-9497-b57a31bc178c	102870836	102888293	fwd	11961	1247	10355	0	0.557994	0.039295	0.635329	-3	left	UWB_Cisp0
chr15	23837068	23842541	f1c1b89a-8b1e-44e2-b77a-86bf9277f0a0	23837063	23850013	rev	5473	1471	3663	0	0.438776	0.035211	0.699195	-3	left	UWB_Cisp0
chr15	39363690	39371489	75ac9eee-962c-405e-b4d8-ad75bd9fd39a	39361939	39373294	fwd	7799	2289	5075	0.012704	0.618875	0.038916	0.838777	-3	left	UWB_Cisp0
chr15	42411978	42419182	180d96ae-fb23-4a5a-bb7d-04cf5cb662de	42411973	42420172	rev	7204	3756	3162	0	0.538316	0.081678	0.807947	-3	left	UWB_Cisp0
chr15	44311344	44316255	ca14080d-4e18-4bf9-ac68-e40fb84270a6	44309880	44319165	fwd	4911	1299	2236	0.076923	0.253205	0.045872	0.587156	-3	left	UWB_Cisp0
chr15	49223988	49234253	d43edd9c-3a61-4563-81b6-df354525809c	49223983	49234257	rev	10265	4693	3695	0.04565	0.906115	0.009247	0.929987	-3	left	UWB_Cisp0
chr15	50360003	50364026	911572e5-a290-46a9-bd18-0b169a01d958	50359288	50369497	rev	4023	2296	1444	0	0.722892	0.113786	0.678337	-3	left	UWB_Cisp0
chr15	51963433	51973244	2cf73812-61fb-4867-9de9-1750b94bfcbb	51963428	51973248	rev	9811	4494	5014	0.031379	0.716763	0.049768	0.857996	-3	left	UWB_Cisp0
chr15	58916147	58924095	7dee636d-aebe-4f6e-807c-9150b252483f	58912444	58932391	fwd	7948	2685	3951	0.004065	0.593496	0.007867	0.780594	-3	left	UWB_Cisp0
chr15	59254082	59262442	b942f66f-7c3d-4982-9e08-1d7a56c06f9a	59254076	59262447	fwd	8360	3453	4621	0.033298	0.801289	0.017327	0.787954	-3	left	UWB_Cisp0
chr15	61048063	61059832	e26bc180-2f43-4c50-bd8e-9911f8f443c5	61048058	61059838	rev	11769	2936	6301	0.098824	0.761176	0.018343	0.883432	-3	left	UWB_Cisp0
chr15	61372373	61377877	14ecc597-6afa-4680-b150-1f49ec292a78	61371986	61386942	fwd	5504	1956	3297	0	0.62635	0.021954	0.751921	-3	left	UWB_Cisp0
chr15	65642353	65647160	11a47da4-b60b-45c6-9844-413842f69262	65642335	65649702	rev	4807	2558	1750	0	0.6777	0.137681	0.669082	-3	left	UWB_Cisp0
chr15	67406725	67412758	3f77362b-71e1-4ece-b547-321ebe03c4bd	67404372	67414309	rev	6033	2062	1320	0.059501	0.68906	0.008427	0.938202	-3	left	UWB_Cisp0
chr15	74407741	74415401	52707d5e-ae69-4e40-bed5-256a139e73fe	74407734	74416488	rev	7660	1332	5531	0.080586	0.835165	0.046434	0.89801	-3	left	UWB_Cisp0
chr15	75269286	75275143	3436f292-7d99-4313-8166-9b21aeed28cb	75269279	75277820	rev	5857	2186	3298	0.020833	0.647569	0.075029	0.760844	-3	left	UWB_Cisp0
chr15	82793014	82797893	ebda5dbb-06ed-4e19-9f25-4fd7eb2eeec4	82789002	82807741	rev	4879	1755	2884	0	0.705179	0.002874	0.704023	-3	left	UWB_Cisp0
chr15	87795656	87801730	55e70d66-0e5f-49e5-aa6a-224de9f433bb	87791395	87803829	fwd	6074	1255	4580	0	0.504505	0.002174	0.864493	-3	left	UWB_Cisp0
chr15	89007508	89014278	222609a2-3df4-4553-90d4-8a59d775b1f9	88999635	89018627	fwd	6770	1653	3387	0	0.497409	0.04127	0.617989	-3	left	UWB_Cisp0
chr15	90696674	90706245	7d07183d-4e0c-48d4-a9ec-6019e39ab67d	90696666	90709167	rev	9571	2588	3930	0	0.926995	0.01759	0.87423	-3	left	UWB_Cisp0
chr15	90722257	90733870	ec6e6aba-de56-4031-8f5a-4d9714bc4443	90722246	90736191	fwd	11613	4368	4960	0.045294	0.709837	0.034293	0.86038	-3	left	UWB_Cisp0
chr15	94412909	94419412	f8ff0a22-a943-4f4e-8457-d4f2cce7c1a2	94412903	94428271	rev	6503	3602	1898	0	0.712621	0.005747	0.796935	-3	left	UWB_Cisp0
chr15	95617648	95624246	1e34d56b-2573-4274-9a60-1b44b39c03f7	95617644	95632743	fwd	6598	2547	3784	0.028818	0.602305	0.066798	0.824165	-3	left	UWB_Cisp0
chr16	7500132	7506053	94233342-c606-4594-83eb-9824c8c35c80	7500126	7515054	fwd	5921	780	4904	0	0.923767	0.002614	0.84902	-3	left	UWB_Cisp0
chr16	21948091	21953926	a99ad6ea-9dad-4e91-b1bd-9cc868730a04	21947941	21962939	fwd	5835	1230	4251	0.053279	0.54918	0.044693	0.588454	-3	left	UWB_Cisp0
chr16	23353505	23358661	155fc1a2-a2f3-4bba-b97a-d1b12cee9ae6	23351259	23361338	fwd	5156	1217	1925	0	0.41573	0	0.889688	-3	left	UWB_Cisp0
chr16	27964877	27973762	7eb9f492-aa34-4442-875f-8fe20adec02f	27964868	27976543	fwd	8885	1548	7121	0.021739	0.646739	0.032732	0.794592	-3	left	UWB_Cisp0
chr16	29720115	29730594	42f45d22-216c-41a0-95c4-d7bdfbaa4f7c	29720109	29730598	rev	10479	1118	8601	0.12987	0.792208	0.053005	0.606557	-3	left	UWB_Cisp0
chr16	30072139	30080666	1411a736-2cf3-45d5-86bf-4b0aaf3c28b0	30069092	30085244	fwd	8527	4690	2978	0.005597	0.714552	0.041729	0.622951	-3	left	UWB_Cisp0
chr16	46385902	46398222	8e74fffe-a362-4224-a099-d1aea0ee67c2	46382552	46401669	rev	12320	9079	2976	0.007752	0.725237	0.048696	0.877391	-3	left	UWB_Cisp0
chr16	46385938	46392702	fbb23419-ee3b-4e57-9de3-022c158fb9c4	46382554	46406074	fwd	6764	1509	1474	0.25	0.45	0.041056	0.68915	-3	left	UWB_Cisp0
chr16	46383897	46399178	a52878f2-c0e9-4796-87d7-b673dda05b20	46382877	46405614	fwd	15281	9170	4690	0	0.889933	0.071429	0.673038	-3	left	UWB_Cisp0
chr16	46391605	46394706	073c491b-6d5f-4178-8226-34288ea88b6b	46385081	46403454	rev	3101	1309	1792	0	0.505952	0.008696	0.417391	-3	left	UWB_Cisp0
chr16	46392750	46403934	9f4c8e33-2fa8-429d-a302-5cf89035a8b9	46385225	46404014	rev	11184	9701	1460	0.056974	0.446673	0	0.625	-1	left	UWB_Cisp0
chr16	46386142	46399091	a9d7d663-1188-40e4-9a1b-380037ae3313	46386138	46400726	fwd	12949	4436	5983	0	0.830601	0.003888	0.92535	-3	left	UWB_Cisp0
chr16	46391605	46399034	352393aa-ec3e-47a6-8c86-b2a638bc7c48	46386142	46403379	rev	7429	4354	1843	0.010638	0.384498	0	0.451613	-3	left	UWB_Cisp0
chr16	46391224	46397299	b01967c8-c8d2-498c-8b6c-a52418bf1aff	46386470	46405207	fwd	6075	3088	2987	0.004831	0.410628	0	0.03125	-3	left	UWB_Cisp0
chr16	46396269	46410166	b8573561-4e52-4db7-b7ad-029e9382101f	46388073	46410173	rev	13897	13049	848	0.018416	0.373323	0	0.053571	-1	left	UWB_Cisp0
chr16	46397912	46408851	6a084001-33c3-44dc-872c-32eb153cf1f4	46389109	46409465	rev	10939	8170	2647	0.084037	0.326239	0.083333	0	-1	left	UWB_Cisp0
chr16	47566527	47573800	05a5266c-9ebb-477d-b64d-739944f94766	47566518	47581064	fwd	7273	3135	3818	0.017794	0.599051	0	0.909898	-3	left	UWB_Cisp0
chr16	53023598	53032466	facd91b7-01a2-4ffb-8e18-61d76a1c7b5c	53022009	53034114	fwd	8868	1925	5892	0.007353	0.514706	0.021793	0.846202	-3	left	UWB_Cisp0
chr16	54100660	54104654	65e82dc3-2ef2-47d4-b9b5-7ecdfa1b9ead	54100656	54107914	fwd	3994	1124	2530	0	0.458824	0.021192	0.741722	-3	left	UWB_Cisp0
chr16	55248011	55252396	acbd3d02-9c71-4c8d-bf4d-0cbf9473d839	55247953	55265275	fwd	4385	1300	1961	0.027778	0.404321	0.038153	0.638554	-3	left	UWB_Cisp0
chr16	56461003	56470164	0c3c7570-508d-42c0-8f79-5b9c9194187e	56459077	56470174	fwd	9161	1539	6178	0.069136	0.367901	0.028063	0.780896	-3	left	UWB_Cisp0
chr16	74530188	74543569	98e108e9-d75c-4a16-8d36-13b7100571e5	74527556	74543574	fwd	13381	3105	5960	0.057592	0.590314	0.012956	0.907538	-3	left	UWB_Cisp0
chr16	75413544	75421626	83ed5c32-5053-4a9a-afb9-6556f7785f19	75412770	75421641	fwd	8082	2474	4504	0.043118	0.832504	0.039182	0.846678	-3	left	UWB_Cisp0
chr16	76430393	76441257	652e4cad-49e6-4160-b1cc-51292005f9b7	76420974	76464038	rev	10864	1258	9381	0	0.583099	0.009009	0.695135	0.455925	left	UWB_Cisp0
chr16	79818710	79823749	8470f4a5-9d22-435b-bb09-f3917328eb4b	79818703	79827033	rev	5039	3308	1511	0	0.680648	0.052632	0.885584	-3	left	UWB_Cisp0
chr16	82156112	82160637	6884f847-cc12-4df6-a82a-5712f96e1763	82151128	82172060	rev	4525	1334	2772	0	0.490358	0.001057	0.782241	-3	left	UWB_Cisp0
chr16	84542914	84551725	ecfad7bc-5939-4ee5-8575-b0cd4a0e6a38	84542905	84551731	fwd	8811	2064	1981	0.026465	0.47259	0.010142	0.610548	-3	left	UWB_Cisp0
chr16	87077503	87087662	e15fcb3c-dd8c-4f9b-8852-196798948547	87076295	87087672	fwd	10159	3330	6556	0	0.820225	0.048	0.6736	-3	left	UWB_Cisp0
chr16	89189528	89195302	35e86da3-71ec-4c5f-ac92-8eeeb71ef2b4	89189512	89205932	fwd	5774	3213	2028	0	0.446894	0.031818	0.679545	-3	left	UWB_Cisp0
chr16	89501485	89514705	41139972-7b92-45f2-9e8e-11e17427438e	89485752	89518125	rev	13220	2392	6665	0.053957	0.541367	0.063291	0.65956	0.127869	left	UWB_Cisp0
chr17	8108097	8113193	9afa62b9-d831-4fa8-84d3-885c31e8b30d	8108081	8120714	fwd	5096	3135	1203	0	0.52994	0.009615	0.663462	-3	left	UWB_Cisp0
chr17	11854307	11865328	7e3db948-0744-49fd-a44b-bd0ec23a6374	11854302	11866149	rev	11021	1658	7721	0.061889	0.540717	0.004427	0.902115	-3	left	UWB_Cisp0
chr17	16232072	16243262	0dcab4d5-5f0d-406c-83e2-2f92c0a0c302	16230549	16253422	fwd	11190	2038	8683	0.014085	0.558685	0.015969	0.776435	-3	left	UWB_Cisp0
chr17	26810385	26817359	44ae45d9-6a59-41b7-b26e-622d9698bec5	26810377	26818314	rev	6974	2623	1281	0.150901	0.583333	0.113426	0.671296	-3	left	UWB_Cisp0
chr17	27040093	27043497	587a23c0-8e77-407c-834b-21a66c19ba49	27031296	27047113	fwd	3404	1039	2073	0.024719	0.561798	0.016089	0.636139	0.520031	left	UWB_Cisp0
chr17	27640683	27651846	d32ca8d3-d554-43f4-b255-cdfdcb97d926	27636856	27652774	fwd	11163	2021	8395	0.127604	0.364583	0.038671	0.663943	-3	left	UWB_Cisp0
chr17	34183002	34188524	574572fd-d80c-4dc1-b76f-fc021da47f41	34182995	34190288	fwd	5522	2148	2915	0.009868	0.480263	0.033058	0.749311	-3	left	UWB_Cisp0
chr17	35540788	35550498	254db1f9-05a6-47a1-aeda-698364b11fbc	35540780	35553656	fwd	9710	2111	4415	0	0.93871	0.012075	0.909434	-3	left	UWB_Cisp0
chr17	47410281	47419878	505e9cc0-34eb-42a7-8a31-1167ac17bb74	47409815	47431279	rev	9597	2126	5354	0.004902	0.46732	0.037785	0.688599	-3	left	UWB_Cisp0
chr17	47591267	47597629	286dc783-4182-4c3d-bd19-7725acc22d23	47586434	47597641	rev	6362	2737	3409	0.00134	0.739946	0.037578	0.717119	-3	left	UWB_Cisp0
chr17	50196895	50202538	4700f406-e1b7-4fd6-b8cc-f975e03ca93d	50195752	50206419	fwd	5643	3002	2051	0	0.657459	0.097727	0.638636	-3	left	UWB_Cisp0
chr17	53542726	53551528	da543d12-abe8-4161-963e-51b61f4a0dfd	53542719	53554952	rev	8802	3878	4644	0.005634	0.865728	0	0.92757	-3	left	UWB_Cisp0
chr17	53788211	53794528	0cd9c0e4-1bcb-4aef-a1b2-726782720127	53780526	53805954	rev	6317	1411	4667	0.033632	0.540359	0.054531	0.718894	0.415823	left	UWB_Cisp0
chr17	66206238	66215647	046d3416-1e25-46ac-be86-c6553747661c	66204104	66220076	rev	9409	3494	4213	0.118463	0.543223	0.077963	0.535402	-3	left	UWB_Cisp0
chr17	68405362	68412313	74a2c895-379a-4644-b71e-dd6dfb10d318	68405356	68413471	fwd	6951	2707	3989	0.040256	0.698079	0.035132	0.79862	-3	left	UWB_Cisp0
chr17	71128377	71137894	5adb6259-574a-4e7f-a64d-973317e52189	71128369	71140338	rev	9517	1573	7653	0.005571	0.593315	0.044345	0.769307	-3	left	UWB_Cisp0
chr18	495191	500752	06023461-1727-441c-a154-41e43db566b5	492315	502332	fwd	5561	1708	3579	0	0.76	0.058014	0.762045	-3	left	UWB_Cisp0
chr18	563415	571618	b361d485-e564-48ff-8cb2-6e2c8e2e20b4	562545	577767	fwd	8203	3488	4410	0	0.629758	0.012153	0.802951	-3	left	UWB_Cisp0
chr18	2299917	2314552	32fa2662-6097-498a-bcb6-744e1b6188a9	2299328	2314558	rev	14635	1403	9926	0.004684	0.953162	0.012637	0.927254	-3	left	UWB_Cisp0
chr18	5672833	5681707	aa1208ad-2f24-4eb8-a8d3-b6a7b618c1fb	5672623	5681712	fwd	8874	2499	2953	0.076449	0.76942	0.001136	0.955682	-3	left	UWB_Cisp0
chr18	8456682	8470894	f28c1ce4-082a-4a07-806b-10183160b2a6	8456677	8472925	rev	14212	4135	8057	0	0.832031	0.036044	0.911738	-3	left	UWB_Cisp0
chr18	9614982	9620983	1095f2be-b000-4e82-abdc-1590277e2bab	9582283	9621360	fwd	6001	3036	2557	0.011364	0.646465	0.040299	0.741791	-3	left	UWB_Cisp0
chr18	29096566	29102963	7254e79c-7edd-4923-86dc-b502d501e8ab	29096562	29106063	fwd	6397	1951	4146	0.008415	0.645161	0.013699	0.862329	-3	left	UWB_Cisp0
chr18	32910324	32918577	3f190b63-90b8-4b3b-b828-58ed4c17bb29	32910315	32920033	fwd	8253	4064	3931	0.003292	0.706996	0.01616	0.828897	-3	left	UWB_Cisp0
chr18	35063330	35068699	87f3c8a2-4836-45e8-beb5-3b6e7089db0f	35063317	35076572	rev	5369	3756	1181	0.018692	0.323364	0.008876	0.473373	-3	left	UWB_Cisp0
chr18	36083252	36091877	12ae591d-cf90-4f1d-ae1f-a16d297ea3b1	36082263	36094269	rev	8625	1088	7320	0.009836	0.567213	0.010088	0.749561	-3	left	UWB_Cisp0
chr18	43452472	43456488	820653ae-8edc-46e6-96a9-dd60381a6992	43452466	43466034	rev	4016	1867	1715	0	0.399651	0	0.708661	-3	left	UWB_Cisp0
chr18	47151632	47158949	5e500e79-e727-4cd2-8fe9-8dbf0425b2f7	47133167	47158954	rev	7317	1109	5935	0.031646	0.876582	0.057971	0.700669	0.489719	left	UWB_Cisp0
chr18	51945409	51954720	0e138a32-3ca3-4ad8-b189-d4f325a10922	51944888	51955958	rev	9311	2740	3060	0.040764	0.480255	0.008274	0.920804	-3	left	UWB_Cisp0
chr18	58563511	58570917	f990988b-80d0-4a25-ace2-6835609ae958	58563506	58572024	fwd	7406	3777	2796	0.039236	0.699894	0.015432	0.812757	-3	left	UWB_Cisp0
chr18	61094696	61101246	437e7422-df07-44fa-953e-de7f0d055a8c	61079892	61110760	rev	6550	1522	4449	0.064014	0.541522	0.058699	0.789958	0.316158	left	UWB_Cisp0
chr18	63016523	63020407	bd63db5e-ea87-4dca-b988-574bb5246be5	63016017	63027481	fwd	3884	1596	2024	0.034913	0.526185	0.032609	0.536957	-3	left	UWB_Cisp0
chr18	75298769	75307472	a151b916-712f-481b-9613-ab1a91a3940a	75298758	75309188	fwd	8703	2738	3671	0.01626	0.595819	0.012133	0.905966	-3	left	UWB_Cisp0
chr19	202720	205838	7796d8b4-5b8c-4bca-aaae-b1a4dd844eb5	202337	214076	fwd	3118	1678	1232	0.046455	0.530562	0.078431	0.562092	-3	left	UWB_Cisp0
chr19	9837385	9845747	ecd7c08b-0a8b-46fe-be4d-cc55696ae262	9837379	9850203	fwd	8362	1408	2733	0	0.237681	0.022936	0.683486	-3	left	UWB_Cisp0
chr19	17468975	17475897	f6ffe8b0-d2f5-48fe-b5d6-a22851ed584e	17468105	17477035	fwd	6922	1817	4799	0	0.334755	0.007722	0.782819	-3	left	UWB_Cisp0
chr19	23558984	23568829	4c1c5ca3-e0bf-4412-8374-90c462527959	23558740	23576614	rev	9845	1671	4563	0	0.795402	0.005757	0.921875	-3	left	UWB_Cisp0
chr19	24345469	24354136	1728cca6-2d35-4ae7-9bd3-530525f234e8	24345462	24356054	fwd	8667	1092	6953	0	0.373887	0.027949	0.582662	-3	left	UWB_Cisp0
chr19	27837960	27850979	4b50c8e3-c7ae-4d69-a8c9-f86c919dfb64	27837246	27867131	rev	13019	4487	5286	0.01983	0.544854	0.020737	0.675883	-3	left	UWB_Cisp0
chr19	28139827	28148905	6991a204-4d6f-4297-9f8c-779a5ee1ccbd	28139792	28158838	rev	9078	1152	7553	0.048387	0.592742	0.037524	0.711988	-3	left	UWB_Cisp0
chr19	29202214	29214026	af5162ae-6f51-42b6-a01f-896093888566	29202206	29223094	rev	11812	5248	4583	0.00879	0.686275	0.014979	0.845221	-3	left	UWB_Cisp0
chr19	31150562	31154929	98dfc0e5-acc4-433f-9990-1df410871e4e	31150557	31159090	fwd	4367	2156	1880	0.028523	0.503356	0.055888	0.626747	-3	left	UWB_Cisp0
chr19	32139439	32147015	cb15c537-f31b-4a79-aeff-1ebee7507f84	32128967	32151075	fwd	7576	1313	6051	0.053435	0.656489	0.033426	0.587047	0.280772	left	UWB_Cisp0
chr19	37231902	37236888	e248f70e-2f01-4953-af59-728a579939bc	37227739	37237801	fwd	4986	1986	2737	0	0.716007	0.057239	0.763187	-3	left	UWB_Cisp0
chr19	37580402	37595494	3372bd36-eb1a-4daa-ac18-22a61f7205ea	37580169	37597524	fwd	15092	4508	6590	0.021556	0.541706	0.012263	0.798216	-3	left	UWB_Cisp0
chr19	38601332	38609749	77e36204-8bd5-4735-8376-00660fe5f71e	38601277	38609754	fwd	8417	3485	4635	0	0.768913	0.044118	0.809689	-3	left	UWB_Cisp0
chr19	43229387	43234883	90ccb5c5-b541-4ce3-80c0-1fdfab4fdb1c	43229383	43238667	fwd	5496	2692	2480	0.004016	0.685408	0.007474	0.720478	-3	left	UWB_Cisp0
chr19	51254769	51265029	4837a2bd-ade6-482a-9b07-dd61bf62a877	51253509	51266685	fwd	10260	3395	6156	0.044852	0.64526	0.000594	0.778504	-3	left	UWB_Cisp0
chr19	52804618	52812429	c1b6189a-98b2-4800-8034-5db2d91dee13	52803782	52812438	rev	7811	1210	6301	0	0.408805	0.03894	0.783667	-3	left	UWB_Cisp0
chr2	1157475	1164672	1431c931-ba5a-45d8-b063-8d091ec0b472	1157468	1167532	rev	7197	3303	2717	0	0.854392	0.096031	0.708067	-3	left	UWB_Cisp0
chr2	1709685	1719258	efa16451-6815-401c-a8f2-08db9052b808	1708780	1738351	fwd	9573	3805	4677	0.006964	0.693593	0.005656	0.642534	-3	left	UWB_Cisp0
chr2	2316758	2322677	32fae790-f75e-4952-b997-47d1a10187be	2315226	2323173	fwd	5919	1002	4655	0	0.670543	0.0125	0.786719	-3	left	UWB_Cisp0
chr2	9538119	9543811	88d2c2ed-06e7-4180-836a-bcf2268fe3d6	9538100	9549452	rev	5692	1950	3470	0.0192	0.5632	0.002691	0.800897	-3	left	UWB_Cisp0
chr2	10015872	10026232	a00c226e-cc60-40a6-8cb2-741560d69c7e	10014407	10036519	rev	10360	2775	6214	0	0.521456	0.029851	0.704206	-3	left	UWB_Cisp0
chr2	14798577	14809950	54acd834-cd44-4bda-b5e6-39f17a97e30d	14792900	14809956	fwd	11373	4260	6523	0.014563	0.711165	0.029094	0.738155	-3	left	UWB_Cisp0
chr2	15382545	15389138	b2f8cb46-4f9f-4839-8805-494e75ce4b26	15382525	15392724	fwd	6593	3584	2735	0.010214	0.771588	0.017568	0.872973	-3	left	UWB_Cisp0
chr2	20554726	20562206	77a10317-405b-4c7f-85f5-5e6e71252735	20553510	20572139	fwd	7480	1965	2570	0.002252	0.326577	0.004981	0.839352	-3	left	UWB_Cisp0
chr2	21768300	21772696	cf142220-f1ad-4fd7-bdd0-7bb0d786203e	21768295	21777787	fwd	4396	1805	1859	0.060417	0.558333	0.037106	0.74026	-3	left	UWB_Cisp0
chr2	22081397	22084626	93cb4368-327d-4273-a3fa-9573118f4245	22081392	22091942	rev	3229	1557	1268	0.002179	0.485839	0.047297	0.70045	-3	left	UWB_Cisp0
chr2	22296691	22310961	06553181-ca46-4407-a817-b640de504425	22296651	22311863	fwd	14270	3395	10480	0.028798	0.67428	0.035941	0.804087	-3	left	UWB_Cisp0
chr2	25940676	25945878	d7b88259-d00a-49a7-a184-57bbaf8d8e7c	25938065	25953843	rev	5202	1570	3300	0	0.565022	0.003464	0.704388	-3	left	UWB_Cisp0
chr2	28298084	28301116	6131dd59-6e59-4bf9-b571-9989d80c9acb	28292984	28301122	fwd	3032	1032	1722	0.060201	0.735786	0.056093	0.67118	-3	left	UWB_Cisp0
chr2	28698458	28701570	3ee2b90e-f516-4581-aa37-3ce74d0ffa0e	28696352	28710624	rev	3112	1122	1727	0.003247	0.594156	0.00211	0.654008	-3	left	UWB_Cisp0
chr2	30165036	30172301	7631a475-e3bb-4bc8-b7b9-714ee9a7d3d2	30157872	30173512	rev	7265	2264	4695	0	0.585278	0.02476	0.659744	0.533155	left	UWB_Cisp0
chr2	33473319	33479965	3a73cc65-b9f8-45e5-92b1-64ec54dfbf89	33466572	33479971	fwd	6646	2047	4239	0.047016	0.835443	0.023669	0.648352	-3	left	UWB_Cisp0
chr2	38004304	38016208	ffa63d85-de3c-4fca-9e20-8a261da0185d	38004296	38016212	rev	11904	1140	10363	0	0.862637	0.065227	0.677679	-3	left	UWB_Cisp0
chr2	40888736	40897840	b519c103-3967-4c8f-88d9-79a90ef5080b	40870377	40897844	rev	9104	1538	7262	0.004367	0.855895	0.057984	0.499784	0.230366	left	UWB_Cisp0
chr2	42496626	42504357	0a553fcf-4bc4-4af6-abed-954a07e187e6	42496517	42512115	rev	7731	1022	3304	0.013393	0.236607	0.028058	0.656566	-3	left	UWB_Cisp0
chr2	43972504	43983914	29796614-0075-4ef1-9dc1-491b94ed4d23	43965250	43983923	fwd	11410	2060	8997	0.037037	0.885668	0.075763	0.684885	-3	left	UWB_Cisp0
chr2	45979745	45984055	7eee01e6-1f13-41b9-8c71-b450f9c265b0	45979739	45989946	rev	4310	1485	2246	0.092784	0.436426	0.011925	0.669506	-3	left	UWB_Cisp0
chr2	50626293	50634737	0602e869-ef7a-4295-99a4-a00878ca566b	50626289	50637644	fwd	8444	1615	6547	0	0.579167	0.004195	0.819612	-3	left	UWB_Cisp0
chr2	50755138	50761734	585ba833-7b43-48e1-98b3-ba04bd96e6d3	50752186	50763269	rev	6596	1936	3227	0.046316	0.623158	0	0.948646	-3	left	UWB_Cisp0
chr2	52049624	52054645	f7519094-5dda-45f3-9913-707803fabb16	52044854	52066440	fwd	5021	2224	2437	0.033422	0.477273	0.001506	0.700301	-3	left	UWB_Cisp0
chr2	52602712	52608428	b1c13304-5644-4f70-a334-d03630fa2a13	52602704	52608433	fwd	5716	2668	2602	0.016842	0.783158	0.066489	0.816489	-3	left	UWB_Cisp0
chr2	53506915	53510159	1e223a88-6c31-4ff5-928d-4567373eaf92	53506911	53520248	fwd	3244	1168	1795	0	0.529032	0	0.738095	-3	left	UWB_Cisp0
chr2	56786562	56795076	9ff2d6f0-669a-4a56-bb87-5d570c5e3d5a	56773352	56795080	rev	8514	1434	5450	0.111364	0.729545	0.005972	0.855592	0.350871	left	UWB_Cisp0
chr2	59040729	59046982	d7e646ce-4f12-4934-a1fb-2657a7296c34	59038314	59050273	rev	6253	1234	4764	0.058333	0.538889	0.004481	0.834951	-3	left	UWB_Cisp0
chr2	59297176	59304737	28b81049-7a2c-4284-b2ae-640f713fbe99	59295623	59304746	fwd	7561	3644	2032	0.019704	0.816749	0.010601	0.922261	-3	left	UWB_Cisp0
chr2	59957168	59968414	4e284b05-0b46-4e7c-8a71-3062b60732b7	59956639	59968419	rev	11246	5191	4509	0.197929	0.679659	0	0.927167	-3	left	UWB_Cisp0
chr2	63655293	63660554	bcbd11c4-51f4-47c2-b1a2-f4fe4a3dfb63	63655285	63669487	fwd	5261	2418	2348	0.005857	0.355783	0.00159	0.774245	-3	left	UWB_Cisp0
chr2	64410176	64415799	ce73ef55-d24b-4190-b400-342fa9b1b951	64400475	64417157	fwd	5623	1416	3597	0.009615	0.657051	0.016299	0.797699	-3	left	UWB_Cisp0
chr2	67065148	67076771	7bf4ee0b-d21f-44b3-b2b2-9811bdc2b8aa	67064245	67078716	rev	11623	3324	7997	0.001095	0.722892	0.03495	0.899083	-3	left	UWB_Cisp0
chr2	68722907	68732629	df1ce03f-6c4f-4d9b-821b-b5e85828d413	68703583	68742223	rev	9722	3523	2859	0.032151	0.656319	0.014682	0.879282	0.662559	left	UWB_Cisp0
chr2	68863578	68876939	c3bba9f0-1d33-4d82-bba2-34f056f03247	68863574	68876947	fwd	13361	4940	8088	0.042203	0.598712	0.034291	0.863266	-3	left	UWB_Cisp0
chr2	73871236	73877014	fe7a72b3-0c7a-4cf0-851e-5bf73fd22c33	73865835	73877020	fwd	5778	1373	1752	0.010526	0.936842	0.151807	0.571084	-3	left	UWB_Cisp0
chr2	83316264	83330631	8b619749-c707-4c9b-97dc-acc6a79505c2	83316260	83332693	fwd	14367	3598	9992	0.001768	0.762157	0.001112	0.865085	-3	left	UWB_Cisp0
chr2	84698905	84704601	1c8f1e2b-50e1-4310-851c-6b4612c9d77b	84698896	84722839	rev	5696	3727	1543	0.035815	0.528746	0.029979	0.610278	-3	left	UWB_Cisp0
chr2	85014808	85022056	b5346333-358b-40be-a214-1d39aa565aa0	85011012	85031330	rev	7248	3373	1938	0	0.720588	0	0.828846	-3	left	UWB_Cisp0
chr2	85539521	85543208	f77adb2b-97a7-43ca-be56-426decdbce3b	85539223	85557013	fwd	3687	1975	1430	0	0.46252	0.008086	0.733154	-3	left	UWB_Cisp0
chr2	88603578	88609271	43c7ba81-af9f-4dc4-b046-e8a3e93725c4	88601376	88613481	fwd	5693	2297	3144	0	0.602289	0	0.902913	-3	left	UWB_Cisp0
chr2	100416805	100421821	3d2ac834-bf26-46f8-85ef-95280b1f0529	100412935	100423251	rev	5016	1113	3057	0.006557	0.639344	0.025921	0.837653	-3	left	UWB_Cisp0
chr2	102564516	102576792	bb365976-6173-45cf-9437-896bc9872435	102556592	102581893	rev	12276	2066	9969	0.00616	0.741273	0.013825	0.868203	0.075696	left	UWB_Cisp0
chr2	106857010	106863634	9c2fac19-dadb-4dc8-87f7-354fe9e252f9	106855587	106866165	fwd	6624	2334	3947	0.030303	0.604618	0.038643	0.719133	-3	left	UWB_Cisp0
chr2	108701772	108709721	c6350bf2-dbb9-4070-9539-2a3ef6a09564	108697031	108712960	fwd	7949	1439	3997	0.101399	0.555944	0.023379	0.868225	-3	left	UWB_Cisp0
chr2	111855196	111869548	d942df74-a0c6-4ef0-9d20-3e637ccf4d70	111855177	111877456	fwd	14352	3826	9224	0.004338	0.563991	0.067083	0.767917	-3	left	UWB_Cisp0
chr2	121017979	121030360	18509f5e-5bf7-43f4-aa7b-e6fd0b42687c	121017101	121030368	rev	12381	1753	10216	0.041667	0.68287	0.063088	0.784091	-3	left	UWB_Cisp0
chr2	121427599	121432586	83f2ae7a-4087-4ab1-8c5e-463262905ac7	121424480	121438128	rev	4987	1487	3172	0	0.6	0.002039	0.780836	-3	left	UWB_Cisp0
chr2	123437146	123443975	fbd871f0-2e89-4f52-85ad-6d32fbfb1e11	123433959	123449995	rev	6829	1339	5198	0.085995	0.587224	0.009542	0.913486	-3	left	UWB_Cisp0
chr2	125670344	125676659	c5d7c8d2-8e4d-4f98-9e1f-bc42dd873ce5	125670334	125684893	rev	6315	949	5105	0.022472	0.853933	0.002714	0.938942	-3	left	UWB_Cisp0
chr2	127508582	127511702	516a5308-ca73-4886-8d18-b4e4ffb6dc8b	127508511	127518865	rev	3120	1518	1086	0.087264	0.464623	0.115819	0.677966	-3	left	UWB_Cisp0
chr2	130357124	130361903	6bf11013-4370-4320-98c3-34419d0e9f46	130356581	130383865	fwd	4779	2529	1850	0.006961	0.564965	0.05569	0.736077	-3	left	UWB_Cisp0
chr2	130891007	130896948	aab1b2e8-a725-42d4-97da-83c7633ca194	130864767	130896953	fwd	5941	2322	1018	0.037135	0.690981	0.003484	0.860627	-3	left	UWB_Cisp0
chr2	132659403	132667272	15cd0fc6-03fc-4269-a29a-3454ee7285a3	132659398	132669862	fwd	7869	2626	4486	0.058824	0.406417	0.011966	0.840171	-3	left	UWB_Cisp0
chr2	134020938	134028225	7ea5ccda-9437-42d5-a41a-3efdcf0d93eb	134018711	134048803	fwd	7287	1734	4396	0	0.43787	0.014542	0.787853	-3	left	UWB_Cisp0
chr2	140234808	140237950	b95629ea-ca48-46bb-a6bc-46283f5eae9f	140233512	140241627	rev	3142	1573	1297	0.01378	0.610236	0.037647	0.851765	-3	left	UWB_Cisp0
chr2	145539105	145545036	266cab4d-8268-4233-98f1-41878a6940a2	145539095	145552660	rev	5931	1027	4668	0	0.692607	0.014383	0.900076	-3	left	UWB_Cisp0
chr2	145704863	145714514	17c18a82-d7ca-44d2-af7a-69975f1549e0	145704853	145729068	rev	9651	4800	4646	0.034893	0.781919	0.060764	0.878472	-3	left	UWB_Cisp0
chr2	146211421	146217582	d975dba6-96d6-4454-8e76-48fb109ba664	146211416	146223856	rev	6161	2492	3347	0	0.458525	0.019417	0.792586	-3	left	UWB_Cisp0
chr2	152029849	152035941	9197a37e-49d8-4327-bf9d-2e53e2ad440d	152026081	152048332	fwd	6092	1619	4107	0	0.603365	0.025169	0.669894	-3	left	UWB_Cisp0
chr2	156876298	156887403	ba9831e4-7649-4a68-a7a8-6794ba030fdf	156871134	156895124	rev	11105	1220	9590	0.120219	0.47541	0.012224	0.911715	-3	left	UWB_Cisp0
chr2	158374683	158387186	e5b09fb8-d164-4d47-91b1-a7add5a180fd	158374677	158387190	rev	12503	1337	10258	0	0.907563	0.044916	0.816594	-3	left	UWB_Cisp0
chr2	158831579	158834919	9ddb91ad-45f9-42a9-8005-f9a01d8b94c3	158830191	158837262	rev	3340	1597	1446	0.006085	0.58215	0	0.852174	-3	left	UWB_Cisp0
chr2	159596535	159610376	a05cd1d3-a53e-458d-9b36-fc81d990be61	159596529	159610385	fwd	13841	2777	6599	0.057398	0.909439	0.01082	0.929385	-3	left	UWB_Cisp0
chr2	162501955	162509563	5b2b9147-031e-4d4e-be78-997babb0982c	162501948	162519435	fwd	7608	4088	3253	0	0.798825	0.03988	0.773679	-3	left	UWB_Cisp0
chr2	162691753	162699623	91b316b5-e3b1-4dd2-a8d6-0c16638a63bd	162683355	162700842	rev	7870	2992	4417	0.040598	0.616453	0.067982	0.704678	0.454572	left	UWB_Cisp0
chr2	163078999	163082253	9178645d-1fc2-4172-89d0-53a55d8662af	163078993	163092069	rev	3254	1075	1453	0.10559	0.350932	0.067935	0.61413	-3	left	UWB_Cisp0
chr2	166439672	166450214	37109749-8c9f-4bd5-83c5-1c732546366a	166438950	166450218	rev	10542	1298	5987	0.020785	0.558891	0.012234	0.919149	-3	left	UWB_Cisp0
chr2	171854349	171859915	bb30eacf-dc63-4af6-8dbb-b683a1f3a499	171854345	171859923	fwd	5566	1727	3549	0.07085	0.888664	0.028353	0.845147	-3	left	UWB_Cisp0
chr2	176030090	176039591	39139fc9-51ef-47b9-b0b5-c5a91e123d70	176030085	176039769	rev	9501	1236	8023	0.045326	0.583569	0.087776	0.72024	-3	left	UWB_Cisp0
chr2	176714004	176720322	caaf9a3b-b655-4092-b627-666720f3c98b	176708331	176725397	rev	6318	1668	3419	0.018367	0.679592	0.00216	0.856371	-3	left	UWB_Cisp0
chr2	179814602	179818172	aae66542-b29e-4aa6-bd13-eda37d89a3fc	179814595	179822884	fwd	3570	1462	1794	0.039911	0.554324	0.056795	0.62069	-3	left	UWB_Cisp0
chr2	180469928	180481096	20127100-65ce-420b-beb9-46166ebea3eb	180460083	180486318	rev	11168	1997	8866	0	0.65861	0.007535	0.811637	0.246505	left	UWB_Cisp0
chr2	191369098	191375744	d42e6cc9-d478-4127-96b3-a8671ba4dbca	191369093	191381499	rev	6646	2918	2798	0.001217	0.903893	0.024643	0.848249	-3	left	UWB_Cisp0
chr2	193515525	193526894	d0489953-5808-4942-ae23-bf0a479539a3	193515520	193526901	fwd	11369	4593	4054	0.004013	0.473579	0.003135	0.872257	-3	left	UWB_Cisp0
chr2	195097233	195104614	640bd752-3c73-4bfc-a1ba-d31a10e55f8e	195097228	195118894	rev	7381	1788	3279	0	0.633212	0.018634	0.870342	-3	left	UWB_Cisp0
chr2	195169614	195175935	7ad9dcba-c5bc-42bc-895a-e153f8ad9028	195168879	195180385	fwd	6321	3696	1730	0.006098	0.750871	0.2	0.594231	-3	left	UWB_Cisp0
chr2	197039076	197043447	bd9f37d1-9f3a-43fe-8b4c-f172fc459893	197038636	197053726	rev	4371	1124	2166	0	0.333333	0.053512	0.707358	-3	left	UWB_Cisp0
chr2	200163327	200169388	1f3e9fb2-7543-4518-8d0e-c5bb5d267b0e	200163311	200170613	rev	6061	1319	4267	0.126761	0.422535	0.002259	0.857681	-3	left	UWB_Cisp0
chr2	201566476	201569210	8aa8128b-957b-4225-8545-01bbf3586ce9	201563539	201577302	rev	2734	1220	1249	0.017857	0.488095	0	0.688953	-3	left	UWB_Cisp0
chr2	205392132	205401036	054f444b-0e7d-4cc1-9ab1-2f050add3082	205389684	205401587	rev	8904	1507	7121	0	0.544622	0.023969	0.898849	-3	left	UWB_Cisp0
chr2	211186947	211195839	418d3905-b3a9-4d86-a73d-dea11be72ecc	211186413	211203279	rev	8892	1680	4749	0.111975	0.511664	0.014737	0.807719	-3	left	UWB_Cisp0
chr2	214251025	214258864	3ec88fa0-4283-4eb0-9579-336331d2ad2a	214251021	214258869	fwd	7839	3939	3546	0.00596	0.672185	0.071266	0.811221	-3	left	UWB_Cisp0
chr2	216303153	216312016	46c9ec5e-8a8e-4cd0-b109-38ba64ad94a3	216303149	216315526	fwd	8863	3553	5056	0.012536	0.541948	0.041229	0.761619	-3	left	UWB_Cisp0
chr2	225613538	225617076	dbbbc1f3-40bf-4ffd-affe-cd6ff776defd	225613531	225619727	rev	3538	1740	1404	0	0.661572	0.065678	0.733051	-3	left	UWB_Cisp0
chr2	228455063	228463378	bb19048f-e181-476d-aa36-86fc0cc1515a	228455056	228476257	rev	8315	4501	3351	0.007353	0.488051	0.009831	0.712079	-3	left	UWB_Cisp0
chr2	231061186	231067317	a1ab80f4-9b44-42ca-9c34-09c87dccad09	231055381	231067321	rev	6131	1386	4457	0.021176	0.844706	0.005277	0.891821	-3	left	UWB_Cisp0
chr2	232999382	233011132	6e52cfc8-0dcb-4777-b791-870c9a40b87b	232998549	233026498	fwd	11750	2296	9189	0	0.790186	0.068531	0.782284	-3	left	UWB_Cisp0
chr2	234073405	234079117	d718a403-d233-452f-9259-45f7a263a6ea	234070163	234079126	rev	5712	1269	4216	0	0.949405	0.038015	0.87434	-3	left	UWB_Cisp0
chr2	241360080	241366219	39b4f8c2-cbd6-461a-b816-c94cad944e29	241356982	241366235	fwd	6139	2183	3697	0.048571	0.834286	0.047261	0.756176	-3	left	UWB_Cisp0
chr2	241294845	241308487	c5cc72d4-9ca7-4829-a78e-e49c5c6cd12b	241287236	241314959	rev	13642	2545	9499	0.001361	0.712925	0.081309	0.771592	0.12544	left	UWB_Cisp0
chr2	242130425	242138785	c87789d9-c9a6-4319-ab30-1a8acadd4d4c	242129971	242141640	rev	8360	2864	4147	0.016373	0.717884	0.005887	0.941968	-3	left	UWB_Cisp0
chr20	2358494	2362388	662843db-111a-4452-99e4-479f4717464d	2358490	2372719	fwd	3894	2115	1441	0.024869	0.498691	0	0.650362	-3	left	UWB_Cisp0
chr20	8133144	8140286	d9f4f31e-2701-4f4d-9794-3dcfd3354461	8115034	8147871	rev	7142	2738	4084	0.001325	0.602649	0.047091	0.750693	0.917806	left	UWB_Cisp0
chr20	13100456	13107183	1d15bece-626e-4739-b9a2-8d6a9b79a48e	13100441	13112364	fwd	6727	1092	1490	0.015686	0.631373	0.01087	0.828804	-3	left	UWB_Cisp0
chr20	22732506	22738265	9d8c51a5-e4b1-4d0e-a649-47605959a483	22731859	22741495	fwd	5759	2556	2964	0.002062	0.682474	0.020231	0.802023	-3	left	UWB_Cisp0
chr20	24322457	24326368	ca2b036f-be7b-4221-8247-73d20a2004c7	24317459	24329084	fwd	3911	1836	1871	0.040568	0.51927	0	0.759036	-3	left	UWB_Cisp0
chr20	31066213	31068138	b827eb66-d485-4029-b11d-343cb518a445	31051508	31068512	fwd	1925	1094	547	0.042424	0.448485	0.177215	0.582278	-1	left	UWB_Cisp0
chr20	31051696	31057145	fd4d49ef-7ded-41e8-a9c2-32d4ee1f9837	31051544	31060023	fwd	5449	1570	1040	0.116071	0.339286	0	0.470588	-3	left	UWB_Cisp0
chr20	31074607	31079637	2c2b442a-ab41-4467-ade9-2f7bf4242ca4	31067084	31081003	fwd	5030	2019	1267	0.04065	0.311653	0.008299	0.419087	-3	left	UWB_Cisp0
chr20	31083135	31086920	f9fe5dcf-390f-4291-9d20-bd9f2617158f	31077911	31089028	fwd	3785	2497	699	0.075728	0.629126	0.070922	0.58156	-1	left	UWB_Cisp0
chr20	42344743	42351499	0f7f34d5-62af-4f9f-a5e9-544d5e20c863	42344738	42351564	fwd	6756	2442	4095	0.014684	0.599119	0.094972	0.742086	-3	left	UWB_Cisp0
chr20	43499736	43509462	295f4cc5-151f-48ad-812e-7903698b7c51	43499729	43519925	rev	9726	4486	2494	0.003145	0.710692	0.02852	0.800357	-3	left	UWB_Cisp0
chr20	44121731	44133406	a156d2d3-a6cd-4bcf-a722-62afd728934c	44121502	44140089	rev	11675	4455	4601	0.01865	0.669627	0.02383	0.819574	-3	left	UWB_Cisp0
chr20	45671160	45676591	5a133fe7-e24b-42b2-975d-7b976554a42d	45668359	45676597	fwd	5431	1786	3364	0	0.756477	0.040089	0.802895	-3	left	UWB_Cisp0
chr20	46726344	46733079	d55d7304-dc66-4856-bd8a-b2648f120ca9	46720724	46735923	rev	6735	1307	5143	0.008264	0.606061	0.020672	0.786391	-3	left	UWB_Cisp0
chr20	48434097	48441366	bc4b4f89-0d48-4d01-8981-459968ff1e5f	48433957	48443423	rev	7269	4216	2653	0.023788	0.669716	0.04878	0.727134	-3	left	UWB_Cisp0
chr20	48642850	48649370	8effc8af-6dbb-4418-905d-edb1150c3eb3	48641748	48663798	rev	6520	3189	3067	0	0.589894	0.021277	0.698373	-3	left	UWB_Cisp0
chr20	48651948	48671393	4072189c-2663-41ce-8d88-f36c069f9c99	48648145	48671398	rev	19445	2651	16027	0.060359	0.77814	0.009227	0.870324	-3	left	UWB_Cisp0
chr20	52494447	52502418	e1d448e6-1ac1-4afe-b4ea-e2aeb3f8ec7f	52493603	52502427	fwd	7971	1560	6115	0	0.859307	0.069085	0.634427	-3	left	UWB_Cisp0
chr20	53344906	53354169	c4218048-f4cc-47ea-95a6-42a56c8d6ad7	53344901	53354538	rev	9263	3649	3659	0.01732	0.865087	0.087388	0.810328	-3	left	UWB_Cisp0
chr20	53849538	53854214	62cc2ff9-4d19-479a-8931-3baa981e67c1	53813774	53854598	rev	4676	2868	1368	0.018692	0.501558	0.065823	0.506329	-1	left	UWB_Cisp0
chr20	56079991	56088263	5e3e560c-f84d-48f5-a5f7-5b7f22f34cef	56079985	56091096	rev	8272	2465	5545	0.010204	0.755102	0.005396	0.896283	-3	left	UWB_Cisp0
chr20	58182627	58187445	06602849-b270-4112-8c31-591abb57c530	58178423	58190212	fwd	4818	1318	3103	0	0.557554	0.030899	0.651685	-3	left	UWB_Cisp0
chr20	58602390	58606245	edc64b7d-4f51-4822-970c-303be22b4131	58602097	58608614	fwd	3855	1600	1047	0.049563	0.294461	0.054878	0.564024	-3	left	UWB_Cisp0
chr20	59357729	59362840	88222ece-e280-45c1-8958-653951bde9c8	59357611	59367670	fwd	5111	1564	2733	0.029851	0.485075	0.068814	0.66325	-3	left	UWB_Cisp0
chr20	61069778	61078229	f4dcb768-f754-408e-88b8-c38f37009c81	61069774	61078235	fwd	8451	3711	4333	0.002086	0.370177	0	0.819199	-3	left	UWB_Cisp0
chr20	61750282	61754837	b4828887-1e73-45d8-b414-2645c8117a6f	61750277	61759219	fwd	4555	1690	2553	0	0.617021	0.02253	0.72617	-3	left	UWB_Cisp0
chr20	62086383	62095725	b65f65a2-f046-492f-9549-6fbbec22bcf1	62086374	62095730	fwd	9342	4279	4786	0.006816	0.526777	0.007712	0.82862	-3	left	UWB_Cisp0
chr20	62512519	62525539	297d9341-c0dd-4612-8d56-d73380243d8f	62510462	62528513	fwd	13020	3173	9469	0.030471	0.454294	0.056266	0.574936	-3	left	UWB_Cisp0
chr21	13913595	13922730	1411c195-ab3b-46e2-8de6-07d2ceaa9177	13912561	13924830	rev	9135	2434	6439	0.010753	0.755078	0.046625	0.744536	-3	left	UWB_Cisp0
chr21	14528043	14531965	959fe9b7-782a-466f-acc0-f24b42a28139	14526593	14546293	rev	3922	1353	2024	0.006479	0.475162	0.029463	0.592721	-3	left	UWB_Cisp0
chr21	19395995	19399177	338713f9-2794-4a6f-80ec-1ebce49d455f	19395981	19404734	rev	3182	1516	1364	0	0.588595	0.01956	0.750611	-3	left	UWB_Cisp0
chr21	22597323	22604074	5a9e8553-cbe9-4654-8696-c20ca911dd04	22597318	22618840	fwd	6751	4307	1179	0.012215	0.570847	0	0.849785	-3	left	UWB_Cisp0
chr21	23294207	23308299	c076d1b7-72e0-4937-bda5-a5956b6bcfcc	23293670	23308314	fwd	14092	2759	8473	0.073394	0.832824	0.017851	0.910376	-3	left	UWB_Cisp0
chr21	24277761	24281625	20ed9fda-d677-425f-bceb-b4e3a8d4aef3	24277756	24285899	rev	3864	2014	1561	0	0.571168	0.004237	0.747881	-3	left	UWB_Cisp0
chr21	25323671	25334625	b4573f19-3a1d-4937-8c89-8edcb807dd23	25323662	25343343	fwd	10954	3154	7330	0.008065	0.603687	0.078351	0.65567	-3	left	UWB_Cisp0
chr21	36432701	36438253	501367f6-8423-47d1-befc-9322c15edaf3	36431688	36439782	rev	5552	1222	2837	0	0.602273	0.003008	0.930827	-3	left	UWB_Cisp0
chr22	16767175	16773662	e6601155-7882-4f5f-8bee-e6a5ab6c31b3	16767168	16776291	rev	6487	1571	4496	0.002519	0.284635	0.004014	0.811927	-3	left	UWB_Cisp0
chr22	17386970	17395266	e6c9c163-b47a-4ecd-bf9f-1853643a0830	17384160	17397262	rev	8296	4841	2648	0	0.664987	0	0.887122	-3	left	UWB_Cisp0
chr22	17971134	17975930	c70ace10-9138-479a-87d8-ffe8b3bc6a22	17969376	17999683	rev	4796	1813	2473	0.030246	0.544423	0.025526	0.776276	-3	left	UWB_Cisp0
chr22	18931965	18937895	79c21b03-944f-43c0-b0ef-6680ad09cd5b	18931961	18950708	fwd	5930	2423	3234	0.007937	0.40873	0.018838	0.811617	-3	left	UWB_Cisp0
chr22	19782647	19789271	40d270bd-2b69-4786-968e-6621a28297c9	19782639	19795891	rev	6624	2692	3402	0	0.478903	0.074334	0.701262	-3	left	UWB_Cisp0
chr22	21640190	21644576	adf64a68-730b-4efa-a1c6-46b83cae9d67	21634981	21652114	rev	4386	1399	2212	0.062718	0.393728	0.052536	0.592391	-3	left	UWB_Cisp0
chr22	33700840	33708567	13447990-6c2c-436f-a62b-948f347017e3	33700735	33709516	rev	7727	2442	5009	0	0.706223	0.047316	0.627119	-3	left	UWB_Cisp0
chr22	35206184	35211866	38e40483-580c-4d61-bf5d-82a4f19d08ac	35206176	35214881	rev	5682	2065	3241	0	0.658103	0.049779	0.801991	-3	left	UWB_Cisp0
chr22	35263283	35278140	2120e01b-3df5-4c12-a464-748f089a2519	35255056	35279712	fwd	14857	4379	7988	0.013732	0.899838	0.101332	0.733111	0.152853	left	UWB_Cisp0
chr22	37052854	37058086	238df7b9-fab4-4c00-9d63-1eae41b8970e	37050535	37069880	fwd	5232	1633	3366	0.008621	0.566092	0.015493	0.55493	-3	left	UWB_Cisp0
chr22	40138974	40147032	2c2e1bb2-3030-4c78-9d5f-8e47a90cf359	40135786	40147037	fwd	8058	2554	4977	0.053883	0.782884	0.061737	0.755088	-3	left	UWB_Cisp0
chr22	45480094	45491134	92530941-c714-41d2-93e2-107536457d08	45478662	45506209	rev	11040	3623	7069	0.013766	0.822026	0.037231	0.799161	-3	left	UWB_Cisp0
chr22	47490086	47498749	c306685c-1501-4e07-8434-87c52ba43495	47490082	47500345	fwd	8663	3317	4908	0.001091	0.731734	0.031466	0.838892	-3	left	UWB_Cisp0
chr22	47901324	47908254	780f0b69-9cc4-4380-8f89-c6b3a99335b0	47901315	47912284	rev	6930	1665	4901	0.009202	0.406442	0.032357	0.753467	-3	left	UWB_Cisp0
chr3	822379	831467	966a29dd-564d-4f81-b39c-81660af1b26b	822321	835491	fwd	9088	2429	5711	0	0.485197	0.020755	0.803774	-3	left	UWB_Cisp0
chr3	1269896	1275373	a2d27a6a-12a0-4ead-a7d8-0ca96e0c378b	1263182	1276355	fwd	5477	2297	2901	0.004304	0.734577	0.00615	0.912669	-3	left	UWB_Cisp0
chr3	1840436	1856527	be6d1f22-ac15-4e28-a843-b08135c066de	1839490	1858062	fwd	16091	2652	11504	0.022636	0.655126	0.013565	0.84046	-3	left	UWB_Cisp0
chr3	12476532	12483021	1708578e-0c03-4267-8146-6712f023cebd	12471097	12483025	rev	6489	2814	3409	0.034277	0.873323	0.004561	0.876853	-3	left	UWB_Cisp0
chr3	13641066	13648681	04f4e920-d254-463e-be58-4ce40f5e06e2	13628546	13649183	rev	7615	1965	4533	0.026954	0.557951	0.04583	0.747021	-3	left	UWB_Cisp0
chr3	17588253	17594776	dcca7906-aa6f-4c4f-81b5-afcd42c58c87	17580281	17594781	rev	6523	1191	5079	0.061947	0.867257	0.016745	0.905559	-3	left	UWB_Cisp0
chr3	18331074	18340225	382d58f4-46de-434a-a3d6-19536d533019	18331065	18343623	rev	9151	4825	3921	0.006314	0.726914	0.072986	0.736493	-3	left	UWB_Cisp0
chr3	19770972	19778367	eb527d0e-8b42-4727-868b-6f5d18adde9e	19770968	19781635	fwd	7395	2877	4145	0	0.491453	0.009631	0.780096	-3	left	UWB_Cisp0
chr3	28626419	28633187	02bcd2f3-f9aa-4182-96e7-07e23109c098	28626412	28638925	rev	6768	1525	4912	0.028721	0.590078	0.036952	0.815242	-3	left	UWB_Cisp0
chr3	33247558	33252408	ef0c5b05-8655-4767-b81e-4a8f8777ea83	33247554	33252717	fwd	4850	1946	2436	0.024857	0.676864	0.099407	0.715134	-3	left	UWB_Cisp0
chr3	39695174	39703617	49cf24c0-fc8f-48bd-93db-3676aa5a4862	39693798	39711476	fwd	8443	2545	2927	0.051471	0.642857	0	0.797059	-3	left	UWB_Cisp0
chr3	44157173	44161286	a2ed45dc-1ae6-431d-9ae4-a12d237a226a	44157164	44164958	fwd	4113	1031	2841	0.079545	0.522727	0.045849	0.727385	-3	left	UWB_Cisp0
chr3	47056929	47061571	ba11a55e-9d32-45fc-930a-16458104a7b8	47054481	47062621	fwd	4642	1114	2319	0.004608	0.668203	0.001859	0.827138	-3	left	UWB_Cisp0
chr3	48422966	48435463	455bef6b-fc2e-46fd-8473-08d689f863b7	48422957	48435470	fwd	12497	2383	5972	0.010121	0.702429	0.017822	0.758416	-3	left	UWB_Cisp0
chr3	51872602	51883341	48aabf9d-79d5-4a16-91d9-b5eb449f4e1b	51872598	51883350	fwd	10739	1838	8586	0	0.771593	0.078163	0.700049	-3	left	UWB_Cisp0
chr3	52216977	52224949	58fb5bee-e657-444a-8d3a-f2ae08d3dd8e	52216971	52224953	rev	7972	2852	4712	0.046346	0.648841	0.023148	0.864815	-3	left	UWB_Cisp0
chr3	53618150	53622310	4ee64785-7825-4c10-81dd-cd89d48e1dd9	53616346	53625136	fwd	4160	1270	2647	0.01506	0.590361	0.034384	0.780802	-3	left	UWB_Cisp0
chr3	54697607	54711103	badecdf0-09c4-434f-84fc-6b01ee2c7cbf	54695779	54719723	rev	13496	3173	8670	0	0.892655	0.052923	0.558452	-3	left	UWB_Cisp0
chr3	54749513	54754042	cadca18c-97c7-4136-aa51-01a4fd9f02c4	54747277	54759400	fwd	4529	1723	2490	0	0.586466	0.022321	0.660714	-3	left	UWB_Cisp0
chr3	55600368	55604374	6115214d-ed01-4b4c-9f0a-2e91a47dfa9a	55600362	55620610	fwd	4006	2354	1303	0	0.534014	0.006452	0.629032	-3	left	UWB_Cisp0
chr3	58211963	58218335	c024ae10-836c-42f1-ac4d-3f28e69cbc0d	58211950	58219329	fwd	6372	3747	1902	0.034483	0.577079	0.070796	0.709735	-3	left	UWB_Cisp0
chr3	64871461	64898200	e2baabf0-40a5-461f-ad84-b13235fc96d8	64865513	64899858	rev	26739	2314	23350	0.050076	0.666161	0.030364	0.810476	-3	left	UWB_Cisp0
chr3	64927959	64936798	3c62afd0-c2ab-4878-b44d-a24f151cb0b9	64926897	64939342	rev	8839	2341	5128	0	0.672805	0.006925	0.905125	-3	left	UWB_Cisp0
chr3	68253897	68259555	26c711cd-e8b3-48be-8851-d336221e2585	68246394	68269280	rev	5658	1103	1780	0.029032	0.254839	0.02011	0.800731	0.210696	left	UWB_Cisp0
chr3	77335423	77340574	03853835-95a1-424c-9afe-6be98cee613b	77335418	77345365	rev	5151	2664	2147	0.015834	0.688185	0.023077	0.832308	-3	left	UWB_Cisp0
chr3	86299709	86309610	7105c105-59d1-48fd-b6b5-4aef16b9f509	86299610	86314070	fwd	9901	1953	7611	0.04755	0.680115	0.057337	0.781341	-3	left	UWB_Cisp0
chr3	87968010	87971401	6feb6302-5f3f-4e76-93bc-710cff4af7fd	87968004	87974524	fwd	3391	1570	1261	0	0.422594	0.026756	0.588629	-3	left	UWB_Cisp0
chr3	98409143	98424192	a3e00e75-257d-416f-8509-0f1871c69d5c	98409135	98424198	fwd	15049	1249	12433	0.092857	0.785714	0.043803	0.829656	-3	left	UWB_Cisp0
chr3	100347137	100350364	8002bd8a-29b3-4107-8785-a0c6943cc8af	100343222	100355612	rev	3227	1054	1622	0.077551	0.338776	0.019444	0.694444	-1	left	UWB_Cisp0
chr3	107818505	107821784	61655140-9e54-46a5-9bd5-645dbae1e330	107818498	107827616	fwd	3279	1751	1189	0	0.462963	0.007435	0.680297	-3	left	UWB_Cisp0
chr3	110848457	110853754	8ddeaca2-c18b-4839-b495-1cbacdaf2a73	110848453	110863140	fwd	5297	3010	1998	0.005376	0.611828	0	0.758974	-3	left	UWB_Cisp0
chr3	111133378	111148746	eb4b593b-ea18-4c49-953f-ab6d5f7b0f3d	111133373	111150755	rev	15368	3399	8142	0.031219	0.654582	0.002462	0.911366	-3	left	UWB_Cisp0
chr3	113564614	113574971	6c83aa92-cabf-40a3-b4f7-8d8287059c88	113564609	113578847	rev	10357	1722	7912	0.014553	0.482328	0.021868	0.683371	-3	left	UWB_Cisp0
chr3	117340289	117348173	4126de53-7b38-4a32-a86a-82b7c2cbebdf	117340283	117350143	fwd	7884	1384	5017	0.072682	0.526316	0.00615	0.832103	-3	left	UWB_Cisp0
chr3	118651877	118657828	85e21067-2f87-4908-bb85-d16e9c34116b	118649340	118658851	rev	5951	2584	1947	0.013769	0.683305	0	0.931034	-3	left	UWB_Cisp0
chr3	118852727	118856650	a178ab57-aada-47b4-82ab-c745e3b31893	118848053	118868794	fwd	3923	2238	1339	0	0.470588	0.002653	0.66313	-3	left	UWB_Cisp0
chr3	122764293	122768986	da0e4fc7-3bb4-4baa-abdc-a309b8329095	122764275	122770577	rev	4693	3124	1270	0.009756	0.460488	0.02507	0.810585	-3	left	UWB_Cisp0
chr3	123914600	123928534	faa1dbfe-85b8-418c-8d72-5c427fb026c3	123913639	123928540	fwd	13934	1566	12070	0.013055	0.840731	0.027211	0.883058	-3	left	UWB_Cisp0
chr3	130363960	130372136	9ce49782-5f3e-4779-80a0-d6664eb7c740	130363941	130376653	rev	8176	4680	2315	0	0.80424	0.045171	0.813084	-3	left	UWB_Cisp0
chr3	132339400	132346694	bb2938a5-8e16-4999-8b47-ceb27a0ca9e3	132337569	132346851	rev	7294	1157	5886	0	0.587786	0.047995	0.826853	-3	left	UWB_Cisp0
chr3	132345646	132349557	60132be2-d409-4ba3-b0ac-d68b443878b1	132343420	132358454	fwd	3911	1225	2117	0	0.286184	0.05303	0.590909	-3	left	UWB_Cisp0
chr3	133707746	133717634	9b9ee127-c77a-4f2e-8634-2576d844c55f	133706828	133732848	fwd	9888	2620	5100	0	0.494595	0.03804	0.722751	-3	left	UWB_Cisp0
chr3	134075316	134079972	d7bfae0c-8431-4f24-9b36-b7612212baa8	134075307	134097766	fwd	4656	1954	2304	0	0.401606	0.001848	0.665434	-3	left	UWB_Cisp0
chr3	134083979	134094528	b1e72cec-518e-433f-bee8-673fc0d6169f	134083968	134098439	rev	10549	3478	5497	0.002378	0.900119	0.110954	0.758304	-3	left	UWB_Cisp0
chr3	134179180	134182970	9388e9ee-6ae4-4370-b5d1-29320d7c11ae	134167046	134205010	rev	3790	1013	2210	0	0.423295	0.002841	0.549716	0.146555	left	UWB_Cisp0
chr3	135839644	135843778	3a6c9500-ae8c-48d9-a77f-a61b140e25c1	135838230	135851385	rev	4134	2588	1149	0.010458	0.69281	0.057823	0.64966	-3	left	UWB_Cisp0
chr3	137172382	137177532	def6ba29-0432-4382-b44b-8d1ca95ae237	137172377	137180654	rev	5150	3131	1736	0	0.404555	0.073446	0.768362	-3	left	UWB_Cisp0
chr3	137247890	137253084	47df781f-0c47-4f34-9f6c-a724d51fed47	137247886	137256650	fwd	5194	2433	2531	0.003868	0.586074	0.04329	0.776335	-3	left	UWB_Cisp0
chr3	139273215	139279525	176e64dc-a640-4d86-99a4-1b6333a0c150	139269500	139280344	fwd	6310	1304	3346	0	0.754967	0.019441	0.925881	-3	left	UWB_Cisp0
chr3	139422356	139429598	52f584a1-eb61-4e19-a654-1cdfc1d38aa9	139422351	139456722	rev	7242	1670	1063	0	0.806005	0.143322	0.609121	-3	left	UWB_Cisp0
chr3	141730194	141737070	3cea069f-5cbd-4533-b87b-1fd17d134f06	141730186	141742254	fwd	6876	1428	4916	0	0.464103	0.016598	0.653942	-3	left	UWB_Cisp0
chr3	142223891	142232421	b52aab5a-ce67-4f0e-ae5b-723daf075a0f	142223886	142232425	rev	8530	1724	5991	0.033113	0.794702	0.037132	0.870679	-3	left	UWB_Cisp0
chr3	144008593	144014870	ed01e36a-023e-437a-be25-0139fe9c1c82	144001054	144014875	fwd	6277	4631	1410	0.107194	0.777698	0.046914	0.824691	-1	left	UWB_Cisp0
chr3	145851361	145856001	861663ec-eb80-4cb9-a228-4055a287788a	145849987	145863674	rev	4640	1181	3204	0	0.583113	0.016457	0.68151	-3	left	UWB_Cisp0
chr3	147818558	147826081	fcb91095-da9c-4016-a8d4-c03ecc942f5d	147818553	147834626	rev	7523	2753	4455	0	0.540257	0	0.875	-3	left	UWB_Cisp0
chr3	148052759	148065968	79ce5183-c6e6-48a7-8423-2da33b4616e2	148052753	148065974	fwd	13209	3538	6553	0.038726	0.491394	0	0.908906	-3	left	UWB_Cisp0
chr3	148920943	148936784	e0f6e08c-8d71-4b9c-959e-35cd22930b95	148920938	148937385	rev	15841	1509	13483	0.042017	0.563025	0.026749	0.87509	-3	left	UWB_Cisp0
chr3	149076270	149085120	273a07c0-d6e9-40cf-9157-e495045763ba	149076266	149090037	fwd	8850	3004	5270	0.01387	0.65742	0.143439	0.586797	-3	left	UWB_Cisp0
chr3	152863514	152873282	296872f9-6e2a-470d-9662-27a3ec483e9a	152861735	152881056	fwd	9768	2161	5474	0.008711	0.597561	0.021868	0.880615	-3	left	UWB_Cisp0
chr3	153009216	153014044	210121b6-3721-4680-9660-f1cea1f6d559	153009210	153019064	fwd	4828	3198	1379	0.001214	0.754854	0.045307	0.763754	-3	left	UWB_Cisp0
chr3	154486738	154495402	fcc077ca-0c28-43b7-93d1-c18da1b0491b	154486733	154496933	fwd	8664	1551	4130	0	0.90364	0.042998	0.808354	-3	left	UWB_Cisp0
chr3	155914002	155919992	842fd66b-7c4f-46c3-81f0-ceb9b0eea49d	155913996	155928872	rev	5990	2998	2609	0.0275	0.35125	0.01855	0.645868	-3	left	UWB_Cisp0
chr3	156137961	156144024	8f5b988d-6890-4c25-88cf-c0d8b510c9cc	156136350	156149886	rev	6063	2022	3631	0.019608	0.511586	0.019751	0.582121	-3	left	UWB_Cisp0
chr3	158551302	158555390	27e2b5b5-5d78-4f42-b80b-1024095fd3eb	158545528	158555631	rev	4088	2659	1025	0.042408	0.447332	0.028481	0.670886	-3	left	UWB_Cisp0
chr3	159282494	159288178	35870dda-bc47-4719-9c2a-f21360c5da8e	159282489	159297918	rev	5684	3447	1893	0	0.426652	0	0.610638	-3	left	UWB_Cisp0
chr3	160199140	160206646	0484364c-a62b-471d-8c74-d12859da94fc	160199134	160223936	rev	7506	4027	2257	0.000951	0.711027	0.051402	0.758567	-3	left	UWB_Cisp0
chr3	164676402	164682774	cfa6e28c-27b7-4b9b-9d1d-fe45a0dbac08	164676396	164696203	rev	6372	1801	4331	0	0.694805	0.012164	0.837388	-3	left	UWB_Cisp0
chr3	165375710	165383498	c946c2d7-30d1-416d-93d7-0516732cb107	165375699	165393287	rev	7788	2585	4900	0	0.506297	0	0.894417	-3	left	UWB_Cisp0
chr3	166840810	166853818	3d7cf3c3-636b-447e-a88e-e3ce44402b5e	166840806	166853823	fwd	13008	1080	10131	0.016627	0.786223	0.009969	0.917134	-3	left	UWB_Cisp0
chr3	168635788	168640958	d8f9abaf-cacd-458e-966e-3914ec6242d5	168635779	168648781	fwd	5170	2526	2122	0	0.293694	0.052209	0.624498	-3	left	UWB_Cisp0
chr3	169741625	169750529	4063051d-91b2-42fd-9a8d-7437b7d71956	169733394	169758469	fwd	8904	3307	5049	0.072	0.636571	0.031548	0.738078	-3	left	UWB_Cisp0
chr3	174998834	175006049	7619b991-a6d8-45b5-ab85-3979e17288ee	174998830	175019092	fwd	7215	3631	3266	0.002967	0.446093	0.014634	0.785366	-3	left	UWB_Cisp0
chr3	175666000	175674177	4cc102e1-a116-4609-bb52-d490d93e6c76	175665992	175689472	fwd	8177	2335	4571	0.007491	0.730337	0.004875	0.778552	-3	left	UWB_Cisp0
chr3	176915989	176921647	bf66e12e-566d-43e4-85a2-3f413a1f77ca	176913611	176923188	rev	5658	2488	1547	0.017808	0.532877	0.002174	0.876087	-3	left	UWB_Cisp0
chr3	178963477	178967425	badfda65-a82a-472b-8dda-a7f5553cfb50	178957061	178969490	fwd	3948	2216	1433	0	0.678869	0.018059	0.781038	-1	left	UWB_Cisp0
chr3	179257730	179269877	dd321114-a861-418c-b3e7-1b1467d2e24c	179255495	179273252	rev	12147	3672	7285	0.033684	0.514737	0.022485	0.725444	-3	left	UWB_Cisp0
chr3	181884989	181890503	76596cb7-86df-4a21-8ab3-37e0e0b255d3	181884985	181894262	fwd	5514	565	4734	0.143713	0.772455	0.083019	0.802264	-3	left	UWB_Cisp0
chr3	183218763	183226238	8b90d4a7-aed5-4a55-a466-0b4e3160b41f	183218749	183232806	rev	7475	1567	5499	0	0.609977	0.032031	0.651505	-3	left	UWB_Cisp0
chr3	183517416	183522232	44c40c90-2797-4635-a743-9cc80dd965cf	183502882	183522236	rev	4816	1362	1523	0.076159	0.596026	0.023018	0.877238	-1	left	UWB_Cisp0
chr3	187439274	187443314	cfafdce4-460d-4087-981f-c1c308a9d0cc	187436237	187446828	fwd	4040	1640	2111	0.02716	0.590123	0.043783	0.816112	-3	left	UWB_Cisp0
chr3	188435226	188440161	114a7772-ab58-4b26-adc7-ffc1e765f4bc	188435214	188451121	rev	4935	2734	1720	0	0.390244	0.014957	0.50641	-3	left	UWB_Cisp0
chr3	189708078	189715555	6e8d1ab8-8be1-4d66-93f7-5b02aea6d10b	189708072	189722583	rev	7477	2478	4561	0.005579	0.633194	0.017544	0.735317	-3	left	UWB_Cisp0
chr3	189963525	189969026	4917e341-83ce-43b0-b32a-90a01d996bc0	189963519	189970625	fwd	5501	1861	3353	0	0.633333	0.02746	0.815789	-3	left	UWB_Cisp0
chr3	192083657	192088799	a28a416b-7918-46ed-9943-7c99164e9024	192072454	192088803	rev	5142	1119	2492	0.011173	0.860335	0.00639	0.904153	-3	left	UWB_Cisp0
chr3	192597843	192602946	c0e37976-8856-4ea5-933f-9a9c192c4fb0	192592905	192602954	fwd	5103	1776	1560	0.059548	0.669405	0.002457	0.805897	-3	left	UWB_Cisp0
chr3	193608113	193617183	5cb03e42-506d-45c4-a378-cd4d75d6485d	193601866	193617471	fwd	9070	3012	5778	0.002933	0.609971	0.031787	0.722251	0.879792	left	UWB_Cisp0
chr3	195459895	195467612	dec7d45b-ef9e-479e-97dc-0a3e47eae2e7	195456894	195484476	rev	7717	2600	3966	0	0.640867	0.025962	0.723366	-3	left	UWB_Cisp0
chr4	261913	268298	4d60eb09-d0dc-4800-81f3-4f6d4df6e853	261908	268303	rev	6385	1988	4130	0.004373	0.913994	0.043729	0.890264	-3	left	UWB_Cisp0
chr4	923972	931978	7e370ee5-bf99-4e15-8dc9-f963a5da9524	923965	931987	fwd	8006	1180	6497	0	0.665072	0.0573	0.751177	-3	left	UWB_Cisp0
chr4	6664036	6672273	7f6abafc-4513-4608-a34b-35efc385c032	6661263	6675524	fwd	8237	1964	2867	0.09901	0.60396	0.016474	0.856672	-3	left	UWB_Cisp0
chr4	8363604	8368488	b6198559-c5c9-4a0a-8e26-544077a2a66a	8363598	8372313	rev	4884	1907	1353	0	0.376499	0	0.577465	-3	left	UWB_Cisp0
chr4	16309091	16316582	8f58465f-8a81-48c4-bf04-240167da5edf	16306392	16320547	fwd	7491	3580	2050	0.023327	0.663286	0.001965	0.823183	-3	left	UWB_Cisp0
chr4	17122083	17124948	f23c09a8-25c9-42d8-9a82-fe4613732385	17115861	17141656	fwd	2865	1065	1474	0	0.492212	0	0.721839	-3	left	UWB_Cisp0
chr4	20199504	20206307	b9f8326b-c90a-4114-8359-1c06ad332323	20199258	20206311	rev	6803	1674	4434	0.157113	0.590234	0.034132	0.514887	-3	left	UWB_Cisp0
chr4	20478031	20485495	e670e3ad-3adb-4e7f-ba75-f64b26eea7cc	20478024	20485796	fwd	7464	4477	2639	0.007008	0.769446	0.090347	0.814356	-3	left	UWB_Cisp0
chr4	22500010	22507139	84db6110-ce69-44c3-b8c6-223afed6cc50	22500003	22507153	fwd	7129	4843	1777	0.003518	0.854002	0.145985	0.656934	-3	left	UWB_Cisp0
chr4	24415286	24423925	18f4e316-4a72-46f1-88a0-a9d047cc69e8	24411709	24423931	rev	8639	1141	7193	0.054755	0.84438	0.009217	0.892166	-3	left	UWB_Cisp0
chr4	36217080	36227497	b893cf59-67f0-4d1f-8b8a-c8f950354ba1	36217074	36229601	fwd	10417	6365	1226	0	0.838533	0.0625	0.680556	-3	left	UWB_Cisp0
chr4	37749813	37756537	722b8719-f571-4868-8e56-ac154aed85dd	37749805	37762051	fwd	6724	3021	3430	0.005814	0.617442	0.028019	0.801932	-3	left	UWB_Cisp0
chr4	37879520	37885234	89423576-c8ae-4d56-880a-c83828f99e98	37879513	37890963	fwd	5714	2385	3009	0.004329	0.770563	0.057811	0.800738	-3	left	UWB_Cisp0
chr4	40274700	40280780	747a06e0-ceff-4124-9c03-528053fad4ee	40274169	40292121	rev	6080	1224	4526	0	0.575758	0.030848	0.76521	-3	left	UWB_Cisp0
chr4	43659245	43668131	1aaa429f-ccc9-49d4-9934-6dec64dc02c9	43659240	43668135	rev	8886	1891	6162	0.0798	0.76808	0.029355	0.87488	-3	left	UWB_Cisp0
chr4	48093836	48101850	bfc42eb9-d488-4b38-bf26-06527f144f5c	48093820	48102972	rev	8014	4104	3754	0.019648	0.399729	0	0.90304	-3	left	UWB_Cisp0
chr4	49098029	49110186	d107c06a-98f8-46b0-a8d9-f8650e3c0680	49098025	49113321	fwd	12157	1103	10199	0.032581	0.253133	0.060983	0.612943	-3	left	UWB_Cisp0
chr4	49644452	49649695	57fd7dcf-0be1-4abd-ba97-fa4c92f9eea3	49642172	49652274	fwd	5243	1003	1170	0.053476	0.278075	0.025974	0.409091	-3	left	UWB_Cisp0
chr4	49650131	49655247	fca85211-b597-4aaa-a230-de31c415ad02	49646673	49658098	fwd	5116	1065	1594	0.138728	0.375723	0.009259	0.532407	-3	left	UWB_Cisp0
chr4	54126135	54129722	3bf3c3e3-c318-44c7-838b-44fb0a290933	54123697	54131938	fwd	3587	1063	1184	0	0.608137	0.04298	0.664756	-3	left	UWB_Cisp0
chr4	59849371	59852445	9f989394-d781-4788-828b-49abbf4e232d	59849366	59855541	rev	3074	1170	1643	0.016827	0.572115	0	0.893788	-3	left	UWB_Cisp0
chr4	65439697	65445092	f805d13f-cf03-433c-ac43-345011635e62	65437765	65445097	fwd	5395	1984	2875	0.006135	0.911043	0.00114	0.905359	-3	left	UWB_Cisp0
chr4	68999003	69013166	53f452b0-dd63-4c1f-a069-6f422055d01b	68998996	69013171	rev	14163	1524	10299	0.109756	0.802439	0.014582	0.906095	-3	left	UWB_Cisp0
chr4	70022453	70028291	2c1ad6d8-dec5-4f17-98fa-b0aa66408f58	70020222	70035271	fwd	5838	2574	1627	0	0.630864	0	0.808853	-3	left	UWB_Cisp0
chr4	82405071	82410430	ebd148fe-d61e-42ba-a62a-1744356a0d0e	82403756	82422540	fwd	5359	2387	1891	0.028302	0.504717	0.020661	0.642562	-3	left	UWB_Cisp0
chr4	83725383	83733148	c83b95e2-5a9f-4ec7-9ea8-27635dbdb2ed	83723921	83737765	fwd	7765	2475	3037	0.004559	0.557751	0.002331	0.801865	-3	left	UWB_Cisp0
chr4	84492776	84499608	4d81d9d6-636e-4e3c-b658-ed61ac50b380	84492767	84504641	fwd	6832	2103	4168	0.006061	0.387879	0	0.727817	-3	left	UWB_Cisp0
chr4	86431351	86439438	695c299c-e091-45bf-ab10-8158808dedbe	86421753	86439446	rev	8087	2843	5005	0.01993	0.845252	0.016753	0.845361	0.150337	left	UWB_Cisp0
chr4	87807489	87814071	3b7b0f08-701a-4bf0-b822-647d386d3672	87807482	87819938	fwd	6582	3583	1927	0.012474	0.540541	0.024793	0.71405	-3	left	UWB_Cisp0
chr4	99353046	99355949	879f5af8-d816-4616-97ba-ded6bcd57985	99339670	99363555	rev	2903	1132	1415	0	0.601266	0	0.455026	0.249852	left	UWB_Cisp0
chr4	109399750	109413862	fdcd93cd-8c10-40ac-be24-fb689bb812d7	109397787	109420699	rev	14112	1512	8740	0.004107	0.901437	0.003825	0.909597	-3	left	UWB_Cisp0
chr4	113926066	113940805	36c97776-e619-490b-9363-c51f37bdc666	113925917	113940814	rev	14739	1972	11380	0.045704	0.813528	0.0086	0.888471	-3	left	UWB_Cisp0
chr4	114149913	114154532	626715a5-8349-49f2-b3a5-4e1f40c0be7a	114145233	114154605	rev	4619	2368	1983	0.002976	0.744048	0	0.941452	-1	left	UWB_Cisp0
chr4	119377371	119384174	5954e8ad-c7f0-49f4-a8b3-7f0a3bb93f52	119377364	119387522	rev	6803	1707	4865	0.079646	0.648968	0.061497	0.770945	-3	left	UWB_Cisp0
chr4	120509985	120516920	7b97ea8f-a51f-49a8-a8d6-ca5c5bfc158f	120509976	120523408	rev	6935	2869	3765	0.005605	0.658072	0.017117	0.791968	-3	left	UWB_Cisp0
chr4	121329359	121337278	552b6395-f138-4f53-9f08-4ab322d34201	121325416	121343937	rev	7919	1887	2981	0.008803	0.737676	0	0.874272	-3	left	UWB_Cisp0
chr4	124871205	124897853	35867971-d9e0-4755-b455-ebd0634892b3	124871197	124897858	rev	26648	1656	24718	0.017516	0.692675	0.042782	0.855106	-3	left	UWB_Cisp0
chr4	134488383	134492389	c62639c9-ca33-44f2-9594-0c36342691a7	134488211	134497113	fwd	4006	2079	1694	0	0.398533	0.003559	0.706406	-3	left	UWB_Cisp0
chr4	139140983	139154092	ef8a20ce-50c5-4306-a39f-63c50375696f	139127538	139165720	rev	13109	4825	7454	0.003226	0.805161	0.105836	0.619774	0.313906	left	UWB_Cisp0
chr4	143995528	144001827	6d3e2333-42f3-4228-b570-e2f4c0c9aeb7	143993933	144003288	rev	6299	1256	4770	0.017391	0.675362	0.014255	0.915182	-3	left	UWB_Cisp0
chr4	147590148	147595692	90cabf43-1147-45fd-9e4a-ad60844cb529	147587546	147612593	rev	5544	1306	4003	0	0.379213	0.003823	0.817278	-3	left	UWB_Cisp0
chr4	158831948	158837831	0621fc57-88cf-41e9-b8c6-1dd26a5f23a1	158828648	158839996	fwd	5883	2056	3551	0.029412	0.726644	0.018503	0.870479	-3	left	UWB_Cisp0
chr4	161843056	161848758	1b52bfdb-9fcd-45ea-b3a4-f14149883879	161842097	161869694	fwd	5702	1359	4056	0	0.604819	0.02316	0.941274	-3	left	UWB_Cisp0
chr4	163453760	163457926	f291ae0f-b1de-4f6a-910f-2466b7c27753	163442771	163461124	fwd	4166	2537	1443	0	0.680503	0.015982	0.716895	0.720729	left	UWB_Cisp0
chr4	164805458	164815680	d623d1ae-5842-4369-85a2-f82ca81681b1	164805452	164817296	rev	10222	4430	5374	0.005464	0.903981	0.018088	0.906977	-3	left	UWB_Cisp0
chr4	171925006	171933896	2568cde3-43c6-42f6-8170-bb9b9f036dd8	171925001	171951178	fwd	8890	1163	7384	0.094293	0.543424	0.053652	0.52119	-3	left	UWB_Cisp0
chr4	174294193	174304633	3e2a3174-f621-4a3c-811b-51492dd53960	174293404	174304642	fwd	10440	4376	4929	0.003365	0.620458	0.006662	0.866089	-3	left	UWB_Cisp0
chr4	178184327	178203160	2e0c221b-a44a-48cb-a068-6c3b32661c86	178150480	178211724	rev	18833	1014	17523	0	0.506667	0.00774	0.689542	0.83605	left	UWB_Cisp0
chr4	179344758	179351297	b2387be1-ae81-4f36-954b-c9c9e8355df1	179343296	179352427	rev	6539	1070	2574	0.030211	0.900302	0.00333	0.952275	-3	left	UWB_Cisp0
chr4	179570513	179577374	257fde22-01ea-4630-9d0b-948eb1dca3b4	179570508	179581458	rev	6861	1522	3460	0.037481	0.56072	0	0.94785	-3	left	UWB_Cisp0
chr4	182655664	182664364	534f4b3c-3a8f-4000-a43d-ddcfe7fd24de	182655107	182666948	rev	8700	3527	4694	0.017358	0.70974	0.051767	0.856204	-3	left	UWB_Cisp0
chr4	184109627	184115822	3f7130e8-251f-4a37-ae0d-dbfcaeefc7c5	184099631	184123642	rev	6195	1306	4610	0	0.659639	0.011334	0.835222	0.15195	left	UWB_Cisp0
chr4	184985717	184988851	cb9da4be-f10e-4221-90da-0cf8ec8f2177	184985202	185014032	rev	3134	1323	1253	0.024735	0.572438	0.05948	0.472119	-3	left	UWB_Cisp0
chr4	185795560	185805550	4b149f22-0afb-489f-b58b-97c94be58f9e	185795555	185808163	fwd	9990	2801	5727	0.00885	0.584071	0.144501	0.702046	-3	left	UWB_Cisp0
chr4	187829459	187842930	798f3139-0b50-4795-87d5-cb56aa3fae54	187828942	187842939	fwd	13471	1698	9593	0.073222	0.797071	0.004263	0.894572	-3	left	UWB_Cisp0
chr5	2973524	2985761	1d631712-01fa-4063-8274-68b697671e78	2973519	2996080	fwd	12237	6574	5040	0.005464	0.214208	0.026437	0.662644	-3	left	UWB_Cisp0
chr5	5159064	5161582	db746a90-ec5c-42b7-8054-fbd667a3a557	5159059	5165738	fwd	2518	950	1342	0.00678	0.922034	0.00271	0.96748	-3	left	UWB_Cisp0
chr5	8409990	8419246	fbc284f6-dacb-4068-9e4f-9fad5a941320	8401934	8424930	rev	9256	4108	3429	0.020833	0.586538	0.014228	0.902439	-1	left	UWB_Cisp0
chr5	9344065	9352635	bf08e346-3374-48f8-9118-0a9d161d32c6	9344059	9354075	fwd	8570	3579	4509	0	0.777994	0.097659	0.77159	-3	left	UWB_Cisp0
chr5	13573682	13581315	dc55519c-d5c8-4b4b-a404-c909bc9cb22a	13573677	13583915	rev	7633	4818	1246	0.043997	0.750186	0	0.858209	-3	left	UWB_Cisp0
chr5	21676595	21685008	c88c64c9-2dc3-4d82-9bff-72f6c299e9bd	21676583	21685019	rev	8413	3237	4847	0.002179	0.814815	0.060458	0.823529	-3	left	UWB_Cisp0
chr5	24960779	24966192	d4ebd3f5-f20f-4125-ae36-8f64a0ae894b	24960771	24970387	fwd	5413	1319	3819	0.038536	0.475915	0.04129	0.707097	-3	left	UWB_Cisp0
chr5	27462037	27471947	982a83ca-8336-4a13-bc60-62aa44a23098	27461260	27472447	fwd	9910	3047	5438	0.011803	0.783262	0.016695	0.853771	-3	left	UWB_Cisp0
chr5	28254896	28262939	8734bbc0-81e6-4d37-9206-7624a2b12aeb	28254816	28262944	rev	8043	1111	4078	0	0.947712	0.035211	0.876369	-3	left	UWB_Cisp0
chr5	30002243	30005513	20200fe8-e9c4-4b87-b7e5-0b0522989081	29994407	30006725	fwd	3270	1486	1547	0.010288	0.588477	0.002475	0.79703	-3	left	UWB_Cisp0
chr5	31649070	31658708	399117cd-ca9c-481e-98d8-b9c8082a8c1a	31648140	31666596	fwd	9638	2612	6697	0	0.672578	0.032939	0.709213	-3	left	UWB_Cisp0
chr5	33203632	33214759	a8e85ac1-09eb-4b21-b264-2a11bead0306	33203627	33216471	fwd	11127	3188	4879	0.001147	0.84289	0.076466	0.787676	-3	left	UWB_Cisp0
chr5	33332108	33339015	f762097d-31f5-4dc7-ade4-c0c7dbc38336	33332104	33339020	fwd	6907	3439	3135	0.007254	0.630052	0.078664	0.69181	-3	left	UWB_Cisp0
chr5	33497415	33503137	545a1413-0f94-4dc9-b93a-d6e88dc2ff41	33497406	33521258	fwd	5722	2430	1590	0.070053	0.507881	0.065076	0.691974	-3	left	UWB_Cisp0
chr5	34078721	34088062	10aa8550-8458-49f9-afb6-15a26f1aca20	34078711	34090842	rev	9341	2807	2243	0	0.910035	0.038292	0.826215	-3	left	UWB_Cisp0
chr5	36491984	36499173	756ef70d-60f8-41fb-bb48-055ab4ad60a4	36491977	36514379	rev	7189	2593	1774	0.001437	0.58046	0.024129	0.589812	-3	left	UWB_Cisp0
chr5	38651920	38658560	ab3f9dee-2d3a-4711-9f74-9f2c8562fda4	38651916	38675408	fwd	6640	2302	3931	0.0192	0.6352	0.044597	0.636364	-3	left	UWB_Cisp0
chr5	40172575	40180508	38d6adb4-c0c2-431d-b30a-43822ae92492	40172569	40187832	rev	7933	1535	6041	0	0.310345	0.011001	0.827283	-3	left	UWB_Cisp0
chr5	42001625	42006708	dab4c4fd-e3f4-450f-be2b-c4031e41041e	42001618	42015903	rev	5083	3108	1298	0	0.581023	0.026946	0.679641	-3	left	UWB_Cisp0
chr5	43689250	43696255	e11657e6-0473-446e-abf2-cd733773db06	43683111	43698546	rev	7005	1671	2602	0.131818	0.331818	0.025921	0.885402	-1	left	UWB_Cisp0
chr5	45541510	45546671	84b5ede9-b968-43f6-b25a-a4250f9d77d5	45538028	45553644	rev	5161	1142	1118	0.058824	0.542484	0.010152	0.629442	-3	left	UWB_Cisp0
chr5	49656281	49659836	b75c9ab1-058b-4841-8ebf-80de189f128e	49656261	49661871	fwd	3555	1427	1511	0.22658	0.514161	0	0.875332	-3	left	UWB_Cisp0
chr5	49657987	49661674	4d3cdf72-f618-4a84-b327-e17076266c4f	49656261	49661679	fwd	3687	1488	1714	0.12297	0.491879	0.149915	0.667802	-3	left	UWB_Cisp0
chr5	54388164	54392735	76f6a01c-eea3-49f0-a62f-784f84b94e78	54388160	54401055	fwd	4571	2605	1415	0.001504	0.742857	0.105769	0.653846	-3	left	UWB_Cisp0
chr5	55455879	55467772	457fc0eb-0301-482f-ba2c-a473fdec077b	55451487	55471018	fwd	11893	2199	9392	0.021138	0.622764	0.038715	0.514298	-3	left	UWB_Cisp0
chr5	57419187	57426218	3dd6d528-67ac-40c3-95b2-213e29a7c3a4	57410861	57431413	fwd	7031	1653	3312	0	0.563169	0.009868	0.514254	0.342614	left	UWB_Cisp0
chr5	62880162	62887090	24697b4e-2cea-451b-b9f9-4f3f1dee515b	62879938	62891618	rev	6928	1302	3113	0	0.6775	0.003517	0.902696	-3	left	UWB_Cisp0
chr5	63677486	63682857	c734b249-4ccf-4ba6-a4cc-da33696fce7e	63666215	63686787	fwd	5371	2199	2236	0.058583	0.674387	0	0.892815	0.239651	left	UWB_Cisp0
chr5	63762425	63772368	e88e0df6-e335-4dc2-a48e-34f78acff50b	63762411	63775448	rev	9943	2963	4241	0.044248	0.638432	0.044822	0.858578	-3	left	UWB_Cisp0
chr5	72677591	72683450	fc8a878c-1441-4d3e-a3ce-08ba8a619f62	72676680	72683456	rev	5859	1362	2116	0.065817	0.825902	0	0.943925	-3	left	UWB_Cisp0
chr5	77012581	77021727	8b1d6192-2a68-4253-ad77-9a798c0861a8	77012572	77021734	rev	9146	1649	7257	0.009852	0.926108	0.016264	0.922129	-3	left	UWB_Cisp0
chr5	80315301	80324605	60861d17-ed3f-4477-8a0a-9a11413733b8	80314211	80330817	fwd	9304	2027	6602	0.107623	0.625561	0.000576	0.839286	-3	left	UWB_Cisp0
chr5	82912239	82917830	db7f9e81-b0e5-4ed1-a870-f0a96a576090	82908170	82917847	fwd	5591	2025	3236	0.034483	0.780172	0.001021	0.953013	-3	left	UWB_Cisp0
chr5	84646155	84649592	0c43b0c3-94fb-424a-8aef-8486b9c63fd1	84641712	84669544	fwd	3437	1267	1911	0.009975	0.486284	0.013566	0.715116	-3	left	UWB_Cisp0
chr5	92589002	92599493	d4e7ebf3-04cf-4037-8bf1-d60c42b7faae	92588929	92604658	rev	10491	3683	6614	0.033898	0.826473	0.000988	0.882905	-3	left	UWB_Cisp0
chr5	94463070	94470914	8145eee3-a07d-4589-8282-990a65e76fe1	94459960	94482823	fwd	7844	1729	3500	0.015564	0.476654	0	0.89	-3	left	UWB_Cisp0
chr5	102835902	102842178	4c50a1f6-5f35-45d6-a353-246ec67dd7d1	102835894	102845341	rev	6276	1544	4321	0.001862	0.268156	0	0.832714	-3	left	UWB_Cisp0
chr5	111879851	111884967	666fa387-6408-404f-bad9-3c05e4dd79e7	111879807	111886854	fwd	5116	3471	1173	0.009375	0.673438	0.05949	0.847025	-3	left	UWB_Cisp0
chr5	124420223	124426323	5eb946da-ccbe-447f-aab5-fa8987d68a9b	124420209	124430638	fwd	6100	3763	2109	0	0.557201	0.026128	0.705463	-3	left	UWB_Cisp0
chr5	139052948	139056827	ffdf0192-c04c-48e6-92ca-9c9d9adce087	139050704	139060552	fwd	3879	1094	2113	0.160714	0.464286	0.043796	0.589416	-3	left	UWB_Cisp0
chr5	141662563	141669812	e024c294-0a45-4d44-a29b-67408da5b451	141658259	141672600	fwd	7249	2991	4054	0.050847	0.310734	0.045989	0.608556	-3	left	UWB_Cisp0
chr5	143036430	143041787	d8fc72ad-eec2-48c9-9425-80adfb457db6	143031187	143046961	rev	5357	1236	3828	0.077348	0.337017	0.005941	0.806931	-3	left	UWB_Cisp0
chr5	145391259	145403015	6b4172e6-6425-4f54-901c-3bda13a6aa5e	145391254	145405290	fwd	11756	1808	5964	0	0.194296	0.07956	0.5511	-3	left	UWB_Cisp0
chr5	148751745	148759375	2ee8cbee-461a-4461-a847-d33046334ef8	148751377	148778198	fwd	7630	3883	3291	0.026136	0.563783	0.019386	0.659128	-3	left	UWB_Cisp0
chr5	148825022	148827738	1e4771f5-f3c6-4695-8f5c-d4489675b62c	148825015	148834222	fwd	2716	1231	1057	0	0.452107	0	0.688889	-3	left	UWB_Cisp0
chr5	149298319	149310056	ac4bb7a8-f7e0-47ac-9f68-f05dc56f480a	149298313	149310890	rev	11737	1486	7321	0	0.395161	0.00112	0.901401	-3	left	UWB_Cisp0
chr5	152946079	152956801	9d01f12a-7451-49b5-8fdf-0a581475fbf4	152946065	152956808	fwd	10722	2118	8263	0.045255	0.757664	0.03436	0.834003	-3	left	UWB_Cisp0
chr5	153305150	153312063	aedd9e48-f977-47bc-876f-c3161a6fbfea	153305146	153316298	fwd	6913	4063	1965	0.015896	0.58526	0.052991	0.726496	-3	left	UWB_Cisp0
chr5	153604061	153609101	43768f4f-0e81-4822-a309-d9cefb3105f7	153601431	153610893	rev	5040	4029	705	0.008214	0.830595	0.076555	0.727273	-1	left	UWB_Cisp0
chr5	154668982	154676749	247ac5cf-6ae8-4422-96ba-7c38b4a26adc	154668978	154683949	fwd	7767	4872	2690	0	0.463941	0.001647	0.747941	-3	left	UWB_Cisp0
chr5	156491562	156497703	4c1cec81-704f-40d2-9965-c578af07634a	156489709	156497988	fwd	6141	1478	4395	0	0.66129	0.020833	0.83631	-3	left	UWB_Cisp0
chr5	161897113	161902381	7ab1cf4c-632b-47d7-8a29-d5726320c32f	161897106	161907899	rev	5268	2709	2192	0.019691	0.50211	0.056552	0.777931	-3	left	UWB_Cisp0
chr5	162116030	162127267	b8a0ffdc-8f9b-4dab-900c-15d5824c7ee8	162115247	162130744	rev	11237	3630	5875	0.007149	0.7605	0.000569	0.908936	-3	left	UWB_Cisp0
chr5	167965130	167970126	c5a14ff1-32b2-4bab-abd4-cf9ea63b1cb7	167963921	167986556	fwd	4996	1046	3646	0.007194	0.579137	0.007722	0.690154	-3	left	UWB_Cisp0
chr5	169915388	169923291	0bb30150-eb7c-4c0d-9b81-7c1430359c76	169912294	169923722	rev	7903	1429	6250	0.012225	0.711491	0.004364	0.913257	-3	left	UWB_Cisp0
chr5	172513584	172516342	53007130-b20e-48b0-8c15-1ec9f11f7272	172513208	172522078	rev	2758	1351	1146	0.019643	0.546429	0.003145	0.698113	-3	left	UWB_Cisp0
chr5	175584715	175591322	3220af28-ea7f-4e8a-8a7e-a693fcb85067	175584218	175613501	rev	6607	1616	4733	0.03794	0.455285	0.031422	0.575805	-3	left	UWB_Cisp0
chr5	176117935	176123220	9a8a9fff-8d03-49d4-816e-cf06e7ca6702	176117925	176129885	fwd	5285	1354	3372	0	0.494012	0.026393	0.783969	-3	left	UWB_Cisp0
chr5	176767246	176771825	11f93d25-0f8e-447f-a47e-367b0be70767	176760910	176771829	rev	4579	1277	3039	0	0.875706	0.0366	0.720189	-3	left	UWB_Cisp0
chr5	177292234	177296158	91257d2d-98db-4f26-8347-9418675660f2	177292227	177311060	fwd	3924	2035	1253	0	0.656934	0.078212	0.734637	-3	left	UWB_Cisp0
chr6	7554762	7561963	0d3f07a4-7dd5-4121-ace0-42a1c4a95356	7554214	7561968	rev	7201	2975	3066	0.036568	0.492264	0	0.854501	-3	left	UWB_Cisp0
chr6	17421900	17427766	72f04020-f154-4d01-ae7a-5937327b3752	17421885	17427771	rev	5866	2717	1531	0.046322	0.889646	0.126794	0.801435	-3	left	UWB_Cisp0
chr6	17958563	17966675	6682087e-9ee3-46fb-9cc2-91983df81444	17957756	17970701	fwd	8112	1646	5024	0	0.485417	0.027481	0.790076	-3	left	UWB_Cisp0
chr6	19414376	19427394	541c0925-fbf5-4418-a483-e32cddb8bc69	19414371	19429782	fwd	13018	2820	7216	0	0.609354	0.00357	0.85839	-3	left	UWB_Cisp0
chr6	19577086	19581521	33a64a98-1ec9-4da9-8bd4-5e78ff1ed45b	19577080	19585378	fwd	4435	2947	1179	0.014765	0.55302	0.030928	0.680412	-3	left	UWB_Cisp0
chr6	27160968	27168169	2ec7d11d-5772-4464-a828-e6a1b6c9343c	27159840	27179817	rev	7201	719	5301	0.042328	0.857143	0.039216	0.83618	-3	left	UWB_Cisp0
chr6	39736193	39740835	30b71824-7fc7-409a-95ec-393643bb66ba	39736188	39748893	rev	4642	1849	2479	0	0.592391	0	0.868106	-3	left	UWB_Cisp0
chr6	40996231	41004352	22686fc9-864f-49c9-9519-573e88f319b0	40996214	41006583	fwd	8121	1651	6250	0.009195	0.537931	0.061889	0.605863	-3	left	UWB_Cisp0
chr6	41998860	42004591	db2c81d2-8f98-404d-b239-323908e55a3e	41995468	42007250	fwd	5731	2056	1206	0	0.65625	0.028571	0.920635	-3	left	UWB_Cisp0
chr6	42364574	42368654	f9c2e788-df5b-456f-a0c8-603d4cfcf4e4	42364563	42370419	fwd	4080	1133	2570	0.030075	0.413534	0.007067	0.681979	-3	left	UWB_Cisp0
chr6	42436998	42444839	8e169db9-3f18-47fd-b865-35c41372f424	42435821	42444844	fwd	7841	2354	5111	0.142857	0.705263	0.047327	0.863278	-3	left	UWB_Cisp0
chr6	49446276	49452270	16fd4323-a08a-43c4-b709-0421542c032e	49446271	49456876	rev	5994	1352	4353	0.041841	0.658996	0.025806	0.763226	-3	left	UWB_Cisp0
chr6	55603925	55614348	c961ab88-3b52-4430-81fd-c0e95593306a	55603917	55617576	fwd	10423	1590	8522	0	0.469543	0.025951	0.593736	-3	left	UWB_Cisp0
chr6	60857759	60862515	48232871-800e-49bc-acc2-41a87a2f50b5	60857281	60871776	fwd	4756	1010	3296	0	0.222749	0.0138	0.753715	-3	left	UWB_Cisp0
chr6	62088733	62099136	7ce0cc03-e9fd-4d61-84f6-8f0f9945997e	62088727	62099142	rev	10403	1494	6428	0.059347	0.738872	0.043527	0.787388	-3	left	UWB_Cisp0
chr6	62927480	62935278	eced81f8-2ed4-4bad-9ec3-5de57e7c096d	62927476	62938426	fwd	7798	1685	3987	0.001418	0.531915	0.003404	0.716596	-3	left	UWB_Cisp0
chr6	63029732	63040379	3dd8da40-a437-4b5a-857a-1418e681a541	63029009	63041279	fwd	10647	1833	7946	0.022971	0.652374	0.012408	0.868941	-3	left	UWB_Cisp0
chr6	63406946	63411905	8d6112d6-4da2-43ef-8238-bc93fd31b27b	63406893	63422919	fwd	4959	2092	2604	0	0.639399	0.043339	0.597111	-3	left	UWB_Cisp0
chr6	65652710	65661929	4caa4a68-f055-441e-b776-093aa22ea008	65652059	65671724	rev	9219	4314	4609	0.012712	0.345339	0.071031	0.662256	-3	left	UWB_Cisp0
chr6	70964723	70971902	ed0490f0-7259-42a1-a6e8-de42263df43d	70964715	70974785	fwd	7179	4540	2320	0.054331	0.728346	0.094151	0.778887	-3	left	UWB_Cisp0
chr6	74683038	74691512	663abba3-03e5-4079-8dbc-95a8c9b12321	74681210	74692400	rev	8474	3133	1839	0.009137	0.827411	0.001558	0.923676	-3	left	UWB_Cisp0
chr6	79986656	79993975	ee1579c4-cab3-4698-94ee-138f530e7762	79986651	79999232	rev	7319	4086	2931	0.009764	0.811229	0.071565	0.770038	-3	left	UWB_Cisp0
chr6	81239120	81244037	d0c7f22e-0a4c-4c52-8881-9a4aa8733d1a	81239114	81248378	fwd	4917	1838	2521	0	0.495637	0.005457	0.828104	-3	left	UWB_Cisp0
chr6	82125381	82129889	4a1adadf-0ac6-440f-a4d2-3c177ba63009	82125374	82135757	fwd	4508	1323	2859	0	0.62844	0.009574	0.823325	-3	left	UWB_Cisp0
chr6	83287659	83297377	822ca1cf-d3c7-403c-9da1-ade60f3c79bd	83287152	83297383	fwd	9718	3164	4744	0	0.687045	0.001062	0.87573	-3	left	UWB_Cisp0
chr6	84938368	84948460	08e95e12-1c76-48f0-9396-a8fd87b0f1dc	84936312	84958791	rev	10092	2309	6876	0.028143	0.508443	0.014314	0.836581	-3	left	UWB_Cisp0
chr6	90970091	90982396	8ef0dd5b-9cfd-4cfd-9fc5-12571abf346b	90970086	90982403	fwd	12305	2574	9396	0.038769	0.763968	0.012061	0.913853	-3	left	UWB_Cisp0
chr6	91844639	91856300	07778843-33de-4e0b-847b-8fd072e13d5f	91842705	91859054	rev	11661	1006	10342	0.039755	0.535168	0.016384	0.876829	-3	left	UWB_Cisp0
chr6	93731745	93741426	c0ab225b-0d03-4be7-9fc8-decf58667837	93718389	93743526	rev	9681	2749	6430	0.053388	0.673511	0.076772	0.816437	0.237081	left	UWB_Cisp0
chr6	97048698	97053870	f40394e5-9e97-4207-bdba-690f888cdc24	97048693	97056086	rev	5172	3549	1209	0.052376	0.604268	0.07563	0.736695	-3	left	UWB_Cisp0
chr6	97317355	97322767	70cc2a9c-c858-4029-b34d-1d2694496d3b	97317348	97333584	fwd	5412	3086	1428	0.005198	0.516632	0.059957	0.627409	-3	left	UWB_Cisp0
chr6	98221914	98229668	6b85a57a-288d-48ec-a2c0-1bfd718c4574	98221904	98231834	fwd	7754	3168	4118	0	0.678307	0.045105	0.673267	-3	left	UWB_Cisp0
chr6	100424764	100435123	47873f4c-da51-4cd3-9d1b-9a3b995c6b59	100424756	100435798	rev	10359	2802	7310	0.006775	0.781843	0.060202	0.869026	-3	left	UWB_Cisp0
chr6	104642172	104653892	317ca602-c91a-4c60-a746-c106b490205c	104642167	104655556	rev	11720	4340	7126	0	0.578199	0.015481	0.702467	-3	left	UWB_Cisp0
chr6	106007161	106015050	d31f1d22-8983-41d4-9f70-7cf722ee9b71	106007144	106015058	fwd	7889	3467	3999	0.043575	0.785475	0.088368	0.794409	-3	left	UWB_Cisp0
chr6	110186242	110190438	45b65887-d628-49aa-a887-77ce89643600	110184975	110194314	fwd	4196	1018	2827	0	0.437908	0	0.773987	-3	left	UWB_Cisp0
chr6	114356288	114364582	6a7025fd-3bb8-4945-a4c3-a3f2bf7b8152	114356273	114366773	fwd	8294	2997	2901	0.003996	0.675325	0.041397	0.708926	-3	left	UWB_Cisp0
chr6	118907965	118920027	40abbc98-fcc2-4299-8936-9d014b3f9b55	118907954	118927694	fwd	12062	5513	4672	0	0.790875	0.005402	0.87576	-3	left	UWB_Cisp0
chr6	120843922	120852583	dc334129-96e2-46a5-9886-4f43b6480810	120841761	120858397	rev	8661	1178	7223	0.008219	0.726027	0.002761	0.959503	-3	left	UWB_Cisp0
chr6	127045625	127051895	15572d45-c859-4651-a8e7-222a1dc1e1dc	127042775	127051899	rev	6270	1168	4809	0.022403	0.812627	0.020115	0.820115	-3	left	UWB_Cisp0
chr6	129369407	129379075	1032e358-e26d-418a-af93-49518a8ec48b	129369401	129393394	rev	9668	2528	4941	0.04401	0.756724	0.048925	0.760563	-3	left	UWB_Cisp0
chr6	133556090	133562305	f4ee1aeb-ca44-4a22-b664-245d1001b6c7	133556083	133568306	rev	6215	1358	4656	0.002688	0.69086	0.012325	0.743632	-3	left	UWB_Cisp0
chr6	134877785	134885567	e8bafe5c-4554-4d6f-bcc0-86407a6234c4	134877779	134885572	rev	7782	3481	4024	0.052137	0.716239	0.009132	0.919635	-3	left	UWB_Cisp0
chr6	143143827	143149606	6b529d31-b428-42f5-840e-db20118b350f	143143821	143160001	rev	5779	1411	4013	0.009592	0.398082	0.005348	0.765597	-3	left	UWB_Cisp0
chr6	151004948	151009899	9bf7a552-3bcb-4f55-8dda-7046fabf3960	151001142	151016931	rev	4951	3114	1472	0	0.695548	0.02	0.685	-3	left	UWB_Cisp0
chr6	152444555	152453524	4e340553-92a9-4221-bfc7-b5278b52cdd5	152443318	152456343	rev	8969	2192	5453	0.035	0.676667	0.004217	0.90241	-3	left	UWB_Cisp0
chr6	160724049	160728404	d1ffbcb8-a260-41d4-a30e-fa389d8037c9	160724044	160737594	fwd	4355	1566	2407	0	0.660891	0.010204	0.748299	-3	left	UWB_Cisp0
chr7	878395	885054	0bbafe77-83fe-40bb-a1c8-ad8772a0fff8	862965	885061	fwd	6659	1645	4334	0.063536	0.676796	0.067164	0.73041	-1	left	UWB_Cisp0
chr7	5137039	5143324	0e1174d9-ff7c-4b9c-8bdd-f00335cdb2cd	5136500	5145354	fwd	6285	2793	2707	0.001473	0.799705	0.032534	0.799658	-3	left	UWB_Cisp0
chr7	5196475	5207490	a22b46fe-2879-4e7d-82d6-bd7ebfdf1d91	5195890	5207494	rev	11015	1928	5649	0.05787	0.747685	0.00073	0.867153	-3	left	UWB_Cisp0
chr7	12208112	12215165	b854b061-15f8-4ce5-86b5-1a2a9580ac5c	12208105	12220537	rev	7053	1982	4811	0	0.638838	0.004494	0.850187	-3	left	UWB_Cisp0
chr7	25836259	25840170	80e2c319-b17a-4aac-b98d-a51a50ee0f32	25836253	25842851	fwd	3911	1785	1837	0	0.624709	0.028986	0.720497	-3	left	UWB_Cisp0
chr7	31710518	31719708	5546c34d-856b-42a3-8e9b-32ffeef70a4f	31710253	31733211	fwd	9190	3463	4971	0.002347	0.494131	0.032576	0.706818	-3	left	UWB_Cisp0
chr7	40962679	40969112	5063a226-b78d-404d-8aff-9685ca416550	40956937	40981809	rev	6433	2764	2477	0	0.644068	0	0.873016	-3	left	UWB_Cisp0
chr7	43800820	43809921	58c46c4e-22d7-4c14-9f98-e1024f8e0b27	43794785	43809930	fwd	9101	2487	6285	0.03125	0.685855	0.031947	0.726944	-3	left	UWB_Cisp0
chr7	52436722	52446949	60e443e9-09d4-4ef4-8071-62033caefe9e	52435794	52453292	rev	10227	2245	6791	0.074	0.606	0.050146	0.794752	-3	left	UWB_Cisp0
chr7	52739056	52757374	3305c9ba-dab0-4eb6-bc2a-02b5cef6b2a8	52738085	52779534	rev	18318	2052	15987	0.038397	0.629382	0.016949	0.638285	-3	left	UWB_Cisp0
chr7	65084106	65089396	58c80f51-8b5f-4e8c-a607-075f79bbe49b	65080086	65094065	fwd	5290	2326	2614	0.006693	0.635877	0.018462	0.764615	-3	left	UWB_Cisp0
chr7	65710688	65714299	5bfeea6a-7e60-463c-bc65-f4f4ef610b6e	65701569	65716831	rev	3611	1355	1794	0	0.417323	0.006316	0.692632	-3	left	UWB_Cisp0
chr7	84253707	84260758	dc6fed81-4cfe-416c-8a97-ef89265bd92d	84253692	84260861	fwd	7051	2231	4128	0.115702	0.636364	0.03751	0.881085	-3	left	UWB_Cisp0
chr7	90309724	90317864	f1c1fc08-5658-4169-acd2-4f776784f33d	90309718	90318968	rev	8140	4106	3771	0.037369	0.825859	0.028336	0.907678	-3	left	UWB_Cisp0
chr7	91818431	91830315	f6e23bc2-4f36-44fc-85f1-6442046de4de	91814986	91834412	rev	11884	3094	8563	0.004592	0.789897	0.024316	0.824215	-3	left	UWB_Cisp0
chr7	97836670	97842046	520ca6c5-c319-466d-ba3b-e9b214a793a2	97834115	97842092	rev	5376	1355	3497	0.017722	0.177215	0.006316	0.578947	-3	left	UWB_Cisp0
chr7	99152129	99157193	31f9c158-a332-49ce-bfb4-a28e4e35729e	99145243	99170127	rev	5064	1029	3712	0	0.51073	0.007035	0.803015	-3	left	UWB_Cisp0
chr7	102161647	102168665	a69d0f05-c5f2-43c9-956a-76d88977c1c7	102157243	102170269	fwd	7018	1485	2355	0.095395	0.516447	0	0.95122	-3	left	UWB_Cisp0
chr7	105874514	105881761	35fece19-63c4-489a-85f0-00f60c0c76f3	105869548	105883311	fwd	7247	3746	2340	0.003784	0.705771	0.048327	0.728625	-3	left	UWB_Cisp0
chr7	106725720	106730385	df693288-9fb0-4e40-913a-20527c0ba753	106724537	106753807	fwd	4665	1004	2848	0	0.323194	0.001733	0.570191	-3	left	UWB_Cisp0
chr7	107575433	107583994	74c92f18-9660-4101-9d45-72f7426c601f	107575428	107590436	rev	8561	3538	4718	0.000966	0.618357	0.033449	0.807666	-3	left	UWB_Cisp0
chr7	109953948	109958481	806959a7-93d1-4abc-95ee-dd48fc39d6b4	109953940	109962903	rev	4533	2202	1098	0.032258	0.662757	0.109244	0.605042	-3	left	UWB_Cisp0
chr7	109963806	109970123	30837178-3f60-4893-a736-894a9af9698b	109963801	109973580	rev	6317	1821	4271	0.031621	0.620553	0.018629	0.815201	-3	left	UWB_Cisp0
chr7	110961010	110967342	a3ecc3b7-5f35-492b-9ec9-ea242285e32b	110961005	110967349	fwd	6332	1799	4101	0.017361	0.543403	0.020376	0.825235	-3	left	UWB_Cisp0
chr7	115403473	115411454	bf7c6603-98ef-47eb-865c-617b03d45891	115403467	115412084	fwd	7981	3900	3810	0.007036	0.592788	0.017905	0.863921	-3	left	UWB_Cisp0
chr7	116064787	116081486	77ee36aa-39be-426f-9348-38cd3e7381f0	116064777	116088610	fwd	16699	6346	9138	0.036585	0.367378	0.016218	0.629193	-3	left	UWB_Cisp0
chr7	120153648	120159033	181ab05a-544a-493c-965d-cf000ea33698	120153643	120177736	rev	5385	3297	1827	0.005252	0.375	0	0.896853	-3	left	UWB_Cisp0
chr7	121333463	121342929	8f01bcc2-eb09-4d38-a546-77c684a531e2	121333329	121343015	fwd	9466	4356	2320	0.003826	0.800306	0.041772	0.674684	-3	left	UWB_Cisp0
chr7	125637664	125644271	9be1f8fd-e6d6-4dbd-80e1-6ebfb44af0d1	125637614	125645312	rev	6607	2063	4254	0	0.715436	0.020924	0.908369	-3	left	UWB_Cisp0
chr7	126754009	126759522	b2f086fa-59d9-4617-8875-ad8e67490ec2	126753991	126759701	fwd	5513	3001	2216	0.021991	0.613426	0.04978	0.642753	-3	left	UWB_Cisp0
chr7	127314474	127328744	8fdfc53c-e5d0-4aff-8f3c-49391611ec6a	127306626	127338338	fwd	14270	1146	12770	0.04	0.511429	0.047746	0.68535	-3	left	UWB_Cisp0
chr7	129330980	129338152	157cbd85-d3bf-4efb-8fe5-e56d5f4eb720	129330973	129340516	fwd	7172	1980	4865	0.053422	0.499165	0.056319	0.79739	-3	left	UWB_Cisp0
chr7	129964477	129970767	a49cc4cd-22c9-4f16-b1a7-8cd7c9e9d1dc	129964472	129970773	rev	6290	1733	2761	0.002833	0.787535	0.059006	0.810559	-3	left	UWB_Cisp0
chr7	131430208	131434393	35ffceb3-2a30-450a-89f0-bab71b2cc9af	131423724	131435971	fwd	4185	2707	1109	0.002153	0.621098	0.036424	0.486755	0.11335	left	UWB_Cisp0
chr7	134600524	134610660	ff29e87b-e4b7-427e-baec-c05e240300d3	134594815	134610961	fwd	10136	3665	6028	0.019266	0.756881	0.024684	0.812763	-3	left	UWB_Cisp0
chr7	135265508	135275441	6f181a50-7c0f-4164-8a04-c7f72ba1faee	135265499	135281189	fwd	9933	1344	7986	0.005882	0.341176	0.031033	0.574104	-3	left	UWB_Cisp0
chr7	137189414	137198819	ed20ef4b-cbd4-4d98-91bb-e760df1791b9	137187301	137199814	fwd	9405	3778	3586	0.096683	0.678899	0.044331	0.629156	-3	left	UWB_Cisp0
chr7	138634479	138647027	83a0e98d-4578-4875-ab3d-c5515c93e88b	138631970	138647526	fwd	12548	2171	10056	0.037037	0.672222	0.081596	0.729933	-3	left	UWB_Cisp0
chr7	138962531	138969971	677ab7ef-3e17-44a9-886e-94b9b779dd2e	138962523	138969975	rev	7440	3844	3355	0.054183	0.826996	0.032922	0.860082	-3	left	UWB_Cisp0
chr7	142665255	142670643	290c2237-7f1a-4c69-9b30-06f3d04667ec	142660144	142676747	fwd	5388	1574	2528	0.026549	0.628319	0.011513	0.916118	-3	left	UWB_Cisp0
chr7	144137307	144143383	e96fdafd-94b9-4328-ab38-52ee7ac8cf18	144135722	144147824	rev	6076	3598	2214	0.078747	0.573243	0.011268	0.715493	-3	left	UWB_Cisp0
chr7	145515969	145522980	6e514b85-f2a8-4e74-a85e-d72435f069a1	145515964	145526758	fwd	7011	1597	3830	0.040161	0.600402	0.015138	0.796972	-3	left	UWB_Cisp0
chr7	147519273	147528729	5b7f11b6-2253-4e84-917a-0bbeccf2fbdb	147516720	147530742	fwd	9456	4013	4636	0.026364	0.759091	0.052591	0.819799	-3	left	UWB_Cisp0
chr7	151051881	151055181	30ab3ce2-46d6-4fd4-8f16-5dff762c0360	151051024	151064478	rev	3300	1769	1143	0	0.349462	0.018605	0.646512	-3	left	UWB_Cisp0
chr7	153652178	153657854	ad001865-61c0-4acd-a07b-ba4d5d54c9a7	153648009	153659685	rev	5676	1625	3060	0.043299	0.635052	0	0.93953	-3	left	UWB_Cisp0
chr7	154847127	154854722	bc24e3a2-213b-44c6-a86c-0779aeb2eb1b	154846260	154854735	fwd	7595	3987	1076	0.065527	0.317189	0.011019	0.449036	-3	left	UWB_Cisp0
chr8	24364143	24370948	68d35bf0-ff29-4943-b852-5e1b9b75cf0e	24352589	24370958	rev	6805	1709	4698	0.050109	0.764706	0.023031	0.860327	-3	left	UWB_Cisp0
chr8	28105350	28114201	c37849b3-392e-4df6-8b8c-c9f141ad67a3	28096993	28122084	rev	8851	2462	6098	0	0.687407	0.02472	0.845203	0.076314	left	UWB_Cisp0
chr8	30628454	30631669	58449146-c900-4709-9524-601d74f770f5	30623486	30632043	fwd	3215	1081	1803	0	0.417722	0.014315	0.828221	-3	left	UWB_Cisp0
chr8	33440732	33449744	a3c33589-013f-48c2-aae4-2397bda36bb7	33440725	33449933	rev	9012	2501	4958	0.04096	0.524011	0.02116	0.631661	-3	left	UWB_Cisp0
chr8	35019440	35023480	32245596-e000-4556-91e0-5d5f016382a4	35005786	35033284	fwd	4040	2653	1090	0	0.514644	0	0.894198	-1	left	UWB_Cisp0
chr8	49080126	49087843	a3152c0c-f869-4ad7-8e9f-e74a58fc61f8	49075937	49090484	fwd	7717	2190	4975	0	0.942257	0.00883	0.753495	-3	left	UWB_Cisp0
chr8	51465484	51469835	374a33c0-b6d1-4822-93f9-3f3d0fb6987b	51465477	51480269	rev	4351	2206	1404	0.091667	0.495	0.010169	0.813559	-3	left	UWB_Cisp0
chr8	51597105	51601585	f8d30228-85f3-4d45-9c10-23774518a9e9	51594883	51616463	fwd	4480	2509	1547	0.019417	0.416397	0.008418	0.787879	-3	left	UWB_Cisp0
chr8	51727502	51739975	06153736-6122-489c-980b-8dac8df8407d	51725691	51753220	fwd	12473	4517	7493	0.005025	0.647404	0.037962	0.668831	-3	left	UWB_Cisp0
chr8	52803965	52811579	5f8d2754-b2fc-4b3e-b350-c2c085c1cc58	52800737	52812616	rev	7614	2147	3711	0.042339	0.657258	0.001838	0.922794	-3	left	UWB_Cisp0
chr8	53392732	53398397	9b2693cf-bb7b-4244-9f07-446ca934cc28	53392727	53401479	fwd	5665	1763	3432	0.03125	0.574219	0.010124	0.703037	-3	left	UWB_Cisp0
chr8	55444903	55451603	5b95a16c-3bb4-40c8-8c69-42c9cb7d178a	55440636	55456288	fwd	6700	1479	4931	0	0.505495	0.009146	0.816311	-3	left	UWB_Cisp0
chr8	58653134	58660080	674f7508-aa57-4696-bbd2-4468ddcfb73a	58653119	58660454	fwd	6946	3569	2919	0.012594	0.797229	0.023873	0.848806	-3	left	UWB_Cisp0
chr8	59504906	59512182	d6868b4d-9c27-4afd-af31-6b88b45870a1	59504444	59520401	rev	7276	1561	5414	0.002375	0.603325	0.041614	0.738335	-3	left	UWB_Cisp0
chr8	60346488	60355927	cd5ababf-76e8-4c4a-bbde-ae2ce8bfbf81	60346473	60356670	rev	9439	2554	6595	0	0.717472	0.049206	0.66325	-3	left	UWB_Cisp0
chr8	60926067	60932857	40f87ccb-481c-498c-b6e4-b3fd2c4d628b	60926061	60938274	fwd	6790	1621	4977	0.023913	0.582609	0.017934	0.705165	-3	left	UWB_Cisp0
chr8	62793840	62798648	9ceb41d1-2f23-4343-8aec-c12d4ae13664	62787254	62798657	fwd	4808	1090	1016	0.031373	0.341176	0.121622	0.516892	-3	left	UWB_Cisp0
chr8	63684574	63694746	c0e51e9c-438c-4017-aba3-1d6c288f372b	63683721	63702862	rev	10172	2588	6208	0.002513	0.782663	0.01533	0.905071	-3	left	UWB_Cisp0
chr8	63934417	63938380	7570da30-8c28-430e-8370-17d5c7585f4c	63934413	63949005	fwd	3963	1820	1879	0.025848	0.584814	0.070352	0.711893	-3	left	UWB_Cisp0
chr8	77206668	77211798	a44056c8-512c-4be5-9881-0e2422e37d78	77201728	77213358	fwd	5130	1381	3524	0.049702	0.487078	0.002431	0.858995	-3	left	UWB_Cisp0
chr8	78668466	78688829	a15d1f44-583c-4b9c-8e08-c46cd5778355	78667707	78689448	fwd	20363	1721	17803	0.047619	0.581281	0.045471	0.874204	-3	left	UWB_Cisp0
chr8	79490068	79500897	935ed556-fafd-4a3b-bd9b-596fcfaa4347	79487292	79507540	fwd	10829	3957	6565	0.002219	0.735207	0.041852	0.836153	-3	left	UWB_Cisp0
chr8	83067576	83073814	2ada3afe-398d-43b6-b4a5-d2999cce6831	83067571	83079053	fwd	6238	2477	3356	0	0.645963	0.004896	0.70257	-3	left	UWB_Cisp0
chr8	83769493	83776700	60f34993-6221-409f-8443-436b6fde71c8	83769483	83778233	rev	7207	3324	2585	0.021297	0.757986	0.030623	0.868004	-3	left	UWB_Cisp0
chr8	87080361	87085978	c19edcd6-ce25-4856-8a6f-7e575f68fec6	87080352	87093252	rev	5617	1258	3967	0.021097	0.49789	0.01594	0.685441	-3	left	UWB_Cisp0
chr8	87473313	87481436	2fcc7903-bde2-4474-80f1-439e488f7d3f	87473309	87482622	fwd	8123	3118	4648	0.034292	0.710177	0.025862	0.864058	-3	left	UWB_Cisp0
chr8	88237812	88241566	8f529a6e-bb0e-4d3d-bb3c-57af02e8820b	88237806	88243082	rev	3754	2351	1111	0.010582	0.62963	0.087087	0.753754	-3	left	UWB_Cisp0
chr8	91001191	91011101	8271257c-1c7d-4512-98fa-aff308dc4a93	91001185	91011851	rev	9910	2244	7420	0.005398	0.765182	0.043553	0.818104	-3	left	UWB_Cisp0
chr8	91748644	91754910	2b949a2d-2329-406f-a546-3dcc28d65bb3	91748424	91755144	fwd	6266	4337	1668	0.004535	0.791383	0.034146	0.814634	-3	left	UWB_Cisp0
chr8	93738548	93746268	9cc05b61-72d3-4098-8bcf-3eb7e462c948	93737235	93747766	rev	7720	2391	2969	0.004144	0.76105	0.004706	0.931765	-3	left	UWB_Cisp0
chr8	99676461	99684326	fd29f0ad-309a-4c37-85df-e3c29fc926f4	99676447	99686144	rev	7865	3805	3779	0	0.809659	0.00199	0.916418	-3	left	UWB_Cisp0
chr8	104281817	104286784	1e29edb3-18c4-4d35-9118-576e1fa62f56	104277428	104289449	rev	4967	2732	1994	0	0.639437	0.019646	0.75442	-3	left	UWB_Cisp0
chr8	104350374	104358902	17c5a49b-9692-42b2-a408-6c95ce10c32a	104350118	104370637	fwd	8528	1548	6521	0.004831	0.640097	0.045581	0.564202	-3	left	UWB_Cisp0
chr8	107240425	107247854	b2dd8a5a-a08c-4b1d-a3ee-1cb274c3e97e	107240419	107247862	fwd	7429	3252	2304	0.023342	0.764128	0.106977	0.746512	-3	left	UWB_Cisp0
chr8	108899038	108903358	1d646a48-bca5-48a4-977c-5891fed40b37	108899031	108913737	rev	4320	2655	1046	0.001921	0.6878	0.123418	0.56962	-3	left	UWB_Cisp0
chr8	113401113	113405856	5bf7ebef-a5f2-451e-b36a-6de89d1a0a07	113397669	113411153	fwd	4743	1340	3041	0.012346	0.439506	0.003956	0.601385	-3	left	UWB_Cisp0
chr8	117653121	117665342	d4542027-3686-4ff5-8c85-6d4c79076d65	117652534	117666055	rev	12221	4795	7125	0	0.788576	0.025899	0.845564	-3	left	UWB_Cisp0
chr8	122973548	122976550	a4f1ec4e-3812-4294-9fa5-3ed6b721ec9d	122968571	122979871	fwd	3002	1274	1233	0	0.555556	0.191304	0.597101	-3	left	UWB_Cisp0
chr8	123226231	123234271	6bd2b90c-c7c6-414d-9ca2-f79417151dcb	123221306	123238994	rev	8040	4455	3292	0.004153	0.768272	0.029148	0.79148	-3	left	UWB_Cisp0
chr8	126876515	126879667	914ccfb1-555f-482a-86c9-edc7625f9ff7	126876510	126884024	rev	3152	1646	1195	0	0.658537	0	0.837545	-3	left	UWB_Cisp0
chr8	127473603	127478869	8473c623-b5b3-498e-88fc-8c032a048a5d	127469892	127478883	fwd	5266	1714	2441	0.006369	0.639066	0	0.946058	-3	left	UWB_Cisp0
chr8	128008764	128015273	c83c5675-268c-4094-93b5-e3a19f0d6a65	128007469	128036898	rev	6509	1128	3747	0	0.586957	0.023878	0.706781	-3	left	UWB_Cisp0
chr8	128039134	128046016	c4b51f3a-c2dd-453c-8f84-b583cf611941	128039129	128052403	fwd	6882	4643	1863	0.079971	0.65634	0.014787	0.719039	-3	left	UWB_Cisp0
chr8	128945389	128949089	ec44e1ec-9fff-46fe-8abf-7e3ded74c351	128942049	128963259	rev	3700	1437	2005	0.002398	0.690647	0.037383	0.66729	-3	left	UWB_Cisp0
chr8	131307576	131314516	2d8c1f49-0b03-4da4-828f-a2177975c60b	131307572	131315174	fwd	6940	2567	3931	0.018868	0.416546	0.039413	0.808346	-3	left	UWB_Cisp0
chr8	131739460	131748270	6acf86d9-b611-40c1-916c-9dd09eaa4fa9	131739454	131750923	rev	8810	4639	3918	0.016722	0.714883	0.028723	0.9	-3	left	UWB_Cisp0
chr8	132614173	132619593	641e3ae0-00ea-4eef-882d-2ca8b846e506	132611512	132619599	fwd	5420	1531	3538	0.00627	0.852665	0.064619	0.681144	-3	left	UWB_Cisp0
chr8	137649217	137656814	4fd8e060-c4df-49b0-b4a7-62bd14a4e4e8	137649206	137659952	rev	7597	2475	4868	0.026582	0.665823	0.043595	0.699531	-3	left	UWB_Cisp0
chr8	139123870	139135436	226f1ff5-f8b8-46cf-8adf-3d2627d6640a	139120375	139141759	rev	11566	2234	6702	0.036728	0.63773	0.00625	0.867045	-3	left	UWB_Cisp0
chr8	145009637	145019299	81eed329-0376-41dd-b3c1-66c1e0a81c20	145009632	145020050	rev	9662	2668	5640	0.017964	0.644711	0.033489	0.825545	-3	left	UWB_Cisp0
chr9	742996	754455	9ba89c57-4fd4-4071-9648-3b4afda3caff	739931	754937	rev	11459	3825	6622	0.053159	0.772317	0.066983	0.810314	-3	left	UWB_Cisp0
chr9	3775216	3782795	19e8dc0c-c46f-4ac6-b4b4-5534dcad9dc6	3775210	3793774	rev	7579	1102	5407	0.019608	0.470588	0.010863	0.807668	-3	left	UWB_Cisp0
chr9	20249154	20253775	8f03b2aa-894a-43a8-abbd-26d1ed5c17e5	20245006	20262413	rev	4621	1427	2910	0	0.628342	0.001124	0.823596	-3	left	UWB_Cisp0
chr9	31794428	31799968	f4340fdf-8d8e-43ab-88c0-f275c1773d48	31784863	31803611	fwd	5540	1071	3320	0	0.485401	0.003222	0.847476	0.186927	left	UWB_Cisp0
chr9	33381938	33389324	474cd03b-085e-4ca3-abd5-ea13ea8d0254	33379710	33405332	fwd	7386	2184	3785	0.005545	0.321627	0.005682	0.422727	-3	left	UWB_Cisp0
chr9	34689604	34694397	e34cd9c6-80e2-4b0c-83b0-bfa0c08f72bd	34689598	34701512	fwd	4793	2459	2052	0.022069	0.594483	0.036638	0.663793	-3	left	UWB_Cisp0
chr9	75831498	75839130	44f48335-2c29-404f-8fa9-5b493be659bd	75822232	75839140	rev	7632	2686	4164	0.033382	0.669086	0.003717	0.900372	0.215216	left	UWB_Cisp0
chr9	80519550	80526786	a59357ed-84cb-4e9e-bd08-f7343dfb5485	80519545	80529834	fwd	7236	2260	3706	0.001898	0.8463	0.010582	0.833333	-3	left	UWB_Cisp0
chr9	80743637	80756325	a00e4e12-e098-4d2d-bbe1-94c843067aed	80743632	80758149	fwd	12688	1510	10202	0	0.535019	0.001151	0.869678	-3	left	UWB_Cisp0
chr9	89987392	89993780	676c2e85-eb5f-4f99-bc3a-87763e1a3890	89987387	90000539	fwd	6388	1293	4861	0	0.512465	0.023307	0.739257	-3	left	UWB_Cisp0
chr9	121100506	121104972	fe302b22-497a-4984-a268-fb95f21e9e51	121099936	121104976	rev	4466	1064	3116	0	0.842105	0.027353	0.835076	-3	left	UWB_Cisp0
chr9	130594638	130601152	dd42bbeb-a2be-417f-b852-46e08e80ba11	130594124	130613166	rev	6514	1001	5225	0	0.399209	0.011586	0.654598	-3	left	UWB_Cisp0
chr9	133021693	133028125	5e10353b-60e0-46f5-8c2d-678e2212dcc0	133021417	133045831	fwd	6432	1694	3570	0.002381	0.521429	0.038168	0.632316	-3	left	UWB_Cisp0
chr9	133371171	133378262	d1105790-fb24-40d4-95bd-a6435e6d978c	133367891	133378490	fwd	7091	3092	2589	0	0.695575	0.086486	0.533333	-3	left	UWB_Cisp0
chr9	133476987	133481323	48dad958-a54f-45e6-9484-dd7e6b9ff7a4	133476980	133485318	rev	4336	2437	1666	0.019493	0.769981	0.018519	0.811728	-3	left	UWB_Cisp0
chrX	6431961	6439658	87b957e2-b33f-47f0-9d91-64f3beafb493	6418770	6443390	rev	7697	3559	3902	0	0.733711	0.085692	0.690252	0.296637	left	UWB_Cisp0
chrX	10562661	10568722	b8b1be77-5618-4805-bd27-bc878d539514	10562649	10589093	rev	6061	3796	1874	0	0.508244	0.017945	0.768352	-3	left	UWB_Cisp0
chrX	12461103	12467680	e8aebb3c-00e4-417f-bda7-c15db2c3e54d	12461099	12473971	fwd	6577	3803	2488	0.001919	0.706334	0.003021	0.820242	-3	left	UWB_Cisp0
chrX	14732201	14738089	39948efd-e3a8-4e6d-b371-8c5dd213358c	14732195	14744178	rev	5888	4410	1203	0.042086	0.563586	0.055336	0.644269	-3	left	UWB_Cisp0
chrX	15327321	15329673	43c49547-5892-418d-82f0-fdc05b07a350	15324912	15335898	fwd	2352	1430	580	0	0.482323	0	0.69281	-1	left	UWB_Cisp0
chrX	21585634	21592145	768b645e-c0d1-418e-b13c-b437a79ca9e6	21575361	21604749	rev	6511	1230	4995	0.016216	0.627027	0.020492	0.769906	0.760952	left	UWB_Cisp0
chrX	24970989	24975869	9501a0f3-2b81-498b-af8d-342d327f1c3d	24970984	24980171	rev	4880	2642	1801	0.004115	0.790123	0.058824	0.797386	-3	left	UWB_Cisp0
chrX	26573145	26580037	656f2ac0-bea0-4a92-9a0c-d76d0677fcd8	26573140	26585466	fwd	6892	3733	2799	0.019078	0.704293	0.045567	0.793103	-3	left	UWB_Cisp0
chrX	26892351	26901543	20a83811-be5b-45ec-9277-f58cde4ef5de	26889572	26905236	fwd	9192	1565	7372	0.007264	0.605327	0.020089	0.698661	-3	left	UWB_Cisp0
chrX	39278814	39289760	f17639a8-101e-4628-a86f-25b95f9eac60	39278801	39289765	fwd	10946	2351	8284	0.006957	0.944348	0.065811	0.800963	-3	left	UWB_Cisp0
chrX	40975902	40982791	9e6c9df1-38c3-4463-a78b-60ef46518360	40972462	40983992	fwd	6889	2225	3560	0.025	0.586364	0.04111	0.723535	-3	left	UWB_Cisp0
chrX	42346546	42358030	8f4a62df-fc30-4590-9c52-3391591f4cb6	42327866	42361399	rev	11484	1961	8837	0.035484	0.619355	0.003069	0.628672	0.450992	left	UWB_Cisp0
chrX	42963370	42967882	89cd4fc9-0ceb-4280-a43c-8a039508aefe	42962185	42977001	rev	4512	1212	2907	0	0.520115	0.051819	0.546858	-3	left	UWB_Cisp0
chrX	48342410	48346659	a720983d-2787-4b2c-8654-9e81ca579447	48341803	48350330	rev	4249	1694	2285	0	0.518797	0.059633	0.727829	-3	left	UWB_Cisp0
chrX	70451635	70463602	4b45f5fe-613d-468e-b332-dc74e455d7d8	70451629	70464446	fwd	11967	1073	7650	0	0.26178	0.026838	0.585078	-3	left	UWB_Cisp0
chrX	84745333	84752182	4e4b4ad4-131b-4692-b95b-fa6c7fe1852f	84742316	84753007	fwd	6849	2321	4120	0.045161	0.737097	0.016863	0.737774	-3	left	UWB_Cisp0
chrX	95108129	95118300	eaaa2ec4-a952-434d-adaf-613c2864d1d4	95107391	95123661	fwd	10171	3228	6502	0.009195	0.568582	0.065982	0.821603	-3	left	UWB_Cisp0
chrX	95225397	95232538	fb1ad293-e056-4268-8d21-160783bf64dc	95225383	95239635	rev	7141	2822	3985	0.039572	0.673797	0.022179	0.854534	-3	left	UWB_Cisp0
chrX	106403080	106412194	f29ca166-3c7c-44cd-a89d-9d079648a352	106403072	106412200	rev	9114	4369	4354	0.073379	0.765074	0.033532	0.766021	-3	left	UWB_Cisp0
chrX	108891677	108895360	8f5c458a-06be-4dd0-9558-fde30555bf46	108891673	108901330	fwd	3683	1369	2102	0.029197	0.525547	0.021703	0.649416	-3	left	UWB_Cisp0
chrX	114180044	114184069	5c267637-9601-4d2f-b848-72334a973634	114172751	114185106	rev	4025	1353	2400	0	0.65942	0	0.898172	-3	left	UWB_Cisp0
chrX	117795306	117803061	bc5e39de-ca58-40f6-a354-dc2c51068089	117795301	117805369	fwd	7755	1779	5659	0	0.638938	0.053729	0.829962	-3	left	UWB_Cisp0
chrX	118474403	118484231	ee4c1b9f-8dd3-41dc-a4bd-1bf1f7ef613b	118471150	118486011	rev	9828	2840	6518	0.043682	0.689548	0.064648	0.803145	-3	left	UWB_Cisp0
chrX	119353928	119365955	69dfc351-d188-47d8-a237-f0b36bb30865	119353731	119365959	rev	12027	4098	7395	0.009083	0.877384	0.007559	0.914184	-3	left	UWB_Cisp0
chrX	121514511	121523474	3ef85c42-288e-421a-81c0-5a897468d8ae	121514504	121528173	rev	8963	3636	4848	0	0.591653	0.03186	0.828349	-3	left	UWB_Cisp0
chrX	129821591	129826930	bd280fb8-94d5-49fd-a0cd-4254ec0b218c	129819684	129832002	rev	5339	1660	3359	0.007648	0.669216	0.019943	0.646724	-3	left	UWB_Cisp0
chrX	131804654	131809058	c3411398-de07-42a3-bcde-1da1182f2c19	131804650	131816858	fwd	4404	2151	1724	0.039002	0.595944	0.052288	0.636166	-3	left	UWB_Cisp0
chrX	136059546	136072452	c7c7a98a-b369-4832-a69d-446805ed3b7a	136059537	136079922	rev	12906	4025	7989	0.008897	0.579181	0.016463	0.819437	-3	left	UWB_Cisp0
chrX	143443089	143446584	fbc59981-9749-45cc-9d58-8afa5cc9390c	143443080	143455208	fwd	3495	1281	1899	0.009238	0.496536	0.012567	0.696589	-3	left	UWB_Cisp0
chrX	146255767	146261755	65e756c5-7fcf-4197-a9b2-dc0ac1973cf9	146255762	146267828	rev	5988	2385	3153	0	0.320567	0.005313	0.731137	-3	left	UWB_Cisp0
chrX	148992394	148998684	4bf87dad-a916-45aa-9fb0-600147a29c53	148992385	148998689	rev	6290	4181	1874	0.004344	0.886186	0.015414	0.926782	-3	left	UWB_Cisp0
chrX	152664445	152672903	53e9b073-0dfe-4d7b-a935-8efeb10f019b	152664430	152684302	fwd	8458	4798	3378	0.037007	0.621078	0.043571	0.793836	-3	left	UWB_Cisp0
chrX	154234089	154240579	2bceef93-9bc4-4a50-94b6-295a53b05531	154229463	154242598	rev	6490	1575	4652	0.022222	0.648889	0.044857	0.805104	-3	left	UWB_Cisp0
chrX	155499459	155510523	78b6d83c-aefb-44b2-abce-a798ba894153	155495164	155510566	fwd	11064	1818	8910	0.028021	0.637478	0.007542	0.860692	-3	left	UWB_Cisp0
chrY	56826670	56832405	7edce047-d69b-4bbf-a580-a92e40a2f1ce	56825767	56834834	fwd	5735	3704	1396	0.057881	0.398041	0.032407	0.576389	-3	left	UWB_Cisp0
chr1	1948520	1954399	30827f43-ebcb-4f61-bb5f-c4cd62d26b5e	1940825	1965848	rev	5879	2163	1143	0	0.882857	0.108626	0.741214	0.404791	right	UWB_Cisp0
chr1	3565363	3570539	eb7c1027-b387-43c3-b648-b1d6621c324f	3554855	3570546	fwd	5176	2219	1137	0	0.347701	0	0.781818	-3	right	UWB_Cisp0
chr1	4674234	4682999	9956ba23-95c2-4197-abf5-b5c1d28f8fea	4655644	4683003	rev	8765	1743	6304	0	0.486264	0.009079	0.692607	-3	right	UWB_Cisp0
chr1	9124866	9130845	05673ca0-a8ff-41f9-be90-06202eac6456	9120528	9136485	rev	5979	2137	3618	0	0.771154	0.004093	0.776262	-3	right	UWB_Cisp0
chr1	9894254	9899501	ad036908-26c9-4088-819f-a7646129c2c3	9887986	9899507	fwd	5247	1193	1937	0	0.317784	0	0.70615	-3	right	UWB_Cisp0
chr1	12750638	12757722	a333dbd0-11df-43fc-8930-f00a4c517270	12742533	12760490	fwd	7084	2137	4689	0	0.697917	0.019178	0.63105	-3	right	UWB_Cisp0
chr1	17194937	17201905	0fffec3f-a556-4ce2-8f26-4f5008106f99	17188393	17201918	fwd	6968	1289	2483	0.006557	0.678689	0.009302	0.906977	-3	right	UWB_Cisp0
chr1	19377778	19381366	d5783650-6716-4556-be14-76e89b0eb4ee	19377767	19388115	rev	3588	1158	2033	0.13986	0.688811	0.022099	0.72744	-3	right	UWB_Cisp0
chr1	21924427	21931222	2638d467-8deb-4015-b2b0-b1d31aa3877a	21923823	21937725	fwd	6795	2133	4219	0.002123	0.503185	0.012959	0.583153	-3	right	UWB_Cisp0
chr1	24918280	24923191	bef8507c-d3ca-4372-ae56-d42349a49949	24912388	24924607	fwd	4911	3028	1658	0.001264	0.604298	0.008889	0.795556	-3	right	UWB_Cisp0
chr1	27229593	27232988	ad694848-2e5b-4cbb-8fe9-ea6f4c7e8abc	27226197	27236703	fwd	3395	1239	1413	0.037037	0.57265	0.071429	0.729167	-1	right	UWB_Cisp0
chr1	31653163	31663743	22f9b7bf-4ad8-42c5-9511-d63f468a2af6	31651966	31663751	fwd	10580	3961	4678	0.020948	0.673649	0.012862	0.784566	-3	right	UWB_Cisp0
chr1	31817991	31830270	f3862a55-ad71-4fa7-80ff-c82a3d67e955	31817986	31830278	rev	12279	2976	8867	0.061898	0.668501	0.048964	0.811676	-3	right	UWB_Cisp0
chr1	35766611	35777714	b98d5e90-d82b-4d6e-a565-4b6e1c2e959b	35766603	35777720	rev	11103	3176	6453	0	0.910319	0.040392	0.86382	-3	right	UWB_Cisp0
chr1	46616550	46622114	9bbfdba5-ecf2-4d8c-a33c-560be0d31dda	46614375	46629538	rev	5564	2946	2302	0.002861	0.705293	0	0.760748	-3	right	UWB_Cisp0
chr1	47316968	47320836	9d3aa54a-4d67-4902-83ab-cec837a61b52	47313289	47320842	fwd	3868	914	2626	0.050847	0.639831	0.008969	0.90583	-3	right	UWB_Cisp0
chr1	59033629	59038681	a7559af9-b60e-462a-8f3d-dae90a0cf91a	59032403	59042271	rev	5052	1066	3668	0	0.369963	0	0.788276	-3	right	UWB_Cisp0
chr1	59095595	59103593	9c11c9d7-79cb-4000-8465-b60eecf5a55b	59095587	59114514	rev	7998	3484	4233	0.01606	0.70985	0.031513	0.790616	0.334793	right	UWB_Cisp0
chr1	70516956	70525116	ebc1959f-100f-4f74-8400-d99629af95b6	70515576	70535828	fwd	8160	2042	5690	0.003846	0.686538	0.061073	0.627854	0.41685	right	UWB_Cisp0
chr1	72588902	72596343	b652eaaf-5fd1-472a-ac45-6515e2a431d1	72586663	72596351	rev	7441	2623	4389	0.004768	0.705602	0.047518	0.843972	-3	right	UWB_Cisp0
chr1	73057252	73063823	620cc81f-ca45-4385-ae36-cc4bb05589b9	73057246	73063828	rev	6571	3606	2600	0	0.757692	0.064067	0.735376	-3	right	UWB_Cisp0
chr1	73936021	73939346	b51008db-9b55-43ac-8052-8e44b6a8841e	73934013	73961474	fwd	3325	2454	596	0.004724	0.685039	0	0.766082	-1	right	UWB_Cisp0
chr1	74717944	74722988	794d48e6-e95d-4489-aace-01b3294bb230	74711562	74722994	rev	5044	2282	2097	0.066667	0.493651	0.061813	0.70467	-3	right	UWB_Cisp0
chr1	84726550	84733028	8b53f1ec-4754-4100-8bb6-408b8c6be6a3	84725387	84733033	fwd	6478	1652	4569	0	0.666048	0.022831	0.81621	-3	right	UWB_Cisp0
chr1	87951502	87960608	3bebac84-f008-48a8-94d3-9a01a54a9983	87951489	87961821	rev	9106	1225	4906	0.045455	0.514205	0.01294	0.909418	-3	right	UWB_Cisp0
chr1	93713332	93725031	0bba8cbb-3f45-4b15-9bdc-8dd5d4f29585	93712195	93725039	fwd	11699	4490	6851	0.00823	0.706173	0.059072	0.746233	-3	right	UWB_Cisp0
chr1	95827148	95834932	9b0ff3f5-5637-4092-bf95-8de766516516	95825140	95837660	rev	7784	3001	1096	0.001217	0.8382	0.003344	0.963211	-3	right	UWB_Cisp0
chr1	100445821	100452424	0ef31fdc-a7a4-43a6-a8c5-81fb789280de	100438162	100452428	rev	6603	2250	3833	0.00678	0.649153	0.054721	0.700644	-3	right	UWB_Cisp0
chr1	103352042	103359570	b1b3a30c-f4c7-4e7f-91bf-b70f37ad2987	103352038	103360503	fwd	7528	1985	5027	0.034711	0.421488	0.004464	0.824107	-3	right	UWB_Cisp0
chr1	105308727	105315728	ab091cc8-9f1f-4672-9822-933e1dcc8efb	105308720	105318255	rev	7001	3317	2615	0.000979	0.602351	0.001112	0.939933	-3	right	UWB_Cisp0
chr1	110593862	110598814	667d69b7-d7f5-4c8d-aec2-fdab5362ac06	110591885	110600240	fwd	4952	3094	1585	0.001297	0.774319	0.00295	0.79351	-3	right	UWB_Cisp0
chr1	112054381	112063502	01746e2a-d7f1-434b-9851-c5b1db986905	112051672	112068335	rev	9121	4236	4335	0	0.492308	0.027703	0.725648	-3	right	UWB_Cisp0
chr1	117329605	117340911	42ca0d75-a2ff-4570-90e8-4f713c753489	117324450	117341986	rev	11306	2409	6646	0.002981	0.877794	0.059462	0.779731	-3	right	UWB_Cisp0
chr1	118031792	118037416	972ed3f8-d887-42d7-b639-c09e2590f520	118030916	118037431	rev	5624	3563	1739	0.010721	0.761209	0	0.878182	-3	right	UWB_Cisp0
chr1	120520460	120527497	f948219e-258a-466e-9bbf-c2d4479467c0	120520452	120529375	rev	7037	2198	1779	0.001572	0.84434	0	0.969112	-3	right	UWB_Cisp0
chr1	120904330	120909686	5bc50896-0298-4a54-ba7a-57c0477a3a96	120897416	120909693	fwd	5356	2453	2614	0.037293	0.691989	0.066434	0.703963	-3	right	UWB_Cisp0
chr1	143213478	143222723	28f1b9da-42ea-49c9-a662-bdf92093134d	143213470	143223517	rev	9245	1994	6331	0.007853	0.734293	0	0.775305	-3	right	UWB_Cisp0
chr1	143223666	143229966	b1ef99c6-24cd-4242-a6da-5f3af529d48d	143217189	143241026	fwd	6300	3699	2596	0	0.125	0	0.375887	-3	right	UWB_Cisp0
chr1	147790855	147797914	0c47f536-bd01-47a1-b1a5-67533db0e491	147785890	147803850	fwd	7059	1603	4810	0.025641	0.571096	0.057014	0.666917	-3	right	UWB_Cisp0
chr1	148281029	148288086	dfb945fb-9d04-4a26-82b5-8df20c2bfbdc	148273643	148300913	fwd	7057	1699	4850	0.034392	0.568783	0.064291	0.719776	-3	right	UWB_Cisp0
chr1	151773225	151779746	28d08b6a-a08e-4370-81cb-dbac0740aad9	151769153	151779753	fwd	6521	4212	1634	0.022265	0.550823	0.03178	0.707627	-3	right	UWB_Cisp0
chr1	152641360	152648120	3c2104b2-ede0-4f6a-874e-da20ec436248	152633344	152648157	rev	6760	3025	2727	0	0.85	0.008863	0.837518	-3	right	UWB_Cisp0
chr1	154222860	154228288	d4c2dfc2-fec0-4ee4-9da2-a2aeaaf90380	154216450	154228476	rev	5428	2541	2510	0.029851	0.598372	0.044014	0.71831	-3	right	UWB_Cisp0
chr1	157072668	157082088	4bb02dbc-be70-4774-9e77-55c313a7da64	157070998	157082709	fwd	9420	1234	6887	0	0.390335	0.029337	0.652504	-3	right	UWB_Cisp0
chr1	160651014	160662514	40c8b600-ab59-4501-b2e7-515eda6f18ee	160650755	160662522	fwd	11500	3949	6568	0.021717	0.724922	0.025241	0.87196	-3	right	UWB_Cisp0
chr1	164666724	164670305	4436ee20-2ef5-49bc-8ae0-7c55b3082ef0	164656841	164674319	rev	3581	1255	2082	0	0.438953	0.03913	0.602174	-3	right	UWB_Cisp0
chr1	165290896	165297630	a6445869-4ec3-499a-ac14-24650deaf7b9	165286000	165297644	fwd	6734	3718	2724	0.003279	0.762842	0.055866	0.747207	-3	right	UWB_Cisp0
chr1	166459782	166468187	e96c1362-1910-4087-afec-2c4b29e7501b	166458803	166468999	rev	8405	2761	4853	0.035831	0.752443	0.003569	0.940757	-3	right	UWB_Cisp0
chr1	169893437	169900521	469b482b-fa3c-4194-b070-4e326015fbd7	169892308	169900525	rev	7084	2149	4569	0.00369	0.828413	0.035103	0.855308	-3	right	UWB_Cisp0
chr1	170001894	170010656	574110e6-a0e1-4116-add3-9f03fd453a9a	169999722	170010660	rev	8762	4848	3621	0	0.645608	0.045685	0.729514	-3	right	UWB_Cisp0
chr1	170855999	170863406	19897918-ae68-43c1-a51a-e9dd5b6dacaa	170854367	170863412	fwd	7407	2837	4286	0.003606	0.774038	0.005367	0.859571	-3	right	UWB_Cisp0
chr1	178658053	178666781	4f5f70cc-fd75-406b-ba86-b28b94b71184	178658045	178673532	fwd	8728	2147	5929	0	0.690878	0.003213	0.863111	-3	right	UWB_Cisp0
chr1	179097017	179101147	97393bea-f8db-4a30-8456-2aed4ac57537	179096209	179108155	rev	4130	1023	2757	0	0.438406	0.006188	0.767327	-3	right	UWB_Cisp0
chr1	179915382	179919898	40bb3b9b-905a-44af-9dba-bd0a7b136bcb	179913261	179919902	rev	4516	2704	1524	0.039591	0.644955	0.052009	0.801418	-3	right	UWB_Cisp0
chr1	180064348	180069815	4d438b8c-b06e-4789-9f09-1b350d1d00c1	180059543	180069820	rev	5467	3813	1311	0.020391	0.497876	0	0.781176	-3	right	UWB_Cisp0
chr1	180612576	180617887	7bae67aa-efd5-43de-8994-33968236292f	180604768	180617893	fwd	5311	2018	1937	0	0.500739	0.007921	0.669307	-3	right	UWB_Cisp0
chr1	185768847	185772914	be269848-c946-464c-ad90-8b9917a64882	185767036	185772923	rev	4067	1236	2484	0	0.584239	0.016416	0.852257	-3	right	UWB_Cisp0
chr1	188768824	188777884	c7d7bcfd-2802-4119-90d3-7a7fd07828c8	188768815	188778932	rev	9060	2238	6528	0.094576	0.628651	0.031972	0.824156	-3	right	UWB_Cisp0
chr1	189975475	189981022	b57ac32a-bcdf-4cab-8143-20939d0dfcb2	189965607	189984428	rev	5547	1951	3340	0.023622	0.537402	0.004994	0.761548	-3	right	UWB_Cisp0
chr1	193537175	193539355	58600f1b-83e5-414d-aedd-f9c65732765a	193532846	193545572	fwd	2180	882	971	0	0.801498	0.026012	0.771676	-1	right	UWB_Cisp0
chr1	194494137	194501992	9b8a3f66-9285-4f25-94f9-9cb6072f0f8a	194492851	194504068	fwd	7855	3490	2353	0.014056	0.676707	0.001328	0.903054	-3	right	UWB_Cisp0
chr1	195644813	195649393	cef3b354-bd36-41e3-b8e5-490329afb00f	195644128	195649399	rev	4580	1821	2390	0.01461	0.550325	0.023774	0.82318	-3	right	UWB_Cisp0
chr1	205772147	205786294	5aeacedb-19a4-45b5-948e-6d371c7caf39	205756664	205787597	rev	14147	4396	9457	0	0.757273	0.068552	0.627678	-3	right	UWB_Cisp0
chr1	208166043	208179406	d989248d-95cd-4c9b-b54d-daf9ab9a3e80	208163401	208181352	rev	13363	2241	8332	0.00318	0.63275	0.017824	0.906191	-3	right	UWB_Cisp0
chr1	212615154	212625139	718e669b-ce32-4b9a-9049-3386ed4c3fcc	212611755	212626939	fwd	9985	3260	4371	0.081967	0.552333	0.005	0.9275	-3	right	UWB_Cisp0
chr1	213639227	213647779	eeca7b18-72b7-4b28-84c9-f461a9f7b158	213639219	213651425	rev	8552	1190	6488	0.092593	0.818519	0.011396	0.877493	-3	right	UWB_Cisp0
chr1	213690354	213696071	5083edf3-5278-4a92-914d-eb337f3083c4	213680519	213696077	rev	5717	541	4909	0	0.834646	0.014937	0.909591	-3	right	UWB_Cisp0
chr1	215715191	215721964	4405329f-675c-4819-afab-d627d94b824c	215715187	215721975	fwd	6773	3366	2020	0.129524	0.642857	0.087786	0.814885	-3	right	UWB_Cisp0
chr1	219374164	219379071	91438609-cda7-42e3-909c-0dd0b20c2657	219369374	219379075	rev	4907	1730	2953	0.001992	0.635458	0	0.857561	-3	right	UWB_Cisp0
chr1	221955755	221964981	1990872b-8b1d-4304-bf06-aca76cbc5d2f	221954357	221964989	rev	9226	4735	4113	0.030247	0.761728	0.08092	0.720613	-3	right	UWB_Cisp0
chr1	225821139	225826961	33fcfab9-c9ea-4b5f-9f8a-88d178adee72	225814588	225827007	rev	5822	2628	1830	0	0.754331	0.033981	0.633495	-3	right	UWB_Cisp0
chr1	230033452	230036533	b3f335a3-a8f0-4680-8884-8f49278df4a5	230021383	230036538	fwd	3081	1200	1459	0	0.382436	0.016575	0.788214	-3	right	UWB_Cisp0
chr1	230108497	230111483	73d77209-776a-48a7-8c65-d55cd20e58d3	230094201	230115473	rev	2986	1582	1145	0.005195	0.535065	0	0.742308	-3	right	UWB_Cisp0
chr1	230125150	230132275	8e9c4a58-d14e-49d5-8736-d1f1f23f2d2a	230122906	230132282	fwd	7125	4685	2048	0.00081	0.575709	0.044898	0.720408	-3	right	UWB_Cisp0
chr1	234014600	234023787	2325a8b1-08a5-46f5-9aa0-2782508ace99	234011815	234023799	fwd	9187	4580	4381	0.044156	0.680519	0.044389	0.755444	-3	right	UWB_Cisp0
chr1	242288416	242300192	9bae1d08-03ce-4825-9059-13eb4b567688	242285542	242312905	rev	11776	4785	6712	0.031228	0.722498	0.014803	0.896382	0.107709	right	UWB_Cisp0
chr1	245114070	245118742	8147f1ab-553b-4acd-b176-f5495a8f6806	245106714	245118746	rev	4672	2849	1428	0	0.347889	0.013333	0.733333	-3	right	UWB_Cisp0
chr1	246110322	246120962	448137e3-6b6c-4d23-80eb-97133dd2b651	246110316	246120966	rev	10640	1890	8163	0.043137	0.929412	0.082265	0.788756	-3	right	UWB_Cisp0
chr1	247249231	247257547	6c3e16b7-6b6c-4dec-938b-b0249120b9d8	247249217	247260293	rev	8316	2501	3265	0.093156	0.844106	0.023204	0.921547	-3	right	UWB_Cisp0
chr10	10098958	10110185	c2a0fb39-4779-4854-bbfd-842faf9f4261	10094612	10110191	fwd	11227	1622	9369	0	0.516129	0.033385	0.782997	-3	right	UWB_Cisp0
chr10	22397738	22414768	0f80ffdf-5173-41d7-9f4f-d40c2a6fde2a	22394969	22419141	rev	17030	3923	11085	0.006494	0.732955	0.038301	0.709898	-3	right	UWB_Cisp0
chr10	30767671	30773797	ca11a67c-5c26-49d5-b04d-a478b8977dff	30765072	30773802	fwd	6126	4375	1406	0.000896	0.527778	0.044776	0.779851	-3	right	UWB_Cisp0
chr10	32429745	32437389	3f86607b-c25f-4899-934c-e4f92cf0235f	32429112	32437395	rev	7644	2720	3422	0.001433	0.445559	0.046137	0.711373	-3	right	UWB_Cisp0
chr10	32611481	32620983	622192fb-8fce-4ea1-b823-fa51fb12dd69	32611473	32621628	rev	9502	1795	3992	0.013441	0.884409	0	0.91911	-3	right	UWB_Cisp0
chr10	33851421	33869561	36520573-0e12-4215-b448-8d8063dc8b88	33828425	33870132	fwd	18140	1422	14763	0.042105	0.754386	0.013053	0.87503	-3	right	UWB_Cisp0
chr10	34278174	34288440	2f7d68da-c8b6-455a-b241-e429693cb61a	34278168	34290883	fwd	10266	2651	7373	0.001359	0.764946	0.044118	0.744118	-3	right	UWB_Cisp0
chr10	41871321	41876872	c2e693dc-b7d2-42f7-ba08-de50941dbef2	41842917	41878211	fwd	5551	1456	1579	0.171053	0.429825	0	0.509009	-3	right	UWB_Cisp0
chr10	41871706	41875063	42a21ae2-7697-433e-950c-ad0cd9f9a914	41862729	41880440	fwd	3357	1137	560	0.085366	0.439024	0.032967	0.494505	-1	right	UWB_Cisp0
chr10	41865288	41877995	63aaac36-cb12-4f29-969e-acd347167ebd	41862870	41879297	fwd	12707	11032	1178	0.060606	0.434692	0.004717	0.566038	-3	right	UWB_Cisp0
chr10	41869602	41876710	cf1a7980-23b2-4ad1-aebe-d0dccd3a81c1	41867290	41883450	fwd	7108	6041	714	0.176862	0.37367	0	0.595745	-1	right	UWB_Cisp0
chr10	41888182	41890852	08fd7e0f-fda5-4fd3-a9cb-acec9cdb1788	41879298	41894375	fwd	2670	1035	1005	0.039216	0.509804	0.037736	0.528302	-3	right	UWB_Cisp0
chr10	41886271	41892605	71c13899-03e0-4802-b672-7eeee4c4fc79	41883621	41898023	fwd	6334	827	2353	0	0.135135	0.034682	0.557803	-3	right	UWB_Cisp0
chr10	41884049	41889482	6139130c-6a9a-4ee4-b8a1-b50d93cc4d4a	41883793	41905515	fwd	5433	1396	1155	0.022857	0.508571	0	0.184211	-3	right	UWB_Cisp0
chr10	41888317	41894870	5f518075-7a9f-4302-9000-3988f697b85a	41887180	41916265	fwd	6553	2161	1065	0.051136	0.428977	0	0.460317	-1	right	UWB_Cisp0
chr10	41899411	41907529	7d6ea512-96db-4bb7-bf87-734b58938dbb	41898670	41909054	fwd	8118	2563	1603	0.020595	0.414188	0.04811	0.536082	-3	right	UWB_Cisp0
chr10	41903288	41907379	6715e6cd-a4a2-4491-bdd9-c905ea718a48	41899829	41915786	fwd	4091	1379	1393	0.063025	0.298319	0.027778	0.47619	-3	right	UWB_Cisp0
chr10	46379182	46384759	de779b6d-fe53-4eee-837e-3b9e4950a58a	46374341	46385703	fwd	5577	1132	3234	0.068966	0.530172	0.082822	0.587423	-3	right	UWB_Cisp0
chr10	59827030	59831633	cc5956d5-6be6-40ed-bb34-f1c89ba4ef79	59826994	59835726	rev	4603	1482	2884	0.068762	0.534381	0.025668	0.722995	-3	right	UWB_Cisp0
chr10	61080798	61088642	39878429-8455-4b5c-87ba-d11d21a67fd9	61079579	61089238	rev	7844	1905	4970	0.032787	0.59745	0.036406	0.808675	-3	right	UWB_Cisp0
chr10	69075166	69080842	4e492922-999e-4cfa-9f85-e41b750ab6c2	69075159	69084482	fwd	5676	3688	1592	0	0.77106	0.047354	0.545961	-3	right	UWB_Cisp0
chr10	70445046	70450583	e558cf3b-af53-4384-b5cc-9e579477f838	70439679	70450589	fwd	5537	2005	3173	0.031895	0.452158	0.01	0.72875	-3	right	UWB_Cisp0
chr10	70487023	70493430	fd4490aa-10fe-4dab-b62d-bba06c26b681	70487012	70494539	fwd	6407	1851	4284	0.029304	0.840659	0.056038	0.811365	-3	right	UWB_Cisp0
chr10	70794900	70799122	6926e336-0baf-411e-b3e7-f94c2a173995	70750975	70800108	fwd	4222	2601	1210	0.019934	0.48505	0.00361	0.707581	-3	right	UWB_Cisp0
chr10	75572453	75579523	63241c50-fd27-4556-83d3-d1096dd1fb44	75569876	75579712	rev	7070	1758	5093	0	0.599068	0.000596	0.878427	-3	right	UWB_Cisp0
chr10	77931433	77937169	e81cdd64-f185-45d1-8017-adf4d9cf0a79	77930976	77947738	rev	5736	1797	3607	0	0.535874	0.003043	0.68357	-3	right	UWB_Cisp0
chr10	83445670	83451004	0e8a019c-d727-4d42-a730-d2b7c1931299	83445665	83451011	rev	5334	1562	3522	0.006897	0.586207	0.02251	0.887449	-3	right	UWB_Cisp0
chr10	93715145	93724184	964c37d1-eeb9-44c8-87e5-e0ee47d57fc3	93706986	93739495	rev	9039	1033	7608	0.030075	0.545113	0.053113	0.586852	0.498761	right	UWB_Cisp0
chr10	95727877	95732014	b0878535-928c-404b-a82a-2c23d00654bc	95722517	95732021	fwd	4137	1985	1834	0	0.573596	0.048825	0.755877	-3	right	UWB_Cisp0
chr10	97481687	97488882	129cd66e-2d0e-4068-abfc-aebe5e700607	97478456	97490464	rev	7195	2372	3654	0.001456	0.462882	0.023915	0.800709	-3	right	UWB_Cisp0
chr10	100457811	100462314	fb2bedf3-5631-49db-95ae-19949e6e9167	100454679	100462319	fwd	4503	1468	2466	0.02349	0.449664	0.00639	0.71246	-3	right	UWB_Cisp0
chr10	103390430	103396316	add616ba-a580-4494-b159-8badfbcb8e22	103376586	103400987	fwd	5886	2968	1814	0.011749	0.523499	0.058036	0.533482	-3	right	UWB_Cisp0
chr10	120059421	120068664	2f62f40d-2771-4662-9690-36bdb53ea361	120059412	120068668	rev	9243	4476	4418	0.01479	0.760887	0.020122	0.922135	-3	right	UWB_Cisp0
chr10	121529413	121537261	42aab0ec-c0c3-4172-a0d4-3f7534841645	121513468	121537270	fwd	7848	2257	3026	0	0.736	0.049938	0.598002	-3	right	UWB_Cisp0
chr10	125819623	125831125	df52d786-cc10-4176-8387-03ce44511671	125819454	125832740	rev	11502	2723	8542	0.001264	0.767383	0.017807	0.803187	-3	right	UWB_Cisp0
chr11	9188111	9191150	82bc7cd1-0959-424b-8c68-f272a409da99	9181543	9191159	fwd	3039	1394	1362	0	0.461774	0	0.639386	-3	right	UWB_Cisp0
chr11	14430551	14442389	9e75ab2c-2d22-46db-8c35-2ed6ea26e159	14425350	14442718	rev	11838	1482	9176	0.064626	0.615646	0.046656	0.704121	-3	right	UWB_Cisp0
chr11	19108373	19113449	8f269f39-0366-449a-aa91-01716c1eff1c	19107131	19114472	fwd	5076	1667	3002	0.035211	0.481221	0.065421	0.696262	-3	right	UWB_Cisp0
chr11	26037881	26044726	15c8692a-294f-4028-84be-647125fb8642	26035020	26044731	fwd	6845	3853	2674	0.020934	0.621578	0.048995	0.785176	-3	right	UWB_Cisp0
chr11	29689461	29699831	4cfd1b5b-177e-4e9e-a40e-aff711c49f3a	29683458	29704889	fwd	10370	4081	5943	0.027961	0.583882	0.037975	0.715612	-3	right	UWB_Cisp0
chr11	29921128	29932631	5047dfbd-e8e3-4041-9eac-5890cd776bcf	29919937	29933366	fwd	11503	1428	9813	0	0.670951	0.07469	0.804956	-3	right	UWB_Cisp0
chr11	34760539	34767996	ba3f15b6-85b3-4044-b2e7-e22fdc3464ec	34756868	34773159	rev	7457	3280	3028	0.0224	0.6272	0.089419	0.661699	-3	right	UWB_Cisp0
chr11	39749583	39754538	954d5fd8-50bb-4c0c-a907-92f06240caa3	39733968	39754543	fwd	4955	1103	3610	0.038123	0.601173	0.015504	0.720069	-3	right	UWB_Cisp0
chr11	46526800	46535717	4f4ca8e4-0342-4d73-bc51-b2f81357d048	46518223	46535722	rev	8917	4471	3938	0.007278	0.653566	0.09633	0.70367	-3	right	UWB_Cisp0
chr11	48258039	48262086	8923ba7b-b7aa-4eec-8c96-1a0dbdfb45c2	48258034	48273114	fwd	4047	1151	2626	0.049536	0.473684	0.030695	0.714055	-3	right	UWB_Cisp0
chr11	48320256	48326397	9ad68914-0235-45a9-9548-5bb0a87353b5	48317987	48326402	rev	6141	1157	4661	0.00692	0.608997	0.072754	0.755011	-3	right	UWB_Cisp0
chr11	49181511	49190223	567cd4ed-a377-462a-bbb7-1c8232ac79df	49181505	49190232	rev	8712	4228	4140	0.031496	0.760916	0.033613	0.800611	-3	right	UWB_Cisp0
chr11	58086617	58089623	67410508-90dc-43f2-a2ba-368a2b282a39	58082509	58089629	fwd	3006	1564	1172	0.045361	0.498969	0.080786	0.585153	-3	right	UWB_Cisp0
chr11	63321123	63335722	f203282f-27be-455b-9598-b3b440d5895b	63321118	63339579	fwd	14599	1310	11740	0.039683	0.710317	0.002803	0.798981	-3	right	UWB_Cisp0
chr11	66009783	66017561	6963203a-3a07-40f9-b6f7-3a98bb298a1a	66004992	66024363	rev	7778	2134	4300	0	0.310023	0.012373	0.669291	-3	right	UWB_Cisp0
chr11	71589316	71594281	bec4c142-fdc6-4fd0-8dca-f0929c219afd	71584322	71598719	rev	4965	1390	3187	0.045317	0.522659	0.010485	0.768021	-3	right	UWB_Cisp0
chr11	75473187	75483666	88ea0337-93a6-493b-bd18-c51c6c5a094c	75473179	75483676	rev	10479	4053	4940	0.060024	0.823529	0.05425	0.808318	-3	right	UWB_Cisp0
chr11	86084564	86092044	9331468d-c647-47b1-845f-a817bf5218a0	86071967	86092053	rev	7480	2889	4281	0	0.545886	0.011401	0.732085	-3	right	UWB_Cisp0
chr11	93279822	93289728	3ce6e242-d6f6-4c62-beb1-cdadca508ef3	93273921	93292747	fwd	9906	1970	3876	0.011364	0.362013	0.018667	0.768	-3	right	UWB_Cisp0
chr11	94233435	94239606	2660e01f-4c83-47b8-8066-37b8cf2b7707	94232894	94239611	fwd	6171	1046	4865	0.019465	0.56691	0.015176	0.893767	-3	right	UWB_Cisp0
chr11	106095757	106104980	196431b2-8b8f-4467-bb19-f4044f831df2	106090710	106104986	rev	9223	2919	5554	0.027304	0.622298	0.062711	0.738368	-3	right	UWB_Cisp0
chr11	112048009	112056316	aaaa9523-4f44-4716-9d39-2cd8d1dfe8f8	112028108	112057907	rev	8307	1203	4297	0	0.549407	0.000951	0.804948	-3	right	UWB_Cisp0
chr11	113101796	113110481	e516a328-bc3f-4802-9204-8c9b1de316fc	113097070	113112094	rev	8685	2256	5112	0	0.628931	0.019854	0.827929	-3	right	UWB_Cisp0
chr11	113990663	113995447	9c45880f-c9b8-4682-81a4-ca71db343d9c	113981611	113998771	rev	4784	1483	3049	0	0.486683	0	0.87971	-3	right	UWB_Cisp0
chr11	117080674	117090808	9a853eb4-c212-4b9f-954a-d957ceced918	117067726	117090812	rev	10134	1006	8578	0.018927	0.463722	0.050975	0.583208	-3	right	UWB_Cisp0
chr11	118910582	118920001	b35d87b0-f9ce-449e-98a8-652cf896da7c	118897841	118920006	rev	9419	3499	4185	0.046358	0.217219	0.061224	0.604308	-3	right	UWB_Cisp0
chr11	119124368	119127656	b5383cd1-8831-4990-a6ee-08b0b49108f2	119122196	119135698	rev	3288	1229	1771	0	0.569492	0.002188	0.814004	-3	right	UWB_Cisp0
chr11	119756463	119759352	084d1ded-3cc8-4e7a-b930-c54b68b672b6	119749893	119759360	fwd	2889	1294	1288	0	0.523649	0	0.741379	-3	right	UWB_Cisp0
chr11	123099224	123103223	96347b12-dcd8-4ea3-82d7-44423c8395aa	123091018	123104278	fwd	3999	1304	2169	0	0.463023	0.049404	0.599659	-3	right	UWB_Cisp0
chr11	123255031	123269970	3024faba-eda4-4f29-9acb-6390502d7e43	123245624	123269975	rev	14939	1112	11340	0	0.521008	0.01	0.557097	-3	right	UWB_Cisp0
chr11	125136092	125145475	ed4d0c0f-a66e-4e59-8b65-c9a98471c891	125116055	125146050	fwd	9383	2633	6304	0	0.653997	0.000643	0.566195	-3	right	UWB_Cisp0
chr11	129605260	129611977	c211f93d-3922-4f76-bea0-57a14bf1259b	129603548	129620110	rev	6717	2409	3368	0.008915	0.719168	0.045161	0.717419	-3	right	UWB_Cisp0
chr11	130290235	130300463	26993395-ce23-4b68-8146-973f5685e096	130290231	130300477	fwd	10228	1872	5335	0.025408	0.491833	0.015516	0.917766	-3	right	UWB_Cisp0
chr11	132143292	132150155	7592f780-5968-490c-9446-7baf1d7effe8	132138649	132150890	rev	6863	1419	5175	0	0.483204	0.032329	0.821455	-3	right	UWB_Cisp0
chr11	134352015	134361365	3cc44bf5-da1f-4a32-a74a-d83d9730730e	134352003	134361370	fwd	9350	1549	6347	0	0.512733	0.002363	0.828116	-3	right	UWB_Cisp0
chr12	2350312	2354941	10b5fc3f-8b8a-4470-b628-3b2757781bfe	2347441	2355296	fwd	4629	1952	2372	0.002041	0.653061	0.037807	0.765595	-3	right	UWB_Cisp0
chr12	4845632	4856297	08565d7a-dbf5-47ed-bfc9-22945f7edd66	4841100	4856302	rev	10665	2908	7467	0.00317	0.638669	0.082085	0.691625	-3	right	UWB_Cisp0
chr12	9950351	9955908	40234feb-eecc-41e2-9343-854fe22fe1b9	9950347	9957119	fwd	5557	1892	3424	0.024209	0.811918	0.024837	0.833987	-3	right	UWB_Cisp0
chr12	14801126	14806450	8114230e-f834-4141-8cff-338d1b4f66e3	14792765	14806455	fwd	5324	1382	2866	0.047511	0.368778	0.006803	0.705215	-3	right	UWB_Cisp0
chr12	14955013	14963012	e04322f2-00ab-42b2-ac22-1f25621903f3	14955002	14963026	rev	7999	1450	6320	0	0.820399	0.035368	0.894467	-3	right	UWB_Cisp0
chr12	17381814	17386768	dac2a9a3-4e01-47db-8788-2dc48e6c5cc3	17375532	17387719	rev	4954	1874	2144	0.001745	0.490401	0.060261	0.612378	-3	right	UWB_Cisp0
chr12	22608092	22613841	e44bbf0c-dc19-4164-9315-01750cf73f35	22603071	22613846	rev	5749	3129	2357	0.030336	0.693391	0.052941	0.717647	-3	right	UWB_Cisp0
chr12	26501040	26507136	9068a8e1-a85b-4ee0-8e3c-de9f672e3607	26477542	26507142	rev	6096	3346	1703	0.024322	0.46492	0.018904	0.78828	-3	right	UWB_Cisp0
chr12	33262131	33268756	c74bde07-79ed-4c3f-8380-df0a3f1498c3	33255193	33274118	rev	6625	1734	4479	0	0.592445	0.024233	0.713247	-3	right	UWB_Cisp0
chr12	37626396	37638995	3f84991f-4afb-4c01-97fe-7c7199125dc1	37626389	37640806	rev	12599	3626	6052	0.005623	0.856607	0.013144	0.882755	-3	right	UWB_Cisp0
chr12	38803015	38813645	17c9a90d-afa5-483b-81eb-83196bee525b	38803010	38815551	rev	10630	2392	7347	0.00442	0.911602	0.018466	0.843838	-3	right	UWB_Cisp0
chr12	47864055	47870992	f41b4875-ffe0-4eb6-98f9-57dba6c673f0	47857832	47871507	fwd	6937	1969	4589	0	0.582251	0.021234	0.647118	-3	right	UWB_Cisp0
chr12	48217932	48224804	fef80993-29ad-47ee-9aae-58116ae3890e	48215716	48229330	fwd	6872	1484	4501	0.004032	0.637097	0.006024	0.846051	-3	right	UWB_Cisp0
chr12	51058520	51065882	b7c22c43-442b-4d0a-a626-62b0aad979b0	51049504	51065887	fwd	7362	2652	4343	0.031564	0.539455	0.007401	0.838113	-3	right	UWB_Cisp0
chr12	51316148	51326188	039b5d7a-c2b6-4491-8acc-d0db25ec223e	51316109	51327345	rev	10040	1966	7852	0.023853	0.605505	0.019376	0.755113	-3	right	UWB_Cisp0
chr12	53003990	53009517	c659bea9-87c5-41dd-a914-fb8f76bf6feb	53001993	53009755	fwd	5527	2109	3041	0	0.413284	0.019254	0.762936	-3	right	UWB_Cisp0
chr12	53269049	53272922	c8a051b2-a001-4f53-86f3-7356f7d30cfb	53263351	53279391	fwd	3873	1613	1957	0	0.651948	0.020408	0.687755	-1	right	UWB_Cisp0
chr12	55648839	55654480	221dc59d-057d-425e-8768-aecec89e8517	55644155	55656779	fwd	5641	1034	4333	0	0.630705	0.001764	0.881834	-3	right	UWB_Cisp0
chr12	57638192	57648888	f6f2d9dd-9891-4a3d-8e3e-c6811d4cc40e	57638186	57648893	fwd	10696	2946	5253	0.006452	0.899355	0.113119	0.743126	-3	right	UWB_Cisp0
chr12	63269950	63275858	4920d0fc-2aed-43f1-89ff-9b24f37bbf0c	63259971	63275864	fwd	5908	3319	2246	0.01606	0.431478	0	0.803191	-3	right	UWB_Cisp0
chr12	68897671	68902245	54aee5a0-3393-41d6-b94a-62b204c9e2db	68893892	68902250	rev	4574	2736	1512	0.031653	0.783118	0.019231	0.878205	-3	right	UWB_Cisp0
chr12	69537588	69545303	b8edf506-bc67-4b6f-b517-f3653403d58e	69530056	69545314	fwd	7715	3690	3735	0.013876	0.540241	0.01155	0.746872	-3	right	UWB_Cisp0
chr12	70459378	70464874	882041e1-74df-4604-bd36-cb654d7c5bc3	70453722	70464879	rev	5496	1006	3405	0	0.363924	0.008629	0.66443	-3	right	UWB_Cisp0
chr12	74811705	74818632	791be436-b182-4890-bcdd-2c423a575282	74809635	74818639	rev	6927	3107	3236	0.066219	0.536468	0.092272	0.648212	-3	right	UWB_Cisp0
chr12	76108820	76115528	2dffd823-55de-44f7-98b8-64601fd93a57	76093571	76115532	rev	6708	1408	4657	0	0.316038	0.035714	0.443009	-3	right	UWB_Cisp0
chr12	76339261	76343312	5301ea59-2aa5-46a2-9b54-a03c86a8b88e	76337325	76343317	fwd	4051	2645	1077	0.047945	0.308219	0.012085	0.794562	-3	right	UWB_Cisp0
chr12	81167537	81171483	7d76fb12-0262-4adf-b22b-7f5c6e5f453b	81162928	81171489	fwd	3946	2166	1413	0	0.701587	0.005848	0.830409	-3	right	UWB_Cisp0
chr12	93217685	93223912	d6d6a4ab-e3d8-4ef3-a96c-3bdbff597159	93214976	93223920	fwd	6227	4709	1279	0.034207	0.775837	0.147971	0.639618	-3	right	UWB_Cisp0
chr12	96773017	96781430	b1406620-7990-4006-b0b4-b474350c74d0	96761802	96783359	fwd	8413	1591	3855	0.001786	0.719643	0.010363	0.85924	-3	right	UWB_Cisp0
chr12	97826549	97833665	96b21c96-3ce4-4555-a2b9-5b77c5c96eae	97818438	97843780	fwd	7116	1681	5218	0.02439	0.652439	0.029613	0.728929	0.379478	right	UWB_Cisp0
chr12	102578034	102592137	ab8a202c-a405-497c-b426-a8cca849e5d7	102574221	102592142	fwd	14103	2163	10531	0	0.830078	0.024949	0.855434	-3	right	UWB_Cisp0
chr12	113636640	113640627	a77d3b59-e4a4-40a8-916f-41854e750d4b	113624472	113641032	rev	3987	1904	1316	0	0.319693	0.022581	0.6	-3	right	UWB_Cisp0
chr12	114786775	114792261	e3281ef9-4922-414d-970a-7552b87cea3d	114782312	114792270	rev	5486	3881	1315	0.018365	0.725436	0.069832	0.639665	-3	right	UWB_Cisp0
chr12	117349076	117353814	b3037a02-8dac-4969-9cfe-059bd5522db4	117345450	117353821	fwd	4738	1937	2532	0	0.646409	0.00312	0.764431	-3	right	UWB_Cisp0
chr12	118362847	118371102	c0c7a313-4e2c-49aa-9874-958d5fde2f5c	118359937	118371109	fwd	8255	1747	6245	0	0.626238	0	0.794169	-3	right	UWB_Cisp0
chr12	118400705	118407738	e4bfd4f9-3dbb-4167-98a0-061cb7eae20e	118396196	118407742	rev	7033	2253	3466	0.028169	0.575704	0.041916	0.77006	-3	right	UWB_Cisp0
chr12	120442323	120445486	6fc39015-13ab-4faf-9e76-5aff9f2284d8	120437285	120445558	rev	3163	1296	1540	0	0.53211	0.012959	0.671706	-3	right	UWB_Cisp0
chr12	122260313	122263120	8aaf727a-84ed-437c-90b9-94dbacc4c092	122250039	122264282	fwd	2807	1444	1089	0.062295	0.367213	0.0301	0.585284	-3	right	UWB_Cisp0
chr12	122473152	122480551	a1268ba8-d74f-4cfe-a549-3570d6b9785f	122473146	122483378	rev	7399	2021	4846	0.008247	0.507216	0.014043	0.846268	-3	right	UWB_Cisp0
chr12	127827857	127833239	c5d0126b-c9dd-4769-aa09-894683ef8f41	127818914	127834987	rev	5382	1993	3126	0.058182	0.632727	0.015317	0.721007	-3	right	UWB_Cisp0
chr12	127859962	127866173	09f1aa09-111b-4a6f-8837-af61544f270b	127854241	127866188	fwd	6211	3508	2146	0.023374	0.496951	0	0.794931	-3	right	UWB_Cisp0
chr12	129247841	129257069	5e896866-1ec3-4a3b-9f9c-856ac6e54998	129247835	129257678	rev	9228	2428	3984	0.048921	0.730935	0.001837	0.940312	-3	right	UWB_Cisp0
chr13	26511659	26520836	190d0bcf-d64a-467b-aacf-63e32ade0de6	26506379	26520843	rev	9177	4218	4671	0.01011	0.730699	0.040396	0.749382	-3	right	UWB_Cisp0
chr13	29963529	29971144	ef09a16b-bab1-4c09-8462-f1627011eba2	29954664	29971149	rev	7615	2819	1470	0.035714	0.552795	0.182957	0.614035	-3	right	UWB_Cisp0
chr13	30821758	30826872	251519c6-a3b2-4be8-a869-2991305baa68	30811999	30829636	fwd	5114	1688	3171	0	0.601336	0.005834	0.786464	-3	right	UWB_Cisp0
chr13	34185238	34188694	5a185b06-a655-4757-9732-ce5bbec6da14	34185234	34196553	fwd	3456	1494	1720	0.203354	0.672956	0.051724	0.894984	-1	right	UWB_Cisp0
chr13	37214990	37219513	db58fdd2-9796-49b4-844e-e135f2e2514f	37201979	37220396	fwd	4523	1361	2934	0.020339	0.711864	0.036254	0.664653	-3	right	UWB_Cisp0
chr13	39456383	39464397	3a198c3c-e121-4ea4-b420-c0937279a517	39445128	39464405	fwd	8014	3289	4242	0.008475	0.46247	0.010144	0.802198	-3	right	UWB_Cisp0
chr13	40388444	40395614	bafc0dd3-2d56-4712-abad-8dcc7e3048d9	40379239	40395618	rev	7170	2709	4252	0.023739	0.734421	0.131651	0.632333	-3	right	UWB_Cisp0
chr13	46628258	46638997	14593d1c-f714-442a-9bff-46c405bf08e1	46628249	46639002	fwd	10739	5883	3907	0.01509	0.912943	0.056891	0.869391	-3	right	UWB_Cisp0
chr13	46961107	46970625	b8f7c700-64bf-4efa-8f3b-328807ff87e2	46958507	46970634	fwd	9518	1156	6025	0.039106	0.463687	0.018703	0.771479	-3	right	UWB_Cisp0
chr13	48039621	48049441	a0bcee73-553d-41f1-8de3-0a4cbe632c19	48035381	48049451	fwd	9820	1669	7856	0	0.566866	0.003239	0.9	-3	right	UWB_Cisp0
chr13	52935238	52948910	0d0b9d76-88f6-483a-9264-ee0f89151a48	52934949	52950519	fwd	13672	1982	10155	0.003953	0.667984	0.072042	0.759239	-3	right	UWB_Cisp0
chr13	54204779	54213502	5a89903d-b4dd-458c-8bd0-bcb697e0cb6d	54194080	54213510	rev	8723	3786	1693	0.016835	0.762626	0.075377	0.847571	-3	right	UWB_Cisp0
chr13	55209141	55217657	5cc7504a-0c46-41f6-ac88-7e50ff0fb07b	55207311	55217664	fwd	8516	1551	6691	0.002092	0.711297	0.00614	0.899561	-3	right	UWB_Cisp0
chr13	57340318	57345486	72b7ca36-b3ee-42b7-9f9b-d175fd86ac58	57332192	57345491	rev	5168	1653	3065	0	0.456731	0.005644	0.796802	-3	right	UWB_Cisp0
chr13	63243201	63248239	b419bbf8-857b-4a83-a169-07510f5af06a	63243190	63248243	rev	5038	3038	1437	0.079787	0.757447	0.071579	0.842105	-3	right	UWB_Cisp0
chr13	72729637	72736268	093a1b11-af1c-4b24-b278-b09636605485	72727153	72743340	rev	6631	3566	2691	0.002822	0.765757	0.052767	0.786358	0.736455	right	UWB_Cisp0
chr13	74005173	74010544	4563b4e7-8946-4620-b92e-5f60d0039d58	74004984	74014478	fwd	5371	1770	3337	0.053704	0.705556	0.006536	0.778867	-3	right	UWB_Cisp0
chr13	80777567	80799060	f0783e7b-13c1-4b6f-b715-0897b8b15380	80777561	80801209	rev	21493	1670	19581	0	0.807087	0.027063	0.725743	-3	right	UWB_Cisp0
chr13	85414876	85421821	599bdf7d-599c-4840-9e3f-0e4768ff9b52	85409117	85421894	rev	6945	1418	5325	0.034409	0.64086	0.001246	0.847352	-3	right	UWB_Cisp0
chr13	87877240	87887103	f2df1d86-5e49-40c7-8708-cc2070217239	87871544	87902315	fwd	9863	3050	5737	0.026777	0.6931	0.060023	0.779138	-1	right	UWB_Cisp0
chr13	87894930	87900317	f2df1d86-5e49-40c7-8708-cc2070217239	87871544	87902315	fwd	5387	1135	3321	0.067989	0.832861	0.027103	0.852336	-3	right	UWB_Cisp0
chr13	93130889	93141803	273222d3-ba3b-4c15-96fd-b4f6a24bac16	93126120	93146733	fwd	10914	1511	9196	0	0.480132	0.040742	0.680026	-3	right	UWB_Cisp0
chr13	99725976	99731577	18db6bbe-1082-4c6e-8cc8-0003a94337fe	99725677	99731583	rev	5601	3082	2032	0.024772	0.637549	0.019531	0.666016	-3	right	UWB_Cisp0
chr13	110175038	110184029	9447229b-ee3e-4fd1-a044-f7c2165b4a86	110167587	110184920	rev	8991	3353	5279	0	0.639423	0.031457	0.600166	-3	right	UWB_Cisp0
chr13	110814572	110821022	3234736f-71c6-457d-82bf-e9e4ef8f76c3	110809307	110821030	fwd	6450	4913	1281	0	0.619495	0.01699	0.737864	-3	right	UWB_Cisp0
chr14	18948235	18953320	1fb0ede6-4271-4ead-b738-c23f7a210351	18948229	18954643	rev	5085	1053	3678	0.039578	0.680739	0.023166	0.803089	-3	right	UWB_Cisp0
chr14	30864730	30870619	bebead13-555f-4969-8cb1-8825c6f900eb	30863556	30872411	fwd	5889	1192	3763	0.019444	0.572222	0.011846	0.848963	-3	right	UWB_Cisp0
chr14	33675986	33681561	c5ed6f3b-07e4-44ee-b57b-b9316c94d79a	33672965	33681567	rev	5575	2014	3125	0.056604	0.408233	0	0.827897	-3	right	UWB_Cisp0
chr14	35720885	35734447	30e3e336-a1ba-4ea3-8fae-1d7c40a39e5b	35720879	35734758	rev	13562	3832	8160	0.012167	0.838783	0.003344	0.927759	-3	right	UWB_Cisp0
chr14	40905001	40908045	24454712-88b8-4646-8a7b-d5c231e6c07d	40900998	40908054	fwd	3044	1274	1435	0	0.604027	0.029106	0.800416	-3	right	UWB_Cisp0
chr14	42556409	42561954	89f45cd2-399f-4f2a-aa3b-9c5f315c1090	42556405	42563789	fwd	5545	1693	3417	0.029358	0.570642	0.033019	0.754717	-3	right	UWB_Cisp0
chr14	43102181	43106760	a991cf8d-6f1b-400d-ae9f-a527cde14a1b	43098051	43113718	fwd	4579	1442	1233	0.006135	0.555215	0	0.91828	0.188672	right	UWB_Cisp0
chr14	45974995	45988404	a2554e66-7a1b-45d4-bb8e-48d343b4fa1c	45974544	45990844	rev	13409	4796	8295	0.028103	0.776737	0.009838	0.917364	-3	right	UWB_Cisp0
chr14	46488208	46492828	de5239e8-d0d1-4920-96b4-11cabbcd8f59	46479475	46492832	rev	4620	1115	3145	0	0.544025	0.015474	0.798839	-3	right	UWB_Cisp0
chr14	48644313	48647839	47f49a26-4da7-4745-b467-69407b39058f	48637483	48647849	fwd	3526	2138	1144	0.022157	0.66322	0.071651	0.579439	-3	right	UWB_Cisp0
chr14	56791584	56801952	606e8a44-c13e-4721-ab85-be3ce342db73	56791576	56801960	fwd	10368	2935	5645	0.008424	0.894103	0.06	0.902143	-3	right	UWB_Cisp0
chr14	57964873	57971779	479fc65a-1ee0-49c2-b04a-636bd5499f06	57962983	57972690	fwd	6906	1057	3911	0.067961	0.504854	0.0131	0.937991	-3	right	UWB_Cisp0
chr14	58836233	58851589	dd29d143-d3d9-4da0-87fb-5f39f00e22ff	58830780	58852090	fwd	15356	3614	11406	0.01668	0.704527	0.061725	0.680947	-3	right	UWB_Cisp0
chr14	76096544	76103527	b10f17f5-8f7d-4513-a84d-32a0b7dc9085	76093132	76104169	rev	6983	2064	4304	0.024482	0.587571	0.031881	0.750266	-3	right	UWB_Cisp0
chr14	77767988	77785152	ced19e77-79f9-4d9d-9387-1123d9ab88f1	77765885	77793318	fwd	17164	1677	14263	0.037523	0.639775	0.042704	0.549646	0.07045	right	UWB_Cisp0
chr14	79990385	79996153	15067cc2-b9fc-4a34-b878-15c34608fcea	79989635	79998016	rev	5768	1071	1230	0	0.483444	0.018135	0.722798	-3	right	UWB_Cisp0
chr14	83825011	83832837	f9b30560-204b-409c-8b7a-86949bd7edcb	83822117	83832843	fwd	7826	1063	3889	0.012195	0.365854	0.017213	0.57541	-3	right	UWB_Cisp0
chr14	87683995	87691886	f9b47743-5f01-4896-8cd1-067bc9f1f6e2	87680920	87691897	rev	7891	3716	3758	0.000903	0.728339	0.105445	0.75108	-3	right	UWB_Cisp0
chr14	89962091	89967378	ff65b2e7-127c-4be7-bfc4-5dd0ff5d82b3	89949302	89970133	fwd	5287	1717	3264	0.049645	0.555556	0.007071	0.721212	-3	right	UWB_Cisp0
chr14	94660352	94664166	996a2886-5c49-440b-b5b8-119459de31cb	94647886	94664170	rev	3814	1971	1338	0.02554	0.575639	0.041176	0.523529	-3	right	UWB_Cisp0
chr14	97877223	97886297	2ec521ec-938c-4bd0-a246-7970f3a16ecb	97877218	97886463	fwd	9074	3673	4473	0.027358	0.903774	0.037037	0.897557	-3	right	UWB_Cisp0
chr14	104234852	104242964	7db7c00f-37f7-4121-b16c-4c282ce26cab	104234848	104242974	fwd	8112	2053	5711	0.04291	0.830224	0.078093	0.801659	-3	right	UWB_Cisp0
chr15	37233570	37238525	f50182bb-f520-40e8-b16c-b9a6678294df	37224405	37242170	rev	4955	1133	3450	0	0.38206	0.009259	0.807613	-3	right	UWB_Cisp0
chr15	44970041	44975134	260cc4a2-1438-4677-8b65-ed821ca97633	44970036	44975140	rev	5093	3294	1478	0.015056	0.885822	0.025794	0.855159	-3	right	UWB_Cisp0
chr15	52218925	52225179	1dcff624-ac31-4328-985c-9ece0a6206e3	52216131	52225186	fwd	6254	1115	4679	0	0.557325	0.051809	0.811678	-3	right	UWB_Cisp0
chr15	52977554	52984060	45beb359-b729-4069-97f8-fb8396b89ea7	52975494	52984067	rev	6506	2255	3955	0.054422	0.569728	0.02947	0.831041	-3	right	UWB_Cisp0
chr15	56196569	56202546	2a67cb60-8147-43cf-b929-774c8498343b	56193609	56202552	fwd	5977	2030	3664	0	0.498403	0.030738	0.898566	-3	right	UWB_Cisp0
chr15	57319542	57328655	84aef0ef-fa29-4c4e-aea8-29915329a8e4	57317481	57329114	fwd	9113	1129	3984	0	0.444444	0.032528	0.656134	-3	right	UWB_Cisp0
chr15	60578373	60584906	9b386b5a-120e-4273-b378-507e464daf1a	60570176	60585972	fwd	6533	1971	4254	0.005034	0.647651	0.045957	0.599149	-3	right	UWB_Cisp0
chr15	61241643	61246283	8b95c4df-a4c8-4eae-b9a4-dd2c3ac6c75a	61232690	61246290	rev	4640	3307	1072	0	0.708333	0.003448	0.862069	-3	right	UWB_Cisp0
chr15	61742534	61746568	3f036271-00ae-4a7a-9e61-9f959598ca82	61738245	61746581	fwd	4034	1273	2438	0	0.569697	0.002845	0.907539	-3	right	UWB_Cisp0
chr15	70847406	70853799	4afbd557-fc50-4e62-93ea-bd29ecd12e77	70839226	70855939	rev	6393	2913	1483	0.002101	0.585084	0.032544	0.781065	-3	right	UWB_Cisp0
chr15	72239480	72243767	c43d12fc-f4dd-4459-8eb2-2fc8010ac532	72237888	72250551	fwd	4287	1352	2662	0	0.679878	0	0.728707	-3	right	UWB_Cisp0
chr15	78615313	78620793	241aeece-e8d6-4031-9ffb-7acf9520c40f	78612231	78623132	fwd	5480	1023	3557	0.060345	0.49569	0.004418	0.726068	-3	right	UWB_Cisp0
chr15	78652755	78658240	8534dd0b-2ef2-4868-8e86-85d4146c6620	78652750	78671702	rev	5485	1593	3380	0.022472	0.764045	0.087838	0.701577	-3	right	UWB_Cisp0
chr15	84774387	84781699	485790aa-ce78-4235-8f0f-9f84d6b3098b	84774380	84781705	fwd	7312	4120	2929	0.023057	0.912895	0.134635	0.775951	-3	right	UWB_Cisp0
chr15	86054515	86062335	d86688c2-50b7-4378-9207-70a19c37cd35	86054492	86063303	rev	7820	3105	4262	0.041344	0.848837	0.019774	0.832392	-3	right	UWB_Cisp0
chr15	95624246	95632738	1e34d56b-2573-4274-9a60-1b44b39c03f7	95617644	95632743	fwd	8492	2547	5171	0.037464	0.814121	0.057737	0.833718	-3	right	UWB_Cisp0
chr15	96297392	96304732	0acf9539-5a63-43c7-a7d3-453b41b9fd93	96294498	96308175	rev	7340	1002	6089	0	0.69103	0.038339	0.517572	-3	right	UWB_Cisp0
chr15	98845695	98853147	f6c75336-ce57-4787-8a52-5396f155ed00	98837774	98853155	fwd	7452	1091	5893	0	0.375	0.009531	0.717009	-3	right	UWB_Cisp0
chr15	99087577	99091369	3568e7e9-616c-4bde-845b-4ef7440615e0	99077795	99091376	rev	3792	2024	1236	0.078431	0.6122	0.006849	0.75	-3	right	UWB_Cisp0
chr15	101334570	101338756	69135f6b-3a65-4974-9e02-2efd6f9d1b7d	101331322	101338761	rev	4186	1361	2419	0.083832	0.461078	0.022913	0.777414	-3	right	UWB_Cisp0
chr16	5742826	5757513	52b9c422-d7a5-45b9-8ebb-85e3a4a1fa9f	5736774	5758190	rev	14687	3423	11013	0.008951	0.612532	0.029676	0.780164	-3	right	UWB_Cisp0
chr16	7506053	7514244	94233342-c606-4594-83eb-9824c8c35c80	7500126	7515054	fwd	8191	781	7117	0	0.866071	0.037524	0.690058	-3	right	UWB_Cisp0
chr16	17536075	17546506	35b6caef-84d1-4eb0-b8e2-32bf901efa06	17536070	17546764	fwd	10431	1349	7613	0.012232	0.87156	0.000999	0.890165	-3	right	UWB_Cisp0
chr16	19892949	19900953	74a67838-a5dc-4f8a-9df1-15fb62104328	19890516	19900958	fwd	8004	2582	5112	0	0.675037	0.007241	0.774739	-3	right	UWB_Cisp0
chr16	21063242	21070941	ee20f143-043e-4cd9-951b-fe715850675d	21063236	21072138	rev	7699	2500	4733	0.051515	0.816667	0.013677	0.865648	-3	right	UWB_Cisp0
chr16	22206342	22218632	c94502e7-bd1b-4f75-a315-583019eaff61	22182372	22222037	fwd	12290	1921	9901	0.03937	0.496063	0.051682	0.684578	-3	right	UWB_Cisp0
chr16	22796442	22810012	1e9d973d-8d96-4c5d-bdc1-982f0fbb4c0f	22796434	22810019	rev	13570	1475	11082	0.123636	0.774545	0.017968	0.865096	-3	right	UWB_Cisp0
chr16	23442710	23452760	0864dac3-e90b-46c4-96ad-ef8e87575b68	23438244	23453544	fwd	10050	2105	7481	0.027888	0.565737	0.045298	0.599197	-3	right	UWB_Cisp0
chr16	23693453	23697667	d6e8e469-8ef9-4ad0-b3c8-8f98776eb5bc	23688134	23697726	fwd	4214	1409	2087	0.13783	0.492669	0.097252	0.697674	-3	right	UWB_Cisp0
chr16	23727521	23733743	37e8a30c-2c6e-44f5-9f18-9729c84c55e8	23722921	23733748	fwd	6222	2214	3511	0.027634	0.671848	0.029551	0.735225	-3	right	UWB_Cisp0
chr16	25873590	25886099	659ebf64-b897-4f3e-b938-1f2b088eed73	25869615	25886113	fwd	12509	2941	7999	0.008314	0.7019	0.024412	0.848202	-3	right	UWB_Cisp0
chr16	27938831	27952076	4790e666-222c-42d1-ae8c-5345c61da4c3	27926713	27952308	fwd	13245	2411	10563	0.001795	0.667864	0.0122	0.824569	-3	right	UWB_Cisp0
chr16	28957613	28966973	395deeb5-8384-42a4-ae2c-b582814b0187	28943999	28966977	rev	9360	2054	7087	0	0.581967	0.082601	0.648506	-3	right	UWB_Cisp0
chr16	31536253	31540277	fcea1527-c229-4361-a71a-135fe3d18ad9	31533719	31545939	fwd	4024	2311	1492	0.022472	0.649813	0.007792	0.784416	-3	right	UWB_Cisp0
chr16	33974727	33979905	c2e49c4c-94b1-4e08-9600-76166eb4ea45	33970354	33979909	rev	5178	1254	2248	0	0.320225	0.04	0.625	-3	right	UWB_Cisp0
chr16	35593937	35600728	5f220103-3ecc-4cbf-a6a2-d9a7e4ab249e	35587805	35600747	fwd	6791	2575	3859	0	0.373006	0	0.843443	-3	right	UWB_Cisp0
chr16	46389314	46393803	f092297f-b848-4c03-b6bd-f468526169be	46382552	46409480	rev	4489	1935	1996	0.010169	0.313559	0	0.717391	0	right	UWB_Cisp0
chr16	46382558	46391589	bc2e5953-dacc-462b-95a7-c19348af96b2	46382552	46407058	rev	9031	5093	3085	0.02551	0.873016	0.116514	0.843119	0.420207	right	UWB_Cisp0
chr16	46392702	46398535	fbb23419-ee3b-4e57-9de3-022c158fb9c4	46382554	46406074	fwd	5833	1509	3506	0.05	0.2	0	0.711268	-3	right	UWB_Cisp0
chr16	46391303	46397294	b121d2fc-6c44-45af-8088-6e1abc8e60c2	46383509	46402917	rev	5991	2934	2145	0	0.296296	0	0.586207	-3	right	UWB_Cisp0
chr16	46391278	46397309	8dcfe535-4817-42da-93c8-d44b31aee386	46383582	46402088	fwd	6031	2933	3090	0	0	0	0.394231	-3	right	UWB_Cisp0
chr16	46385233	46392750	9f4c8e33-2fa8-429d-a302-5cf89035a8b9	46385225	46404014	rev	7517	5794	1459	0.02422	0.6324	0	0.5	-1	right	UWB_Cisp0
chr16	46392962	46397309	4a59b2da-cfcf-4c3b-ad82-3599c937d296	46385390	46399113	fwd	4347	1288	2592	0.034722	0.454861	0.026087	0.713043	-3	right	UWB_Cisp0
chr16	46392953	46402440	56271315-06ce-47ae-8814-df2391512fa2	46387476	46403725	fwd	9487	8025	1160	0.173034	0.49588	0.1	0.576471	-3	right	UWB_Cisp0
chr16	46398225	46401973	2a2d2a56-e75d-4e6d-a3f7-6857eefb638b	46387684	46402040	fwd	3748	1577	1893	0	0.554377	0.06506	0.73494	-3	right	UWB_Cisp0
chr16	46394493	46403257	731635ce-1010-434e-b860-7af610e17de9	46387708	46404809	rev	8764	5443	2721	0.002012	0.761569	0.011521	0.740783	-3	right	UWB_Cisp0
chr16	46389265	46396269	b8573561-4e52-4db7-b7ad-029e9382101f	46388073	46410173	rev	7004	4705	847	0.047786	0.29021	0	0.821429	-1	right	UWB_Cisp0
chr16	46390451	46397912	6a084001-33c3-44dc-872c-32eb153cf1f4	46389109	46409465	rev	7461	4026	2646	0.02589	0.521036	0	0.25	-1	right	UWB_Cisp0
chr16	46391550	46397294	89fe840b-64f9-49bc-9d51-a7e3ba5f106c	46389661	46406627	rev	5744	2641	2832	0.019146	0.78056	0.023649	0.827703	-3	right	UWB_Cisp0
chr16	48721995	48742127	112de2f2-5cbf-4cc5-a2b4-662c74d607d7	48706346	48742782	fwd	20132	4915	14873	0.05303	0.736532	0.073405	0.58091	-3	right	UWB_Cisp0
chr16	48854478	48862927	0da79d70-2e30-445c-935a-20901bb3f2c2	48854470	48862936	rev	8449	2900	4770	0.069544	0.776978	0.04496	0.882524	-3	right	UWB_Cisp0
chr16	52065301	52071078	0dce75f5-d021-47da-ab58-a95766739ea1	52063842	52074005	fwd	5777	1502	1921	0.033123	0.646688	0.001795	0.91921	-3	right	UWB_Cisp0
chr16	55548108	55554305	729ff2f9-f834-4579-8509-4edfb1be1bab	55546158	55556986	rev	6197	1790	2964	0.003945	0.639053	0	0.916667	-3	right	UWB_Cisp0
chr16	57400914	57410559	5db959d4-7878-411e-9ddf-d5b41dd894e4	57400908	57414813	fwd	9645	4622	2773	0.008115	0.676285	0	0.926647	-3	right	UWB_Cisp0
chr16	58701008	58707483	96270870-f65a-4a26-bb81-42cb6ed18aec	58700533	58715235	fwd	6475	3482	2775	0.009083	0.642144	0	0.785714	-3	right	UWB_Cisp0
chr16	68360321	68372180	03e3e77a-ac12-4315-83ea-effad1ffe7de	68360310	68372187	fwd	11859	1817	9779	0	0.803815	0.021955	0.888134	-3	right	UWB_Cisp0
chr16	71076980	71080514	e4e117fb-1c26-4638-a256-d5dc177402d5	71070025	71080519	rev	3534	1236	2003	0.087613	0.583082	0.05597	0.69403	-3	right	UWB_Cisp0
chr16	71739939	71752252	ba49db72-d5fc-4d96-93c3-2738ec85c312	71738929	71752256	rev	12313	2162	9762	0.007702	0.550706	0.086635	0.787441	-3	right	UWB_Cisp0
chr16	74362223	74373302	bae078f4-a44d-4e23-9bc0-0d8c8edbf8d2	74362218	74373306	rev	11079	4031	4910	0.010384	0.76324	0.111213	0.764706	-3	right	UWB_Cisp0
chr16	82637495	82648264	a2817b55-2609-4c9e-99ef-2dd0dd6ea31a	82637094	82649951	rev	10769	3097	7364	0	0.39427	0.025349	0.754785	-3	right	UWB_Cisp0
chr16	82887381	82896004	c371097a-6c99-4e36-b022-8362108e4c78	82884267	82896014	rev	8623	2217	3480	0	0.917266	0.039554	0.842799	-3	right	UWB_Cisp0
chr16	88876929	88894940	3288a38c-4a34-429a-8a48-2e1d11470901	88873242	88894946	fwd	18011	7115	10393	0.006006	0.374625	0.043743	0.720377	-3	right	UWB_Cisp0
chr17	4090445	4098989	97d6ae72-556f-4e03-b544-0fe2c0863616	4090439	4099226	rev	8544	1756	4583	0.10303	0.779798	0.021418	0.881093	-3	right	UWB_Cisp0
chr17	5467319	5478713	0e526a29-47cc-4d82-b1f2-3e86cdda6b96	5467313	5479188	rev	11394	1119	9450	0.131868	0.567766	0.048521	0.834829	-3	right	UWB_Cisp0
chr17	8028712	8034990	236aeb46-5f18-4e82-8785-648b40b11a34	8020338	8035574	rev	6278	1003	2948	0.051502	0.270386	0	0.718651	-3	right	UWB_Cisp0
chr17	8421082	8428577	d9a536c1-0cb7-43ab-b15d-4b45ab2b6dee	8414873	8430586	fwd	7495	1835	5251	0	0.623932	0.048431	0.57708	-3	right	UWB_Cisp0
chr17	9095879	9105074	99f9dfdc-1ce2-443f-87b0-f0f4e91ae676	9095871	9106869	rev	9195	1593	3836	0.042017	0.644258	0.016284	0.866858	-3	right	UWB_Cisp0
chr17	12336391	12343771	b1670bb3-532a-4732-a560-36444bd5d6bb	12327975	12343786	rev	7380	4344	2284	0.003099	0.740702	0.071429	0.740602	-3	right	UWB_Cisp0
chr17	13982783	13991582	8f024ca1-aa34-4f3b-94c5-01d3c6dd8489	13959039	13992381	rev	8799	1560	4259	0	0.461024	0	0.770968	-3	right	UWB_Cisp0
chr17	29310420	29314822	235ff25c-5e84-4487-b833-070e23c77422	29309949	29326598	rev	4402	2111	2073	0.009141	0.659963	0.064957	0.760684	-3	right	UWB_Cisp0
chr17	30316463	30321780	03bb67b8-b07f-4bae-91ee-b2ca71be0fa5	30312857	30324890	rev	5317	1453	2754	0.108959	0.484262	0.006443	0.926546	-3	right	UWB_Cisp0
chr17	41990829	42005487	fa66370b-58d1-4c52-994a-596d8955cd9c	41989828	42015200	rev	14658	1995	9515	0	0.582524	0.052553	0.694372	0.429833	right	UWB_Cisp0
chr17	43120847	43129427	da7ffa00-3eb9-4317-bd0f-2e4001026701	43120842	43146086	rev	8580	2002	6216	0.016367	0.759411	0.035495	0.713993	0.159903	right	UWB_Cisp0
chr17	44536443	44543870	b2b5d853-01ed-40ef-be37-df8791bbf699	44533267	44543884	fwd	7427	3394	3839	0.002519	0.540302	0.012182	0.816168	-3	right	UWB_Cisp0
chr17	47843109	47849566	e63c9648-603b-4f25-a1b2-b6cb2a673c78	47843101	47853956	fwd	6457	1852	3722	0.018568	0.795756	0.008633	0.756835	-3	right	UWB_Cisp0
chr17	53778081	53785120	3a7cdc1d-6393-4e40-b7ce-7c93853af10a	53778070	53785163	rev	7039	1525	5241	0.071233	0.810959	0	0.924186	-3	right	UWB_Cisp0
chr17	61752135	61757895	f631ba7b-9881-4fa5-b498-7daaa2f10f91	61749625	61760920	rev	5760	2492	2836	0	0.426187	0.058954	0.760845	-3	right	UWB_Cisp0
chr17	64673798	64681747	161df791-1163-437e-aca1-ea41da8697f6	64670672	64681754	fwd	7949	2970	4712	0.007653	0.378827	0.024126	0.648087	-3	right	UWB_Cisp0
chr17	64734398	64742227	5918efcf-a3aa-4a21-a748-c4dc4af7e33d	64718111	64742233	rev	7829	2872	4239	0.043202	0.496823	0.024096	0.767642	-3	right	UWB_Cisp0
chr17	75856680	75862550	4ab2709f-7fda-4c2b-8dda-136a843b7482	75852821	75862559	fwd	5870	2991	2556	0.015152	0.645455	0.031008	0.660853	-3	right	UWB_Cisp0
chr17	80609184	80612935	b9477de7-033e-4acd-82f1-295bb6b6b39b	80606412	80617509	rev	3751	1829	1648	0	0.701422	0.007576	0.830808	-3	right	UWB_Cisp0
chr17	82486186	82490204	9672b5d5-b91b-4658-b154-68b7969c5521	82482982	82490435	fwd	4018	1486	2326	0.046763	0.658273	0.06903	0.625	-3	right	UWB_Cisp0
chr18	1646071	1655359	5fda1cf6-0419-47f1-a14d-66ffd93119a6	1628464	1655368	fwd	9288	4261	3347	0.039443	0.682135	0.067623	0.560451	-3	right	UWB_Cisp0
chr18	4694590	4700257	d6651298-2223-488d-ba6c-51a8a64fdbc1	4689213	4721095	fwd	5667	1127	4010	0	0.245455	0.005057	0.720607	0.539214	right	UWB_Cisp0
chr18	10130413	10136447	14188b7b-6306-433a-a7bb-a6d2c8fdffe6	10126661	10137709	rev	6034	1673	4141	0	0.340426	0.019436	0.580175	-3	right	UWB_Cisp0
chr18	28337825	28343895	3d5ef8b8-f221-4ca7-b925-0bee1ac8d989	28333939	28343900	fwd	6070	2877	2945	0	0.781434	0.001112	0.889878	-3	right	UWB_Cisp0
chr18	29047071	29052397	9ab7c928-2212-40f6-b5da-fd18052eb0ac	29045959	29052404	fwd	5326	1439	3550	0	0.457732	0.007082	0.804533	-3	right	UWB_Cisp0
chr18	33082601	33090848	3a68a779-91a5-49c0-9de1-5cdfd4ea00fb	33078216	33090853	fwd	8247	2171	4202	0.002774	0.761442	0.000782	0.783255	-3	right	UWB_Cisp0
chr18	35046930	35060776	28b45870-c273-4871-bff2-96d67cc2a005	35043617	35060781	rev	13846	2505	10614	0	0.695594	0.02275	0.732428	-3	right	UWB_Cisp0
chr18	48614893	48624535	669684d9-efbc-49ef-a8b5-2e6b58fe466c	48610856	48633547	fwd	9642	1612	7115	0.029326	0.498534	0.006905	0.856246	0.094747	right	UWB_Cisp0
chr18	50226242	50233148	612b46a8-b3d5-418b-bd56-18ae7a330139	50222766	50233153	fwd	6906	1064	5439	0	0.371025	0.011073	0.712803	-3	right	UWB_Cisp0
chr18	60027608	60034203	5402580f-c6fa-41db-b164-28650a4290bf	60027603	60034270	rev	6595	3424	2900	0.069536	0.843267	0.059246	0.78456	-3	right	UWB_Cisp0
chr18	62045832	62048782	6cccba53-317e-4190-951b-988737ffcd23	62035967	62050764	rev	2950	1131	1535	0.050794	0.552381	0.007421	0.699443	-3	right	UWB_Cisp0
chr18	69377720	69388238	98769704-69e3-4beb-bb69-b6701c1bfc1a	69377078	69389147	fwd	10518	1663	8063	0.104317	0.543165	0.023799	0.779316	-3	right	UWB_Cisp0
chr18	70398536	70403582	4f8de225-08b9-4d5a-9421-cdb6ed60accc	70395741	70403594	fwd	5046	1504	3323	0.033543	0.572327	0.041392	0.639699	-3	right	UWB_Cisp0
chr18	71073091	71079015	6df805ff-32c4-4397-9e44-c754d97048d2	71070303	71083251	rev	5924	1163	4305	0	0.382749	0.030911	0.700084	-3	right	UWB_Cisp0
chr18	71279208	71288549	ff66c1ff-b022-406d-9ff7-1d246f8a8269	71279196	71289870	fwd	9341	2611	3997	0	0.574051	0.025755	0.887211	-3	right	UWB_Cisp0
chr19	9560245	9566409	4b3bd552-9170-4bb9-8e01-bf04b944ed0e	9546984	9566415	fwd	6164	2755	3196	0.033113	0.717881	0.033604	0.949015	-3	right	UWB_Cisp0
chr19	10238115	10245364	4c1dd949-961b-4787-aca6-b7ecc8a5cc39	10238108	10248955	fwd	7249	3242	3623	0.089409	0.636864	0.031017	0.759305	-3	right	UWB_Cisp0
chr19	14305110	14310598	25132406-a798-4ad2-bbc3-2b38b37942d2	14276094	14320276	rev	5488	2225	2945	0.067864	0.62475	0.060794	0.585608	0.502386	right	UWB_Cisp0
chr19	15826620	15840809	3c0b84d4-3811-46ab-a6fa-641712a8d8a0	15826615	15840817	rev	14189	1960	11967	0.009276	0.925788	0.055574	0.734181	-3	right	UWB_Cisp0
chr19	17289272	17297280	b1e35dda-3d65-43c4-9de0-d515e5a14952	17286087	17297288	fwd	8008	2712	4861	0.060449	0.601036	0.03056	0.563667	-3	right	UWB_Cisp0
chr19	18663543	18668771	d4b8bccf-9c37-4c7a-a1a5-6c4d374c94ee	18660003	18669626	rev	5228	3068	1875	0.014925	0.360075	0.024221	0.698962	-3	right	UWB_Cisp0
chr19	21148136	21157462	9c1ec2af-20b7-4b72-8062-6846c09172c6	21147172	21158357	rev	9326	1292	7753	0	0.531579	0.019683	0.698196	-3	right	UWB_Cisp0
chr19	23568829	23576608	4c1c5ca3-e0bf-4412-8374-90c462527959	23558740	23576614	rev	7779	1671	5870	0	0.915138	0.037696	0.823613	-3	right	UWB_Cisp0
chr19	30158400	30165628	f1457052-7177-4fd5-9025-206d4be66c8d	30152485	30171715	rev	7228	2185	4520	0	0.533755	0.049756	0.628293	-3	right	UWB_Cisp0
chr19	31387481	31393767	0b7cd550-c73e-4bc8-9b72-72ee824a0db8	31387467	31403984	rev	6286	1763	4148	0.002865	0.601719	0.009146	0.547764	-3	right	UWB_Cisp0
chr19	34390539	34394227	1b76ea6c-61a0-4d9c-b8a2-3edae8b77952	34390521	34400472	rev	3688	1359	2046	0.004098	0.512295	0.01548	0.727554	-3	right	UWB_Cisp0
chr19	44035502	44043492	34cb8548-0771-480a-b9e8-c96db71f7b3e	44035496	44046565	rev	7990	1592	6105	0	0.777559	0.009324	0.841958	-3	right	UWB_Cisp0
chr19	47450170	47455620	2698c724-5523-4ce8-98e5-8d67670e3f50	47448544	47456150	rev	5450	1326	3810	0	0.402027	0.005753	0.819751	-3	right	UWB_Cisp0
chr19	48363347	48368137	13a31821-b9cb-41e0-a92b-6dbe97d985ef	48360362	48372670	rev	4790	1895	2619	0.002747	0.620879	0.014218	0.57188	-3	right	UWB_Cisp0
chr19	48509037	48516033	4b1850b4-a5f2-4c88-b344-b6999c17a36b	48506671	48516037	rev	6996	2583	3967	0	0.43083	0.068097	0.750933	-3	right	UWB_Cisp0
chr19	50135383	50145450	8e60de8a-bc6c-453a-a4dd-c65f3659b9c5	50134464	50145460	rev	10067	3028	6447	0.042796	0.375178	0.041306	0.574284	-3	right	UWB_Cisp0
chr2	11741700	11746393	d5afba91-6655-4b8b-aed6-38bd0c910b6d	11738534	11746403	rev	4693	2592	1760	0.007752	0.474806	0.030303	0.614325	-3	right	UWB_Cisp0
chr2	13020112	13028360	4ae95cc8-6829-44e0-8f5c-a0c35d22233b	13006195	13028365	fwd	8248	3253	4712	0	0.905681	0.00731	0.858187	-3	right	UWB_Cisp0
chr2	18734856	18755425	54e418ed-20fe-4f5c-8a7c-7418661bce35	18734846	18757949	fwd	20569	3383	15734	0.030235	0.87346	0.005973	0.926674	-3	right	UWB_Cisp0
chr2	22089084	22097578	54a7c42b-6d83-499b-bea6-8ddc9592343b	22086069	22097742	rev	8494	1299	4948	0.082474	0.512887	0.037897	0.767115	-3	right	UWB_Cisp0
chr2	24277585	24284192	1071b014-38ee-43f6-9ae9-8e96a61a5074	24276672	24287201	rev	6607	3642	2334	0.018047	0.764331	0.048913	0.788043	-3	right	UWB_Cisp0
chr2	26363594	26370070	eb9f7fef-6861-4927-8b70-cb5dc4f90e0d	26353041	26370077	fwd	6476	2028	3805	0.068571	0.581429	0.016194	0.620243	-3	right	UWB_Cisp0
chr2	27057525	27068438	51200297-5f74-4fbf-8203-3d5a9a0663ef	27057521	27069100	fwd	10913	2878	5306	0	0.844584	0.018307	0.859649	-3	right	UWB_Cisp0
chr2	31313176	31328672	b9c5590a-a93c-453d-9e1d-a251620490ac	31313171	31328677	rev	15496	2429	11270	0	0.883959	0.030728	0.85889	-3	right	UWB_Cisp0
chr2	39250709	39254730	3387bcfb-256e-4354-99b0-4e60ed31fdf7	39245333	39254735	rev	4021	1142	2376	0	0.354938	0.025411	0.781764	-3	right	UWB_Cisp0
chr2	39239456	39250490	19e06164-8c39-43ff-bee6-0c11573061a9	39230253	39264513	fwd	11034	4813	3815	0.008554	0.465355	0.005937	0.848176	0.501612	right	UWB_Cisp0
chr2	44031976	44037637	15a986b6-28e3-4d5d-a4da-a6f26a79b2ca	44030685	44037642	rev	5661	3468	1943	0	0.666309	0.001818	0.758182	-3	right	UWB_Cisp0
chr2	45683309	45687658	727f57ba-a344-4fb9-b35e-ea62206c0525	45678043	45687663	fwd	4349	2872	1157	0.002642	0.582563	0.009524	0.704762	-3	right	UWB_Cisp0
chr2	47706291	47711249	167d3a3e-e9ba-46bf-8467-a9d8594491ea	47697537	47713923	rev	4958	1393	2621	0.075529	0.537764	0.015714	0.868571	-3	right	UWB_Cisp0
chr2	47959265	47966053	25829dfd-a618-4b0d-b1db-b3bfcb25a773	47953794	47967510	rev	6788	1067	5166	0.030702	0.467105	0.001172	0.858734	-3	right	UWB_Cisp0
chr2	52062490	52066435	f7519094-5dda-45f3-9913-707803fabb16	52044854	52066440	fwd	3945	2046	1520	0.033645	0.373832	0.011792	0.740566	-3	right	UWB_Cisp0
chr2	54536967	54545245	44d26360-8492-4aba-afe6-55be5a932d68	54536957	54545490	rev	8278	2022	2964	0.020484	0.804469	0.044473	0.914867	-3	right	UWB_Cisp0
chr2	55179893	55185093	fabcf07d-aaa8-4019-9f47-7963ea387c28	55171840	55185099	rev	5200	1516	3387	0.027397	0.675799	0.088583	0.851378	-3	right	UWB_Cisp0
chr2	55367538	55373120	fe5d7c16-ac77-4cac-9344-ed9538babb5a	55358572	55373130	rev	5582	1558	3785	0	0.593478	0.011785	0.675926	-3	right	UWB_Cisp0
chr2	55379072	55384370	24c7c9cb-cc51-4749-8e5a-f8c5577c8729	55370566	55384379	rev	5298	2279	2736	0.033333	0.610667	0.057734	0.624183	-3	right	UWB_Cisp0
chr2	55889346	55900402	14db4ffa-7675-4abf-b8a4-841802829a65	55887091	55902886	rev	11056	3037	7770	0.004695	0.54554	0.033656	0.687414	-3	right	UWB_Cisp0
chr2	57296135	57300513	ad566133-5b3e-42fc-908a-c786f0c47afb	57294496	57317213	rev	4378	1391	2752	0.019694	0.575492	0.023884	0.551402	0.528347	right	UWB_Cisp0
chr2	57741474	57750485	685e01fa-7270-4f7a-9ba4-2bb4c914ece3	57741470	57751246	fwd	9011	2573	5073	0.009138	0.808094	0.086873	0.746461	-3	right	UWB_Cisp0
chr2	64789371	64793537	9e9eff43-ee91-4dc3-a68b-5773a22fc168	64788146	64796982	fwd	4166	1010	2787	0	0.486989	0.012972	0.604953	-3	right	UWB_Cisp0
chr2	66601972	66611699	9d695515-1589-4119-b486-c80608bbc215	66601968	66611704	fwd	9727	3099	3721	0.068376	0.853632	0.026255	0.914286	-3	right	UWB_Cisp0
chr2	66756476	66764337	d0fc16c3-db09-4ddc-8c8d-f4efdd2eeca5	66753768	66764345	fwd	7861	1115	6504	0.032967	0.593407	0.004306	0.847686	-3	right	UWB_Cisp0
chr2	69517647	69525360	b7222059-488c-4bac-aba8-d5ea9d857e40	69513962	69525504	fwd	7713	1179	6262	0.017606	0.602113	0.035173	0.747119	-3	right	UWB_Cisp0
chr2	69649360	69654406	cd650705-9952-4ce0-b614-00e8c0195ca7	69641706	69654412	fwd	5046	1419	3374	0	0.618026	0.010967	0.675972	-3	right	UWB_Cisp0
chr2	71926040	71932273	ad5e0203-126f-4762-9b4a-13c9bc433f1b	71923572	71932286	fwd	6233	2430	3550	0	0.76087	0.006105	0.869353	-3	right	UWB_Cisp0
chr2	73471683	73476753	6b285861-cbf2-4071-b418-a3957bb3a4b2	73469352	73477588	rev	5070	1127	3758	0.021951	0.541463	0.02	0.589524	-3	right	UWB_Cisp0
chr2	74616935	74621695	66d8a380-8b56-4406-b798-3bbbf7989793	74616927	74630277	rev	4760	2925	1519	0.019144	0.844595	0.038288	0.702703	-3	right	UWB_Cisp0
chr2	74765461	74771890	a0a63c70-f3b3-4757-b368-d3ce1f5f8765	74765450	74771896	fwd	6429	2092	4068	0	0.638462	0.011765	0.921569	-3	right	UWB_Cisp0
chr2	77223123	77232337	4f3c4607-5406-4401-90cf-b6a22f581cf5	77220825	77232342	fwd	9214	2944	4601	0.001431	0.778255	0.032895	0.794079	-3	right	UWB_Cisp0
chr2	81719976	81725193	4342a4b5-ff62-4ae6-a550-1296d113cb95	81713880	81725203	fwd	5217	1735	3196	0.003503	0.570928	0.071066	0.720812	-3	right	UWB_Cisp0
chr2	83901628	83915993	833da001-b399-4cdc-8c2d-1d6e4bc85291	83900537	83916571	fwd	14365	1832	11648	0.081667	0.585	0.042102	0.781175	-3	right	UWB_Cisp0
chr2	87563414	87570709	180edc70-ce19-46ed-b8aa-6e022f47ac6c	87560460	87570719	fwd	7295	1662	4804	0.021127	0.570423	0.003218	0.888978	-3	right	UWB_Cisp0
chr2	88740781	88750103	491e6c6e-4d56-4205-a4ab-8d2493a573d7	88740744	88750111	rev	9322	1856	7193	0	0.653631	0.047782	0.704437	-3	right	UWB_Cisp0
chr2	94234402	94245493	bd199b62-ddb6-42a5-bc22-79a70d51fe32	94231771	94245499	rev	11091	3091	5993	0.012063	0.618818	0.049582	0.766017	-3	right	UWB_Cisp0
chr2	96375877	96382588	4699691c-1149-4de3-823f-bb024236c0c2	96375857	96382592	rev	6711	1864	4251	0	0.812121	0.041857	0.878352	-3	right	UWB_Cisp0
chr2	96884318	96889271	530eb9c4-c402-4573-8625-5f93812dcd9b	96884193	96896513	rev	4953	2109	2555	0	0.447427	0.004839	0.596774	-3	right	UWB_Cisp0
chr2	97122694	97131499	4ec2f86c-671f-4dac-acaf-ce7606786816	97115137	97132463	rev	8805	2462	4962	0.012953	0.573834	0	0.877857	-3	right	UWB_Cisp0
chr2	97334041	97341976	9c2c6221-647f-4936-a9af-dc29e3ef670d	97334030	97366741	fwd	7935	1251	5199	0.051429	0.605714	0.003289	0.838158	0.583387	right	UWB_Cisp0
chr2	97813593	97819063	07d6bf82-178f-4461-a8f0-b3280c95c8b2	97801414	97820595	fwd	5470	1966	3030	0.010084	0.608403	0.030268	0.746217	-3	right	UWB_Cisp0
chr2	99709583	99718259	fe0603df-317f-438e-9b01-38db96524c96	99707331	99722893	fwd	8676	1849	6555	0.020522	0.66791	0.008101	0.906835	-3	right	UWB_Cisp0
chr2	103026378	103041487	4746cbcc-bea3-4078-90e6-7e5cc0345b27	103020090	103043966	fwd	15109	1345	13518	0.047146	0.610422	0.018534	0.714077	-3	right	UWB_Cisp0
chr2	104298118	104304396	a03c57a5-2138-4523-b954-07ab38d9b9a1	104290316	104304407	rev	6278	2141	3869	0.003053	0.639695	0.004554	0.823315	-3	right	UWB_Cisp0
chr2	106120769	106129221	bc0286a3-057e-4d42-a03a-163ed512884b	106120762	106138600	fwd	8452	1588	5746	0.008475	0.731638	0.001369	0.826831	-3	right	UWB_Cisp0
chr2	112762414	112765093	c5880b6e-1515-40cf-9387-f481ee24a794	112758877	112765097	rev	2679	1084	1198	0	0.538182	0.07173	0.78903	-3	right	UWB_Cisp0
chr2	113966820	113973251	a40e8aa7-4d25-4ccb-86a4-c9bb73c7d90b	113966813	113973259	fwd	6431	3110	2938	0.018702	0.931793	0.046192	0.828964	-3	right	UWB_Cisp0
chr2	114593630	114603575	fe5ce026-969a-4345-8a1b-a2cb62a51008	114586822	114605964	rev	9945	3020	5499	0.001174	0.514085	0.011342	0.835539	-3	right	UWB_Cisp0
chr2	122584483	122591224	1da99544-fe4a-45f1-922f-1ac8c78a522a	122579351	122593614	fwd	6741	1915	4572	0	0.510891	0.004318	0.782383	-3	right	UWB_Cisp0
chr2	122692932	122704116	ea13f94e-9fc1-4011-974d-0aab29a44323	122692928	122704125	fwd	11184	2203	8715	0.068085	0.828369	0.083333	0.850076	-3	right	UWB_Cisp0
chr2	125676659	125684886	c5d7c8d2-8e4d-4f98-9e1f-bc42dd873ce5	125670334	125684893	rev	8227	950	5356	0.117318	0.832402	0.007397	0.903161	-3	right	UWB_Cisp0
chr2	130876994	130882909	aab1b2e8-a725-42d4-97da-83c7633ca194	130864767	130896953	fwd	5915	2922	2471	0.082927	0.641463	0.035775	0.647359	0.482455	right	UWB_Cisp0
chr2	132853729	132861606	0ea96c91-29f6-4ed7-a912-b84e2771e214	132852672	132862528	rev	7877	1452	4608	0.117225	0.566986	0.012409	0.89781	-3	right	UWB_Cisp0
chr2	136416862	136424189	9f781aa4-c16f-4280-a21f-803ad01657b1	136415959	136424194	fwd	7327	5821	1126	0.003171	0.874445	0.02974	0.732342	-3	right	UWB_Cisp0
chr2	136828718	136833800	2a332428-1e18-436b-a864-f9381610de92	136815001	136839410	fwd	5082	1126	3411	0.002976	0.357143	0.012241	0.713748	-3	right	UWB_Cisp0
chr2	138857823	138861466	6843b3b4-380b-4b51-a4af-827d414686da	138850626	138861487	fwd	3643	1080	2240	0.01278	0.520767	0.012968	0.775216	-3	right	UWB_Cisp0
chr2	141767575	141773606	852f5386-3c83-48fe-b539-5693e8fcefbf	141764949	141773616	rev	6031	4136	1607	0.013855	0.704156	0.090308	0.759912	-3	right	UWB_Cisp0
chr2	142134562	142142245	6f74ff0e-68c6-4668-ab34-3debb159d621	142134558	142142354	fwd	7683	1146	5595	0.057307	0.601719	0.005076	0.928934	-3	right	UWB_Cisp0
chr2	144483711	144493667	85226f56-25c1-418e-ba8e-90bb67bbf722	144483705	144499352	rev	9956	2952	6775	0.027027	0.818182	0.01277	0.911591	-3	right	UWB_Cisp0
chr2	145545036	145552503	266cab4d-8268-4233-98f1-41878a6940a2	145539095	145552660	rev	7467	1027	3403	0.011628	0.868217	0.00484	0.921588	-3	right	UWB_Cisp0
chr2	145932560	145942173	4d740bb1-619b-468b-ab78-ee6460b58026	145928145	145942180	rev	9613	4143	5100	0.008026	0.504013	0.05036	0.726619	-3	right	UWB_Cisp0
chr2	146015260	146020879	13401d28-0230-47f1-be0b-7ae2992002d4	146006500	146023395	rev	5619	2474	2890	0.005472	0.786594	0.03913	0.78587	-3	right	UWB_Cisp0
chr2	154136522	154149862	3ab9df55-6a68-4ef1-8dca-1d3688dfe2c7	154130786	154150064	fwd	13340	3382	8083	0.000901	0.54955	0.001111	0.86	-3	right	UWB_Cisp0
chr2	155641701	155653110	21514e52-c634-4a0d-a043-3c7bb0814fd9	155641696	155653118	fwd	11409	1492	8830	0.055328	0.883197	0.006087	0.943186	-3	right	UWB_Cisp0
chr2	159079496	159090747	9c3ae9c5-9440-4755-9414-7977e0910218	159078175	159092049	rev	11251	2597	7878	0	0.4944	0.044187	0.738033	-3	right	UWB_Cisp0
chr2	162040587	162046236	bdbb993c-2d9a-4644-a908-584da16e3a35	162030664	162046246	fwd	5649	1602	3627	0	0.557078	0.023566	0.61373	-3	right	UWB_Cisp0
chr2	163248754	163258027	c56c94eb-86a5-491d-bde0-94ebdd437c00	163244614	163258920	rev	9273	1499	7397	0	0.711423	0.045236	0.635226	-3	right	UWB_Cisp0
chr2	165879474	165886510	dcd17320-8cf0-4da2-b669-36a09fd68b40	165874478	165887146	fwd	7036	2519	4234	0.017808	0.728767	0.064032	0.719368	-3	right	UWB_Cisp0
chr2	173876038	173881710	c99d38e1-a035-4325-80dd-9ea5eb1868e7	173873448	173881714	rev	5672	3528	1712	0	0.843117	0.106122	0.773469	-3	right	UWB_Cisp0
chr2	175762098	175764513	af95450b-9686-47d9-843d-9867b460caa0	175752380	175764517	rev	2415	1120	1054	0.055914	0.56129	0	0.799492	-3	right	UWB_Cisp0
chr2	179118267	179123970	57300374-24e5-477a-be3f-2e6058661dca	179118250	179123975	fwd	5703	1578	3854	0.043384	0.774403	0.043021	0.866157	-3	right	UWB_Cisp0
chr2	181493218	181499650	d2fb63bd-24fd-4ae9-b0ba-e23de37db3bb	181490047	181499656	rev	6432	2939	3182	0	0.38046	0.018145	0.829637	-3	right	UWB_Cisp0
chr2	181860601	181868849	f1f809eb-9d53-4b7f-a008-ce9f1f33aac9	181860594	181875153	rev	8248	3136	3612	0.017448	0.715376	0.013559	0.909322	-3	right	UWB_Cisp0
chr2	182305086	182310341	a903daee-a44c-465e-90d4-946302af2cd7	182298815	182310346	fwd	5255	1567	3477	0.01354	0.605416	0	0.820021	-3	right	UWB_Cisp0
chr2	182744143	182750469	b5eb37fc-c03d-4de3-b94c-7e03db4f8009	182736902	182750477	fwd	6326	2616	3279	0.02765	0.511521	0.000841	0.826745	-3	right	UWB_Cisp0
chr2	183324633	183328521	4536ff3a-bb5f-4917-937a-72d4b1d80b9c	183318857	183328528	fwd	3888	1818	1586	0	0.619171	0.02812	0.72935	-3	right	UWB_Cisp0
chr2	185184749	185189657	2ff7311f-4a1f-49a9-a107-8af0d286eb39	185176182	185191068	rev	4908	1583	2032	0.075075	0.510511	0.008889	0.462222	-3	right	UWB_Cisp0
chr2	186549941	186561890	3d90a9aa-c8ff-4144-8e66-c282a699b4ac	186549931	186564070	rev	11949	4423	6786	0.042254	0.776761	0.039306	0.845329	-3	right	UWB_Cisp0
chr2	188903423	188908360	7032f093-739a-42b5-b55a-6a6c1876fa31	188902936	188908367	rev	4937	1138	3506	0	0.560526	0.007726	0.853201	-3	right	UWB_Cisp0
chr2	196050496	196056775	77f6e2fe-3667-4ae9-afac-fcb253f5da74	196046893	196056784	fwd	6279	2003	2815	0.039568	0.410072	0.021771	0.603774	-3	right	UWB_Cisp0
chr2	199213752	199218942	df012cc7-e446-48e5-801e-4cd8e71e8761	199207701	199218948	fwd	5190	1872	1630	0.014989	0.687366	0.088362	0.752155	-3	right	UWB_Cisp0
chr2	201576680	201587461	6df405bd-f843-4135-abfe-684f6cb0a5e7	201575067	201587468	rev	10781	1267	5489	0.044811	0.245283	0.073171	0.487805	-3	right	UWB_Cisp0
chr2	202669274	202675206	b431e8e7-eca6-482c-9811-d75bb2cd3c38	202668365	202684309	rev	5932	1896	3748	0	0.649805	0.01626	0.81417	-3	right	UWB_Cisp0
chr2	203649378	203658148	c1513b32-9c0c-48dc-ba0c-4052ff99a611	203641756	203660112	rev	8770	5793	2397	0.007115	0.750323	0.076786	0.6125	-3	right	UWB_Cisp0
chr2	203746010	203751031	23f62b41-69d9-47d2-83ab-67d1d2ea7db3	203744716	203767351	rev	5021	1550	2638	0.078591	0.644986	0	0.835358	-3	right	UWB_Cisp0
chr2	210894962	210904740	d96ce8d6-289e-4369-bebd-60abe7ed069e	210894955	210904969	rev	9778	1574	7975	0.111597	0.708972	0.004991	0.884301	-3	right	UWB_Cisp0
chr2	211831183	211851081	40caa0be-639e-4654-b177-8ba5a75485a8	211826453	211852499	rev	19898	1498	16166	0.01217	0.643002	0.016161	0.93043	-3	right	UWB_Cisp0
chr2	213243517	213251467	88501446-31b9-4fd1-b1a6-dcbdfbaa67d6	213238808	213259390	fwd	7950	1719	5941	0.024119	0.717996	0.030168	0.701676	0.728339	right	UWB_Cisp0
chr2	213663264	213669305	01a9c6ec-f5de-44aa-8d24-d94a1fa2a0da	213649681	213669312	rev	6041	2339	3084	0.007225	0.559249	0.015064	0.755504	-3	right	UWB_Cisp0
chr2	215763377	215768028	bbb8129b-46f7-454a-a743-acad52b6a5c8	215762235	215768033	fwd	4651	1146	3255	0	0.645161	0.00442	0.850829	-3	right	UWB_Cisp0
chr2	239572470	239580840	df89c595-462c-41a4-86dc-bbfab7190a9e	239571703	239581410	fwd	8370	1121	6579	0.096154	0.416667	0.040446	0.758717	-3	right	UWB_Cisp0
chr2	241617038	241629523	174c0c86-fa8a-4343-95ac-a58d833c542f	241617034	241634348	fwd	12485	1233	10042	0	0.777027	0.023033	0.868522	-3	right	UWB_Cisp0
chr20	6286666	6289734	5efa2b88-5c58-4d6c-852f-1902dc706c5e	6283128	6289740	rev	3068	1407	1335	0.006148	0.620902	0.013645	0.758285	-3	right	UWB_Cisp0
chr20	9271398	9281072	dd7deb80-462d-4f69-a9b2-a0f75aeb6ed3	9271392	9301568	rev	9674	3625	4471	0	0.686293	0.020328	0.87803	0.035346	right	UWB_Cisp0
chr20	14906149	14913025	4e17e0cd-38c0-418e-b5bf-6124ee2891be	14904784	14920184	fwd	6876	1594	1154	0.074699	0.262651	0.015291	0.443425	0.472021	right	UWB_Cisp0
chr20	18942594	18946079	35766e26-a11a-43f4-b9db-a84a21283767	18939035	18948407	rev	3485	1134	2065	0.018692	0.518692	0.022838	0.768352	-3	right	UWB_Cisp0
chr20	19166516	19178948	7bdc7445-74ca-4411-8070-c96f1d70d5e6	19166508	19180965	fwd	12432	1372	10711	0.011442	0.864989	0.038694	0.856326	-3	right	UWB_Cisp0
chr20	21912145	21924406	1adc7d90-b641-4f35-b81e-a98dbb9737a7	21908127	21925263	rev	12261	2945	7667	0	0.857394	0.028046	0.797872	-3	right	UWB_Cisp0
chr20	31053376	31066213	b827eb66-d485-4029-b11d-343cb518a445	31051508	31068512	fwd	12837	7856	546	0.050388	0.282171	0.025641	0.423077	-1	right	UWB_Cisp0
chr20	31061837	31065312	269090f7-2c8d-46af-9269-8b0c722021ae	31055806	31071209	fwd	3475	1089	1664	0	0.5	0.010101	0.414141	-3	right	UWB_Cisp0
chr20	31056555	31071203	7a0d0574-fbb1-4beb-a8ee-767ad70f90f8	31056025	31075057	fwd	14648	8892	1432	0.120295	0.407529	0	0.610619	-3	right	UWB_Cisp0
chr20	31058727	31062081	4cc6473e-a43d-4643-932a-49b4e14b76b0	31056925	31065462	rev	3354	1500	1295	0.069474	0.614737	0.085919	0.680191	-3	right	UWB_Cisp0
chr20	31065287	31069926	5a351f04-7bc5-4e60-b1ea-67c1a4149686	31061810	31069933	fwd	4639	1133	1129	0	0.387435	0	0.52356	-3	right	UWB_Cisp0
chr20	31077943	31083135	f9fe5dcf-390f-4291-9d20-bd9f2617158f	31077911	31089028	fwd	5192	1894	699	0.11335	0.634761	0	0.58156	-1	right	UWB_Cisp0
chr20	32603134	32607643	8aa0cb8a-3149-478d-a3bb-64e05d162264	32593373	32607658	fwd	4509	1459	2747	0	0.54321	0.00507	0.674271	-3	right	UWB_Cisp0
chr20	37187622	37190936	f8bd911f-3097-4d2d-be57-aca412a8c317	37181456	37190941	fwd	3314	1232	1004	0	0.163265	0.087662	0.584416	-3	right	UWB_Cisp0
chr20	45572045	45578628	53cae247-9e14-4535-a224-674923a320b3	45572039	45578632	rev	6583	1456	4806	0.060694	0.731214	0.062241	0.772476	-3	right	UWB_Cisp0
chr20	46260040	46265220	08ca61b7-b743-4a38-86c0-c9c28dbe15a8	46260035	46271108	rev	5180	1042	3773	0.004348	0.556522	0.029656	0.672598	-3	right	UWB_Cisp0
chr20	47660797	47667503	ea4a2bbd-6682-4f83-8d77-52fbe28fc715	47657623	47667508	fwd	6706	1318	5083	0	0.550725	0.06338	0.705106	-3	right	UWB_Cisp0
chr20	48016598	48030854	51d4e4d5-c8ee-4ac7-9f03-5219e4c4ddbd	48013519	48033159	rev	14256	2427	10901	0.029297	0.554688	0.042439	0.837656	-3	right	UWB_Cisp0
chr20	50153496	50163637	226548c0-2cbd-4ca6-bb95-b6228fb4f6f5	50152870	50166168	rev	10141	2007	6904	0.052154	0.648526	0.030948	0.8098	-3	right	UWB_Cisp0
chr20	53844705	53849538	62cc2ff9-4d19-479a-8931-3baa981e67c1	53813774	53854598	rev	4833	2276	1368	0	0.651515	0.093909	0.667513	-1	right	UWB_Cisp0
chr20	54874685	54884391	4201552d-9f98-4dca-a6af-90d7bd93b864	54874081	54884487	rev	9706	1487	7966	0.044118	0.588235	0.028369	0.843499	-3	right	UWB_Cisp0
chr20	55481714	55487230	c9c9b80f-b90a-4f18-91d2-8bb2d7f5238f	55477427	55487273	fwd	5516	1004	4178	0	0.570136	0.010031	0.85571	-3	right	UWB_Cisp0
chr20	56963090	56972068	09811a9f-6f43-4bd8-adee-599d985c4cac	56955004	56972072	rev	8978	1624	7007	0.011628	0.634884	0.004324	0.794317	-3	right	UWB_Cisp0
chr20	58426301	58434050	34413714-20db-4932-9b87-f1af51aeae48	58420392	58436892	rev	7749	4148	3381	0.004558	0.696445	0.030303	0.829545	-3	right	UWB_Cisp0
chr20	59595945	59607777	6661055d-369c-430a-b824-148b5d46af62	59595939	59608994	fwd	11832	5431	4229	0.008108	0.878378	0.006237	0.87422	-3	right	UWB_Cisp0
chr20	60517450	60525467	b9b8bbc2-2999-4757-8b49-303e0d19b186	60510604	60527028	rev	8017	4044	2979	0.011024	0.458268	0.002128	0.846809	-3	right	UWB_Cisp0
chr20	62401459	62406682	a4d70111-85fd-464e-a985-ee6421a0d344	62400954	62411424	rev	5223	1506	3399	0	0.634868	0.069863	0.720548	-3	right	UWB_Cisp0
chr21	13116551	13123139	fbd4d10b-ae18-48a7-8621-19ca779e69e9	13113436	13123143	rev	6588	3659	2665	0.017308	0.786538	0.027132	0.830749	-3	right	UWB_Cisp0
chr21	14045265	14049225	31aca65c-a654-4d9f-801f-71e7bbdb832b	14036612	14049229	rev	3960	1004	2643	0	0.460648	0.002134	0.895411	-3	right	UWB_Cisp0
chr21	14817088	14823934	c2b63c5f-46f3-4a06-aa55-4e16d2941dfd	14809946	14839535	rev	6846	2855	2257	0	0.883721	0.109626	0.756684	0.389276	right	UWB_Cisp0
chr21	18375061	18383579	3f511f26-843f-4fc5-9241-2de5ee72b4c8	18371568	18383585	rev	8518	2317	3088	0.046703	0.70467	0.013752	0.909627	-3	right	UWB_Cisp0
chr21	23692874	23703994	4c48c643-2e08-4a47-a835-6634a1358c97	23689639	23705017	fwd	11120	2526	6960	0.053179	0.654335	0.005604	0.844626	-3	right	UWB_Cisp0
chr21	24401359	24404600	8b63a053-e53a-41e8-84f8-2a1c7b45719b	24400856	24409290	fwd	3241	1509	1435	0.005952	0.491071	0.01269	0.548223	-3	right	UWB_Cisp0
chr21	24532205	24542331	8e4b68c1-0067-439f-b3ab-7c852cde817e	24532184	24542335	rev	10126	4039	3438	0.016569	0.897661	0.03074	0.89049	-3	right	UWB_Cisp0
chr21	24707401	24711928	4df5398f-d710-4994-8394-d7d7caf7590b	24691837	24711932	rev	4527	1775	2429	0.025292	0.464981	0.01601	0.812808	-3	right	UWB_Cisp0
chr21	29534869	29542263	621b611f-f0ec-4ba8-98e7-dd3e3d5aa1ec	29534863	29545372	fwd	7394	1022	4475	0.010811	0.932432	0.00899	0.932227	-3	right	UWB_Cisp0
chr21	34225414	34232137	366d0ae0-eab4-4fb9-b0eb-6dcd8c73fbaa	34216951	34232151	fwd	6723	3876	2687	0	0.77398	0.001427	0.794579	-3	right	UWB_Cisp0
chr22	19891346	19902494	bee82044-0de3-4f1b-9a35-9813e26df964	19886988	19903036	rev	11148	4240	4421	0.000973	0.668288	0.014299	0.880839	-3	right	UWB_Cisp0
chr22	20183364	20191911	70570669-2b54-4802-924d-cc3a6ff6cc69	20176707	20203272	rev	8547	1093	5848	0	0.488479	0.042155	0.643247	0.504049	right	UWB_Cisp0
chr22	22816180	22819914	2e8946c2-22f5-40a4-b12c-3c6b7b71c80a	22807008	22819924	rev	3734	1335	1575	0.043228	0.40634	0.0317	0.59366	-3	right	UWB_Cisp0
chr22	38434943	38444219	21f45736-4648-446b-b1df-dcdb7cf6df82	38424284	38445578	fwd	9276	2239	6818	0.011086	0.640798	0.05117	0.885965	-3	right	UWB_Cisp0
chr22	40707304	40714696	17b80bc7-a1fb-43ef-aa6d-ac3caca8b013	40707290	40714716	rev	7392	3640	3432	0.00107	0.623529	0.007509	0.79224	-3	right	UWB_Cisp0
chr22	45672253	45675278	ddeba854-b746-4011-b829-5c1aad72247a	45654696	45675283	rev	3025	1432	1191	0.006289	0.663522	0	0.504673	-3	right	UWB_Cisp0
chr3	1052405	1059572	70819b7c-5539-4771-b52f-f46a75cf8dbe	1052400	1060152	fwd	7167	1076	5759	0.056213	0.485207	0.017761	0.893434	-3	right	UWB_Cisp0
chr3	7602033	7617065	536a7e35-a4ad-45f3-b51c-fde9861cf38b	7586922	7617075	rev	15032	2320	10761	0.001422	0.847795	0.05572	0.776129	-3	right	UWB_Cisp0
chr3	10545705	10553313	31d5d318-fb4e-45fb-b052-5607f8b69fb6	10541809	10553318	fwd	7608	1991	5350	0.030905	0.649007	0.083333	0.727477	-3	right	UWB_Cisp0
chr3	13394134	13399585	6b1aeea6-37da-4eea-9d41-a11d1ee7d943	13384358	13400329	fwd	5451	3600	1358	0	0.713893	0.061433	0.552901	-3	right	UWB_Cisp0
chr3	16568835	16573748	30762c83-5754-4652-a02b-d8f239398ebb	16558545	16573753	fwd	4913	1618	2817	0	0.52381	0.002766	0.763485	-3	right	UWB_Cisp0
chr3	20428661	20434532	8ac252ed-37b0-46bc-af3b-fb0e5019ae5c	20427652	20434538	rev	5871	2558	2684	0.035573	0.5	0.028463	0.685009	-3	right	UWB_Cisp0
chr3	20434090	20442616	aea75892-08f2-4ec8-a5d3-36455160326a	20433496	20442634	fwd	8526	4325	1857	0.022711	0.605128	0.026066	0.720379	-3	right	UWB_Cisp0
chr3	20796606	20802217	534fa64b-665b-4a08-adf1-eb6eb01e77ef	20788492	20802223	fwd	5611	1936	2852	0.075501	0.647149	0.059565	0.73425	-3	right	UWB_Cisp0
chr3	21452267	21456398	59f5ce3c-d53a-4837-8383-91359a561ae2	21447169	21456403	rev	4131	1071	2726	0.108911	0.670792	0.019802	0.762376	-3	right	UWB_Cisp0
chr3	24665779	24676423	57f97d85-634c-48d3-aab6-b8fe5bd14979	24660310	24676427	rev	10644	4398	5963	0.024331	0.7794	0.003369	0.87872	-3	right	UWB_Cisp0
chr3	32699552	32710645	cc5ea510-703a-4897-92ae-0ba116103c58	32697337	32710650	rev	11093	3343	7545	0.004598	0.729885	0.084572	0.680297	-3	right	UWB_Cisp0
chr3	38553804	38560232	6e7cffd9-21d5-4c70-96db-ae1f52fd544b	38552323	38560683	rev	6428	1606	4575	0	0.638743	0.014925	0.807836	-3	right	UWB_Cisp0
chr3	48635713	48645030	a37bc4d2-68c0-4e7c-8274-9cb092b382b0	48633775	48645041	fwd	9317	4471	4500	0	0.596026	0.002817	0.747887	-3	right	UWB_Cisp0
chr3	58744159	58753225	ba9dc730-6798-496e-9f81-e58283c1699e	58740491	58753236	rev	9066	2619	4868	0.118959	0.550186	0.046921	0.805718	-3	right	UWB_Cisp0
chr3	60723930	60732321	e17ec568-3c9c-4e21-b1e9-f412cf9f9144	60721057	60732329	fwd	8391	1961	6185	0	0.611664	0.088631	0.644254	-3	right	UWB_Cisp0
chr3	65540550	65547085	25624e95-0fa7-431a-a20e-f252f8ba8b20	65537263	65547093	fwd	6535	1375	4669	0	0.301887	0.022609	0.710435	-3	right	UWB_Cisp0
chr3	67771802	67778086	2c8abeb0-915f-42da-87cb-769db298dcde	67767512	67778091	fwd	6284	2422	2946	0	0.915473	0.072411	0.835014	-3	right	UWB_Cisp0
chr3	74323827	74333696	0c81155d-7665-4fd1-8f15-94930d755ffc	74323820	74333820	rev	9869	5661	3218	0.002429	0.908925	0.096134	0.787879	-3	right	UWB_Cisp0
chr3	74658529	74667690	93e2512d-86e5-4e64-bbdf-b526df8033de	74658520	74667696	rev	9161	2756	3708	0.018564	0.632426	0.004796	0.892086	-3	right	UWB_Cisp0
chr3	82760837	82766034	680044f8-35df-46b8-b9dd-77cb83c27f9b	82748888	82766043	fwd	5197	1409	3026	0	0.418079	0.008081	0.707071	-3	right	UWB_Cisp0
chr3	84286449	84290510	92e4291b-4550-4f9e-ae31-8c49204cae67	84283395	84290514	rev	4061	1284	2388	0.048724	0.443155	0.006993	0.742657	-3	right	UWB_Cisp0
chr3	88253009	88261611	5f1d253f-d5c1-48d1-b901-12fd8330cbbd	88250631	88261616	fwd	8602	2282	5306	0	0.691391	0.002789	0.896821	-3	right	UWB_Cisp0
chr3	90187894	90197617	e19a4e9e-c1c2-456b-8869-df1bf75936c0	90187748	90197882	fwd	9723	3400	5754	0.015988	0.664244	0.021966	0.517847	-3	right	UWB_Cisp0
chr3	97891063	97899264	e136d417-6309-4537-9175-3969a66cabaa	97877987	97900323	fwd	8201	2597	4713	0.020335	0.616029	0.010631	0.856478	-3	right	UWB_Cisp0
chr3	98392956	98402757	cc0f04c3-399c-439e-bf93-02bf73859e80	98391829	98411239	fwd	9801	5340	1906	0.102975	0.508009	0.033632	0.856502	-3	right	UWB_Cisp0
chr3	100343230	100347137	8002bd8a-29b3-4107-8785-a0c6943cc8af	100343222	100355612	rev	3907	1938	1622	0	0.74938	0.089136	0.601671	-1	right	UWB_Cisp0
chr3	106733650	106740274	2346b69d-0699-4a68-b608-ddcfd8a6789d	106731892	106740280	fwd	6624	3228	3138	0.004171	0.665276	0.011173	0.861453	-3	right	UWB_Cisp0
chr3	112387278	112391195	b2d6f0b0-f10d-4c3d-95a8-abd819527e73	112380474	112391200	fwd	3917	2604	1037	0	0.551775	0	0.714286	-3	right	UWB_Cisp0
chr3	114513749	114519677	af00a5f8-f306-4cff-a609-b43980522b13	114508177	114519683	rev	5928	2080	3510	0.006791	0.334465	0.005092	0.812627	-3	right	UWB_Cisp0
chr3	117317734	117325997	b18b4995-0f02-4731-9a9d-869fa008ef7d	117316242	117330840	fwd	8263	2045	5917	0.041667	0.698413	0.086073	0.704722	-3	right	UWB_Cisp0
chr3	119785776	119796821	4b6aa459-1122-442a-a093-c958af0cc397	119783723	119798243	rev	11045	5732	4963	0.00692	0.849827	0.05914	0.732975	-3	right	UWB_Cisp0
chr3	124257150	124263322	590bfc7f-18d7-408a-bc26-47ef56667ce0	124256539	124263327	rev	6172	1293	4504	0	0.341808	0.019531	0.822656	-3	right	UWB_Cisp0
chr3	126000854	126007775	e1d52611-6432-4dd3-a7c3-9c34fe72e839	126000849	126009968	rev	6921	2079	4352	0.049929	0.563481	0.023645	0.748768	-3	right	UWB_Cisp0
chr3	129723394	129728327	9cd2a40b-abf5-4d4e-aa72-d67ffdedee6c	129715214	129728334	fwd	4933	3567	1060	0	0.609359	0.003279	0.606557	-3	right	UWB_Cisp0
chr3	130420092	130431493	bae51ff8-241a-423d-a1ba-033d2885bbc3	130419663	130431509	rev	11401	3790	6408	0.019948	0.779705	0.036833	0.772402	-3	right	UWB_Cisp0
chr3	131720167	131729464	d20cb32a-2669-44ba-83ee-2668274f119a	131710564	131729472	rev	9297	2731	5134	0.10303	0.633333	0.016795	0.738978	-3	right	UWB_Cisp0
chr3	133711535	133716877	15dde8be-916e-4a2e-a44a-529538124b1f	133698634	133719224	rev	5342	1043	4076	0.101449	0.478261	0.016892	0.630631	-3	right	UWB_Cisp0
chr3	134726596	134735553	192c9150-7d67-4444-b2dc-7060e97f8eb7	134724052	134735565	fwd	8957	3016	3935	0.01812	0.783692	0.0499	0.830339	-3	right	UWB_Cisp0
chr3	135012979	135017835	aee10349-f63f-4a30-82b1-14d1728bb6dd	135012026	135025409	rev	4856	1074	3487	0.037037	0.558923	0.043702	0.821337	-3	right	UWB_Cisp0
chr3	136340991	136347393	c2218bee-4906-473f-83db-17f5a82f8502	136335503	136347405	fwd	6402	1010	5070	0	0.554348	0.042524	0.694787	-3	right	UWB_Cisp0
chr3	139294200	139302048	76457a8e-c25e-4ef0-b61b-f8a2ec83af98	139288845	139305103	fwd	7848	1852	5686	0	0.509677	0	0.849057	-3	right	UWB_Cisp0
chr3	139594544	139600217	22d516b4-8530-414b-8c0a-b2636222b070	139593820	139601767	fwd	5673	1811	3450	0	0.693827	0.017946	0.911266	-3	right	UWB_Cisp0
chr3	141802752	141820236	918ac13b-fd21-4c8b-8a6f-0234f5a2010f	141802747	141822820	fwd	17484	2278	12899	0.042435	0.832103	0.040863	0.80647	-3	right	UWB_Cisp0
chr3	141882183	141892960	0dab8b7a-71ea-44df-8ad8-c7b8ea4d9641	141880270	141892966	fwd	10777	7143	2359	0.010835	0.849661	0.027251	0.85782	-3	right	UWB_Cisp0
chr3	143916488	143921960	039bacc8-e6fd-40fa-8963-70d4ec177fc8	143912521	143922232	fwd	5472	1515	3522	0	0.595978	0.050865	0.785351	-3	right	UWB_Cisp0
chr3	144003293	144008593	ed01e36a-023e-437a-be25-0139fe9c1c82	144001054	144014875	fwd	5300	3001	1409	0	0.908359	0.051852	0.790123	-1	right	UWB_Cisp0
chr3	148226764	148231694	7f212aa1-404c-4dd5-85c2-464a98d16c02	148221929	148239021	fwd	4930	1426	3206	0	0.603524	0.001079	0.815534	-3	right	UWB_Cisp0
chr3	151878468	151885300	5ba56bf4-9adc-4a30-b202-a86eb042ac8e	151876212	151885305	rev	6832	3295	3168	0	0.748652	0.042842	0.874608	-3	right	UWB_Cisp0
chr3	152309965	152327275	17634b6f-7e8f-4a34-a14f-d48d5f064de8	152293838	152327285	rev	17310	2570	11846	0.002649	0.85298	0.016929	0.778141	-3	right	UWB_Cisp0
chr3	153434978	153442501	3cc0039b-4b83-4b64-a4a9-b0dcf0f02978	153428414	153444104	rev	7523	2496	3724	0.004274	0.893162	0.007366	0.822284	-3	right	UWB_Cisp0
chr3	158135333	158142789	8194029d-380c-4a59-a1d0-5d6cddb5a93f	158135324	158143649	rev	7456	1344	4040	0.042735	0.891738	0.005576	0.932156	-3	right	UWB_Cisp0
chr3	160291668	160300150	fef4a000-d836-4a1f-a141-0187fe1af06b	160287635	160300155	rev	8482	3331	4581	0.060803	0.687296	0.044492	0.839689	-3	right	UWB_Cisp0
chr3	161529598	161536546	8ba4a8ea-b705-425e-83e2-e5caf721a85f	161524960	161539352	fwd	6948	3937	2734	0.019481	0.484578	0.017316	0.821429	-3	right	UWB_Cisp0
chr3	165386895	165393275	c946c2d7-30d1-416d-93d7-0516732cb107	165375699	165393287	rev	6380	1461	4689	0	0.627859	0.013158	0.907121	-3	right	UWB_Cisp0
chr3	167627005	167630662	bf6c03e8-6b77-4798-957c-da469e4ae69f	167624782	167630668	rev	3657	1601	1711	0.010288	0.526749	0.00188	0.757519	-3	right	UWB_Cisp0
chr3	168262231	168273825	15983a19-017e-41e4-af3f-c624cf2a637b	168261834	168273830	rev	11594	2221	6659	0.028401	0.653214	0.005701	0.896437	-3	right	UWB_Cisp0
chr3	168705672	168715123	4a54cdf5-fbb9-4736-b6d9-92b105fc9d11	168699667	168715130	fwd	9451	1143	8038	0.060109	0.631148	0.011197	0.844402	-3	right	UWB_Cisp0
chr3	176043219	176046837	a21df91d-df9d-48a7-8cab-c5b238984760	176035173	176046842	rev	3618	1216	1764	0.042714	0.351759	0.001949	0.576998	-3	right	UWB_Cisp0
chr3	177660987	177670597	9dea5528-9341-44c1-a9cf-189f386f1a54	177660979	177674587	rev	9610	1828	6375	0	0.721763	0.036639	0.796589	-3	right	UWB_Cisp0
chr3	178765792	178772502	cbec0b5e-67f1-40c0-a5b1-be9018722a3d	178765787	178784284	fwd	6710	1481	3674	0.051724	0.678879	0.00095	0.879392	-3	right	UWB_Cisp0
chr3	178959912	178963477	badfda65-a82a-472b-8dda-a7f5553cfb50	178957061	178969490	fwd	3565	1883	1433	0	0.726277	0	0.907449	-1	right	UWB_Cisp0
chr3	179999665	180007550	850975e3-b01d-419f-b5aa-4594085ad7b7	179999654	180007554	rev	7885	3839	3170	0.07027	0.778378	0.036286	0.815368	-3	right	UWB_Cisp0
chr3	180038626	180041960	f3f6bf61-7a87-4eb4-a9cf-56831985c74d	180032157	180041966	rev	3334	1598	1374	0.066532	0.574597	0.011494	0.810345	-3	right	UWB_Cisp0
chr3	180371224	180381424	7f277a95-19f3-4f10-b6b5-be60b947a9e8	180366238	180381429	fwd	10200	3552	4673	0.003686	0.878378	0.025965	0.826232	-3	right	UWB_Cisp0
chr3	181881814	181890036	3330c194-80df-43c2-9d18-270ebd8443b9	181877524	181890040	rev	8222	3172	4764	0.0058	0.74826	0.004598	0.822222	-3	right	UWB_Cisp0
chr3	181890503	181894256	76596cb7-86df-4a21-8ab3-37e0e0b255d3	181884985	181894262	fwd	3753	566	2901	0.077381	0.892857	0.033149	0.872928	-3	right	UWB_Cisp0
chr3	182529963	182534844	0acc3889-04ca-4dba-a146-46e3f326247b	182507229	182534927	fwd	4881	1511	2973	0	0.32948	0.00495	0.658416	-3	right	UWB_Cisp0
chr3	182980537	182987791	0a10d724-6a01-4065-a890-45b82dceb200	182977284	182987797	fwd	7254	1109	5257	0.053763	0.55914	0.032593	0.82	-3	right	UWB_Cisp0
chr3	183511873	183517416	44c40c90-2797-4635-a743-9cc80dd965cf	183502882	183522236	rev	5543	1929	1522	0.010676	0.642349	0	0.907928	-1	right	UWB_Cisp0
chr3	183661018	183665692	fd3b7b87-4944-49cb-b512-53efb8d0b5dd	183660786	183676651	fwd	4674	1071	1425	0	0.426332	0.002183	0.954148	-3	right	UWB_Cisp0
chr3	190749835	190756950	540ba8c5-e27c-498d-814d-652dd730516f	190749831	190761663	fwd	7115	2620	4258	0.002601	0.776333	0.006703	0.803169	-3	right	UWB_Cisp0
chr4	1096876	1106248	b5c3b73b-471b-45fc-a25e-b0e12f0a6eb7	1093878	1106871	fwd	9372	2912	4646	0	0.877127	0.027888	0.778884	-3	right	UWB_Cisp0
chr4	2859475	2872041	e65dd7a9-f3ff-4957-a2a8-07136c8f4387	2859464	2872178	fwd	12566	2751	9594	0.006297	0.919395	0.050924	0.816882	-3	right	UWB_Cisp0
chr4	2963676	2967554	dbc69d67-6e44-4fe5-9cbf-c0bc9dfb6dda	2954228	2967563	fwd	3878	1596	1971	0.00578	0.656069	0.007491	0.876404	-3	right	UWB_Cisp0
chr4	3131171	3148392	573108bb-902b-4da6-b1ef-d212ccdeed8d	3131167	3149592	fwd	17221	1400	15388	0.078947	0.76555	0.005577	0.83269	-3	right	UWB_Cisp0
chr4	3899203	3905606	68b2846b-6e33-4ef1-8697-542afb507432	3897244	3908009	rev	6403	1175	4817	0	0.395498	0.003759	0.715038	-3	right	UWB_Cisp0
chr4	4565917	4575939	04192f21-0ffc-4a93-9f9c-8a3fbce23801	4565911	4575944	fwd	10022	3889	5674	0.03854	0.906694	0.066269	0.905898	-3	right	UWB_Cisp0
chr4	4596160	4602951	249bba20-ec61-449c-b561-89130235e73c	4593631	4602957	fwd	6791	3279	3128	0.003695	0.73399	0.052693	0.736534	-3	right	UWB_Cisp0
chr4	21231804	21238974	4f71d025-7817-4a8d-878e-0e1d76b4894f	21229475	21240617	fwd	7170	1437	3826	0	0.665842	0	0.912121	-3	right	UWB_Cisp0
chr4	22992759	23001355	bfa1207e-df18-44a1-9a10-69f3b0f9c17a	22984207	23002864	fwd	8596	1152	5730	0.022161	0.479224	0.002527	0.681152	-3	right	UWB_Cisp0
chr4	23287492	23293250	8d064e3a-dd2e-464b-805b-1b8ceb4bd7fd	23284667	23293259	rev	5758	2593	2278	0.009371	0.890228	0.135053	0.732929	-3	right	UWB_Cisp0
chr4	24497016	24502413	9574f12e-cd00-4b59-94f5-079c6cdb6854	24487332	24504489	rev	5397	2027	3090	0	0.649728	0.03592	0.693966	-3	right	UWB_Cisp0
chr4	25608367	25616519	fa98d21e-2ccb-40f4-b505-74b2aad6358d	25608359	25616523	rev	8152	2462	4450	0.065649	0.821374	0.076923	0.721154	-3	right	UWB_Cisp0
chr4	29391305	29400515	e4b1233f-367f-4491-8e78-2122f44b8319	29389252	29401117	fwd	9210	1801	7192	0	0.686869	0.010796	0.793972	-3	right	UWB_Cisp0
chr4	29849655	29852481	5c47bad2-f9bb-43f3-9933-f3d32958c5ed	29841651	29861766	rev	2826	1264	1201	0	0.376812	0	0.569975	0.241642	right	UWB_Cisp0
chr4	30769106	30775839	49cbc7ee-8098-418a-b576-18bf3fcd6b71	30768360	30775845	fwd	6733	3510	2161	0.011515	0.780337	0.146685	0.781382	-3	right	UWB_Cisp0
chr4	37885234	37890958	89423576-c8ae-4d56-880a-c83828f99e98	37879513	37890963	fwd	5724	2386	3084	0	0.637807	0.007174	0.898135	-3	right	UWB_Cisp0
chr4	38604926	38610913	e1b43c1c-6d13-4462-8496-35a3c8161aec	38599254	38611142	fwd	5987	3696	2068	0.012725	0.711559	0.030181	0.774648	-3	right	UWB_Cisp0
chr4	42066454	42072201	7a4fbc9f-8bf5-450c-9bb5-1e1fc8727e88	42058995	42073000	rev	5747	2885	2355	0	0.582071	0.071848	0.659824	-3	right	UWB_Cisp0
chr4	43576200	43586573	30e30bf2-44c1-4cb0-aaf9-990f5c4c28c4	43573255	43589917	rev	10373	1559	7782	0.006678	0.601002	0.019992	0.837797	-3	right	UWB_Cisp0
chr4	52232324	52237318	e3d50fed-7864-4707-90a5-6254089c9ae0	52224241	52237323	rev	4994	2405	2233	0	0.527132	0.04271	0.659794	-3	right	UWB_Cisp0
chr4	56241444	56250040	2291dec6-446a-490d-b672-757ec7eab4cd	56240497	56250467	rev	8596	3472	3235	0.009424	0.732984	0.015152	0.930556	-3	right	UWB_Cisp0
chr4	67822755	67830200	f17f290a-ceab-467a-abdf-00eb507f36c5	67815215	67830206	fwd	7445	1795	4573	0	0.577513	0.034014	0.833711	-3	right	UWB_Cisp0
chr4	72822476	72828525	d75b5efb-dd7c-4378-b668-3aad12c5f1a9	72817152	72828530	rev	6049	1698	4072	0.001815	0.46824	0	0.90309	-3	right	UWB_Cisp0
chr4	80332872	80338185	d8eb2b14-5d63-4f62-bf4f-a596459a4e9f	80327130	80338196	rev	5313	1798	3198	0.046602	0.570874	0.05731	0.716959	-3	right	UWB_Cisp0
chr4	97206672	97211012	fb50f27e-25ba-4165-9803-b341ec27d66a	97206483	97211496	rev	4340	1920	2149	0	0.519355	0.020468	0.842105	-3	right	UWB_Cisp0
chr4	97380654	97387956	e8dac508-9be0-4b2f-85ee-bf2c3c74ee7a	97378050	97387963	fwd	7302	2885	3693	0.071625	0.684573	0.050532	0.828901	-3	right	UWB_Cisp0
chr4	105706474	105713508	6d19f353-7455-4287-aaa1-aa17659cf380	105693186	105713513	fwd	7034	1767	4998	0.012545	0.582437	0	0.790344	-3	right	UWB_Cisp0
chr4	109413862	109420690	fdcd93cd-8c10-40ac-be24-fb689bb812d7	109397787	109420699	rev	6828	1512	3691	0.032854	0.854209	0.060362	0.84507	-3	right	UWB_Cisp0
chr4	114145428	114149913	626715a5-8349-49f2-b3a5-4e1f40c0be7a	114145233	114154605	rev	4485	2240	1982	0.012442	0.611198	0.007042	0.91784	-1	right	UWB_Cisp0
chr4	116421764	116431618	0e09249d-c739-4d27-ba26-687e4958757e	116420510	116434574	rev	9854	3326	5596	0.061525	0.62305	0.01125	0.910625	-3	right	UWB_Cisp0
chr4	119509172	119516249	9154eda4-0cc8-4fd1-a838-f3ee7caaa146	119505051	119516255	rev	7077	4293	2524	0	0.538695	0.04755	0.818444	-3	right	UWB_Cisp0
chr4	122740889	122746805	39b9cc70-699a-4f9a-851c-9fc4379a131d	122736787	122746829	fwd	5916	3777	1875	0.005561	0.850788	0.024209	0.81378	-3	right	UWB_Cisp0
chr4	128317680	128322267	de7486e6-6e21-4718-acf3-9f3e922b364f	128304632	128322524	fwd	4587	2083	2311	0	0.634868	0	0.699015	-3	right	UWB_Cisp0
chr4	130907053	130917336	ffa36b3c-7d37-4bdb-8479-3919818afb2a	130903766	130917342	fwd	10283	1081	8968	0.004016	0.702811	0.046131	0.888485	-3	right	UWB_Cisp0
chr4	139738217	139748381	849e3450-8969-4915-9f6e-7d66a8f6b940	139738212	139752529	rev	10164	3391	6449	0	0.560043	0.049325	0.753376	-3	right	UWB_Cisp0
chr4	166588212	166593341	4cd366bc-441a-466b-8402-be609cab59b2	166582948	166593352	rev	5129	2009	2191	0.017513	0.718039	0.071429	0.692722	-3	right	UWB_Cisp0
chr4	179577374	179581453	257fde22-01ea-4630-9d0b-948eb1dca3b4	179570508	179581458	rev	4079	1522	2234	0.031484	0.352324	0.005952	0.885417	-3	right	UWB_Cisp0
chr4	185929164	185935754	27614380-5a23-42ba-8e6e-e3b27a109cd4	185922014	185948271	fwd	6590	2498	3750	0.014306	0.65093	0.006243	0.715921	0.660939	right	UWB_Cisp0
chr5	1558434	1563185	3ede427c-b357-478b-bd90-aa3b75b76aa7	1540580	1566326	fwd	4751	2479	1946	0	0.514683	0	0.661728	-3	right	UWB_Cisp0
chr5	2023117	2034532	5ac92fb4-4a49-4afe-8ca7-e78c94670750	2022177	2036498	rev	11415	3769	6866	0.019886	0.33428	0.011721	0.864281	-3	right	UWB_Cisp0
chr5	5161582	5165728	db746a90-ec5c-42b7-8054-fbd667a3a557	5159059	5165738	fwd	4146	951	2929	0.081356	0.850847	0.072816	0.870146	-3	right	UWB_Cisp0
chr5	7395711	7404787	3d2d6df9-7298-49c9-afaf-7f99c602cd2a	7386295	7404792	fwd	9076	5342	3456	0.02594	0.254215	0.017937	0.840359	-3	right	UWB_Cisp0
chr5	8402084	8409990	fbc284f6-dacb-4068-9e4f-9fad5a941320	8401934	8424930	rev	7906	4230	3428	0.044424	0.591115	0.025432	0.791455	-1	right	UWB_Cisp0
chr5	9471680	9482590	9fdc347d-07a9-4995-8551-a18909406c6b	9470844	9482640	fwd	10910	2551	7560	0.033094	0.608633	0.058534	0.705853	-3	right	UWB_Cisp0
chr5	11691466	11698481	82b4e768-862f-415a-9acc-992b813c27f8	11691054	11699166	fwd	7015	2390	3915	0.009777	0.719274	0.049738	0.667539	-3	right	UWB_Cisp0
chr5	17426454	17440488	a2d75382-f12a-4ab9-b612-a1af7a625423	17426390	17440547	fwd	14034	4357	7259	0.004032	0.781452	0.015406	0.895892	-3	right	UWB_Cisp0
chr5	21045563	21053719	48fe261c-9f13-4e49-8d38-23aedc2635e0	21040093	21053733	rev	8156	1846	5471	0.052805	0.534653	0.005066	0.78974	-3	right	UWB_Cisp0
chr5	23081633	23088574	32b81a85-65ae-4274-a58f-329bd3a018bc	23077369	23089374	rev	6941	1486	5127	0	0.442553	0.009366	0.806196	-3	right	UWB_Cisp0
chr5	23386718	23394479	6babc3c7-0aac-46c3-82cb-936eb0c69ac4	23385850	23395815	fwd	7761	1545	2802	0	0.703896	0.009879	0.91438	-3	right	UWB_Cisp0
chr5	32865744	32871994	0bfa1282-93c2-4491-abb2-cd1135c5701f	32862529	32875930	rev	6250	2080	3751	0.003311	0.708609	0.051257	0.552224	-3	right	UWB_Cisp0
chr5	38044272	38047044	6541cb19-5be3-4c19-b65f-4ad2f5583570	38034315	38047048	rev	2772	1299	1098	0	0.639566	0.030418	0.604563	-3	right	UWB_Cisp0
chr5	40821685	40834702	c182a6dc-c325-4299-9ff3-55305185102e	40817989	40837817	rev	13017	4295	8286	0	0.710145	0.095611	0.768362	-3	right	UWB_Cisp0
chr5	43506083	43509876	d824e846-5320-41bb-8244-73fd229cae02	43496965	43511589	fwd	3793	2203	1183	0.003333	0.59	0.16568	0.698225	-3	right	UWB_Cisp0
chr5	43683118	43689250	e11657e6-0473-446e-abf2-cd733773db06	43683111	43698546	rev	6132	3262	2602	0.002167	0.92416	0.001366	0.953552	-1	right	UWB_Cisp0
chr5	44136072	44143497	4967b443-42e6-45b4-98ee-1b3806cb7509	44134376	44143501	rev	7425	3647	3137	0.006897	0.673563	0.105263	0.730263	-3	right	UWB_Cisp0
chr5	44566602	44570283	74e421a8-7c21-4497-b0e2-d9d7faeed846	44560575	44570293	fwd	3681	1513	1337	0.04321	0.514403	0.010811	0.775676	-3	right	UWB_Cisp0
chr5	44762971	44770704	a1b8db74-97a4-472f-a153-e4d636ca6d18	44760717	44770714	rev	7733	1486	4120	0.014151	0.620283	0.029435	0.845856	-3	right	UWB_Cisp0
chr5	45799130	45807364	cd2d832f-d0c9-4293-a398-5419acaf9630	45799024	45808243	rev	8234	3289	4660	0	0.544304	0.032617	0.804296	-3	right	UWB_Cisp0
chr5	56131480	56154263	f4c43f90-127f-472c-85c4-70a6cf62874b	56131475	56154300	rev	22783	1238	20733	0	0.827434	0.072005	0.795063	-3	right	UWB_Cisp0
chr5	57442205	57446452	b1eb8ea8-56d8-4a4b-89ee-8942a484d5f5	57437354	57446456	rev	4247	1950	2049	0	0.69011	0.010204	0.787755	-3	right	UWB_Cisp0
chr5	62902822	62911014	b6565b15-5b49-4da2-a322-d8c4929146b0	62896411	62916996	rev	8192	2005	5021	0.039568	0.688849	0.030007	0.843685	-3	right	UWB_Cisp0
chr5	66302062	66310819	c096c19f-459f-4b08-b532-4835356b0632	66302043	66311337	fwd	8757	1040	6006	0.189655	0.744828	0.043036	0.8685	-3	right	UWB_Cisp0
chr5	66564506	66570370	73976fcd-8978-4a7c-8ff4-3cbac6f34eae	66555747	66570376	fwd	5864	2524	1785	0.01039	0.597403	0.052854	0.780127	-3	right	UWB_Cisp0
chr5	74833146	74840555	f0c86dee-4680-46c4-bc46-457b970d26f9	74827594	74841282	rev	7409	3734	3022	0.047038	0.568815	0.041304	0.733696	-3	right	UWB_Cisp0
chr5	78131280	78144989	abc0977c-e70f-4059-b53e-cf6181b8bb70	78128541	78145000	fwd	13709	1004	11027	0	0.581121	0.125326	0.607096	-3	right	UWB_Cisp0
chr5	79601126	79606598	57d82b06-de79-4ffc-9e3a-864bffd9fc8c	79590615	79606602	rev	5472	3175	2010	0.001205	0.554217	0	0.84689	-3	right	UWB_Cisp0
chr5	86050755	86075855	21acd486-80b0-489d-b838-842988f1e112	86047771	86075859	rev	25100	2658	21257	0.021152	0.521739	0.018227	0.855206	-3	right	UWB_Cisp0
chr5	97477284	97483070	64894101-914b-4ea5-a572-3faa08e160f4	97470126	97492511	fwd	5786	2289	2660	0.007439	0.648247	0.028481	0.804852	0.021448	right	UWB_Cisp0
chr5	97505789	97513073	3d02a276-7e70-489b-81e6-0c34a1633a21	97499255	97514330	fwd	7284	1917	2836	0.077475	0.555237	0.001164	0.877765	-3	right	UWB_Cisp0
chr5	99618568	99627468	2c7eaad5-c2ca-42a8-9fd7-78a274117f27	99617667	99627814	fwd	8900	2439	5213	0.007712	0.713368	0.009032	0.827396	-3	right	UWB_Cisp0
chr5	101441369	101449780	6de0647a-2610-4ebd-9ad9-0c7bfbc41a1f	101439801	101449785	rev	8411	1193	6344	0.012887	0.46134	0.005248	0.848607	-3	right	UWB_Cisp0
chr5	105092180	105098339	8d911fe8-229a-44c6-86be-38fa30b453c5	105092172	105098347	fwd	6159	3570	1434	0.03317	0.452088	0.094431	0.772397	-3	right	UWB_Cisp0
chr5	107720672	107725317	a7ad0eab-347f-49e4-a71e-2c657698918c	107716042	107725321	rev	4645	1424	2921	0.066667	0.540351	0.061553	0.673295	-3	right	UWB_Cisp0
chr5	108001508	108008112	4d5a82f4-2fd3-4c26-9dd7-8091149912c4	108001504	108025011	fwd	6604	3752	2540	0.004044	0.547017	0.013986	0.846154	-3	right	UWB_Cisp0
chr5	110450205	110458902	3ff68f4e-0275-416a-80ac-b291e465ada4	110446894	110458909	rev	8697	3923	3173	0	0.797309	0.049046	0.7802	-3	right	UWB_Cisp0
chr5	119909467	119912074	87fbb287-482b-4be9-988d-b23d6a26b680	119899643	119912079	fwd	2607	1067	1286	0.069915	0.504237	0	0.780876	-3	right	UWB_Cisp0
chr5	127993712	127997733	0e3d56aa-45dd-4740-9308-46e5ae1cc9c7	127984607	127997739	rev	4021	2000	1599	0	0.654362	0.062099	0.770878	-3	right	UWB_Cisp0
chr5	137867341	137869899	8cbe7451-e494-4c5c-ae6b-8030bb6cc10a	137856316	137869907	fwd	2558	1130	1169	0.018072	0.478916	0.035616	0.59726	-3	right	UWB_Cisp0
chr5	144696708	144703186	5e74a250-eb24-4235-a1b6-87a273db0f00	144695029	144703190	rev	6478	4223	1860	0.041558	0.677922	0.047985	0.873321	-3	right	UWB_Cisp0
chr5	144963159	144968909	86fd0ae0-d488-48b7-84c4-ee45b7c04030	144959123	144968925	fwd	5750	1150	4244	0.053371	0.477528	0.007085	0.823887	-3	right	UWB_Cisp0
chr5	151801609	151807944	cc833c78-00b9-44fe-9795-031f01e43aeb	151797037	151810537	rev	6335	1306	3559	0	0.334395	0.010471	0.628272	-3	right	UWB_Cisp0
chr5	153601436	153604061	43768f4f-0e81-4822-a309-d9cefb3105f7	153601431	153610893	rev	2625	1661	704	0.045643	0.883817	0.009615	0.899038	-1	right	UWB_Cisp0
chr5	158259948	158273276	329e2802-0e3d-40de-aa31-560921b2fe50	158254186	158273705	fwd	13328	2855	9914	0.005701	0.359179	0.011807	0.791735	-3	right	UWB_Cisp0
chr5	161071153	161074493	26769cf5-37c7-4430-a9fa-ad43962050e7	161068295	161074498	fwd	3340	1837	1241	0.029155	0.586006	0.004444	0.835556	-3	right	UWB_Cisp0
chr5	161149124	161160356	4750599b-1a6b-4329-9438-a10060bc27b6	161141032	161160897	fwd	11232	1524	9448	0	0.72967	0.029951	0.921003	-3	right	UWB_Cisp0
chr5	161902381	161907894	7ab1cf4c-632b-47d7-8a29-d5726320c32f	161897106	161907899	rev	5513	2709	2135	0.035162	0.448664	0.054286	0.67	-3	right	UWB_Cisp0
chr5	168811422	168820881	de6f411f-9bc6-46df-9a48-01510b802753	168804089	168838554	fwd	9459	2926	6282	0	0.936288	0.126777	0.663507	0.332603	right	UWB_Cisp0
chr5	169229016	169234011	28a5102c-f2df-4ff7-b070-147fbdd9ab4d	169221942	169242473	fwd	4995	1670	3006	0	0.497817	0.002022	0.719919	0.946158	right	UWB_Cisp0
chr5	172028327	172040608	61ec6a8f-2710-4368-ae67-6b2d40b61230	172024493	172043386	fwd	12281	4950	6019	0.012696	0.658701	0.066707	0.759014	-3	right	UWB_Cisp0
chr5	175000861	175007887	9d7dea67-f276-4774-bff4-17cc0133e240	174997400	175008815	rev	7026	2008	4734	0.00969	0.622093	0.045899	0.729872	-3	right	UWB_Cisp0
chr6	1616077	1624006	dba1cc21-0f1d-4122-9d62-2683f8729544	1616071	1624026	fwd	7929	1226	5418	0	0.804795	0.027619	0.872381	-3	right	UWB_Cisp0
chr6	3956796	3962481	b3f6a9e1-95a4-41c6-881c-e1dc6972a37f	3955904	3964261	fwd	5685	1558	3867	0	0.543779	0.007944	0.907646	-3	right	UWB_Cisp0
chr6	7973179	7979508	d35dfb4b-2686-4947-8f92-6b85fe07baf7	7970317	7979512	rev	6329	3322	2284	0	0.616745	0.084095	0.601463	-3	right	UWB_Cisp0
chr6	7983863	7992316	af8cbf08-ffb3-438f-bbb7-af79ce70c2f0	7979595	7992320	rev	8453	2156	5760	0.088235	0.685662	0.011273	0.84748	-3	right	UWB_Cisp0
chr6	9583107	9589639	f020490c-f89e-49a7-bfc8-3ffbb7bb4cc0	9574356	9589644	rev	6532	1315	4868	0	0.522727	0.023706	0.720524	-3	right	UWB_Cisp0
chr6	10631541	10639530	e5609f76-c76e-42f3-a610-c75a086ffaea	10626855	10639535	fwd	7989	2502	4789	0.059545	0.590193	0.05397	0.784739	-3	right	UWB_Cisp0
chr6	18181768	18186665	242d804a-4ca2-499e-8a7b-cce942b26972	18175847	18186670	rev	4897	1883	1475	0	0.564732	0.043605	0.819767	-3	right	UWB_Cisp0
chr6	19277074	19283627	506417a4-e2f0-4d49-a504-c3233fefbabd	19277063	19285492	fwd	6553	1144	5139	0.010453	0.832753	0.033435	0.761094	-3	right	UWB_Cisp0
chr6	20741318	20752745	deed7f8c-bafa-40ec-aec9-c012b3dea540	20738475	20752753	rev	11427	4606	4011	0	0.925	0.104228	0.747296	-3	right	UWB_Cisp0
chr6	22371929	22377696	70fcf34b-f1ab-4afb-9ea5-91831ef2585a	22368438	22384988	rev	5767	1778	3690	0.014989	0.610278	0.063898	0.659212	-3	right	UWB_Cisp0
chr6	25374768	25380400	45200a29-d19c-4770-8d13-f90cd6655017	25370094	25380408	rev	5632	2431	2699	0.047259	0.540643	0.034537	0.651491	-3	right	UWB_Cisp0
chr6	27168169	27176804	2ec7d11d-5772-4464-a828-e6a1b6c9343c	27159840	27179817	rev	8635	720	5664	0	0.494737	0.004654	0.847074	-3	right	UWB_Cisp0
chr6	37593206	37598355	f39f5425-850f-4e89-b046-1ef10308c438	37593199	37598361	fwd	5149	1642	3228	0.042169	0.885542	0.033854	0.885417	-3	right	UWB_Cisp0
chr6	39410443	39416006	91240975-c284-4db5-bdd4-4ceb71a5c4c4	39398265	39416010	rev	5563	1714	3507	0.006237	0.405405	0.006322	0.613277	-3	right	UWB_Cisp0
chr6	49408704	49414271	84f0de36-50db-49f8-a2a1-b3c63ca66558	49406882	49418787	rev	5567	1010	4247	0	0.571942	0.028505	0.85131	-3	right	UWB_Cisp0
chr6	50158674	50164963	7d792f2a-1382-4d08-8916-a3a2b06e8c26	50156948	50164975	rev	6289	2072	3859	0.002907	0.353198	0	0.857807	-3	right	UWB_Cisp0
chr6	52769004	52775592	d1e6f015-bd3f-44fc-b6be-7cd8055fa16b	52766060	52775596	rev	6588	2314	3997	0	0.558872	0.001264	0.743363	-3	right	UWB_Cisp0
chr6	54540183	54550375	cda565f5-53f9-4191-99d3-1a89536a5153	54539027	54551282	fwd	10192	1984	7961	0.015025	0.741235	0.010356	0.914049	-3	right	UWB_Cisp0
chr6	54693956	54697533	67c0b184-ee83-48ea-ab53-c8212e07f77c	54686071	54697539	rev	3577	1750	1178	0.039326	0.505618	0.02957	0.612903	-3	right	UWB_Cisp0
chr6	60571719	60575707	8dc16012-c041-4944-89d4-ebba6a5cc98c	60568591	60579405	fwd	3988	1533	1998	0.022222	0.433333	0.007055	0.582011	-3	right	UWB_Cisp0
chr6	60772664	60782746	7a041c09-3f57-4fd7-95c8-46872b6205d6	60770385	60784159	fwd	10082	4369	5431	0.015771	0.651613	0.003708	0.792954	-3	right	UWB_Cisp0
chr6	61879006	61886209	9afd8b84-4233-49cd-b467-026a50a36924	61877730	61889589	fwd	7203	3417	2774	0	0.684803	0	0.908565	-3	right	UWB_Cisp0
chr6	67002898	67007501	0c0f80e6-e35b-4bb5-aedf-560b245aaedf	66991458	67008582	rev	4603	2063	2267	0.009036	0.40512	0.019789	0.78628	-3	right	UWB_Cisp0
chr6	67971132	67984080	f6eb8f08-cc0f-42dd-96cb-4a816c359b55	67971127	67985617	rev	12948	3861	4931	0.032581	0.820384	0	0.914723	-3	right	UWB_Cisp0
chr6	68526769	68541264	c42e1f23-7d60-4a58-b0be-44a2715b8e08	68526764	68541998	rev	14495	1176	11298	0	0.943966	0.010327	0.909294	-3	right	UWB_Cisp0
chr6	71149193	71156770	bbfc8384-3204-44ae-ad24-99dd723c9fba	71144413	71156775	rev	7577	3065	4198	0	0.677337	0.020636	0.819433	-3	right	UWB_Cisp0
chr6	73484425	73488798	9b96e81b-56c5-402b-a4ec-5a8c07923a59	73482485	73488809	fwd	4373	2974	1084	0.002448	0.789474	0.018072	0.792169	-3	right	UWB_Cisp0
chr6	76221638	76229038	519830b3-68fd-482a-bdbb-03d428c3331c	76217110	76229047	fwd	7400	2454	4555	0.027919	0.595178	0.012283	0.753613	-3	right	UWB_Cisp0
chr6	82807328	82816760	13c87076-bd0a-4dea-b57c-257435a11e32	82807306	82816764	rev	9432	1741	7370	0	0.882166	0.004852	0.833701	-3	right	UWB_Cisp0
chr6	86151892	86160345	852c59de-a7f2-4f0c-8f6a-539e8b8b295f	86147248	86160352	rev	8453	3962	4069	0.00553	0.446083	0.029863	0.757869	-3	right	UWB_Cisp0
chr6	86429841	86442308	980be5e3-9d02-450d-abc5-13d97230a16e	86413093	86442313	fwd	12467	7936	3040	0.004312	0.318639	0.036789	0.616499	-3	right	UWB_Cisp0
chr6	90759279	90769027	b7f1c3b8-08ec-4949-98e4-d746c6f471cc	90756615	90769033	fwd	9748	4747	4410	0.004392	0.672767	0.022355	0.850969	-3	right	UWB_Cisp0
chr6	97148394	97155843	2adcf72d-f0f2-4179-bc28-2a035aaa7f69	97148390	97155853	fwd	7449	3836	3371	0.009786	0.863879	0.018961	0.892003	-3	right	UWB_Cisp0
chr6	109532131	109539949	0c08bb82-47fe-4dbd-93c2-c94ae953ac81	109528686	109541289	rev	7818	2762	3673	0.026774	0.651941	0.002882	0.891931	-3	right	UWB_Cisp0
chr6	111716278	111725301	a5b67ad8-75af-4120-ac09-62592c840f22	111716272	111726743	fwd	9023	3093	3704	0.014201	0.884024	0.006445	0.902256	-3	right	UWB_Cisp0
chr6	118474351	118481272	8acf3a89-df1c-4d51-a608-2aacb0b22030	118473517	118481277	fwd	6921	3060	3508	0.002294	0.582569	0.043594	0.816726	-3	right	UWB_Cisp0
chr6	119574382	119580285	65a014bd-1b31-4144-bc3c-1a7cbb4e7c93	119571963	119580290	rev	5903	3282	2351	0.006108	0.733857	0.033498	0.776355	-3	right	UWB_Cisp0
chr6	119830904	119838020	b6eec912-b3d9-4802-89a1-78d6716b3c1b	119830579	119840691	fwd	7116	1527	4379	0.04388	0.639723	0	0.954182	-3	right	UWB_Cisp0
chr6	121739909	121749469	3792c4a9-55cb-4a09-bb2e-689108fffbe3	121738637	121751187	rev	9560	2560	6756	0.017544	0.735589	0.039256	0.850723	-3	right	UWB_Cisp0
chr6	125997596	126004908	f6a1d6bc-619f-49a5-b1ae-b49ef03c1f88	125994030	126005633	fwd	7312	1666	2966	0.021401	0.624514	0.014311	0.897138	-3	right	UWB_Cisp0
chr6	132212303	132218076	b06c3042-e8ab-4638-bb52-a54a6b308c31	132211608	132218086	fwd	5773	2090	3402	0	0.659401	0.002836	0.916824	-3	right	UWB_Cisp0
chr6	133461388	133466009	1b73fd2e-02ab-4bc2-9775-b069eb9334e3	133455877	133466024	fwd	4621	1603	2666	0.007605	0.657795	0.030172	0.724138	-3	right	UWB_Cisp0
chr6	134131186	134142809	32488253-4493-44ea-be27-92172514ab4b	134128955	134142962	rev	11623	2569	8834	0.008264	0.714876	0.02155	0.794707	-3	right	UWB_Cisp0
chr6	136979370	136986848	1e65f6ea-de41-4dc2-800b-1266cf73ca14	136979350	136988365	rev	7478	2622	3178	0.022284	0.922006	0.024494	0.863685	-3	right	UWB_Cisp0
chr6	137813331	137821051	e411ebc9-6418-4a75-a7f8-9b274d3646cf	137800041	137821058	fwd	7720	3794	3585	0	0.478533	0.017778	0.608889	-3	right	UWB_Cisp0
chr6	164180299	164186292	2eb67af9-5f28-4a69-b853-6eec3919f446	164175476	164186368	fwd	5993	3426	1712	0.027749	0.662898	0.03527	0.70332	-3	right	UWB_Cisp0
chr6	166998607	167009444	3ca6b736-8090-4290-b87a-2588cbfec943	166997068	167009457	rev	10837	3537	6930	0.001517	0.822458	0.044586	0.815287	-3	right	UWB_Cisp0
chr6	170637915	170646126	1f9a3edb-4d3b-4e9b-80bb-fbce94da07ac	170637911	170649249	fwd	8211	1328	6594	0.007853	0.89267	0.015631	0.781571	-3	right	UWB_Cisp0
chr7	870749	878395	0bbafe77-83fe-40bb-a1c8-ad8772a0fff8	862965	885061	fwd	7646	2823	4333	0.020645	0.619355	0.082166	0.656396	-1	right	UWB_Cisp0
chr7	12088947	12096251	399b88f0-ba11-4892-b8fe-e2a26d315ce4	12088936	12098803	fwd	7304	2821	2968	0.061842	0.839474	0.016279	0.902326	-3	right	UWB_Cisp0
chr7	22946195	22951037	7f0818ae-5803-4f32-a1a5-80cf0b920347	22940463	22952655	fwd	4842	1996	2629	0	0.671593	0	0.678804	-3	right	UWB_Cisp0
chr7	23457315	23464310	c343638f-e325-4074-9b3e-28cafc9a877a	23449518	23464320	fwd	6995	1415	1361	0	0.233696	0.125698	0.648045	-3	right	UWB_Cisp0
chr7	25224526	25229525	711aae67-8b59-4419-aa86-660fe1910a75	25219341	25229529	rev	4999	2794	1917	0.015873	0.624339	0.050167	0.652174	-3	right	UWB_Cisp0
chr7	37785488	37792071	a43f05c6-6fc2-4d9a-99cd-cd5060815eb1	37783778	37792077	rev	6583	1869	4469	0.013913	0.636522	0.003289	0.834211	-3	right	UWB_Cisp0
chr7	41417614	41424833	34b1fa79-8ae2-41ff-a3d2-2238af9fe6ad	41413791	41424839	fwd	7219	1027	4912	0	0.48494	0	0.868939	-3	right	UWB_Cisp0
chr7	45347326	45356045	d4f3d74e-a921-4b43-b1f1-1d640bf74067	45344554	45356196	fwd	8719	4420	3053	0.031056	0.417924	0.028169	0.630986	-3	right	UWB_Cisp0
chr7	45421766	45430055	ffd13fc4-9988-4e67-b5e8-1dd604470d96	45420327	45431160	rev	8289	1564	3554	0.015957	0.619681	0	0.91256	-3	right	UWB_Cisp0
chr7	45757372	45761038	ae443d83-497a-4d6b-83c1-8a602ef5944f	45749278	45761045	rev	3666	2100	1240	0	0.598667	0	0.873479	-3	right	UWB_Cisp0
chr7	50974451	50982072	a061fd5e-7fa1-4140-a6fe-76965ce5cf64	50969141	50989649	fwd	7621	1255	6075	0.08	0.344	0.017504	0.774139	-3	right	UWB_Cisp0
chr7	52093854	52103652	08eb62ce-329b-465a-9505-52e394077748	52093849	52107251	fwd	9798	2510	7073	0	0.761755	0.000504	0.942569	-3	right	UWB_Cisp0
chr7	66442318	66453949	6c4b2c77-311f-468b-b913-4445f4b0e464	66440791	66453965	fwd	11631	1187	8481	0	0.328467	0.040286	0.672337	-3	right	UWB_Cisp0
chr7	68064650	68073995	8748cb42-786b-4404-b3ce-09e8428bc6b7	68062538	68076999	rev	9345	2613	4771	0	0.725968	0.005172	0.82069	-3	right	UWB_Cisp0
chr7	69851470	69859935	006e36ad-2490-48e4-9266-2a4b1537527b	69849289	69859944	rev	8465	3684	4401	0.049107	0.659598	0.004429	0.90434	-3	right	UWB_Cisp0
chr7	73581342	73587373	d97db9d3-ad4d-4d40-87b2-b7291803b11f	73580112	73588745	rev	6031	1089	4596	0	0.52862	0.019558	0.809524	-3	right	UWB_Cisp0
chr7	74478006	74482367	2b6b73f7-f87b-4570-b00c-84c9f1a7722d	74474838	74485345	rev	4361	1864	2115	0.005714	0.42	0.066158	0.659033	-3	right	UWB_Cisp0
chr7	74724810	74729639	d02c98db-d013-4e85-815d-b7a610f697e6	74722668	74732021	rev	4829	2720	1745	0	0.490741	0.06135	0.707566	-3	right	UWB_Cisp0
chr7	76957592	76966809	372a5238-0537-46b3-a1bf-240155271155	76943354	76966816	fwd	9217	3886	2234	0.009534	0.71822	0.042945	0.697853	-3	right	UWB_Cisp0
chr7	78430155	78438140	9130e68f-4e55-4800-98e2-52b0fe6c9d17	78421576	78438446	fwd	7985	1451	5224	0	0.335484	0.019341	0.723496	-3	right	UWB_Cisp0
chr7	86862569	86867892	fdc92eee-2312-43b1-ae3f-63b29b30ad8f	86855472	86867909	fwd	5323	1419	3619	0	0.639303	0.032686	0.719101	-3	right	UWB_Cisp0
chr7	94074870	94080246	4309683a-531d-4260-8c81-139ac1b381d3	94067676	94082547	rev	5376	2031	1500	0.062264	0.660377	0.008602	0.845161	-3	right	UWB_Cisp0
chr7	96149326	96159304	24dd5567-08ed-4f97-8abc-22e4cd313a97	96146199	96159308	rev	9978	1482	8205	0	0.556769	0.024187	0.694746	-3	right	UWB_Cisp0
chr7	100488183	100491706	38c61321-75a3-49e2-8db9-ce886dd942bf	100485202	100505488	fwd	3523	1030	2121	0.054422	0.401361	0.002475	0.433168	-3	right	UWB_Cisp0
chr7	100763476	100770781	7bf46b2c-bd11-4131-89eb-17e92283b92e	100758934	100779745	rev	7305	3602	3250	0.006766	0.7023	0.040435	0.751166	-3	right	UWB_Cisp0
chr7	104098657	104106719	ea8dc686-e690-445b-8884-a2531375d743	104084378	104106728	rev	8062	3597	1529	0.010776	0.592672	0.011792	0.830189	-3	right	UWB_Cisp0
chr7	105556296	105565381	ed6d4f43-e070-439f-9cac-f73f606db1cd	105556289	105565386	rev	9085	2598	5691	0.031285	0.727374	0.068707	0.847595	-3	right	UWB_Cisp0
chr7	106085629	106092354	0fa01102-d39d-45f3-9abe-0c701f19515d	106081416	106092364	fwd	6725	1760	4617	0.010571	0.54334	0	0.796238	-3	right	UWB_Cisp0
chr7	107111202	107117090	66e300a5-6c9b-4ef6-8058-ebf832284ce1	107103353	107117103	fwd	5888	1014	4640	0	0.467213	0.044863	0.692458	-3	right	UWB_Cisp0
chr7	109413200	109423188	1e7cc7c2-8e17-41c1-a321-d00644403dfe	109411269	109423193	fwd	9988	1904	5038	0	0.945378	0.024178	0.794971	-3	right	UWB_Cisp0
chr7	117051828	117062944	4a669271-c1e1-4f79-b853-ab3d3739a226	117051823	117062954	rev	11116	1099	8826	0.184049	0.720859	0.028627	0.905609	-3	right	UWB_Cisp0
chr7	117374751	117379809	19bd018d-3fc7-43be-86c9-d741dd1270ee	117366585	117379817	fwd	5058	3109	1621	0	0.542819	0.010707	0.847966	-3	right	UWB_Cisp0
chr7	117801663	117808780	56e8fbd5-5286-437b-8611-09d70689c6e1	117797063	117808787	fwd	7117	2302	4481	0	0.696113	0.012739	0.840764	-3	right	UWB_Cisp0
chr7	118408499	118416841	6dcb89ec-e154-4fd5-b298-3dc0d5877391	118404856	118416873	rev	8342	1697	4086	0	0.550373	0	0.867701	-3	right	UWB_Cisp0
chr7	119877986	119886058	7d36c0cb-d0e0-4eac-9eff-f92991a35daf	119877977	119886585	fwd	8072	4323	3049	0.003309	0.765095	0.066084	0.784257	-3	right	UWB_Cisp0
chr7	120012337	120020369	60bebd10-68fb-412b-a52d-9c1d6d2d56d2	120011832	120020374	fwd	8032	4039	3766	0.026428	0.54561	0.035088	0.800439	-3	right	UWB_Cisp0
chr7	120159033	120172173	181ab05a-544a-493c-965d-cf000ea33698	120153643	120177736	rev	13140	3297	9593	0	0.252101	0.004098	0.69076	-3	right	UWB_Cisp0
chr7	120901575	120905068	eb6c8c5c-aad0-414f-bac9-6b833c2adb3b	120892169	120905072	rev	3493	1781	1422	0.004213	0.494382	0.022414	0.727586	-3	right	UWB_Cisp0
chr7	121036829	121044691	0c2bc1ef-8961-491d-bb9e-2022d31d5708	121029086	121045028	rev	7862	3613	3882	0.002283	0.900685	0.051619	0.699913	-3	right	UWB_Cisp0
chr7	125183394	125191205	a33d0740-2901-4b49-869f-2aac5d278d9e	125183389	125191238	fwd	7811	4678	1972	0.006731	0.841436	0.082005	0.799544	-3	right	UWB_Cisp0
chr7	128525820	128533823	2ece47cd-d358-45e0-808f-84a7b8f21bac	128520831	128533833	rev	8003	2659	1672	0	0.307443	0.009732	0.734793	-3	right	UWB_Cisp0
chr7	129284746	129295610	737cd5c1-f178-49c2-a045-b3fe4310a695	129280878	129295615	rev	10864	1175	9430	0.006452	0.409677	0.036788	0.75356	-3	right	UWB_Cisp0
chr7	139308221	139312898	b7ba9126-155b-4848-a6b0-b3a4771e1bd7	139299690	139312904	rev	4677	1556	2651	0.049107	0.488839	0.020124	0.609907	-3	right	UWB_Cisp0
chr7	141574447	141584493	6644e9a7-411a-4f8f-8c63-fbb35301be71	141574225	141584500	rev	10046	3820	4439	0.073763	0.288515	0.066612	0.749178	-3	right	UWB_Cisp0
chr7	141973541	141982287	fd299951-4a2d-450f-bb5a-a69b1c78496d	141964025	141987435	rev	8746	3039	4834	0.003741	0.561097	0.035871	0.737533	-3	right	UWB_Cisp0
chr7	145078213	145091135	13dbc44e-e94c-4d84-871c-050e9416fce2	145072247	145091139	rev	12922	5053	3897	0.112731	0.684159	0.042065	0.859465	-3	right	UWB_Cisp0
chr7	145575802	145578909	75940020-e425-4185-9404-6621d4425617	145568197	145578914	fwd	3107	1281	1555	0	0.543103	0.007722	0.698842	-3	right	UWB_Cisp0
chr7	145582005	145593160	a1ef08fc-2733-4e44-a660-d2d33fd3279d	145581378	145593167	fwd	11155	2549	7052	0.021333	0.702667	0.010497	0.899133	-3	right	UWB_Cisp0
chr7	147821528	147842519	447825f6-6bc7-4c0f-88b3-c3300fbf58fe	147820650	147842524	rev	20991	2348	18293	0	0.671602	0.019176	0.854936	-3	right	UWB_Cisp0
chr7	150458549	150463605	985785bc-e8f9-405e-8b4a-120d5bd90b1d	150453452	150463611	fwd	5056	2449	2356	0	0.578212	0	0.882162	-3	right	UWB_Cisp0
chr7	155648237	155654040	a434e3e8-5b68-423a-920e-0eb521d8b088	155645998	155654045	fwd	5803	1815	3600	0.007862	0.731132	0.036301	0.862576	-3	right	UWB_Cisp0
chr7	158021742	158034370	f6af30f6-76b8-48d2-8682-b5f51fff2d93	158008977	158045418	fwd	12628	2499	9576	0.077338	0.561151	0.073207	0.538845	0.655013	right	UWB_Cisp0
chr7	158944790	158952670	b9219203-c5fc-4808-9219-fd292c1e210b	158924254	158952677	rev	7880	1937	5185	0.015873	0.759637	0.04797	0.852399	-3	right	UWB_Cisp0
chr8	35014856	35019440	32245596-e000-4556-91e0-5d5f016382a4	35005786	35033284	fwd	4584	3011	1089	0.003576	0.417163	0.023891	0.645051	-1	right	UWB_Cisp0
chr8	36155030	36165355	beaeeaee-ba26-4697-a7ee-dd8809f0262a	36152390	36165494	rev	10325	3498	5647	0.003922	0.687255	0.014519	0.837871	-3	right	UWB_Cisp0
chr8	36484006	36491278	fbfece9a-8e5e-4ca9-b746-6abab6d55217	36479861	36491286	rev	7272	3012	3972	0	0.634965	0.003708	0.720643	-3	right	UWB_Cisp0
chr8	36893570	36898268	f04e9c4b-d813-46b5-95de-76f901602263	36883215	36898276	rev	4698	2873	1096	0.015135	0.698378	0.066038	0.544025	-3	right	UWB_Cisp0
chr8	38172155	38178691	a05c4b9c-339d-4443-891c-e55948425876	38161052	38178696	fwd	6536	3080	3170	0	0.616034	0	0.825269	-3	right	UWB_Cisp0
chr8	56011952	56019163	2f01e833-3fcb-4270-b5dd-fd55b8e7659b	56007340	56019170	fwd	7211	3492	3383	0	0.594187	0.016332	0.81407	-3	right	UWB_Cisp0
chr8	56778728	56786855	84a82444-08cf-489f-ae4e-542548063ec4	56768590	56790763	rev	8127	3738	3813	0.035088	0.758285	0.055022	0.785153	-3	right	UWB_Cisp0
chr8	61270956	61276502	22c820bb-0bb2-4446-b0bb-2e40ebc7e12a	61270945	61288223	rev	5546	1781	3392	0	0.625786	0.001155	0.65358	-3	right	UWB_Cisp0
chr8	62405546	62412999	e7fb38c4-1e13-433b-b0ec-106dfcad23dc	62403466	62413536	fwd	7453	4307	2039	0.016812	0.634835	0.033019	0.691038	-3	right	UWB_Cisp0
chr8	64820914	64831131	67ad163d-121a-4d23-85dd-9253b1a593e2	64819123	64831136	rev	10217	4494	3564	0.00239	0.870916	0.019249	0.904716	-3	right	UWB_Cisp0
chr8	67146730	67151276	69e1e111-7edd-41f6-ad56-8fd2c9fe871a	67146724	67155974	rev	4546	1288	2577	0.046875	0.503125	0.076577	0.743243	-3	right	UWB_Cisp0
chr8	77938950	77944608	81152a5b-3e63-414c-8dea-ecc6d5eff4ae	77931872	77947039	fwd	5658	1063	1546	0	0.576433	0	0.909968	-3	right	UWB_Cisp0
chr8	80775569	80783597	fe420c4b-9c74-438d-acd5-63f513084880	80770407	80793747	fwd	8028	3494	4254	0	0.762231	0.019114	0.660295	0.435327	right	UWB_Cisp0
chr8	81953045	81959067	d16289f2-bb27-4fa3-b3a9-9a10230fd910	81953039	81959076	rev	6022	4126	1637	0.027523	0.756464	0.10101	0.80404	-3	right	UWB_Cisp0
chr8	83922702	83935628	a16ea83b-df0d-4b87-afd8-b8cb18df1e25	83921362	83935634	rev	12926	3570	8207	0.037126	0.754491	0.055579	0.826578	-3	right	UWB_Cisp0
chr8	90132573	90138966	07975752-b671-45a2-b928-2abf64a88d14	90129055	90138970	rev	6393	2164	3809	0	0.755134	0.08898	0.74449	-3	right	UWB_Cisp0
chr8	92421012	92427653	d9233b1f-053f-4ba3-93a8-a2e8898d9e2f	92421004	92427658	rev	6641	2182	4176	0	0.583333	0.018363	0.899005	-3	right	UWB_Cisp0
chr8	94341898	94353667	73e668d2-020e-4c8b-9b87-53376b39cbc2	94341886	94353672	fwd	11769	1737	8890	0.080717	0.730942	0.028355	0.766068	-3	right	UWB_Cisp0
chr8	95151974	95159361	781ee01c-0e1c-4784-9d64-7b0a29a13ed1	95149451	95160518	rev	7387	1274	4040	0.055718	0.539589	0.022041	0.839184	-3	right	UWB_Cisp0
chr8	98366770	98375320	64817974-f795-4015-b593-ad63b925436f	98356452	98375324	rev	8550	3718	4156	0.046512	0.529598	0.036219	0.768551	-3	right	UWB_Cisp0
chr8	98692327	98705040	bb4780cf-0897-4472-8cd0-4c92df4ccf88	98692321	98705046	rev	12713	1463	10699	0	0.800403	0.024018	0.886771	-3	right	UWB_Cisp0
chr8	99064436	99077765	b10de97f-f38f-4a89-9353-92540b0603dd	99059120	99081554	rev	13329	4543	5854	0	0.801266	0.02383	0.839149	-3	right	UWB_Cisp0
chr8	101307668	101312098	81f8487b-a6a9-473f-adfb-0d1950b442ce	101302800	101315351	rev	4430	1198	2085	0.044068	0.623729	0.003484	0.637631	-3	right	UWB_Cisp0
chr8	101347305	101356592	4b4b0b40-c604-48c9-8818-41d60366a854	101347254	101360182	fwd	9287	2383	6670	0.003974	0.858278	0.042064	0.803702	-3	right	UWB_Cisp0
chr8	101950308	101953570	28673642-daa1-4327-a548-976ac78c1da0	101945150	101954557	fwd	3262	1205	1756	0.006757	0.483108	0.099757	0.608273	-3	right	UWB_Cisp0
chr8	102939233	102945832	b1a9c1af-0d1a-4bd9-9fe2-a737dec34274	102938846	102956470	fwd	6599	1486	4728	0	0.480211	0.015497	0.684594	-3	right	UWB_Cisp0
chr8	103431507	103436361	373ca3b2-366a-4fff-85d4-01aaf9e52850	103427874	103436369	rev	4854	1173	3240	0	0.615142	0.057631	0.740662	-3	right	UWB_Cisp0
chr8	103700075	103710400	36bbdf37-8a5f-405e-9b69-c577f6e2ce6a	103698645	103710408	rev	10325	3432	3688	0.006321	0.734513	0.003641	0.838592	-3	right	UWB_Cisp0
chr8	104835375	104839381	9fa0bce6-1fe6-4afc-985d-fc66ab2de3e6	104825694	104843067	rev	4006	1531	2041	0	0.5175	0.013699	0.724315	-3	right	UWB_Cisp0
chr8	107913058	107916124	6f2b9516-0b25-4510-9c8e-95e8b90e401b	107909354	107916129	rev	3066	1301	1305	0	0.340136	0.018692	0.713396	-3	right	UWB_Cisp0
chr8	108915726	108925190	67c4dcb6-6ea3-46ea-be1d-db2e60a2370f	108909390	108925194	rev	9464	3660	4245	0.012693	0.690843	0.01227	0.855828	-3	right	UWB_Cisp0
chr8	109693894	109700291	146919b9-ad04-485a-a5ce-8db5869a37d5	109693890	109711066	fwd	6397	2197	3593	0.007463	0.438806	0.034644	0.768727	-3	right	UWB_Cisp0
chr8	116901026	116909300	c9cb4082-a012-4946-81e9-8f61cfb22a40	116899470	116909403	rev	8274	1751	4616	0.005725	0.763359	0.015209	0.915589	-3	right	UWB_Cisp0
chr8	118323984	118329578	c42b1eac-479a-4e27-8af1-8645b8588c19	118322761	118329591	rev	5594	3238	1939	0.043523	0.638342	0.034234	0.814414	-3	right	UWB_Cisp0
chr8	118338818	118344197	dc5098fe-ad1e-4bef-a821-ffee4bcfdc1f	118332840	118344378	rev	5379	1264	1793	0.00304	0.31003	0.049281	0.644764	-3	right	UWB_Cisp0
chr8	120133540	120140578	a0b72ed8-833e-474d-a05b-61fcbbccd346	120133531	120142607	fwd	7038	1262	4070	0.051136	0.596591	0.007581	0.894555	-3	right	UWB_Cisp0
chr8	121202377	121206155	f1b55354-0d66-4809-ab09-043ece06c263	121186031	121206161	fwd	3778	1346	1253	0	0.57716	0.036364	0.701299	-3	right	UWB_Cisp0
chr8	122698946	122706136	5ed3b4e4-091b-476f-a877-8799503ca2e0	122698786	122709100	fwd	7190	2288	4641	0.028286	0.728785	0.002417	0.878324	-3	right	UWB_Cisp0
chr8	123660472	123664635	8fc8ad04-eed2-4c10-88e7-b436d8d7c4d5	123651620	123664646	rev	4163	1158	1345	0.014652	0.377289	0.028481	0.553797	-3	right	UWB_Cisp0
chr8	123745380	123747998	32b9aa6f-e7a3-43c2-af5d-861c423d64eb	123728357	123748004	rev	2618	1034	1177	0	0.453333	0.024768	0.727554	-3	right	UWB_Cisp0
chr8	125033248	125042312	68b790e6-4862-42c5-9a57-8a877cfe16c2	125021023	125043242	rev	9064	1890	5541	0	0.503226	0.008679	0.476131	-3	right	UWB_Cisp0
chr8	126562445	126575368	0e4945e1-56f4-45e7-ad35-d2aca2cdf436	126562432	126590256	fwd	12923	1085	9589	0.037313	0.481343	0.021088	0.850536	0.093485	right	UWB_Cisp0
chr8	126622843	126631782	378b2cb1-c9ad-4ba1-9e3d-624634a9c10d	126619069	126631787	rev	8939	4612	3928	0.013514	0.671922	0.052544	0.77648	-3	right	UWB_Cisp0
chr8	130271060	130276455	79c54890-a081-46d0-8ed2-fa6e1267fe9d	130267950	130276461	fwd	5395	2791	2302	0	0.426796	0.00165	0.891089	-3	right	UWB_Cisp0
chr8	134446844	134452461	b04a6f3c-0ebe-4d72-bd9e-a84c66b45e9e	134445333	134452467	fwd	5617	2817	2526	0.038028	0.75493	0.01845	0.739852	-3	right	UWB_Cisp0
chr8	135940211	135948603	e0660f44-ea01-4a49-ba67-6b218dd2377c	135934228	135949525	fwd	8392	3507	3848	0.006772	0.785553	0.025341	0.814815	-3	right	UWB_Cisp0
chr8	141017017	141024446	63b0a4b3-9d5e-40fe-8e7b-bc9f59ad164c	141015420	141024460	fwd	7429	2290	3377	0	0.377816	0.013228	0.72619	-3	right	UWB_Cisp0
chr8	144465259	144468690	99c40db0-8626-4f78-a111-d5090a849ed4	144461335	144471163	fwd	3431	1003	2066	0	0.319328	0.003226	0.709677	-3	right	UWB_Cisp0
chr9	5673142	5677634	4bdf27f2-3091-498b-97d3-c1a4c6532450	5672279	5687196	fwd	4492	1952	2313	0.006932	0.493934	0.001224	0.738066	-3	right	UWB_Cisp0
chr9	12951521	12958720	0cccae6f-0f1e-49f9-ad26-208e250e686f	12951282	12961531	fwd	7199	2195	4658	0.050987	0.597039	0.02021	0.712575	-3	right	UWB_Cisp0
chr9	21139401	21145911	50727c49-99b4-4bfe-a636-dec849159a32	21138264	21147909	fwd	6510	2500	1413	0	0.667509	0	0.970874	-3	right	UWB_Cisp0
chr9	26403608	26408073	c5285b57-2a7c-4882-a632-c046fccfe900	26398170	26408079	fwd	4465	1594	1119	0	0.954644	0.078358	0.839552	-3	right	UWB_Cisp0
chr9	26395899	26404172	c480ca8b-8808-41f2-9f1b-5c5ad7819212	26390633	26406196	rev	8273	1600	6412	0	0.629703	0.024214	0.803709	-3	right	UWB_Cisp0
chr9	34460551	34466915	4eb6acbf-ff83-47c9-b46b-8eae9c798be0	34456406	34467183	rev	6364	1919	3937	0.004608	0.652074	0.061524	0.608815	-3	right	UWB_Cisp0
chr9	37814888	37818631	a0753487-1952-4a9e-974b-adff118a1cd4	37804340	37819233	rev	3743	1514	1837	0.027559	0.606299	0.062718	0.590592	-3	right	UWB_Cisp0
chr9	38402084	38409038	a49f075d-ad2c-4aa9-aa88-838ffef79285	38397861	38409051	rev	6954	3212	2330	0.020539	0.582798	0.043478	0.736025	-3	right	UWB_Cisp0
chr9	67006320	67014231	ecbcdccb-cfe4-4138-93c4-39af3d795302	67006096	67017163	fwd	7911	1275	6344	0	0.581152	0.001867	0.920971	-3	right	UWB_Cisp0
chr9	73848128	73854049	87627f39-74f4-4b26-af20-68034fe1d22c	73839087	73854054	rev	5921	2915	2758	0.011603	0.669831	0.103072	0.656095	-3	right	UWB_Cisp0
chr9	75282760	75288705	4d63b3b5-b7ad-45d5-92d0-75abac14048c	75273482	75288710	fwd	5945	2576	1691	0.002162	0.886486	0.045045	0.801802	-3	right	UWB_Cisp0
chr9	77007333	77015037	30c446b6-63ea-411d-9db8-7fd8d9406c99	76988912	77015051	fwd	7704	2262	3905	0	0.364437	0.015259	0.638861	-3	right	UWB_Cisp0
chr9	84078410	84082280	b966ceb2-433e-404c-8dc5-8e8b000b7fc1	84065708	84083707	rev	3870	1184	1470	0.023569	0.457912	0.057692	0.659341	-3	right	UWB_Cisp0
chr9	86662141	86669127	942e130d-241d-4cf7-9fa6-8fb881f74393	86658827	86675798	rev	6986	2742	2793	0	0.610973	0	0.883905	-3	right	UWB_Cisp0
chr9	87560745	87568924	a3130ff7-475b-44bc-b14f-34df9cb16e95	87558669	87568928	rev	8179	3776	4087	0.005501	0.768977	0.086455	0.799232	-3	right	UWB_Cisp0
chr9	91006181	91012376	c69cb467-7ad4-408b-be82-3faa47d1bf5a	91001445	91018015	fwd	6195	1083	4824	0.042308	0.511538	0.029948	0.669922	-3	right	UWB_Cisp0
chr9	91468440	91474162	5fcdaf34-8eca-4134-b429-b433a03d551a	91463856	91474169	fwd	5722	1628	3718	0.007886	0.635647	0.089829	0.659243	-3	right	UWB_Cisp0
chr9	94855270	94861903	9c94c6e1-6366-4e5b-b0ae-71a97e9bdb8e	94849032	94861914	fwd	6633	2396	1617	0.007764	0.939441	0.057214	0.646766	-3	right	UWB_Cisp0
chr9	95371941	95379987	a1c6ac49-14ea-43dd-80b9-4f70f26ff2b5	95368829	95382352	fwd	8046	3535	2802	0.003064	0.617978	0	0.854015	-3	right	UWB_Cisp0
chr9	98476099	98482795	e79e770e-51e8-482f-87ab-403ac8150de2	98476092	98485194	rev	6696	2220	4204	0.014414	0.882883	0.034318	0.816969	-3	right	UWB_Cisp0
chr9	99535723	99540910	2fd66d32-c3e7-4514-ba01-62d3d958c2a3	99529206	99540915	fwd	5187	2089	2751	0	0.464041	0.025352	0.746479	-3	right	UWB_Cisp0
chr9	99548966	99557674	950c229a-3d87-4b3d-824c-df605f2cd598	99548945	99561290	rev	8708	1887	6557	0.016667	0.892857	0.016224	0.896755	-3	right	UWB_Cisp0
chr9	109602858	109607419	fdb8823a-a116-495e-a21e-33c73fdceafb	109602291	109624891	rev	4561	1095	2332	0	0.418803	0.078297	0.792582	-3	right	UWB_Cisp0
chr9	110673634	110688246	e752f025-b363-4a2c-b333-58ac587bf79b	110671934	110688254	rev	14612	2424	10030	0.098569	0.608903	0.044223	0.813944	-3	right	UWB_Cisp0
chr9	110780944	110785272	cfb16547-8600-43ba-91b7-5ff05de7dc8f	110770259	110785293	rev	4328	2476	1137	0	0.679641	0.110778	0.48503	-3	right	UWB_Cisp0
chr9	111137148	111155898	1a908850-bc9f-4723-9778-5c15144f27aa	111136348	111157035	fwd	18750	4912	11392	0.003289	0.908553	0.026892	0.893058	-3	right	UWB_Cisp0
chr9	115188972	115195848	dbbd21c6-2d4d-40ad-810c-15bbad06ff1f	115188967	115209609	rev	6876	2450	4220	0.069191	0.714099	0.034991	0.77256	-3	right	UWB_Cisp0
chr9	119025334	119034304	7c9312e6-b4af-48ed-9d68-e4a021a8e2ef	119012772	119034311	fwd	8970	2416	4699	0.031104	0.765163	0.022857	0.932143	-3	right	UWB_Cisp0
chr9	121043730	121051660	9d5b4977-68de-4cc7-a567-e2043c6fae52	121042459	121060240	fwd	7930	1557	6104	0.00907	0.718821	0.129688	0.732292	0.412926	right	UWB_Cisp0
chr9	129781117	129787652	9b4cd640-699a-4940-aac7-8958eedfb551	129778582	129787660	rev	6535	2170	4014	0.01476	0.732472	0.096944	0.717597	-3	right	UWB_Cisp0
chr9	129963635	129970355	5493003c-ad16-4ce0-80f0-de0d26788abd	129963616	129974115	rev	6720	2929	3495	0.010309	0.825888	0.019211	0.87361	-3	right	UWB_Cisp0
chr9	133481323	133485314	48dad958-a54f-45e6-9484-dd7e6b9ff7a4	133476980	133485318	rev	3991	2438	1197	0	0.808967	0.099099	0.585586	-3	right	UWB_Cisp0
chr9	134120685	134125767	6c1a70ff-6901-4805-9fb4-c89f41660192	134116808	134125774	fwd	5082	1327	3404	0.004098	0.627049	0.022157	0.825702	-3	right	UWB_Cisp0
chr9	134547213	134553620	0dcb3d8f-b180-41be-8331-3958866d04bf	134540625	134555433	fwd	6407	1388	3316	0	0.868056	0.034819	0.619777	-3	right	UWB_Cisp0
chr9	136029465	136039609	51750694-0fea-46e0-989c-177f23a63a0f	136029460	136039617	fwd	10144	2275	6983	0.091667	0.797917	0.019317	0.900193	-3	right	UWB_Cisp0
chrX	7391229	7397487	bff8ab3e-98d6-4fbc-9fe8-0a850e76d89c	7385878	7397505	fwd	6258	3248	2377	0.031915	0.637234	0.032857	0.777143	-3	right	UWB_Cisp0
chrX	15324923	15327321	43c49547-5892-418d-82f0-fdc05b07a350	15324912	15335898	fwd	2398	1359	580	0.002564	0.617949	0.013072	0.588235	-1	right	UWB_Cisp0
chrX	23807723	23812689	5f8b2221-a778-4f1a-b19e-e2c2635d22a9	23801758	23812704	fwd	4966	1113	2679	0	0.588477	0.086342	0.616954	-3	right	UWB_Cisp0
chrX	29184840	29191113	ccc83b44-8b66-4f8b-992f-68ab02bb34b0	29184835	29202127	fwd	6273	1019	4930	0.015291	0.889908	0.006447	0.881367	-3	right	UWB_Cisp0
chrX	40840867	40850073	19931801-f06f-4ce9-baae-78194150b653	40838833	40851466	fwd	9206	1557	5544	0.032581	0.669173	0.013973	0.896719	-3	right	UWB_Cisp0
chrX	41397626	41407921	4e4e8dc3-5885-4994-91ca-abb4494a4062	41391471	41407943	rev	10295	3651	4854	0	0.646919	0.033184	0.700448	-3	right	UWB_Cisp0
chrX	63793239	63807110	2c246ff9-8878-445b-bb30-ea694b970d3b	63788451	63807121	fwd	13871	4343	8446	0.01426	0.600713	0.054898	0.623251	-3	right	UWB_Cisp0
chrX	67623984	67632040	b9047c05-0ef6-4d02-8c62-aeeceeab2a97	67621973	67632076	rev	8056	1910	4545	0.014493	0.649539	0.009227	0.787774	-3	right	UWB_Cisp0
chrX	84126236	84137100	8f960f3a-4ca7-4f2a-bf47-4542d77bba5b	84126227	84137110	rev	10864	1183	7349	0.04829	0.851107	0.001562	0.947677	-3	right	UWB_Cisp0
chrX	86044247	86051801	e7b34b31-4917-4501-b0a8-3b99233dbca2	86039110	86052948	rev	7554	4130	1101	0.0859	0.230956	0.012422	0.475155	-3	right	UWB_Cisp0
chrX	110844897	110853245	6f893408-afc7-469e-a1e8-0c9c6e583840	110825816	110854287	fwd	8348	2571	3747	0	0.454795	0.012783	0.73058	-3	right	UWB_Cisp0
chrX	117378999	117383118	010fb3bd-f43e-4cfb-9065-d2fa9a7a68f1	117369901	117383122	rev	4119	2502	1334	0.001214	0.548544	0.013477	0.665768	-3	right	UWB_Cisp0
chrX	131977388	131985285	bc21c5d3-9edc-4c73-8e08-2a047cef0dcb	131964560	131985299	rev	7897	3194	4329	0	0.570185	0.0375	0.679688	-3	right	UWB_Cisp0
chrX	146771161	146782738	1c2f5c94-2fdb-4b79-b575-c2f81c0afff2	146769331	146782744	rev	11577	2008	8590	0.050523	0.703833	0.011584	0.893124	-3	right	UWB_Cisp0
chrY	11310409	11319353	a3419514-f0ae-45eb-9272-6d38738abd4d	11310376	11324289	fwd	8944	4233	1670	0.006024	0.253012	0	0.571429	-3	right	UWB_Cisp0
chr1	11165385	11170470	26fe9c16-a239-4aa1-9f1f-02d117e40ffa	11165379	11174169	fwd	5085	3498	1227	0.027123	0.271226	0.004386	0.850877	-3	left	UWB_Cisp1
chr1	27595735	27600661	41a1a5c8-5e54-4227-9fb3-877153678f89	27595090	27613991	rev	4926	1947	1594	0	0.32345	0.01548	0.671827	-3	left	UWB_Cisp1
chr1	41293949	41305240	6a960373-8ff8-475c-973b-ccc3f85903ba	41290417	41305247	rev	11291	3704	7302	0.002988	0.534861	0.029775	0.676966	-3	left	UWB_Cisp1
chr1	42227118	42232193	c0fed43a-80cf-40bf-956c-33809b18a145	42225857	42239969	rev	5075	1085	1885	0	0.356436	0.007257	0.760522	-3	left	UWB_Cisp1
chr1	51986904	51992708	a7f85bbd-b8e8-45d1-ab69-4e4dfa308906	51986899	51992717	rev	5804	2992	2439	0	0.554529	0	0.859649	-3	left	UWB_Cisp1
chr1	53258397	53262107	6403bf30-c70b-4d52-a11c-e19805bd1383	53255851	53262509	rev	3710	1740	1554	0	0.350835	0.002825	0.762712	-3	left	UWB_Cisp1
chr1	62456595	62467268	398f1635-812f-4c13-8d54-48d68e964fd4	62456590	62467276	rev	10673	3321	6165	0.003996	0.594406	0.011651	0.843465	-3	left	UWB_Cisp1
chr1	75628149	75632125	630f3f0b-b144-4fab-afba-6d7c2c85def3	75628145	75635299	fwd	3976	2198	1454	0.006515	0.436482	0.024725	0.576923	-3	left	UWB_Cisp1
chr1	76556273	76559034	54b5f1fe-03f8-4b22-97e6-b662eebbedbe	76556268	76570251	rev	2761	1068	1095	0	0.248718	0	0.589147	-3	left	UWB_Cisp1
chr1	91793353	91797059	96dd2887-40d4-4d24-adb0-3002b5559146	91793349	91798708	fwd	3706	1603	1831	0	0.473684	0.038023	0.844106	-3	left	UWB_Cisp1
chr1	143209322	143217920	193bf75f-0e1c-44c6-8fca-408e237b3036	143200062	143221953	fwd	8598	5169	2199	0.184379	0.358515	0	0.428571	-1	left	UWB_Cisp1
chr1	143211372	143223675	b69d0cf5-4f91-40ab-a5d2-2869483b9073	143211365	143223681	rev	12303	1499	10055	0	0.35101	0	0.661028	-3	left	UWB_Cisp1
chr1	143213603	143218702	1175b148-7b5f-4b1f-8fbe-6319b8ae4dac	143213022	143233430	fwd	5099	759	4335	0.227273	0.045455	0.042092	0.530612	-3	left	UWB_Cisp1
chr1	143223403	143228695	1175b148-7b5f-4b1f-8fbe-6319b8ae4dac	143213022	143233430	fwd	5292	1350	3942	0.094118	0.658824	0.035477	0.685144	-1	left	UWB_Cisp1
chr1	145743599	145750530	cf973308-2c2d-44dc-bc7d-d681ecabf82a	145743593	145752250	fwd	6931	4254	2413	0.031079	0.571298	0.041667	0.631667	-3	left	UWB_Cisp1
chr1	147386999	147394483	bca52497-8529-407f-b161-d0a25ec4a049	147386995	147394491	fwd	7484	1527	4389	0.002079	0.461538	0.040552	0.85591	-3	left	UWB_Cisp1
chr1	151937246	151941644	65f1306d-d29f-4e31-97d5-68e9c00e01e9	151935941	151941650	fwd	4398	2880	1160	0	0.389401	0	0.748428	-3	left	UWB_Cisp1
chr1	219737409	219742703	55960c1e-db3a-4335-b9c9-487c6d1df9f7	219737404	219746657	rev	5294	1838	3039	0	0.369888	0.001022	0.776074	-3	left	UWB_Cisp1
chr1	226704118	226711277	82438c37-0302-42f4-a03e-c5ddb8d624ff	226700606	226717647	rev	7159	3030	3800	0	0.539765	0.008108	0.858559	-3	left	UWB_Cisp1
chr1	241364353	241371298	49ae65d6-3ff0-459a-9151-2f14a9a49ab0	241364345	241374397	fwd	6945	3319	3230	0.020148	0.33298	0.017333	0.84	-3	left	UWB_Cisp1
chr10	10275622	10281814	d6e8e399-20d5-4b09-8555-64f390677f00	10275594	10287039	rev	6192	2182	3761	0.019262	0.613162	0.002985	0.734328	-3	left	UWB_Cisp1
chr10	29335462	29344975	15e4f83c-c44d-4aaf-b898-694f967299cb	29335449	29344980	rev	9513	5471	2893	0	0.297705	0.020966	0.748405	-3	left	UWB_Cisp1
chr10	41894748	41898446	1276f8ab-f5fa-486b-870d-e6298d49cc4f	41868704	41904172	fwd	3698	1404	889	0.003745	0.550562	0	0.774194	-1	left	UWB_Cisp1
chr10	41879200	41881885	2d5b85e4-9dfa-4236-951f-4b6fe2ef200b	41875103	41889896	fwd	2685	1479	1038	0.093878	0.526531	0.065693	0.642336	-3	left	UWB_Cisp1
chr10	41879893	41885215	0cda25fd-d6cc-493e-a9a1-08a470c02ae7	41875787	41892301	fwd	5322	678	2432	0.028302	0.528302	0.007143	0.539286	-3	left	UWB_Cisp1
chr10	41880536	41882948	e090b315-f9b9-460d-bd87-24c93c0092b1	41877294	41891012	fwd	2412	1183	579	0.031746	0.248677	0.196078	0.490196	-1	left	UWB_Cisp1
chr10	41886460	41891985	e069bf96-bb9a-4028-94ff-daffb9495af5	41878527	41910681	rev	5525	1964	502	0.014815	0.335802	0	0.61194	-1	left	UWB_Cisp1
chr10	41885776	41892295	b8d7d44c-392a-4af3-950a-fea1595b347f	41880803	41892301	rev	6519	2809	677	0.024664	0.470852	0.048	0.516	-1	left	UWB_Cisp1
chr10	41891746	41907992	76377e34-0cdc-4164-b18d-685e7ec69cf9	41881487	41909961	fwd	16246	8901	6630	0.216531	0.324796	0.09427	0.528651	-3	left	UWB_Cisp1
chr10	41890132	41892475	44c3c2b3-ac54-494d-bb72-1ef31cbd544a	41881793	41895226	fwd	2343	1368	915	0.013889	0.465278	0	0.655556	-1	left	UWB_Cisp1
chr10	41890523	41896588	d22d5ffc-1ba1-4f48-9f79-1a8c314d24d4	41883037	41900378	fwd	6065	1071	2232	0.013793	0.372414	0.019157	0.524904	-1	left	UWB_Cisp1
chr10	41895038	41901396	611a5672-38cf-4900-bb26-ef93fdf4404e	41884500	41911747	fwd	6358	2165	1040	0.047619	0.428571	0	0.938776	-3	left	UWB_Cisp1
chr10	41892550	41898037	d4cc316b-6854-4bf5-a755-b99bf864c743	41889350	41905432	fwd	5487	1834	1050	0.09697	0.5	0.032258	0.419355	-3	left	UWB_Cisp1
chr10	41900686	41903410	792adfd2-a9b2-450d-aab3-178d4e5ac9fe	41893512	41916263	fwd	2724	502	1099	0.282353	0.376471	0.038462	0.5	-3	left	UWB_Cisp1
chr10	41908168	41911481	792adfd2-a9b2-450d-aab3-178d4e5ac9fe	41893512	41916263	fwd	3313	726	1948	0.032258	0.346774	0.077586	0.45977	-1	left	UWB_Cisp1
chr10	41903681	41909372	409bf0c1-13e2-4ab5-b979-8a03477951c3	41903675	41912758	rev	5691	2652	1520	0.036346	0.740668	0.001905	0.542857	-3	left	UWB_Cisp1
chr10	42072930	42077590	b0bf3b2c-2423-48cb-b3c3-9118f71e3bdd	42069796	42080668	rev	4660	1712	2667	0.006202	0.634109	0	0.873518	-3	left	UWB_Cisp1
chr10	49830972	49839273	1335e7c6-87c3-4ad2-b18a-a3e2c3b4560a	49830963	49845421	fwd	8301	4315	3543	0.021222	0.594228	0	0.836016	-3	left	UWB_Cisp1
chr10	55910142	55912545	9af2a3e8-f98d-4594-986c-15a0737d61cd	55906381	55921498	fwd	2403	1120	585	0.117801	0.311518	0.030303	0.375758	-1	left	UWB_Cisp1
chr10	67643548	67656640	7394ae64-4a83-4edd-95db-1c4190c019cc	67643528	67659682	rev	13092	2421	8851	0.030504	0.549072	0.008425	0.899634	-3	left	UWB_Cisp1
chr10	78873967	78885723	1ec7c594-15d4-4ab3-ab97-b0255f1d1662	78873803	78885728	fwd	11756	1930	8128	0.004237	0.220339	0.012724	0.866164	-3	left	UWB_Cisp1
chr11	7971732	7978918	57b203f2-c8f9-4f4a-89d0-90a2e822545a	7971728	7982202	fwd	7186	2562	3131	0.011327	0.307443	0.001256	0.723618	-3	left	UWB_Cisp1
chr11	10766885	10772851	55bd9709-fa40-4437-a3c3-0f4ac5f981d3	10765781	10772859	rev	5966	1567	3420	0.002174	0.758696	0	0.957733	-3	left	UWB_Cisp1
chr11	42977568	42985752	6d21813b-2784-40af-8697-0ac289f448da	42977559	42986527	rev	8184	1538	4787	0.03913	0.584783	0.001285	0.955042	-3	left	UWB_Cisp1
chr11	73673614	73679730	09763430-d3dc-439c-843c-9e9d0f396f67	73671176	73680104	rev	6116	1211	4530	0	0.382789	0.007109	0.889415	-3	left	UWB_Cisp1
chr11	80954576	80963805	1dc68e43-7fc8-4677-8a9b-a17fe591b8b4	80952660	80967089	rev	9229	1306	6637	0	0.418539	0	0.886484	-3	left	UWB_Cisp1
chr11	104975454	104981952	7849fb17-e3bb-4935-9757-f125a4d18ee8	104973210	104985939	fwd	6498	1913	2935	0	0.430556	0.001269	0.838832	-3	left	UWB_Cisp1
chr11	116418235	116424738	e8718dc3-f231-49c2-981d-191f19b5f6e8	116418231	116424746	fwd	6503	1410	4685	0.075269	0.659498	0.001679	0.927792	-3	left	UWB_Cisp1
chr12	18971546	18981092	b52d7458-5fde-4052-a635-ed939737a8dc	18971541	18981099	fwd	9546	3896	5409	0.001821	0.574681	0	0.869841	-3	left	UWB_Cisp1
chr12	27320949	27325758	029c9cc4-8917-49f3-bebf-6548b0d054f4	27320942	27333311	rev	4809	2434	1915	0	0.638122	0.034539	0.810855	-3	left	UWB_Cisp1
chr12	29077173	29093009	e99052af-e671-4316-b3e8-e2cd062b878d	29075658	29094416	rev	15836	1766	13671	0.045375	0.588133	0.060361	0.591579	-3	left	UWB_Cisp1
chr12	44991217	44996808	fb0d0e03-d49f-4996-83af-a663ec31f2d8	44991212	44996814	fwd	5591	3542	1625	0.014829	0.401297	0	0.729787	-3	left	UWB_Cisp1
chr12	53074594	53081831	e3e4431d-02d2-4590-ba52-74dabf56b30c	53072959	53081835	rev	7237	3332	3290	0.004071	0.377205	0.046189	0.674365	-3	left	UWB_Cisp1
chr12	59517514	59522564	accfef09-9215-4ca6-a038-647d899a8fe2	59517508	59528977	fwd	5050	1485	3149	0	0.377729	0	0.7434	-3	left	UWB_Cisp1
chr12	65567848	65575333	3992a430-cdd5-484f-ade8-625859cef3f0	65567842	65575350	fwd	7485	1620	5167	0.016706	0.560859	0.023256	0.832558	-3	left	UWB_Cisp1
chr12	87322101	87326889	b05572f3-ed74-4e3a-a353-949c4e650139	87322091	87334421	rev	4788	2448	1969	0.001209	0.455865	0.00156	0.74259	-3	left	UWB_Cisp1
chr13	35789833	35797951	0fa2ad49-259f-4e3a-8737-12074b867fa3	35789475	35803041	fwd	8118	3182	4684	0	0.478029	0.026336	0.756003	-3	left	UWB_Cisp1
chr13	38214426	38218165	e3619a2d-50e6-4088-a9d6-6bbd2e3083f4	38214419	38225521	rev	3739	1784	1552	0	0.36255	0	0.750511	-3	left	UWB_Cisp1
chr13	44197845	44209316	569dd58e-a649-409e-8ef9-005e48261911	44196872	44215272	rev	11471	3688	7608	0.003198	0.651386	0.001924	0.893218	-3	left	UWB_Cisp1
chr13	50932075	50935338	fed3c8ec-d93f-4e5c-b583-9ae5691bf884	50922691	50943253	fwd	3263	1793	1058	0	0.196364	0	0.598101	0.594387	left	UWB_Cisp1
chr14	21108456	21113760	c4596a07-0922-4c53-9193-948d6da5cc55	21108451	21119782	rev	5304	2771	1309	0.003017	0.269985	0.020772	0.596439	-3	left	UWB_Cisp1
chr14	52090575	52096380	2d3493a0-ac0f-43b0-aad9-ae3c6fa18ad2	52090569	52099675	rev	5805	2242	3270	0	0.541195	0.035753	0.788732	-3	left	UWB_Cisp1
chr14	61041089	61052590	966cc99c-0db2-4d19-af48-a28da5929488	61041084	61055461	fwd	11501	1580	9650	0.01913	0.427826	0.018295	0.722966	-3	left	UWB_Cisp1
chr14	63118141	63127902	f73cb6cc-f9d5-47b9-ac83-b70e65b6a169	63110433	63128017	fwd	9761	1130	8215	0	0.28481	0.023697	0.725848	0.318084	left	UWB_Cisp1
chr14	67896486	67900356	82c6ae26-301c-424d-a49b-51832a342270	67896476	67902523	rev	3870	1258	2250	0.008982	0.58982	0.033333	0.703846	-3	left	UWB_Cisp1
chr14	92815172	92823551	a15e34e2-0678-4c87-a9ca-de19cd5c092f	92815165	92823567	rev	8379	2001	4678	0.10251	0.550209	0.023596	0.906428	-3	left	UWB_Cisp1
chr15	19958643	19964383	4c1541ac-fd9c-4f5b-82bc-9f55d883c4e5	19958637	19974914	rev	5740	3664	1799	0	0.384314	0.008803	0.885563	-3	left	UWB_Cisp1
chr15	38616618	38622500	4f4ccddf-f81e-41b9-b4f3-8cab4b7fd5ba	38606430	38622507	fwd	5882	2207	2734	0	0.41129	0.005442	0.789116	-3	left	UWB_Cisp1
chr15	43690323	43698303	524abb1f-e220-4a82-bf94-ad0bcf1853a6	43689293	43700973	fwd	7980	1382	6329	0.019002	0.522565	0.008368	0.6841	-3	left	UWB_Cisp1
chr15	45228073	45235120	4b2ad1e8-b8f0-4441-8119-2a8840290160	45227361	45238055	fwd	7047	2584	3741	0	0.714681	0.010081	0.815524	-3	left	UWB_Cisp1
chr15	49771191	49781719	6bfc2624-30ab-4029-8fc5-ba10f146e5bd	49771183	49781723	rev	10528	4479	3744	0.056056	0.634635	0.000956	0.89675	-3	left	UWB_Cisp1
chr15	53217648	53227729	04952cb2-ae61-46e4-b1e6-7cefc7f87bdc	53216416	53228616	rev	10081	1227	8440	0	0.29805	0.035304	0.650787	-3	left	UWB_Cisp1
chr15	81990421	81995307	54fa0997-4df4-41e8-a2c3-01bde7f24cab	81988806	81999014	rev	4886	1357	3028	0.022847	0.260105	0.021021	0.656657	-3	left	UWB_Cisp1
chr15	82738414	82749512	1767ed96-3a00-4068-a23c-b5a94334738d	82738408	82749907	rev	11098	3877	6196	0	0.215474	0.000541	0.792208	-3	left	UWB_Cisp1
chr15	83942427	83948199	d7de8118-395e-48fc-9ab7-75e2070a8a04	83942422	83953229	rev	5772	1897	3502	0	0.451193	0.00119	0.815476	-3	left	UWB_Cisp1
chr15	96131149	96138752	008d21d0-81b3-4f85-abb3-974d7f971868	96131143	96142289	rev	7603	1433	5833	0.006316	0.526316	0.000615	0.827904	-3	left	UWB_Cisp1
chr16	35974863	35979712	f0e543d1-17c6-43dc-9059-a0372f60f2fe	35974852	35985095	rev	4849	1647	2866	0	0.423573	0.001059	0.75	-3	left	UWB_Cisp1
chr16	46389339	46398235	dedaee74-ebc4-44fa-b1ca-96c4f33d9654	46383095	46405953	fwd	8896	4024	1655	0.043651	0.376984	0.059783	0.423913	-1	left	UWB_Cisp1
chr16	46396248	46400496	75474515-1f22-4d50-9974-6fcf4abc68aa	46385624	46400636	rev	4248	3202	1046	0.015892	0.383863	0	1	-1	left	UWB_Cisp1
chr16	46395008	46403050	16aca80b-4b07-49fc-8cc2-e45420b65667	46385709	46403055	fwd	8042	1174	2291	0.060345	0.603448	0	0.456522	-3	left	UWB_Cisp1
chr16	46395835	46403295	ea80e1ae-788a-4efb-80f8-9fb167d14b4c	46386486	46403301	rev	7460	1414	4152	0	0.329032	0	0.441176	-3	left	UWB_Cisp1
chr16	46389186	46399750	a1851840-9061-4746-8a46-4feb1034bdf4	46386831	46401474	fwd	10564	5287	1315	0.064334	0.414221	0	0.90625	-3	left	UWB_Cisp1
chr16	46395835	46402719	a45e041f-8bbb-4844-8e3b-bd22b7838332	46387214	46403911	rev	6884	1101	4151	0	0.355987	0	0.466667	-3	left	UWB_Cisp1
chr16	46396612	46400047	cc937f93-59bf-4313-abd2-74bf6ec27c68	46387304	46403452	rev	3435	1683	1610	0.02144	0.350689	0	0.5	-1	left	UWB_Cisp1
chr16	46392675	46401751	d0a6557a-4255-4494-baa3-3994a8cbd40a	46387385	46401758	rev	9076	7288	1535	0.15772	0.348575	0.057143	0	-1	left	UWB_Cisp1
chr16	46394096	46397117	7d26f6aa-1b6e-40ae-bae8-9dc1c4de9b46	46388224	46403914	rev	3021	1483	1538	0.045045	0.225225	0	0.641026	-3	left	UWB_Cisp1
chr16	46395068	46403215	295a246a-e51a-475d-951a-5967231f22dd	46388775	46403765	fwd	8147	1022	2231	0.015464	0.278351	0	0.611111	-3	left	UWB_Cisp1
chr16	46391216	46397309	35ed10ed-919e-4d3d-958f-98814fed4834	46389542	46400128	fwd	6093	2851	2995	0	0.186667	0	0.1875	-3	left	UWB_Cisp1
chr16	46390779	46397293	f8fb20d3-1510-4d7c-b346-05c3fb5ace72	46389873	46402698	rev	6514	2620	3421	0.138462	0.553846	0.006536	0.601307	-3	left	UWB_Cisp1
chr16	84346665	84363926	827c15dd-292a-4891-a612-6ed3d714233a	84346660	84363935	fwd	17261	1974	12608	0.00759	0.474383	0.00388	0.697354	-3	left	UWB_Cisp1
chr17	15671575	15680565	7c34f11f-7267-429a-9f7a-51239605b436	15671563	15680573	rev	8990	4142	2893	0.000849	0.504244	0.080495	0.757482	-3	left	UWB_Cisp1
chr17	21973743	21976434	ceffae9c-b8c9-4fed-9b5d-d0476100016e	21972119	21983019	fwd	2691	1278	1075	0.04	0.37	0	0.678571	-3	left	UWB_Cisp1
chr17	33964359	33972986	ae5dc0f0-f660-48be-a77b-757d53ef11a9	33961783	33998621	fwd	8627	2089	1880	0	0.300797	0	0.878465	-3	left	UWB_Cisp1
chr17	55975814	55985139	da4d0196-a6bc-4971-9569-ba384411d1e7	55975444	55988312	rev	9325	1013	7850	0	0.285714	0.008204	0.727979	-3	left	UWB_Cisp1
chr17	63212316	63218353	8a4cbdce-d146-4c54-9634-34486579b3ff	63212310	63227300	fwd	6037	1160	4618	0.073427	0.468531	0.00939	0.707355	-3	left	UWB_Cisp1
chr18	5874821	5879962	d5c9beb3-3729-4660-b99d-e0e9bfb05694	5874814	5881214	rev	5141	1955	2838	0	0.36014	0.028858	0.855709	-3	left	UWB_Cisp1
chr18	8442274	8451757	b174323e-f3f9-4450-bedd-932741548f8a	8442153	8454054	fwd	9483	1790	5034	0	0.404612	0.012533	0.747361	-3	left	UWB_Cisp1
chr18	8759239	8764067	56f6b0bc-c712-4175-89be-12d5d95888eb	8757901	8764227	fwd	4828	3135	1267	0	0.533485	0.059561	0.576803	-3	left	UWB_Cisp1
chr18	30759333	30762577	8844c659-84b0-4df0-ae87-372cc73fff1f	30754702	30767245	fwd	3244	1167	1807	0	0.34375	0	0.82038	-3	left	UWB_Cisp1
chr18	43967333	43971449	f57a35ee-8358-4956-afe1-b3ac77544fbc	43967326	43973394	rev	4116	1929	1939	0	0.506818	0.005008	0.884808	-3	left	UWB_Cisp1
chr18	57832228	57836964	ff7f2be7-c091-4758-8908-cd485965d3ca	57832222	57841272	fwd	4736	2060	1125	0.032149	0.37225	0.003436	0.749141	-3	left	UWB_Cisp1
chr18	79235626	79241576	167f1dcf-1fb9-473b-a16c-0d5480d86c9d	79235609	79249193	fwd	5950	2059	3566	0.019892	0.34358	0.009434	0.793396	-3	left	UWB_Cisp1
chr19	57504049	57513769	42151203-b288-4b4e-b800-37a053c5aabe	57504039	57513775	rev	9720	1061	7358	0	0.492212	0.000503	0.933668	-3	left	UWB_Cisp1
chr2	3333334	3338359	960d13b4-b631-49a1-b575-1539d9083d5a	3333327	3343827	fwd	5025	1679	1979	0	0.38835	0	0.564232	-3	left	UWB_Cisp1
chr2	8759985	8774192	9cb2b8dc-74e0-4309-a2cb-81fe29523927	8759804	8774196	rev	14207	2888	9737	0.063474	0.650334	0.002472	0.921199	-3	left	UWB_Cisp1
chr2	15288568	15299151	68cc4246-ac66-4aef-8d1f-83cfc7ed56b2	15288563	15302881	rev	10583	4849	5009	0.037696	0.366287	0.005461	0.808191	-3	left	UWB_Cisp1
chr2	26833109	26841277	e1b1f868-71bf-43de-a42d-9adfcadc7110	26833105	26841900	fwd	8168	3028	4923	0.017422	0.576074	0.037688	0.681742	-3	left	UWB_Cisp1
chr2	117649207	117655428	f12938e9-c176-457a-84c4-34451395aa40	117649196	117660867	rev	6221	2355	3626	0.028441	0.465301	0.006923	0.85	-3	left	UWB_Cisp1
chr2	139175620	139186593	e551196d-29fb-4488-97c1-cd264f694ee8	139175607	139186604	rev	10973	4065	5530	0.006087	0.74087	0.004932	0.920469	-3	left	UWB_Cisp1
chr2	143902747	143908111	7d834efc-56ad-4904-9bb5-155728bf4cd9	143902740	143908471	rev	5364	1774	3298	0.069149	0.494681	0.024169	0.912387	-3	left	UWB_Cisp1
chr2	149788185	149791662	8b3cdc65-fa74-4829-bfbc-d4c93c1e85e0	149788171	149793867	rev	3477	1127	1942	0	0.367089	0.014523	0.759336	-3	left	UWB_Cisp1
chr2	156532155	156536870	3d5e18f1-705b-4fde-a31b-64a1a6ad3484	156532147	156543697	fwd	4715	2081	2226	0	0.628814	0.010786	0.793529	-3	left	UWB_Cisp1
chr2	158902449	158907183	0842ca53-c7f4-4ef8-8346-498173f246d6	158902443	158909153	rev	4734	1204	3288	0	0.543147	0.028896	0.854489	-3	left	UWB_Cisp1
chr2	159907972	159920875	c58b20ff-0b77-4271-a7a8-81ac4d06fad6	159907596	159924294	fwd	12903	1882	7534	0	0.24307	0.003602	0.790185	-3	left	UWB_Cisp1
chr2	162675675	162682640	e014ce1f-f0fa-4b14-8bb7-8dc373919ef1	162675670	162685211	rev	6965	1880	3897	0.036125	0.458128	0.045202	0.725615	-3	left	UWB_Cisp1
chr2	172918808	172928069	3b25bd55-178a-430f-8a89-e3f835a0c202	172918801	172928310	rev	9261	2944	6070	0.017699	0.47677	0.022297	0.847973	-3	left	UWB_Cisp1
chr2	224628611	224634484	3ef7c955-0208-4779-9e5b-37a0ac768ca9	224628604	224634489	fwd	5873	3018	2568	0.02236	0.710559	0.018625	0.863897	-3	left	UWB_Cisp1
chr20	3782649	3788923	6d8a591d-6ef4-443a-8557-821950e9878a	3781939	3789251	rev	6274	2295	2977	0	0.452611	0.027257	0.645656	-3	left	UWB_Cisp1
chr20	19703946	19709604	d5677972-051f-44cc-a495-1cb97b6f87e1	19703760	19710414	rev	5658	1067	4178	0	0.363309	0.024473	0.683544	-3	left	UWB_Cisp1
chr20	29113102	29118027	0c27d3a5-2adf-4f58-b6f7-ac4fb4a4ff25	29113095	29125693	fwd	4925	1776	2822	0.024673	0.457184	0.019894	0.741379	-3	left	UWB_Cisp1
chr20	31059333	31065537	270b3b72-f2b3-42f6-806f-4582c472bd73	31051508	31068338	fwd	6204	1460	4704	0.074713	0.327586	0	0.412587	-3	left	UWB_Cisp1
chr20	31067004	31073937	b960a576-fe2d-4d07-ac5a-818bf457e1a0	31051968	31076742	fwd	6933	1055	1439	0.157068	0.434555	0.003937	0.480315	-3	left	UWB_Cisp1
chr20	31062482	31070514	919f2a44-1622-4a21-a1c4-ba9757ce4c95	31052353	31072198	fwd	8032	1292	4477	0	0.634146	0.045802	0.416031	-3	left	UWB_Cisp1
chr20	31056857	31061882	b452e204-7d46-4a59-853e-2d8f1ce46972	31054881	31084019	fwd	5025	1984	1116	0.100279	0.350975	0	0.723077	-3	left	UWB_Cisp1
chr20	31059693	31077118	8e0b4661-d9c4-489c-8883-67742906dbcd	31055797	31077124	fwd	17425	1129	11654	0	0.479532	0	0	-3	left	UWB_Cisp1
chr20	31063842	31071233	747fdbc4-3dbc-43c8-9d2d-8401b35313e3	31063838	31076248	fwd	7391	1223	1195	0.020408	0.27551	0.028986	0.456522	-3	left	UWB_Cisp1
chr20	31069870	31073861	d34b4690-21f8-4bba-a863-8b67b263e57c	31063974	31076455	rev	3991	1024	1387	0.18328	0.559486	0	0.64	-1	left	UWB_Cisp1
chr20	31187743	31193221	234764c5-9838-409f-8147-1d09801a9776	31183791	31199411	fwd	5478	1616	1176	0.021212	0.460606	0.039526	0.422925	-3	left	UWB_Cisp1
chr20	33813401	33820008	f734f209-2aa7-43e3-b251-589dd43abdce	33810332	33820032	fwd	6607	2345	3967	0	0.642089	0.002727	0.723636	-3	left	UWB_Cisp1
chr20	38937595	38947545	e7ca9052-ce26-4883-b4bf-5fcaf9a7af48	38937590	38947937	rev	9950	4261	3725	0.006481	0.484259	0.011236	0.872659	-3	left	UWB_Cisp1
chr20	38989768	38998361	681abecc-0e9e-4794-8c40-99f9335cfa99	38989762	38999193	fwd	8593	2263	5202	0.007321	0.537335	0.006524	0.915777	-3	left	UWB_Cisp1
chr20	45768642	45775958	0148f6d3-0a44-4cff-8ef5-e84395783eb9	45768638	45784862	fwd	7316	1944	4922	0	0.239726	0.002368	0.76322	-3	left	UWB_Cisp1
chr21	10695658	10701136	0c1e2065-b0e5-4a14-afdb-bfff529a67dd	10695399	10701144	fwd	5478	3967	1234	0.095314	0.589357	0.168	0.624	-3	left	UWB_Cisp1
chr21	14853419	14864886	69ebb14b-33ec-43e8-adf9-c705eddbc180	14853219	14870404	rev	11467	2875	5494	0	0.387515	0	0.788921	-3	left	UWB_Cisp1
chr21	15152070	15158337	8bc388b3-3099-4768-b078-fabd52ad90c3	15152065	15160070	fwd	6267	3328	2416	0	0.491803	0.058511	0.598404	-3	left	UWB_Cisp1
chr21	23902750	23914678	15eec87e-5e9f-4fbd-a456-46c48fe48e56	23902743	23914683	rev	11928	2788	7168	0.026538	0.872135	0.027327	0.924039	-3	left	UWB_Cisp1
chr22	10714364	10720794	9f101ffd-d1a9-4c89-87bf-a205bfc07bd9	10707713	10721203	fwd	6430	2910	2249	0.025974	0.289425	0	0.889051	-1	left	UWB_Cisp1
chr22	28072713	28085658	c385a57f-002d-4ef5-8ee3-5cca83797dc1	28072707	28085663	rev	12945	1768	9782	0	0.345541	0.01256	0.890654	-3	left	UWB_Cisp1
chr3	7918417	7925827	ea346801-f77f-47c6-bd40-8bfa58dcbaec	7916173	7930141	rev	7410	2030	2956	0	0.535276	0	0.922612	-3	left	UWB_Cisp1
chr3	26816201	26824147	0d7da67c-e3e6-4c1c-bc51-bc553402cf09	26816187	26827571	fwd	7946	3315	4206	0.074627	0.707463	0.028158	0.744167	-3	left	UWB_Cisp1
chr3	26816836	26824204	5fc6e2c7-af60-4d44-aeaa-58fb6707c6a9	26816008	26831307	fwd	7368	2738	3547	0.018692	0.634346	0.006267	0.921218	-3	left	UWB_Cisp1
chr3	29971080	29988408	eae7e9b7-d012-4b93-8948-de59c2908dea	29971072	29988417	fwd	17328	3597	10311	0.00925	0.874615	0.078012	0.731538	-3	left	UWB_Cisp1
chr3	55569655	55577304	caed046e-6058-42f5-8356-1e2a099ea7a1	55569646	55577308	rev	7649	3901	2969	0.019958	0.361345	0	0.842818	-3	left	UWB_Cisp1
chr3	78664733	78671095	b6e6ff25-72d7-438b-a591-029a2a605993	78664729	78671113	fwd	6362	2836	3231	0	0.356147	0	0.867248	-3	left	UWB_Cisp1
chr3	117416446	117422633	779de764-ebb5-4633-9724-fee87db52b1e	117413982	117425871	fwd	6187	1593	4268	0	0.652838	0.025662	0.530072	-3	left	UWB_Cisp1
chr3	133220499	133226857	b9482d7c-a4d2-4259-8b9b-d0a4a3df7a8f	133220492	133226864	rev	6358	1099	4734	0	0.291908	0.019231	0.869755	-3	left	UWB_Cisp1
chr3	136202525	136212275	51c37163-5614-4e50-9c18-fff5dcd378e5	136202516	136214860	rev	9750	2278	6293	0	0.579932	0.003641	0.902913	-3	left	UWB_Cisp1
chr3	141138172	141150034	9dd543f6-0d2d-4620-ba9d-12bbf3ceb94f	141138166	141150042	fwd	11862	2827	7899	0	0.453731	0.000735	0.903676	-3	left	UWB_Cisp1
chr3	156558172	156563604	86b08c05-5b96-4b1a-aa0d-9a78253377d2	156558165	156566174	rev	5432	2993	2182	0	0.487242	0	0.87106	-3	left	UWB_Cisp1
chr3	158193157	158200232	9ad6a984-698f-4a4f-a3cd-e916a094fc2f	158193149	158200754	fwd	7075	4742	1793	0.031978	0.493225	0	0.871795	-3	left	UWB_Cisp1
chr3	158487174	158493962	c17dcde6-6bdd-4e42-8699-daae3c12fce2	158487168	158497152	fwd	6788	1267	4886	0.013661	0.5	0.030265	0.688525	-3	left	UWB_Cisp1
chr3	159568568	159571532	74a60c1f-0080-4687-a200-f6ca9b43ae8d	159567812	159576212	rev	2964	1236	1390	0	0.488636	0	0.675841	-3	left	UWB_Cisp1
chr3	160405201	160422268	8421005b-3728-4de5-8b41-82c43c3219d6	160404682	160423994	rev	17067	3679	12904	0	0.213052	0.002489	0.891461	-3	left	UWB_Cisp1
chr3	164747221	164749890	eec2aa5e-cbc6-4126-a3cf-69acddb22a0f	164731310	164749900	fwd	2669	1053	1329	0	0.411594	0	0.799492	-3	left	UWB_Cisp1
chr3	176706636	176718700	20b6e92b-5296-41d3-9edf-7fc9cc5e0371	176706591	176718708	fwd	12064	1336	8347	0	0.480583	0.002571	0.84473	-3	left	UWB_Cisp1
chr3	177063290	177069150	4c4feb69-1dec-4c08-b109-d36dbe816fcb	177063285	177070614	rev	5860	2314	3200	0	0.588832	0	0.882629	-3	left	UWB_Cisp1
chr3	193807348	193812835	4b8949d4-8e51-462e-a94f-69e32a276b89	193807343	193812845	rev	5487	4091	1104	0	0.329491	0	0.704467	-3	left	UWB_Cisp1
chr3	194156964	194164213	26df53eb-92ba-4af7-aa8a-07f111cf9ade	194152306	194165567	fwd	7249	1487	4628	0	0.509852	0.004237	0.844915	-3	left	UWB_Cisp1
chr3	197251466	197260897	f7d960c9-4b01-455e-bbfb-4724a1a9ff1a	197251457	197260912	fwd	9431	6543	2635	0.047537	0.643184	0.100865	0.752161	-3	left	UWB_Cisp1
chr4	2176053	2187475	c3460f57-a7ef-41d0-8b85-b0dd589b14b7	2176038	2189789	fwd	11422	1041	9013	0.00823	0.300412	0.002208	0.833039	-3	left	UWB_Cisp1
chr4	10510649	10517447	fb955ad6-738e-43f9-96a9-44ffade7f86c	10510644	10518901	rev	6798	1344	5139	0.002123	0.354565	0	0.85771	-3	left	UWB_Cisp1
chr4	21587734	21592897	e5081c44-8708-473e-98c3-c25e1a8c615b	21587729	21593827	fwd	5163	1639	3261	0	0.511765	0.002114	0.788584	-3	left	UWB_Cisp1
chr4	24932451	24938129	76001f6b-30b1-46ce-9d3e-6e114a663e5d	24932428	24942326	fwd	5678	1129	4201	0	0.32	0.026247	0.784777	-3	left	UWB_Cisp1
chr4	25279760	25287235	3ca0eeed-1761-4536-9941-b8333694e1a6	25279752	25287252	rev	7475	1592	5261	0.083333	0.824074	0.098692	0.76635	-3	left	UWB_Cisp1
chr4	32440784	32444871	1cdbbcaf-525d-4585-ab84-477e17af1d73	32440028	32452477	rev	4087	2261	1380	0	0.536634	0.044025	0.614256	-3	left	UWB_Cisp1
chr4	36113916	36121147	90280cca-8b43-4744-80b6-0d4b47b5f5f3	36113911	36127966	rev	7231	2901	3895	0.022039	0.501377	0.010574	0.766616	-3	left	UWB_Cisp1
chr4	49100692	49104007	afe135e8-5ae7-4370-b6c8-c6229781ba40	49093394	49106427	fwd	3315	1012	1859	0.117479	0.426934	0.011945	0.704778	-3	left	UWB_Cisp1
chr4	49116412	49120676	e76a28b9-d02d-4046-8f36-63cdcd7bdcd4	49108750	49121679	rev	4264	2383	1039	0.061008	0.435013	0.006993	0.370629	-3	left	UWB_Cisp1
chr4	49122037	49125553	c5e0e778-5c5b-41fc-87e5-b089ba6217d1	49116327	49125558	fwd	3516	1109	2098	0.076316	0.523684	0.047872	0.683511	-3	left	UWB_Cisp1
chr4	49147153	49150625	d51541e7-3790-4277-a351-393f1ec2a5c5	49143801	49156884	rev	3472	819	1548	0.052632	0.464912	0.071429	0.537815	-3	left	UWB_Cisp1
chr4	49152527	49156344	d51541e7-3790-4277-a351-393f1ec2a5c5	49143801	49156884	rev	3817	2127	519	0.062678	0.321937	0	0.355556	-1	left	UWB_Cisp1
chr4	49153998	49157015	d08c3943-301d-44ad-ab11-be946ba595d7	49147652	49166764	fwd	3017	1286	574	0.14881	0.355159	0	0.41704	-1	left	UWB_Cisp1
chr4	49637114	49639406	123441ea-8b48-4ea9-b39d-7a0dd3b86fed	49634968	49649043	fwd	2292	539	1753	0	0.217391	0.02439	0.502439	-3	left	UWB_Cisp1
chr4	91337476	91345694	5b04f802-078d-4b7e-b7a8-ef60e0ca75e1	91337469	91350099	rev	8218	1930	4968	0.00158	0.976303	0.007509	0.925597	-3	left	UWB_Cisp1
chr4	131407431	131413969	5edee8e4-0026-49a4-a183-54afdcc9f3a1	131405551	131416657	rev	6538	1268	4779	0	0.390658	0.01264	0.882022	-3	left	UWB_Cisp1
chr4	156148796	156154622	576f6107-9418-4750-9d83-2c0c697d9872	156148790	156162494	rev	5826	2230	3312	0.011645	0.423581	0.032567	0.795977	-3	left	UWB_Cisp1
chr4	162025274	162031565	9a66686b-bce5-4fe4-93ef-f4c05e1fd1a5	162025265	162037654	rev	6291	2587	3436	0.010702	0.406659	0.033333	0.715315	-3	left	UWB_Cisp1
chr4	183043907	183054179	564a20bc-402e-4607-9def-23466f01286d	183043902	183054183	rev	10272	3817	4982	0.00524	0.641467	0.036576	0.757132	-3	left	UWB_Cisp1
chr5	9714946	9720497	176d4ddf-7f3c-4661-8e8b-af5c061f97ce	9714939	9723149	fwd	5551	3217	2043	0.004902	0.466912	0.021459	0.660944	-3	left	UWB_Cisp1
chr5	10244793	10249963	461322d5-f140-4df3-b303-40757e35db46	10244787	10253027	rev	5170	1595	1670	0	0.399061	0	0.860082	-3	left	UWB_Cisp1
chr5	27729813	27737144	e28edb1e-5a40-4f86-9af0-edebe4858908	27729809	27737150	fwd	7331	2175	4899	0.005042	0.771429	0	0.893873	-3	left	UWB_Cisp1
chr5	49656292	49661264	be4ba0dc-5789-4082-aa15-27ca894bbab3	49656288	49661871	fwd	4972	1660	1241	0.025788	0.570201	0.044084	0.582367	-3	left	UWB_Cisp1
chr5	55162894	55167071	c9d39f90-d6ce-4b24-93e6-b42c8b1a48e7	55162878	55175818	fwd	4177	1216	2488	0	0.336996	0	0.716	-3	left	UWB_Cisp1
chr5	59528182	59533595	b915e6cf-3628-4793-8da7-e022c35750b3	59522623	59533602	rev	5413	1477	1111	0.083933	0.767386	0	0.945087	-3	left	UWB_Cisp1
chr5	121380019	121392304	a9af70ab-2e6a-4716-96cc-c0ea36f172d6	121378039	121392311	fwd	12285	2220	9846	0.004261	0.661932	0.02377	0.808504	-3	left	UWB_Cisp1
chr5	121672883	121681026	29a92ece-873a-4ea3-9f09-167d64465f68	121661387	121681032	fwd	8143	3168	4678	0	0.66624	0.003339	0.718698	0.340984	left	UWB_Cisp1
chr5	151490210	151497442	99d7fc3c-1e2e-4e6f-8e18-0f10207e8915	151488046	151502315	fwd	7232	2113	4791	0	0.307285	0.022792	0.826923	-3	left	UWB_Cisp1
chr6	10287685	10301029	5fb8e07c-2080-410b-bf28-042afd9d4087	10287679	10301034	rev	13344	2517	7991	0.008322	0.883495	0.005098	0.915463	-3	left	UWB_Cisp1
chr6	63134787	63142820	34515591-8b61-4e30-8e4b-6d459168ed9c	63134781	63144627	fwd	8033	1736	5271	0.106017	0.461318	0.014296	0.796998	-3	left	UWB_Cisp1
chr6	65755273	65759322	0f9dab25-f447-469a-ae4d-d3d2f6c020aa	65755268	65765626	rev	4049	1120	2618	0	0.426357	0.00216	0.633909	-3	left	UWB_Cisp1
chr6	66994746	67002499	b2792e19-3b8c-46b0-b6e3-566d9d748bca	66994740	67004157	fwd	7753	1455	5952	0	0.332425	0.00602	0.728477	-3	left	UWB_Cisp1
chr6	77164311	77176027	b2fe77d1-4cae-4d3c-a2d4-b126357a7a84	77164304	77179889	rev	11716	1202	10223	0	0.514107	0.039251	0.782337	-3	left	UWB_Cisp1
chr6	136703237	136710615	4759caad-f322-4c3f-add2-529399790c1b	136701348	136710886	fwd	7378	2245	4791	0	0.378594	0.054918	0.659016	-3	left	UWB_Cisp1
chr6	137744140	137750795	4c3f36e2-70e5-4b66-9dd7-d6daea8d84a9	137744134	137753368	rev	6655	1851	4478	0	0.506217	0.007037	0.831118	-3	left	UWB_Cisp1
chr6	156665579	156674892	1ce4b590-ddfe-4fc5-88aa-08c691498a32	156665574	156678402	rev	9313	1600	6212	0.003003	0.492492	0.009648	0.811384	-3	left	UWB_Cisp1
chr7	29109125	29115752	da9c3206-d495-4eb4-a544-fe7316ec1066	29109114	29115761	fwd	6627	2693	3645	0	0.69028	0.009761	0.850325	-3	left	UWB_Cisp1
chr7	29804064	29818160	27478e35-da35-445f-b460-fff304b05b9b	29804024	29819957	fwd	14096	1806	11971	0	0.510791	0.013191	0.80402	-3	left	UWB_Cisp1
chr7	50200519	50203507	6a7c9ad2-1595-49a8-94c4-767c4c1acedf	50200512	50213766	rev	2988	1374	1146	0.018182	0.315152	0	0.676471	-3	left	UWB_Cisp1
chr7	52597460	52607566	53b017f0-7205-4c0e-92e0-98ef55957f76	52597138	52607572	rev	10106	1131	8712	0	0.66568	0.040842	0.693895	-3	left	UWB_Cisp1
chr7	63239167	63249605	f6aaf1da-dd64-49cf-ad2e-5318656689ca	63239160	63249725	rev	10438	5592	4465	0.010322	0.323012	0.004689	0.849967	-3	left	UWB_Cisp1
chr7	82701341	82706770	1e888728-b600-40ec-9c50-c3d8dfb8fc08	82701335	82708614	rev	5429	1181	3981	0	0.416413	0.000739	0.793944	-3	left	UWB_Cisp1
chr7	83972025	83981353	64a3e8b1-4588-462c-8b40-475ebabd0a4d	83972019	83994251	rev	9328	4848	2262	0.00132	0.271947	0.007052	0.763047	-3	left	UWB_Cisp1
chr7	86017676	86025508	901c9fd1-240f-481c-af4b-52b06d09572e	86015729	86025513	fwd	7832	3222	4164	0.002646	0.445326	0.009183	0.704316	-3	left	UWB_Cisp1
chr7	93705012	93717761	9f77efb0-3960-4f05-ac35-adbd0fad743f	93705006	93718087	rev	12749	2975	8109	0.001045	0.494253	0.005804	0.933482	-3	left	UWB_Cisp1
chr7	120430050	120435788	5600c990-fac1-48f7-a512-7f9b284df4b8	120430045	120441669	rev	5738	1847	3438	0	0.364791	0.013699	0.739726	-3	left	UWB_Cisp1
chr7	123580691	123588507	a9438818-529f-4945-b78c-4293938d39b4	123580687	123588512	fwd	7816	1703	3781	0.009358	0.602941	0.021236	0.898649	-3	left	UWB_Cisp1
chr7	125680315	125690174	95953587-2e32-4a16-995e-9b2423db5122	125678564	125690179	rev	9859	2138	7354	0.00431	0.662356	0.004977	0.943832	-3	left	UWB_Cisp1
chr7	137965157	137967992	a780115a-aaa0-4f0f-92b5-b4dabd44dbb5	137965152	137974401	rev	2835	1037	1232	0	0.195918	0.033766	0.732468	-3	left	UWB_Cisp1
chr8	36378219	36383789	2f38d079-a495-476f-9f5c-e55f0a4a3b80	36378214	36383793	rev	5570	1940	3419	0	0.776316	0.005172	0.794828	-3	left	UWB_Cisp1
chr8	37027670	37039007	f405faf0-0315-466d-9bd1-eb4b46b8e492	37026651	37041297	rev	11337	1667	8769	0.015842	0.374257	0.00172	0.780739	-3	left	UWB_Cisp1
chr8	73653204	73662381	9658ab91-e42d-44c3-b233-e7ac8ad8c4f9	73653197	73663332	rev	9177	4325	4008	0.009873	0.220028	0.029839	0.857258	-3	left	UWB_Cisp1
chr8	90365472	90368582	dcd1227d-17ee-4edb-8b7f-0135aba0fd80	90365467	90375413	fwd	3110	1017	1673	0	0.192308	0	0.664165	-3	left	UWB_Cisp1
chr8	123204344	123212574	19146341-965d-4f98-a85e-0a8e82ff90de	123203366	123212578	rev	8230	2157	5769	0.071146	0.397233	0.008326	0.820983	-3	left	UWB_Cisp1
chr8	126873417	126878360	8ad7cf37-0466-4cb6-b0b8-2d542fec429c	126871394	126881797	rev	4943	1441	1410	0	0.382436	0.008043	0.664879	-3	left	UWB_Cisp1
chr8	127685856	127696232	a8699e56-a794-4eac-9efc-9c9d21d7954f	127685850	127699871	fwd	10376	1878	7571	0	0.253829	0.006309	0.859621	-3	left	UWB_Cisp1
chr8	129959632	129970873	0cc5d2e2-127a-4a77-a413-8c90d1b7e5c9	129959627	129970878	rev	11241	1308	8828	0.017094	0.80057	0.009098	0.929694	-3	left	UWB_Cisp1
chr8	139732422	139742941	76dada49-83f8-49a5-ac97-00117aa45209	139732415	139744500	fwd	10519	2543	7729	0.009381	0.572233	0.044863	0.580624	-3	left	UWB_Cisp1
chr9	24403290	24409425	7e494da2-1407-48ef-9e42-d154a437de82	24403223	24410690	fwd	6135	1089	3698	0	0.196581	0.013793	0.776245	-3	left	UWB_Cisp1
chr9	98297969	98301925	3b1c7ebb-3d57-4f40-8d74-585bcb863e1e	98297963	98305555	rev	3956	1302	1939	0.034921	0.257143	0.082164	0.641283	-3	left	UWB_Cisp1
chr9	99132548	99146809	56f3369e-5dc0-4ce1-aa20-3ca35f52f19c	99131369	99148824	fwd	14261	1034	10179	0.008929	0.309524	0.007344	0.708384	-3	left	UWB_Cisp1
chr9	104614425	104625553	e6fa8e4b-6203-4fee-be87-f1128de27a6d	104606825	104634578	rev	11128	1914	6894	0	0.511797	0.01141	0.82702	0.181681	left	UWB_Cisp1
chr9	107017439	107025380	47ffc12e-86ab-4137-88e4-1f38506d995a	107017435	107028047	fwd	7941	3112	3072	0	0.184669	0.014066	0.650895	-3	left	UWB_Cisp1
chr9	117480953	117495916	0faa4818-74ad-42f1-a722-d54ec26fb514	117474830	117495921	fwd	14963	2143	11149	0.013953	0.669767	0.046149	0.664933	-3	left	UWB_Cisp1
chr9	126592284	126596633	e4a86196-9cf8-457c-9f67-7cec3fe8f53b	126592280	126599035	fwd	4349	1002	2857	0	0.230769	0.016238	0.537212	-3	left	UWB_Cisp1
chrX	15792615	15798637	d6aa7e8c-98fd-4971-9f85-340d1820635e	15788763	15798643	fwd	6022	1002	4547	0	0.282353	0.009085	0.902166	-3	left	UWB_Cisp1
chrX	36439852	36444359	c564bd26-5304-4b0b-b773-cda384cbcf53	36437671	36444365	fwd	4507	1281	2973	0.035135	0.672973	0	0.888166	-3	left	UWB_Cisp1
chrX	129462283	129477227	3e0dd996-7522-427c-a4af-8e4c3b761c93	129456928	129493497	fwd	14944	2695	11895	0	0.698479	0.018824	0.695048	-3	left	UWB_Cisp1
chrX	129762530	129776541	cfbb99e4-ad13-4b37-8a4b-f8b3e1c9cfcf	129760987	129776547	fwd	14011	1488	9377	0	0.558333	0.047812	0.635544	-3	left	UWB_Cisp1
chrX	147228836	147235326	a6311489-2db4-49f7-97fe-ff2cd8ce6126	147228829	147236968	fwd	6490	2503	2657	0	0.304104	0.030265	0.770492	-3	left	UWB_Cisp1
chrY	56826394	56832955	9bbe7047-bc18-49b2-a04a-453dcf92616d	56825774	56839551	fwd	6561	2606	1641	0.014667	0.322667	0.013208	0.630189	-3	left	UWB_Cisp1
chr1	4094095	4097109	cfca1aee-21f5-4454-9024-95693bec59c2	4080633	4097117	fwd	3014	1315	1683	0	0.419512	0.010309	0.68866	-3	right	UWB_Cisp1
chr1	17915276	17919135	2d744a2c-0875-4f44-9f56-5271fe87be2d	17911012	17923765	fwd	3859	1162	2212	0.028125	0.378125	0.005093	0.736842	-3	right	UWB_Cisp1
chr1	20655327	20660535	ed01006b-1fd4-411e-a5b9-fa0b57d047b4	20653154	20660541	fwd	5208	2648	2293	0.001721	0.316695	0	0.826715	-3	right	UWB_Cisp1
chr1	68067468	68072323	403f9c31-a452-41cc-9036-7c0e4cd9f169	68062168	68072420	fwd	4855	2110	1032	0.001272	0.33715	0.015119	0.475162	-3	right	UWB_Cisp1
chr1	82115727	82124597	8b95ac74-703a-4577-9dc6-a7537a605b71	82109356	82126317	fwd	8870	1667	5295	0.013123	0.511811	0	0.866667	-3	right	UWB_Cisp1
chr1	92235613	92245676	811d94e4-cf44-44ef-bd03-450b3cab67b6	92235607	92245686	fwd	10063	3039	4897	0.056083	0.675582	0.003916	0.898825	-3	right	UWB_Cisp1
chr1	96732931	96744345	042d4a44-baaf-42f5-9d80-3fbbfe3b30d8	96725175	96744559	rev	11414	5889	3762	0	0.392421	0.007136	0.811417	-3	right	UWB_Cisp1
chr1	98424724	98430334	64b96649-95d2-4715-8a78-4b1c9fa6f20c	98422921	98430340	fwd	5610	2659	2179	0	0.634434	0.045741	0.709779	-3	right	UWB_Cisp1
chr1	113725817	113731472	6060e963-d832-41b0-a6e8-bde1281b1e57	113722164	113731478	rev	5655	3758	1514	0.027314	0.566768	0.015209	0.63308	-3	right	UWB_Cisp1
chr1	143203068	143209322	193bf75f-0e1c-44c6-8fca-408e237b3036	143200062	143221953	fwd	6254	4056	2198	0.060465	0.534884	0	0.461538	-1	right	UWB_Cisp1
chr1	143212230	143220898	2b6ba241-036b-44b3-a456-b022f57bd4da	143212223	143222285	rev	8668	7563	1105	0.043103	0.408215	0	0.37156	-3	right	UWB_Cisp1
chr1	143218702	143223403	1175b148-7b5f-4b1f-8fbe-6319b8ae4dac	143213022	143233430	fwd	4701	759	3942	0	0.727273	0.084444	0.593333	-1	right	UWB_Cisp1
chr1	143228695	143233425	1175b148-7b5f-4b1f-8fbe-6319b8ae4dac	143213022	143233430	fwd	4730	1350	1726	0.2	0.317647	0.076125	0.67474	-3	right	UWB_Cisp1
chr1	153590382	153598268	6564ea28-8596-4ad6-816d-eac7a67100af	153585697	153598281	fwd	7886	2764	4837	0.006645	0.594684	0	0.856006	-3	right	UWB_Cisp1
chr1	157204174	157213330	2ca7371f-320c-41a7-80ed-97aea83ea601	157202478	157213335	fwd	9156	3899	4196	0.001031	0.751546	0.037259	0.835662	-3	right	UWB_Cisp1
chr1	163766522	163773450	77d33aea-cfb2-4bc8-a9e1-612a1647a586	163759633	163773492	fwd	6928	1119	3086	0.009646	0.379421	0	0.788509	-3	right	UWB_Cisp1
chr1	172245595	172254087	f90c98c6-bc8f-4c8b-93bf-b78d4267992e	172244450	172254093	fwd	8492	5188	3026	0.011236	0.460013	0.00398	0.81393	-3	right	UWB_Cisp1
chr1	174750688	174759921	f200e264-5b2e-496f-8cd2-5f52b5078502	174746300	174759930	fwd	9233	2555	6392	0	0.45892	0.002063	0.813822	-3	right	UWB_Cisp1
chr1	188192112	188197366	7d125b6c-5626-493b-ab94-999c7ac19e75	188191182	188201250	rev	5254	1010	1289	0.093583	0.342246	0	0.518957	-3	right	UWB_Cisp1
chr1	198718698	198724281	f9a3d4ee-63eb-4f9e-b936-7d020caba97f	198716373	198727319	rev	5583	1806	3142	0	0.246285	0.006466	0.707974	-3	right	UWB_Cisp1
chr1	213434891	213440115	7c736c02-81e8-423f-8126-3637b57ef9de	213429845	213440131	fwd	5224	1807	2610	0.051799	0.366906	0.010917	0.718341	-3	right	UWB_Cisp1
chr1	228984672	228991171	8691d307-4914-4910-a37a-adb74e857e30	228976492	228991186	fwd	6499	1550	4198	0.003175	0.396825	0.018868	0.6404	-3	right	UWB_Cisp1
chr1	233917794	233927963	ea09923d-397d-4b75-ba4c-5bb14eaba788	233913968	233928095	fwd	10169	1219	8527	0	0.207895	0	0.84378	-3	right	UWB_Cisp1
chr1	238380686	238396513	3618b41c-9ac0-45f1-b1f3-e9e0119516e7	238377968	238398392	fwd	15827	2838	11337	0.001203	0.462094	0.014136	0.846036	-3	right	UWB_Cisp1
chr1	246767535	246773109	7cf623f5-c4eb-4702-a322-122e829b2db0	246767528	246773803	rev	5574	3722	1086	0.008055	0.326812	0.029412	0.448529	-3	right	UWB_Cisp1
chr10	12825847	12831402	cc581710-f8eb-496f-a6f5-e27d239d92a7	12824112	12831408	rev	5555	1074	3835	0.064777	0.259109	0.035408	0.751073	-3	right	UWB_Cisp1
chr10	20849434	20859717	2738ac92-4a5d-40c6-89b4-b43badac913b	20849355	20859725	fwd	10283	2119	6205	0.001546	0.686244	0.006333	0.867012	-3	right	UWB_Cisp1
chr10	41857574	41863449	46bb99ca-1810-454a-9c78-d3928aa1e389	41856987	41865926	rev	5875	1264	1708	0.201531	0.637755	0.102941	0.713235	-3	right	UWB_Cisp1
chr10	41874938	41894748	1276f8ab-f5fa-486b-870d-e6298d49cc4f	41868704	41904172	fwd	19810	18922	888	0.166667	0.358095	0	0.677419	-1	right	UWB_Cisp1
chr10	41885215	41890503	0cda25fd-d6cc-493e-a9a1-08a470c02ae7	41875787	41892301	fwd	5288	679	2351	0	0.54717	0.036176	0.604651	-3	right	UWB_Cisp1
chr10	41877341	41880536	e090b315-f9b9-460d-bd87-24c93c0092b1	41877294	41891012	fwd	3195	1361	578	0.07177	0.291866	0	0.742574	-1	right	UWB_Cisp1
chr10	41884119	41889562	73646415-e8d4-43e2-a64e-7166ae0eb237	41878779	41891681	fwd	5443	1481	1190	0.046875	0.380208	0	0.444444	-3	right	UWB_Cisp1
chr10	41884023	41886460	e069bf96-bb9a-4028-94ff-daffb9495af5	41878527	41910681	rev	2437	1591	502	0	0.330144	0.015152	0.590909	-1	right	UWB_Cisp1
chr10	41880810	41885776	b8d7d44c-392a-4af3-950a-fea1595b347f	41880803	41892301	rev	4966	2937	676	0.031359	0.543554	0	0.574297	-1	right	UWB_Cisp1
chr10	41886471	41890132	44c3c2b3-ac54-494d-bb72-1ef31cbd544a	41881793	41895226	fwd	3661	1191	915	0.073864	0.460227	0.033708	0.58427	-1	right	UWB_Cisp1
chr10	41892100	41895879	e98f4bff-6f1b-4a3a-98bb-2c964fa11879	41882661	41899912	fwd	3779	1760	2019	0.571429	0	0.059406	0.594059	-3	right	UWB_Cisp1
chr10	41884732	41890523	d22d5ffc-1ba1-4f48-9f79-1a8c314d24d4	41883037	41900378	fwd	5791	1536	2231	0.041237	0.505155	0.257692	0.142308	-1	right	UWB_Cisp1
chr10	41885036	41889487	074bcb88-ff8d-492d-97da-fddbee68dc0f	41883842	41900946	fwd	4451	2242	1600	0	0.288288	0	0.469565	-3	right	UWB_Cisp1
chr10	41897797	41910111	8a2a3476-d3ad-41a8-afcb-1d9c05ddf875	41891906	41912860	fwd	12314	5261	7053	0.063107	0.106796	0.013004	0.456437	-3	right	UWB_Cisp1
chr10	41903410	41908168	792adfd2-a9b2-450d-aab3-178d4e5ac9fe	41893512	41916263	fwd	4758	503	1947	0	0.305882	0.014368	0.477011	-1	right	UWB_Cisp1
chr10	41911481	41914360	792adfd2-a9b2-450d-aab3-178d4e5ac9fe	41893512	41916263	fwd	2879	727	1029	0.145161	0.467742	0.102857	0.582857	-3	right	UWB_Cisp1
chr10	41900584	41907520	e1412143-b261-435b-a2fb-3e5179617e03	41895963	41909743	fwd	6936	1410	4952	0.076923	0.353846	0.07967	0.450549	-3	right	UWB_Cisp1
chr10	55906385	55910142	9af2a3e8-f98d-4594-986c-15a0737d61cd	55906381	55921498	fwd	3757	1089	584	0.136546	0.51004	0	0.684848	-1	right	UWB_Cisp1
chr10	60021818	60028075	10909c6b-8bb3-4cff-a4d1-7f6e52a2b736	60021010	60029153	rev	6257	1088	2177	0.008621	0.333333	0.007194	0.883453	-3	right	UWB_Cisp1
chr10	60668666	60671729	2dd31739-3f26-4865-bbb9-66a862ac3995	60665081	60671738	rev	3063	1644	1126	0	0.515873	0.042802	0.789883	-3	right	UWB_Cisp1
chr10	87177600	87182704	a48dff33-660c-43a8-8aca-854bbdfde361	87168368	87182710	rev	5104	1866	1417	0	0.304274	0.031175	0.726619	-3	right	UWB_Cisp1
chr10	98435813	98440180	9c065cda-8de8-44fe-9e41-6b8334df76cd	98433866	98443989	rev	4367	1044	3068	0.008499	0.473088	0.007299	0.805353	-3	right	UWB_Cisp1
chr10	111275108	111280664	d03ca7ed-36f3-4986-8ddd-80e595ab0bcc	111268971	111280672	fwd	5556	1525	3593	0	0.508314	0.030769	0.620879	-3	right	UWB_Cisp1
chr10	123189012	123198304	c1e0b4d6-bb59-4d2d-97e6-cfbff8f57a50	123185060	123198311	fwd	9292	3267	5336	0.012415	0.407449	0.046133	0.592266	-3	right	UWB_Cisp1
chr10	129591244	129603869	46f30fef-7ca5-4764-9d97-6f838775afd3	129591239	129614613	fwd	12625	1638	10254	0	0.723618	0.01644	0.739814	0.69418	right	UWB_Cisp1
chr10	132770040	132774272	cf29c598-02eb-4760-a05f-bcda4eac9244	132756014	132774280	fwd	4232	1957	1531	0	0.323204	0	0.653374	-3	right	UWB_Cisp1
chr11	44057517	44060980	ed1de73a-b2e1-4cca-8acc-9f8b7095a0c8	44052882	44061377	rev	3463	1204	1664	0	0.347403	0.043678	0.590805	-3	right	UWB_Cisp1
chr11	50326917	50334320	3331efc1-a118-4980-884d-84e9ca050d3a	50326909	50337553	rev	7403	1365	4614	0.016064	0.228916	0.000791	0.844937	-3	right	UWB_Cisp1
chr11	66478092	66489332	ea9ad8e5-eee3-48a2-8844-72b949c0ee67	66474703	66489363	fwd	11240	1018	7509	0	0.221277	0.008649	0.736757	-3	right	UWB_Cisp1
chr11	100801862	100809858	464d8392-4d9b-4848-bed4-a12138dea7aa	100800283	100809864	fwd	7996	4935	2558	0.01078	0.36525	0.012146	0.823212	-3	right	UWB_Cisp1
chr11	111128961	111134847	695e1acc-ffa8-49e9-b7c2-9baf73eeec2c	111127623	111134858	fwd	5886	2002	2587	0	0.340102	0.001391	0.755216	-3	right	UWB_Cisp1
chr11	131212786	131223495	49927feb-e1f1-41ad-8be7-4a1264a9e9e3	131210148	131223504	rev	10709	1077	7894	0	0.228296	0.000504	0.804841	-3	right	UWB_Cisp1
chr12	13521425	13525141	d3966d02-556c-46e9-8199-e4f8429c330a	13515075	13527838	fwd	3716	1133	2199	0	0.277286	0.005025	0.745394	-3	right	UWB_Cisp1
chr12	26839087	26847781	96028461-421b-4964-bc0a-88a9203e796d	26839044	26847787	rev	8694	4595	3667	0.004866	0.514193	0.055154	0.689873	-3	right	UWB_Cisp1
chr12	43806214	43812205	4250489a-2a03-4a15-b33a-d3991a5b7233	43803240	43814711	fwd	5991	2274	3465	0.007452	0.490313	0.010476	0.832381	-3	right	UWB_Cisp1
chr12	52349671	52354311	42b75f10-0b95-4d4e-bb69-e94d313a5a18	52343827	52354323	rev	4640	1063	3094	0	0.368243	0.029062	0.635403	-3	right	UWB_Cisp1
chr12	80417110	80427171	a5ab7c90-ec84-4683-b373-c6edd44c661b	80414654	80427179	rev	10061	2774	7051	0	0.489647	0.008874	0.852405	-3	right	UWB_Cisp1
chr13	37405952	37416501	a9debbf4-d3b7-431c-8929-628dc294a533	37405874	37416510	fwd	10549	2160	6091	0	0.472454	0.00454	0.927923	-3	right	UWB_Cisp1
chr13	60771455	60780851	4586351a-f3c5-429c-862f-bba1f17d80b7	60771450	60780855	rev	9396	1482	6746	0	0.551282	0.005376	0.893145	-3	right	UWB_Cisp1
chr13	82829953	82836710	6f63321e-9292-4172-bd84-5db5978fa5cc	82827221	82836721	fwd	6757	1732	4780	0	0.494845	0	0.924723	-3	right	UWB_Cisp1
chr14	42227863	42237297	2990ab42-5bb2-4f7e-b751-9dd3996393a0	42222362	42237305	fwd	9434	1111	3886	0.008021	0.278075	0	0.856	-3	right	UWB_Cisp1
chr14	52325534	52333624	e1cef370-492d-43ea-855a-f7b2f9fc3a73	52324568	52335679	rev	8090	3198	2961	0.004376	0.539387	0.001266	0.906329	-3	right	UWB_Cisp1
chr14	59178655	59187052	f2b079ba-d6d1-43aa-9bfa-3a79abbdd6ff	59176771	59187059	fwd	8397	6581	1262	0.037817	0.340357	0.048649	0.802703	-3	right	UWB_Cisp1
chr14	99988116	99992396	7e5aeca6-56f2-4e28-a28a-2c1f0e4e80f3	99983373	99992406	rev	4280	2074	1102	0	0.276667	0.013201	0.531353	-3	right	UWB_Cisp1
chr15	35272113	35278876	811109bf-1c4b-402c-8f65-58882665e0d2	35272105	35290838	rev	6763	2317	1330	0.006443	0.476804	0	0.849727	-3	right	UWB_Cisp1
chr15	43381662	43388493	9c9b9b4e-ec23-46b6-834a-bf7441856239	43381658	43388503	fwd	6831	1026	4380	0	0.412162	0.004223	0.902027	-3	right	UWB_Cisp1
chr15	55756226	55764617	bcb18a6d-26a3-44f5-b80a-e42499eae1d5	55756222	55764635	fwd	8391	1168	6336	0	0.268571	0	0.881834	-3	right	UWB_Cisp1
chr15	71269511	71281339	37c6eb16-b112-40ce-98fb-c3704403def0	71268572	71281390	fwd	11828	1814	9503	0	0.557562	0.004547	0.885563	-3	right	UWB_Cisp1
chr15	72584968	72590649	6ead605c-7b3d-4531-aa92-251f08230577	72582996	72590660	rev	5681	3048	2200	0.007101	0.265089	0.015491	0.703959	-3	right	UWB_Cisp1
chr15	78664332	78676168	7a0fb5fa-af98-415a-9ab8-7989a8822af2	78659427	78676181	fwd	11836	2285	9234	0	0.324866	0.013636	0.826818	-3	right	UWB_Cisp1
chr15	79496220	79503273	41ab24fe-2332-4f73-a501-318afb38cd2d	79490266	79503279	fwd	7053	1269	5447	0	0.452532	0.057404	0.660796	-3	right	UWB_Cisp1
chr16	21716905	21726245	769a7437-0698-4ce4-b7ec-90c763e57bfa	21701393	21731448	rev	9340	2602	4236	0.021812	0.47651	0	0.802703	-3	right	UWB_Cisp1
chr16	46384945	46389339	dedaee74-ebc4-44fa-b1ca-96c4f33d9654	46383095	46405953	fwd	4394	1181	1654	0	0.261603	0.029973	0.384196	-1	right	UWB_Cisp1
chr16	46383412	46391951	c3d770d0-2e5e-46e3-b112-54e4642c5ca8	46383407	46392500	rev	8539	2262	5805	0.087248	0.675168	0.002458	0.932153	-3	right	UWB_Cisp1
chr16	46388208	46397299	d7e49fb9-67ca-462d-bbd3-a0c189d02133	46384115	46401327	fwd	9091	1298	6631	0.006623	0.360927	0.026549	0.454277	-3	right	UWB_Cisp1
chr16	46388350	46394211	9905319c-c85e-4c1a-9915-7a70f2611935	46384158	46400636	fwd	5861	1184	3005	0.011321	0.350943	0	0.138889	-3	right	UWB_Cisp1
chr16	46387718	46396248	75474515-1f22-4d50-9974-6fcf4abc68aa	46385624	46400636	rev	8530	6511	1045	0.026432	0.6	0	1	-1	right	UWB_Cisp1
chr16	46389451	46397299	3bf6c3f4-01db-47e1-acf5-87a0b33d40fa	46386469	46400682	fwd	7848	2280	2317	0	0.371542	0	0.6	-3	right	UWB_Cisp1
chr16	46387309	46396612	cc937f93-59bf-4313-abd2-74bf6ec27c68	46387304	46403452	rev	9303	6901	1609	0.046278	0.274983	0	0.361111	-1	right	UWB_Cisp1
chr16	46387397	46392675	d0a6557a-4255-4494-baa3-3994a8cbd40a	46387385	46401758	rev	5278	2098	1535	0.087143	0.422857	0	0.742857	-1	right	UWB_Cisp1
chr16	46388587	46394254	ee6af0d2-e9cf-4c09-a801-2bf29096a074	46387648	46404819	rev	5667	1021	3260	0.148036	0.404834	0	0.838462	-3	right	UWB_Cisp1
chr16	46393249	46398495	b5ddc150-8a3f-4777-a4fb-c44d74ee18e3	46388787	46401042	fwd	5246	4050	1196	0.061697	0.44473	0.009524	0.295238	-3	right	UWB_Cisp1
chr16	75651710	75656334	341a089d-6edc-48dc-85e4-fe57aed11be6	75651701	75660170	rev	4624	1787	2543	0.008065	0.572581	0.002853	0.704708	-3	right	UWB_Cisp1
chr16	83925078	83930609	bde318ea-562b-4a73-ba93-101e49c576ef	83915128	83939760	fwd	5531	2024	2275	0.015982	0.353881	0.027184	0.67767	-3	right	UWB_Cisp1
chr17	5299328	5309792	d65fd61e-e103-4def-8e6c-5b6599a45a5e	5299314	5309801	rev	10464	2421	5702	0	0.523726	0.014402	0.902317	-3	right	UWB_Cisp1
chr17	45987006	45990441	ba3777e4-df9c-467f-9327-86a688c38134	45980773	45990446	fwd	3435	1179	1746	0	0.322476	0	0.675258	-3	right	UWB_Cisp1
chr17	63174896	63185332	67c2a630-b65d-434a-9053-b0a4e1d83544	63173511	63185341	fwd	10436	7085	3097	0.005842	0.377589	0.006515	0.795874	-3	right	UWB_Cisp1
chr17	78683787	78688812	87f64cc0-1a87-4c29-94e5-c6d6021fd48f	78681872	78688816	rev	5025	1456	3219	0	0.456522	0.017687	0.82585	-3	right	UWB_Cisp1
chr18	5602380	5607815	bbfa718d-58da-4462-81ac-7c8a5f571a19	5599781	5611957	fwd	5435	3537	1648	0.007007	0.51952	0	0.56875	-3	right	UWB_Cisp1
chr18	6215457	6222080	c2a57df3-e65a-4706-8e81-477d2c66f4b0	6212187	6222088	fwd	6623	1034	3486	0	0.23676	0.004651	0.874419	-3	right	UWB_Cisp1
chr18	6650944	6655030	362d427a-6716-4cd4-83ba-e31378e15571	6639322	6655041	fwd	4086	1039	2629	0	0.25256	0.001445	0.553468	-3	right	UWB_Cisp1
chr18	8743520	8752808	51228dcb-deed-4c38-964d-2a3ef7f7cd48	8741384	8752817	rev	9288	5881	3129	0.007524	0.345372	0.010855	0.679783	-3	right	UWB_Cisp1
chr18	39630812	39636011	1b09f00c-43a1-4844-968d-4beaef9aeb78	39626355	39636019	rev	5199	2083	2344	0.018416	0.596685	0.099424	0.690202	-3	right	UWB_Cisp1
chr18	56194153	56204967	ae2bebc2-aa02-4db9-b417-6a27616c7531	56194014	56204973	rev	10814	1133	9374	0	0.505976	0.000693	0.878378	-3	right	UWB_Cisp1
chr19	3376714	3385811	080a8fce-89b1-495c-a91d-ac32feaa4702	3376705	3386543	fwd	9097	1680	5822	0.045894	0.42029	0	0.862775	-3	right	UWB_Cisp1
chr19	17347186	17351288	b20edb31-9573-430f-886f-795fcad7f0bd	17346207	17353384	rev	4102	1319	1009	0.132258	0.290323	0.016854	0.398876	-3	right	UWB_Cisp1
chr19	24092066	24098660	7b7c55e6-e12b-44dc-b288-b86206baa3f7	24092058	24099778	fwd	6594	2135	4090	0.065868	0.803593	0.009993	0.902065	-3	right	UWB_Cisp1
chr19	49535389	49540072	773869cf-09d2-4981-af9a-0bb47c5fcd07	49525882	49540084	fwd	4683	2010	2128	0	0.371482	0.010969	0.515539	-3	right	UWB_Cisp1
chr2	7729785	7738034	33bc3275-f1d7-4f32-9e85-f02c47b2b35e	7729540	7743505	rev	8249	1011	5729	0	0.239437	0.022624	0.775695	-3	right	UWB_Cisp1
chr2	18601263	18607213	36636865-7960-4e96-8f25-662ca4b9ad2d	18599740	18607220	fwd	5950	1069	4507	0.002584	0.426357	0.011128	0.76632	-3	right	UWB_Cisp1
chr2	21151413	21156813	d7ac2018-0820-4276-9f77-3200f36c54d3	21142807	21164345	rev	5400	1025	3923	0	0.256039	0	0.777514	-3	right	UWB_Cisp1
chr2	22656729	22667599	1e26236b-e894-4ec9-abdb-8d76b402d264	22653650	22667830	fwd	10870	2034	7194	0	0.276265	0.00428	0.815026	-3	right	UWB_Cisp1
chr2	24604099	24615221	aedd90d6-bdd7-4d21-a204-a8a7a156f210	24602724	24615226	rev	11122	3575	5283	0	0.440987	0.011556	0.704	-3	right	UWB_Cisp1
chr2	69464905	69473549	883b63d3-e36b-4eb6-8146-908ee6783537	69464899	69473554	fwd	8644	2672	5672	0	0.493921	0	0.888334	-3	right	UWB_Cisp1
chr2	89831953	89839704	901c9d25-cb60-4fd9-8716-7ca2e4d32f7c	89831946	89843756	fwd	7751	1752	3726	0.005747	0.653736	0.019337	0.457182	-3	right	UWB_Cisp1
chr2	126439909	126446386	70ee0bfe-393b-4738-a4c2-46bf1f27d6d9	126439899	126447090	fwd	6477	1029	4067	0	0.382445	0.000945	0.864839	-3	right	UWB_Cisp1
chr2	132591780	132602277	f0ec5ca8-bac6-4dcd-b41e-b826cce93847	132591740	132603718	rev	10497	3066	4852	0	0.332544	0	0.835192	-3	right	UWB_Cisp1
chr2	164610512	164618889	d8516cbc-9aff-40ad-9ef7-a2e7e4b66071	164607437	164619626	fwd	8377	2910	4312	0.010088	0.476671	0	0.84846	-3	right	UWB_Cisp1
chr2	178408272	178410715	5d0b14cc-459b-440f-b93f-2fb60e26bb12	178402984	178413689	fwd	2443	1110	1074	0	0.357895	0	0.77305	-3	right	UWB_Cisp1
chr2	187491178	187502431	37a55fa2-0f8a-4356-b353-019cf8b214d8	187489674	187502438	fwd	11253	2044	8081	0	0.434383	0	0.908403	-3	right	UWB_Cisp1
chr2	192780604	192789411	34aa6a3d-1b48-4d7b-bb8c-10e225704d64	192775979	192789531	fwd	8807	1148	7163	0	0.230964	0.006351	0.79873	-3	right	UWB_Cisp1
chr2	215946534	215957503	7f672291-151e-4649-a7ac-c5ddac239cfa	215946196	215957523	fwd	10969	2115	8425	0.032864	0.558685	0.016935	0.89178	-3	right	UWB_Cisp1
chr2	226700507	226708729	b4e64599-cc99-4875-acc8-c5a4ad1eac50	226700500	226708733	rev	8222	1152	3082	0.16726	0.501779	0.001115	0.921962	-3	right	UWB_Cisp1
chr2	231017957	231021130	6694c13d-96ac-4b41-8da5-92e0ce98dda1	231013118	231021138	fwd	3173	1861	1033	0	0.327684	0.013289	0.76412	-3	right	UWB_Cisp1
chr20	11129505	11139612	c3b5a2e2-5605-4f91-8cd2-101f93fcfddb	11129497	11139786	fwd	10107	1106	6902	0.01773	0.379433	0.003413	0.916138	-3	right	UWB_Cisp1
chr20	13703803	13714591	9c3cff24-971c-4c8d-8214-4b6bea190184	13694393	13717325	rev	10788	4472	4022	0.025246	0.668719	0	0.908055	-3	right	UWB_Cisp1
chr20	31063412	31068592	0ee802b6-c9a8-43c6-92f3-14992ebc6d44	31055289	31068598	fwd	5180	2135	1573	0.055556	0.456522	0.010417	0.534722	-3	right	UWB_Cisp1
chr20	31060677	31067538	733c9c35-3438-4055-bad8-754c12a0e631	31056967	31071474	fwd	6861	2590	1073	0.102088	0.37587	0.057592	0.544503	-3	right	UWB_Cisp1
chr20	31063812	31068028	b80d9651-a291-4c2b-af4a-5f12f5eabf2c	31062709	31071997	fwd	4216	1775	1144	0.029412	0.457983	0	0.406593	-3	right	UWB_Cisp1
chr20	31066284	31069870	d34b4690-21f8-4bba-a863-8b67b263e57c	31063974	31076455	rev	3586	1289	1387	0.151927	0.451247	0	0.541667	-1	right	UWB_Cisp1
chr20	35788290	35796336	f09b651c-78e7-492b-83fb-59670be980b7	35782800	35796341	fwd	8046	2881	4325	0	0.781654	0.079073	0.683706	-3	right	UWB_Cisp1
chr20	42031666	42035067	fadd3513-29c3-41ba-ac03-e3cddab11b8f	42023835	42035072	rev	3401	1760	1176	0	0.278409	0.024138	0.610345	-3	right	UWB_Cisp1
chr20	45866799	45873824	8404b65f-39dc-4dd3-8107-35c942ad6c9d	45864276	45873828	rev	7025	4286	2502	0.009599	0.265271	0.032129	0.8166	-3	right	UWB_Cisp1
chr20	60533337	60540553	0d333854-2492-4915-9fde-7c2a9be01520	60531552	60540557	rev	7216	1099	5677	0	0.203822	0	0.809679	-3	right	UWB_Cisp1
chr21	10656666	10660056	925e7a09-4810-495d-af30-8a649f1a46cf	10656498	10672306	rev	3390	1225	1065	0.023166	0.401544	0.008734	0.480349	-3	right	UWB_Cisp1
chr21	14131737	14142609	c22fc3e5-bc04-48c8-8f22-52a38a2252d7	14131332	14142613	rev	10872	2845	5361	0.054348	0.585284	0.030512	0.833621	-3	right	UWB_Cisp1
chr21	16753937	16760411	9c922d3d-1cdd-420d-a691-7a18e8b2658a	16753243	16765176	rev	6474	1397	4805	0	0.497706	0.001119	0.888081	-3	right	UWB_Cisp1
chr22	10707718	10714364	9f101ffd-d1a9-4c89-87bf-a205bfc07bd9	10707713	10721203	fwd	6646	2369	2249	0	0.608983	0.019006	0.847953	-1	right	UWB_Cisp1
chr22	19188866	19196451	e6b3d2ae-c957-49b6-a61f-bc6ac5d95bf0	19186796	19196458	fwd	7585	3618	3583	0.014614	0.495825	0.015827	0.840288	-3	right	UWB_Cisp1
chr22	19769221	19774685	f1d01f16-9686-421f-b55f-209de81d5a21	19763950	19774691	rev	5464	1671	3380	0	0.385621	0.018182	0.692308	-3	right	UWB_Cisp1
chr3	14436733	14444633	b3795908-6d71-4e6b-bc75-e769afa2222f	14433297	14444643	rev	7900	2501	3982	0	0.638026	0	0.878229	-3	right	UWB_Cisp1
chr3	24621304	24625160	5eedf4ab-3369-453b-a3be-4685c942be1f	24620105	24625167	fwd	3856	2147	1376	0	0.54732	0	0.778539	-3	right	UWB_Cisp1
chr3	30802916	30812164	b4d74482-6e6a-4395-b120-83e4929d5b9c	30798731	30812545	fwd	9248	1435	7352	0	0.286802	0.013969	0.701349	-3	right	UWB_Cisp1
chr3	35419241	35425807	28a8beea-54bf-41fa-929e-f094f958a2ea	35419233	35427432	rev	6566	2646	1847	0	0.56674	0.001698	0.925297	-3	right	UWB_Cisp1
chr3	39684053	39687593	5d2a50a5-13dc-47c5-a55b-410e375642fa	39678254	39687599	rev	3540	1187	1914	0	0.444444	0.013631	0.802974	-3	right	UWB_Cisp1
chr3	53293865	53301447	6be7721a-a0e9-47d6-8995-4e5f8ea93567	53287771	53301602	rev	7582	1447	5789	0	0.367609	0	0.863838	-3	right	UWB_Cisp1
chr3	78556123	78567487	8e01a479-4612-4146-bb34-34fdf6de396e	78554930	78570027	fwd	11364	1272	9850	0.005249	0.422572	0.007166	0.800326	-3	right	UWB_Cisp1
chr3	84384105	84396235	7654f9fa-8f1f-4c63-9eb0-f73640e64d6e	84381443	84396245	fwd	12130	3543	6291	0.006114	0.722271	0	0.878885	-3	right	UWB_Cisp1
chr3	100620191	100624827	7cdf358e-e12c-478c-ba67-f6c52fe8a85d	100612980	100624832	fwd	4636	1492	2780	0	0.345455	0.006648	0.765432	-3	right	UWB_Cisp1
chr3	118003693	118008303	396c6b0b-135c-4d70-8dbb-471b94d9182d	118001477	118008312	fwd	4610	2154	2154	0	0.5	0.003488	0.801163	-3	right	UWB_Cisp1
chr3	131212050	131217454	d54e22b2-6682-4ae1-bddc-a96c8da27762	131207979	131217459	fwd	5404	2407	2486	0	0.408104	0.073955	0.705788	-3	right	UWB_Cisp1
chr3	151185405	151189792	1d03add8-06a1-4f82-a454-31c61e39269b	151168983	151189799	rev	4387	1036	1376	0	0.222951	0.025281	0.702247	-3	right	UWB_Cisp1
chr3	153325219	153335581	f9529ea0-9961-4b94-9a80-d567e51546df	153313738	153335590	fwd	10362	3374	6623	0	0.325913	0.018145	0.766633	-3	right	UWB_Cisp1
chr3	154753017	154766743	3dae7a50-d07d-4310-9ac4-26ad679bc85c	154753012	154766809	rev	13726	1488	9435	0.149371	0.525157	0.001887	0.915849	-3	right	UWB_Cisp1
chr3	159887923	159893894	edac4f66-b1b3-4ef4-8168-5cdc0f6ede35	159885981	159894500	rev	5971	3026	2541	0	0.325456	0.043091	0.762259	-3	right	UWB_Cisp1
chr3	160175881	160181042	b374f379-9464-4e8d-99fd-33faf45c8182	160171098	160181112	fwd	5161	2266	1168	0.056716	0.443284	0.059375	0.625	-3	right	UWB_Cisp1
chr3	166258274	166263907	4465afbd-5e70-46a4-b942-4027ae693cab	166257039	166268638	fwd	5633	1015	1027	0	0.267677	0.044828	0.537931	-3	right	UWB_Cisp1
chr3	175611932	175619744	81e91fbd-fdfe-4c82-8d88-d299828e216e	175605166	175619757	fwd	7812	3762	3651	0.015451	0.733906	0.027368	0.806316	-3	right	UWB_Cisp1
chr3	182855262	182876461	99a35cd7-3326-4344-b5ca-964ff7d95bce	182855251	182876644	fwd	21199	2787	18026	0.005875	0.46181	0.049603	0.618056	-3	right	UWB_Cisp1
chr3	186031835	186037174	1cc2e156-3daf-4e9b-b5ae-b37d768775ea	186031830	186040189	rev	5339	1000	1708	0	0.458015	0	0.959911	-3	right	UWB_Cisp1
chr3	188973140	188982632	1f25cf5e-dffb-4a04-a33a-66000250f856	188970382	188983279	fwd	9492	1768	7486	0.055985	0.438224	0.005218	0.863852	-3	right	UWB_Cisp1
chr3	189941059	189948196	f92309e2-1b1a-4cc2-ba0a-ccb5b8dac268	189941055	189948202	fwd	7137	4988	1830	0.00218	0.427326	0	0.786177	-3	right	UWB_Cisp1
chr4	1406720	1411289	b9392224-b8ed-4b5d-a37f-cd8c3dcbf9ed	1403451	1411294	fwd	4569	1933	2008	0	0.198251	0.008264	0.630854	-3	right	UWB_Cisp1
chr4	25702828	25713354	e76aeafa-e6e5-47c2-aeeb-9b03efc07b20	25702822	25713358	rev	10526	1373	7545	0.027864	0.563467	0.05135	0.644786	-3	right	UWB_Cisp1
chr4	35834987	35838135	3c99e7ac-c5f9-4c01-a8ee-b60e5fd5f5dd	35832192	35838142	fwd	3148	1642	1141	0	0.316667	0.03886	0.603627	-3	right	UWB_Cisp1
chr4	45121951	45135958	a39c40de-d146-4698-acc4-b7069ff67223	45121934	45135963	fwd	14007	1628	12092	0	0.553156	0.037135	0.693969	-3	right	UWB_Cisp1
chr4	49095291	49102885	6f86403d-ed0d-4d9e-aac9-730b3979504d	49091231	49104211	rev	7594	3777	1453	0.104101	0.392744	0.004695	0.488263	-3	right	UWB_Cisp1
chr4	49096313	49102456	748e28e9-dba2-4504-835b-0a1b0cbe9063	49091580	49102933	fwd	6143	1317	4386	0.185714	0.554762	0.028667	0.679333	-3	right	UWB_Cisp1
chr4	49104736	49111372	723e2090-b131-4302-8692-118868d60bbd	49099116	49112137	rev	6636	1000	1506	0.095652	0.469565	0.020408	0.622449	-3	right	UWB_Cisp1
chr4	49106310	49111472	7f810679-4681-4471-a3fa-78b2c0c28e02	49106305	49114033	rev	5162	1125	1014	0.063584	0.306358	0	0.530387	-3	right	UWB_Cisp1
chr4	49150625	49152527	d51541e7-3790-4277-a351-393f1ec2a5c5	49143801	49156884	rev	1902	819	519	0.052632	0.464912	0	0.454545	-1	right	UWB_Cisp1
chr4	49151374	49153998	d08c3943-301d-44ad-ab11-be946ba595d7	49147652	49166764	fwd	2624	1362	573	0.106236	0.411085	0.004505	0.720721	-1	right	UWB_Cisp1
chr4	49631972	49639945	c96d0768-ce36-4a01-a29b-069c4458a1e1	49631297	49655135	fwd	7973	1259	2107	0.047619	0.466667	0	0.606557	-3	right	UWB_Cisp1
chr4	49639406	49642861	123441ea-8b48-4ea9-b39d-7a0dd3b86fed	49634968	49649043	fwd	3455	539	2916	0	0.434783	0.043011	0.55914	-3	right	UWB_Cisp1
chr4	67983024	67995870	af1fced0-056b-44c4-b550-c7e0e0be7204	67978903	67997203	fwd	12846	1538	11010	0	0.443277	0.044152	0.664035	-3	right	UWB_Cisp1
chr4	102028286	102033948	6ad2b8ab-2952-4171-b631-aff89aae5b4e	102026438	102033953	rev	5662	1755	3110	0.088448	0.557762	0.023202	0.803944	-3	right	UWB_Cisp1
chr4	115095469	115104377	294916d4-8e4a-4fb9-9bf2-200ce6c33eae	115093477	115104383	rev	8908	5068	2596	0	0.393631	0.018226	0.806804	-3	right	UWB_Cisp1
chr4	146643401	146657411	51f2e6bf-5e43-4dde-bd22-f42b81ad8d6b	146643397	146659142	fwd	14010	3178	8444	0.011259	0.840328	0.00129	0.967756	-3	right	UWB_Cisp1
chr4	187315506	187319430	52a22c28-f0bc-4640-857f-919d2df3bd3c	187312614	187319437	fwd	3924	1150	2226	0	0.410095	0.005976	0.715139	-3	right	UWB_Cisp1
chr5	7964496	7971986	d44d7c46-1a97-4492-909b-f5e18784aead	7964490	7972089	rev	7490	1143	4350	0	0.583082	0	0.899623	-3	right	UWB_Cisp1
chr5	21811168	21817004	8c01152f-6ea8-44ab-ac85-3af48dbbbd5b	21808136	21817012	fwd	5836	1181	4104	0	0.266344	0.000786	0.824823	-3	right	UWB_Cisp1
chr5	27880472	27886498	d2c24f64-a5b4-4bde-9999-1000b59fdbac	27879215	27886505	fwd	6026	1792	3608	0	0.373313	0.033837	0.676026	-3	right	UWB_Cisp1
chr5	44424915	44440532	4280ca76-5f3b-466b-85b4-d6f261f7daab	44424824	44441894	fwd	15617	2956	11686	0.003049	0.333333	0.000873	0.898399	-3	right	UWB_Cisp1
chr5	80853492	80863799	970ec156-4fcc-4004-bfc4-9a78e54580eb	80852538	80864606	fwd	10307	4039	5577	0.004944	0.532486	0.002648	0.927436	-3	right	UWB_Cisp1
chr5	161593155	161602276	9cb2a2b7-af8b-4ddd-8dc8-cd00b8839dad	161589701	161604140	rev	9121	1898	6796	0	0.444138	0	0.861443	-3	right	UWB_Cisp1
chr5	173169025	173181213	5e792145-bf56-472e-9fa5-f759dc702a01	173169002	173182304	fwd	12188	4408	4872	0.000782	0.425332	0.00084	0.848739	-3	right	UWB_Cisp1
chr5	173190451	173198630	eb760fe6-419e-40b0-9675-e94d33ac708e	173186148	173198635	fwd	8179	1017	5323	0	0.228571	0.010492	0.589992	-3	right	UWB_Cisp1
chr5	176342764	176348123	75b8dd85-cd15-46bf-811e-73fd206d43f9	176336320	176348129	fwd	5359	1508	3103	0.065041	0.371951	0.018868	0.699371	-3	right	UWB_Cisp1
chr5	180525331	180530969	9a58a825-8f7e-4497-a1f1-62019fe81629	180523574	180530982	fwd	5638	2027	3029	0	0.309259	0.001105	0.769061	-3	right	UWB_Cisp1
chr6	13825681	13828931	38a1b098-3ba1-43df-9217-5f7ce1090a99	13812869	13829451	fwd	3250	1132	1234	0	0.247761	0.033898	0.518644	-3	right	UWB_Cisp1
chr6	46774843	46783066	3b4e2994-19b8-4c45-8a9c-77bbaa53dcf0	46774833	46783075	rev	8223	2734	5221	0.008264	0.615702	0.021433	0.877526	-3	right	UWB_Cisp1
chr6	54549904	54557471	f793795d-0a58-45ae-b35b-b59bee910a01	54543522	54558222	fwd	7567	2017	4559	0.072435	0.488934	0.013641	0.727177	-3	right	UWB_Cisp1
chr6	79716154	79720507	3e0d70fe-bd0e-4d56-87ea-d05258415ab2	79711357	79720516	fwd	4353	1614	2410	0.012531	0.431078	0	0.853731	-3	right	UWB_Cisp1
chr6	90804371	90814151	f8d07dfc-39b5-42fd-8b5d-d2bb60111bc4	90797651	90814156	fwd	9780	1274	8136	0	0.263403	0.024806	0.618605	-3	right	UWB_Cisp1
chr6	136517448	136529006	fe4cae3e-4ce8-41ad-917e-ed2e6efe9925	136515535	136531526	rev	11558	1312	9680	0	0.464286	0.003771	0.829277	-3	right	UWB_Cisp1
chr6	141006331	141012381	427b3670-4514-4169-8655-1d2c036e36a4	141006326	141015298	rev	6050	1337	3953	0	0.481481	0	0.930567	-3	right	UWB_Cisp1
chr6	155421677	155429543	fd0a708e-a2ab-4c47-9411-3ccf97e023cd	155417171	155429553	fwd	7866	3514	4036	0	0.648148	0.05764	0.706313	-3	right	UWB_Cisp1
chr6	155756173	155764471	c81fe245-de98-4009-9fab-d89e41eb6f3b	155752925	155764520	rev	8298	2252	5737	0.004219	0.527426	0.028555	0.657339	-3	right	UWB_Cisp1
chr7	3217399	3226690	dec1adc0-2f2e-4e0a-ab9f-8165448ba375	3213788	3226694	rev	9291	5885	2957	0.013682	0.407496	0.026107	0.861521	-3	right	UWB_Cisp1
chr7	35823643	35830893	5f1ebea1-3a3f-4f34-a5a3-77c20b3a4dfd	35822233	35830898	fwd	7250	4014	2892	0.000684	0.353867	0	0.717136	-3	right	UWB_Cisp1
chr7	39819040	39823708	d03edc38-1bcd-4b26-9e16-314107071eca	39816827	39823714	fwd	4668	1407	2543	0.075377	0.467337	0.075871	0.774876	-3	right	UWB_Cisp1
chr7	57590799	57605571	88d7fdae-9506-4f24-80db-8040748ddf56	57589922	57605577	fwd	14772	1627	12886	0	0.610169	0.054945	0.674772	-3	right	UWB_Cisp1
chr7	98581297	98587984	5d75294f-caba-4ce1-9264-e2ed6fb4a875	98581292	98589372	rev	6687	1125	1197	0.019499	0.37883	0.003636	0.6	-3	right	UWB_Cisp1
chr7	102384643	102391106	139095d4-3cc8-4365-af62-ad3b95b0dee2	102381687	102393205	fwd	6463	1939	4235	0	0.598712	0	0.850049	-3	right	UWB_Cisp1
chr8	40969122	40977231	e7f349da-3001-437c-baac-70719a418d2c	40969117	40977239	fwd	8109	4473	3316	0.00455	0.55323	0.019729	0.758323	-3	right	UWB_Cisp1
chr8	49046036	49050076	eef0f949-f0c2-4fc3-9ed7-5a88b8a27371	49043578	49051648	rev	4040	2029	1726	0	0.513347	0	0.6621	-3	right	UWB_Cisp1
chr8	58922665	58926203	8d2ee18e-fec3-4b1e-950c-dff02c639020	58920520	58926208	rev	3538	1639	1587	0.004283	0.462527	0	0.909314	-3	right	UWB_Cisp1
chr8	61183777	61190290	c20b4898-522e-4c9c-9ee5-693b2c2af654	61178403	61194656	fwd	6513	2118	4158	0.013605	0.744898	0	0.817097	-3	right	UWB_Cisp1
chr8	68590001	68601382	adf303f8-6f7f-4b1a-aa39-731b3a0d3943	68587799	68601974	fwd	11381	1162	8268	0	0.632743	0.004044	0.896528	-3	right	UWB_Cisp1
chr8	79467376	79473931	41f392a7-e20a-4f95-ad48-bf2a5db0a650	79467371	79477804	fwd	6555	1170	2655	0.017544	0.584795	0.006812	0.831063	-3	right	UWB_Cisp1
chr8	96806317	96816060	6f5a68ce-66fd-4ca9-9826-0e6d87239d7d	96806313	96817128	fwd	9743	3090	6230	0.016304	0.665217	0.037887	0.865528	-3	right	UWB_Cisp1
chr8	103406634	103413386	a1715d6b-3dfa-4453-b9fd-6d44c915a31b	103406628	103413395	rev	6752	1394	4926	0.077088	0.730193	0.042766	0.830364	-3	right	UWB_Cisp1
chr8	105524586	105529974	01021746-afcf-4d98-b161-f5c5fe1b749d	105520030	105529991	rev	5388	1015	3743	0	0.435424	0.030097	0.71068	-3	right	UWB_Cisp1
chr9	5891083	5894915	58295669-d14f-4a31-9a1d-010bbfe1e2db	5882846	5894920	rev	3832	1036	2355	0	0.198502	0	0.756757	-3	right	UWB_Cisp1
chr9	17202157	17209311	8fbf27d5-bda0-41a7-be89-1eb525954ab6	17198122	17209321	fwd	7154	2455	3283	0.027778	0.319444	0.007589	0.749578	-3	right	UWB_Cisp1
chr9	28817025	28826053	56ba7d3d-b0f4-4a96-926a-36427053e07f	28813036	28826356	rev	9028	1621	7080	0	0.532051	0.047962	0.734772	-3	right	UWB_Cisp1
chr9	70486465	70491248	cab5c077-2f03-4b3e-bf9a-bcebd6164902	70480218	70491372	rev	4783	1592	1853	0	0.321429	0.057471	0.577011	-3	right	UWB_Cisp1
chr9	90508253	90517575	661dcca8-58b6-408e-bafd-0e9eb7eb9cad	90501181	90518457	rev	9322	1399	7338	0.118765	0.332542	0.008377	0.819665	-3	right	UWB_Cisp1
chr9	120403404	120408993	771f84ae-c5bd-49ec-bedb-aa25bf859d3d	120397757	120408998	rev	5589	3799	1153	0.001921	0.324688	0.031373	0.564706	-3	right	UWB_Cisp1
chr9	129046540	129052695	1e543763-9bd1-4b75-aa10-8f1c16fc25b4	129044146	129052972	fwd	6155	2807	2263	0.002766	0.273859	0.066869	0.609422	-3	right	UWB_Cisp1
chrX	38839318	38842953	c805ccfa-17a7-4478-bdba-f06284f68c8e	38836324	38848082	rev	3635	1137	1976	0	0.195122	0	0.789474	-3	right	UWB_Cisp1
chrX	51004229	51013018	6fe43130-61f9-40d5-85c6-2e47b4d66b7b	50997455	51013027	rev	8789	1015	7315	0	0.234783	0.041339	0.692257	-3	right	UWB_Cisp1
chrX	53797752	53807119	6eba1beb-df56-4579-b549-ff07b6bc71a5	53788325	53808000	rev	9367	4105	4483	0.005188	0.577821	0	0.894928	-3	right	UWB_Cisp1
chrX	56391917	56403277	6efd07ed-f134-4d48-b214-a15f5f2a73d9	56391908	56403281	rev	11360	4881	5424	0.020318	0.234982	0.030303	0.780303	-3	right	UWB_Cisp1
chrX	109170099	109173505	d688fc69-d012-426b-9c09-287c6770d163	109163054	109173510	fwd	3406	1192	1809	0	0.317935	0.004124	0.806186	-3	right	UWB_Cisp1
chrX	112175453	112182236	bce746fc-32c4-479d-ae8f-5386990675bd	112175097	112184193	rev	6783	1426	4046	0.002268	0.433107	0.011304	0.837391	-3	right	UWB_Cisp1
chrX	125749241	125761130	40959b7a-4bb9-4bee-b040-249a43b79ca5	125746546	125761137	rev	11889	1425	9561	0.003781	0.695652	0.001677	0.89336	-3	right	UWB_Cisp1
