chromosome	fork_start	fork_end	readID	read_start	read_end	strand	fork_length_bp	stall_score	fork_direction	sample
chr1	1612078	1619882	c13e6cf5-daba-4f36-8443-c9449cdd381c	1602766	1625023	rev	7768	-3	right	OV3_Cisp0
chr1	1823349	1828022	79f26a37-e96d-4329-9705-89dd37489e36	1814662	1828028	fwd	4667	-3	right	OV3_Cisp0
chr1	3572954	3579302	ed3f1452-da07-42ce-bdcf-8fd59367a882	3570057	3594887	rev	6359	-3	right	OV3_Cisp0
chr1	7680883	7689209	f851ded5-cabf-4e60-a7b5-a7d8ff26fbb1	7673769	7691623	fwd	8289	-3	right	OV3_Cisp0
chr1	10795318	10799676	84752334-860b-443e-85f1-52abdcc06b08	10783106	10799683	fwd	4328	-3	right	OV3_Cisp0
chr1	12713908	12729507	313cb74c-525e-457a-84ae-d1070c18b2dd	12713892	12759351	rev	15487	0.222883	right	OV3_Cisp0
chr1	14069991	14078957	00bd382c-621f-437b-8813-ab65616d1598	14066596	14078962	rev	8953	-3	right	OV3_Cisp0
chr1	14067527	14080283	26122746-39a8-46c1-b35a-81d642b15fc5	14067518	14080287	rev	12670	-3	right	OV3_Cisp0
chr1	14908666	14919056	654bf027-9f7a-4db6-8da7-e5941d41f8d6	14902667	14941167	fwd	10381	0.726303	right	OV3_Cisp0
chr1	17000275	17010750	6cee407c-61b5-4e61-aead-5f0d57171745	16990761	17011390	fwd	10421	-3	right	OV3_Cisp0
chr1	23795979	23809045	c5603d82-38ab-4eb3-bb33-2a5b91b02713	23774098	23827102	fwd	13035	0.430409	right	OV3_Cisp0
chr1	36346965	36360371	07677a27-a5a4-4ab8-86f1-de620dad39b8	36335147	36364385	fwd	13394	-3	right	OV3_Cisp0
chr1	36621441	36637511	a6f6e423-cf2f-4d3f-b654-8b40d2778b31	36590560	36637959	rev	16088	-3	right	OV3_Cisp0
chr1	37016633	37032104	a6e6b912-8645-4f59-bc58-93acc1fd9bbc	37016625	37032110	rev	15458	-3	right	OV3_Cisp0
chr1	38188762	38206426	d5647b50-efa1-46a6-85de-29c6b3f310e0	38176975	38223666	fwd	17563	0.242541	right	OV3_Cisp0
chr1	42389402	42398484	d0a19ba2-2f31-41c8-ab1a-bec8b78290fc	42372677	42398488	rev	9055	-3	right	OV3_Cisp0
chr1	42446103	42458395	5eef0051-192d-4551-bf52-65ca256b8a37	42440506	42458399	rev	12255	-3	right	OV3_Cisp0
chr1	45455365	45463523	4aff019e-f010-4678-ae11-494a007ca891	45455355	45463530	rev	8107	-3	right	OV3_Cisp0
chr1	46045160	46069853	c3a2b841-01ad-4733-b5db-879d1d872a2a	46045154	46078088	fwd	24541	0.278758	right	OV3_Cisp0
chr1	46369914	46372930	401c7ea3-5261-47da-86f5-65264da790e1	46368560	46381061	rev	2968	-3	right	OV3_Cisp0
chr1	55489950	55504315	bf3ae35c-047d-4088-bc20-d5effb386784	55489943	55517053	rev	14297	0.154469	right	OV3_Cisp0
chr1	57138451	57154031	c7a18de0-128e-4c12-b564-a4fde8f17e15	57112731	57170248	rev	15532	0.261285	right	OV3_Cisp0
chr1	57466221	57480149	01c6882c-ff64-4773-8329-0147cff4e6e2	57464739	57480885	fwd	13868	-3	right	OV3_Cisp0
chr1	61666748	61671560	a256497b-7300-4018-a65a-6de2a46392a0	61656253	61671565	rev	4821	-3	right	OV3_Cisp0
chr1	62746472	62753097	e626f5a2-0083-472d-8119-8fa4d6d2fdcf	62740212	62753103	fwd	6610	-3	right	OV3_Cisp0
chr1	70233612	70240284	8880549d-56c5-4685-b9c5-b923a29e4847	70222403	70240292	rev	6667	-3	right	OV3_Cisp0
chr1	70705391	70712881	e7a916e5-d9b5-4238-810e-948ea9f95841	70703347	70712887	rev	7463	-3	right	OV3_Cisp0
chr1	71966196	71978656	ff249c46-b8e0-4490-93ff-099a89436acd	71956684	71980118	fwd	12436	-3	right	OV3_Cisp0
chr1	72852680	72864152	7441a335-5a92-44a4-9624-baa90fa9e259	72800712	72864286	rev	11487	-3	right	OV3_Cisp0
chr1	72879286	72898985	547b58a1-5538-40d1-82d1-5a3ad554ad40	72872559	72898989	rev	19582	-3	right	OV3_Cisp0
chr1	73081156	73096323	8ca949f3-6cd2-4c93-a206-5093aa4da140	73081139	73096333	fwd	15090	-3	right	OV3_Cisp0
chr1	73380883	73391890	e6607ca7-c5bd-44a4-9587-dee9ab7549a3	73376057	73391895	fwd	10910	-3	right	OV3_Cisp0
chr1	73479677	73492698	ccc75ac2-0bd8-4486-a96c-d99b8554a26d	73479671	73492703	fwd	12958	-3	right	OV3_Cisp0
chr1	81661534	81676495	bbda9126-10aa-4fec-bcf5-e5ff9a7d42e9	81657708	81691382	fwd	14899	0.1462	right	OV3_Cisp0
chr1	81859248	81865856	8a4210a4-7786-4ce5-8e05-554d6405ba07	81854514	81866387	rev	6604	-3	right	OV3_Cisp0
chr1	82185880	82203162	b9564b7f-da90-4e41-861f-efae6fe00650	82185873	82203762	rev	17218	-3	right	OV3_Cisp0
chr1	82294369	82330176	f87d67d6-9306-4e44-b8d7-362df11da32d	82292928	82330180	rev	35671	-3	right	OV3_Cisp0
chr1	84593345	84598202	4875d11e-5af6-479e-808b-14a4a8061839	84580590	84606840	fwd	4838	0.589834	right	OV3_Cisp0
chr1	88297725	88306218	6a7b01a0-a405-4764-95d4-e53ce944b51c	88291247	88321450	rev	8419	0.425191	right	OV3_Cisp0
chr1	89321457	89327379	2a41d31a-f0ca-4634-a24e-d88295dc856b	89304517	89343662	rev	5906	-1	right	OV3_Cisp0
chr1	89917478	89929276	21701874-5780-4bc8-88b7-ec5defa1ce38	89908559	89929282	fwd	11767	-3	right	OV3_Cisp0
chr1	90936452	90948729	9d7bd256-288d-4026-aa6d-c09aab0e12ab	90934316	90948734	fwd	12279	-3	right	OV3_Cisp0
chr1	95497650	95518322	2e3d832a-0da0-47da-b124-6c7e972926f7	95488353	95520366	rev	20548	-3	right	OV3_Cisp0
chr1	99967140	99979673	2c7efd76-d89b-4c93-8f39-9b7012ea2861	99964123	99979678	fwd	12521	-3	right	OV3_Cisp0
chr1	101232751	101247638	c2eeae7f-d209-4edf-be63-6b2605c81b6b	101206567	101274347	fwd	14845	0.265253	right	OV3_Cisp0
chr1	101398839	101415172	ec13a807-16e0-490b-b9bf-e050e7d5e808	101398452	101415281	fwd	16298	-3	right	OV3_Cisp0
chr1	102137655	102141703	7d66984c-f572-4f3b-bd26-c79b0bef6a84	102129013	102141712	fwd	4010	-3	right	OV3_Cisp0
chr1	103402797	103415485	a7b804c2-2071-4113-8d05-f5f49438d307	103398907	103464163	rev	12637	0.19251	right	OV3_Cisp0
chr1	114034204	114046109	aabcbab4-e06b-41a7-ac40-c011d1245e9e	114024217	114046116	fwd	11873	-3	right	OV3_Cisp0
chr1	121129942	121135537	a4f02b2b-d7fd-4be4-95a2-6d244a0278ba	121129935	121135545	fwd	5552	-3	right	OV3_Cisp0
chr1	143266647	143270376	e72c92c7-688b-4558-9ac9-f986a5f0e40b	143184587	143272185	fwd	1902	-3	right	OV3_Cisp0
chr1	143205414	143210602	f7586cbc-15e5-4ea2-8d69-ca77234fa62c	143184587	143242897	rev	1090	-1	right	OV3_Cisp0
chr1	143216713	143227355	96f54afa-984e-47d3-9396-960b62a9099c	143184989	143240209	fwd	6626	0.114392	right	OV3_Cisp0
chr1	143200293	143206039	c626baae-f2d1-412f-b78d-59576a5e0ed6	143190268	143226250	fwd	1965	-3	right	OV3_Cisp0
chr1	143211606	143220723	0b525f6a-4aea-4f32-a4b8-b0d3776b35fd	143199118	143220930	fwd	7615	-3	right	OV3_Cisp0
chr1	143211591	143217138	23a937cf-8ffd-4784-8990-9bdb3cdb190d	143211586	143228736	rev	4671	-3	right	OV3_Cisp0
chr1	150795175	150801397	dd8b13d1-9ada-4f49-8d31-40881185e579	150771814	150801403	fwd	6203	-3	right	OV3_Cisp0
chr1	156135973	156139727	ab27d203-6436-416b-abee-b73fab38f9fd	156129949	156171390	fwd	3762	-2	right	OV3_Cisp0
chr1	157185254	157195183	c04a2616-8907-43bf-bd8a-8134019e6bf4	157185127	157195187	rev	9894	-3	right	OV3_Cisp0
chr1	160449612	160460330	5c639df6-073b-4b29-b995-05c99b97f36e	160448514	160460336	rev	10707	-3	right	OV3_Cisp0
chr1	161617176	161621660	78b626a3-e3a8-4660-a83e-c6f5fbb00c95	161617163	161651406	rev	4457	-3	right	OV3_Cisp0
chr1	167747234	167767224	7db63e2b-68fb-45b4-86b3-7041b8962e40	167732157	167767890	fwd	19905	-3	right	OV3_Cisp0
chr1	170538840	170548355	bca54037-3aaf-4cc1-8335-bfc0a9349979	170535583	170548360	rev	9459	-3	right	OV3_Cisp0
chr1	171892727	171904479	32eecd21-f1c9-4c04-b60a-390421aa6026	171887237	171904486	fwd	11717	-3	right	OV3_Cisp0
chr1	174827092	174841686	f7aa2d42-c7c8-43aa-a1ee-a73f5a074650	174827086	174841692	fwd	14557	-3	right	OV3_Cisp0
chr1	176854076	176876889	e782259f-5360-42c2-ae1e-746367e36b22	176853213	176884941	fwd	22731	0.034178	right	OV3_Cisp0
chr1	177327108	177333192	996fe63e-9f0d-43f0-85a6-648141a4fe78	177312582	177333196	rev	6090	-3	right	OV3_Cisp0
chr1	179354122	179365637	8cc92cb3-3959-48fa-8f54-6c9b35bd01af	179332691	179366989	rev	11487	-3	right	OV3_Cisp0
chr1	183352975	183362043	435fd5f6-2160-4601-b220-c81e5551499a	183336727	183362050	rev	9038	-3	right	OV3_Cisp0
chr1	186764424	186776068	aac8a59a-ffbf-4560-8a45-4e646fb48b6c	186764419	186776082	rev	11687	-3	right	OV3_Cisp0
chr1	187029418	187036018	dbe7197d-1952-4367-8a40-3ed4a09deb3c	187017191	187036028	fwd	6554	-3	right	OV3_Cisp0
chr1	196056429	196078960	f712c44e-22b4-4095-9848-5fdcded7708e	196056424	196090326	rev	22550	0.190544	right	OV3_Cisp0
chr1	201097651	201102415	05ab2e1f-9922-48e2-bc43-d57708f7bb8e	201096756	201102425	rev	4751	-3	right	OV3_Cisp0
chr1	210227511	210235277	be902237-8e00-45c9-9682-90b2b09a95ca	210222190	210235291	fwd	7708	-3	right	OV3_Cisp0
chr1	211653026	211666720	f36ee34a-b2bc-4014-8ee5-bc2c734b5270	211652889	211667635	rev	13688	-3	right	OV3_Cisp0
chr1	212380555	212388730	e2e411b4-4ce9-4d33-9cc0-f8dfcf53b611	212380547	212388738	fwd	8132	-3	right	OV3_Cisp0
chr1	213185161	213194969	277c50b0-43ed-4738-bfe8-4835d9a3689d	213164930	213207600	rev	9801	0.120164	right	OV3_Cisp0
chr1	215259315	215275367	a87cfe11-7a3b-40af-bce8-497c560edb1c	215258259	215275377	fwd	16010	-3	right	OV3_Cisp0
chr1	221058895	221067352	fcdd787b-3ccd-4101-b400-f628ecf28068	221056165	221067356	rev	8435	-3	right	OV3_Cisp0
chr1	223477163	223480235	a37dcbba-45bd-4a77-80d3-5dae45a65f2c	223461031	223484394	fwd	3638	-1	right	OV3_Cisp0
chr1	226109008	226113858	008f8314-96ef-4bd8-87ed-87c5f6092f1c	226104359	226113864	rev	4853	-3	right	OV3_Cisp0
chr1	226206755	226219725	28bedf3b-57e2-43b6-a434-de9dad8e84a9	226194122	226219892	rev	13043	-3	right	OV3_Cisp0
chr1	231668334	231679313	b98aafa3-0a1d-4aaa-a088-b1bbfa522ccf	231665502	231679320	rev	10957	-3	right	OV3_Cisp0
chr1	235836100	235846249	48b768b9-b942-4308-8e3d-6e6328b881fe	235822861	235850318	fwd	10135	-3	right	OV3_Cisp0
chr1	243952968	243984259	19920319-ca5e-4886-b5c0-ec70c5533d0c	243952964	243984266	fwd	32050	-3	right	OV3_Cisp0
chr1	247666756	247676897	d0b9a292-a4ba-47f9-8b97-2b1c554e4653	247665834	247676908	rev	10127	-3	right	OV3_Cisp0
chr10	13237559	13252478	0e24f67c-792d-47e1-9aec-d4882ff6f486	13237548	13257103	rev	15229	-3	right	OV3_Cisp0
chr10	15408254	15426309	7b8d030e-d1c9-48a8-bf93-9d74d439ae2c	15405154	15426625	rev	17934	-3	right	OV3_Cisp0
chr10	16954808	16962286	b9ba7494-36eb-453b-843a-694a960f4cbe	16951532	16963491	rev	7410	-3	right	OV3_Cisp0
chr10	18791700	18798577	7cea3a90-2638-4ed6-b5e9-43937b74351e	18774653	18798626	fwd	6865	-3	right	OV3_Cisp0
chr10	19917581	19926346	3bb4c078-1f82-42ee-929c-fe446253b9fd	19915907	19926351	rev	8743	-3	right	OV3_Cisp0
chr10	20395709	20400909	5ec3e6d6-f8b7-4e47-85d4-6723c7a5d71b	20385981	20400924	fwd	5156	-3	right	OV3_Cisp0
chr10	21849270	21857656	ccaba64d-0575-4959-be70-cc359be07cfb	21845477	21860224	fwd	8330	-3	right	OV3_Cisp0
chr10	25517280	25528339	7d32a8fd-273a-44f2-8780-6a2310a7eeed	25513696	25528344	fwd	11041	-3	right	OV3_Cisp0
chr10	26592624	26603917	b3700b13-2bd0-40dd-9f2b-4fc9ad6916d5	26591079	26606177	fwd	11346	-3	right	OV3_Cisp0
chr10	27481322	27498572	2761ac39-5580-4d9b-bdfa-a182597aca04	27481315	27498585	rev	17122	-3	right	OV3_Cisp0
chr10	28734048	28744380	2b4c25f7-341f-4415-b355-de055a91395b	28732371	28744386	fwd	10363	-3	right	OV3_Cisp0
chr10	35722352	35738582	a00bb248-8033-418f-91ab-b6ed1e8356fb	35709971	35739232	fwd	16150	-3	right	OV3_Cisp0
chr10	39153861	39161045	fad1a19e-dfea-4df8-97d2-0dfe16569841	39153856	39162633	fwd	7208	-3	right	OV3_Cisp0
chr10	41869233	41875799	3d6f3227-9dd7-4cc0-9cb6-61eb9d03e2b5	41851094	41879384	fwd	4536	-3	right	OV3_Cisp0
chr10	41906806	41914445	1ca6c4a8-0f80-46b2-ac5c-628a45fafa97	41860203	41916258	fwd	6678	-3	right	OV3_Cisp0
chr10	41888557	41891662	9e646095-6e73-45c5-aaf2-a7e94e14633e	41879328	41892461	fwd	2962	-3	right	OV3_Cisp0
chr10	41884242	41890479	19189686-06da-4937-9653-78179ae02abd	41881813	41898802	fwd	5531	-1	right	OV3_Cisp0
chr10	41885445	41896613	efd6995d-b603-413e-89f9-056c45385901	41884246	41906978	fwd	6612	-3	right	OV3_Cisp0
chr10	41896698	41900646	2414501d-a28a-4d87-a014-dddc462edbf5	41886237	41901184	fwd	4489	-3	right	OV3_Cisp0
chr10	41907908	41911344	8274a84d-542b-4eb7-aa58-88139a704dd9	41904110	41916259	fwd	849	-3	right	OV3_Cisp0
chr10	42093934	42105067	5dfa78ca-c77b-41fc-94b4-a0a93cf0cbd5	42066265	42105072	fwd	13383	-3	right	OV3_Cisp0
chr10	58720269	58730819	ba028bfa-1536-4081-962a-d56d8a833988	58720108	58731949	rev	10494	-3	right	OV3_Cisp0
chr10	59118364	59125838	867f3bbf-0f49-453d-aba6-95d615e4610c	59109879	59125847	fwd	7417	-3	right	OV3_Cisp0
chr10	62901358	62921002	e2aa8003-ae85-4116-b767-ed723bb268e3	62897679	62921608	rev	19645	-3	right	OV3_Cisp0
chr10	65126083	65137371	562432ff-354d-4c93-b87c-18f4b298bde2	65118010	65137386	fwd	11179	-3	right	OV3_Cisp0
chr10	65202547	65211927	e09e3ca4-4eeb-4161-965f-759e07b36915	65202540	65213714	rev	9337	-3	right	OV3_Cisp0
chr10	66557552	66570966	07115114-770d-4369-9053-46ab72f8ce9e	66537154	66570970	rev	13485	-3	right	OV3_Cisp0
chr10	70983801	70992965	81c02bd8-c795-4512-8f8c-c8a88d71762e	70974194	70998831	rev	9137	-3	right	OV3_Cisp0
chr10	72403837	72407478	fe998388-28a9-47df-afc7-eae85c4d9dcd	72387464	72407529	rev	3616	-3	right	OV3_Cisp0
chr10	72559813	72575044	5a97fd3b-438c-4b6c-bfad-67a22000a381	72550288	72576349	rev	15160	-3	right	OV3_Cisp0
chr10	75611849	75623198	b86ddcb2-847d-4f83-9d20-dcae39362722	75610172	75625045	fwd	11307	-3	right	OV3_Cisp0
chr10	77177899	77190796	0fb6e554-53f2-44b3-8184-1b9e65e1bfb1	77164641	77190917	fwd	12820	-3	right	OV3_Cisp0
chr10	79028026	79044387	5219435e-65af-4440-a247-b64fb02391d0	79027854	79047881	rev	16257	-3	right	OV3_Cisp0
chr10	79395931	79403431	77bbea17-f720-4f70-b349-53554d4cbe6f	79391832	79403454	fwd	7463	-3	right	OV3_Cisp0
chr10	80118657	80132963	7c59f016-ad3b-4390-a395-abc49dba04ac	80118650	80132969	rev	14265	-3	right	OV3_Cisp0
chr10	80786468	80795045	c6d932f5-a187-49b2-bb17-8c9c32d8af2e	80759855	80795114	fwd	8548	-3	right	OV3_Cisp0
chr10	81617907	81624477	5d781a47-a8b9-484c-bfdd-45127b89abe6	81617298	81634126	rev	6511	-1	right	OV3_Cisp0
chr10	91849259	91862068	947ed719-f2df-4063-bd5a-17ef76c79987	91838954	91862074	fwd	12794	-3	right	OV3_Cisp0
chr10	92834874	92867419	9a12e930-cfb0-4868-bdf5-e21ea1cbbdb8	92824981	92868157	fwd	32279	-3	right	OV3_Cisp0
chr10	93002987	93026180	1beb20ac-08ac-4504-ac11-4755969ec514	92990078	93035290	rev	22991	0.328197	right	OV3_Cisp0
chr10	94422040	94440351	50600f59-4b97-4956-96f5-3d707f0939f3	94422034	94445852	rev	18206	-3	right	OV3_Cisp0
chr10	98688641	98700334	81c11cce-09a6-4b61-b5ef-865710320400	98688635	98700343	rev	11671	-3	right	OV3_Cisp0
chr10	102228531	102242347	85b43d07-6200-4430-aed2-83332956b231	102196701	102242354	fwd	13794	-3	right	OV3_Cisp0
chr10	106377466	106394979	8c91f9eb-1b66-42c7-a733-bbb992d7dd1a	106377461	106394988	fwd	17339	-3	right	OV3_Cisp0
chr10	110413531	110417135	162e74a2-5370-434d-973a-39b529fc2078	110405985	110417150	fwd	3588	-3	right	OV3_Cisp0
chr10	111525999	111546717	0f5ef79c-4e42-4836-abb4-d195bb38f1c6	111518903	111571493	fwd	20651	0.450673	right	OV3_Cisp0
chr10	113378440	113395990	dab1bacb-7730-4ad4-a40b-9a596936e077	113377930	113395995	rev	17470	-3	right	OV3_Cisp0
chr10	119661960	119686123	191900e3-deca-40d4-82a5-d3bae16548fd	119661872	119686139	rev	24138	-3	right	OV3_Cisp0
chr10	132485063	132494785	c88457c6-fe47-4ac8-8f13-40335ff227a0	132462491	132497171	rev	9547	-3	right	OV3_Cisp0
chr11	3460612	3468587	c15c4b92-ab0e-4754-ad6c-13e616836b2a	3460608	3468618	fwd	7960	-3	right	OV3_Cisp0
chr11	3893906	3899579	a1110be6-7e6c-454b-8d60-2ac8260962b7	3893902	3899641	fwd	5582	-3	right	OV3_Cisp0
chr11	4231345	4242254	c1d80d07-0db2-4d66-8c0d-1dcc0b0b9b2c	4228761	4242690	fwd	10824	-3	right	OV3_Cisp0
chr11	6930112	6942129	6ce64a5a-cee7-438a-8a18-25deeb645044	6925230	6943075	rev	11902	-3	right	OV3_Cisp0
chr11	10827143	10831969	3ccdcb3e-09f8-4007-aec1-2760fa6c9e7f	10821977	10842239	fwd	4816	0.580654	right	OV3_Cisp0
chr11	10995903	11007639	05d7403f-b8e6-49b3-aeda-560e58c64569	10980893	11007963	rev	11535	-3	right	OV3_Cisp0
chr11	11378613	11392478	d4b0a202-3382-498c-b977-9126e3c0a389	11370660	11392483	fwd	13801	-3	right	OV3_Cisp0
chr11	13521888	13541971	9663e478-a0a7-4612-9580-6be730a61be6	13511753	13542617	fwd	19955	-3	right	OV3_Cisp0
chr11	15404334	15415676	627c6652-a66b-470f-884c-580ddec807ab	15393639	15415684	fwd	11316	-3	right	OV3_Cisp0
chr11	17080989	17095731	214b9a42-b7b4-4549-a424-ae0629d21077	17072909	17095740	fwd	14677	-3	right	OV3_Cisp0
chr11	17496632	17503932	b0d7d215-2fcd-456f-bbcf-02873882ab42	17485602	17504377	rev	7260	-3	right	OV3_Cisp0
chr11	21765383	21791524	440f9ffb-eda5-4a09-8516-bdd4a6622a34	21745198	21791537	rev	25963	-3	right	OV3_Cisp0
chr11	23771223	23789283	6c125288-c2bc-4498-b0f0-4fd164918c31	23752936	23789288	rev	17965	-3	right	OV3_Cisp0
chr11	27478762	27487884	01353b43-b96d-4cf9-9d0c-32e7d54dc70d	27478751	27489272	fwd	9088	-3	right	OV3_Cisp0
chr11	28740966	28748061	461243e1-d20b-4d2b-bd65-ac78feb52721	28739384	28750935	fwd	7072	-3	right	OV3_Cisp0
chr11	28881351	28894740	d3fbb60b-54b2-4e83-a645-55623a101297	28877604	28894749	rev	13259	-3	right	OV3_Cisp0
chr11	30940092	30954780	71407e25-0d55-4304-aa2d-52492ad9713e	30938241	30954787	fwd	14784	-3	right	OV3_Cisp0
chr11	31096129	31114640	646713bd-a5ed-4066-9d05-f8052f2ef8be	31095168	31114646	fwd	18464	-3	right	OV3_Cisp0
chr11	32707963	32723546	b52f503b-dfc6-445b-9ec6-11d38115d932	32689106	32723553	fwd	15531	-3	right	OV3_Cisp0
chr11	36335161	36347716	32d2bea4-2371-49bd-8039-bee1202fe663	36321583	36347722	rev	12534	-3	right	OV3_Cisp0
chr11	38811115	38821597	f7ec5c33-cf6e-476e-9de7-653992265d48	38806739	38821604	rev	10549	-3	right	OV3_Cisp0
chr11	39542962	39572463	e3f910fb-80f5-49b3-a561-8877a1475e76	39540972	39578962	rev	29309	0.054841	right	OV3_Cisp0
chr11	40735452	40760799	ede43cd2-4bda-4162-9f9e-ab4802249baf	40735446	40761785	fwd	25110	-3	right	OV3_Cisp0
chr11	43698766	43717370	f23d0457-b843-48c1-afb1-77e01229d42e	43698759	43717904	rev	18548	-3	right	OV3_Cisp0
chr11	48054369	48074894	5f2ed435-a96d-47ce-864e-75cae98f6c7d	48054357	48079647	rev	20431	-3	right	OV3_Cisp0
chr11	48113388	48127367	5a103d05-5e80-4b46-8b48-871cd47c14b6	48112891	48133437	fwd	13900	-3	right	OV3_Cisp0
chr11	49583228	49607412	6d4a8811-8d52-4b7e-aca9-8621b32acd6d	49572299	49607968	fwd	24056	-3	right	OV3_Cisp0
chr11	58257944	58275561	7d81483a-af25-4cdf-a1c9-58ddfaddac29	58248951	58275567	fwd	17558	-3	right	OV3_Cisp0
chr11	63197241	63215133	a31d1e73-37df-46f7-b52e-ea5fa4058788	63177764	63226084	fwd	17848	0.348656	right	OV3_Cisp0
chr11	64151655	64161730	aede9f9a-a882-4cab-8f0d-9c3315e1a61e	64139758	64166091	fwd	10045	-3	right	OV3_Cisp0
chr11	66588878	66598025	a31be8af-6d51-4156-a210-911e7558ac95	66578264	66598528	rev	9142	-3	right	OV3_Cisp0
chr11	67921651	67929710	1f123562-708a-4621-b0a3-2a9a8d2fc9f6	67918974	67931132	fwd	8047	-3	right	OV3_Cisp0
chr11	70622851	70628351	88fabfce-00ae-47b4-a8a7-48cf1846e23e	70617798	70629215	rev	5495	-3	right	OV3_Cisp0
chr11	72409457	72418825	2e57c8dd-ffa7-405c-ab3c-15481bb49882	72405008	72435707	rev	9348	0.41763	right	OV3_Cisp0
chr11	73243767	73266617	4de527ba-1914-4d98-a97f-37def2a36ba8	73240320	73266626	fwd	23821	-3	right	OV3_Cisp0
chr11	73308723	73315132	5d27c256-6ddd-42bf-bd68-6dcf139ca38f	73299669	73315143	rev	6407	-3	right	OV3_Cisp0
chr11	73415897	73422920	82adfb59-8370-468f-9151-5e101348525a	73405060	73422928	rev	7021	-3	right	OV3_Cisp0
chr11	73647621	73667951	bf9de89b-a88a-4b60-9996-26d6cc607cc0	73640828	73667958	rev	20429	-3	right	OV3_Cisp0
chr11	74016523	74021328	5fbf42d8-3cc9-448b-968c-e239bd133027	74010384	74021337	fwd	4794	-3	right	OV3_Cisp0
chr11	75417039	75430090	728b0307-3d00-4fde-aa4f-09f50b6886ad	75395624	75430899	fwd	13007	-3	right	OV3_Cisp0
chr11	75973569	75981878	98ff3242-7353-4d61-b2a1-952c22f75ca9	75973565	75982888	fwd	8308	-3	right	OV3_Cisp0
chr11	76038289	76057057	38b0da15-7d99-4d78-8662-f64a2650fcea	76038285	76057066	fwd	18723	-3	right	OV3_Cisp0
chr11	76333048	76338420	4004e3e7-5f4b-441b-a77f-16409f55edc1	76326871	76340688	fwd	5391	-3	right	OV3_Cisp0
chr11	76445335	76453136	bcdf32c8-c83d-460f-862e-f5b1f478e6fe	76437401	76453142	fwd	7737	-3	right	OV3_Cisp0
chr11	76647772	76655107	acd7febb-2a50-4d20-8c43-599d3830556c	76606080	76656029	rev	7265	-3	right	OV3_Cisp0
chr11	76725403	76733674	86b17451-8ca1-43c5-99b9-c6332a6adebc	76723966	76733680	fwd	8272	-3	right	OV3_Cisp0
chr11	76749303	76763118	629febe4-7bf6-4c8f-bb4e-64bc4326c017	76728172	76763356	fwd	13728	-3	right	OV3_Cisp0
chr11	76761517	76770575	8dc3d4ad-3902-403e-b91d-391e510f2391	76758390	76770581	fwd	9027	-3	right	OV3_Cisp0
chr11	76927062	76941949	8593f938-b131-4d0e-a1fd-34cc16e578cc	76890091	76946747	fwd	14973	-3	right	OV3_Cisp0
chr11	77307934	77312740	f5d84eb8-18a8-437f-afdd-3df68dc64ea0	77266402	77313910	rev	4775	-3	right	OV3_Cisp0
chr11	77360583	77375920	e85a6dcb-b6da-495e-810a-b73196d4ab6e	77356699	77376444	fwd	15245	-3	right	OV3_Cisp0
chr11	77800323	77818493	031db404-6eb9-4264-9de8-bccf9756dfb8	77799635	77832144	fwd	18181	0.408072	right	OV3_Cisp0
chr11	78136690	78141820	98dba59b-8f50-4c8a-a56b-6943abfcfece	78122665	78141834	fwd	5118	-3	right	OV3_Cisp0
chr11	83301807	83309504	8a2ef248-788a-4162-9a5e-ca1c720dd366	83301799	83309514	fwd	7649	-3	right	OV3_Cisp0
chr11	89413676	89425471	0dc672e3-baea-4a77-a5b3-316ea65442c7	89411821	89425478	fwd	11779	-3	right	OV3_Cisp0
chr11	97077116	97086591	864c538b-c2e2-4d6a-a697-efd1650cd02d	97077110	97086595	rev	9460	-3	right	OV3_Cisp0
chr11	103109795	103131083	46717607-bf60-47d6-802f-c6518ca65568	103106443	103131097	rev	21272	-3	right	OV3_Cisp0
chr11	107963822	107975473	d2c3e62b-3e96-418c-989e-e415ba01b290	107963817	107975478	rev	11645	-3	right	OV3_Cisp0
chr11	110659232	110669088	7d72f1aa-7061-43d4-b2ea-baa14d504c6c	110616056	110669093	rev	9793	-3	right	OV3_Cisp0
chr11	113126730	113135165	e9b1e328-4dc4-4bc3-b5f4-371ec11aefae	113102243	113135179	fwd	8357	-3	right	OV3_Cisp0
chr11	115603378	115608443	f86f09d1-67d5-4175-9771-cbb5ac1aff9a	115590434	115611992	fwd	5026	-1	right	OV3_Cisp0
chr11	115611264	115624656	f7bbc335-d394-4b0e-8d71-e3ac27abd7e5	115611252	115626937	rev	13337	-3	right	OV3_Cisp0
chr11	116270563	116277724	f2e0bc82-d273-44db-8552-d49b3ce5c8d7	116270558	116277728	rev	7106	-3	right	OV3_Cisp0
chr11	120427757	120437926	b8d9b4e8-373a-466e-9c4c-02472f31afba	120423111	120437932	fwd	9997	-3	right	OV3_Cisp0
chr11	120497520	120508057	c9f5446f-39c8-4cd7-90e4-30512fc7ee21	120452664	120508061	rev	10515	-3	right	OV3_Cisp0
chr11	131167807	131177597	0cfa8d1e-96ec-4ff6-a3ec-d43f03269fb0	131165630	131177603	rev	9754	-3	right	OV3_Cisp0
chr11	131462337	131468000	92877d99-14ed-4316-86e2-5c4a08c6b768	131435847	131468891	fwd	5631	-3	right	OV3_Cisp0
chr12	727294	737610	fded140b-d0b8-4f81-acac-c8d37af262df	716097	739025	fwd	10275	-3	right	OV3_Cisp0
chr12	2170133	2177452	d8c25a67-cca1-4ac0-86b3-464aa0186bb5	2170124	2177507	rev	7314	-3	right	OV3_Cisp0
chr12	3043375	3050813	0d7c1cc7-4386-4c8a-b2da-55ac882944a9	3017273	3051502	fwd	7388	-3	right	OV3_Cisp0
chr12	3761537	3766135	00ef8a05-caf7-47cd-ad05-aa6965d8b74a	3757389	3766143	rev	4574	-3	right	OV3_Cisp0
chr12	5517512	5528262	e39d1559-a287-45d7-8cda-ed8c6e69341e	5487547	5540262	fwd	10679	0.270782	right	OV3_Cisp0
chr12	8135350	8145613	daa33214-2c62-4c30-b759-7612ca60dd36	8125457	8145619	fwd	10195	-3	right	OV3_Cisp0
chr12	12754959	12766665	66d02fd4-99ac-4467-8ad5-645e0a2ce459	12738048	12766677	fwd	11644	-3	right	OV3_Cisp0
chr12	23171205	23180134	e6a6e243-d3ee-4b61-a676-a7e7d069d29c	23171199	23180139	fwd	8929	-3	right	OV3_Cisp0
chr12	25579516	25589316	4a4e442c-ebcb-433b-a3da-a880ebf2235c	25579508	25589321	rev	9784	-3	right	OV3_Cisp0
chr12	25568929	25582062	ced36e8b-04d3-4ac1-8c1a-53c17e4e907a	25568918	25609509	rev	13069	0.022064	right	OV3_Cisp0
chr12	27996931	28016134	79952208-ac87-4e6d-9bd4-41ae3ac809d6	27993928	28017915	fwd	19010	-3	right	OV3_Cisp0
chr12	28119816	28139325	48420ad0-deec-4ac2-a333-592b09201c44	28117232	28151571	rev	19441	0.098742	right	OV3_Cisp0
chr12	28291922	28307498	30da1b4a-64a1-44d0-9ecc-a4ec0b7a7f89	28291915	28307502	rev	15501	-3	right	OV3_Cisp0
chr12	28892221	28898590	418b308b-c0a8-4381-8631-9ba921e022cf	28892217	28898597	fwd	6310	-3	right	OV3_Cisp0
chr12	30674885	30687561	3fa02f52-448c-4738-a036-14e123912776	30674081	30692336	rev	12583	-3	right	OV3_Cisp0
chr12	30899059	30911898	eb37b899-ee1d-4df1-9999-736aba013991	30898462	30914788	fwd	12843	-3	right	OV3_Cisp0
chr12	33762623	33771479	e25599b0-d77a-420f-bc26-3bcb476a1163	33757628	33771488	rev	8803	-3	right	OV3_Cisp0
chr12	37534063	37542802	b6b21d4c-4bc5-4c3b-afc2-0ccafee05fe5	37532766	37542808	fwd	8700	-3	right	OV3_Cisp0
chr12	39897305	39907363	4474f94b-652b-494f-86ff-c3f649384ef0	39891702	39911424	rev	10024	-3	right	OV3_Cisp0
chr12	45143965	45151828	e496d88b-84ff-4a7d-aa9f-868fa51ef124	45143959	45151833	fwd	7884	-3	right	OV3_Cisp0
chr12	48039805	48046616	dd4825f7-bdcf-454c-b91b-df6de0078d17	48016310	48046623	rev	6766	-3	right	OV3_Cisp0
chr12	53681034	53712055	c4b0f0ae-cbf9-47ce-b89d-bf79b1ac1a4f	53671659	53725364	fwd	30515	0.185811	right	OV3_Cisp0
chr12	54057457	54074127	7fee2a50-ecd4-41ed-bf11-0ce9a69c1a8c	54046273	54090837	fwd	16525	0.295397	right	OV3_Cisp0
chr12	56778587	56791678	bb963319-b96d-4620-8bf5-61f44f35d80a	56778449	56791682	rev	12814	-3	right	OV3_Cisp0
chr12	57580340	57587086	937d3553-4013-4e9b-8590-4e85b535e408	57579727	57587091	fwd	6694	-3	right	OV3_Cisp0
chr12	74337290	74343083	be14cbc0-4cc4-485b-81e7-d00560cb3bcd	74325920	74343089	fwd	5764	-3	right	OV3_Cisp0
chr12	76658750	76676614	0c817023-d6b6-4f65-9422-b177d6e86263	76647728	76697988	rev	18220	0.18693	right	OV3_Cisp0
chr12	80017352	80033319	f6e5d1d0-62a1-4f84-95b1-78673790264f	80011578	80033323	rev	15875	-3	right	OV3_Cisp0
chr12	80374416	80389293	acb39a30-8d90-4d1d-b1bf-05fd25b874b7	80374412	80389389	fwd	14827	-3	right	OV3_Cisp0
chr12	83588627	83596860	b4cc66c6-19c6-420a-b48d-aafe6cde6718	83586993	83596865	fwd	8231	-3	right	OV3_Cisp0
chr12	94451492	94466453	d605014c-6f65-4d86-987d-e01a7987a5e7	94451462	94479781	fwd	14934	0.708648	right	OV3_Cisp0
chr12	101903427	101920942	2155d9aa-1220-4311-9f4d-dada1cf08d4c	101901264	101920948	fwd	17375	-3	right	OV3_Cisp0
chr12	109072678	109080902	a72d876c-0ca3-417a-b84a-e9c422db91bd	109068726	109080909	rev	8207	-3	right	OV3_Cisp0
chr12	117662602	117673911	cd817558-6de3-4630-9206-d1842066594b	117661444	117684144	rev	11309	0.539557	right	OV3_Cisp0
chr12	120327387	120337355	35213070-a511-4e07-935d-10fd5f64fcdb	120324844	120337363	fwd	9948	-3	right	OV3_Cisp0
chr12	125648086	125661839	de19f1c4-c093-478b-800c-c436aa291bbf	125628660	125661845	rev	13688	-3	right	OV3_Cisp0
chr12	126310119	126319844	a7bb2809-44c1-46c2-b01c-06e0860489e0	126305041	126322605	rev	9659	-3	right	OV3_Cisp0
chr12	127098472	127111787	bcd3a9b3-d5a8-4007-b880-7b64bee94df0	127089619	127135177	fwd	13303	0.072676	right	OV3_Cisp0
chr12	130455796	130478098	0a6c20c8-dcea-4afb-856d-1bdb8e6e605f	130455790	130478110	rev	22184	-3	right	OV3_Cisp0
chr13	23292003	23298961	41a4a330-a874-414d-8ea3-8f0905721d39	23291674	23309656	fwd	6967	0.127144	right	OV3_Cisp0
chr13	27308269	27316559	095c2bfe-5990-40ab-8ab0-7bac520347f4	27308265	27327742	fwd	8298	0.761316	right	OV3_Cisp0
chr13	33233852	33241423	8f08cc41-ffa0-4756-93dc-29262f70f436	33233847	33241427	rev	7529	-3	right	OV3_Cisp0
chr13	34177197	34189629	a03d900a-bccb-457d-b8a7-c89d677c171e	34167559	34195395	rev	12359	-3	right	OV3_Cisp0
chr13	37809017	37817432	30019334-5aeb-4594-9159-be0a5d164f32	37808269	37817611	rev	8363	-3	right	OV3_Cisp0
chr13	46926455	46942256	83cb3b8b-cc6a-4051-857d-ce5e0ee5e1de	46926449	46942269	rev	15791	-3	right	OV3_Cisp0
chr13	48963442	48969588	f21e4ce8-6ada-4aba-b1c0-4265e19eb939	48958836	48969593	fwd	6409	-3	right	OV3_Cisp0
chr13	61080914	61090190	4866d665-c068-48dc-9079-89b148d59348	61080906	61117139	rev	9186	0.678697	right	OV3_Cisp0
chr13	61185801	61198326	fc1fde21-4d19-42d3-b657-9f5b8af6fd69	61176790	61198334	fwd	12439	-3	right	OV3_Cisp0
chr13	63448910	63462756	0f1fc64f-0e80-4b85-abd6-f8a8812be152	63434065	63463154	fwd	13796	-3	right	OV3_Cisp0
chr13	64617616	64623056	a618093c-6bf3-4dd7-9997-4f727c19538e	64592416	64623160	rev	5401	-3	right	OV3_Cisp0
chr13	75927387	75932437	a28dd205-c992-4b9f-9abc-265055084619	75918279	75932443	fwd	5009	-3	right	OV3_Cisp0
chr13	77374797	77387709	a509294f-3005-43b4-a9ba-3a2ba401ad6b	77367156	77388371	fwd	12823	-3	right	OV3_Cisp0
chr13	78029304	78042908	36337a9f-7a5d-44ad-8ac8-37f9e5d9da7f	78008093	78094616	rev	13579	0.143895	right	OV3_Cisp0
chr13	95607495	95620590	53e28d0a-becf-4274-bb2b-bb7adbf883c3	95599560	95624081	rev	13006	-3	right	OV3_Cisp0
chr13	96515883	96529620	a33fb397-ee3b-4efc-ae8c-1da7c812b8d4	96509914	96529626	fwd	13610	-3	right	OV3_Cisp0
chr13	100469505	100488519	a2adb713-c0c5-4d50-8aa4-b3d11ad88033	100465598	100488524	rev	18965	-3	right	OV3_Cisp0
chr13	100693472	100700143	4cd4ea83-7b51-41d6-8718-c9a1881e76bd	100686150	100700147	rev	6610	-3	right	OV3_Cisp0
chr13	106205040	106220974	2d7aea83-c57d-47e3-baf5-4c130879f05c	106205031	106226113	fwd	15878	-3	right	OV3_Cisp0
chr13	106409237	106428046	1128546e-f052-4d93-bed0-14c12e97fe95	106402048	106432837	fwd	18746	-3	right	OV3_Cisp0
chr13	111157528	111167248	408e6946-917c-4093-8f81-310555d42edc	111157522	111167255	fwd	9644	-3	right	OV3_Cisp0
chr14	19271504	19288259	d66bbf02-cc0c-47a1-9289-67b42e7abbe7	19269183	19290053	fwd	16832	-3	right	OV3_Cisp0
chr14	20520008	20531594	39448804-892c-446f-9d10-7a94bd690876	20520002	20531620	rev	11547	-3	right	OV3_Cisp0
chr14	26824146	26832814	b5e9d030-271f-4cb0-a4f6-d1d4c6cefbcb	26818133	26832821	fwd	8624	-3	right	OV3_Cisp0
chr14	27133289	27145656	fa44fc52-f2ad-4f54-9554-b7d201289d62	27131911	27145664	rev	12341	-3	right	OV3_Cisp0
chr14	27347143	27369868	dbadd6ff-ca9e-46cb-bdf5-ce345f6dac7f	27340364	27369873	rev	22640	-3	right	OV3_Cisp0
chr14	27696011	27703141	e0d49064-35fa-4a6d-b786-609c6be2ef5e	27687332	27705387	rev	7109	-3	right	OV3_Cisp0
chr14	32928968	32945579	40448ea0-6e69-4023-a733-9b5abd3e7db4	32928960	32947300	fwd	16519	-3	right	OV3_Cisp0
chr14	35545390	35560569	3d05c9f1-4653-4000-8f5a-40eb73381e9d	35533149	35561229	rev	14975	-3	right	OV3_Cisp0
chr14	37504798	37513650	d7b8e37c-3e98-4868-b88a-b72ee8a98f5a	37497586	37513657	rev	8837	-3	right	OV3_Cisp0
chr14	38197059	38209291	403c0c22-6f8c-4fd2-b03f-46c8216104a6	38196493	38209296	fwd	12157	-3	right	OV3_Cisp0
chr14	39287006	39302632	75f7d6f2-1a8f-45fd-905b-b3e1a7f371fa	39244619	39302637	fwd	15429	-3	right	OV3_Cisp0
chr14	40280722	40292930	cc803de5-28cc-4c72-9c55-9955a4bca94d	40280715	40292934	rev	12127	-3	right	OV3_Cisp0
chr14	42016705	42025327	ffb24e15-1505-4962-86a0-aefbdc2e6521	41981825	42025331	rev	8283	-3	right	OV3_Cisp0
chr14	50621765	50642455	cf8796ff-6906-46e9-9dc7-dedd383c9e88	50621760	50642460	fwd	20556	-3	right	OV3_Cisp0
chr14	51256459	51265460	ee16b98c-3576-43b4-ada5-b84ecd38ece3	51255179	51265468	rev	9012	-3	right	OV3_Cisp0
chr14	54930489	54938527	8e8301c0-0c92-43f4-8617-cbe69a25d26f	54905695	54938547	fwd	8030	-3	right	OV3_Cisp0
chr14	57606731	57624548	df9b0b66-25d4-4489-9077-61dde1d048e2	57606717	57624554	rev	17825	-3	right	OV3_Cisp0
chr14	57633546	57638922	794e5fe3-d872-4ce0-82e6-6f407342e47f	57633454	57638930	fwd	5346	-3	right	OV3_Cisp0
chr14	58278524	58294212	0a860248-0061-46cb-aea9-e4d8675c3965	58240183	58294342	rev	15575	-3	right	OV3_Cisp0
chr14	61585623	61600888	527d31b3-e17b-44fe-b245-6a6cbbd2977d	61581896	61600893	fwd	15180	-3	right	OV3_Cisp0
chr14	66025541	66035029	a258862c-a955-4ce7-b486-450aba2648a8	66018176	66035034	fwd	9444	-3	right	OV3_Cisp0
chr14	66535024	66541726	6c3ecb1c-146d-4d33-b75b-d939f4b7b1b9	66506622	66541731	fwd	6626	-3	right	OV3_Cisp0
chr14	67492885	67503695	8736373d-cb31-4eea-a73b-1a59ef04cedb	67492612	67503704	rev	10808	-3	right	OV3_Cisp0
chr14	69927143	69941390	ba84bec7-88f7-40ef-82f5-4a681346861c	69923155	69941397	rev	14232	-3	right	OV3_Cisp0
chr14	78374299	78384971	1e4e8582-504a-431c-8157-dd73ddb4966c	78374294	78384989	fwd	10657	-3	right	OV3_Cisp0
chr14	82573024	82580434	f5cc989c-e46b-4d2c-80da-041d3877f1ae	82563292	82591807	fwd	7366	0.855431	right	OV3_Cisp0
chr14	82573619	82584591	ba019fd8-9fa2-44ed-8afd-24dbd597ec0e	82573608	82585343	fwd	10908	-3	right	OV3_Cisp0
chr14	85875317	85878978	5248f2d0-a5a7-46f3-a5bc-6926221433a1	85861823	85880325	rev	3629	-3	right	OV3_Cisp0
chr14	90238285	90250416	9207fec9-dfe9-4907-8ee7-e60b7937665f	90225623	90259680	fwd	12096	0.368896	right	OV3_Cisp0
chr14	95467892	95484596	6f4788e9-7520-46c9-b7fb-d7a11aaf7578	95465764	95484611	fwd	16741	-3	right	OV3_Cisp0
chr14	97348394	97363554	7c92ddba-4c0f-4e52-b369-06b06462e9ac	97348387	97365407	rev	15167	-3	right	OV3_Cisp0
chr14	101048430	101057856	147f1941-2aa1-48ce-a83a-1de7f0e1f65a	101048420	101057860	rev	9401	-3	right	OV3_Cisp0
chr15	20214380	20221972	e8082b47-5206-4240-b947-e4a0807a3ee2	20214374	20221977	fwd	7571	-3	right	OV3_Cisp0
chr15	20736600	20748724	64acf2b6-4159-49b5-ae61-5105329b3a38	20736595	20750785	rev	12036	-3	right	OV3_Cisp0
chr15	34891702	34898122	d65867bc-98b6-43c4-a6a9-ad97c2d05d42	34889975	34898135	fwd	6415	-3	right	OV3_Cisp0
chr15	36890522	36904589	343816ea-1a2b-4e73-9888-ff3f6597899e	36890517	36907269	rev	13957	-3	right	OV3_Cisp0
chr15	37723753	37735688	0a2d4541-0469-424a-9979-47b79204efbf	37719526	37747208	fwd	11772	0.069721	right	OV3_Cisp0
chr15	40481314	40493838	7f6bc54d-af0a-4781-a223-3e12b4e23d6c	40481308	40496305	fwd	12413	-3	right	OV3_Cisp0
chr15	46844294	46862713	e70bacbf-09b4-48f8-a3ad-6af5814ec3f8	46840176	46862724	fwd	18325	-3	right	OV3_Cisp0
chr15	50869254	50874947	7d4f9df9-8659-4fe1-9059-184269d17c69	50855206	50889661	fwd	5665	0.164925	right	OV3_Cisp0
chr15	52146411	52167556	3f542a0c-714c-4316-bd0d-a435abcbefe5	52146278	52167778	rev	21326	-3	right	OV3_Cisp0
chr15	53091737	53114282	55fc813b-354d-42c5-9a76-5fec80ce50fb	53083035	53133515	fwd	22357	0.098976	right	OV3_Cisp0
chr15	53223705	53232825	8c4c257b-b0e3-44b3-9d8c-883c8bff1df9	53220397	53232830	fwd	9036	-3	right	OV3_Cisp0
chr15	53577036	53593732	c047e9a3-9ddb-4e2e-92bf-260f3eaff8aa	53570531	53593741	rev	16641	-3	right	OV3_Cisp0
chr15	59731695	59741726	2235b36c-e98c-4bd7-8d87-7cb3e8cdeff8	59731689	59741733	rev	9985	-3	right	OV3_Cisp0
chr15	60477657	60484757	3eee5f76-9671-4da8-91da-778c7494b5d1	60476155	60491383	fwd	7112	-3	right	OV3_Cisp0
chr15	64710771	64726169	33bc6246-34a4-4ce0-9e43-5d723d4edf4d	64698907	64726341	fwd	15431	-3	right	OV3_Cisp0
chr15	68889428	68892993	6a68d3f3-a740-4e56-b806-c6ef0362a51f	68889418	68923709	rev	3563	-3	right	OV3_Cisp0
chr15	69398793	69403687	c1859fed-e6ce-4ce8-a307-e14c25aae563	69384211	69403696	fwd	4860	-3	right	OV3_Cisp0
chr15	70033111	70038908	44a34afd-5d5e-4ba9-a8ee-fe662cd46285	70033103	70038915	rev	5777	-3	right	OV3_Cisp0
chr15	73636665	73645845	75586ed6-9427-46d8-aa3a-6d492549d479	73622293	73646994	rev	9178	-3	right	OV3_Cisp0
chr15	78567782	78589219	871e4c72-00dc-4a78-b804-32c6348dfcd6	78549709	78592833	rev	21422	-3	right	OV3_Cisp0
chr15	83966673	83997906	d2528918-cde7-4dfd-9547-68517bef467d	83947665	84008791	rev	31138	0.235532	right	OV3_Cisp0
chr15	93086479	93101272	c32fdecc-5f0c-4d0b-929c-dc1d20578ff7	93086468	93102649	rev	14777	-3	right	OV3_Cisp0
chr15	95744781	95754428	6f6c13ff-cbce-4961-a261-88e214e5318a	95737486	95754433	fwd	9555	-3	right	OV3_Cisp0
chr15	96620554	96630300	f6e1f632-8839-469d-94c8-378ba6be8b73	96602813	96636605	rev	9683	-3	right	OV3_Cisp0
chr16	2574059	2583320	d521e6b4-6197-49e0-91cf-cd2aacebeee3	2535050	2587941	rev	9191	-3	right	OV3_Cisp0
chr16	5114127	5126751	e1988e77-bb55-4b8a-b5aa-1aeca8849704	5114122	5126762	rev	12633	-3	right	OV3_Cisp0
chr16	9708100	9717402	8c6a0487-54a5-4d9e-a0b2-3d2469c19007	9708090	9717748	fwd	9256	-3	right	OV3_Cisp0
chr16	11762843	11768197	ba96f4e9-1c05-4c44-9d80-28cd2655229b	11762028	11780028	fwd	5284	-3	right	OV3_Cisp0
chr16	21541250	21548637	73b12d0a-f4f6-4cdb-a68e-0a1ca22f4caf	21537181	21548645	fwd	7362	-3	right	OV3_Cisp0
chr16	30978012	30987487	72d6ef41-1afc-4e54-87a8-f4f56faaeef9	30978002	31001261	rev	9453	-3	right	OV3_Cisp0
chr16	31379135	31391595	49b460ff-9932-48ee-8f61-5d7880335d4a	31368517	31412010	fwd	12474	0.357978	right	OV3_Cisp0
chr16	31500985	31512838	87a88ad3-4413-47b3-991f-955dd09ecfcb	31500974	31513438	fwd	11782	-3	right	OV3_Cisp0
chr16	34066554	34071087	7ccc1987-e813-4b3a-b6fa-31b9ec4c741a	34066549	34073961	rev	3026	-3	right	OV3_Cisp0
chr16	46389982	46396417	182b7ded-a362-41db-8656-4e2238cb17bf	46382568	46402658	rev	2123	-1	right	OV3_Cisp0
chr16	46382677	46392759	68ab7d78-3bc6-42f2-bd33-dcbaa7a15236	46382611	46407742	rev	8411	-1	right	OV3_Cisp0
chr16	46385359	46389646	86881a21-9895-4151-8f5c-5c74601d319e	46384016	46412069	rev	4132	-1	right	OV3_Cisp0
chr16	46391327	46396629	a443b7da-8669-43d3-9e82-22feb281696c	46385999	46403314	fwd	943	-1	right	OV3_Cisp0
chr16	46391313	46397299	f0527c92-3f18-4465-9d90-8058f8607d6d	46387023	46403937	fwd	968	-3	right	OV3_Cisp0
chr16	46388060	46396220	f6f32522-122b-40f5-baaa-cc220f15a15a	46388053	46407742	rev	4043	-1	right	OV3_Cisp0
chr16	49283792	49297011	e872246e-13b6-4655-8067-2998300ba6af	49267696	49297016	fwd	13133	-3	right	OV3_Cisp0
chr16	50419954	50428873	9792b703-e36c-4cfb-b50c-e53249a61cd8	50414493	50428880	fwd	8914	-3	right	OV3_Cisp0
chr16	50809024	50819854	a4606906-291d-4980-9884-270317115981	50809008	50820012	rev	10804	-3	right	OV3_Cisp0
chr16	55567473	55574824	843a31aa-3b81-4f2e-913d-4608c7962385	55564529	55574832	rev	7323	-3	right	OV3_Cisp0
chr16	59301035	59310942	0f645e5e-881b-428a-8824-4df6657f4cfa	59298557	59323441	rev	9868	0.371183	right	OV3_Cisp0
chr16	60160822	60166997	c477c6df-54ba-4996-bb32-4c01217afb45	60160815	60167044	rev	6162	-3	right	OV3_Cisp0
chr16	64901299	64906311	84ccb5db-6bd5-425b-97a6-dec33effc6b8	64895913	64906318	rev	4971	-3	right	OV3_Cisp0
chr16	70369223	70373824	b555a797-c93e-469d-855a-7b5832c7e68d	70351742	70392659	rev	4597	0.079316	right	OV3_Cisp0
chr16	70680231	70687124	5ab22a7f-6b52-47cc-876e-fbd9e1c31e6b	70680227	70702674	fwd	6876	-3	right	OV3_Cisp0
chr16	72390429	72400015	99405a2e-a3b6-4151-98b0-00e3d086ca33	72370619	72405555	rev	9530	-3	right	OV3_Cisp0
chr16	76682532	76696501	7969fd8b-3c0f-4095-8b80-ba90e1cba15d	76675752	76696507	rev	13872	-3	right	OV3_Cisp0
chr16	77562078	77581022	27f0b307-6eaf-4e91-b24c-e61df0f55168	77562069	77582174	rev	18863	-3	right	OV3_Cisp0
chr16	82141785	82151043	472bff60-0ffd-4e41-9128-74ba10acbc4e	82114381	82151047	rev	9221	-3	right	OV3_Cisp0
chr16	86124089	86134253	32a6477e-706d-489f-8bf2-24a5d6409c63	86116078	86144775	fwd	10149	0.018433	right	OV3_Cisp0
chr17	7141569	7156121	c4d22021-61e7-445a-a3d3-c8e74acc2b7d	7141538	7174219	rev	14568	0.485976	right	OV3_Cisp0
chr17	8698226	8708700	bab7c07b-f730-4178-a10a-69d954f5ef7b	8678236	8708707	rev	10452	-3	right	OV3_Cisp0
chr17	9010366	9019862	1c518e17-017e-4eaa-829f-919725b2ac96	9006311	9019869	fwd	9453	-3	right	OV3_Cisp0
chr17	9959973	9973090	bee8ff0a-d075-495e-8781-4351e69cd0f4	9959967	9973096	rev	12993	-3	right	OV3_Cisp0
chr17	10551562	10568912	6fea7f85-7ff3-477c-bf16-cbd60c644682	10550958	10569052	fwd	17204	-3	right	OV3_Cisp0
chr17	11511994	11544622	a80297de-a00a-4320-a559-bdd4ff00a8d9	11509751	11547514	rev	32329	-3	right	OV3_Cisp0
chr17	14577791	14589679	bc424543-9c09-43f1-a071-3047bfa98c8a	14573904	14589683	rev	11861	-3	right	OV3_Cisp0
chr17	17078414	17084452	7f802f91-b422-4af4-93bb-f0ac0769a7e4	17065314	17085058	rev	6031	-3	right	OV3_Cisp0
chr17	17290366	17298757	865fd66a-641d-432a-96d8-680021198601	17290355	17299018	rev	8341	-3	right	OV3_Cisp0
chr17	19395791	19410620	919c4886-bdd4-4536-bc88-afbec88f7737	19395770	19412278	rev	14755	-3	right	OV3_Cisp0
chr17	28879318	28886497	6cebf239-8e68-42f6-9204-3d81bc6dbcec	28873979	28904494	rev	7145	0.06611	right	OV3_Cisp0
chr17	30271614	30279417	e0702770-cdf4-4b4e-8510-7b76bb381f92	30247093	30285340	fwd	7777	-3	right	OV3_Cisp0
chr17	43624074	43633678	f97d0c68-3aac-4e02-b8f1-0f096ab38113	43622434	43643714	fwd	9596	0.095616	right	OV3_Cisp0
chr17	48004802	48012011	1d807964-b0a3-4e68-bbd1-b79adafb729a	47991392	48012018	rev	7179	-3	right	OV3_Cisp0
chr17	48206783	48215540	96498b91-05e5-4a49-aa50-7002151425cb	48198123	48219895	rev	8717	-3	right	OV3_Cisp0
chr17	48516695	48525107	dc248204-7f23-4d03-90de-d31fff0d96ce	48514979	48528149	rev	8386	-3	right	OV3_Cisp0
chr17	48922384	48934541	9af0c543-ea82-4ebb-ada7-8e4ca8d7e53e	48916283	48939358	fwd	12086	-3	right	OV3_Cisp0
chr17	50133764	50140433	a47df024-9e3c-476a-936c-0188c662c75d	50133750	50145485	fwd	6647	-3	right	OV3_Cisp0
chr17	51509249	51518585	9fc376d9-0369-49d7-80d2-c955e3ec7f6e	51505969	51520127	fwd	9280	-3	right	OV3_Cisp0
chr17	56000482	56007103	96e05baf-3e10-46c7-a829-2c9d15704f9d	55990049	56008310	fwd	6625	-3	right	OV3_Cisp0
chr17	57266136	57273633	cc025b07-ccfa-43c4-9a6a-9fe8ef43b5dc	57266132	57273643	fwd	7421	-3	right	OV3_Cisp0
chr17	64315737	64324869	10b0b2e9-8b01-4eab-b026-e89be7df5246	64309308	64324877	fwd	9158	-3	right	OV3_Cisp0
chr17	64413757	64420328	db6174c2-35aa-4941-bdcb-59e153814b1d	64411089	64429665	fwd	6547	0.555737	right	OV3_Cisp0
chr17	69143233	69156871	93d32179-4581-4307-8828-3597c7e7f6b5	69119836	69164704	fwd	13547	0.353527	right	OV3_Cisp0
chr17	69948530	69958843	0d1d721c-4f0d-4409-8e95-8e46308b7b0b	69937362	69958849	rev	10222	-3	right	OV3_Cisp0
chr17	75206160	75214945	cda970c5-b274-4e19-a21d-78111065a795	75195755	75215556	fwd	8695	-3	right	OV3_Cisp0
chr17	77556732	77566126	11bbc6de-6b28-4da0-a850-5574e4460690	77550307	77572948	fwd	8680	-3	right	OV3_Cisp0
chr17	79273343	79292752	3b84b6df-9af0-4a4a-af5a-a7682b9b41a1	79264364	79292758	fwd	19349	-3	right	OV3_Cisp0
chr17	81185001	81205209	20c405d3-194e-4fad-a9ee-6809718ebbbe	81165465	81223793	rev	20205	0.189026	right	OV3_Cisp0
chr18	295080	304845	06b0ca85-4ac6-4e06-bf0f-86f8649e2e7d	295076	308225	fwd	9862	-3	right	OV3_Cisp0
chr18	2059861	2073412	8102ee31-92d5-4d6a-924a-a567c6b19cb7	2052595	2073418	fwd	14333	-3	right	OV3_Cisp0
chr18	4029518	4045130	32c6d104-30ad-443e-8295-787f84032b18	4025891	4045136	rev	15585	-3	right	OV3_Cisp0
chr18	4119032	4124853	eab6bf14-bedb-4e8b-978f-464df1ca9d62	4113011	4124859	rev	5819	-3	right	OV3_Cisp0
chr18	4214235	4239497	224e763a-5b54-4509-9e74-6763936616c5	4209659	4241378	fwd	25219	-3	right	OV3_Cisp0
chr18	5582836	5597612	93580cf8-e317-4313-bbef-c11fff5d56d8	5582822	5597620	rev	14642	-3	right	OV3_Cisp0
chr18	9758946	9778277	c6ffbffd-5a89-4665-8da5-b8a2dc8bf54b	9757664	9781827	fwd	19124	-3	right	OV3_Cisp0
chr18	9836027	9844564	ae5b4135-4e9f-4f7a-9489-9b2af6471651	9836019	9844791	rev	8698	-3	right	OV3_Cisp0
chr18	11927088	11940777	47c3dd83-02ee-4072-902c-bb4e0e7324b8	11921575	11945534	fwd	13628	-3	right	OV3_Cisp0
chr18	15339419	15351291	e15a3a53-fe09-4624-b3f9-5f15bf544df7	15312015	15351296	rev	11784	-3	right	OV3_Cisp0
chr18	27563287	27583522	a11d98eb-395c-464a-b918-4ee67e4728fb	27549105	27585407	fwd	20045	-3	right	OV3_Cisp0
chr18	32984559	32990550	79cdebdc-1346-45ca-87f4-fcdeaff9f138	32984554	32991950	fwd	5989	-3	right	OV3_Cisp0
chr18	60202338	60218882	5c85361d-0d71-488d-8ed7-06325fec7093	60200655	60218888	rev	16462	-3	right	OV3_Cisp0
chr18	61877374	61890935	8b6aac55-01d7-4547-8e8a-ab572c0684fe	61877235	61891450	rev	13514	-3	right	OV3_Cisp0
chr18	74465756	74476131	1b7fc804-50c0-402b-898c-b59a1d11fdda	74465751	74476137	rev	10349	-3	right	OV3_Cisp0
chr19	9284955	9290460	d7a06209-58f6-459e-876b-b0b40407dfad	9278592	9290466	rev	5500	-3	right	OV3_Cisp0
chr19	11440105	11444436	53b936be-e23b-48c0-9dee-9e1773959fc0	11440093	11456393	rev	4324	-3	right	OV3_Cisp0
chr19	30001856	30021033	e6f9e76d-c1ab-47d6-9ac5-0403a5394bca	29980438	30032178	rev	19147	0.205231	right	OV3_Cisp0
chr19	35700106	35703379	567154a3-a49e-4bd4-8d04-70d6feb2649a	35686559	35703391	fwd	3273	-3	right	OV3_Cisp0
chr19	37209515	37219579	efe287fe-3f86-4159-b20a-7e0ff0c6e062	37196803	37229085	rev	10053	0.753454	right	OV3_Cisp0
chr19	38394471	38401729	f2d361a1-a8b8-4541-8f6e-c82975c2fd80	38370484	38401734	rev	7226	-3	right	OV3_Cisp0
chr19	38781083	38789379	e3e1877d-44b8-443c-ac8a-1cca2de56695	38779991	38793390	fwd	8263	-3	right	OV3_Cisp0
chr19	39435966	39453343	5a8cb2e6-ae30-4c79-b548-edcf51c2b7fb	39435953	39453348	fwd	17274	-3	right	OV3_Cisp0
chr19	39617013	39620910	e9f03d22-bf73-4269-ae89-13fd7585f2de	39612262	39620920	fwd	3881	-3	right	OV3_Cisp0
chr19	39625607	39635356	89041454-d138-4de3-89a5-836f511798be	39622795	39638889	rev	9795	-3	right	OV3_Cisp0
chr19	39758710	39769937	9046960c-69d9-4a20-8c5c-ce5ec10ec1a9	39750830	39769944	fwd	11148	-3	right	OV3_Cisp0
chr19	40425746	40439401	6a281ca7-3229-4d5f-b4d9-3332ca8771bf	40398535	40439413	rev	13708	-3	right	OV3_Cisp0
chr19	46301023	46311168	a5409a78-697f-442f-833a-29fe9b471f2e	46300977	46313528	rev	9999	-3	right	OV3_Cisp0
chr19	46887274	46902344	d3046337-99c8-4606-8be8-f8695d8bafeb	46872240	46913010	fwd	14874	0.157935	right	OV3_Cisp0
chr19	49125971	49133719	a2f8fd45-25bd-4af4-958a-834f8e48a1a1	49125940	49135063	rev	7719	-3	right	OV3_Cisp0
chr19	49471633	49493268	8a75f728-7b33-4237-a314-b282e11cbab7	49470552	49493277	fwd	21570	-3	right	OV3_Cisp0
chr19	50411313	50421402	8af87aff-617f-490b-b4bf-57652567b126	50407581	50421406	rev	10051	-3	right	OV3_Cisp0
chr19	51706882	51712159	d93c4157-3ef0-4647-a38b-3f74d764c361	51706873	51712165	fwd	5284	-3	right	OV3_Cisp0
chr19	53307163	53323532	7d13486e-4401-40f9-a1c8-e10d36c661af	53296277	53325462	fwd	16399	-3	right	OV3_Cisp0
chr19	53553503	53560769	4910947a-8083-4700-b591-ca874ce2a313	53553497	53585826	rev	7231	-1	right	OV3_Cisp0
chr19	54437964	54453460	77f865e0-ad8b-49f9-ac2f-350ec75b6ca7	54437955	54453543	fwd	15463	-3	right	OV3_Cisp0
chr19	56085140	56090530	73787eb7-4c5d-4f9a-a986-1e0d2b334745	56078190	56111390	fwd	5355	0.247331	right	OV3_Cisp0
chr19	57235595	57250466	516a28a9-421a-4cd1-8933-c63a5fa14fbb	57235588	57250474	rev	14821	-3	right	OV3_Cisp0
chr2	2134116	2147211	174a3713-8306-494d-908f-faee37c5a50c	2132050	2153801	fwd	13013	-3	right	OV3_Cisp0
chr2	9788306	9795014	bd7d4e9f-928a-44e7-9722-8d5d6942874c	9779018	9795018	rev	6698	-3	right	OV3_Cisp0
chr2	11177844	11183227	f06e6b6e-ed8b-4b81-959e-2f1a441641e0	11166541	11183324	fwd	5371	-3	right	OV3_Cisp0
chr2	11363607	11378843	c3928702-a34b-41fc-b70e-5e8db3c55ef7	11363599	11382091	rev	15141	-3	right	OV3_Cisp0
chr2	11780343	11787650	b6856e23-75c6-431f-81cd-1702c720df99	11761820	11787655	fwd	7230	-3	right	OV3_Cisp0
chr2	15718560	15724937	b91a0103-e4e1-4038-8ce2-e459d80fb797	15705821	15724999	fwd	6342	-3	right	OV3_Cisp0
chr2	17131550	17144133	39a2a81d-ab04-40ad-82fe-3bc79b1568b1	17131544	17163017	fwd	12507	0.069895	right	OV3_Cisp0
chr2	20159155	20165524	fb9c7296-6197-411d-a9d0-c6180ec691a9	20159150	20165531	fwd	6329	-3	right	OV3_Cisp0
chr2	27770823	27778643	8568767f-4edb-44a0-853e-2eb581c78c17	27765855	27782441	fwd	7900	-3	right	OV3_Cisp0
chr2	28581710	28591461	62f29ba7-ee51-484a-8148-a4eb083d371a	28581705	28596389	fwd	9623	-3	right	OV3_Cisp0
chr2	30145385	30151078	a9fb32f3-a764-46ef-ba92-7131636c27dc	30139150	30151094	fwd	5649	-3	right	OV3_Cisp0
chr2	32921640	32930277	dc07de52-9eb5-4fd7-b42f-13776f79b56c	32920370	32931136	fwd	8558	-3	right	OV3_Cisp0
chr2	32947481	32958598	7e95707f-b998-4974-adda-24a0b53cb4e4	32944578	32958603	rev	11093	-3	right	OV3_Cisp0
chr2	33384519	33396200	27cadbc1-3e46-40e0-a74d-02ad4211225f	33369305	33426487	fwd	11595	0.242354	right	OV3_Cisp0
chr2	34244298	34253676	774a36cd-ccf1-4a44-8a07-af60f7bad5bb	34223163	34254181	fwd	9305	-3	right	OV3_Cisp0
chr2	43911956	43920655	f9920709-4f33-46f4-8d34-29f389f8d095	43890761	43924700	fwd	8596	-3	right	OV3_Cisp0
chr2	45021363	45035265	a995b009-4110-4101-a950-5a89b038d5c1	45009290	45051538	fwd	13869	0.228508	right	OV3_Cisp0
chr2	55363835	55368604	3ab8ae31-0f33-411f-8d3b-56911789d862	55342271	55368614	fwd	4745	-3	right	OV3_Cisp0
chr2	56670656	56687648	f249eb4c-b66c-4e4b-9d2d-c7761970095a	56670652	56688779	fwd	16947	-3	right	OV3_Cisp0
chr2	62441464	62468999	7733de5f-9daa-48de-add6-f760da7db29d	62429087	62469005	rev	27268	-3	right	OV3_Cisp0
chr2	65618865	65633264	86ee55d4-a11d-418e-86ec-e32796c2d0ec	65603342	65636640	rev	14380	-3	right	OV3_Cisp0
chr2	66109959	66113197	6184f19f-2934-419c-a8e2-a57fc7c37470	66090069	66117306	fwd	3190	-3	right	OV3_Cisp0
chr2	70544024	70567990	ecd7cafe-31f6-490b-8ce4-a6280e797223	70537882	70568001	rev	23847	-3	right	OV3_Cisp0
chr2	71191146	71206307	946868ef-ccd9-4df7-ae4e-591ed9e4882a	71191141	71206313	rev	15110	-3	right	OV3_Cisp0
chr2	72257151	72267237	401c79a7-a96e-49fd-8b9a-2e85b5fddbbc	72257145	72280877	fwd	10063	0.161666	right	OV3_Cisp0
chr2	74128778	74136608	2f305eb8-f994-4950-a80c-49d543a91e4b	74120966	74136618	fwd	7796	-3	right	OV3_Cisp0
chr2	86420749	86431747	dac3fd60-02fb-4f16-9639-3c5edc498157	86419252	86437314	fwd	11006	-3	right	OV3_Cisp0
chr2	86783898	86798912	4def04e5-9400-4a17-8a7e-06ed717ea860	86781185	86807095	rev	14921	0.227253	right	OV3_Cisp0
chr2	87418715	87429372	d3591f7a-3b54-4123-9881-841af6cceec1	87414287	87431213	fwd	8959	-3	right	OV3_Cisp0
chr2	90221366	90233403	a51692ff-47ba-4e77-8eeb-ed607597a78d	90191422	90236323	rev	11973	-3	right	OV3_Cisp0
chr2	91409704	91413677	a99b543c-7e73-4b44-958e-45305e773c02	91404242	91423218	fwd	2876	-1	right	OV3_Cisp0
chr2	97358029	97364556	e3354fab-4279-43ae-9cc7-dca945137129	97354627	97364561	fwd	6480	-3	right	OV3_Cisp0
chr2	97621649	97635700	d685d7ea-b28c-46d7-a1c7-7dbfac49b26f	97617208	97654147	rev	13793	0.255091	right	OV3_Cisp0
chr2	101782288	101792804	5e031e70-7c80-480e-a356-da18278b3d66	101778428	101806590	fwd	10272	-1	right	OV3_Cisp0
chr2	105947342	105956801	8237ff77-7136-4e52-8fb2-2051580c05d2	105944397	105956806	fwd	9516	-3	right	OV3_Cisp0
chr2	107499178	107522975	36be8f0d-cba2-483e-bf24-26ffada066ea	107494451	107523208	rev	23694	-3	right	OV3_Cisp0
chr2	108424895	108435145	aad96a01-5eb2-40b4-9a37-3ef481cf323b	108413824	108436352	fwd	10244	-3	right	OV3_Cisp0
chr2	108762080	108782495	3122f257-0f20-4d62-8a6c-4f1a58cd409b	108760611	108789858	rev	20320	0.421172	right	OV3_Cisp0
chr2	108996928	109005322	0405ecb4-cd20-4e54-a27e-a8e35716b5e5	108996924	109010074	fwd	8354	-3	right	OV3_Cisp0
chr2	123725722	123746449	ece2fca0-4558-4f2e-9da8-016a38e5d8a0	123720195	123749013	fwd	20647	-3	right	OV3_Cisp0
chr2	135914412	135922930	26f17dc6-f051-4115-9668-d6aa54259b30	135909531	135924775	rev	8446	-3	right	OV3_Cisp0
chr2	138897841	138905612	2931700d-495f-4950-bacb-4d31d70fba79	138893533	138905617	fwd	7709	-3	right	OV3_Cisp0
chr2	140091585	140095971	c8b05904-d590-4a23-92da-369e41933839	140091580	140105325	rev	4317	-1	right	OV3_Cisp0
chr2	143818333	143839637	f3a61ce3-18dc-428e-bde3-530a64f57554	143812412	143840497	rev	21200	-3	right	OV3_Cisp0
chr2	145020143	145029505	e375933f-bc1f-4f9c-8fb0-474d77d40d05	145020137	145080607	fwd	9347	0.073559	right	OV3_Cisp0
chr2	145163292	145177427	4dfe8df7-2dfe-4975-a721-62a8551b2190	145152242	145177431	rev	14060	-3	right	OV3_Cisp0
chr2	160228584	160237195	477cb686-7fa1-4ee1-8e5d-d44602557c02	160218022	160237844	rev	8560	-3	right	OV3_Cisp0
chr2	163533398	163542526	034b046c-9e5a-4620-858c-fab487e9122a	163530789	163542544	fwd	9095	-3	right	OV3_Cisp0
chr2	167529346	167540945	359849aa-83f5-4e8a-b08a-3210f259c4bd	167528076	167540949	rev	11517	-3	right	OV3_Cisp0
chr2	178266305	178278571	135267cd-5889-456c-96aa-9c22415d2b3a	178259385	178278577	fwd	12235	-3	right	OV3_Cisp0
chr2	179615968	179623613	6e17838d-900b-4e0d-a709-d33015bc2a05	179613898	179627463	rev	7618	-3	right	OV3_Cisp0
chr2	183158890	183172900	66ad8774-3037-468b-8fa1-8a6993992525	183153498	183172907	fwd	13939	-3	right	OV3_Cisp0
chr2	184714962	184729528	fb4990f8-0611-4a4f-b1ac-10aab73e9fb5	184676195	184729534	fwd	14524	-3	right	OV3_Cisp0
chr2	187465234	187485494	a203b9e5-2b68-47a2-96c3-ec98cb40e472	187462656	187500444	fwd	20361	0.11639	right	OV3_Cisp0
chr2	189659367	189664147	14f2f412-d8d0-4ec2-a47c-4f54ad97267d	189649578	189688529	fwd	4776	-1	right	OV3_Cisp0
chr2	192269540	192284009	daddded5-0ac2-4dc2-86ae-07f3b32c4352	192260660	192287124	fwd	14498	-3	right	OV3_Cisp0
chr2	195103309	195110611	f3d6ebca-a2ae-4c2c-824f-02bfbeccd1a1	195103304	195110621	rev	7270	-3	right	OV3_Cisp0
chr2	197968878	197983060	34535f7c-9a9e-496b-a839-35396f255bd7	197965741	197984923	fwd	14119	-3	right	OV3_Cisp0
chr2	197969448	197992496	7053314f-2cb2-4c82-9fc9-35f2d2715307	197955308	198006652	fwd	23019	0.165272	right	OV3_Cisp0
chr2	198613843	198620136	9e7b4b8b-a51c-46de-8358-5a8e35abfe5b	198602199	198625294	rev	6298	-1	right	OV3_Cisp0
chr2	202359539	202373538	d392d4bc-d6ec-4681-882a-a3dd3861299b	202358203	202373544	fwd	13958	-3	right	OV3_Cisp0
chr2	204474762	204479331	e9f55ee4-bfce-4b92-ad8c-112c13bd134c	204444068	204479337	fwd	4526	-3	right	OV3_Cisp0
chr2	208613681	208623151	ad3c4e3b-0f0a-4171-84c7-e8dfa45fc7e4	208591711	208623998	rev	9443	-3	right	OV3_Cisp0
chr2	212719791	212731542	906403fe-0323-4302-aeb0-8f01b70ea593	212719504	212733952	rev	11640	-3	right	OV3_Cisp0
chr2	219915008	219925184	aade2586-cccb-4d50-bb36-bc6b9eb9f3ec	219911855	219925195	rev	10123	-3	right	OV3_Cisp0
chr2	220083836	220096294	d35aa757-91c7-4767-b3ba-79239d476f38	220080022	220097120	rev	12367	-3	right	OV3_Cisp0
chr2	221079193	221089175	0d24775b-8564-4258-8ee8-253d7cac829c	221074298	221100489	fwd	9952	0.762629	right	OV3_Cisp0
chr2	224478840	224485009	18b8bf98-5642-417b-8a6e-1dbb1aeadf7d	224478834	224486527	fwd	6154	-3	right	OV3_Cisp0
chr2	233912001	233919587	7c6efe56-0af6-4835-a00e-e5848b8a7ef1	233908871	233919594	fwd	7569	-3	right	OV3_Cisp0
chr20	9235880	9259779	5542c6e9-baed-4d69-ae68-55a5cc4d8182	9235876	9259786	fwd	23791	-3	right	OV3_Cisp0
chr20	11143639	11151834	80439a97-67c6-42a3-8d7b-e073b62f0297	11120150	11174572	rev	8159	0.698705	right	OV3_Cisp0
chr20	11925412	11941511	b327ff09-7a7e-4266-9a6c-f4be082cd40e	11924761	11942242	rev	16078	-3	right	OV3_Cisp0
chr20	14673200	14679210	4674cef8-f879-40c4-a0dd-3ccfdaa4362d	14673186	14679218	fwd	5988	-3	right	OV3_Cisp0
chr20	16242935	16257666	25d979dc-7a41-46af-aafd-a2990bffe71a	16236855	16271173	fwd	14670	0.441037	right	OV3_Cisp0
chr20	16778503	16790904	168150ce-010e-4f1a-b163-9412db14b3aa	16778498	16790910	rev	12413	-3	right	OV3_Cisp0
chr20	19832119	19846096	e4532821-63c7-42bd-991a-9f789d90ed8d	19830578	19847042	fwd	13890	-3	right	OV3_Cisp0
chr20	21637619	21648316	01266436-76dc-48cf-8bc3-a54921716ea6	21635898	21651301	fwd	10662	-3	right	OV3_Cisp0
chr20	31064447	31067611	467c4806-2517-4b93-8fc0-4bd34d926783	31051508	31073213	fwd	2116	-1	right	OV3_Cisp0
chr20	31059823	31064082	40f865bb-f2ad-4d7b-bf02-c03cb4ec8462	31051861	31074112	fwd	4952	-3	right	OV3_Cisp0
chr20	31058343	31068113	5adcb4c4-4b5d-4d70-b4d6-819cd98a20c6	31054362	31069942	fwd	5000	-3	right	OV3_Cisp0
chr20	31064627	31067863	be036024-3117-42ca-8d7f-908e44192241	31057909	31069578	fwd	2392	-3	right	OV3_Cisp0
chr20	31061786	31065666	7fd3bd4d-6fc6-402b-a010-a5204c3582cd	31058731	31067171	rev	3153	-3	right	OV3_Cisp0
chr20	31069017	31073736	f6351dd0-5f3c-4c6e-b1b8-3c3e9bf10692	31062919	31082166	fwd	2736	-1	right	OV3_Cisp0
chr20	44216975	44239121	1c6cdb55-d9b6-4a4f-9db4-70e40a5d9534	44216970	44239127	rev	22114	-3	right	OV3_Cisp0
chr20	45520982	45526520	6e36a885-c20d-4ac6-8e15-335caf2646ea	45520971	45527221	fwd	5506	-3	right	OV3_Cisp0
chr20	46958745	46971687	434d3cac-fc9c-4d20-8735-28d2a5c05bfb	46951731	46992360	rev	12837	0.018813	right	OV3_Cisp0
chr20	51039392	51050437	b78574c1-9ab5-4007-9fc4-01a41488012f	51007213	51050443	fwd	11028	-3	right	OV3_Cisp0
chr20	51742255	51750325	c9454c4a-44a2-482f-8569-eab36e243ad1	51742248	51750330	fwd	8089	-3	right	OV3_Cisp0
chr20	52131528	52145788	20060a2a-4a17-40c4-9459-86030f9b3d73	52131521	52145983	fwd	14296	-3	right	OV3_Cisp0
chr20	54708684	54729651	1a83c17b-1e35-44af-b38e-ab2553c4dd01	54708680	54729668	fwd	20903	-3	right	OV3_Cisp0
chr20	56672716	56691081	8d7912ab-cabe-49a0-8708-675a8436197c	56671943	56699015	fwd	18221	0.026262	right	OV3_Cisp0
chr20	58314586	58328396	38225a6b-b957-4cfb-9ad9-aae1fe464be4	58303234	58328402	fwd	13727	-3	right	OV3_Cisp0
chr20	58566696	58581346	0ece3bf6-30b6-406f-b5c5-cc1617478022	58566691	58581351	rev	14482	-3	right	OV3_Cisp0
chr20	58624526	58630919	ac672e4f-151d-4272-83b1-e40be769e6b3	58624520	58649428	fwd	6392	-1	right	OV3_Cisp0
chr20	63185139	63191094	17544ad3-8cac-45fc-bf78-7aeb83a2edd7	63179806	63191107	rev	5948	-3	right	OV3_Cisp0
chr21	7939817	7945067	d2e01e7a-4153-41cb-b696-213b5bd63568	7939810	7955850	fwd	5321	-3	right	OV3_Cisp0
chr21	7947041	7957623	8aa91d35-d4b5-4a5e-8bbb-cf2528fdcf05	7945826	7959117	rev	10626	-3	right	OV3_Cisp0
chr21	10560514	10568657	8bbde8db-1fcd-41ca-915d-0f8563fad0c4	10533283	10568664	fwd	8079	-3	right	OV3_Cisp0
chr21	13002876	13015304	398c3828-ee37-4313-a329-e57228c87212	12992228	13015310	fwd	12391	-3	right	OV3_Cisp0
chr21	15263917	15273433	e12452e8-342a-4c5f-9907-b5c2cd10607f	15261760	15273442	fwd	9502	-3	right	OV3_Cisp0
chr21	17440900	17447205	b2c575af-32b9-4aa1-8146-f8568457a627	17431894	17447210	rev	6288	-3	right	OV3_Cisp0
chr21	18717470	18733284	16e9b025-f7ea-450b-bdfb-2874450b124a	18717464	18736362	rev	15694	-3	right	OV3_Cisp0
chr21	20003408	20027875	fa15160d-ab9f-4528-ae3d-c81eb18f5741	19966062	20029160	rev	24429	-3	right	OV3_Cisp0
chr21	22257432	22262372	ec020972-bb1c-4e78-974e-1cf0b574c403	22222937	22262386	fwd	4962	-3	right	OV3_Cisp0
chr21	23249327	23258915	afab4d21-ea45-4c81-85c9-2ec2a026bc49	23225278	23262147	fwd	9541	-3	right	OV3_Cisp0
chr21	23487120	23496250	9ad1752a-835b-44ea-b71c-38c921197ff2	23484233	23496257	fwd	9098	-3	right	OV3_Cisp0
chr21	25021373	25035578	66b3598a-1902-4bdd-9ec8-284e28ee75de	24986163	25035583	fwd	14129	-3	right	OV3_Cisp0
chr21	25373225	25376639	aa82b9ed-9c86-4d9a-96bf-af30be5c398a	25365742	25380513	fwd	3393	-3	right	OV3_Cisp0
chr21	25411467	25424155	0f1d6c24-e686-419d-aead-f1401a5504da	25409946	25424162	rev	12596	-3	right	OV3_Cisp0
chr21	26294398	26307939	01d825a6-ca3d-4ae1-a423-4296d8358590	26285158	26319536	fwd	13505	0.00389	right	OV3_Cisp0
chr21	28816463	28822743	60584e6d-cf7b-4d48-b47a-3db9a9123e84	28805053	28822747	rev	6251	-3	right	OV3_Cisp0
chr21	29524958	29536276	dc54019b-1fc7-4926-b31d-8dd205203ebb	29524953	29536281	fwd	11263	-3	right	OV3_Cisp0
chr21	32155149	32162946	aca1770b-a01d-4f0e-8d6c-b9f4b7a4c70b	32150745	32162954	rev	7781	-3	right	OV3_Cisp0
chr21	34347864	34365402	71298c67-50d7-4d4d-96cf-16b41ef945d9	34347859	34372737	fwd	17482	-3	right	OV3_Cisp0
chr21	38528757	38535324	7a0d7191-8025-4981-8bb4-713ba16d0735	38522415	38535332	fwd	6553	-3	right	OV3_Cisp0
chr21	41858240	41868272	61bdaf96-9288-4c96-89f4-4b875059f765	41858223	41868278	fwd	9938	-3	right	OV3_Cisp0
chr22	12536578	12549793	492c2a7a-62cc-4f9c-8ebc-d9c50477a610	12513713	12552153	fwd	13205	-3	right	OV3_Cisp0
chr22	18128664	18135837	b16bdce6-42ca-4aec-953e-2c4b69689816	18091039	18135842	rev	7181	-3	right	OV3_Cisp0
chr22	20459947	20464658	317fa5f6-863e-48aa-b519-f8f89a3cc3bf	20453459	20464662	rev	4672	-3	right	OV3_Cisp0
chr22	24258211	24268058	b23de90f-1ccc-4375-bece-7d125f87c3f8	24250564	24268971	fwd	9805	-3	right	OV3_Cisp0
chr22	27150412	27159104	04fa4f62-1031-44b5-a7ac-e34c1ba3ec7b	27150406	27159115	rev	8625	-3	right	OV3_Cisp0
chr22	28888962	28897900	70a8c8ec-d0da-41e7-bd09-967c96d0b210	28864153	28897905	rev	8909	-3	right	OV3_Cisp0
chr22	29823422	29833198	8c250ea4-cfdc-430d-a617-1fbe7f36904e	29820631	29833203	fwd	9698	-3	right	OV3_Cisp0
chr22	30288473	30291929	ee855428-04f3-419d-8dbc-5c4f4183e250	30287185	30296328	fwd	3454	-3	right	OV3_Cisp0
chr22	41954964	41964891	72e41d12-462c-4ca0-9feb-1a7931f2c610	41954959	41973375	fwd	9895	-3	right	OV3_Cisp0
chr22	46196787	46211760	f467405e-36de-4ebb-8b4f-4da428feb51c	46181932	46219342	rev	14915	-3	right	OV3_Cisp0
chr3	5913321	5922173	9bda739b-2c9f-46f3-a7ef-31eb4f51695c	5855589	5922900	rev	8834	-3	right	OV3_Cisp0
chr3	7062137	7080415	1adec403-2f6a-4f0d-8ea8-e70cfa261a36	7062124	7081494	fwd	18132	-3	right	OV3_Cisp0
chr3	11300976	11308444	652fb623-416c-4f16-9614-6106d495d3ac	11300928	11308452	rev	7421	-3	right	OV3_Cisp0
chr3	12213789	12221278	4019fde4-5a51-43a7-9739-c68de2b8bec1	12209667	12222157	fwd	7468	-3	right	OV3_Cisp0
chr3	12922803	12929636	ad975a0e-10d1-4297-b065-a0e9dd4d31b1	12919598	12929647	rev	6843	-3	right	OV3_Cisp0
chr3	13337092	13355337	1b72238e-351d-49be-9edd-19bd8039c5a8	13337078	13372190	fwd	18271	0.183584	right	OV3_Cisp0
chr3	14589790	14598064	919ba217-d27e-4336-a9eb-98cda39ff036	14589229	14598389	fwd	8294	-3	right	OV3_Cisp0
chr3	27620685	27628443	3178939a-e968-49a6-9b13-4476bdfdba82	27573926	27628848	rev	7718	-3	right	OV3_Cisp0
chr3	31178072	31193118	a3656dd2-7b51-41ce-856c-f1c8d23d010d	31177258	31196677	fwd	15009	-3	right	OV3_Cisp0
chr3	37523299	37532699	3a8b071b-e897-40c8-b656-c14e5f6458cf	37523294	37534962	rev	9346	-3	right	OV3_Cisp0
chr3	44383147	44398740	f06e8445-25a6-46a8-8435-7103d9503257	44360390	44398749	rev	15490	-3	right	OV3_Cisp0
chr3	47905492	47912100	20939b98-2687-4fd9-a979-bfa8f62eb37b	47904171	47912106	fwd	6572	-3	right	OV3_Cisp0
chr3	48871652	48880743	8c98006f-6e91-4f66-944b-b34d5c9e9f9f	48871012	48880753	rev	9058	-3	right	OV3_Cisp0
chr3	49369992	49376191	8e159ca2-cd4c-4fcb-b579-44c9158e7a34	49368474	49378595	rev	6200	-3	right	OV3_Cisp0
chr3	50282770	50294957	c39b76a9-c053-40f5-86aa-19ed759025f5	50282454	50294964	rev	12157	-3	right	OV3_Cisp0
chr3	50793003	50801221	b9c8f2f1-88a0-4b52-838d-fc2d335bba5f	50784699	50801229	fwd	8171	-3	right	OV3_Cisp0
chr3	54233336	54243424	9afa5c6c-6387-4221-a300-0264cb4e7287	54223437	54255321	rev	10038	-1	right	OV3_Cisp0
chr3	55016668	55041818	e5aae1a1-21f7-400e-b4bc-293d140225f5	55012007	55044279	rev	25087	-3	right	OV3_Cisp0
chr3	55739832	55754165	388ad0dc-6bde-4ddc-a485-0d3909bea5b6	55735004	55754170	rev	14229	-3	right	OV3_Cisp0
chr3	56753919	56760115	6db3af81-6759-4967-8e3e-19f7700f78fc	56749699	56760122	rev	6161	-3	right	OV3_Cisp0
chr3	57217778	57227579	69f32f13-9ed0-46da-99c6-01e7c58ab34b	57214693	57230213	rev	9778	-3	right	OV3_Cisp0
chr3	58628507	58632614	90c4d2b1-298b-45b8-98d0-148fe61be301	58620838	58632623	fwd	4122	-3	right	OV3_Cisp0
chr3	58917210	58934000	5a11b576-ce3a-4676-8d60-8c19d9535bc3	58898583	58934006	fwd	16724	-3	right	OV3_Cisp0
chr3	60466356	60478224	963b6309-04ec-469b-b3f4-bf047a785e07	60464509	60478231	rev	11744	-3	right	OV3_Cisp0
chr3	61821220	61836614	194e08ee-4c96-4ef9-8f62-22e922052588	61820017	61850158	rev	15291	0.621697	right	OV3_Cisp0
chr3	64531622	64538283	a2afd501-4656-4a58-bdec-bc3f86547c19	64515704	64538293	fwd	6584	-3	right	OV3_Cisp0
chr3	66953471	66964058	8f3107fb-9ed5-4e7a-a6fa-ea8500f59b37	66952341	66964062	rev	10534	-3	right	OV3_Cisp0
chr3	72177202	72183219	1bff5053-b862-420f-be8e-5f1334c42a21	72171770	72183233	fwd	5936	-3	right	OV3_Cisp0
chr3	75669173	75686685	54dea5d5-e802-421c-af1d-b0b27c32b9e4	75669070	75700101	fwd	17198	0.858462	right	OV3_Cisp0
chr3	75697489	75704802	24f68776-a1cf-404c-a9fc-47688b1edf6b	75679066	75706575	rev	7258	-3	right	OV3_Cisp0
chr3	76836567	76843515	4b6b36fc-696a-410d-bce8-dde9289e49c7	76828529	76843520	rev	6928	-3	right	OV3_Cisp0
chr3	77269841	77278371	86d84d39-55ac-4d14-9d0b-4d4f6831e508	77238493	77278377	fwd	8501	-3	right	OV3_Cisp0
chr3	77321024	77331305	e3342d33-1518-4d87-a24a-68eac1182051	77314140	77331309	rev	11178	-3	right	OV3_Cisp0
chr3	79249349	79254839	f20b4878-8ee6-412b-be2d-2e47e37a9884	79233962	79254849	fwd	5467	-3	right	OV3_Cisp0
chr3	79779649	79787892	322322e0-6392-4128-926c-2e647b67ee1b	79773501	79787897	fwd	8233	-3	right	OV3_Cisp0
chr3	82180457	82187411	1888b6a9-d6a1-4916-99b9-59db3546563a	82171285	82187415	rev	6948	-3	right	OV3_Cisp0
chr3	82373465	82382184	6062cc3f-99c8-4804-a884-7c41ca57dad0	82353156	82382194	rev	8661	-3	right	OV3_Cisp0
chr3	87149406	87152029	4897abd1-3e54-4c69-b37f-75a253999f3f	87145364	87158041	fwd	2623	-1	right	OV3_Cisp0
chr3	88262891	88276307	7975fe38-6489-4c77-808f-832aded8fc2c	88257682	88276313	fwd	13297	-3	right	OV3_Cisp0
chr3	90236836	90261186	f06b5237-9332-4c21-9258-77419e506dbe	90235377	90265107	fwd	24119	-3	right	OV3_Cisp0
chr3	104598537	104610673	0ad25ad0-ec89-4fb0-a27c-821d8e07cf7f	104587550	104616737	fwd	12055	-3	right	OV3_Cisp0
chr3	106104112	106111116	1e1d35de-a8ce-4366-ac5d-7802d9538451	106104097	106117798	fwd	5884	-1	right	OV3_Cisp0
chr3	106315550	106323422	7ba58c15-18e5-4551-abc0-6cf930706061	106311867	106323428	fwd	8012	-3	right	OV3_Cisp0
chr3	106907717	106914220	53137ac3-8d62-49a4-a2b1-5b0eb1bdbb1b	106903245	106914227	fwd	6463	-3	right	OV3_Cisp0
chr3	108764063	108772909	f2749849-e864-43eb-945a-013ca9a2f582	108757064	108772932	rev	8801	-3	right	OV3_Cisp0
chr3	111295241	111314681	5c420a2a-b767-4b12-adf2-1120948b4402	111295237	111330039	fwd	19418	0.068209	right	OV3_Cisp0
chr3	112263153	112269049	da5d1657-e9ec-4c25-80dc-55aa563d06e8	112252486	112269054	fwd	5873	-3	right	OV3_Cisp0
chr3	113571279	113587525	71ae6211-5950-4130-85b8-b8b052d57de3	113561204	113587530	fwd	16153	-3	right	OV3_Cisp0
chr3	115423865	115438713	a0370fe1-1a79-4a54-b3fb-aa1b97ee0672	115423859	115442217	rev	14813	-3	right	OV3_Cisp0
chr3	115747401	115762957	c56ab660-500a-421a-a7f2-ed44e090d15d	115747397	115763893	fwd	15532	-3	right	OV3_Cisp0
chr3	117303832	117318643	b40738b3-5fa9-4bbe-9e54-16aff0c0de6a	117303828	117318649	fwd	14707	-3	right	OV3_Cisp0
chr3	117610865	117644629	f24a2afd-0879-46f9-b035-61300cca27d0	117610554	117645122	fwd	33476	-3	right	OV3_Cisp0
chr3	120149498	120160839	ff0254c9-cb7f-4001-8bc1-081eca5265b2	120143798	120160844	fwd	11326	-3	right	OV3_Cisp0
chr3	120818134	120830146	0446e0ad-9659-4b73-8bda-e1276b1896b9	120816544	120830151	fwd	11939	-3	right	OV3_Cisp0
chr3	122593442	122608164	f3e03a4e-814f-4997-94e4-0747115a1370	122593426	122621045	rev	14689	0.090287	right	OV3_Cisp0
chr3	124358041	124371890	f7a057c2-57c4-4291-9ec1-a205ff195d5b	124356083	124371895	fwd	13193	-3	right	OV3_Cisp0
chr3	125997685	126017134	7d7af287-83a9-4c3c-9a78-19c25dfcfe3d	125995531	126020260	fwd	19434	-3	right	OV3_Cisp0
chr3	126099201	126115390	f2145d96-1796-467c-90d6-ad81e121ebe9	126091354	126115398	rev	16188	-3	right	OV3_Cisp0
chr3	126153053	126163873	7046acc3-ef12-4253-a746-de20c97735d9	126143712	126166889	rev	10779	-3	right	OV3_Cisp0
chr3	126349789	126364046	f779c0a0-364a-4e7b-9089-ecdf79ce44a8	126348931	126374957	fwd	14301	0.561191	right	OV3_Cisp0
chr3	126596624	126610547	1b598cee-9a25-4156-bda5-ccaa107627f9	126596620	126611591	fwd	13809	-3	right	OV3_Cisp0
chr3	132244732	132262692	6347638b-f220-4d9f-8981-82e87c0f64ba	132204708	132262700	fwd	17831	-3	right	OV3_Cisp0
chr3	139107995	139115333	0080fe54-5158-4537-afce-10ee32397e10	139102457	139116451	rev	7410	-3	right	OV3_Cisp0
chr3	140636343	140647220	b1153ade-51e3-428b-accc-3b5de0f92004	140634559	140650364	rev	10823	-3	right	OV3_Cisp0
chr3	140938048	140952241	b0dfaaa3-a65f-4da8-b98f-c0135b8f0f73	140938042	140953244	fwd	14053	-3	right	OV3_Cisp0
chr3	142948635	142957548	ba2197b5-1f2f-48e5-8623-dc2bc0b6342b	142917766	142957552	rev	8887	-3	right	OV3_Cisp0
chr3	143849972	143862812	cd7c696f-ebce-45e5-a0d3-52aa57582d8c	143841084	143862819	rev	12758	-3	right	OV3_Cisp0
chr3	147917420	147926154	b8959936-267f-41c5-bd30-c666c6883ac6	147916527	147932204	fwd	8682	-1	right	OV3_Cisp0
chr3	149452352	149468217	f348dd48-e689-4f86-80fc-4e810a3955e0	149440195	149468758	rev	15751	-3	right	OV3_Cisp0
chr3	152761622	152778218	2aa740d2-6baf-4a98-9a77-5454fca17e7b	152742453	152779930	rev	16558	-3	right	OV3_Cisp0
chr3	157274264	157279362	8c53acda-dd4f-4fb0-9a17-48a8d0028315	157267246	157279882	rev	5091	-3	right	OV3_Cisp0
chr3	160528483	160544311	7f0aaeb8-9374-4957-91f5-5a0a33cd9b18	160525733	160562951	rev	15744	0.085932	right	OV3_Cisp0
chr3	161089995	161103924	054a773d-6157-4b25-a5c1-f144c26432f4	161089989	161106857	rev	13841	-3	right	OV3_Cisp0
chr3	161278876	161289307	2919354e-c8d9-454d-8672-7a41b17e0a17	161278466	161289314	rev	10392	-3	right	OV3_Cisp0
chr3	163143277	163152979	ba8a46a8-4487-4fd3-8e70-6c721c4ac0b2	163127936	163156374	fwd	9673	-3	right	OV3_Cisp0
chr3	163504498	163513985	49726732-0814-4dcf-b66f-f15302b95846	163483959	163513990	rev	9452	-3	right	OV3_Cisp0
chr3	166320844	166343454	40bbd6b7-16f2-4da6-adca-2b7396e78350	166320146	166395420	rev	22586	0.101819	right	OV3_Cisp0
chr3	166380765	166386502	40bbd6b7-16f2-4da6-adca-2b7396e78350	166320146	166395420	rev	5702	0.633879	right	OV3_Cisp0
chr3	172355781	172383855	8ea447b0-8a10-4e48-8e6a-7e3bd536468d	172355769	172383863	rev	28014	-3	right	OV3_Cisp0
chr3	172605303	172613189	d34cb3c7-8282-4697-bc17-0ce0b0d3a0c5	172592641	172613194	fwd	7777	-3	right	OV3_Cisp0
chr3	172690812	172698843	bd95de87-def6-495c-aae4-4d1723dc4ebd	172679291	172698970	fwd	7991	-3	right	OV3_Cisp0
chr3	173271492	173281609	35bf3e57-311b-449b-9500-140c96add55e	173266691	173281620	rev	10107	-3	right	OV3_Cisp0
chr3	174354895	174366479	2ce14d2a-167f-43c4-807f-b3e4944dcbe6	174344865	174366484	rev	11525	-3	right	OV3_Cisp0
chr3	174904312	174919121	0638e53c-61e2-47ab-aca5-ce4405431c00	174894506	174919460	rev	14775	-3	right	OV3_Cisp0
chr3	177996074	178002163	6c67e3a5-5ca0-4d41-887a-9e1f416f5967	177996068	178006009	rev	6096	-1	right	OV3_Cisp0
chr3	178976150	178988410	fb1a5942-0a81-4908-9cc1-f6797faffaa4	178974954	178989930	fwd	12221	-3	right	OV3_Cisp0
chr3	180349670	180377409	6eaaa71c-f48a-4665-a2ca-56baaf174b30	180341382	180379192	rev	27754	-3	right	OV3_Cisp0
chr3	185562495	185583776	7b50bdb7-2a6a-4fa5-b451-1ea52e779a64	185551594	185590730	fwd	21117	-3	right	OV3_Cisp0
chr3	187003999	187010747	d85910de-fd8a-4f60-a349-976f73360c00	186981916	187010756	fwd	6736	-3	right	OV3_Cisp0
chr3	190672402	190686249	7fea5d3b-fefb-4cfe-a42d-50604dd85876	190668712	190686313	rev	13666	-3	right	OV3_Cisp0
chr3	190848514	190860656	c7e3a4b4-645e-419e-8e59-d263bb186e4b	190845012	190860746	fwd	12116	-3	right	OV3_Cisp0
chr3	194875957	194890776	ccd8af93-075b-4954-a264-3c2a3e986a9b	194875952	194898193	rev	14767	-3	right	OV3_Cisp0
chr3	195844877	195852028	cf69607c-d04e-4204-8e97-739ec8474027	195835596	195852033	rev	7102	-3	right	OV3_Cisp0
chr4	4945922	4953508	1d963d59-a12d-4744-9943-0768599570df	4940503	4954832	rev	7607	-3	right	OV3_Cisp0
chr4	10921268	10932656	a182768f-8484-458c-a3c9-f54ca604c444	10900751	10934938	rev	11322	-3	right	OV3_Cisp0
chr4	12314000	12324598	9bceb44f-723d-400f-9c2e-c03f6206a8f4	12312247	12328707	fwd	10558	-3	right	OV3_Cisp0
chr4	12926779	12935603	9a6221f0-52d9-4832-8ca7-b478d39506e3	12926090	12935621	rev	8746	-3	right	OV3_Cisp0
chr4	14295966	14308288	ac45027f-f554-4809-8558-7b76d2251633	14288156	14311115	fwd	12280	-3	right	OV3_Cisp0
chr4	14660153	14672132	88cc0505-b202-4bce-bd58-f758be05d8b1	14640469	14672138	fwd	11979	-3	right	OV3_Cisp0
chr4	18892309	18919174	d478cc99-74ee-49e4-b03e-c8d81ef40c12	18892302	18921316	rev	26536	-3	right	OV3_Cisp0
chr4	20338465	20347495	a5a78879-9c6b-42b9-93e1-641ac5e01eee	20332506	20347505	fwd	8948	-3	right	OV3_Cisp0
chr4	21019199	21036770	089f8f23-ea48-42d2-a6bb-f9162b9826ae	21008782	21036998	rev	17470	-3	right	OV3_Cisp0
chr4	28912581	28920698	e9a0ce85-c347-4ab3-90b2-e84d688d62aa	28912576	28921513	rev	8113	-3	right	OV3_Cisp0
chr4	36929744	36936191	f3bfe680-0d3a-4319-98e9-57f9e381d0db	36924310	36936199	fwd	6435	-3	right	OV3_Cisp0
chr4	38833711	38845209	71d93b3e-7b27-4102-812a-e1af250d532c	38828214	38846839	fwd	11396	-3	right	OV3_Cisp0
chr4	49131220	49145237	61f7b1f1-7e93-4f56-bb3d-3c8c452c31da	49100735	49156637	rev	3377	0.619617	right	OV3_Cisp0
chr4	49118978	49121936	d24b7e15-b2d3-494c-b39c-c13f689488f4	49111601	49143536	rev	2047	-1	right	OV3_Cisp0
chr4	49126760	49132276	d24b7e15-b2d3-494c-b39c-c13f689488f4	49111601	49143536	rev	2682	-3	right	OV3_Cisp0
chr4	49127187	49130176	d9a89cba-8326-4220-beb7-1428d27be158	49117434	49152864	fwd	3016	-1	right	OV3_Cisp0
chr4	49205056	49217319	5ada2ac9-31e2-4304-a50e-4445bb0a43fc	49205051	49217639	fwd	12237	-3	right	OV3_Cisp0
chr4	49636899	49642388	e0f2f26d-8a20-48c1-8043-b16f3a7728b6	49634725	49642393	fwd	2462	-3	right	OV3_Cisp0
chr4	49647942	49651312	9590c999-c4db-4001-8a4b-bdb1caaa02e4	49643912	49658098	fwd	4801	-1	right	OV3_Cisp0
chr4	57339349	57352368	25509818-7096-430d-8bb8-568d500c23ef	57338515	57372305	fwd	13035	0.055912	right	OV3_Cisp0
chr4	62255608	62264956	df55aa91-5684-4698-9576-ddbe382c0fa8	62251198	62264972	fwd	9277	-3	right	OV3_Cisp0
chr4	69044291	69052466	6e2e7ffb-2aeb-45cb-85bb-a1efdaff625a	69041104	69052471	rev	8246	-3	right	OV3_Cisp0
chr4	69878472	69902307	e5ade9d7-02dc-4fc4-a66d-bcdcfc5d21f9	69865475	69902855	fwd	23720	-3	right	OV3_Cisp0
chr4	72192183	72197144	a075526a-2923-4853-a5ae-a2fec59343e4	72189221	72197149	rev	4926	-3	right	OV3_Cisp0
chr4	72909357	72922956	f4bb2745-d2c9-4b8b-866f-89a11d27536e	72902567	72922961	rev	13451	-3	right	OV3_Cisp0
chr4	78712648	78726207	dab8c191-e2b1-4042-b30f-7f920db0e04f	78712641	78727243	fwd	13535	-3	right	OV3_Cisp0
chr4	78786819	78802527	a22bb4ed-7d77-4c75-bd66-c5211fa6a5a3	78775347	78803093	rev	15620	-3	right	OV3_Cisp0
chr4	80585992	80592654	a53edadc-1780-4cf2-bb89-00656e73a30e	80573933	80592660	rev	6639	-3	right	OV3_Cisp0
chr4	86365836	86375341	dd94b71c-4eca-40c5-9c84-a54f74ded1ec	86362162	86375352	fwd	9497	-3	right	OV3_Cisp0
chr4	88957322	88975417	e40a5ee4-380f-444b-8bd2-bf36b4d0cf0d	88957031	88976759	fwd	17998	-3	right	OV3_Cisp0
chr4	96542635	96554019	95c270bb-0d50-4520-90ac-918e260685e4	96540229	96554023	rev	11351	-3	right	OV3_Cisp0
chr4	96804846	96823507	563943d8-41ac-408b-87a8-a967cbfd35b4	96802651	96824095	rev	18536	-3	right	OV3_Cisp0
chr4	97576728	97598401	b23953d3-8bac-427a-8aee-f94e0adfae40	97575418	97617182	rev	21605	0.177445	right	OV3_Cisp0
chr4	102324306	102335840	6f03aef2-54fa-4acc-a121-b21aec14a203	102324301	102335847	rev	11456	-3	right	OV3_Cisp0
chr4	106541873	106563831	2483b9ea-9535-4487-b905-b97745f9f65f	106541865	106564754	fwd	21828	-3	right	OV3_Cisp0
chr4	109669771	109674993	10925959-b4d4-488d-9850-8b8616e4c820	109656780	109687527	rev	5208	0.923308	right	OV3_Cisp0
chr4	110140055	110162652	6943e345-dbc8-4d15-bf65-7443f129bcff	110137508	110162656	rev	22444	-3	right	OV3_Cisp0
chr4	112478788	112485783	06de921e-09af-48be-8daf-d6eadc5a255a	112476406	112485801	fwd	6961	-3	right	OV3_Cisp0
chr4	114393173	114403844	d1f63565-fe5a-4d82-9646-259b772549d0	114388075	114405235	rev	10598	-3	right	OV3_Cisp0
chr4	121899711	121912256	5e4bb776-aff9-49db-b2ed-5467bc992141	121889963	121912261	fwd	12488	-3	right	OV3_Cisp0
chr4	123414524	123428040	587ab17e-ac0d-49cd-81c6-3dd806433e86	123406959	123428044	rev	13450	-3	right	OV3_Cisp0
chr4	140034550	140040320	f1c7f227-6602-4656-8061-f293c85257e6	140034546	140040332	fwd	5764	-3	right	OV3_Cisp0
chr4	140214080	140228901	207a6d2a-5865-4205-973a-a95bb8c62fcd	140214072	140228917	fwd	14498	-3	right	OV3_Cisp0
chr4	141098004	141106857	77a2d4e5-0630-4705-9257-822b5d664560	141068693	141106864	fwd	8798	-3	right	OV3_Cisp0
chr4	145392359	145400352	bc75ef09-d540-42b6-babf-770b3dcda150	145384305	145400358	fwd	7994	-3	right	OV3_Cisp0
chr4	146460669	146473948	c1bbc869-449e-40fb-a0c4-4f10f67e0039	146457636	146473954	fwd	13236	-3	right	OV3_Cisp0
chr4	146473962	146484515	29972594-79a4-4796-8e0c-3c48edadf4a4	146463368	146484520	rev	10443	-3	right	OV3_Cisp0
chr4	148047866	148059922	2a381b20-61aa-42d3-b9bf-0f091b5f0b0c	148046792	148059928	rev	11998	-3	right	OV3_Cisp0
chr4	154834933	154850007	2c8aad6d-e6dc-4335-a25b-57b1e60f612f	154831798	154850254	rev	15058	-3	right	OV3_Cisp0
chr4	156750549	156764047	2265e983-9ab3-4c36-b224-fcee0d6015f7	156750541	156764051	rev	13145	-3	right	OV3_Cisp0
chr4	158482905	158507869	4d0d7249-0688-4aac-8bc3-95e8c2bad55b	158471614	158514094	rev	24811	0.093166	right	OV3_Cisp0
chr4	159563600	159572015	9ae6ccda-6259-45a9-b769-708d5178304d	159555922	159572671	fwd	8371	-3	right	OV3_Cisp0
chr4	159732529	159744156	16b6d400-ab7e-4192-bcc8-b3f931fc8080	159730858	159744170	fwd	11569	-3	right	OV3_Cisp0
chr4	160368393	160375961	8a980ab5-ffba-4025-ab62-b224e446d688	160362369	160375973	rev	7565	-3	right	OV3_Cisp0
chr4	166187850	166195437	2c859f38-8d43-481f-b5bd-890381bb1eb8	166187833	166198396	fwd	7573	-3	right	OV3_Cisp0
chr4	166413775	166419121	e1351efa-5d98-4fae-9352-6004e4fbf490	166396128	166419431	rev	5634	-3	right	OV3_Cisp0
chr4	170087167	170095884	22a3caa7-f6d1-4154-9852-b35641bf9749	170070157	170095891	fwd	8669	-3	right	OV3_Cisp0
chr4	176659483	176672464	a25c5e56-ae18-40a1-891d-67c939d73627	176646495	176672473	fwd	12957	-3	right	OV3_Cisp0
chr4	177282389	177305492	fc77108e-3cb8-4acc-90a8-1ccc5a498096	177282384	177307408	fwd	23014	-3	right	OV3_Cisp0
chr4	177890494	177897242	52520da9-4a47-4d65-b177-603026d28e7b	177863179	177898018	rev	6740	-3	right	OV3_Cisp0
chr4	178237573	178243811	a535e148-8394-4870-b00c-6f30cb5636c6	178234067	178243815	rev	6238	-3	right	OV3_Cisp0
chr4	181840702	181849112	9c46cc78-ebc1-4875-bd64-9ea9b8f50ac9	181835086	181849400	fwd	8423	-3	right	OV3_Cisp0
chr4	182035364	182043323	72085a94-ed4f-4c2c-9353-24a059265b41	182029618	182044092	fwd	7670	-3	right	OV3_Cisp0
chr4	185124759	185137934	f5287d78-6b40-4073-87af-1d088f58a22b	185123557	185137942	fwd	13091	-3	right	OV3_Cisp0
chr4	187229156	187242906	ef1ef889-3062-4258-a3fd-67a5baadd8ee	187227081	187265364	rev	13669	0.211176	right	OV3_Cisp0
chr4	187426363	187450445	74372f43-c630-4713-9e51-0d6d7c9c21d8	187421087	187452645	fwd	24310	-3	right	OV3_Cisp0
chr4	187498409	187512704	09017d81-af66-4b9d-a2d6-c8ef03c4dd14	187492346	187516230	fwd	14178	-3	right	OV3_Cisp0
chr5	2268468	2281010	8332b278-194a-4c76-82f8-fe62195e21cf	2265415	2281026	rev	12476	-3	right	OV3_Cisp0
chr5	2798392	2813563	7daec24e-d862-4120-b2dc-b1de51515dc2	2798381	2813843	fwd	15054	-3	right	OV3_Cisp0
chr5	12139711	12151386	080f8d57-0fef-4732-bf04-166ce1be15d4	12138908	12151394	rev	11642	-3	right	OV3_Cisp0
chr5	14773666	14789877	23f31ed0-e180-4948-a782-db45dd55b33c	14773660	14789884	rev	16079	-3	right	OV3_Cisp0
chr5	15521085	15537681	b57b457a-b8dd-4437-b270-1f6d38913744	15521079	15537686	rev	16510	-3	right	OV3_Cisp0
chr5	17818676	17826925	11e921e8-8450-4438-9b4f-57f2c8b059d1	17818666	17826929	rev	8220	-3	right	OV3_Cisp0
chr5	20955560	20974958	67773047-8b0a-4e4c-b983-d83430231ba8	20945673	20977035	rev	19393	-3	right	OV3_Cisp0
chr5	21370887	21382883	21f2f262-e2d3-4e02-89be-f596decaa4ff	21370881	21382920	rev	11953	-3	right	OV3_Cisp0
chr5	22490535	22501022	1d4869aa-b8fe-412a-aa05-27ee628d61c1	22464002	22515028	fwd	10484	-1	right	OV3_Cisp0
chr5	27655387	27673012	a8dc16df-dc1b-4bb7-82ef-fde682f311f4	27643938	27674310	fwd	17608	-3	right	OV3_Cisp0
chr5	32409260	32420372	d79417d7-8791-4f5d-8812-4d8c927cb9ea	32409252	32420984	fwd	11106	-3	right	OV3_Cisp0
chr5	34746759	34760879	3b45b5af-278d-4edb-b317-91ae148cf5c5	34728625	34763065	fwd	14027	-3	right	OV3_Cisp0
chr5	37053467	37073748	67c5371f-1b63-4b9f-9a90-4d574c2974ca	37046744	37076578	rev	20186	-3	right	OV3_Cisp0
chr5	37156660	37168882	a482c8e7-3c4a-4877-8ad8-11adae0deb34	37156655	37168888	fwd	12179	-3	right	OV3_Cisp0
chr5	37435409	37451348	c940f454-56d0-41b9-b608-c4e22ed64fd4	37435261	37459043	fwd	15797	0.165705	right	OV3_Cisp0
chr5	38765686	38772319	495c9f09-ea98-4a77-873c-69eb4b1d4d45	38761544	38772340	fwd	6651	-3	right	OV3_Cisp0
chr5	39350430	39358639	d3005f96-4e62-4017-8218-269e09d0b1f4	39346928	39358950	fwd	8222	-3	right	OV3_Cisp0
chr5	41590189	41601481	8be13bc4-a628-41ff-bd2e-abab731a0d4c	41571004	41619378	rev	11248	0.644044	right	OV3_Cisp0
chr5	41864221	41879364	d00227ee-9757-4ca6-badf-a23a1788b7b9	41861451	41879381	rev	15124	-3	right	OV3_Cisp0
chr5	43177769	43185952	472184db-6a52-4c81-bf8e-89e35784bbc5	43174582	43185960	rev	8170	-3	right	OV3_Cisp0
chr5	43589214	43597637	ed9cc195-49cb-4db4-945d-695fdc68a40b	43589062	43597643	fwd	8400	-3	right	OV3_Cisp0
chr5	45689942	45703734	91b4a13b-c3f5-40a8-a0d2-9684f31f42b4	45686902	45703738	rev	13705	-3	right	OV3_Cisp0
chr5	51254808	51261609	72714618-55e1-4976-ba94-fef5dc6a5569	51251594	51261615	fwd	6780	-3	right	OV3_Cisp0
chr5	53036737	53052423	a35465e5-0895-4a95-88af-c0ceb7a3dea3	53031890	53052427	rev	15561	-3	right	OV3_Cisp0
chr5	53382124	53389869	974b8b05-cf9e-44d7-9eee-3ce77aee5c02	53369638	53389874	rev	7666	-3	right	OV3_Cisp0
chr5	54730062	54743695	67074bb6-d335-45a2-a800-7fe7bfa0b09f	54730056	54745592	rev	13491	-3	right	OV3_Cisp0
chr5	54706781	54722813	5b479c60-6bd3-4c73-8f0a-dce81378fea0	54693072	54749167	fwd	15926	0.256934	right	OV3_Cisp0
chr5	61707359	61719390	ed871921-2dca-4de6-afb7-3608fa5bba12	61690737	61719411	fwd	11966	-3	right	OV3_Cisp0
chr5	80662828	80673070	a63fa8d8-3031-4623-9ba2-af694fba1ca5	80651785	80674211	rev	10232	-3	right	OV3_Cisp0
chr5	82378355	82393532	5e55dd60-8fcd-421a-b249-d9c326c2b68c	82378350	82397537	fwd	15162	-3	right	OV3_Cisp0
chr5	86022101	86034284	1e5ce467-0fb6-43fb-b158-fc68a5e3d461	86013107	86035208	rev	12184	-3	right	OV3_Cisp0
chr5	88845326	88852355	152b6ed2-1454-41f7-a869-cc09ddcfa2c3	88840806	88852360	fwd	7034	-3	right	OV3_Cisp0
chr5	89508832	89519670	a5fb4ea6-c362-4ae6-99c1-bf5ae6e85f5f	89502581	89520615	rev	10796	-3	right	OV3_Cisp0
chr5	90611370	90620620	97ea3633-ef2c-4e91-a055-c4a45a56f3dc	90590297	90655714	fwd	9213	0.239361	right	OV3_Cisp0
chr5	91400253	91407929	42199ab1-0fc3-4235-beb8-f8c30887bb42	91400193	91408327	rev	7617	-3	right	OV3_Cisp0
chr5	95749038	95759106	50463081-ed90-4bf5-abd5-04be4cc5c5b6	95749033	95759116	fwd	10017	-3	right	OV3_Cisp0
chr5	100108936	100117376	17d8de59-4783-4a11-a6ee-6a53a67ff085	100090527	100117383	fwd	8402	-3	right	OV3_Cisp0
chr5	100161736	100173988	19b911ba-ef3b-4466-a90b-ccab419febd8	100154487	100173992	rev	12199	-3	right	OV3_Cisp0
chr5	104219859	104227465	e303e8e1-bf45-448f-95f2-df59faf73a9b	104201733	104227531	fwd	7587	-3	right	OV3_Cisp0
chr5	109731910	109744393	7e913d1a-998d-4640-97b2-a11e0ed4aef7	109726631	109744398	rev	12492	-3	right	OV3_Cisp0
chr5	111557793	111581359	d0b508c6-1b05-4d21-9c16-03baafd80ce1	111557786	111586340	fwd	23435	-3	right	OV3_Cisp0
chr5	117465265	117482495	073c8bd5-b1d8-4d56-aa64-a00a16b06dcc	117450498	117482661	fwd	17062	-3	right	OV3_Cisp0
chr5	117769357	117782149	da0c7b57-27e2-4ba6-8321-918265fc503a	117764757	117785233	rev	12745	-3	right	OV3_Cisp0
chr5	121332925	121352468	22c67831-fd7d-4085-bf25-76c17742acde	121317288	121358058	fwd	19449	-3	right	OV3_Cisp0
chr5	129307858	129320456	b7a2efbe-2356-4ae6-b56c-4f9f47087582	129301631	129325542	rev	12611	-3	right	OV3_Cisp0
chr5	132732674	132743553	e9061652-77db-4943-8693-6ca51a29d857	132731013	132753873	fwd	10879	0.665386	right	OV3_Cisp0
chr5	136750237	136765421	17612288-6ed6-4897-bebf-450082c8c96f	136743984	136766562	rev	15140	-3	right	OV3_Cisp0
chr5	143183136	143197965	e8fb3b4d-c5c2-473a-8a70-3f26e513f3db	143183129	143207408	rev	14757	0.181724	right	OV3_Cisp0
chr5	149792172	149801995	07045eeb-4dd7-4c8c-827a-73ef048f0f07	149766581	149802013	fwd	9765	-3	right	OV3_Cisp0
chr5	152179178	152190727	9d93e611-7519-490d-9fe7-fe6c19196420	152179169	152190732	rev	11512	-3	right	OV3_Cisp0
chr5	159390532	159404454	c0ca3d67-2608-4473-8632-20471fdaaa89	159384109	159404459	fwd	13954	-3	right	OV3_Cisp0
chr5	164638355	164648546	72353df8-a869-401f-906d-180b28ed62e7	164628007	164648573	rev	10072	-3	right	OV3_Cisp0
chr5	164838367	164846510	ce45973d-dc34-4c3f-9fae-3cb2fea2ddfd	164838362	164848557	fwd	8105	-3	right	OV3_Cisp0
chr5	170643739	170654001	929d80df-91e3-4490-a455-eb64b744e971	170636045	170656760	rev	10214	-3	right	OV3_Cisp0
chr5	174056120	174060523	5abaed00-4861-4db6-a611-95abacd2582d	174050969	174068214	fwd	4397	0.262336	right	OV3_Cisp0
chr5	175604598	175614541	b580c573-6fdb-4686-b797-80115218243b	175599784	175614547	fwd	9919	-3	right	OV3_Cisp0
chr5	178337169	178353593	1c1f8316-191f-4388-b0da-55b147ce13d7	178336083	178365399	fwd	16345	0.204567	right	OV3_Cisp0
chr5	178380560	178388752	3036fbd3-7455-4d96-8538-53d9eea84b0a	178380553	178390341	rev	8184	-3	right	OV3_Cisp0
chr5	178469704	178483422	1490243d-97c6-4668-a144-7a93fa415573	178469696	178483949	fwd	13558	-3	right	OV3_Cisp0
chr6	8160962	8167690	d3b52ead-16fc-42bc-b8a0-122d6d061b92	8160958	8167696	fwd	6717	-3	right	OV3_Cisp0
chr6	8630650	8659165	515b24dd-bd5c-4040-9e5d-be82cf851a09	8630645	8677185	rev	28394	0.658646	right	OV3_Cisp0
chr6	14502924	14521385	7e5f560f-fff2-4adc-b166-4bd67db4ce3c	14488703	14522712	rev	18350	-3	right	OV3_Cisp0
chr6	18529473	18538118	9acecfb4-7b1b-482f-8acc-c72e8b6ec8d0	18523958	18538124	rev	8563	-3	right	OV3_Cisp0
chr6	20708595	20717533	9f81dba9-e52e-435f-8a05-75170029df7c	20708590	20717545	rev	8876	-3	right	OV3_Cisp0
chr6	22970990	22978310	fdbaac07-e8e2-400d-855d-078220da3e89	22964007	22978316	fwd	7276	-3	right	OV3_Cisp0
chr6	25039195	25052974	74685b69-930f-4657-8ce7-362924f658af	25032236	25053581	fwd	13738	-3	right	OV3_Cisp0
chr6	26847340	26852041	988c9cc7-2d89-4e92-bff3-cf68569ec454	26847334	26865907	rev	4688	-1	right	OV3_Cisp0
chr6	34803997	34815500	dbd7513e-c575-426d-8ba7-2c79b856ac1f	34793566	34815508	fwd	11514	-3	right	OV3_Cisp0
chr6	36401322	36410391	651b7f6e-b978-4a78-99c3-cad605227668	36401316	36410396	rev	9043	-3	right	OV3_Cisp0
chr6	36680375	36692970	54490c18-29f0-4c73-acbd-fb70ccfbf8dc	36680365	36698014	fwd	12519	-3	right	OV3_Cisp0
chr6	48112455	48119804	2f64dfc3-7d5f-4982-a5c2-0af0b4f37975	48094352	48119809	fwd	7307	-3	right	OV3_Cisp0
chr6	49608569	49616456	c754cc74-9008-450e-b6da-6e2995fd179a	49586844	49616462	fwd	7831	-3	right	OV3_Cisp0
chr6	55351940	55361340	b93b125d-5fbe-4f96-865d-7bd7dd119c6b	55351936	55361347	fwd	9390	-3	right	OV3_Cisp0
chr6	57555174	57566515	ede527c2-7498-4852-b802-07433388320e	57546818	57566523	fwd	11270	-3	right	OV3_Cisp0
chr6	74689689	74695411	73b3162e-5b4a-48a4-ad3d-ee669821c451	74686911	74698789	rev	5698	-3	right	OV3_Cisp0
chr6	75084162	75095068	bae2ab91-6f5c-4023-8b6b-a7861b9902b1	75076955	75095073	fwd	10836	-3	right	OV3_Cisp0
chr6	83623856	83628846	2bb59ee2-07c0-4778-9f95-68b263c0f50f	83619408	83628859	fwd	4984	-3	right	OV3_Cisp0
chr6	84481053	84493854	8486dcc5-e1cc-435f-949c-da268f28e9c4	84480281	84493858	rev	12779	-3	right	OV3_Cisp0
chr6	85404143	85425115	259277d1-b418-4a2a-a28a-032941bcff74	85404135	85426520	rev	20819	-3	right	OV3_Cisp0
chr6	85529224	85551544	294b79cd-fd3d-4f9a-a124-0d56b6b8524a	85528684	85552472	fwd	22181	-3	right	OV3_Cisp0
chr6	90075098	90094438	73fa1f20-21f8-4e51-a61b-1fe590f54a20	90065738	90101961	fwd	19222	0.474128	right	OV3_Cisp0
chr6	90573757	90582608	f36136ea-c12a-4316-a674-cecea37e3ccc	90568168	90582623	fwd	8823	-3	right	OV3_Cisp0
chr6	92624465	92633112	80938786-c88a-449a-ac9b-342967dcc9bf	92611948	92633122	fwd	8539	-3	right	OV3_Cisp0
chr6	93402604	93413577	4a1a2eb4-8c4a-4c61-8cbd-a058ba72e4d2	93387664	93419116	fwd	10923	-3	right	OV3_Cisp0
chr6	98293716	98313357	cc2acf10-4efa-405b-9cab-685c48d6c25a	98293708	98313884	fwd	19590	-3	right	OV3_Cisp0
chr6	102123226	102139718	b02414b7-2bae-44f0-990a-80bc48f96722	102110709	102139722	rev	16227	-3	right	OV3_Cisp0
chr6	105520973	105531077	6a6d7807-52cc-47cf-b6d5-d825b18a343c	105515257	105531081	rev	10035	-3	right	OV3_Cisp0
chr6	106627947	106640910	69fe2d82-61d8-4ca3-a1e5-ed5acc9cab57	106588915	106640914	rev	12924	-3	right	OV3_Cisp0
chr6	110252898	110268605	ca4c3117-f25b-46ca-abe8-eb56800f61fb	110239532	110270212	rev	15458	-3	right	OV3_Cisp0
chr6	113748632	113765021	27e25e62-6d5a-4f97-ada3-d65be23b4427	113741958	113765026	rev	16328	-3	right	OV3_Cisp0
chr6	121870858	121879052	c7ef469c-85ab-47e8-b295-a97435fb0ed8	121861525	121911644	fwd	8159	-1	right	OV3_Cisp0
chr6	122206476	122221574	d4279e0f-5bf7-4c05-b078-d33289ad25a3	122206470	122221772	rev	15034	-3	right	OV3_Cisp0
chr6	122813861	122827920	d9b62e46-b1f7-4883-98ca-b33b5bc8ab1f	122813855	122827926	fwd	14019	-3	right	OV3_Cisp0
chr6	129876355	129886007	6b833286-480b-4181-821c-349d10a41d4c	129876062	129886012	fwd	9629	-3	right	OV3_Cisp0
chr6	132435998	132448952	7f6bbd11-2525-4db5-96f3-1816ff916241	132430886	132473351	rev	12883	0.980777	right	OV3_Cisp0
chr6	138344776	138353641	d0d1286a-2a46-4144-9897-ff5287d5a6d7	138343441	138353651	rev	8805	-3	right	OV3_Cisp0
chr6	145003186	145015095	b5f722db-5a11-4d81-a10c-c4db72a4c4e6	144985017	145015739	fwd	11837	-3	right	OV3_Cisp0
chr6	145484744	145488478	587b5dd4-fd3d-40b2-9e15-d1f9c7463461	145480038	145509840	fwd	3687	-1	right	OV3_Cisp0
chr6	151377322	151384544	0a716762-1b55-484d-8bf7-650a86df8633	151369903	151384550	rev	7175	-3	right	OV3_Cisp0
chr6	155138387	155149297	9f7dd7bd-b81d-4756-8310-f5f7acc14d7e	155108864	155149302	rev	10892	-3	right	OV3_Cisp0
chr6	161959105	161965509	813771b8-c77a-4a7f-94f0-3dacce7add3a	161952416	161965513	rev	6385	-3	right	OV3_Cisp0
chr6	164252150	164265350	eabf1c87-68ae-4eae-9b60-0bd075f83fea	164236155	164265354	rev	13130	-3	right	OV3_Cisp0
chr6	165716944	165730790	fb4dc9f1-faad-4cc7-852f-51d6cf0a40d0	165716939	165737557	rev	13804	0.372918	right	OV3_Cisp0
chr6	168518550	168524622	3c0093d5-4034-4bf6-a5e3-22b66e1243db	168518545	168524628	fwd	6021	-3	right	OV3_Cisp0
chr6	169502785	169515035	ef1c7149-f8db-4676-af4f-36e8a2a04611	169501961	169515088	fwd	12233	-3	right	OV3_Cisp0
chr7	2389656	2402513	38988372-2078-40bb-83f7-c8e9c418e702	2389645	2419066	fwd	12839	0.141515	right	OV3_Cisp0
chr7	19142100	19147924	1a69f5a0-cc55-4a05-acfe-ad4cd96a24cc	19132811	19147929	fwd	5794	-3	right	OV3_Cisp0
chr7	21447303	21456005	43ae0014-2366-4d40-b525-9c2e7df02c53	21441341	21472049	fwd	8542	-1	right	OV3_Cisp0
chr7	25550746	25560248	5b163bba-3bd5-4596-ab92-56480268fef1	25543842	25578050	fwd	9460	0.548553	right	OV3_Cisp0
chr7	27768878	27775859	0f1b558a-a0a7-47e0-8e6e-7023f1655e79	27758490	27775867	rev	6929	-3	right	OV3_Cisp0
chr7	29076000	29100619	00c645c4-3364-4589-8b89-a8fd5ffe4bc9	29055962	29100692	fwd	24573	-3	right	OV3_Cisp0
chr7	30867982	30879110	0f9a7f59-86e5-4dbc-bf3b-48e16d162c4a	30860317	30879116	fwd	11036	-3	right	OV3_Cisp0
chr7	37629568	37658790	50ab17c5-bd02-4d34-86b1-98ae44927f6d	37626035	37668306	fwd	29086	0.056414	right	OV3_Cisp0
chr7	40457261	40470561	82d01c96-547e-48f3-92c9-005349d70edc	40441659	40471072	rev	13249	-3	right	OV3_Cisp0
chr7	43391668	43400966	91fd3f79-922b-4ac8-8d3a-3b5748c159bc	43391649	43416095	rev	9265	0.214597	right	OV3_Cisp0
chr7	45008625	45016522	30810c4a-5aac-4c43-8405-0e14752a86f3	45008619	45037687	fwd	7870	-2	right	OV3_Cisp0
chr7	45111582	45127922	aa3e022a-155b-4268-855b-8c2bb4d4e546	45107394	45130087	fwd	16278	-3	right	OV3_Cisp0
chr7	62343501	62349506	2224c52a-ef9d-4f46-ba05-7350bab12a5f	62343496	62358864	rev	3860	-1	right	OV3_Cisp0
chr7	62660112	62666696	669339bb-5186-4d33-8778-a34ed492f94b	62650528	62666704	fwd	6584	-3	right	OV3_Cisp0
chr7	66448194	66457995	5b289423-3a91-4ea3-a352-723b4a701dbb	66443749	66457999	rev	9766	-3	right	OV3_Cisp0
chr7	71632453	71645462	e0d2deb4-27e8-44ca-b61c-be0ff737b302	71632445	71645471	rev	12885	-3	right	OV3_Cisp0
chr7	76085476	76089344	0b6ac1ea-f42f-41dc-82ab-e52e7cc1f3c5	76078765	76089350	fwd	3832	-3	right	OV3_Cisp0
chr7	81117317	81131689	6c6a654e-c1c3-4505-b1b9-28161971d404	81112299	81135223	rev	14320	-3	right	OV3_Cisp0
chr7	83867595	83889614	e3cf787f-f4f5-4af9-ae4e-df098925c72e	83865749	83889714	fwd	21875	-3	right	OV3_Cisp0
chr7	87476987	87483832	0abf8711-537e-4e70-9a77-ccd5f6a4466e	87458676	87483838	fwd	6783	-3	right	OV3_Cisp0
chr7	90644621	90661054	bdfc5fbd-a782-4d00-8d84-c05037434275	90644616	90679222	rev	16325	0.208491	right	OV3_Cisp0
chr7	108762282	108775470	1e64d14e-a504-417b-b1ca-a1b0f06da5a6	108754514	108775475	rev	13152	-3	right	OV3_Cisp0
chr7	110891823	110897957	06dba6b3-9004-4093-a692-5fcc080514b5	110883035	110897962	rev	6094	-3	right	OV3_Cisp0
chr7	113273433	113283775	8ba5f44f-d166-466f-86be-452d3f2bb61f	113265953	113283782	fwd	10300	-3	right	OV3_Cisp0
chr7	113977807	113985170	b3f373a6-2b5d-4530-a421-358b99fb3eee	113958902	113985175	fwd	7348	-3	right	OV3_Cisp0
chr7	118480128	118488346	ac3d8f9e-1029-44c1-bb1b-1c0d83da6130	118440334	118493530	fwd	8191	-3	right	OV3_Cisp0
chr7	119105580	119117454	13a3c1b3-56ce-40b9-87d4-913ce54f4a12	119103853	119121465	fwd	11775	-3	right	OV3_Cisp0
chr7	122295366	122300878	5b390053-d24d-4385-bc22-3b035d7eb5ae	122295361	122300882	rev	5473	-3	right	OV3_Cisp0
chr7	124450671	124471252	762a1866-5d06-4117-b336-aa110dfa4425	124436500	124471256	rev	20511	-3	right	OV3_Cisp0
chr7	131874688	131890503	94aa59f5-c1f7-4e7d-91cf-1f941bc87cc4	131874683	131890714	fwd	15684	-3	right	OV3_Cisp0
chr7	134652862	134663153	a96b3f03-279e-436b-9d60-1d0aee7af7d7	134650308	134663158	fwd	10242	-3	right	OV3_Cisp0
chr7	140776323	140788165	2b8a488f-01a1-4267-ae42-d6fe2f2ac376	140771497	140788176	rev	11774	-3	right	OV3_Cisp0
chr7	143890265	143903352	35868066-e734-45f9-ba8e-a164f077bdf3	143863851	143903357	fwd	13028	-3	right	OV3_Cisp0
chr7	149390381	149400966	17976c77-99ba-4157-bd53-dc1e1f1a48a8	149382518	149406560	fwd	10582	-3	right	OV3_Cisp0
chr7	150009889	150018836	c1d27905-fa59-4fa6-bffc-a05d905fde3b	149997072	150018840	rev	8912	-3	right	OV3_Cisp0
chr7	156660391	156665797	afa02897-40af-48de-a7e4-ac37a3710006	156658221	156665805	rev	5383	-3	right	OV3_Cisp0
chr7	157001144	157012353	163d370a-320e-4120-8738-0d80903d1b06	156999538	157013293	rev	11210	-3	right	OV3_Cisp0
chr7	157581263	157588123	f50dcd04-c80d-42cc-a3a0-a8af3187ec8b	157571946	157589296	rev	6795	-3	right	OV3_Cisp0
chr7	158576422	158586161	4a783407-a6e8-49c3-a570-3b82d5fcb516	158563278	158586722	fwd	9715	-3	right	OV3_Cisp0
chr8	6965682	6978485	3df49533-9cd1-46ce-9cee-f80d09fdd926	6963789	6984561	fwd	12775	-3	right	OV3_Cisp0
chr8	8533780	8541116	36e5710d-cf6e-475a-be6d-cb7bfa25b19b	8498432	8541122	rev	7281	-3	right	OV3_Cisp0
chr8	15483906	15498005	0687532e-c49b-4a29-b2a1-6ac6512a1744	15478403	15519144	fwd	14024	0.109753	right	OV3_Cisp0
chr8	16695703	16709460	181f50b1-0822-4094-8b56-2c930991802e	16695691	16736766	fwd	13681	0.353279	right	OV3_Cisp0
chr8	20949705	20964435	d490dd0e-c94b-4028-935f-3a54daa8beb7	20941504	20985649	rev	14698	0.033283	right	OV3_Cisp0
chr8	26170001	26176751	396b60fe-04ef-4064-8789-0fcf38ffa1c9	26168115	26176758	rev	6716	-3	right	OV3_Cisp0
chr8	26575616	26587044	2d7e45e1-0ba5-49c7-962d-f4e916566baf	26548653	26593280	rev	11427	-3	right	OV3_Cisp0
chr8	27648229	27654409	06436faa-d13a-4c68-bb12-d9db5ff13e01	27640080	27654559	rev	6164	-3	right	OV3_Cisp0
chr8	27729216	27742077	5afb3647-c882-493d-93cf-3e7874888bbd	27728564	27756345	rev	12796	-1	right	OV3_Cisp0
chr8	27854147	27867092	eea2d234-53d8-41c9-b281-afe7ce6a23d7	27840800	27868137	fwd	12875	-3	right	OV3_Cisp0
chr8	29775520	29782527	cdd95965-8f99-4377-9bbb-ff1877087bad	29760820	29782532	rev	6978	-3	right	OV3_Cisp0
chr8	33960863	33982345	589941ca-35a6-4933-96d0-52d5defae47f	33949369	33994538	fwd	21453	0.502354	right	OV3_Cisp0
chr8	34954445	34965970	14d91de4-b94b-428b-95ba-e63eef53be17	34954440	34965975	fwd	11417	-3	right	OV3_Cisp0
chr8	37974053	37981664	05c6b53e-6e2b-45e2-8cc9-f854ccd76d42	37960870	37986444	fwd	7579	-3	right	OV3_Cisp0
chr8	38193131	38216091	e67b6385-3c2e-450c-a5f0-77fbfc0db8c3	38193123	38216096	fwd	22835	-3	right	OV3_Cisp0
chr8	42709129	42719216	4c82dbb4-195e-43e6-a261-58f193a3a74b	42701581	42724027	fwd	9951	-3	right	OV3_Cisp0
chr8	47429837	47448011	f1400318-9b5d-4b47-8696-874afee68b45	47420848	47448020	rev	18063	-3	right	OV3_Cisp0
chr8	48314679	48331669	107686ff-9126-42f7-b098-b14cfdf0682f	48314165	48348746	rev	16954	0.075277	right	OV3_Cisp0
chr8	48694325	48721270	8e6b5ea3-1452-4305-8ae1-efd8bca2e31e	48679763	48721962	fwd	26814	-3	right	OV3_Cisp0
chr8	53050781	53067068	965b5db9-71c5-4560-966a-95de39cad94e	53026886	53067073	fwd	16211	-3	right	OV3_Cisp0
chr8	61997072	62011237	71f5a775-7385-4fd3-ae90-3a96b08d41aa	61996000	62018877	fwd	14113	0.545804	right	OV3_Cisp0
chr8	66694599	66705186	fda1a8a9-98e4-4532-9902-2e2423783781	66694569	66717121	rev	10579	0.04654	right	OV3_Cisp0
chr8	70043292	70046756	2186651a-93df-48cf-a8ca-441cb535a29f	70038676	70046762	fwd	3478	-3	right	OV3_Cisp0
chr8	73960153	73968517	85ed6796-2037-4dd1-8df9-4ed720377c84	73960149	73968523	fwd	8382	-3	right	OV3_Cisp0
chr8	74567327	74595558	b6982672-a841-46e0-9c14-4947e6b44d5d	74564171	74595564	fwd	27785	-3	right	OV3_Cisp0
chr8	75134100	75152479	d0c477cc-c33b-446a-8cc8-37e8717801a3	75130443	75152559	rev	18298	-3	right	OV3_Cisp0
chr8	75817514	75828801	4290e21f-4f03-488b-ba32-22fb213c7a07	75802330	75828946	fwd	11136	-3	right	OV3_Cisp0
chr8	80570324	80599666	c084253c-d05e-45b5-95b7-c5f8dff9ba1b	80566740	80600747	fwd	29077	-3	right	OV3_Cisp0
chr8	81165420	81182225	2099cbca-2c0e-4efd-b3e8-b46fc6cda9aa	81163934	81182231	rev	16704	-3	right	OV3_Cisp0
chr8	81376222	81383389	5ca1edc0-ee75-4adc-93a2-b88e8a40b0aa	81371356	81383394	fwd	7128	-3	right	OV3_Cisp0
chr8	82880417	82891181	743cd090-8519-4060-b384-f1318a389f5a	82879049	82892110	fwd	10755	-3	right	OV3_Cisp0
chr8	86838492	86850279	7dbf4de3-d239-4f71-bb7e-8b0b595122b3	86833982	86850284	fwd	11737	-3	right	OV3_Cisp0
chr8	88264246	88286221	27b2502d-a8dd-4d12-9330-3bf8f6a7a55b	88262371	88286575	fwd	21846	-3	right	OV3_Cisp0
chr8	91545800	91552562	098786c7-59b4-4c01-a521-3ec0c46bb0ff	91539015	91552574	rev	6750	-3	right	OV3_Cisp0
chr8	94090209	94102856	a403a77b-fffa-4638-b8d2-d939507e1340	94088777	94108183	fwd	12612	-3	right	OV3_Cisp0
chr8	95205477	95211593	9bc387dc-7b12-4f27-8a69-b6dd210f0c82	95201412	95211601	fwd	6050	-3	right	OV3_Cisp0
chr8	96157369	96170220	04d283cd-39b8-4245-bd75-eb90e2643433	96132239	96172257	fwd	12836	-3	right	OV3_Cisp0
chr8	96730676	96740529	8bd7d9a1-2c54-4bb5-bb0f-24ecdfce4a34	96730670	96740534	fwd	9795	-3	right	OV3_Cisp0
chr8	98011016	98018977	faa5ba5b-79a5-46aa-a3ff-6c7774bef1f6	97986103	98018982	fwd	7950	-3	right	OV3_Cisp0
chr8	103005359	103019865	d7d21b75-b7be-48d5-aa68-bebb71e4123d	102948558	103025275	fwd	14332	-3	right	OV3_Cisp0
chr8	103097740	103106652	2c32dd76-6f87-487f-aab5-3f4b10bc61cf	103092815	103126802	rev	8829	0.319148	right	OV3_Cisp0
chr8	103392629	103400219	0fa7cbaa-d3d3-4a6f-b15a-771d143fee6d	103382949	103400227	fwd	7511	-3	right	OV3_Cisp0
chr8	103546788	103553438	9335e6c2-fb81-4b3a-b37a-fd56f82445d4	103542616	103553446	rev	6648	-3	right	OV3_Cisp0
chr8	103870916	103880262	f309e2ba-b312-4c10-833f-78cb3f88e240	103851800	103886805	rev	9378	0.124471	right	OV3_Cisp0
chr8	110770235	110777801	6711e124-06db-4f6d-819f-cc7fcbd57d86	110770228	110778485	fwd	7537	-3	right	OV3_Cisp0
chr8	115420273	115439107	4ecb38cd-bc6a-43a4-8357-2fc1fd8a0663	115419097	115439272	rev	18659	-3	right	OV3_Cisp0
chr8	118415558	118427124	474b70af-72ca-4e73-962d-0cf8b900a475	118409964	118427128	rev	11444	-3	right	OV3_Cisp0
chr8	118800598	118810057	f7fdece4-4b5a-4936-abbd-7e03150f2d3d	118786452	118810099	rev	9378	-3	right	OV3_Cisp0
chr8	119030504	119043655	93f8ac9f-de96-4ccc-8d86-30914a609e88	119030499	119043659	rev	13171	-3	right	OV3_Cisp0
chr8	123419800	123430957	1aace483-dbb8-49c2-b9d8-420ceeda5b72	123410056	123431494	fwd	11136	-3	right	OV3_Cisp0
chr8	130765950	130770064	0e0750f9-76ae-4882-9a3c-d1aca5c62905	130750442	130770069	rev	4080	-3	right	OV3_Cisp0
chr8	133376462	133386083	110a8936-0cfd-4749-939d-9b6f885d81e3	133376458	133394997	fwd	9619	0.74312	right	OV3_Cisp0
chr8	134012304	134027128	22904d5f-f394-4fd6-9a57-38d6eb0ce836	134006531	134046213	fwd	14793	0.201113	right	OV3_Cisp0
chr8	136394522	136413323	7b69200d-722f-4e0b-9680-59ead7298f4a	136384972	136413644	fwd	18730	-3	right	OV3_Cisp0
chr8	142265805	142274276	3851ecb2-eb83-4e23-a1da-6c2db5acaa53	142263328	142274290	fwd	9294	-3	right	OV3_Cisp0
chr8	144446665	144449932	1ceefd47-50ab-448b-93cf-f8a7d6c2a16a	144434642	144472287	rev	3246	0.119141	right	OV3_Cisp0
chr9	2827416	2838838	122dd200-407a-4983-95a3-7846db86c94f	2820445	2839425	rev	11349	-3	right	OV3_Cisp0
chr9	7283477	7293543	2ffae1ab-3913-483e-94d9-9983dfd757b1	7280837	7293548	rev	10036	-3	right	OV3_Cisp0
chr9	9795585	9828493	d48d51f8-0def-45e2-949f-0cc93ce23ad3	9793394	9828498	fwd	32793	-3	right	OV3_Cisp0
chr9	10037785	10054438	f5a23520-6f09-46e8-9e6f-1dcd8c94b16c	10037781	10056273	fwd	16707	-3	right	OV3_Cisp0
chr9	20697781	20720152	dff1d708-817c-433a-be58-3259ca320a02	20690504	20720157	fwd	22116	-3	right	OV3_Cisp0
chr9	23748788	23764127	c1c21e2f-280b-43a5-b0b3-82eeca314694	23748018	23764137	rev	15289	-3	right	OV3_Cisp0
chr9	24629449	24635383	260eb3ba-b54c-4f00-8ff5-645b667612ff	24629442	24640777	fwd	5906	-1	right	OV3_Cisp0
chr9	31962188	31975019	d6396804-e13f-4976-95ee-7ce89f12040a	31958861	32006144	fwd	12787	0.655213	right	OV3_Cisp0
chr9	34582882	34590639	24698e04-70dc-4ed8-9516-e5ccaddc6dbb	34579989	34608883	fwd	7740	0.703021	right	OV3_Cisp0
chr9	35708148	35717106	54aee2e4-ad27-4860-adca-58fcce1569fd	35702964	35717113	fwd	8963	-3	right	OV3_Cisp0
chr9	37334090	37345753	a5a5b244-3b3a-47a8-a891-c98c7ff319f4	37333747	37352027	fwd	11637	-3	right	OV3_Cisp0
chr9	37647424	37653698	471f684e-7c4f-47de-951c-953ce34d82d8	37644619	37653708	fwd	6255	-3	right	OV3_Cisp0
chr9	37651007	37661816	241df71b-2f4c-4218-b28f-c373d96798ae	37650997	37661830	rev	10780	-3	right	OV3_Cisp0
chr9	42219469	42230332	4a720799-26b2-47d9-9715-8fabddfc0230	42219464	42248856	rev	10813	0.297951	right	OV3_Cisp0
chr9	68284538	68301427	883326a2-2a66-4109-bf78-748dfb3eb3fa	68277135	68317147	rev	16783	0.313897	right	OV3_Cisp0
chr9	70619764	70628932	2e2f3d59-846d-498c-a4d5-734700e52729	70619043	70629127	rev	9080	-3	right	OV3_Cisp0
chr9	73492688	73510268	90201a8b-2dec-4666-8994-43a0a37e28c3	73492679	73510279	fwd	17522	-3	right	OV3_Cisp0
chr9	78965784	78977028	a34d329d-0e57-465b-aaee-b7dbf475d1ca	78944084	78977033	rev	11247	-3	right	OV3_Cisp0
chr9	83572326	83580613	538c734b-9da5-47c4-a9ff-748837fb0561	83570116	83580620	rev	8159	-3	right	OV3_Cisp0
chr9	87600866	87615174	878ff67f-b42e-4124-932c-feb8b05d2a39	87600860	87615181	rev	14313	-3	right	OV3_Cisp0
chr9	91541727	91557588	668188da-9a7b-451d-b0d9-c8197bfb6be7	91541722	91564856	fwd	15839	0.035327	right	OV3_Cisp0
chr9	94388133	94396005	b3f4f43c-3db6-40b8-a308-41abd4f7d86d	94376306	94396013	fwd	7875	-3	right	OV3_Cisp0
chr9	98567250	98575057	a1766f29-6abe-4f2a-a9b9-9a7f78688286	98567246	98575072	fwd	7843	-3	right	OV3_Cisp0
chr9	109500561	109508706	9b355845-882d-4c6f-b71c-1d490925518a	109484225	109508713	fwd	8135	-3	right	OV3_Cisp0
chr9	113016678	113030298	6f1a5872-c64d-4d8b-be7a-1b7014ebe235	113016666	113030302	rev	13532	-3	right	OV3_Cisp0
chr9	121672876	121686710	efaa9fd1-ba00-43af-8b83-4051595a9978	121668140	121687278	fwd	13770	-3	right	OV3_Cisp0
chr9	123838786	123847815	b0787d8f-dc95-49a4-80ab-bb845a50b3be	123837334	123847826	fwd	9020	-3	right	OV3_Cisp0
chr9	126989125	126998283	45b17c5e-613a-43b9-90c2-1dd71415018c	126989109	126999886	fwd	9112	-3	right	OV3_Cisp0
chr9	128186890	128196631	3e362b11-2526-4ca4-aef6-74dd87a82719	128186878	128196901	fwd	9728	-3	right	OV3_Cisp0
chr9	128882384	128886738	bb1905e7-a6ef-4ddf-a900-8a51c4e5bb65	128855196	128891492	rev	4332	-3	right	OV3_Cisp0
chr9	133113331	133119364	de566b2f-a74f-402b-80e5-27999a4005fd	133108368	133119371	fwd	5984	-3	right	OV3_Cisp0
chr9	134568328	134576605	07d83cb5-f984-456f-8343-5670ff249bfc	134566455	134576617	fwd	8233	-3	right	OV3_Cisp0
chr9	138165109	138172215	edb6241e-bac3-4373-a70b-6faba7f4ee7d	138159320	138172359	rev	7077	-3	right	OV3_Cisp0
chrX	5477121	5488314	f834af2c-f8c5-496a-b0e5-fe6edfff08fa	5477117	5488691	fwd	11156	-3	right	OV3_Cisp0
chrX	7346938	7379760	a79b81cd-1b91-496d-8069-503af68f4a38	7346924	7381288	rev	32768	-3	right	OV3_Cisp0
chrX	9685252	9694201	ebc154fc-31e5-4bf5-a5e9-6ffafc7f1582	9682543	9694206	fwd	8908	-3	right	OV3_Cisp0
chrX	13943966	13951909	442dc374-3e45-4296-bc3e-0f9befed87ef	13943959	13951914	fwd	7899	-3	right	OV3_Cisp0
chrX	14014166	14033402	94b29847-02c9-4df6-a874-21077b2e5799	14011029	14041357	fwd	19166	0.662895	right	OV3_Cisp0
chrX	19944709	19954796	3b10d84b-1bd4-447a-8610-8a4aa05184d8	19930427	19958200	fwd	10067	-3	right	OV3_Cisp0
chrX	22389714	22396593	4a9994a2-1894-4523-ac4b-d1f883dc2ee1	22382486	22396602	fwd	6902	-3	right	OV3_Cisp0
chrX	24378101	24387975	00ad24d5-fbec-4c76-916e-ed2aee2ecfad	24370499	24387981	fwd	9772	-3	right	OV3_Cisp0
chrX	28052509	28061376	36354f43-4d46-488d-842b-0e7b3e6d271e	28026643	28069693	fwd	8889	0.145774	right	OV3_Cisp0
chrX	44517527	44529119	0f73d9e8-c07e-4036-a02a-06ecadbcd7bf	44510532	44529406	fwd	11549	-3	right	OV3_Cisp0
chrX	47698798	47710643	dd945369-d1d8-47e0-abe1-b0c68a6d14ee	47688187	47710652	rev	11853	-3	right	OV3_Cisp0
chrX	49742985	49756864	576a1a3c-5bee-449b-8c7d-b9d894e187b1	49742969	49756881	fwd	13829	-3	right	OV3_Cisp0
chrX	50695408	50710710	6dbdb58e-8624-4e30-8593-b30794e4f54e	50686440	50712645	rev	15321	-3	right	OV3_Cisp0
chrX	52215807	52224487	f66ff155-a1fd-450c-839f-c25b5e575ad1	52189783	52249576	fwd	8683	0.006011	right	OV3_Cisp0
chrX	52916096	52922316	313ef7ef-fff3-4183-b80a-42f042b615f4	52915995	52922321	rev	6171	-3	right	OV3_Cisp0
chrX	53445387	53457702	e9ef211e-6eef-4af0-8bea-53a5e2fd4ad7	53432268	53457712	rev	12232	-3	right	OV3_Cisp0
chrX	55074902	55085967	366ed373-770b-4764-ac0f-be61b98ef054	55073772	55085973	rev	11032	-3	right	OV3_Cisp0
chrX	55120736	55139239	40b9a25e-b8da-4f9d-bd99-d051465f0954	55106208	55144205	rev	18469	-3	right	OV3_Cisp0
chrX	56152011	56165967	7e273ba5-faa8-43e8-bf9e-a5bde853e282	56152007	56166525	fwd	13894	-3	right	OV3_Cisp0
chrX	64655870	64670913	5a6d01f5-6f22-4f4a-a862-264ba81936b1	64655863	64671601	rev	15028	-3	right	OV3_Cisp0
chrX	65759701	65774352	7967f499-6bd4-4fbe-8e8d-c2ab04c0270e	65759695	65776394	fwd	14670	-3	right	OV3_Cisp0
chrX	68865996	68872768	10e16bf7-c55e-4959-a0fa-c81a436cbd5a	68863749	68874308	rev	6756	-3	right	OV3_Cisp0
chrX	97019196	97031405	84c5d287-e79b-400d-88e2-fc1aaf75890e	96996712	97036099	fwd	12055	-3	right	OV3_Cisp0
chrX	100504106	100509974	35b8da0a-1c73-480d-84fb-ce4cc9944075	100479198	100510506	fwd	5877	-3	right	OV3_Cisp0
chrX	102661087	102671645	ecf061e2-f4c7-49d6-b00b-d5fdd0df11d5	102655564	102675703	rev	10520	-3	right	OV3_Cisp0
chrX	105750859	105757115	905ff74f-45ca-4d3f-b197-a95af005144a	105740643	105761353	rev	6251	-3	right	OV3_Cisp0
chrX	109972447	109980960	6aea7fc3-c257-4320-8b25-99c20e94968c	109968783	109980969	fwd	8437	-3	right	OV3_Cisp0
chrX	114803377	114813628	507d54a0-0b43-4c49-a0fd-863de73bbbf7	114802614	114813632	rev	10124	-3	right	OV3_Cisp0
chrX	116372313	116389562	7857b249-a2f2-47a8-88ec-d8c1d59d9056	116359612	116395417	rev	17099	-3	right	OV3_Cisp0
chrX	117893164	117907565	0af641c9-bd84-43b1-a36d-020687d30a69	117887141	117907571	rev	14246	-3	right	OV3_Cisp0
chrX	120787110	120794216	30a00d84-fcf1-4e44-8260-d0b6401960a2	120764292	120795225	fwd	7060	-3	right	OV3_Cisp0
chrX	124107254	124112938	784698e1-4549-4d42-bcf4-7ad02f691dc1	124107249	124147155	fwd	5651	-1	right	OV3_Cisp0
chrX	124341589	124349857	58f0deb5-3b9d-4536-b1dd-35a40df4699c	124327104	124351111	rev	8063	-3	right	OV3_Cisp0
chrX	125124346	125135856	32463873-5604-453e-a55b-585030b2cea7	125102326	125135863	rev	11438	-3	right	OV3_Cisp0
chrX	130338085	130345706	ae4fbb9e-14ce-4049-97a7-13a6c870dc13	130334800	130345713	rev	7577	-3	right	OV3_Cisp0
chrX	130613732	130621120	a59690b2-1dec-4a85-ba19-624235669337	130607494	130621129	rev	7380	-3	right	OV3_Cisp0
chrX	130618138	130634380	f7c6cb0a-0e64-431e-9fce-8d0294ba8324	130616732	130634385	rev	16189	-3	right	OV3_Cisp0
chrX	131025572	131033609	c8b01efa-3fc7-4268-b558-2d17dbb19681	131014900	131033615	fwd	7978	-3	right	OV3_Cisp0
chrX	134216605	134227456	b1f06ba2-8494-449b-8c5b-1ec2d0310624	134204214	134227461	fwd	10811	-3	right	OV3_Cisp0
chrX	138628240	138636949	a5111d28-6f04-4dbb-b25c-9d332966756f	138614992	138637923	fwd	8685	-3	right	OV3_Cisp0
chrX	139336609	139347651	8106f7d9-d343-41e7-82b8-9c6a41f2372b	139333881	139347665	fwd	10963	-3	right	OV3_Cisp0
chrX	150383234	150390779	54bdd73c-9561-4a53-a6cd-74bebdf32ce7	150383225	150415228	fwd	7502	0.198283	right	OV3_Cisp0
chrY	56829050	56839463	0373faf3-3444-402f-a5de-3611eec9962d	56825765	56840545	rev	12899	-3	right	OV3_Cisp0
chrY	56884218	56889038	a2756d59-59dc-4776-9fc9-b2ce49e171ac	56884211	56889614	rev	5141	-3	right	OV3_Cisp0
chr1	73809958	73814594	2a4b3a44-e0da-4e6a-8078-811115952dfe	73803858	73814612	rev	4606	-3	right	OV3_Cisp1_masked
chr1	143192555	143206327	9b3ae007-4163-42a5-9ed8-3b84e911465b	143184598	143242855	fwd	5912	0.185321	right	OV3_Cisp1_masked
chr1	143212395	143220898	4b4101b4-ef9e-4851-b761-01e72725a8a9	143212389	143221737	rev	7099	-3	right	OV3_Cisp1_masked
chr1	148594912	148602065	82a33d7f-b7e2-4fe5-92d8-808a7e633b04	148592873	148605341	rev	7145	-3	right	OV3_Cisp1_masked
chr10	38489454	38518733	9282c5f7-43d1-421a-b337-3d427128c8ad	38489442	38518739	rev	29279	-3	right	OV3_Cisp1_masked
chr10	41903738	41915868	806468f6-34ea-4e3b-b26f-3752e716a4a3	41889467	41916262	fwd	12955	-3	right	OV3_Cisp1_masked
chr10	57386603	57395212	39efdaff-2d2a-488d-931b-e4c1d05cb425	57386599	57408582	fwd	8632	0.172961	right	OV3_Cisp1_masked
chr11	20994982	21000142	295f53e3-2637-464c-93bb-c8c3c0139a88	20991788	21000147	rev	5143	-3	right	OV3_Cisp1_masked
chr11	76429194	76436694	008b7da8-868f-4ed7-afee-86bb5689766e	76429188	76436698	rev	7526	-3	right	OV3_Cisp1_masked
chr11	121843138	121850634	e3db3f54-2b4c-4c91-950e-c89928364545	121843122	121850639	fwd	7480	-3	right	OV3_Cisp1_masked
chr13	60632641	60645613	30fe0e7d-8e73-4a58-bc55-53e693c93e81	60632630	60645623	rev	12927	-3	right	OV3_Cisp1_masked
chr13	95555271	95561744	d8c7c9fb-62be-4a73-ba20-7c2805b1e4a7	95555262	95561754	fwd	6390	-3	right	OV3_Cisp1_masked
chr14	47669275	47680963	8a9fb653-87e8-4c0a-b834-b49ca229ea32	47669268	47681881	rev	11621	-3	right	OV3_Cisp1_masked
chr14	55107371	55114069	2894c308-cf51-420b-81ec-fb72c8d781c6	55103150	55114075	rev	6673	-3	right	OV3_Cisp1_masked
chr15	38105449	38112386	44483b1c-32f6-4063-b1f8-ff5d9bfe965a	38105445	38112391	fwd	6889	-3	right	OV3_Cisp1_masked
chr15	74286575	74291081	bf8b52c8-2487-4b25-8744-b5b953443eaf	74278785	74296638	fwd	4502	-3	right	OV3_Cisp1_masked
chr16	59954272	59966802	ea45ebad-9f66-4ac9-bb9c-8228ef34e13e	59954268	59969937	fwd	12533	-3	right	OV3_Cisp1_masked
chr17	60527389	60538530	ad5e1496-14bb-4acb-8786-4951f88d647f	60527329	60538536	fwd	11147	-3	right	OV3_Cisp1_masked
chr17	62375787	62388430	29ebbdac-91f3-4029-ace8-654692152ac7	62375780	62389111	fwd	12574	-3	right	OV3_Cisp1_masked
chr17	77133094	77142265	bc5f3670-61ec-4a4f-9276-cd9ffe2ef8db	77130834	77142269	rev	9154	-3	right	OV3_Cisp1_masked
chr17	81874886	81887925	df242f5a-c888-4f48-acd0-c877b742e936	81874877	81888713	fwd	13030	-3	right	OV3_Cisp1_masked
chr2	6806029	6810770	97b1e809-1a13-442c-8d5b-eef9cc2e20aa	6806011	6821640	rev	4714	-3	right	OV3_Cisp1_masked
chr2	13712491	13722492	d41eb29d-8e18-474f-b0ca-e03f8bc381dc	13712484	13723732	rev	9985	-3	right	OV3_Cisp1_masked
chr2	66368177	66375660	cdfdd430-5e95-4474-9bc3-dac05199fbe2	66365449	66375666	fwd	7415	-3	right	OV3_Cisp1_masked
chr2	70717226	70725598	6d541010-8595-40d7-b10d-6b26ce384e79	70716705	70725607	fwd	8350	-3	right	OV3_Cisp1_masked
chr2	87418768	87423314	d5b0c0dd-2b33-4a42-8f6d-7ffc6fa12bfb	87413549	87431213	fwd	2069	-1	right	OV3_Cisp1_masked
chr2	87426502	87429372	d5b0c0dd-2b33-4a42-8f6d-7ffc6fa12bfb	87413549	87431213	fwd	2527	-3	right	OV3_Cisp1_masked
chr2	87418715	87421312	c84535dc-6268-46fd-be82-a3be81f683f2	87414111	87431213	fwd	1554	-3	right	OV3_Cisp1_masked
chr2	157311808	157315676	cbd9a9b9-f702-43b6-9a7d-e9310b911a7f	157305539	157315680	rev	3828	-3	right	OV3_Cisp1_masked
chr2	165085761	165098306	588a4d8a-de31-4fb3-a831-e7d131b6d029	165083102	165098311	fwd	12451	-3	right	OV3_Cisp1_masked
chr20	31066979	31072412	c59646d1-1a2e-4dc9-b3ac-a8a4e723074f	31057030	31077103	fwd	3579	-1	right	OV3_Cisp1_masked
chr20	31074172	31076903	66898fd7-e415-4940-8f7c-ee35a2bbffc3	31058143	31080766	fwd	2714	-3	right	OV3_Cisp1_masked
chr20	31068794	31073577	cf5ad76d-1cc8-44a0-9891-81d4fca86b29	31061278	31074395	fwd	2651	-3	right	OV3_Cisp1_masked
chr20	31066065	31068548	4bf04e73-f124-49fc-8a41-cb5f916ea27f	31061684	31073324	fwd	1404	-3	right	OV3_Cisp1_masked
chr20	31068113	31073622	4cba34c0-ce07-42ba-86e8-974652690a96	31062225	31075122	fwd	4528	-3	right	OV3_Cisp1_masked
chr20	31062717	31066649	4dd6130d-c781-4eb7-a564-a0d18c493f00	31062709	31071061	fwd	3476	-3	right	OV3_Cisp1_masked
chr20	31062832	31072462	5765bb02-f4bc-4841-a3dd-d0549beccec5	31062827	31080055	fwd	9961	-1	right	OV3_Cisp1_masked
chr20	31063747	31067808	8b98797d-7498-42d5-89c7-0e83e2dc04f2	31063739	31074628	fwd	3266	-3	right	OV3_Cisp1_masked
chr20	48042500	48050647	d646da7d-4e2e-4d68-ae55-f404c41a4864	48041716	48050655	fwd	8143	-3	right	OV3_Cisp1_masked
chr21	16014303	16021379	8e17b848-94f0-4683-9e52-e42c4b0bf0c8	16014297	16029881	rev	7045	-3	right	OV3_Cisp1_masked
chr3	12413012	12420943	f57b39ae-f12a-4804-abc3-c71894b921f9	12409554	12420960	fwd	7934	-3	right	OV3_Cisp1_masked
chr3	15723199	15732353	e5f76704-b904-4931-88c3-085ce4d38f00	15717169	15732357	rev	9076	-3	right	OV3_Cisp1_masked
chr3	29223856	29231429	7fa7380b-25bc-449b-8941-0af35fe19253	29223851	29231445	rev	7530	-3	right	OV3_Cisp1_masked
chr3	61464923	61476781	bf91a270-8519-4bc4-972c-976f67380c20	61464917	61476787	fwd	11867	-3	right	OV3_Cisp1_masked
chr3	82257601	82263789	6a4cfe82-b33a-4a83-ac6a-e5283cafea01	82257591	82263795	rev	6143	-3	right	OV3_Cisp1_masked
chr3	90065969	90079414	7bc1fcb4-8b91-44db-afcd-b983f4435ee5	90061856	90081651	rev	13359	-3	right	OV3_Cisp1_masked
chr3	108900023	108907779	8b1ff379-c490-4bca-9176-5b29c056b1ab	108900014	108907785	rev	7750	-3	right	OV3_Cisp1_masked
chr3	164019005	164025083	c66b99a2-2fa7-460c-b709-266e0c4ba9cb	164018996	164025324	fwd	6028	-3	right	OV3_Cisp1_masked
chr3	178121034	178132069	c851c878-1100-4b02-af42-38fe6ebb5f05	178121028	178132077	rev	11059	-3	right	OV3_Cisp1_masked
chr3	191321987	191327754	bc65e83c-96e5-4a78-b464-5c733c25bedb	191321355	191327759	fwd	5780	-3	right	OV3_Cisp1_masked
chr4	23661638	23674404	57c852de-c09e-4b83-877c-36d1cd9bf382	23661634	23674409	fwd	12713	-3	right	OV3_Cisp1_masked
chr4	49097680	49106287	929594ee-f6bc-4592-b72b-05358679b18e	49097071	49114651	fwd	7927	-1	right	OV3_Cisp1_masked
chr4	49104856	49107949	b2593206-8336-4575-bd73-493cefe6bc04	49100347	49112659	rev	2669	-3	right	OV3_Cisp1_masked
chr4	49120152	49123437	e427b7f1-d950-4fac-b848-131909a50cb6	49107058	49134966	rev	2912	-3	right	OV3_Cisp1_masked
chr4	49141063	49143634	c758e69e-862b-4188-be0a-0ddeaa70e04a	49138579	49147794	fwd	2685	-1	right	OV3_Cisp1_masked
chr4	49149516	49154107	cb51dc8e-0ff1-4c91-bbfc-728326309f3a	49149062	49154695	rev	3418	-3	right	OV3_Cisp1_masked
chr4	49146928	49150390	7a524d78-d6fe-4e1f-aa23-54c7b81ef930	49146922	49156630	fwd	3235	-3	right	OV3_Cisp1_masked
chr4	49150021	49152352	07d689f1-70c0-472a-970e-f464128d65f1	49150017	49156631	fwd	2199	-1	right	OV3_Cisp1_masked
chr4	49638927	49642861	67175fa9-c49f-4df0-aa84-49ad73aa29f6	49631416	49643782	fwd	797	-3	right	OV3_Cisp1_masked
chr4	49634498	49641063	42df64e0-6422-42d2-b98a-c0e448f0997e	49633508	49647877	fwd	4673	-3	right	OV3_Cisp1_masked
chr4	90224191	90234109	d0765916-b54e-4a14-a392-a5eec988dfc8	90223105	90235803	rev	9891	-3	right	OV3_Cisp1_masked
chr4	174038117	174041966	e6267fb1-7a09-4d4f-a007-3ef21ee14bd6	174036297	174051135	rev	3753	-3	right	OV3_Cisp1_masked
chr5	18013002	18020081	b6def09d-0587-4906-a8ff-698d62c19a91	18012992	18023670	rev	7050	-3	right	OV3_Cisp1_masked
chr5	32416836	32427609	38797131-1eec-4841-a8e9-09a3217f9759	32416624	32427638	fwd	10745	-3	right	OV3_Cisp1_masked
chr5	49656557	49660505	9e40bf76-70c5-4875-99a8-b5a78d5a1d17	49656261	49661871	rev	4399	-3	right	OV3_Cisp1_masked
chr5	49657603	49660738	4325e642-1dc1-4c24-8a99-7d3b388824ad	49656261	49661871	rev	3073	-3	right	OV3_Cisp1_masked
chr5	77646182	77653819	8a8b156e-81d3-429e-88cc-24710f941378	77641444	77653825	rev	7618	-3	right	OV3_Cisp1_masked
chr5	129834312	129838206	fa4959c3-1478-4815-922d-8e3c5343aa0b	129833754	129839327	rev	3863	-3	right	OV3_Cisp1_masked
chr5	176966609	176972344	a24dce28-97cb-4526-a18b-34e88404ba8a	176964987	176975464	fwd	5709	-3	right	OV3_Cisp1_masked
chr6	83095384	83104181	fd3ce4ea-a4cf-4752-981c-f45101ccd6df	83094529	83104187	fwd	8770	-3	right	OV3_Cisp1_masked
chr6	106943793	106953775	1d8fe8c5-3971-4b0e-b7a6-d0baf7b9b252	106943072	106954596	fwd	9941	-3	right	OV3_Cisp1_masked
chr7	16221897	16226592	04f105f1-df1c-43e1-b8e9-5272551e0656	16210792	16229439	rev	4666	-3	right	OV3_Cisp1_masked
chr7	55866846	55874983	dbfe91e0-5f3f-46b3-8768-82859d592fd5	55863236	55875946	rev	8110	-3	right	OV3_Cisp1_masked
chr7	65414829	65431091	4df59453-4664-4809-8368-a231bab30216	65414823	65442490	rev	16075	0.449846	right	OV3_Cisp1_masked
chr7	91362567	91371717	84b24637-918a-4ff1-aa62-2ce4a33a0efc	91361574	91371721	rev	9095	-3	right	OV3_Cisp1_masked
chr7	121438081	121447151	ea574a80-914f-4db3-8e37-37a984914b88	121437806	121447156	fwd	9396	-3	right	OV3_Cisp1_masked
chr7	139579337	139592907	ce41c8a5-286e-4da5-ada0-c8664c2457c8	139568948	139593245	rev	13511	-3	right	OV3_Cisp1_masked
chr7	153479294	153487410	cc48d77e-b8a7-49f9-95d1-04824c456237	153478039	153490807	rev	8064	-3	right	OV3_Cisp1_masked
chr8	4249072	4253884	148de6b4-9b14-47e5-82a6-13d6fdc62dad	4247756	4254942	fwd	4826	-3	right	OV3_Cisp1_masked
chr8	12602966	12611320	c25227b3-551b-45e5-9e02-1d18546e7c7f	12597437	12622255	rev	8311	0.391925	right	OV3_Cisp1_masked
chr8	55281674	55284214	dfb993a8-21b4-477a-b1b3-0c7be22ab3d6	55281667	55293030	rev	2476	-1	right	OV3_Cisp1_masked
chr8	59270799	59285242	fa3a4f42-1239-48b1-a26c-f0b94cb70e4e	59270784	59285248	fwd	14347	-3	right	OV3_Cisp1_masked
chr8	98225926	98239577	23b59736-7dff-497c-bc61-75e59a7ba2ac	98225459	98240969	rev	13544	-3	right	OV3_Cisp1_masked
chr8	101196318	101201629	0dadfaec-d68a-4746-869a-d581b9bf321f	101193469	101201635	rev	5287	-3	right	OV3_Cisp1_masked
chr8	120256424	120267856	3e58ec32-a960-4a3b-9683-9c0f327be6cb	120256414	120267861	fwd	11376	-3	right	OV3_Cisp1_masked
chr9	95684796	95697382	cae5b409-6d9f-4f0c-86db-c32d241be0ee	95684791	95698213	fwd	12497	-3	right	OV3_Cisp1_masked
chr9	106619996	106638466	ca363780-17e5-4578-981b-b748c2f5b628	106619990	106639207	rev	18365	-3	right	OV3_Cisp1_masked
chrX	67547550	67552542	95fb972d-5e16-4cdc-ac8b-5fabf7c992e0	67543346	67552548	fwd	4944	-3	right	OV3_Cisp1_masked
chrY	56857332	56868586	fdd136b5-5c15-4e14-84d8-c06809e204d8	56856819	56868590	rev	11122	-3	right	OV3_Cisp1_masked
chr1	1948520	1954399	30827f43-ebcb-4f61-bb5f-c4cd62d26b5e	1940825	1965848	rev	6009	0.404791	right	UWB_Cisp0
chr1	3565363	3570539	eb7c1027-b387-43c3-b648-b1d6621c324f	3554855	3570546	fwd	5195	-3	right	UWB_Cisp0
chr1	4674234	4682999	9956ba23-95c2-4197-abf5-b5c1d28f8fea	4655644	4683003	rev	8700	-3	right	UWB_Cisp0
chr1	9124866	9130845	05673ca0-a8ff-41f9-be90-06202eac6456	9120528	9136485	rev	6061	-3	right	UWB_Cisp0
chr1	9894254	9899501	ad036908-26c9-4088-819f-a7646129c2c3	9887986	9899507	fwd	5249	-3	right	UWB_Cisp0
chr1	12750638	12757722	a333dbd0-11df-43fc-8930-f00a4c517270	12742533	12760490	fwd	7033	-3	right	UWB_Cisp0
chr1	17194937	17201905	0fffec3f-a556-4ce2-8f26-4f5008106f99	17188393	17201918	fwd	6913	-3	right	UWB_Cisp0
chr1	19377778	19381366	d5783650-6716-4556-be14-76e89b0eb4ee	19377767	19388115	rev	3548	-3	right	UWB_Cisp0
chr1	21924427	21931222	2638d467-8deb-4015-b2b0-b1d31aa3877a	21923823	21937725	fwd	6790	-3	right	UWB_Cisp0
chr1	24918280	24923191	bef8507c-d3ca-4372-ae56-d42349a49949	24912388	24924607	fwd	4874	-3	right	UWB_Cisp0
chr1	27229593	27232988	ad694848-2e5b-4cbb-8fe9-ea6f4c7e8abc	27226197	27236703	fwd	3396	-1	right	UWB_Cisp0
chr1	31653163	31663743	22f9b7bf-4ad8-42c5-9511-d63f468a2af6	31651966	31663751	fwd	10511	-3	right	UWB_Cisp0
chr1	31817991	31830270	f3862a55-ad71-4fa7-80ff-c82a3d67e955	31817986	31830278	rev	12274	-3	right	UWB_Cisp0
chr1	35766611	35777714	b98d5e90-d82b-4d6e-a565-4b6e1c2e959b	35766603	35777720	rev	11014	-3	right	UWB_Cisp0
chr1	46616550	46622114	9bbfdba5-ecf2-4d8c-a33c-560be0d31dda	46614375	46629538	rev	5542	-3	right	UWB_Cisp0
chr1	47316968	47320836	9d3aa54a-4d67-4902-83ab-cec837a61b52	47313289	47320842	fwd	3875	-3	right	UWB_Cisp0
chr1	59033629	59038681	a7559af9-b60e-462a-8f3d-dae90a0cf91a	59032403	59042271	rev	5066	-3	right	UWB_Cisp0
chr1	59095595	59103593	9c11c9d7-79cb-4000-8465-b60eecf5a55b	59095587	59114514	rev	8000	0.334793	right	UWB_Cisp0
chr1	70516956	70525116	ebc1959f-100f-4f74-8400-d99629af95b6	70515576	70535828	fwd	8116	0.41685	right	UWB_Cisp0
chr1	72588902	72596343	b652eaaf-5fd1-472a-ac45-6515e2a431d1	72586663	72596351	rev	7455	-3	right	UWB_Cisp0
chr1	73057252	73063823	620cc81f-ca45-4385-ae36-cc4bb05589b9	73057246	73063828	rev	6563	-3	right	UWB_Cisp0
chr1	73936021	73939346	b51008db-9b55-43ac-8052-8e44b6a8841e	73934013	73961474	fwd	3281	-1	right	UWB_Cisp0
chr1	74717944	74722988	794d48e6-e95d-4489-aace-01b3294bb230	74711562	74722994	rev	4955	-3	right	UWB_Cisp0
chr1	84726550	84733028	8b53f1ec-4754-4100-8bb6-408b8c6be6a3	84725387	84733033	fwd	6461	-3	right	UWB_Cisp0
chr1	87951502	87960608	3bebac84-f008-48a8-94d3-9a01a54a9983	87951489	87961821	rev	9025	-3	right	UWB_Cisp0
chr1	93713332	93725031	0bba8cbb-3f45-4b15-9bdc-8dd5d4f29585	93712195	93725039	fwd	11720	-3	right	UWB_Cisp0
chr1	95827148	95834932	9b0ff3f5-5637-4092-bf95-8de766516516	95825140	95837660	rev	7784	-3	right	UWB_Cisp0
chr1	100445821	100452424	0ef31fdc-a7a4-43a6-a8c5-81fb789280de	100438162	100452428	rev	6579	-3	right	UWB_Cisp0
chr1	103352042	103359570	b1b3a30c-f4c7-4e7f-91bf-b70f37ad2987	103352038	103360503	fwd	7489	-3	right	UWB_Cisp0
chr1	105308727	105315728	ab091cc8-9f1f-4672-9822-933e1dcc8efb	105308720	105318255	rev	6938	-3	right	UWB_Cisp0
chr1	110593862	110598814	667d69b7-d7f5-4c8d-aec2-fdab5362ac06	110591885	110600240	fwd	4934	-3	right	UWB_Cisp0
chr1	112054381	112063502	01746e2a-d7f1-434b-9851-c5b1db986905	112051672	112068335	rev	9112	-3	right	UWB_Cisp0
chr1	117329605	117340911	42ca0d75-a2ff-4570-90e8-4f713c753489	117324450	117341986	rev	11221	-3	right	UWB_Cisp0
chr1	118031792	118037416	972ed3f8-d887-42d7-b639-c09e2590f520	118030916	118037431	rev	5609	-3	right	UWB_Cisp0
chr1	120520460	120527497	f948219e-258a-466e-9bbf-c2d4479467c0	120520452	120529375	rev	6975	-3	right	UWB_Cisp0
chr1	120904330	120909686	5bc50896-0298-4a54-ba7a-57c0477a3a96	120897416	120909693	fwd	5356	-3	right	UWB_Cisp0
chr1	143213478	143222723	28f1b9da-42ea-49c9-a662-bdf92093134d	143213470	143223517	rev	7814	-3	right	UWB_Cisp0
chr1	143223666	143229966	b1ef99c6-24cd-4242-a6da-5f3af529d48d	143217189	143241026	fwd	763	-3	right	UWB_Cisp0
chr1	147790855	147797914	0c47f536-bd01-47a1-b1a5-67533db0e491	147785890	147803850	fwd	7045	-3	right	UWB_Cisp0
chr1	148281029	148288086	dfb945fb-9d04-4a26-82b5-8df20c2bfbdc	148273643	148300913	fwd	7003	-3	right	UWB_Cisp0
chr1	151773225	151779746	28d08b6a-a08e-4370-81cb-dbac0740aad9	151769153	151779753	fwd	6501	-3	right	UWB_Cisp0
chr1	152641360	152648120	3c2104b2-ede0-4f6a-874e-da20ec436248	152633344	152648157	rev	6716	-3	right	UWB_Cisp0
chr1	154222860	154228288	d4c2dfc2-fec0-4ee4-9da2-a2aeaaf90380	154216450	154228476	rev	5442	-3	right	UWB_Cisp0
chr1	157072668	157082088	4bb02dbc-be70-4774-9e77-55c313a7da64	157070998	157082709	fwd	9418	-3	right	UWB_Cisp0
chr1	160651014	160662514	40c8b600-ab59-4501-b2e7-515eda6f18ee	160650755	160662522	fwd	11416	-3	right	UWB_Cisp0
chr1	164666724	164670305	4436ee20-2ef5-49bc-8ae0-7c55b3082ef0	164656841	164674319	rev	3600	-3	right	UWB_Cisp0
chr1	165290896	165297630	a6445869-4ec3-499a-ac14-24650deaf7b9	165286000	165297644	fwd	6719	-3	right	UWB_Cisp0
chr1	166459782	166468187	e96c1362-1910-4087-afec-2c4b29e7501b	166458803	166468999	rev	8343	-3	right	UWB_Cisp0
chr1	169893437	169900521	469b482b-fa3c-4194-b070-4e326015fbd7	169892308	169900525	rev	7091	-3	right	UWB_Cisp0
chr1	170001894	170010656	574110e6-a0e1-4116-add3-9f03fd453a9a	169999722	170010660	rev	8719	-3	right	UWB_Cisp0
chr1	170855999	170863406	19897918-ae68-43c1-a51a-e9dd5b6dacaa	170854367	170863412	fwd	7419	-3	right	UWB_Cisp0
chr1	178658053	178666781	4f5f70cc-fd75-406b-ba86-b28b94b71184	178658045	178673532	fwd	8679	-3	right	UWB_Cisp0
chr1	179097017	179101147	97393bea-f8db-4a30-8456-2aed4ac57537	179096209	179108155	rev	4128	-3	right	UWB_Cisp0
chr1	179915382	179919898	40bb3b9b-905a-44af-9dba-bd0a7b136bcb	179913261	179919902	rev	4532	-3	right	UWB_Cisp0
chr1	180064348	180069815	4d438b8c-b06e-4789-9f09-1b350d1d00c1	180059543	180069820	rev	5497	-3	right	UWB_Cisp0
chr1	180612576	180617887	7bae67aa-efd5-43de-8994-33968236292f	180604768	180617893	fwd	5287	-3	right	UWB_Cisp0
chr1	185768847	185772914	be269848-c946-464c-ad90-8b9917a64882	185767036	185772923	rev	4052	-3	right	UWB_Cisp0
chr1	188768824	188777884	c7d7bcfd-2802-4119-90d3-7a7fd07828c8	188768815	188778932	rev	8961	-3	right	UWB_Cisp0
chr1	189975475	189981022	b57ac32a-bcdf-4cab-8143-20939d0dfcb2	189965607	189984428	rev	5547	-3	right	UWB_Cisp0
chr1	193537175	193539355	58600f1b-83e5-414d-aedd-f9c65732765a	193532846	193545572	fwd	2197	-1	right	UWB_Cisp0
chr1	194494137	194501992	9b8a3f66-9285-4f25-94f9-9cb6072f0f8a	194492851	194504068	fwd	7818	-3	right	UWB_Cisp0
chr1	195644813	195649393	cef3b354-bd36-41e3-b8e5-490329afb00f	195644128	195649399	rev	4538	-3	right	UWB_Cisp0
chr1	205772147	205786294	5aeacedb-19a4-45b5-948e-6d371c7caf39	205756664	205787597	rev	14087	-3	right	UWB_Cisp0
chr1	208166043	208179406	d989248d-95cd-4c9b-b54d-daf9ab9a3e80	208163401	208181352	rev	13304	-3	right	UWB_Cisp0
chr1	212615154	212625139	718e669b-ce32-4b9a-9049-3386ed4c3fcc	212611755	212626939	fwd	9920	-3	right	UWB_Cisp0
chr1	213639227	213647779	eeca7b18-72b7-4b28-84c9-f461a9f7b158	213639219	213651425	rev	8532	-3	right	UWB_Cisp0
chr1	213690354	213696071	5083edf3-5278-4a92-914d-eb337f3083c4	213680519	213696077	rev	5671	-3	right	UWB_Cisp0
chr1	215715191	215721964	4405329f-675c-4819-afab-d627d94b824c	215715187	215721975	fwd	6762	-3	right	UWB_Cisp0
chr1	219374164	219379071	91438609-cda7-42e3-909c-0dd0b20c2657	219369374	219379075	rev	4858	-3	right	UWB_Cisp0
chr1	221955755	221964981	1990872b-8b1d-4304-bf06-aca76cbc5d2f	221954357	221964989	rev	9138	-3	right	UWB_Cisp0
chr1	225821139	225826961	33fcfab9-c9ea-4b5f-9f8a-88d178adee72	225814588	225827007	rev	5795	-3	right	UWB_Cisp0
chr1	230033452	230036533	b3f335a3-a8f0-4680-8884-8f49278df4a5	230021383	230036538	fwd	3056	-3	right	UWB_Cisp0
chr1	230108497	230111483	73d77209-776a-48a7-8c65-d55cd20e58d3	230094201	230115473	rev	3050	-3	right	UWB_Cisp0
chr1	230125150	230132275	8e9c4a58-d14e-49d5-8736-d1f1f23f2d2a	230122906	230132282	fwd	7113	-3	right	UWB_Cisp0
chr1	234014600	234023787	2325a8b1-08a5-46f5-9aa0-2782508ace99	234011815	234023799	fwd	9140	-3	right	UWB_Cisp0
chr1	242288416	242300192	9bae1d08-03ce-4825-9059-13eb4b567688	242285542	242312905	rev	11740	0.107709	right	UWB_Cisp0
chr1	245114070	245118742	8147f1ab-553b-4acd-b176-f5495a8f6806	245106714	245118746	rev	4656	-3	right	UWB_Cisp0
chr1	246110322	246120962	448137e3-6b6c-4d23-80eb-97133dd2b651	246110316	246120966	rev	10618	-3	right	UWB_Cisp0
chr1	247249231	247257547	6c3e16b7-6b6c-4dec-938b-b0249120b9d8	247249217	247260293	rev	8321	-3	right	UWB_Cisp0
chr10	10098958	10110185	c2a0fb39-4779-4854-bbfd-842faf9f4261	10094612	10110191	fwd	11126	-3	right	UWB_Cisp0
chr10	22397738	22414768	0f80ffdf-5173-41d7-9f4f-d40c2a6fde2a	22394969	22419141	rev	16963	-3	right	UWB_Cisp0
chr10	30767671	30773797	ca11a67c-5c26-49d5-b04d-a478b8977dff	30765072	30773802	fwd	6114	-3	right	UWB_Cisp0
chr10	32429745	32437389	3f86607b-c25f-4899-934c-e4f92cf0235f	32429112	32437395	rev	7580	-3	right	UWB_Cisp0
chr10	32611481	32620983	622192fb-8fce-4ea1-b823-fa51fb12dd69	32611473	32621628	rev	9465	-3	right	UWB_Cisp0
chr10	33851421	33869561	36520573-0e12-4215-b448-8d8063dc8b88	33828425	33870132	fwd	18070	-3	right	UWB_Cisp0
chr10	34278174	34288440	2f7d68da-c8b6-455a-b241-e429693cb61a	34278168	34290883	fwd	10212	-3	right	UWB_Cisp0
chr10	41871321	41876872	c2e693dc-b7d2-42f7-ba08-de50941dbef2	41842917	41878211	fwd	5060	-3	right	UWB_Cisp0
chr10	41871706	41875063	42a21ae2-7697-433e-950c-ad0cd9f9a914	41862729	41880440	fwd	3077	-1	right	UWB_Cisp0
chr10	41865288	41877995	63aaac36-cb12-4f29-969e-acd347167ebd	41862870	41879297	fwd	12889	-3	right	UWB_Cisp0
chr10	41869602	41876710	cf1a7980-23b2-4ad1-aebe-d0dccd3a81c1	41867290	41883450	fwd	5156	-1	right	UWB_Cisp0
chr10	41888182	41890852	08fd7e0f-fda5-4fd3-a9cb-acec9cdb1788	41879298	41894375	fwd	1983	-3	right	UWB_Cisp0
chr10	41886271	41892605	71c13899-03e0-4802-b672-7eeee4c4fc79	41883621	41898023	fwd	4253	-3	right	UWB_Cisp0
chr10	41884049	41889482	6139130c-6a9a-4ee4-b8a1-b50d93cc4d4a	41883793	41905515	fwd	2846	-3	right	UWB_Cisp0
chr10	41888317	41894870	5f518075-7a9f-4302-9000-3988f697b85a	41887180	41916265	fwd	4831	-1	right	UWB_Cisp0
chr10	41899411	41907529	7d6ea512-96db-4bb7-bf87-734b58938dbb	41898670	41909054	fwd	9196	-3	right	UWB_Cisp0
chr10	41903288	41907379	6715e6cd-a4a2-4491-bdd9-c905ea718a48	41899829	41915786	fwd	4557	-3	right	UWB_Cisp0
chr10	46379182	46384759	de779b6d-fe53-4eee-837e-3b9e4950a58a	46374341	46385703	fwd	5491	-3	right	UWB_Cisp0
chr10	59827030	59831633	cc5956d5-6be6-40ed-bb34-f1c89ba4ef79	59826994	59835726	rev	4594	-3	right	UWB_Cisp0
chr10	61080798	61088642	39878429-8455-4b5c-87ba-d11d21a67fd9	61079579	61089238	rev	7842	-3	right	UWB_Cisp0
chr10	69075166	69080842	4e492922-999e-4cfa-9f85-e41b750ab6c2	69075159	69084482	fwd	5596	-3	right	UWB_Cisp0
chr10	70445046	70450583	e558cf3b-af53-4384-b5cc-9e579477f838	70439679	70450589	fwd	5536	-3	right	UWB_Cisp0
chr10	70487023	70493430	fd4490aa-10fe-4dab-b62d-bba06c26b681	70487012	70494539	fwd	6382	-3	right	UWB_Cisp0
chr10	70794900	70799122	6926e336-0baf-411e-b3e7-f94c2a173995	70750975	70800108	fwd	4206	-3	right	UWB_Cisp0
chr10	75572453	75579523	63241c50-fd27-4556-83d3-d1096dd1fb44	75569876	75579712	rev	7089	-3	right	UWB_Cisp0
chr10	77931433	77937169	e81cdd64-f185-45d1-8017-adf4d9cf0a79	77930976	77947738	rev	5719	-3	right	UWB_Cisp0
chr10	83445670	83451004	0e8a019c-d727-4d42-a730-d2b7c1931299	83445665	83451011	rev	5326	-3	right	UWB_Cisp0
chr10	93715145	93724184	964c37d1-eeb9-44c8-87e5-e0ee47d57fc3	93706986	93739495	rev	9014	0.498761	right	UWB_Cisp0
chr10	95727877	95732014	b0878535-928c-404b-a82a-2c23d00654bc	95722517	95732021	fwd	4115	-3	right	UWB_Cisp0
chr10	97481687	97488882	129cd66e-2d0e-4068-abfc-aebe5e700607	97478456	97490464	rev	7154	-3	right	UWB_Cisp0
chr10	100457811	100462314	fb2bedf3-5631-49db-95ae-19949e6e9167	100454679	100462319	fwd	4475	-3	right	UWB_Cisp0
chr10	103390430	103396316	add616ba-a580-4494-b159-8badfbcb8e22	103376586	103400987	fwd	5863	-3	right	UWB_Cisp0
chr10	120059421	120068664	2f62f40d-2771-4662-9690-36bdb53ea361	120059412	120068668	rev	9204	-3	right	UWB_Cisp0
chr10	121529413	121537261	42aab0ec-c0c3-4172-a0d4-3f7534841645	121513468	121537270	fwd	7768	-3	right	UWB_Cisp0
chr10	125819623	125831125	df52d786-cc10-4176-8387-03ce44511671	125819454	125832740	rev	11891	-3	right	UWB_Cisp0
chr11	9188111	9191150	82bc7cd1-0959-424b-8c68-f272a409da99	9181543	9191159	fwd	3023	-3	right	UWB_Cisp0
chr11	14430551	14442389	9e75ab2c-2d22-46db-8c35-2ed6ea26e159	14425350	14442718	rev	11787	-3	right	UWB_Cisp0
chr11	19108373	19113449	8f269f39-0366-449a-aa91-01716c1eff1c	19107131	19114472	fwd	5084	-3	right	UWB_Cisp0
chr11	26037881	26044726	15c8692a-294f-4028-84be-647125fb8642	26035020	26044731	fwd	6828	-3	right	UWB_Cisp0
chr11	29689461	29699831	4cfd1b5b-177e-4e9e-a40e-aff711c49f3a	29683458	29704889	fwd	10282	-3	right	UWB_Cisp0
chr11	29921128	29932631	5047dfbd-e8e3-4041-9eac-5890cd776bcf	29919937	29933366	fwd	11440	-3	right	UWB_Cisp0
chr11	34760539	34767996	ba3f15b6-85b3-4044-b2e7-e22fdc3464ec	34756868	34773159	rev	7453	-3	right	UWB_Cisp0
chr11	39749583	39754538	954d5fd8-50bb-4c0c-a907-92f06240caa3	39733968	39754543	fwd	4900	-3	right	UWB_Cisp0
chr11	46526800	46535717	4f4ca8e4-0342-4d73-bc51-b2f81357d048	46518223	46535722	rev	8815	-3	right	UWB_Cisp0
chr11	48258039	48262086	8923ba7b-b7aa-4eec-8c96-1a0dbdfb45c2	48258034	48273114	fwd	4043	-3	right	UWB_Cisp0
chr11	48320256	48326397	9ad68914-0235-45a9-9548-5bb0a87353b5	48317987	48326402	rev	6181	-3	right	UWB_Cisp0
chr11	49181511	49190223	567cd4ed-a377-462a-bbb7-1c8232ac79df	49181505	49190232	rev	8585	-3	right	UWB_Cisp0
chr11	58086617	58089623	67410508-90dc-43f2-a2ba-368a2b282a39	58082509	58089629	fwd	3004	-3	right	UWB_Cisp0
chr11	63321123	63335722	f203282f-27be-455b-9598-b3b440d5895b	63321118	63339579	fwd	14569	-3	right	UWB_Cisp0
chr11	66009783	66017561	6963203a-3a07-40f9-b6f7-3a98bb298a1a	66004992	66024363	rev	7739	-3	right	UWB_Cisp0
chr11	71589316	71594281	bec4c142-fdc6-4fd0-8dca-f0929c219afd	71584322	71598719	rev	4912	-3	right	UWB_Cisp0
chr11	75473187	75483666	88ea0337-93a6-493b-bd18-c51c6c5a094c	75473179	75483676	rev	10475	-3	right	UWB_Cisp0
chr11	86084564	86092044	9331468d-c647-47b1-845f-a817bf5218a0	86071967	86092053	rev	7405	-3	right	UWB_Cisp0
chr11	93279822	93289728	3ce6e242-d6f6-4c62-beb1-cdadca508ef3	93273921	93292747	fwd	9858	-3	right	UWB_Cisp0
chr11	94233435	94239606	2660e01f-4c83-47b8-8066-37b8cf2b7707	94232894	94239611	fwd	6170	-3	right	UWB_Cisp0
chr11	106095757	106104980	196431b2-8b8f-4467-bb19-f4044f831df2	106090710	106104986	rev	9234	-3	right	UWB_Cisp0
chr11	112048009	112056316	aaaa9523-4f44-4716-9d39-2cd8d1dfe8f8	112028108	112057907	rev	8305	-3	right	UWB_Cisp0
chr11	113101796	113110481	e516a328-bc3f-4802-9204-8c9b1de316fc	113097070	113112094	rev	8716	-3	right	UWB_Cisp0
chr11	113990663	113995447	9c45880f-c9b8-4682-81a4-ca71db343d9c	113981611	113998771	rev	4779	-3	right	UWB_Cisp0
chr11	117080674	117090808	9a853eb4-c212-4b9f-954a-d957ceced918	117067726	117090812	rev	10046	-3	right	UWB_Cisp0
chr11	118910582	118920001	b35d87b0-f9ce-449e-98a8-652cf896da7c	118897841	118920006	rev	9360	-3	right	UWB_Cisp0
chr11	119124368	119127656	b5383cd1-8831-4990-a6ee-08b0b49108f2	119122196	119135698	rev	3246	-3	right	UWB_Cisp0
chr11	119756463	119759352	084d1ded-3cc8-4e7a-b930-c54b68b672b6	119749893	119759360	fwd	2848	-3	right	UWB_Cisp0
chr11	123099224	123103223	96347b12-dcd8-4ea3-82d7-44423c8395aa	123091018	123104278	fwd	4014	-3	right	UWB_Cisp0
chr11	123255031	123269970	3024faba-eda4-4f29-9acb-6390502d7e43	123245624	123269975	rev	14892	-3	right	UWB_Cisp0
chr11	125136092	125145475	ed4d0c0f-a66e-4e59-8b65-c9a98471c891	125116055	125146050	fwd	9323	-3	right	UWB_Cisp0
chr11	129605260	129611977	c211f93d-3922-4f76-bea0-57a14bf1259b	129603548	129620110	rev	6695	-3	right	UWB_Cisp0
chr11	130290235	130300463	26993395-ce23-4b68-8146-973f5685e096	130290231	130300477	fwd	10181	-3	right	UWB_Cisp0
chr11	132143292	132150155	7592f780-5968-490c-9446-7baf1d7effe8	132138649	132150890	rev	6822	-3	right	UWB_Cisp0
chr11	134352015	134361365	3cc44bf5-da1f-4a32-a74a-d83d9730730e	134352003	134361370	fwd	9292	-3	right	UWB_Cisp0
chr12	2350312	2354941	10b5fc3f-8b8a-4470-b628-3b2757781bfe	2347441	2355296	fwd	4614	-3	right	UWB_Cisp0
chr12	4845632	4856297	08565d7a-dbf5-47ed-bfc9-22945f7edd66	4841100	4856302	rev	10643	-3	right	UWB_Cisp0
chr12	9950351	9955908	40234feb-eecc-41e2-9343-854fe22fe1b9	9950347	9957119	fwd	5537	-3	right	UWB_Cisp0
chr12	14801126	14806450	8114230e-f834-4141-8cff-338d1b4f66e3	14792765	14806455	fwd	5305	-3	right	UWB_Cisp0
chr12	14955013	14963012	e04322f2-00ab-42b2-ac22-1f25621903f3	14955002	14963026	rev	7939	-3	right	UWB_Cisp0
chr12	17381814	17386768	dac2a9a3-4e01-47db-8788-2dc48e6c5cc3	17375532	17387719	rev	4913	-3	right	UWB_Cisp0
chr12	22608092	22613841	e44bbf0c-dc19-4164-9315-01750cf73f35	22603071	22613846	rev	5706	-3	right	UWB_Cisp0
chr12	26501040	26507136	9068a8e1-a85b-4ee0-8e3c-de9f672e3607	26477542	26507142	rev	6092	-3	right	UWB_Cisp0
chr12	33262131	33268756	c74bde07-79ed-4c3f-8380-df0a3f1498c3	33255193	33274118	rev	6589	-3	right	UWB_Cisp0
chr12	37626396	37638995	3f84991f-4afb-4c01-97fe-7c7199125dc1	37626389	37640806	rev	12560	-3	right	UWB_Cisp0
chr12	38803015	38813645	17c9a90d-afa5-483b-81eb-83196bee525b	38803010	38815551	rev	10642	-3	right	UWB_Cisp0
chr12	47864055	47870992	f41b4875-ffe0-4eb6-98f9-57dba6c673f0	47857832	47871507	fwd	6927	-3	right	UWB_Cisp0
chr12	48217932	48224804	fef80993-29ad-47ee-9aae-58116ae3890e	48215716	48229330	fwd	6840	-3	right	UWB_Cisp0
chr12	51058520	51065882	b7c22c43-442b-4d0a-a626-62b0aad979b0	51049504	51065887	fwd	7387	-3	right	UWB_Cisp0
chr12	51316148	51326188	039b5d7a-c2b6-4491-8acc-d0db25ec223e	51316109	51327345	rev	10008	-3	right	UWB_Cisp0
chr12	53003990	53009517	c659bea9-87c5-41dd-a914-fb8f76bf6feb	53001993	53009755	fwd	5508	-3	right	UWB_Cisp0
chr12	53269049	53272922	c8a051b2-a001-4f53-86f3-7356f7d30cfb	53263351	53279391	fwd	3844	-1	right	UWB_Cisp0
chr12	55648839	55654480	221dc59d-057d-425e-8768-aecec89e8517	55644155	55656779	fwd	5633	-3	right	UWB_Cisp0
chr12	57638192	57648888	f6f2d9dd-9891-4a3d-8e3e-c6811d4cc40e	57638186	57648893	fwd	10619	-3	right	UWB_Cisp0
chr12	63269950	63275858	4920d0fc-2aed-43f1-89ff-9b24f37bbf0c	63259971	63275864	fwd	5880	-3	right	UWB_Cisp0
chr12	68897671	68902245	54aee5a0-3393-41d6-b94a-62b204c9e2db	68893892	68902250	rev	4577	-3	right	UWB_Cisp0
chr12	69537588	69545303	b8edf506-bc67-4b6f-b517-f3653403d58e	69530056	69545314	fwd	7699	-3	right	UWB_Cisp0
chr12	70459378	70464874	882041e1-74df-4604-bd36-cb654d7c5bc3	70453722	70464879	rev	5452	-3	right	UWB_Cisp0
chr12	74811705	74818632	791be436-b182-4890-bcdd-2c423a575282	74809635	74818639	rev	6895	-3	right	UWB_Cisp0
chr12	76108820	76115528	2dffd823-55de-44f7-98b8-64601fd93a57	76093571	76115532	rev	6683	-3	right	UWB_Cisp0
chr12	76339261	76343312	5301ea59-2aa5-46a2-9b54-a03c86a8b88e	76337325	76343317	fwd	4041	-3	right	UWB_Cisp0
chr12	81167537	81171483	7d76fb12-0262-4adf-b22b-7f5c6e5f453b	81162928	81171489	fwd	3916	-3	right	UWB_Cisp0
chr12	93217685	93223912	d6d6a4ab-e3d8-4ef3-a96c-3bdbff597159	93214976	93223920	fwd	6170	-3	right	UWB_Cisp0
chr12	96773017	96781430	b1406620-7990-4006-b0b4-b474350c74d0	96761802	96783359	fwd	8390	-3	right	UWB_Cisp0
chr12	97826549	97833665	96b21c96-3ce4-4555-a2b9-5b77c5c96eae	97818438	97843780	fwd	7073	0.379478	right	UWB_Cisp0
chr12	102578034	102592137	ab8a202c-a405-497c-b426-a8cca849e5d7	102574221	102592142	fwd	14042	-3	right	UWB_Cisp0
chr12	113636640	113640627	a77d3b59-e4a4-40a8-916f-41854e750d4b	113624472	113641032	rev	3979	-3	right	UWB_Cisp0
chr12	114786775	114792261	e3281ef9-4922-414d-970a-7552b87cea3d	114782312	114792270	rev	5463	-3	right	UWB_Cisp0
chr12	117349076	117353814	b3037a02-8dac-4969-9cfe-059bd5522db4	117345450	117353821	fwd	4712	-3	right	UWB_Cisp0
chr12	118362847	118371102	c0c7a313-4e2c-49aa-9874-958d5fde2f5c	118359937	118371109	fwd	8230	-3	right	UWB_Cisp0
chr12	118400705	118407738	e4bfd4f9-3dbb-4167-98a0-061cb7eae20e	118396196	118407742	rev	6985	-3	right	UWB_Cisp0
chr12	120442323	120445486	6fc39015-13ab-4faf-9e76-5aff9f2284d8	120437285	120445558	rev	3186	-3	right	UWB_Cisp0
chr12	122260313	122263120	8aaf727a-84ed-437c-90b9-94dbacc4c092	122250039	122264282	fwd	2764	-3	right	UWB_Cisp0
chr12	122473152	122480551	a1268ba8-d74f-4cfe-a549-3570d6b9785f	122473146	122483378	rev	7357	-3	right	UWB_Cisp0
chr12	127827857	127833239	c5d0126b-c9dd-4769-aa09-894683ef8f41	127818914	127834987	rev	5366	-3	right	UWB_Cisp0
chr12	127859962	127866173	09f1aa09-111b-4a6f-8837-af61544f270b	127854241	127866188	fwd	6182	-3	right	UWB_Cisp0
chr12	129247841	129257069	5e896866-1ec3-4a3b-9f9c-856ac6e54998	129247835	129257678	rev	9191	-3	right	UWB_Cisp0
chr13	26511659	26520836	190d0bcf-d64a-467b-aacf-63e32ade0de6	26506379	26520843	rev	9137	-3	right	UWB_Cisp0
chr13	29963529	29971144	ef09a16b-bab1-4c09-8462-f1627011eba2	29954664	29971149	rev	7503	-3	right	UWB_Cisp0
chr13	30821758	30826872	251519c6-a3b2-4be8-a869-2991305baa68	30811999	30829636	fwd	5087	-3	right	UWB_Cisp0
chr13	34185238	34188694	5a185b06-a655-4757-9732-ce5bbec6da14	34185234	34196553	fwd	3442	-1	right	UWB_Cisp0
chr13	37214990	37219513	db58fdd2-9796-49b4-844e-e135f2e2514f	37201979	37220396	fwd	4640	-3	right	UWB_Cisp0
chr13	39456383	39464397	3a198c3c-e121-4ea4-b420-c0937279a517	39445128	39464405	fwd	7980	-3	right	UWB_Cisp0
chr13	40388444	40395614	bafc0dd3-2d56-4712-abad-8dcc7e3048d9	40379239	40395618	rev	7157	-3	right	UWB_Cisp0
chr13	46628258	46638997	14593d1c-f714-442a-9bff-46c405bf08e1	46628249	46639002	fwd	10706	-3	right	UWB_Cisp0
chr13	46961107	46970625	b8f7c700-64bf-4efa-8f3b-328807ff87e2	46958507	46970634	fwd	9475	-3	right	UWB_Cisp0
chr13	48039621	48049441	a0bcee73-553d-41f1-8de3-0a4cbe632c19	48035381	48049451	fwd	9763	-3	right	UWB_Cisp0
chr13	52935238	52948910	0d0b9d76-88f6-483a-9264-ee0f89151a48	52934949	52950519	fwd	13554	-3	right	UWB_Cisp0
chr13	54204779	54213502	5a89903d-b4dd-458c-8bd0-bcb697e0cb6d	54194080	54213510	rev	8712	-3	right	UWB_Cisp0
chr13	55209141	55217657	5cc7504a-0c46-41f6-ac88-7e50ff0fb07b	55207311	55217664	fwd	8455	-3	right	UWB_Cisp0
chr13	57340318	57345486	72b7ca36-b3ee-42b7-9f9b-d175fd86ac58	57332192	57345491	rev	5161	-3	right	UWB_Cisp0
chr13	63243201	63248239	b419bbf8-857b-4a83-a169-07510f5af06a	63243190	63248243	rev	4980	-3	right	UWB_Cisp0
chr13	72729637	72736268	093a1b11-af1c-4b24-b278-b09636605485	72727153	72743340	rev	6627	0.736455	right	UWB_Cisp0
chr13	74005173	74010544	4563b4e7-8946-4620-b92e-5f60d0039d58	74004984	74014478	fwd	5326	-3	right	UWB_Cisp0
chr13	80777567	80799060	f0783e7b-13c1-4b6f-b715-0897b8b15380	80777561	80801209	rev	21446	-3	right	UWB_Cisp0
chr13	85414876	85421821	599bdf7d-599c-4840-9e3f-0e4768ff9b52	85409117	85421894	rev	6888	-3	right	UWB_Cisp0
chr13	87877240	87887103	f2df1d86-5e49-40c7-8708-cc2070217239	87871544	87902315	fwd	9812	-1	right	UWB_Cisp0
chr13	87894930	87900317	f2df1d86-5e49-40c7-8708-cc2070217239	87871544	87902315	fwd	5384	-3	right	UWB_Cisp0
chr13	93130889	93141803	273222d3-ba3b-4c15-96fd-b4f6a24bac16	93126120	93146733	fwd	10854	-3	right	UWB_Cisp0
chr13	99725976	99731577	18db6bbe-1082-4c6e-8cc8-0003a94337fe	99725677	99731583	rev	5600	-3	right	UWB_Cisp0
chr13	110175038	110184029	9447229b-ee3e-4fd1-a044-f7c2165b4a86	110167587	110184920	rev	8898	-3	right	UWB_Cisp0
chr13	110814572	110821022	3234736f-71c6-457d-82bf-e9e4ef8f76c3	110809307	110821030	fwd	6408	-3	right	UWB_Cisp0
chr14	18948235	18953320	1fb0ede6-4271-4ead-b738-c23f7a210351	18948229	18954643	rev	5070	-3	right	UWB_Cisp0
chr14	30864730	30870619	bebead13-555f-4969-8cb1-8825c6f900eb	30863556	30872411	fwd	5866	-3	right	UWB_Cisp0
chr14	33675986	33681561	c5ed6f3b-07e4-44ee-b57b-b9316c94d79a	33672965	33681567	rev	5536	-3	right	UWB_Cisp0
chr14	35720885	35734447	30e3e336-a1ba-4ea3-8fae-1d7c40a39e5b	35720879	35734758	rev	13494	-3	right	UWB_Cisp0
chr14	40905001	40908045	24454712-88b8-4646-8a7b-d5c231e6c07d	40900998	40908054	fwd	3168	-3	right	UWB_Cisp0
chr14	42556409	42561954	89f45cd2-399f-4f2a-aa3b-9c5f315c1090	42556405	42563789	fwd	5497	-3	right	UWB_Cisp0
chr14	43102181	43106760	a991cf8d-6f1b-400d-ae9f-a527cde14a1b	43098051	43113718	fwd	4547	0.188672	right	UWB_Cisp0
chr14	45974995	45988404	a2554e66-7a1b-45d4-bb8e-48d343b4fa1c	45974544	45990844	rev	13392	-3	right	UWB_Cisp0
chr14	46488208	46492828	de5239e8-d0d1-4920-96b4-11cabbcd8f59	46479475	46492832	rev	4582	-3	right	UWB_Cisp0
chr14	48644313	48647839	47f49a26-4da7-4745-b467-69407b39058f	48637483	48647849	fwd	3542	-3	right	UWB_Cisp0
chr14	56791584	56801952	606e8a44-c13e-4721-ab85-be3ce342db73	56791576	56801960	fwd	10328	-3	right	UWB_Cisp0
chr14	57964873	57971779	479fc65a-1ee0-49c2-b04a-636bd5499f06	57962983	57972690	fwd	6887	-3	right	UWB_Cisp0
chr14	58836233	58851589	dd29d143-d3d9-4da0-87fb-5f39f00e22ff	58830780	58852090	fwd	15257	-3	right	UWB_Cisp0
chr14	76096544	76103527	b10f17f5-8f7d-4513-a84d-32a0b7dc9085	76093132	76104169	rev	6946	-3	right	UWB_Cisp0
chr14	77767988	77785152	ced19e77-79f9-4d9d-9387-1123d9ab88f1	77765885	77793318	fwd	16795	0.07045	right	UWB_Cisp0
chr14	79990385	79996153	15067cc2-b9fc-4a34-b878-15c34608fcea	79989635	79998016	rev	5707	-3	right	UWB_Cisp0
chr14	83825011	83832837	f9b30560-204b-409c-8b7a-86949bd7edcb	83822117	83832843	fwd	7755	-3	right	UWB_Cisp0
chr14	87683995	87691886	f9b47743-5f01-4896-8cd1-067bc9f1f6e2	87680920	87691897	rev	7810	-3	right	UWB_Cisp0
chr14	89962091	89967378	ff65b2e7-127c-4be7-bfc4-5dd0ff5d82b3	89949302	89970133	fwd	5282	-3	right	UWB_Cisp0
chr14	94660352	94664166	996a2886-5c49-440b-b5b8-119459de31cb	94647886	94664170	rev	3781	-3	right	UWB_Cisp0
chr14	97877223	97886297	2ec521ec-938c-4bd0-a246-7970f3a16ecb	97877218	97886463	fwd	9039	-3	right	UWB_Cisp0
chr14	104234852	104242964	7db7c00f-37f7-4121-b16c-4c282ce26cab	104234848	104242974	fwd	8061	-3	right	UWB_Cisp0
chr15	37233570	37238525	f50182bb-f520-40e8-b16c-b9a6678294df	37224405	37242170	rev	4927	-3	right	UWB_Cisp0
chr15	44970041	44975134	260cc4a2-1438-4677-8b65-ed821ca97633	44970036	44975140	rev	5087	-3	right	UWB_Cisp0
chr15	52218925	52225179	1dcff624-ac31-4328-985c-9ece0a6206e3	52216131	52225186	fwd	6200	-3	right	UWB_Cisp0
chr15	52977554	52984060	45beb359-b729-4069-97f8-fb8396b89ea7	52975494	52984067	rev	6491	-3	right	UWB_Cisp0
chr15	56196569	56202546	2a67cb60-8147-43cf-b929-774c8498343b	56193609	56202552	fwd	5937	-3	right	UWB_Cisp0
chr15	57319542	57328655	84aef0ef-fa29-4c4e-aea8-29915329a8e4	57317481	57329114	fwd	9041	-3	right	UWB_Cisp0
chr15	60578373	60584906	9b386b5a-120e-4273-b378-507e464daf1a	60570176	60585972	fwd	6539	-3	right	UWB_Cisp0
chr15	61241643	61246283	8b95c4df-a4c8-4eae-b9a4-dd2c3ac6c75a	61232690	61246290	rev	4576	-3	right	UWB_Cisp0
chr15	61742534	61746568	3f036271-00ae-4a7a-9e61-9f959598ca82	61738245	61746581	fwd	4026	-3	right	UWB_Cisp0
chr15	70847406	70853799	4afbd557-fc50-4e62-93ea-bd29ecd12e77	70839226	70855939	rev	6383	-3	right	UWB_Cisp0
chr15	72239480	72243767	c43d12fc-f4dd-4459-8eb2-2fc8010ac532	72237888	72250551	fwd	4292	-3	right	UWB_Cisp0
chr15	78615313	78620793	241aeece-e8d6-4031-9ffb-7acf9520c40f	78612231	78623132	fwd	5498	-3	right	UWB_Cisp0
chr15	78652755	78658240	8534dd0b-2ef2-4868-8e86-85d4146c6620	78652750	78671702	rev	5508	-3	right	UWB_Cisp0
chr15	84774387	84781699	485790aa-ce78-4235-8f0f-9f84d6b3098b	84774380	84781705	fwd	7237	-3	right	UWB_Cisp0
chr15	86054515	86062335	d86688c2-50b7-4378-9207-70a19c37cd35	86054492	86063303	rev	7821	-3	right	UWB_Cisp0
chr15	95624246	95632738	1e34d56b-2573-4274-9a60-1b44b39c03f7	95617644	95632743	fwd	8445	-3	right	UWB_Cisp0
chr15	96297392	96304732	0acf9539-5a63-43c7-a7d3-453b41b9fd93	96294498	96308175	rev	7306	-3	right	UWB_Cisp0
chr15	98845695	98853147	f6c75336-ce57-4787-8a52-5396f155ed00	98837774	98853155	fwd	7384	-3	right	UWB_Cisp0
chr15	99087577	99091369	3568e7e9-616c-4bde-845b-4ef7440615e0	99077795	99091376	rev	3762	-3	right	UWB_Cisp0
chr15	101334570	101338756	69135f6b-3a65-4974-9e02-2efd6f9d1b7d	101331322	101338761	rev	4130	-3	right	UWB_Cisp0
chr16	5742826	5757513	52b9c422-d7a5-45b9-8ebb-85e3a4a1fa9f	5736774	5758190	rev	14617	-3	right	UWB_Cisp0
chr16	7506053	7514244	94233342-c606-4594-83eb-9824c8c35c80	7500126	7515054	fwd	8173	-3	right	UWB_Cisp0
chr16	17536075	17546506	35b6caef-84d1-4eb0-b8e2-32bf901efa06	17536070	17546764	fwd	10406	-3	right	UWB_Cisp0
chr16	19892949	19900953	74a67838-a5dc-4f8a-9df1-15fb62104328	19890516	19900958	fwd	7972	-3	right	UWB_Cisp0
chr16	21063242	21070941	ee20f143-043e-4cd9-951b-fe715850675d	21063236	21072138	rev	7709	-3	right	UWB_Cisp0
chr16	22206342	22218632	c94502e7-bd1b-4f75-a315-583019eaff61	22182372	22222037	fwd	12300	-3	right	UWB_Cisp0
chr16	22796442	22810012	1e9d973d-8d96-4c5d-bdc1-982f0fbb4c0f	22796434	22810019	rev	13490	-3	right	UWB_Cisp0
chr16	23442710	23452760	0864dac3-e90b-46c4-96ad-ef8e87575b68	23438244	23453544	fwd	10018	-3	right	UWB_Cisp0
chr16	23693453	23697667	d6e8e469-8ef9-4ad0-b3c8-8f98776eb5bc	23688134	23697726	fwd	4189	-3	right	UWB_Cisp0
chr16	23727521	23733743	37e8a30c-2c6e-44f5-9f18-9729c84c55e8	23722921	23733748	fwd	6196	-3	right	UWB_Cisp0
chr16	25873590	25886099	659ebf64-b897-4f3e-b938-1f2b088eed73	25869615	25886113	fwd	12416	-3	right	UWB_Cisp0
chr16	27938831	27952076	4790e666-222c-42d1-ae8c-5345c61da4c3	27926713	27952308	fwd	14554	-3	right	UWB_Cisp0
chr16	28957613	28966973	395deeb5-8384-42a4-ae2c-b582814b0187	28943999	28966977	rev	9260	-3	right	UWB_Cisp0
chr16	31536253	31540277	fcea1527-c229-4361-a71a-135fe3d18ad9	31533719	31545939	fwd	3993	-3	right	UWB_Cisp0
chr16	33974727	33979905	c2e49c4c-94b1-4e08-9600-76166eb4ea45	33970354	33979909	rev	5164	-3	right	UWB_Cisp0
chr16	35593937	35600728	5f220103-3ecc-4cbf-a6a2-d9a7e4ab249e	35587805	35600747	fwd	6720	-3	right	UWB_Cisp0
chr16	46389314	46393803	f092297f-b848-4c03-b6bd-f468526169be	46382552	46409480	rev	2015	0	right	UWB_Cisp0
chr16	46382558	46391589	bc2e5953-dacc-462b-95a7-c19348af96b2	46382552	46407058	rev	8849	0.420207	right	UWB_Cisp0
chr16	46392702	46398535	fbb23419-ee3b-4e57-9de3-022c158fb9c4	46382554	46406074	fwd	1292	-3	right	UWB_Cisp0
chr16	46391303	46397294	b121d2fc-6c44-45af-8088-6e1abc8e60c2	46383509	46402917	rev	975	-3	right	UWB_Cisp0
chr16	46391278	46397309	8dcfe535-4817-42da-93c8-d44b31aee386	46383582	46402088	fwd	1007	-3	right	UWB_Cisp0
chr16	46385233	46392750	9f4c8e33-2fa8-429d-a302-5cf89035a8b9	46385225	46404014	rev	5865	-1	right	UWB_Cisp0
chr16	46392962	46397309	4a59b2da-cfcf-4c3b-ad82-3599c937d296	46385390	46399113	fwd	3346	-3	right	UWB_Cisp0
chr16	46392953	46402440	56271315-06ce-47ae-8814-df2391512fa2	46387476	46403725	fwd	7314	-3	right	UWB_Cisp0
chr16	46398225	46401973	2a2d2a56-e75d-4e6d-a3f7-6857eefb638b	46387684	46402040	fwd	3753	-3	right	UWB_Cisp0
chr16	46394493	46403257	731635ce-1010-434e-b860-7af610e17de9	46387708	46404809	rev	5587	-3	right	UWB_Cisp0
chr16	46389265	46396269	b8573561-4e52-4db7-b7ad-029e9382101f	46388073	46410173	rev	3410	-1	right	UWB_Cisp0
chr16	46390451	46397912	6a084001-33c3-44dc-872c-32eb153cf1f4	46389109	46409465	rev	1901	-1	right	UWB_Cisp0
chr16	46391550	46397294	89fe840b-64f9-49bc-9d51-a7e3ba5f106c	46389661	46406627	rev	2970	-3	right	UWB_Cisp0
chr16	48721995	48742127	112de2f2-5cbf-4cc5-a2b4-662c74d607d7	48706346	48742782	fwd	20114	-3	right	UWB_Cisp0
chr16	48854478	48862927	0da79d70-2e30-445c-935a-20901bb3f2c2	48854470	48862936	rev	8425	-3	right	UWB_Cisp0
chr16	52065301	52071078	0dce75f5-d021-47da-ab58-a95766739ea1	52063842	52074005	fwd	5759	-3	right	UWB_Cisp0
chr16	55548108	55554305	729ff2f9-f834-4579-8509-4edfb1be1bab	55546158	55556986	rev	6142	-3	right	UWB_Cisp0
chr16	57400914	57410559	5db959d4-7878-411e-9ddf-d5b41dd894e4	57400908	57414813	fwd	9711	-3	right	UWB_Cisp0
chr16	58701008	58707483	96270870-f65a-4a26-bb81-42cb6ed18aec	58700533	58715235	fwd	6447	-3	right	UWB_Cisp0
chr16	68360321	68372180	03e3e77a-ac12-4315-83ea-effad1ffe7de	68360310	68372187	fwd	11869	-3	right	UWB_Cisp0
chr16	71076980	71080514	e4e117fb-1c26-4638-a256-d5dc177402d5	71070025	71080519	rev	3539	-3	right	UWB_Cisp0
chr16	71739939	71752252	ba49db72-d5fc-4d96-93c3-2738ec85c312	71738929	71752256	rev	12192	-3	right	UWB_Cisp0
chr16	74362223	74373302	bae078f4-a44d-4e23-9bc0-0d8c8edbf8d2	74362218	74373306	rev	11106	-3	right	UWB_Cisp0
chr16	82637495	82648264	a2817b55-2609-4c9e-99ef-2dd0dd6ea31a	82637094	82649951	rev	10738	-3	right	UWB_Cisp0
chr16	82887381	82896004	c371097a-6c99-4e36-b022-8362108e4c78	82884267	82896014	rev	8631	-3	right	UWB_Cisp0
chr16	88876929	88894940	3288a38c-4a34-429a-8a48-2e1d11470901	88873242	88894946	fwd	18699	-3	right	UWB_Cisp0
chr17	4090445	4098989	97d6ae72-556f-4e03-b544-0fe2c0863616	4090439	4099226	rev	8488	-3	right	UWB_Cisp0
chr17	5467319	5478713	0e526a29-47cc-4d82-b1f2-3e86cdda6b96	5467313	5479188	rev	11364	-3	right	UWB_Cisp0
chr17	8028712	8034990	236aeb46-5f18-4e82-8785-648b40b11a34	8020338	8035574	rev	6255	-3	right	UWB_Cisp0
chr17	8421082	8428577	d9a536c1-0cb7-43ab-b15d-4b45ab2b6dee	8414873	8430586	fwd	7501	-3	right	UWB_Cisp0
chr17	9095879	9105074	99f9dfdc-1ce2-443f-87b0-f0f4e91ae676	9095871	9106869	rev	9188	-3	right	UWB_Cisp0
chr17	12336391	12343771	b1670bb3-532a-4732-a560-36444bd5d6bb	12327975	12343786	rev	7326	-3	right	UWB_Cisp0
chr17	13982783	13991582	8f024ca1-aa34-4f3b-94c5-01d3c6dd8489	13959039	13992381	rev	8746	-3	right	UWB_Cisp0
chr17	29310420	29314822	235ff25c-5e84-4487-b833-070e23c77422	29309949	29326598	rev	4395	-3	right	UWB_Cisp0
chr17	30316463	30321780	03bb67b8-b07f-4bae-91ee-b2ca71be0fa5	30312857	30324890	rev	5308	-3	right	UWB_Cisp0
chr17	41990829	42005487	fa66370b-58d1-4c52-994a-596d8955cd9c	41989828	42015200	rev	14613	0.429833	right	UWB_Cisp0
chr17	43120847	43129427	da7ffa00-3eb9-4317-bd0f-2e4001026701	43120842	43146086	rev	8558	0.159903	right	UWB_Cisp0
chr17	44536443	44543870	b2b5d853-01ed-40ef-be37-df8791bbf699	44533267	44543884	fwd	7380	-3	right	UWB_Cisp0
chr17	47843109	47849566	e63c9648-603b-4f25-a1b2-b6cb2a673c78	47843101	47853956	fwd	6452	-3	right	UWB_Cisp0
chr17	53778081	53785120	3a7cdc1d-6393-4e40-b7ce-7c93853af10a	53778070	53785163	rev	7017	-3	right	UWB_Cisp0
chr17	61752135	61757895	f631ba7b-9881-4fa5-b498-7daaa2f10f91	61749625	61760920	rev	5740	-3	right	UWB_Cisp0
chr17	64673798	64681747	161df791-1163-437e-aca1-ea41da8697f6	64670672	64681754	fwd	7940	-3	right	UWB_Cisp0
chr17	64734398	64742227	5918efcf-a3aa-4a21-a748-c4dc4af7e33d	64718111	64742233	rev	7849	-3	right	UWB_Cisp0
chr17	75856680	75862550	4ab2709f-7fda-4c2b-8dda-136a843b7482	75852821	75862559	fwd	5892	-3	right	UWB_Cisp0
chr17	80609184	80612935	b9477de7-033e-4acd-82f1-295bb6b6b39b	80606412	80617509	rev	3746	-3	right	UWB_Cisp0
chr17	82486186	82490204	9672b5d5-b91b-4658-b154-68b7969c5521	82482982	82490435	fwd	4026	-3	right	UWB_Cisp0
chr18	1646071	1655359	5fda1cf6-0419-47f1-a14d-66ffd93119a6	1628464	1655368	fwd	9203	-3	right	UWB_Cisp0
chr18	4694590	4700257	d6651298-2223-488d-ba6c-51a8a64fdbc1	4689213	4721095	fwd	5654	0.539214	right	UWB_Cisp0
chr18	10130413	10136447	14188b7b-6306-433a-a7bb-a6d2c8fdffe6	10126661	10137709	rev	6013	-3	right	UWB_Cisp0
chr18	28337825	28343895	3d5ef8b8-f221-4ca7-b925-0bee1ac8d989	28333939	28343900	fwd	6040	-3	right	UWB_Cisp0
chr18	29047071	29052397	9ab7c928-2212-40f6-b5da-fd18052eb0ac	29045959	29052404	fwd	5322	-3	right	UWB_Cisp0
chr18	33082601	33090848	3a68a779-91a5-49c0-9de1-5cdfd4ea00fb	33078216	33090853	fwd	8239	-3	right	UWB_Cisp0
chr18	35046930	35060776	28b45870-c273-4871-bff2-96d67cc2a005	35043617	35060781	rev	13774	-3	right	UWB_Cisp0
chr18	48614893	48624535	669684d9-efbc-49ef-a8b5-2e6b58fe466c	48610856	48633547	fwd	9579	0.094747	right	UWB_Cisp0
chr18	50226242	50233148	612b46a8-b3d5-418b-bd56-18ae7a330139	50222766	50233153	fwd	6798	-3	right	UWB_Cisp0
chr18	60027608	60034203	5402580f-c6fa-41db-b164-28650a4290bf	60027603	60034270	rev	6576	-3	right	UWB_Cisp0
chr18	62045832	62048782	6cccba53-317e-4190-951b-988737ffcd23	62035967	62050764	rev	3249	-3	right	UWB_Cisp0
chr18	69377720	69388238	98769704-69e3-4beb-bb69-b6701c1bfc1a	69377078	69389147	fwd	10403	-3	right	UWB_Cisp0
chr18	70398536	70403582	4f8de225-08b9-4d5a-9421-cdb6ed60accc	70395741	70403594	fwd	5020	-3	right	UWB_Cisp0
chr18	71073091	71079015	6df805ff-32c4-4397-9e44-c754d97048d2	71070303	71083251	rev	5853	-3	right	UWB_Cisp0
chr18	71279208	71288549	ff66c1ff-b022-406d-9ff7-1d246f8a8269	71279196	71289870	fwd	9270	-3	right	UWB_Cisp0
chr19	9560245	9566409	4b3bd552-9170-4bb9-8e01-bf04b944ed0e	9546984	9566415	fwd	6170	-3	right	UWB_Cisp0
chr19	10238115	10245364	4c1dd949-961b-4787-aca6-b7ecc8a5cc39	10238108	10248955	fwd	7202	-3	right	UWB_Cisp0
chr19	14305110	14310598	25132406-a798-4ad2-bbc3-2b38b37942d2	14276094	14320276	rev	5483	0.502386	right	UWB_Cisp0
chr19	15826620	15840809	3c0b84d4-3811-46ab-a6fa-641712a8d8a0	15826615	15840817	rev	14077	-3	right	UWB_Cisp0
chr19	17289272	17297280	b1e35dda-3d65-43c4-9de0-d515e5a14952	17286087	17297288	fwd	8024	-3	right	UWB_Cisp0
chr19	18663543	18668771	d4b8bccf-9c37-4c7a-a1a5-6c4d374c94ee	18660003	18669626	rev	5216	-3	right	UWB_Cisp0
chr19	21148136	21157462	9c1ec2af-20b7-4b72-8062-6846c09172c6	21147172	21158357	rev	9270	-3	right	UWB_Cisp0
chr19	23568829	23576608	4c1c5ca3-e0bf-4412-8374-90c462527959	23558740	23576614	rev	7712	-3	right	UWB_Cisp0
chr19	30158400	30165628	f1457052-7177-4fd5-9025-206d4be66c8d	30152485	30171715	rev	7178	-3	right	UWB_Cisp0
chr19	31387481	31393767	0b7cd550-c73e-4bc8-9b72-72ee824a0db8	31387467	31403984	rev	6272	-3	right	UWB_Cisp0
chr19	34390539	34394227	1b76ea6c-61a0-4d9c-b8a2-3edae8b77952	34390521	34400472	rev	4091	-3	right	UWB_Cisp0
chr19	44035502	44043492	34cb8548-0771-480a-b9e8-c96db71f7b3e	44035496	44046565	rev	7975	-3	right	UWB_Cisp0
chr19	47450170	47455620	2698c724-5523-4ce8-98e5-8d67670e3f50	47448544	47456150	rev	5410	-3	right	UWB_Cisp0
chr19	48363347	48368137	13a31821-b9cb-41e0-a92b-6dbe97d985ef	48360362	48372670	rev	4702	-3	right	UWB_Cisp0
chr19	48509037	48516033	4b1850b4-a5f2-4c88-b344-b6999c17a36b	48506671	48516037	rev	6969	-3	right	UWB_Cisp0
chr19	50135383	50145450	8e60de8a-bc6c-453a-a4dd-c65f3659b9c5	50134464	50145460	rev	10033	-3	right	UWB_Cisp0
chr2	11741700	11746393	d5afba91-6655-4b8b-aed6-38bd0c910b6d	11738534	11746403	rev	4721	-3	right	UWB_Cisp0
chr2	13020112	13028360	4ae95cc8-6829-44e0-8f5c-a0c35d22233b	13006195	13028365	fwd	8201	-3	right	UWB_Cisp0
chr2	18734856	18755425	54e418ed-20fe-4f5c-8a7c-7418661bce35	18734846	18757949	fwd	20497	-3	right	UWB_Cisp0
chr2	22089084	22097578	54a7c42b-6d83-499b-bea6-8ddc9592343b	22086069	22097742	rev	8544	-3	right	UWB_Cisp0
chr2	24277585	24284192	1071b014-38ee-43f6-9ae9-8e96a61a5074	24276672	24287201	rev	6503	-3	right	UWB_Cisp0
chr2	26363594	26370070	eb9f7fef-6861-4927-8b70-cb5dc4f90e0d	26353041	26370077	fwd	6605	-3	right	UWB_Cisp0
chr2	27057525	27068438	51200297-5f74-4fbf-8203-3d5a9a0663ef	27057521	27069100	fwd	10872	-3	right	UWB_Cisp0
chr2	31313176	31328672	b9c5590a-a93c-453d-9e1d-a251620490ac	31313171	31328677	rev	15460	-3	right	UWB_Cisp0
chr2	39250709	39254730	3387bcfb-256e-4354-99b0-4e60ed31fdf7	39245333	39254735	rev	4008	-3	right	UWB_Cisp0
chr2	39239456	39250490	19e06164-8c39-43ff-bee6-0c11573061a9	39230253	39264513	fwd	10997	0.501612	right	UWB_Cisp0
chr2	44031976	44037637	15a986b6-28e3-4d5d-a4da-a6f26a79b2ca	44030685	44037642	rev	5645	-3	right	UWB_Cisp0
chr2	45683309	45687658	727f57ba-a344-4fb9-b35e-ea62206c0525	45678043	45687663	fwd	4328	-3	right	UWB_Cisp0
chr2	47706291	47711249	167d3a3e-e9ba-46bf-8467-a9d8594491ea	47697537	47713923	rev	4927	-3	right	UWB_Cisp0
chr2	47959265	47966053	25829dfd-a618-4b0d-b1db-b3bfcb25a773	47953794	47967510	rev	6767	-3	right	UWB_Cisp0
chr2	52062490	52066435	f7519094-5dda-45f3-9913-707803fabb16	52044854	52066440	fwd	3915	-3	right	UWB_Cisp0
chr2	54536967	54545245	44d26360-8492-4aba-afe6-55be5a932d68	54536957	54545490	rev	8281	-3	right	UWB_Cisp0
chr2	55179893	55185093	fabcf07d-aaa8-4019-9f47-7963ea387c28	55171840	55185099	rev	5189	-3	right	UWB_Cisp0
chr2	55367538	55373120	fe5d7c16-ac77-4cac-9344-ed9538babb5a	55358572	55373130	rev	5542	-3	right	UWB_Cisp0
chr2	55379072	55384370	24c7c9cb-cc51-4749-8e5a-f8c5577c8729	55370566	55384379	rev	5269	-3	right	UWB_Cisp0
chr2	55889346	55900402	14db4ffa-7675-4abf-b8a4-841802829a65	55887091	55902886	rev	10952	-3	right	UWB_Cisp0
chr2	57296135	57300513	ad566133-5b3e-42fc-908a-c786f0c47afb	57294496	57317213	rev	4315	0.528347	right	UWB_Cisp0
chr2	57741474	57750485	685e01fa-7270-4f7a-9ba4-2bb4c914ece3	57741470	57751246	fwd	9014	-3	right	UWB_Cisp0
chr2	64789371	64793537	9e9eff43-ee91-4dc3-a68b-5773a22fc168	64788146	64796982	fwd	4162	-3	right	UWB_Cisp0
chr2	66601972	66611699	9d695515-1589-4119-b486-c80608bbc215	66601968	66611704	fwd	9629	-3	right	UWB_Cisp0
chr2	66756476	66764337	d0fc16c3-db09-4ddc-8c8d-f4efdd2eeca5	66753768	66764345	fwd	7944	-3	right	UWB_Cisp0
chr2	69517647	69525360	b7222059-488c-4bac-aba8-d5ea9d857e40	69513962	69525504	fwd	7694	-3	right	UWB_Cisp0
chr2	69649360	69654406	cd650705-9952-4ce0-b614-00e8c0195ca7	69641706	69654412	fwd	5007	-3	right	UWB_Cisp0
chr2	71926040	71932273	ad5e0203-126f-4762-9b4a-13c9bc433f1b	71923572	71932286	fwd	6244	-3	right	UWB_Cisp0
chr2	73471683	73476753	6b285861-cbf2-4071-b418-a3957bb3a4b2	73469352	73477588	rev	5089	-3	right	UWB_Cisp0
chr2	74616935	74621695	66d8a380-8b56-4406-b798-3bbbf7989793	74616927	74630277	rev	4728	-3	right	UWB_Cisp0
chr2	74765461	74771890	a0a63c70-f3b3-4757-b368-d3ce1f5f8765	74765450	74771896	fwd	6387	-3	right	UWB_Cisp0
chr2	77223123	77232337	4f3c4607-5406-4401-90cf-b6a22f581cf5	77220825	77232342	fwd	9261	-3	right	UWB_Cisp0
chr2	81719976	81725193	4342a4b5-ff62-4ae6-a550-1296d113cb95	81713880	81725203	fwd	5176	-3	right	UWB_Cisp0
chr2	83901628	83915993	833da001-b399-4cdc-8c2d-1d6e4bc85291	83900537	83916571	fwd	14228	-3	right	UWB_Cisp0
chr2	87563414	87570709	180edc70-ce19-46ed-b8aa-6e022f47ac6c	87560460	87570719	fwd	7218	-3	right	UWB_Cisp0
chr2	88740781	88750103	491e6c6e-4d56-4205-a4ab-8d2493a573d7	88740744	88750111	rev	9283	-3	right	UWB_Cisp0
chr2	94234402	94245493	bd199b62-ddb6-42a5-bc22-79a70d51fe32	94231771	94245499	rev	11033	-3	right	UWB_Cisp0
chr2	96375877	96382588	4699691c-1149-4de3-823f-bb024236c0c2	96375857	96382592	rev	6690	-3	right	UWB_Cisp0
chr2	96884318	96889271	530eb9c4-c402-4573-8625-5f93812dcd9b	96884193	96896513	rev	4948	-3	right	UWB_Cisp0
chr2	97122694	97131499	4ec2f86c-671f-4dac-acaf-ce7606786816	97115137	97132463	rev	8743	-3	right	UWB_Cisp0
chr2	97334041	97341976	9c2c6221-647f-4936-a9af-dc29e3ef670d	97334030	97366741	fwd	7967	0.583387	right	UWB_Cisp0
chr2	97813593	97819063	07d6bf82-178f-4461-a8f0-b3280c95c8b2	97801414	97820595	fwd	5493	-3	right	UWB_Cisp0
chr2	99709583	99718259	fe0603df-317f-438e-9b01-38db96524c96	99707331	99722893	fwd	8643	-3	right	UWB_Cisp0
chr2	103026378	103041487	4746cbcc-bea3-4078-90e6-7e5cc0345b27	103020090	103043966	fwd	15002	-3	right	UWB_Cisp0
chr2	104298118	104304396	a03c57a5-2138-4523-b954-07ab38d9b9a1	104290316	104304407	rev	6231	-3	right	UWB_Cisp0
chr2	106120769	106129221	bc0286a3-057e-4d42-a03a-163ed512884b	106120762	106138600	fwd	8401	-3	right	UWB_Cisp0
chr2	112762414	112765093	c5880b6e-1515-40cf-9387-f481ee24a794	112758877	112765097	rev	2690	-3	right	UWB_Cisp0
chr2	113966820	113973251	a40e8aa7-4d25-4ccb-86a4-c9bb73c7d90b	113966813	113973259	fwd	6360	-3	right	UWB_Cisp0
chr2	114593630	114603575	fe5ce026-969a-4345-8a1b-a2cb62a51008	114586822	114605964	rev	9840	-3	right	UWB_Cisp0
chr2	122584483	122591224	1da99544-fe4a-45f1-922f-1ac8c78a522a	122579351	122593614	fwd	6721	-3	right	UWB_Cisp0
chr2	122692932	122704116	ea13f94e-9fc1-4011-974d-0aab29a44323	122692928	122704125	fwd	11141	-3	right	UWB_Cisp0
chr2	125676659	125684886	c5d7c8d2-8e4d-4f98-9e1f-bc42dd873ce5	125670334	125684893	rev	8151	-3	right	UWB_Cisp0
chr2	130876994	130882909	aab1b2e8-a725-42d4-97da-83c7633ca194	130864767	130896953	fwd	5903	0.482455	right	UWB_Cisp0
chr2	132853729	132861606	0ea96c91-29f6-4ed7-a912-b84e2771e214	132852672	132862528	rev	7803	-3	right	UWB_Cisp0
chr2	136416862	136424189	9f781aa4-c16f-4280-a21f-803ad01657b1	136415959	136424194	fwd	7282	-3	right	UWB_Cisp0
chr2	136828718	136833800	2a332428-1e18-436b-a864-f9381610de92	136815001	136839410	fwd	5049	-3	right	UWB_Cisp0
chr2	138857823	138861466	6843b3b4-380b-4b51-a4af-827d414686da	138850626	138861487	fwd	3676	-3	right	UWB_Cisp0
chr2	141767575	141773606	852f5386-3c83-48fe-b539-5693e8fcefbf	141764949	141773616	rev	5986	-3	right	UWB_Cisp0
chr2	142134562	142142245	6f74ff0e-68c6-4668-ab34-3debb159d621	142134558	142142354	fwd	7766	-3	right	UWB_Cisp0
chr2	144483711	144493667	85226f56-25c1-418e-ba8e-90bb67bbf722	144483705	144499352	rev	9842	-3	right	UWB_Cisp0
chr2	145545036	145552503	266cab4d-8268-4233-98f1-41878a6940a2	145539095	145552660	rev	7457	-3	right	UWB_Cisp0
chr2	145932560	145942173	4d740bb1-619b-468b-ab78-ee6460b58026	145928145	145942180	rev	9578	-3	right	UWB_Cisp0
chr2	146015260	146020879	13401d28-0230-47f1-be0b-7ae2992002d4	146006500	146023395	rev	5591	-3	right	UWB_Cisp0
chr2	154136522	154149862	3ab9df55-6a68-4ef1-8dca-1d3688dfe2c7	154130786	154150064	fwd	13303	-3	right	UWB_Cisp0
chr2	155641701	155653110	21514e52-c634-4a0d-a043-3c7bb0814fd9	155641696	155653118	fwd	11387	-3	right	UWB_Cisp0
chr2	159079496	159090747	9c3ae9c5-9440-4755-9414-7977e0910218	159078175	159092049	rev	11232	-3	right	UWB_Cisp0
chr2	162040587	162046236	bdbb993c-2d9a-4644-a908-584da16e3a35	162030664	162046246	fwd	5653	-3	right	UWB_Cisp0
chr2	163248754	163258027	c56c94eb-86a5-491d-bde0-94ebdd437c00	163244614	163258920	rev	9283	-3	right	UWB_Cisp0
chr2	165879474	165886510	dcd17320-8cf0-4da2-b669-36a09fd68b40	165874478	165887146	fwd	6981	-3	right	UWB_Cisp0
chr2	173876038	173881710	c99d38e1-a035-4325-80dd-9ea5eb1868e7	173873448	173881714	rev	5654	-3	right	UWB_Cisp0
chr2	175762098	175764513	af95450b-9686-47d9-843d-9867b460caa0	175752380	175764517	rev	2414	-3	right	UWB_Cisp0
chr2	179118267	179123970	57300374-24e5-477a-be3f-2e6058661dca	179118250	179123975	fwd	5719	-3	right	UWB_Cisp0
chr2	181493218	181499650	d2fb63bd-24fd-4ae9-b0ba-e23de37db3bb	181490047	181499656	rev	6412	-3	right	UWB_Cisp0
chr2	181860601	181868849	f1f809eb-9d53-4b7f-a008-ce9f1f33aac9	181860594	181875153	rev	8248	-3	right	UWB_Cisp0
chr2	182305086	182310341	a903daee-a44c-465e-90d4-946302af2cd7	182298815	182310346	fwd	5246	-3	right	UWB_Cisp0
chr2	182744143	182750469	b5eb37fc-c03d-4de3-b94c-7e03db4f8009	182736902	182750477	fwd	6284	-3	right	UWB_Cisp0
chr2	183324633	183328521	4536ff3a-bb5f-4917-937a-72d4b1d80b9c	183318857	183328528	fwd	3866	-3	right	UWB_Cisp0
chr2	185184749	185189657	2ff7311f-4a1f-49a9-a107-8af0d286eb39	185176182	185191068	rev	4920	-3	right	UWB_Cisp0
chr2	186549941	186561890	3d90a9aa-c8ff-4144-8e66-c282a699b4ac	186549931	186564070	rev	11882	-3	right	UWB_Cisp0
chr2	188903423	188908360	7032f093-739a-42b5-b55a-6a6c1876fa31	188902936	188908367	rev	4928	-3	right	UWB_Cisp0
chr2	196050496	196056775	77f6e2fe-3667-4ae9-afac-fcb253f5da74	196046893	196056784	fwd	6266	-3	right	UWB_Cisp0
chr2	199213752	199218942	df012cc7-e446-48e5-801e-4cd8e71e8761	199207701	199218948	fwd	5151	-3	right	UWB_Cisp0
chr2	201576680	201587461	6df405bd-f843-4135-abfe-684f6cb0a5e7	201575067	201587468	rev	10744	-3	right	UWB_Cisp0
chr2	202669274	202675206	b431e8e7-eca6-482c-9811-d75bb2cd3c38	202668365	202684309	rev	5855	-3	right	UWB_Cisp0
chr2	203649378	203658148	c1513b32-9c0c-48dc-ba0c-4052ff99a611	203641756	203660112	rev	8711	-3	right	UWB_Cisp0
chr2	203746010	203751031	23f62b41-69d9-47d2-83ab-67d1d2ea7db3	203744716	203767351	rev	5017	-3	right	UWB_Cisp0
chr2	210894962	210904740	d96ce8d6-289e-4369-bebd-60abe7ed069e	210894955	210904969	rev	9761	-3	right	UWB_Cisp0
chr2	211831183	211851081	40caa0be-639e-4654-b177-8ba5a75485a8	211826453	211852499	rev	19771	-3	right	UWB_Cisp0
chr2	213243517	213251467	88501446-31b9-4fd1-b1a6-dcbdfbaa67d6	213238808	213259390	fwd	7940	0.728339	right	UWB_Cisp0
chr2	213663264	213669305	01a9c6ec-f5de-44aa-8d24-d94a1fa2a0da	213649681	213669312	rev	5953	-3	right	UWB_Cisp0
chr2	215763377	215768028	bbb8129b-46f7-454a-a743-acad52b6a5c8	215762235	215768033	fwd	4635	-3	right	UWB_Cisp0
chr2	239572470	239580840	df89c595-462c-41a4-86dc-bbfab7190a9e	239571703	239581410	fwd	8352	-3	right	UWB_Cisp0
chr2	241617038	241629523	174c0c86-fa8a-4343-95ac-a58d833c542f	241617034	241634348	fwd	12432	-3	right	UWB_Cisp0
chr20	6286666	6289734	5efa2b88-5c58-4d6c-852f-1902dc706c5e	6283128	6289740	rev	3023	-3	right	UWB_Cisp0
chr20	9271398	9281072	dd7deb80-462d-4f69-a9b2-a0f75aeb6ed3	9271392	9301568	rev	9685	0.035346	right	UWB_Cisp0
chr20	14906149	14913025	4e17e0cd-38c0-418e-b5bf-6124ee2891be	14904784	14920184	fwd	6884	0.472021	right	UWB_Cisp0
chr20	18942594	18946079	35766e26-a11a-43f4-b9db-a84a21283767	18939035	18948407	rev	3467	-3	right	UWB_Cisp0
chr20	19166516	19178948	7bdc7445-74ca-4411-8070-c96f1d70d5e6	19166508	19180965	fwd	12357	-3	right	UWB_Cisp0
chr20	21912145	21924406	1adc7d90-b641-4f35-b81e-a98dbb9737a7	21908127	21925263	rev	12212	-3	right	UWB_Cisp0
chr20	31053376	31066213	b827eb66-d485-4029-b11d-343cb518a445	31051508	31068512	fwd	12337	-1	right	UWB_Cisp0
chr20	31061837	31065312	269090f7-2c8d-46af-9269-8b0c722021ae	31055806	31071209	fwd	883	-3	right	UWB_Cisp0
chr20	31056555	31071203	7a0d0574-fbb1-4beb-a8ee-767ad70f90f8	31056025	31075057	fwd	11563	-3	right	UWB_Cisp0
chr20	31058727	31062081	4cc6473e-a43d-4643-932a-49b4e14b76b0	31056925	31065462	rev	3129	-3	right	UWB_Cisp0
chr20	31065287	31069926	5a351f04-7bc5-4e60-b1ea-67c1a4149686	31061810	31069933	fwd	4731	-3	right	UWB_Cisp0
chr20	31077943	31083135	f9fe5dcf-390f-4291-9d20-bd9f2617158f	31077911	31089028	fwd	5180	-1	right	UWB_Cisp0
chr20	32603134	32607643	8aa0cb8a-3149-478d-a3bb-64e05d162264	32593373	32607658	fwd	4466	-3	right	UWB_Cisp0
chr20	37187622	37190936	f8bd911f-3097-4d2d-be57-aca412a8c317	37181456	37190941	fwd	3309	-3	right	UWB_Cisp0
chr20	45572045	45578628	53cae247-9e14-4535-a224-674923a320b3	45572039	45578632	rev	6563	-3	right	UWB_Cisp0
chr20	46260040	46265220	08ca61b7-b743-4a38-86c0-c9c28dbe15a8	46260035	46271108	rev	5185	-3	right	UWB_Cisp0
chr20	47660797	47667503	ea4a2bbd-6682-4f83-8d77-52fbe28fc715	47657623	47667508	fwd	6654	-3	right	UWB_Cisp0
chr20	48016598	48030854	51d4e4d5-c8ee-4ac7-9f03-5219e4c4ddbd	48013519	48033159	rev	14221	-3	right	UWB_Cisp0
chr20	50153496	50163637	226548c0-2cbd-4ca6-bb95-b6228fb4f6f5	50152870	50166168	rev	9841	-3	right	UWB_Cisp0
chr20	53844705	53849538	62cc2ff9-4d19-479a-8931-3baa981e67c1	53813774	53854598	rev	4839	-1	right	UWB_Cisp0
chr20	54874685	54884391	4201552d-9f98-4dca-a6af-90d7bd93b864	54874081	54884487	rev	9716	-3	right	UWB_Cisp0
chr20	55481714	55487230	c9c9b80f-b90a-4f18-91d2-8bb2d7f5238f	55477427	55487273	fwd	5440	-3	right	UWB_Cisp0
chr20	56963090	56972068	09811a9f-6f43-4bd8-adee-599d985c4cac	56955004	56972072	rev	8916	-3	right	UWB_Cisp0
chr20	58426301	58434050	34413714-20db-4932-9b87-f1af51aeae48	58420392	58436892	rev	7707	-3	right	UWB_Cisp0
chr20	59595945	59607777	6661055d-369c-430a-b824-148b5d46af62	59595939	59608994	fwd	11767	-3	right	UWB_Cisp0
chr20	60517450	60525467	b9b8bbc2-2999-4757-8b49-303e0d19b186	60510604	60527028	rev	7976	-3	right	UWB_Cisp0
chr20	62401459	62406682	a4d70111-85fd-464e-a985-ee6421a0d344	62400954	62411424	rev	5244	-3	right	UWB_Cisp0
chr21	13116551	13123139	fbd4d10b-ae18-48a7-8621-19ca779e69e9	13113436	13123143	rev	6512	-3	right	UWB_Cisp0
chr21	14045265	14049225	31aca65c-a654-4d9f-801f-71e7bbdb832b	14036612	14049229	rev	3912	-3	right	UWB_Cisp0
chr21	14817088	14823934	c2b63c5f-46f3-4a06-aa55-4e16d2941dfd	14809946	14839535	rev	6821	0.389276	right	UWB_Cisp0
chr21	18375061	18383579	3f511f26-843f-4fc5-9241-2de5ee72b4c8	18371568	18383585	rev	8458	-3	right	UWB_Cisp0
chr21	23692874	23703994	4c48c643-2e08-4a47-a835-6634a1358c97	23689639	23705017	fwd	11131	-3	right	UWB_Cisp0
chr21	24401359	24404600	8b63a053-e53a-41e8-84f8-2a1c7b45719b	24400856	24409290	fwd	3243	-3	right	UWB_Cisp0
chr21	24532205	24542331	8e4b68c1-0067-439f-b3ab-7c852cde817e	24532184	24542335	rev	10046	-3	right	UWB_Cisp0
chr21	24707401	24711928	4df5398f-d710-4994-8394-d7d7caf7590b	24691837	24711932	rev	4529	-3	right	UWB_Cisp0
chr21	29534869	29542263	621b611f-f0ec-4ba8-98e7-dd3e3d5aa1ec	29534863	29545372	fwd	7330	-3	right	UWB_Cisp0
chr21	34225414	34232137	366d0ae0-eab4-4fb9-b0eb-6dcd8c73fbaa	34216951	34232151	fwd	6742	-3	right	UWB_Cisp0
chr22	19891346	19902494	bee82044-0de3-4f1b-9a35-9813e26df964	19886988	19903036	rev	11117	-3	right	UWB_Cisp0
chr22	20183364	20191911	70570669-2b54-4802-924d-cc3a6ff6cc69	20176707	20203272	rev	8512	0.504049	right	UWB_Cisp0
chr22	22816180	22819914	2e8946c2-22f5-40a4-b12c-3c6b7b71c80a	22807008	22819924	rev	3713	-3	right	UWB_Cisp0
chr22	38434943	38444219	21f45736-4648-446b-b1df-dcdb7cf6df82	38424284	38445578	fwd	9262	-3	right	UWB_Cisp0
chr22	40707304	40714696	17b80bc7-a1fb-43ef-aa6d-ac3caca8b013	40707290	40714716	rev	7351	-3	right	UWB_Cisp0
chr22	45672253	45675278	ddeba854-b746-4011-b829-5c1aad72247a	45654696	45675283	rev	3007	-3	right	UWB_Cisp0
chr3	1052405	1059572	70819b7c-5539-4771-b52f-f46a75cf8dbe	1052400	1060152	fwd	7143	-3	right	UWB_Cisp0
chr3	7602033	7617065	536a7e35-a4ad-45f3-b51c-fde9861cf38b	7586922	7617075	rev	15014	-3	right	UWB_Cisp0
chr3	10545705	10553313	31d5d318-fb4e-45fb-b052-5607f8b69fb6	10541809	10553318	fwd	7593	-3	right	UWB_Cisp0
chr3	13394134	13399585	6b1aeea6-37da-4eea-9d41-a11d1ee7d943	13384358	13400329	fwd	5383	-3	right	UWB_Cisp0
chr3	16568835	16573748	30762c83-5754-4652-a02b-d8f239398ebb	16558545	16573753	fwd	4894	-3	right	UWB_Cisp0
chr3	20428661	20434532	8ac252ed-37b0-46bc-af3b-fb0e5019ae5c	20427652	20434538	rev	5871	-3	right	UWB_Cisp0
chr3	20434090	20442616	aea75892-08f2-4ec8-a5d3-36455160326a	20433496	20442634	fwd	8470	-3	right	UWB_Cisp0
chr3	20796606	20802217	534fa64b-665b-4a08-adf1-eb6eb01e77ef	20788492	20802223	fwd	5602	-3	right	UWB_Cisp0
chr3	21452267	21456398	59f5ce3c-d53a-4837-8383-91359a561ae2	21447169	21456403	rev	4093	-3	right	UWB_Cisp0
chr3	24665779	24676423	57f97d85-634c-48d3-aab6-b8fe5bd14979	24660310	24676427	rev	10621	-3	right	UWB_Cisp0
chr3	32699552	32710645	cc5ea510-703a-4897-92ae-0ba116103c58	32697337	32710650	rev	11060	-3	right	UWB_Cisp0
chr3	38553804	38560232	6e7cffd9-21d5-4c70-96db-ae1f52fd544b	38552323	38560683	rev	6431	-3	right	UWB_Cisp0
chr3	48635713	48645030	a37bc4d2-68c0-4e7c-8274-9cb092b382b0	48633775	48645041	fwd	9348	-3	right	UWB_Cisp0
chr3	58744159	58753225	ba9dc730-6798-496e-9f81-e58283c1699e	58740491	58753236	rev	9037	-3	right	UWB_Cisp0
chr3	60723930	60732321	e17ec568-3c9c-4e21-b1e9-f412cf9f9144	60721057	60732329	fwd	8376	-3	right	UWB_Cisp0
chr3	65540550	65547085	25624e95-0fa7-431a-a20e-f252f8ba8b20	65537263	65547093	fwd	6384	-3	right	UWB_Cisp0
chr3	67771802	67778086	2c8abeb0-915f-42da-87cb-769db298dcde	67767512	67778091	fwd	6279	-3	right	UWB_Cisp0
chr3	74323827	74333696	0c81155d-7665-4fd1-8f15-94930d755ffc	74323820	74333820	rev	9814	-3	right	UWB_Cisp0
chr3	74658529	74667690	93e2512d-86e5-4e64-bbdf-b526df8033de	74658520	74667696	rev	9075	-3	right	UWB_Cisp0
chr3	82760837	82766034	680044f8-35df-46b8-b9dd-77cb83c27f9b	82748888	82766043	fwd	5185	-3	right	UWB_Cisp0
chr3	84286449	84290510	92e4291b-4550-4f9e-ae31-8c49204cae67	84283395	84290514	rev	4032	-3	right	UWB_Cisp0
chr3	88253009	88261611	5f1d253f-d5c1-48d1-b901-12fd8330cbbd	88250631	88261616	fwd	8571	-3	right	UWB_Cisp0
chr3	90187894	90197617	e19a4e9e-c1c2-456b-8869-df1bf75936c0	90187748	90197882	fwd	9702	-3	right	UWB_Cisp0
chr3	97891063	97899264	e136d417-6309-4537-9175-3969a66cabaa	97877987	97900323	fwd	8123	-3	right	UWB_Cisp0
chr3	98392956	98402757	cc0f04c3-399c-439e-bf93-02bf73859e80	98391829	98411239	fwd	9774	-3	right	UWB_Cisp0
chr3	100343230	100347137	8002bd8a-29b3-4107-8785-a0c6943cc8af	100343222	100355612	rev	3850	-1	right	UWB_Cisp0
chr3	106733650	106740274	2346b69d-0699-4a68-b608-ddcfd8a6789d	106731892	106740280	fwd	6565	-3	right	UWB_Cisp0
chr3	112387278	112391195	b2d6f0b0-f10d-4c3d-95a8-abd819527e73	112380474	112391200	fwd	3908	-3	right	UWB_Cisp0
chr3	114513749	114519677	af00a5f8-f306-4cff-a609-b43980522b13	114508177	114519683	rev	5874	-3	right	UWB_Cisp0
chr3	117317734	117325997	b18b4995-0f02-4731-9a9d-869fa008ef7d	117316242	117330840	fwd	8260	-3	right	UWB_Cisp0
chr3	119785776	119796821	4b6aa459-1122-442a-a093-c958af0cc397	119783723	119798243	rev	10996	-3	right	UWB_Cisp0
chr3	124257150	124263322	590bfc7f-18d7-408a-bc26-47ef56667ce0	124256539	124263327	rev	6211	-3	right	UWB_Cisp0
chr3	126000854	126007775	e1d52611-6432-4dd3-a7c3-9c34fe72e839	126000849	126009968	rev	6910	-3	right	UWB_Cisp0
chr3	129723394	129728327	9cd2a40b-abf5-4d4e-aa72-d67ffdedee6c	129715214	129728334	fwd	4933	-3	right	UWB_Cisp0
chr3	130420092	130431493	bae51ff8-241a-423d-a1ba-033d2885bbc3	130419663	130431509	rev	11280	-3	right	UWB_Cisp0
chr3	131720167	131729464	d20cb32a-2669-44ba-83ee-2668274f119a	131710564	131729472	rev	9257	-3	right	UWB_Cisp0
chr3	133711535	133716877	15dde8be-916e-4a2e-a44a-529538124b1f	133698634	133719224	rev	5255	-3	right	UWB_Cisp0
chr3	134726596	134735553	192c9150-7d67-4444-b2dc-7060e97f8eb7	134724052	134735565	fwd	8973	-3	right	UWB_Cisp0
chr3	135012979	135017835	aee10349-f63f-4a30-82b1-14d1728bb6dd	135012026	135025409	rev	4849	-3	right	UWB_Cisp0
chr3	136340991	136347393	c2218bee-4906-473f-83db-17f5a82f8502	136335503	136347405	fwd	6415	-3	right	UWB_Cisp0
chr3	139294200	139302048	76457a8e-c25e-4ef0-b61b-f8a2ec83af98	139288845	139305103	fwd	7858	-3	right	UWB_Cisp0
chr3	139594544	139600217	22d516b4-8530-414b-8c0a-b2636222b070	139593820	139601767	fwd	5611	-3	right	UWB_Cisp0
chr3	141802752	141820236	918ac13b-fd21-4c8b-8a6f-0234f5a2010f	141802747	141822820	fwd	17451	-3	right	UWB_Cisp0
chr3	141882183	141892960	0dab8b7a-71ea-44df-8ad8-c7b8ea4d9641	141880270	141892966	fwd	10651	-3	right	UWB_Cisp0
chr3	143916488	143921960	039bacc8-e6fd-40fa-8963-70d4ec177fc8	143912521	143922232	fwd	5469	-3	right	UWB_Cisp0
chr3	144003293	144008593	ed01e36a-023e-437a-be25-0139fe9c1c82	144001054	144014875	fwd	5264	-1	right	UWB_Cisp0
chr3	148226764	148231694	7f212aa1-404c-4dd5-85c2-464a98d16c02	148221929	148239021	fwd	4945	-3	right	UWB_Cisp0
chr3	151878468	151885300	5ba56bf4-9adc-4a30-b202-a86eb042ac8e	151876212	151885305	rev	6766	-3	right	UWB_Cisp0
chr3	152309965	152327275	17634b6f-7e8f-4a34-a14f-d48d5f064de8	152293838	152327285	rev	17336	-3	right	UWB_Cisp0
chr3	153434978	153442501	3cc0039b-4b83-4b64-a4a9-b0dcf0f02978	153428414	153444104	rev	7385	-3	right	UWB_Cisp0
chr3	158135333	158142789	8194029d-380c-4a59-a1d0-5d6cddb5a93f	158135324	158143649	rev	7403	-3	right	UWB_Cisp0
chr3	160291668	160300150	fef4a000-d836-4a1f-a141-0187fe1af06b	160287635	160300155	rev	8419	-3	right	UWB_Cisp0
chr3	161529598	161536546	8ba4a8ea-b705-425e-83e2-e5caf721a85f	161524960	161539352	fwd	6920	-3	right	UWB_Cisp0
chr3	165386895	165393275	c946c2d7-30d1-416d-93d7-0516732cb107	165375699	165393287	rev	6367	-3	right	UWB_Cisp0
chr3	167627005	167630662	bf6c03e8-6b77-4798-957c-da469e4ae69f	167624782	167630668	rev	3607	-3	right	UWB_Cisp0
chr3	168262231	168273825	15983a19-017e-41e4-af3f-c624cf2a637b	168261834	168273830	rev	11603	-3	right	UWB_Cisp0
chr3	168705672	168715123	4a54cdf5-fbb9-4736-b6d9-92b105fc9d11	168699667	168715130	fwd	9485	-3	right	UWB_Cisp0
chr3	176043219	176046837	a21df91d-df9d-48a7-8cab-c5b238984760	176035173	176046842	rev	3547	-3	right	UWB_Cisp0
chr3	177660987	177670597	9dea5528-9341-44c1-a9cf-189f386f1a54	177660979	177674587	rev	9527	-3	right	UWB_Cisp0
chr3	178765792	178772502	cbec0b5e-67f1-40c0-a5b1-be9018722a3d	178765787	178784284	fwd	6721	-3	right	UWB_Cisp0
chr3	178959912	178963477	badfda65-a82a-472b-8dda-a7f5553cfb50	178957061	178969490	fwd	3544	-1	right	UWB_Cisp0
chr3	179999665	180007550	850975e3-b01d-419f-b5aa-4594085ad7b7	179999654	180007554	rev	7841	-3	right	UWB_Cisp0
chr3	180038626	180041960	f3f6bf61-7a87-4eb4-a9cf-56831985c74d	180032157	180041966	rev	3355	-3	right	UWB_Cisp0
chr3	180371224	180381424	7f277a95-19f3-4f10-b6b5-be60b947a9e8	180366238	180381429	fwd	10204	-3	right	UWB_Cisp0
chr3	181881814	181890036	3330c194-80df-43c2-9d18-270ebd8443b9	181877524	181890040	rev	8189	-3	right	UWB_Cisp0
chr3	181890503	181894256	76596cb7-86df-4a21-8ab3-37e0e0b255d3	181884985	181894262	fwd	3723	-3	right	UWB_Cisp0
chr3	182529963	182534844	0acc3889-04ca-4dba-a146-46e3f326247b	182507229	182534927	fwd	4868	-3	right	UWB_Cisp0
chr3	182980537	182987791	0a10d724-6a01-4065-a890-45b82dceb200	182977284	182987797	fwd	7202	-3	right	UWB_Cisp0
chr3	183511873	183517416	44c40c90-2797-4635-a743-9cc80dd965cf	183502882	183522236	rev	5504	-1	right	UWB_Cisp0
chr3	183661018	183665692	fd3b7b87-4944-49cb-b512-53efb8d0b5dd	183660786	183676651	fwd	4653	-3	right	UWB_Cisp0
chr3	190749835	190756950	540ba8c5-e27c-498d-814d-652dd730516f	190749831	190761663	fwd	7093	-3	right	UWB_Cisp0
chr4	1096876	1106248	b5c3b73b-471b-45fc-a25e-b0e12f0a6eb7	1093878	1106871	fwd	9337	-3	right	UWB_Cisp0
chr4	2859475	2872041	e65dd7a9-f3ff-4957-a2a8-07136c8f4387	2859464	2872178	fwd	12543	-3	right	UWB_Cisp0
chr4	2963676	2967554	dbc69d67-6e44-4fe5-9cbf-c0bc9dfb6dda	2954228	2967563	fwd	3872	-3	right	UWB_Cisp0
chr4	3131171	3148392	573108bb-902b-4da6-b1ef-d212ccdeed8d	3131167	3149592	fwd	17137	-3	right	UWB_Cisp0
chr4	3899203	3905606	68b2846b-6e33-4ef1-8697-542afb507432	3897244	3908009	rev	6448	-3	right	UWB_Cisp0
chr4	4565917	4575939	04192f21-0ffc-4a93-9f9c-8a3fbce23801	4565911	4575944	fwd	9939	-3	right	UWB_Cisp0
chr4	4596160	4602951	249bba20-ec61-449c-b561-89130235e73c	4593631	4602957	fwd	6753	-3	right	UWB_Cisp0
chr4	21231804	21238974	4f71d025-7817-4a8d-878e-0e1d76b4894f	21229475	21240617	fwd	7215	-3	right	UWB_Cisp0
chr4	22992759	23001355	bfa1207e-df18-44a1-9a10-69f3b0f9c17a	22984207	23002864	fwd	8583	-3	right	UWB_Cisp0
chr4	23287492	23293250	8d064e3a-dd2e-464b-805b-1b8ceb4bd7fd	23284667	23293259	rev	5713	-3	right	UWB_Cisp0
chr4	24497016	24502413	9574f12e-cd00-4b59-94f5-079c6cdb6854	24487332	24504489	rev	5367	-3	right	UWB_Cisp0
chr4	25608367	25616519	fa98d21e-2ccb-40f4-b505-74b2aad6358d	25608359	25616523	rev	8137	-3	right	UWB_Cisp0
chr4	29391305	29400515	e4b1233f-367f-4491-8e78-2122f44b8319	29389252	29401117	fwd	9120	-3	right	UWB_Cisp0
chr4	29849655	29852481	5c47bad2-f9bb-43f3-9933-f3d32958c5ed	29841651	29861766	rev	2818	0.241642	right	UWB_Cisp0
chr4	30769106	30775839	49cbc7ee-8098-418a-b576-18bf3fcd6b71	30768360	30775845	fwd	6698	-3	right	UWB_Cisp0
chr4	37885234	37890958	89423576-c8ae-4d56-880a-c83828f99e98	37879513	37890963	fwd	5683	-3	right	UWB_Cisp0
chr4	38604926	38610913	e1b43c1c-6d13-4462-8496-35a3c8161aec	38599254	38611142	fwd	5941	-3	right	UWB_Cisp0
chr4	42066454	42072201	7a4fbc9f-8bf5-450c-9bb5-1e1fc8727e88	42058995	42073000	rev	5711	-3	right	UWB_Cisp0
chr4	43576200	43586573	30e30bf2-44c1-4cb0-aaf9-990f5c4c28c4	43573255	43589917	rev	10367	-3	right	UWB_Cisp0
chr4	52232324	52237318	e3d50fed-7864-4707-90a5-6254089c9ae0	52224241	52237323	rev	4974	-3	right	UWB_Cisp0
chr4	56241444	56250040	2291dec6-446a-490d-b672-757ec7eab4cd	56240497	56250467	rev	8470	-3	right	UWB_Cisp0
chr4	67822755	67830200	f17f290a-ceab-467a-abdf-00eb507f36c5	67815215	67830206	fwd	7394	-3	right	UWB_Cisp0
chr4	72822476	72828525	d75b5efb-dd7c-4378-b668-3aad12c5f1a9	72817152	72828530	rev	6021	-3	right	UWB_Cisp0
chr4	80332872	80338185	d8eb2b14-5d63-4f62-bf4f-a596459a4e9f	80327130	80338196	rev	5326	-3	right	UWB_Cisp0
chr4	97206672	97211012	fb50f27e-25ba-4165-9803-b341ec27d66a	97206483	97211496	rev	4329	-3	right	UWB_Cisp0
chr4	97380654	97387956	e8dac508-9be0-4b2f-85ee-bf2c3c74ee7a	97378050	97387963	fwd	7296	-3	right	UWB_Cisp0
chr4	105706474	105713508	6d19f353-7455-4287-aaa1-aa17659cf380	105693186	105713513	fwd	6979	-3	right	UWB_Cisp0
chr4	109413862	109420690	fdcd93cd-8c10-40ac-be24-fb689bb812d7	109397787	109420699	rev	6824	-3	right	UWB_Cisp0
chr4	114145428	114149913	626715a5-8349-49f2-b3a5-4e1f40c0be7a	114145233	114154605	rev	4459	-1	right	UWB_Cisp0
chr4	116421764	116431618	0e09249d-c739-4d27-ba26-687e4958757e	116420510	116434574	rev	9849	-3	right	UWB_Cisp0
chr4	119509172	119516249	9154eda4-0cc8-4fd1-a838-f3ee7caaa146	119505051	119516255	rev	7140	-3	right	UWB_Cisp0
chr4	122740889	122746805	39b9cc70-699a-4f9a-851c-9fc4379a131d	122736787	122746829	fwd	5875	-3	right	UWB_Cisp0
chr4	128317680	128322267	de7486e6-6e21-4718-acf3-9f3e922b364f	128304632	128322524	fwd	4561	-3	right	UWB_Cisp0
chr4	130907053	130917336	ffa36b3c-7d37-4bdb-8479-3919818afb2a	130903766	130917342	fwd	10264	-3	right	UWB_Cisp0
chr4	139738217	139748381	849e3450-8969-4915-9f6e-7d66a8f6b940	139738212	139752529	rev	10130	-3	right	UWB_Cisp0
chr4	166588212	166593341	4cd366bc-441a-466b-8402-be609cab59b2	166582948	166593352	rev	5110	-3	right	UWB_Cisp0
chr4	179577374	179581453	257fde22-01ea-4630-9d0b-948eb1dca3b4	179570508	179581458	rev	4071	-3	right	UWB_Cisp0
chr4	185929164	185935754	27614380-5a23-42ba-8e6e-e3b27a109cd4	185922014	185948271	fwd	6529	0.660939	right	UWB_Cisp0
chr5	1558434	1563185	3ede427c-b357-478b-bd90-aa3b75b76aa7	1540580	1566326	fwd	4747	-3	right	UWB_Cisp0
chr5	2023117	2034532	5ac92fb4-4a49-4afe-8ca7-e78c94670750	2022177	2036498	rev	11388	-3	right	UWB_Cisp0
chr5	5161582	5165728	db746a90-ec5c-42b7-8054-fbd667a3a557	5159059	5165738	fwd	4151	-3	right	UWB_Cisp0
chr5	7395711	7404787	3d2d6df9-7298-49c9-afaf-7f99c602cd2a	7386295	7404792	fwd	9028	-3	right	UWB_Cisp0
chr5	8402084	8409990	fbc284f6-dacb-4068-9e4f-9fad5a941320	8401934	8424930	rev	7835	-1	right	UWB_Cisp0
chr5	9471680	9482590	9fdc347d-07a9-4995-8551-a18909406c6b	9470844	9482640	fwd	10885	-3	right	UWB_Cisp0
chr5	11691466	11698481	82b4e768-862f-415a-9acc-992b813c27f8	11691054	11699166	fwd	6992	-3	right	UWB_Cisp0
chr5	17426454	17440488	a2d75382-f12a-4ab9-b612-a1af7a625423	17426390	17440547	fwd	14027	-3	right	UWB_Cisp0
chr5	21045563	21053719	48fe261c-9f13-4e49-8d38-23aedc2635e0	21040093	21053733	rev	8114	-3	right	UWB_Cisp0
chr5	23081633	23088574	32b81a85-65ae-4274-a58f-329bd3a018bc	23077369	23089374	rev	6889	-3	right	UWB_Cisp0
chr5	23386718	23394479	6babc3c7-0aac-46c3-82cb-936eb0c69ac4	23385850	23395815	fwd	7771	-3	right	UWB_Cisp0
chr5	32865744	32871994	0bfa1282-93c2-4491-abb2-cd1135c5701f	32862529	32875930	rev	6221	-3	right	UWB_Cisp0
chr5	38044272	38047044	6541cb19-5be3-4c19-b65f-4ad2f5583570	38034315	38047048	rev	2757	-3	right	UWB_Cisp0
chr5	40821685	40834702	c182a6dc-c325-4299-9ff3-55305185102e	40817989	40837817	rev	12963	-3	right	UWB_Cisp0
chr5	43506083	43509876	d824e846-5320-41bb-8244-73fd229cae02	43496965	43511589	fwd	3796	-3	right	UWB_Cisp0
chr5	43683118	43689250	e11657e6-0473-446e-abf2-cd733773db06	43683111	43698546	rev	6088	-1	right	UWB_Cisp0
chr5	44136072	44143497	4967b443-42e6-45b4-98ee-1b3806cb7509	44134376	44143501	rev	7419	-3	right	UWB_Cisp0
chr5	44566602	44570283	74e421a8-7c21-4497-b0e2-d9d7faeed846	44560575	44570293	fwd	3660	-3	right	UWB_Cisp0
chr5	44762971	44770704	a1b8db74-97a4-472f-a153-e4d636ca6d18	44760717	44770714	rev	7734	-3	right	UWB_Cisp0
chr5	45799130	45807364	cd2d832f-d0c9-4293-a398-5419acaf9630	45799024	45808243	rev	8255	-3	right	UWB_Cisp0
chr5	56131480	56154263	f4c43f90-127f-472c-85c4-70a6cf62874b	56131475	56154300	rev	22965	-3	right	UWB_Cisp0
chr5	57442205	57446452	b1eb8ea8-56d8-4a4b-89ee-8942a484d5f5	57437354	57446456	rev	4234	-3	right	UWB_Cisp0
chr5	62902822	62911014	b6565b15-5b49-4da2-a322-d8c4929146b0	62896411	62916996	rev	8155	-3	right	UWB_Cisp0
chr5	66302062	66310819	c096c19f-459f-4b08-b532-4835356b0632	66302043	66311337	fwd	8712	-3	right	UWB_Cisp0
chr5	66564506	66570370	73976fcd-8978-4a7c-8ff4-3cbac6f34eae	66555747	66570376	fwd	5838	-3	right	UWB_Cisp0
chr5	74833146	74840555	f0c86dee-4680-46c4-bc46-457b970d26f9	74827594	74841282	rev	7360	-3	right	UWB_Cisp0
chr5	78131280	78144989	abc0977c-e70f-4059-b53e-cf6181b8bb70	78128541	78145000	fwd	13688	-3	right	UWB_Cisp0
chr5	79601126	79606598	57d82b06-de79-4ffc-9e3a-864bffd9fc8c	79590615	79606602	rev	5462	-3	right	UWB_Cisp0
chr5	86050755	86075855	21acd486-80b0-489d-b838-842988f1e112	86047771	86075859	rev	24975	-3	right	UWB_Cisp0
chr5	97477284	97483070	64894101-914b-4ea5-a572-3faa08e160f4	97470126	97492511	fwd	5715	0.021448	right	UWB_Cisp0
chr5	97505789	97513073	3d02a276-7e70-489b-81e6-0c34a1633a21	97499255	97514330	fwd	7311	-3	right	UWB_Cisp0
chr5	99618568	99627468	2c7eaad5-c2ca-42a8-9fd7-78a274117f27	99617667	99627814	fwd	8873	-3	right	UWB_Cisp0
chr5	101441369	101449780	6de0647a-2610-4ebd-9ad9-0c7bfbc41a1f	101439801	101449785	rev	8404	-3	right	UWB_Cisp0
chr5	105092180	105098339	8d911fe8-229a-44c6-86be-38fa30b453c5	105092172	105098347	fwd	6115	-3	right	UWB_Cisp0
chr5	107720672	107725317	a7ad0eab-347f-49e4-a71e-2c657698918c	107716042	107725321	rev	4618	-3	right	UWB_Cisp0
chr5	108001508	108008112	4d5a82f4-2fd3-4c26-9dd7-8091149912c4	108001504	108025011	fwd	6567	-3	right	UWB_Cisp0
chr5	110450205	110458902	3ff68f4e-0275-416a-80ac-b291e465ada4	110446894	110458909	rev	8613	-3	right	UWB_Cisp0
chr5	119909467	119912074	87fbb287-482b-4be9-988d-b23d6a26b680	119899643	119912079	fwd	2578	-3	right	UWB_Cisp0
chr5	127993712	127997733	0e3d56aa-45dd-4740-9308-46e5ae1cc9c7	127984607	127997739	rev	4008	-3	right	UWB_Cisp0
chr5	137867341	137869899	8cbe7451-e494-4c5c-ae6b-8030bb6cc10a	137856316	137869907	fwd	2545	-3	right	UWB_Cisp0
chr5	144696708	144703186	5e74a250-eb24-4235-a1b6-87a273db0f00	144695029	144703190	rev	6480	-3	right	UWB_Cisp0
chr5	144963159	144968909	86fd0ae0-d488-48b7-84c4-ee45b7c04030	144959123	144968925	fwd	5719	-3	right	UWB_Cisp0
chr5	151801609	151807944	cc833c78-00b9-44fe-9795-031f01e43aeb	151797037	151810537	rev	6242	-3	right	UWB_Cisp0
chr5	153601436	153604061	43768f4f-0e81-4822-a309-d9cefb3105f7	153601431	153610893	rev	2612	-1	right	UWB_Cisp0
chr5	158259948	158273276	329e2802-0e3d-40de-aa31-560921b2fe50	158254186	158273705	fwd	13304	-3	right	UWB_Cisp0
chr5	161071153	161074493	26769cf5-37c7-4430-a9fa-ad43962050e7	161068295	161074498	fwd	3337	-3	right	UWB_Cisp0
chr5	161149124	161160356	4750599b-1a6b-4329-9438-a10060bc27b6	161141032	161160897	fwd	11179	-3	right	UWB_Cisp0
chr5	161902381	161907894	7ab1cf4c-632b-47d7-8a29-d5726320c32f	161897106	161907899	rev	5496	-3	right	UWB_Cisp0
chr5	168811422	168820881	de6f411f-9bc6-46df-9a48-01510b802753	168804089	168838554	fwd	9426	0.332603	right	UWB_Cisp0
chr5	169229016	169234011	28a5102c-f2df-4ff7-b070-147fbdd9ab4d	169221942	169242473	fwd	4964	0.946158	right	UWB_Cisp0
chr5	172028327	172040608	61ec6a8f-2710-4368-ae67-6b2d40b61230	172024493	172043386	fwd	12269	-3	right	UWB_Cisp0
chr5	175000861	175007887	9d7dea67-f276-4774-bff4-17cc0133e240	174997400	175008815	rev	7003	-3	right	UWB_Cisp0
chr6	1616077	1624006	dba1cc21-0f1d-4122-9d62-2683f8729544	1616071	1624026	fwd	7895	-3	right	UWB_Cisp0
chr6	3956796	3962481	b3f6a9e1-95a4-41c6-881c-e1dc6972a37f	3955904	3964261	fwd	5648	-3	right	UWB_Cisp0
chr6	7973179	7979508	d35dfb4b-2686-4947-8f92-6b85fe07baf7	7970317	7979512	rev	6263	-3	right	UWB_Cisp0
chr6	7983863	7992316	af8cbf08-ffb3-438f-bbb7-af79ce70c2f0	7979595	7992320	rev	8439	-3	right	UWB_Cisp0
chr6	9583107	9589639	f020490c-f89e-49a7-bfc8-3ffbb7bb4cc0	9574356	9589644	rev	6517	-3	right	UWB_Cisp0
chr6	10631541	10639530	e5609f76-c76e-42f3-a610-c75a086ffaea	10626855	10639535	fwd	7949	-3	right	UWB_Cisp0
chr6	18181768	18186665	242d804a-4ca2-499e-8a7b-cce942b26972	18175847	18186670	rev	4908	-3	right	UWB_Cisp0
chr6	19277074	19283627	506417a4-e2f0-4d49-a504-c3233fefbabd	19277063	19285492	fwd	6514	-3	right	UWB_Cisp0
chr6	20741318	20752745	deed7f8c-bafa-40ec-aec9-c012b3dea540	20738475	20752753	rev	11329	-3	right	UWB_Cisp0
chr6	22371929	22377696	70fcf34b-f1ab-4afb-9ea5-91831ef2585a	22368438	22384988	rev	5705	-3	right	UWB_Cisp0
chr6	25374768	25380400	45200a29-d19c-4770-8d13-f90cd6655017	25370094	25380408	rev	5642	-3	right	UWB_Cisp0
chr6	27168169	27176804	2ec7d11d-5772-4464-a828-e6a1b6c9343c	27159840	27179817	rev	8582	-3	right	UWB_Cisp0
chr6	37593206	37598355	f39f5425-850f-4e89-b046-1ef10308c438	37593199	37598361	fwd	5097	-3	right	UWB_Cisp0
chr6	39410443	39416006	91240975-c284-4db5-bdd4-4ceb71a5c4c4	39398265	39416010	rev	5540	-3	right	UWB_Cisp0
chr6	49408704	49414271	84f0de36-50db-49f8-a2a1-b3c63ca66558	49406882	49418787	rev	5568	-3	right	UWB_Cisp0
chr6	50158674	50164963	7d792f2a-1382-4d08-8916-a3a2b06e8c26	50156948	50164975	rev	6242	-3	right	UWB_Cisp0
chr6	52769004	52775592	d1e6f015-bd3f-44fc-b6be-7cd8055fa16b	52766060	52775596	rev	6583	-3	right	UWB_Cisp0
chr6	54540183	54550375	cda565f5-53f9-4191-99d3-1a89536a5153	54539027	54551282	fwd	10104	-3	right	UWB_Cisp0
chr6	54693956	54697533	67c0b184-ee83-48ea-ab53-c8212e07f77c	54686071	54697539	rev	3525	-3	right	UWB_Cisp0
chr6	60571719	60575707	8dc16012-c041-4944-89d4-ebba6a5cc98c	60568591	60579405	fwd	3969	-3	right	UWB_Cisp0
chr6	60772664	60782746	7a041c09-3f57-4fd7-95c8-46872b6205d6	60770385	60784159	fwd	10037	-3	right	UWB_Cisp0
chr6	61879006	61886209	9afd8b84-4233-49cd-b467-026a50a36924	61877730	61889589	fwd	7180	-3	right	UWB_Cisp0
chr6	67002898	67007501	0c0f80e6-e35b-4bb5-aedf-560b245aaedf	66991458	67008582	rev	4542	-3	right	UWB_Cisp0
chr6	67971132	67984080	f6eb8f08-cc0f-42dd-96cb-4a816c359b55	67971127	67985617	rev	12923	-3	right	UWB_Cisp0
chr6	68526769	68541264	c42e1f23-7d60-4a58-b0be-44a2715b8e08	68526764	68541998	rev	14478	-3	right	UWB_Cisp0
chr6	71149193	71156770	bbfc8384-3204-44ae-ad24-99dd723c9fba	71144413	71156775	rev	7552	-3	right	UWB_Cisp0
chr6	73484425	73488798	9b96e81b-56c5-402b-a4ec-5a8c07923a59	73482485	73488809	fwd	4362	-3	right	UWB_Cisp0
chr6	76221638	76229038	519830b3-68fd-482a-bdbb-03d428c3331c	76217110	76229047	fwd	7406	-3	right	UWB_Cisp0
chr6	82807328	82816760	13c87076-bd0a-4dea-b57c-257435a11e32	82807306	82816764	rev	9421	-3	right	UWB_Cisp0
chr6	86151892	86160345	852c59de-a7f2-4f0c-8f6a-539e8b8b295f	86147248	86160352	rev	8432	-3	right	UWB_Cisp0
chr6	86429841	86442308	980be5e3-9d02-450d-abc5-13d97230a16e	86413093	86442313	fwd	12376	-3	right	UWB_Cisp0
chr6	90759279	90769027	b7f1c3b8-08ec-4949-98e4-d746c6f471cc	90756615	90769033	fwd	9704	-3	right	UWB_Cisp0
chr6	97148394	97155843	2adcf72d-f0f2-4179-bc28-2a035aaa7f69	97148390	97155853	fwd	7528	-3	right	UWB_Cisp0
chr6	109532131	109539949	0c08bb82-47fe-4dbd-93c2-c94ae953ac81	109528686	109541289	rev	7788	-3	right	UWB_Cisp0
chr6	111716278	111725301	a5b67ad8-75af-4120-ac09-62592c840f22	111716272	111726743	fwd	8960	-3	right	UWB_Cisp0
chr6	118474351	118481272	8acf3a89-df1c-4d51-a608-2aacb0b22030	118473517	118481277	fwd	6912	-3	right	UWB_Cisp0
chr6	119574382	119580285	65a014bd-1b31-4144-bc3c-1a7cbb4e7c93	119571963	119580290	rev	5819	-3	right	UWB_Cisp0
chr6	119830904	119838020	b6eec912-b3d9-4802-89a1-78d6716b3c1b	119830579	119840691	fwd	7053	-3	right	UWB_Cisp0
chr6	121739909	121749469	3792c4a9-55cb-4a09-bb2e-689108fffbe3	121738637	121751187	rev	9512	-3	right	UWB_Cisp0
chr6	125997596	126004908	f6a1d6bc-619f-49a5-b1ae-b49ef03c1f88	125994030	126005633	fwd	7260	-3	right	UWB_Cisp0
chr6	132212303	132218076	b06c3042-e8ab-4638-bb52-a54a6b308c31	132211608	132218086	fwd	5748	-3	right	UWB_Cisp0
chr6	133461388	133466009	1b73fd2e-02ab-4bc2-9775-b069eb9334e3	133455877	133466024	fwd	4575	-3	right	UWB_Cisp0
chr6	134131186	134142809	32488253-4493-44ea-be27-92172514ab4b	134128955	134142962	rev	11635	-3	right	UWB_Cisp0
chr6	136979370	136986848	1e65f6ea-de41-4dc2-800b-1266cf73ca14	136979350	136988365	rev	7459	-3	right	UWB_Cisp0
chr6	137813331	137821051	e411ebc9-6418-4a75-a7f8-9b274d3646cf	137800041	137821058	fwd	7710	-3	right	UWB_Cisp0
chr6	164180299	164186292	2eb67af9-5f28-4a69-b853-6eec3919f446	164175476	164186368	fwd	5920	-3	right	UWB_Cisp0
chr6	166998607	167009444	3ca6b736-8090-4290-b87a-2588cbfec943	166997068	167009457	rev	10822	-3	right	UWB_Cisp0
chr6	170637915	170646126	1f9a3edb-4d3b-4e9b-80bb-fbce94da07ac	170637911	170649249	fwd	8187	-3	right	UWB_Cisp0
chr7	870749	878395	0bbafe77-83fe-40bb-a1c8-ad8772a0fff8	862965	885061	fwd	7545	-1	right	UWB_Cisp0
chr7	12088947	12096251	399b88f0-ba11-4892-b8fe-e2a26d315ce4	12088936	12098803	fwd	7238	-3	right	UWB_Cisp0
chr7	22946195	22951037	7f0818ae-5803-4f32-a1a5-80cf0b920347	22940463	22952655	fwd	4878	-3	right	UWB_Cisp0
chr7	23457315	23464310	c343638f-e325-4074-9b3e-28cafc9a877a	23449518	23464320	fwd	6955	-3	right	UWB_Cisp0
chr7	25224526	25229525	711aae67-8b59-4419-aa86-660fe1910a75	25219341	25229529	rev	4988	-3	right	UWB_Cisp0
chr7	37785488	37792071	a43f05c6-6fc2-4d9a-99cd-cd5060815eb1	37783778	37792077	rev	6577	-3	right	UWB_Cisp0
chr7	41417614	41424833	34b1fa79-8ae2-41ff-a3d2-2238af9fe6ad	41413791	41424839	fwd	7192	-3	right	UWB_Cisp0
chr7	45347326	45356045	d4f3d74e-a921-4b43-b1f1-1d640bf74067	45344554	45356196	fwd	8714	-3	right	UWB_Cisp0
chr7	45421766	45430055	ffd13fc4-9988-4e67-b5e8-1dd604470d96	45420327	45431160	rev	8267	-3	right	UWB_Cisp0
chr7	45757372	45761038	ae443d83-497a-4d6b-83c1-8a602ef5944f	45749278	45761045	rev	3650	-3	right	UWB_Cisp0
chr7	50974451	50982072	a061fd5e-7fa1-4140-a6fe-76965ce5cf64	50969141	50989649	fwd	7595	-3	right	UWB_Cisp0
chr7	52093854	52103652	08eb62ce-329b-465a-9505-52e394077748	52093849	52107251	fwd	9716	-3	right	UWB_Cisp0
chr7	66442318	66453949	6c4b2c77-311f-468b-b913-4445f4b0e464	66440791	66453965	fwd	11541	-3	right	UWB_Cisp0
chr7	68064650	68073995	8748cb42-786b-4404-b3ce-09e8428bc6b7	68062538	68076999	rev	9259	-3	right	UWB_Cisp0
chr7	69851470	69859935	006e36ad-2490-48e4-9266-2a4b1537527b	69849289	69859944	rev	8451	-3	right	UWB_Cisp0
chr7	73581342	73587373	d97db9d3-ad4d-4d40-87b2-b7291803b11f	73580112	73588745	rev	6019	-3	right	UWB_Cisp0
chr7	74478006	74482367	2b6b73f7-f87b-4570-b00c-84c9f1a7722d	74474838	74485345	rev	4348	-3	right	UWB_Cisp0
chr7	74724810	74729639	d02c98db-d013-4e85-815d-b7a610f697e6	74722668	74732021	rev	4789	-3	right	UWB_Cisp0
chr7	76957592	76966809	372a5238-0537-46b3-a1bf-240155271155	76943354	76966816	fwd	9186	-3	right	UWB_Cisp0
chr7	78430155	78438140	9130e68f-4e55-4800-98e2-52b0fe6c9d17	78421576	78438446	fwd	7947	-3	right	UWB_Cisp0
chr7	86862569	86867892	fdc92eee-2312-43b1-ae3f-63b29b30ad8f	86855472	86867909	fwd	5306	-3	right	UWB_Cisp0
chr7	94074870	94080246	4309683a-531d-4260-8c81-139ac1b381d3	94067676	94082547	rev	5327	-3	right	UWB_Cisp0
chr7	96149326	96159304	24dd5567-08ed-4f97-8abc-22e4cd313a97	96146199	96159308	rev	9963	-3	right	UWB_Cisp0
chr7	100488183	100491706	38c61321-75a3-49e2-8db9-ce886dd942bf	100485202	100505488	fwd	3486	-3	right	UWB_Cisp0
chr7	100763476	100770781	7bf46b2c-bd11-4131-89eb-17e92283b92e	100758934	100779745	rev	7293	-3	right	UWB_Cisp0
chr7	104098657	104106719	ea8dc686-e690-445b-8884-a2531375d743	104084378	104106728	rev	7951	-3	right	UWB_Cisp0
chr7	105556296	105565381	ed6d4f43-e070-439f-9cac-f73f606db1cd	105556289	105565386	rev	9022	-3	right	UWB_Cisp0
chr7	106085629	106092354	0fa01102-d39d-45f3-9abe-0c701f19515d	106081416	106092364	fwd	6720	-3	right	UWB_Cisp0
chr7	107111202	107117090	66e300a5-6c9b-4ef6-8058-ebf832284ce1	107103353	107117103	fwd	5805	-3	right	UWB_Cisp0
chr7	109413200	109423188	1e7cc7c2-8e17-41c1-a321-d00644403dfe	109411269	109423193	fwd	9971	-3	right	UWB_Cisp0
chr7	117051828	117062944	4a669271-c1e1-4f79-b853-ab3d3739a226	117051823	117062954	rev	11106	-3	right	UWB_Cisp0
chr7	117374751	117379809	19bd018d-3fc7-43be-86c9-d741dd1270ee	117366585	117379817	fwd	5063	-3	right	UWB_Cisp0
chr7	117801663	117808780	56e8fbd5-5286-437b-8611-09d70689c6e1	117797063	117808787	fwd	7074	-3	right	UWB_Cisp0
chr7	118408499	118416841	6dcb89ec-e154-4fd5-b298-3dc0d5877391	118404856	118416873	rev	8259	-3	right	UWB_Cisp0
chr7	119877986	119886058	7d36c0cb-d0e0-4eac-9eff-f92991a35daf	119877977	119886585	fwd	8047	-3	right	UWB_Cisp0
chr7	120012337	120020369	60bebd10-68fb-412b-a52d-9c1d6d2d56d2	120011832	120020374	fwd	7993	-3	right	UWB_Cisp0
chr7	120159033	120172173	181ab05a-544a-493c-965d-cf000ea33698	120153643	120177736	rev	13023	-3	right	UWB_Cisp0
chr7	120901575	120905068	eb6c8c5c-aad0-414f-bac9-6b833c2adb3b	120892169	120905072	rev	3496	-3	right	UWB_Cisp0
chr7	121036829	121044691	0c2bc1ef-8961-491d-bb9e-2022d31d5708	121029086	121045028	rev	7813	-3	right	UWB_Cisp0
chr7	125183394	125191205	a33d0740-2901-4b49-869f-2aac5d278d9e	125183389	125191238	fwd	7835	-3	right	UWB_Cisp0
chr7	128525820	128533823	2ece47cd-d358-45e0-808f-84a7b8f21bac	128520831	128533833	rev	7991	-3	right	UWB_Cisp0
chr7	129284746	129295610	737cd5c1-f178-49c2-a045-b3fe4310a695	129280878	129295615	rev	10822	-3	right	UWB_Cisp0
chr7	139308221	139312898	b7ba9126-155b-4848-a6b0-b3a4771e1bd7	139299690	139312904	rev	4660	-3	right	UWB_Cisp0
chr7	141574447	141584493	6644e9a7-411a-4f8f-8c63-fbb35301be71	141574225	141584500	rev	10023	-3	right	UWB_Cisp0
chr7	141973541	141982287	fd299951-4a2d-450f-bb5a-a69b1c78496d	141964025	141987435	rev	8707	-3	right	UWB_Cisp0
chr7	145078213	145091135	13dbc44e-e94c-4d84-871c-050e9416fce2	145072247	145091139	rev	12871	-3	right	UWB_Cisp0
chr7	145575802	145578909	75940020-e425-4185-9404-6621d4425617	145568197	145578914	fwd	3086	-3	right	UWB_Cisp0
chr7	145582005	145593160	a1ef08fc-2733-4e44-a660-d2d33fd3279d	145581378	145593167	fwd	11109	-3	right	UWB_Cisp0
chr7	147821528	147842519	447825f6-6bc7-4c0f-88b3-c3300fbf58fe	147820650	147842524	rev	20967	-3	right	UWB_Cisp0
chr7	150458549	150463605	985785bc-e8f9-405e-8b4a-120d5bd90b1d	150453452	150463611	fwd	5030	-3	right	UWB_Cisp0
chr7	155648237	155654040	a434e3e8-5b68-423a-920e-0eb521d8b088	155645998	155654045	fwd	5761	-3	right	UWB_Cisp0
chr7	158021742	158034370	f6af30f6-76b8-48d2-8682-b5f51fff2d93	158008977	158045418	fwd	12636	0.655013	right	UWB_Cisp0
chr7	158944790	158952670	b9219203-c5fc-4808-9219-fd292c1e210b	158924254	158952677	rev	8123	-3	right	UWB_Cisp0
chr8	35014856	35019440	32245596-e000-4556-91e0-5d5f016382a4	35005786	35033284	fwd	4561	-1	right	UWB_Cisp0
chr8	36155030	36165355	beaeeaee-ba26-4697-a7ee-dd8809f0262a	36152390	36165494	rev	10258	-3	right	UWB_Cisp0
chr8	36484006	36491278	fbfece9a-8e5e-4ca9-b746-6abab6d55217	36479861	36491286	rev	7272	-3	right	UWB_Cisp0
chr8	36893570	36898268	f04e9c4b-d813-46b5-95de-76f901602263	36883215	36898276	rev	4659	-3	right	UWB_Cisp0
chr8	38172155	38178691	a05c4b9c-339d-4443-891c-e55948425876	38161052	38178696	fwd	6534	-3	right	UWB_Cisp0
chr8	56011952	56019163	2f01e833-3fcb-4270-b5dd-fd55b8e7659b	56007340	56019170	fwd	7176	-3	right	UWB_Cisp0
chr8	56778728	56786855	84a82444-08cf-489f-ae4e-542548063ec4	56768590	56790763	rev	8057	-3	right	UWB_Cisp0
chr8	61270956	61276502	22c820bb-0bb2-4446-b0bb-2e40ebc7e12a	61270945	61288223	rev	5526	-3	right	UWB_Cisp0
chr8	62405546	62412999	e7fb38c4-1e13-433b-b0ec-106dfcad23dc	62403466	62413536	fwd	7436	-3	right	UWB_Cisp0
chr8	64820914	64831131	67ad163d-121a-4d23-85dd-9253b1a593e2	64819123	64831136	rev	10197	-3	right	UWB_Cisp0
chr8	67146730	67151276	69e1e111-7edd-41f6-ad56-8fd2c9fe871a	67146724	67155974	rev	4525	-3	right	UWB_Cisp0
chr8	77938950	77944608	81152a5b-3e63-414c-8dea-ecc6d5eff4ae	77931872	77947039	fwd	5645	-3	right	UWB_Cisp0
chr8	80775569	80783597	fe420c4b-9c74-438d-acd5-63f513084880	80770407	80793747	fwd	8001	0.435327	right	UWB_Cisp0
chr8	81953045	81959067	d16289f2-bb27-4fa3-b3a9-9a10230fd910	81953039	81959076	rev	6003	-3	right	UWB_Cisp0
chr8	83922702	83935628	a16ea83b-df0d-4b87-afd8-b8cb18df1e25	83921362	83935634	rev	12893	-3	right	UWB_Cisp0
chr8	90132573	90138966	07975752-b671-45a2-b928-2abf64a88d14	90129055	90138970	rev	6406	-3	right	UWB_Cisp0
chr8	92421012	92427653	d9233b1f-053f-4ba3-93a8-a2e8898d9e2f	92421004	92427658	rev	6639	-3	right	UWB_Cisp0
chr8	94341898	94353667	73e668d2-020e-4c8b-9b87-53376b39cbc2	94341886	94353672	fwd	11736	-3	right	UWB_Cisp0
chr8	95151974	95159361	781ee01c-0e1c-4784-9d64-7b0a29a13ed1	95149451	95160518	rev	7346	-3	right	UWB_Cisp0
chr8	98366770	98375320	64817974-f795-4015-b593-ad63b925436f	98356452	98375324	rev	8486	-3	right	UWB_Cisp0
chr8	98692327	98705040	bb4780cf-0897-4472-8cd0-4c92df4ccf88	98692321	98705046	rev	12665	-3	right	UWB_Cisp0
chr8	99064436	99077765	b10de97f-f38f-4a89-9353-92540b0603dd	99059120	99081554	rev	13325	-3	right	UWB_Cisp0
chr8	101307668	101312098	81f8487b-a6a9-473f-adfb-0d1950b442ce	101302800	101315351	rev	4438	-3	right	UWB_Cisp0
chr8	101347305	101356592	4b4b0b40-c604-48c9-8818-41d60366a854	101347254	101360182	fwd	9259	-3	right	UWB_Cisp0
chr8	101950308	101953570	28673642-daa1-4327-a548-976ac78c1da0	101945150	101954557	fwd	3254	-3	right	UWB_Cisp0
chr8	102939233	102945832	b1a9c1af-0d1a-4bd9-9fe2-a737dec34274	102938846	102956470	fwd	6576	-3	right	UWB_Cisp0
chr8	103431507	103436361	373ca3b2-366a-4fff-85d4-01aaf9e52850	103427874	103436369	rev	4810	-3	right	UWB_Cisp0
chr8	103700075	103710400	36bbdf37-8a5f-405e-9b69-c577f6e2ce6a	103698645	103710408	rev	11325	-3	right	UWB_Cisp0
chr8	104835375	104839381	9fa0bce6-1fe6-4afc-985d-fc66ab2de3e6	104825694	104843067	rev	3997	-3	right	UWB_Cisp0
chr8	107913058	107916124	6f2b9516-0b25-4510-9c8e-95e8b90e401b	107909354	107916129	rev	3042	-3	right	UWB_Cisp0
chr8	108915726	108925190	67c4dcb6-6ea3-46ea-be1d-db2e60a2370f	108909390	108925194	rev	9351	-3	right	UWB_Cisp0
chr8	109693894	109700291	146919b9-ad04-485a-a5ce-8db5869a37d5	109693890	109711066	fwd	6352	-3	right	UWB_Cisp0
chr8	116901026	116909300	c9cb4082-a012-4946-81e9-8f61cfb22a40	116899470	116909403	rev	8251	-3	right	UWB_Cisp0
chr8	118323984	118329578	c42b1eac-479a-4e27-8af1-8645b8588c19	118322761	118329591	rev	5547	-3	right	UWB_Cisp0
chr8	118338818	118344197	dc5098fe-ad1e-4bef-a821-ffee4bcfdc1f	118332840	118344378	rev	5370	-3	right	UWB_Cisp0
chr8	120133540	120140578	a0b72ed8-833e-474d-a05b-61fcbbccd346	120133531	120142607	fwd	6970	-3	right	UWB_Cisp0
chr8	121202377	121206155	f1b55354-0d66-4809-ab09-043ece06c263	121186031	121206161	fwd	3789	-3	right	UWB_Cisp0
chr8	122698946	122706136	5ed3b4e4-091b-476f-a877-8799503ca2e0	122698786	122709100	fwd	7183	-3	right	UWB_Cisp0
chr8	123660472	123664635	8fc8ad04-eed2-4c10-88e7-b436d8d7c4d5	123651620	123664646	rev	4142	-3	right	UWB_Cisp0
chr8	123745380	123747998	32b9aa6f-e7a3-43c2-af5d-861c423d64eb	123728357	123748004	rev	2614	-3	right	UWB_Cisp0
chr8	125033248	125042312	68b790e6-4862-42c5-9a57-8a877cfe16c2	125021023	125043242	rev	9016	-3	right	UWB_Cisp0
chr8	126562445	126575368	0e4945e1-56f4-45e7-ad35-d2aca2cdf436	126562432	126590256	fwd	12842	0.093485	right	UWB_Cisp0
chr8	126622843	126631782	378b2cb1-c9ad-4ba1-9e3d-624634a9c10d	126619069	126631787	rev	8842	-3	right	UWB_Cisp0
chr8	130271060	130276455	79c54890-a081-46d0-8ed2-fa6e1267fe9d	130267950	130276461	fwd	5409	-3	right	UWB_Cisp0
chr8	134446844	134452461	b04a6f3c-0ebe-4d72-bd9e-a84c66b45e9e	134445333	134452467	fwd	5545	-3	right	UWB_Cisp0
chr8	135940211	135948603	e0660f44-ea01-4a49-ba67-6b218dd2377c	135934228	135949525	fwd	8341	-3	right	UWB_Cisp0
chr8	141017017	141024446	63b0a4b3-9d5e-40fe-8e7b-bc9f59ad164c	141015420	141024460	fwd	7390	-3	right	UWB_Cisp0
chr8	144465259	144468690	99c40db0-8626-4f78-a111-d5090a849ed4	144461335	144471163	fwd	3390	-3	right	UWB_Cisp0
chr9	5673142	5677634	4bdf27f2-3091-498b-97d3-c1a4c6532450	5672279	5687196	fwd	4476	-3	right	UWB_Cisp0
chr9	12951521	12958720	0cccae6f-0f1e-49f9-ad26-208e250e686f	12951282	12961531	fwd	7118	-3	right	UWB_Cisp0
chr9	21139401	21145911	50727c49-99b4-4bfe-a636-dec849159a32	21138264	21147909	fwd	6487	-3	right	UWB_Cisp0
chr9	26403608	26408073	c5285b57-2a7c-4882-a632-c046fccfe900	26398170	26408079	fwd	4474	-3	right	UWB_Cisp0
chr9	26395899	26404172	c480ca8b-8808-41f2-9f1b-5c5ad7819212	26390633	26406196	rev	8260	-3	right	UWB_Cisp0
chr9	34460551	34466915	4eb6acbf-ff83-47c9-b46b-8eae9c798be0	34456406	34467183	rev	6420	-3	right	UWB_Cisp0
chr9	37814888	37818631	a0753487-1952-4a9e-974b-adff118a1cd4	37804340	37819233	rev	3722	-3	right	UWB_Cisp0
chr9	38402084	38409038	a49f075d-ad2c-4aa9-aa88-838ffef79285	38397861	38409051	rev	6917	-3	right	UWB_Cisp0
chr9	67006320	67014231	ecbcdccb-cfe4-4138-93c4-39af3d795302	67006096	67017163	fwd	7856	-3	right	UWB_Cisp0
chr9	73848128	73854049	87627f39-74f4-4b26-af20-68034fe1d22c	73839087	73854054	rev	5936	-3	right	UWB_Cisp0
chr9	75282760	75288705	4d63b3b5-b7ad-45d5-92d0-75abac14048c	75273482	75288710	fwd	5932	-3	right	UWB_Cisp0
chr9	77007333	77015037	30c446b6-63ea-411d-9db8-7fd8d9406c99	76988912	77015051	fwd	7667	-3	right	UWB_Cisp0
chr9	84078410	84082280	b966ceb2-433e-404c-8dc5-8e8b000b7fc1	84065708	84083707	rev	3833	-3	right	UWB_Cisp0
chr9	86662141	86669127	942e130d-241d-4cf7-9fa6-8fb881f74393	86658827	86675798	rev	6976	-3	right	UWB_Cisp0
chr9	87560745	87568924	a3130ff7-475b-44bc-b14f-34df9cb16e95	87558669	87568928	rev	8159	-3	right	UWB_Cisp0
chr9	91006181	91012376	c69cb467-7ad4-408b-be82-3faa47d1bf5a	91001445	91018015	fwd	6173	-3	right	UWB_Cisp0
chr9	91468440	91474162	5fcdaf34-8eca-4134-b429-b433a03d551a	91463856	91474169	fwd	5716	-3	right	UWB_Cisp0
chr9	94855270	94861903	9c94c6e1-6366-4e5b-b0ae-71a97e9bdb8e	94849032	94861914	fwd	6642	-3	right	UWB_Cisp0
chr9	95371941	95379987	a1c6ac49-14ea-43dd-80b9-4f70f26ff2b5	95368829	95382352	fwd	8057	-3	right	UWB_Cisp0
chr9	98476099	98482795	e79e770e-51e8-482f-87ab-403ac8150de2	98476092	98485194	rev	6701	-3	right	UWB_Cisp0
chr9	99535723	99540910	2fd66d32-c3e7-4514-ba01-62d3d958c2a3	99529206	99540915	fwd	5148	-3	right	UWB_Cisp0
chr9	99548966	99557674	950c229a-3d87-4b3d-824c-df605f2cd598	99548945	99561290	rev	8680	-3	right	UWB_Cisp0
chr9	109602858	109607419	fdb8823a-a116-495e-a21e-33c73fdceafb	109602291	109624891	rev	4559	-3	right	UWB_Cisp0
chr9	110673634	110688246	e752f025-b363-4a2c-b333-58ac587bf79b	110671934	110688254	rev	14598	-3	right	UWB_Cisp0
chr9	110780944	110785272	cfb16547-8600-43ba-91b7-5ff05de7dc8f	110770259	110785293	rev	4317	-3	right	UWB_Cisp0
chr9	111137148	111155898	1a908850-bc9f-4723-9778-5c15144f27aa	111136348	111157035	fwd	18733	-3	right	UWB_Cisp0
chr9	115188972	115195848	dbbd21c6-2d4d-40ad-810c-15bbad06ff1f	115188967	115209609	rev	6849	-3	right	UWB_Cisp0
chr9	119025334	119034304	7c9312e6-b4af-48ed-9d68-e4a021a8e2ef	119012772	119034311	fwd	8933	-3	right	UWB_Cisp0
chr9	121043730	121051660	9d5b4977-68de-4cc7-a567-e2043c6fae52	121042459	121060240	fwd	7869	0.412926	right	UWB_Cisp0
chr9	129781117	129787652	9b4cd640-699a-4940-aac7-8958eedfb551	129778582	129787660	rev	6513	-3	right	UWB_Cisp0
chr9	129963635	129970355	5493003c-ad16-4ce0-80f0-de0d26788abd	129963616	129974115	rev	6683	-3	right	UWB_Cisp0
chr9	133481323	133485314	48dad958-a54f-45e6-9484-dd7e6b9ff7a4	133476980	133485318	rev	3979	-3	right	UWB_Cisp0
chr9	134120685	134125767	6c1a70ff-6901-4805-9fb4-c89f41660192	134116808	134125774	fwd	5089	-3	right	UWB_Cisp0
chr9	134547213	134553620	0dcb3d8f-b180-41be-8331-3958866d04bf	134540625	134555433	fwd	7498	-3	right	UWB_Cisp0
chr9	136029465	136039609	51750694-0fea-46e0-989c-177f23a63a0f	136029460	136039617	fwd	10151	-3	right	UWB_Cisp0
chrX	7391229	7397487	bff8ab3e-98d6-4fbc-9fe8-0a850e76d89c	7385878	7397505	fwd	6212	-3	right	UWB_Cisp0
chrX	15324923	15327321	43c49547-5892-418d-82f0-fdc05b07a350	15324912	15335898	fwd	2398	-1	right	UWB_Cisp0
chrX	23807723	23812689	5f8b2221-a778-4f1a-b19e-e2c2635d22a9	23801758	23812704	fwd	4977	-3	right	UWB_Cisp0
chrX	29184840	29191113	ccc83b44-8b66-4f8b-992f-68ab02bb34b0	29184835	29202127	fwd	6273	-3	right	UWB_Cisp0
chrX	40840867	40850073	19931801-f06f-4ce9-baae-78194150b653	40838833	40851466	fwd	9157	-3	right	UWB_Cisp0
chrX	41397626	41407921	4e4e8dc3-5885-4994-91ca-abb4494a4062	41391471	41407943	rev	10317	-3	right	UWB_Cisp0
chrX	63793239	63807110	2c246ff9-8878-445b-bb30-ea694b970d3b	63788451	63807121	fwd	13787	-3	right	UWB_Cisp0
chrX	67623984	67632040	b9047c05-0ef6-4d02-8c62-aeeceeab2a97	67621973	67632076	rev	8040	-3	right	UWB_Cisp0
chrX	84126236	84137100	8f960f3a-4ca7-4f2a-bf47-4542d77bba5b	84126227	84137110	rev	10816	-3	right	UWB_Cisp0
chrX	86044247	86051801	e7b34b31-4917-4501-b0a8-3b99233dbca2	86039110	86052948	rev	7470	-3	right	UWB_Cisp0
chrX	110844897	110853245	6f893408-afc7-469e-a1e8-0c9c6e583840	110825816	110854287	fwd	8334	-3	right	UWB_Cisp0
chrX	117378999	117383118	010fb3bd-f43e-4cfb-9065-d2fa9a7a68f1	117369901	117383122	rev	4117	-3	right	UWB_Cisp0
chrX	131977388	131985285	bc21c5d3-9edc-4c73-8e08-2a047cef0dcb	131964560	131985299	rev	7875	-3	right	UWB_Cisp0
chrX	146771161	146782738	1c2f5c94-2fdb-4b79-b575-c2f81c0afff2	146769331	146782744	rev	11494	-3	right	UWB_Cisp0
chrY	11310409	11319353	a3419514-f0ae-45eb-9272-6d38738abd4d	11310376	11324289	fwd	5618	-3	right	UWB_Cisp0
chr1	4094095	4097109	cfca1aee-21f5-4454-9024-95693bec59c2	4080633	4097117	fwd	2700	-3	right	UWB_Cisp1
chr1	17915276	17919135	2d744a2c-0875-4f44-9f56-5271fe87be2d	17911012	17923765	fwd	3826	-3	right	UWB_Cisp1
chr1	20655327	20660535	ed01006b-1fd4-411e-a5b9-fa0b57d047b4	20653154	20660541	fwd	5201	-3	right	UWB_Cisp1
chr1	68067468	68072323	403f9c31-a452-41cc-9036-7c0e4cd9f169	68062168	68072420	fwd	4856	-3	right	UWB_Cisp1
chr1	82115727	82124597	8b95ac74-703a-4577-9dc6-a7537a605b71	82109356	82126317	fwd	8842	-3	right	UWB_Cisp1
chr1	92235613	92245676	811d94e4-cf44-44ef-bd03-450b3cab67b6	92235607	92245686	fwd	10032	-3	right	UWB_Cisp1
chr1	96732931	96744345	042d4a44-baaf-42f5-9d80-3fbbfe3b30d8	96725175	96744559	rev	11385	-3	right	UWB_Cisp1
chr1	98424724	98430334	64b96649-95d2-4715-8a78-4b1c9fa6f20c	98422921	98430340	fwd	5529	-3	right	UWB_Cisp1
chr1	113725817	113731472	6060e963-d832-41b0-a6e8-bde1281b1e57	113722164	113731478	rev	5588	-3	right	UWB_Cisp1
chr1	143203068	143209322	193bf75f-0e1c-44c6-8fca-408e237b3036	143200062	143221953	fwd	1013	-1	right	UWB_Cisp1
chr1	143212230	143220898	2b6ba241-036b-44b3-a456-b022f57bd4da	143212223	143222285	rev	6258	-3	right	UWB_Cisp1
chr1	143218702	143223403	1175b148-7b5f-4b1f-8fbe-6319b8ae4dac	143213022	143233430	fwd	2988	-1	right	UWB_Cisp1
chr1	143228695	143233425	1175b148-7b5f-4b1f-8fbe-6319b8ae4dac	143213022	143233430	fwd	2920	-3	right	UWB_Cisp1
chr1	153590382	153598268	6564ea28-8596-4ad6-816d-eac7a67100af	153585697	153598281	fwd	7879	-3	right	UWB_Cisp1
chr1	157204174	157213330	2ca7371f-320c-41a7-80ed-97aea83ea601	157202478	157213335	fwd	9131	-3	right	UWB_Cisp1
chr1	163766522	163773450	77d33aea-cfb2-4bc8-a9e1-612a1647a586	163759633	163773492	fwd	6896	-3	right	UWB_Cisp1
chr1	172245595	172254087	f90c98c6-bc8f-4c8b-93bf-b78d4267992e	172244450	172254093	fwd	8470	-3	right	UWB_Cisp1
chr1	174750688	174759921	f200e264-5b2e-496f-8cd2-5f52b5078502	174746300	174759930	fwd	9218	-3	right	UWB_Cisp1
chr1	188192112	188197366	7d125b6c-5626-493b-ab94-999c7ac19e75	188191182	188201250	rev	5191	-3	right	UWB_Cisp1
chr1	198718698	198724281	f9a3d4ee-63eb-4f9e-b936-7d020caba97f	198716373	198727319	rev	5574	-3	right	UWB_Cisp1
chr1	213434891	213440115	7c736c02-81e8-423f-8126-3637b57ef9de	213429845	213440131	fwd	5159	-3	right	UWB_Cisp1
chr1	228984672	228991171	8691d307-4914-4910-a37a-adb74e857e30	228976492	228991186	fwd	6399	-3	right	UWB_Cisp1
chr1	233917794	233927963	ea09923d-397d-4b75-ba4c-5bb14eaba788	233913968	233928095	fwd	10167	-3	right	UWB_Cisp1
chr1	238380686	238396513	3618b41c-9ac0-45f1-b1f3-e9e0119516e7	238377968	238398392	fwd	15674	-3	right	UWB_Cisp1
chr1	246767535	246773109	7cf623f5-c4eb-4702-a322-122e829b2db0	246767528	246773803	rev	5552	-3	right	UWB_Cisp1
chr10	12825847	12831402	cc581710-f8eb-496f-a6f5-e27d239d92a7	12824112	12831408	rev	5515	-3	right	UWB_Cisp1
chr10	20849434	20859717	2738ac92-4a5d-40c6-89b4-b43badac913b	20849355	20859725	fwd	10287	-3	right	UWB_Cisp1
chr10	41857574	41863449	46bb99ca-1810-454a-9c78-d3928aa1e389	41856987	41865926	rev	4802	-3	right	UWB_Cisp1
chr10	41874938	41894748	1276f8ab-f5fa-486b-870d-e6298d49cc4f	41868704	41904172	fwd	12373	-1	right	UWB_Cisp1
chr10	41885215	41890503	0cda25fd-d6cc-493e-a9a1-08a470c02ae7	41875787	41892301	fwd	4570	-3	right	UWB_Cisp1
chr10	41877341	41880536	e090b315-f9b9-460d-bd87-24c93c0092b1	41877294	41891012	fwd	3344	-1	right	UWB_Cisp1
chr10	41884119	41889562	73646415-e8d4-43e2-a64e-7166ae0eb237	41878779	41891681	fwd	3760	-3	right	UWB_Cisp1
chr10	41884023	41886460	e069bf96-bb9a-4028-94ff-daffb9495af5	41878527	41910681	rev	931	-1	right	UWB_Cisp1
chr10	41880810	41885776	b8d7d44c-392a-4af3-950a-fea1595b347f	41880803	41892301	rev	4535	-1	right	UWB_Cisp1
chr10	41886471	41890132	44c3c2b3-ac54-494d-bb72-1ef31cbd544a	41881793	41895226	fwd	3465	-1	right	UWB_Cisp1
chr10	41892100	41895879	e98f4bff-6f1b-4a3a-98bb-2c964fa11879	41882661	41899912	fwd	619	-3	right	UWB_Cisp1
chr10	41884732	41890523	d22d5ffc-1ba1-4f48-9f79-1a8c314d24d4	41883037	41900378	fwd	4348	-1	right	UWB_Cisp1
chr10	41885036	41889487	074bcb88-ff8d-492d-97da-fddbee68dc0f	41883842	41900946	fwd	1868	-3	right	UWB_Cisp1
chr10	41897797	41910111	8a2a3476-d3ad-41a8-afcb-1d9c05ddf875	41891906	41912860	fwd	5563	-3	right	UWB_Cisp1
chr10	41903410	41908168	792adfd2-a9b2-450d-aab3-178d4e5ac9fe	41893512	41916263	fwd	5175	-1	right	UWB_Cisp1
chr10	41911481	41914360	792adfd2-a9b2-450d-aab3-178d4e5ac9fe	41893512	41916263	fwd	3175	-3	right	UWB_Cisp1
chr10	41900584	41907520	e1412143-b261-435b-a2fb-3e5179617e03	41895963	41909743	fwd	2872	-3	right	UWB_Cisp1
chr10	55906385	55910142	9af2a3e8-f98d-4594-986c-15a0737d61cd	55906381	55921498	fwd	3695	-1	right	UWB_Cisp1
chr10	60021818	60028075	10909c6b-8bb3-4cff-a4d1-7f6e52a2b736	60021010	60029153	rev	6226	-3	right	UWB_Cisp1
chr10	60668666	60671729	2dd31739-3f26-4865-bbb9-66a862ac3995	60665081	60671738	rev	3041	-3	right	UWB_Cisp1
chr10	87177600	87182704	a48dff33-660c-43a8-8aca-854bbdfde361	87168368	87182710	rev	5083	-3	right	UWB_Cisp1
chr10	98435813	98440180	9c065cda-8de8-44fe-9e41-6b8334df76cd	98433866	98443989	rev	4363	-3	right	UWB_Cisp1
chr10	111275108	111280664	d03ca7ed-36f3-4986-8ddd-80e595ab0bcc	111268971	111280672	fwd	5545	-3	right	UWB_Cisp1
chr10	123189012	123198304	c1e0b4d6-bb59-4d2d-97e6-cfbff8f57a50	123185060	123198311	fwd	9263	-3	right	UWB_Cisp1
chr10	129591244	129603869	46f30fef-7ca5-4764-9d97-6f838775afd3	129591239	129614613	fwd	12562	0.69418	right	UWB_Cisp1
chr10	132770040	132774272	cf29c598-02eb-4760-a05f-bcda4eac9244	132756014	132774280	fwd	5243	-3	right	UWB_Cisp1
chr11	44057517	44060980	ed1de73a-b2e1-4cca-8acc-9f8b7095a0c8	44052882	44061377	rev	3477	-3	right	UWB_Cisp1
chr11	50326917	50334320	3331efc1-a118-4980-884d-84e9ca050d3a	50326909	50337553	rev	7427	-3	right	UWB_Cisp1
chr11	66478092	66489332	ea9ad8e5-eee3-48a2-8844-72b949c0ee67	66474703	66489363	fwd	11233	-3	right	UWB_Cisp1
chr11	100801862	100809858	464d8392-4d9b-4848-bed4-a12138dea7aa	100800283	100809864	fwd	7975	-3	right	UWB_Cisp1
chr11	111128961	111134847	695e1acc-ffa8-49e9-b7c2-9baf73eeec2c	111127623	111134858	fwd	5860	-3	right	UWB_Cisp1
chr11	131212786	131223495	49927feb-e1f1-41ad-8be7-4a1264a9e9e3	131210148	131223504	rev	10626	-3	right	UWB_Cisp1
chr12	13521425	13525141	d3966d02-556c-46e9-8199-e4f8429c330a	13515075	13527838	fwd	3715	-3	right	UWB_Cisp1
chr12	26839087	26847781	96028461-421b-4964-bc0a-88a9203e796d	26839044	26847787	rev	8673	-3	right	UWB_Cisp1
chr12	43806214	43812205	4250489a-2a03-4a15-b33a-d3991a5b7233	43803240	43814711	fwd	5979	-3	right	UWB_Cisp1
chr12	52349671	52354311	42b75f10-0b95-4d4e-bb69-e94d313a5a18	52343827	52354323	rev	4619	-3	right	UWB_Cisp1
chr12	80417110	80427171	a5ab7c90-ec84-4683-b373-c6edd44c661b	80414654	80427179	rev	10092	-3	right	UWB_Cisp1
chr13	37405952	37416501	a9debbf4-d3b7-431c-8929-628dc294a533	37405874	37416510	fwd	10482	-3	right	UWB_Cisp1
chr13	60771455	60780851	4586351a-f3c5-429c-862f-bba1f17d80b7	60771450	60780855	rev	9464	-3	right	UWB_Cisp1
chr13	82829953	82836710	6f63321e-9292-4172-bd84-5db5978fa5cc	82827221	82836721	fwd	6778	-3	right	UWB_Cisp1
chr14	42227863	42237297	2990ab42-5bb2-4f7e-b751-9dd3996393a0	42222362	42237305	fwd	9320	-3	right	UWB_Cisp1
chr14	52325534	52333624	e1cef370-492d-43ea-855a-f7b2f9fc3a73	52324568	52335679	rev	8060	-3	right	UWB_Cisp1
chr14	59178655	59187052	f2b079ba-d6d1-43aa-9bfa-3a79abbdd6ff	59176771	59187059	fwd	8411	-3	right	UWB_Cisp1
chr14	99988116	99992396	7e5aeca6-56f2-4e28-a28a-2c1f0e4e80f3	99983373	99992406	rev	4245	-3	right	UWB_Cisp1
chr15	35272113	35278876	811109bf-1c4b-402c-8f65-58882665e0d2	35272105	35290838	rev	6744	-3	right	UWB_Cisp1
chr15	43381662	43388493	9c9b9b4e-ec23-46b6-834a-bf7441856239	43381658	43388503	fwd	6784	-3	right	UWB_Cisp1
chr15	55756226	55764617	bcb18a6d-26a3-44f5-b80a-e42499eae1d5	55756222	55764635	fwd	8352	-3	right	UWB_Cisp1
chr15	71269511	71281339	37c6eb16-b112-40ce-98fb-c3704403def0	71268572	71281390	fwd	11808	-3	right	UWB_Cisp1
chr15	72584968	72590649	6ead605c-7b3d-4531-aa92-251f08230577	72582996	72590660	rev	5654	-3	right	UWB_Cisp1
chr15	78664332	78676168	7a0fb5fa-af98-415a-9ab8-7989a8822af2	78659427	78676181	fwd	11797	-3	right	UWB_Cisp1
chr15	79496220	79503273	41ab24fe-2332-4f73-a501-318afb38cd2d	79490266	79503279	fwd	7014	-3	right	UWB_Cisp1
chr16	21716905	21726245	769a7437-0698-4ce4-b7ec-90c763e57bfa	21701393	21731448	rev	9347	-3	right	UWB_Cisp1
chr16	46384945	46389339	dedaee74-ebc4-44fa-b1ca-96c4f33d9654	46383095	46405953	fwd	4362	-1	right	UWB_Cisp1
chr16	46383412	46391951	c3d770d0-2e5e-46e3-b112-54e4642c5ca8	46383407	46392500	rev	7885	-3	right	UWB_Cisp1
chr16	46388208	46397299	d7e49fb9-67ca-462d-bbd3-a0c189d02133	46384115	46401327	fwd	3903	-3	right	UWB_Cisp1
chr16	46388350	46394211	9905319c-c85e-4c1a-9915-7a70f2611935	46384158	46400636	fwd	2850	-3	right	UWB_Cisp1
chr16	46387718	46396248	75474515-1f22-4d50-9974-6fcf4abc68aa	46385624	46400636	rev	4354	-1	right	UWB_Cisp1
chr16	46389451	46397299	3bf6c3f4-01db-47e1-acf5-87a0b33d40fa	46386469	46400682	fwd	3029	-3	right	UWB_Cisp1
chr16	46387309	46396612	cc937f93-59bf-4313-abd2-74bf6ec27c68	46387304	46403452	rev	4800	-1	right	UWB_Cisp1
chr16	46387397	46392675	d0a6557a-4255-4494-baa3-3994a8cbd40a	46387385	46401758	rev	3756	-1	right	UWB_Cisp1
chr16	46388587	46394254	ee6af0d2-e9cf-4c09-a801-2bf29096a074	46387648	46404819	rev	2632	-3	right	UWB_Cisp1
chr16	46393249	46398495	b5ddc150-8a3f-4777-a4fb-c44d74ee18e3	46388787	46401042	fwd	2264	-3	right	UWB_Cisp1
chr16	75651710	75656334	341a089d-6edc-48dc-85e4-fe57aed11be6	75651701	75660170	rev	4604	-3	right	UWB_Cisp1
chr16	83925078	83930609	bde318ea-562b-4a73-ba93-101e49c576ef	83915128	83939760	fwd	5542	-3	right	UWB_Cisp1
chr17	5299328	5309792	d65fd61e-e103-4def-8e6c-5b6599a45a5e	5299314	5309801	rev	10436	-3	right	UWB_Cisp1
chr17	45987006	45990441	ba3777e4-df9c-467f-9327-86a688c38134	45980773	45990446	fwd	3434	-3	right	UWB_Cisp1
chr17	63174896	63185332	67c2a630-b65d-434a-9053-b0a4e1d83544	63173511	63185341	fwd	10369	-3	right	UWB_Cisp1
chr17	78683787	78688812	87f64cc0-1a87-4c29-94e5-c6d6021fd48f	78681872	78688816	rev	5027	-3	right	UWB_Cisp1
chr18	5602380	5607815	bbfa718d-58da-4462-81ac-7c8a5f571a19	5599781	5611957	fwd	5425	-3	right	UWB_Cisp1
chr18	6215457	6222080	c2a57df3-e65a-4706-8e81-477d2c66f4b0	6212187	6222088	fwd	6608	-3	right	UWB_Cisp1
chr18	6650944	6655030	362d427a-6716-4cd4-83ba-e31378e15571	6639322	6655041	fwd	4076	-3	right	UWB_Cisp1
chr18	8743520	8752808	51228dcb-deed-4c38-964d-2a3ef7f7cd48	8741384	8752817	rev	9256	-3	right	UWB_Cisp1
chr18	39630812	39636011	1b09f00c-43a1-4844-968d-4beaef9aeb78	39626355	39636019	rev	5168	-3	right	UWB_Cisp1
chr18	56194153	56204967	ae2bebc2-aa02-4db9-b417-6a27616c7531	56194014	56204973	rev	10750	-3	right	UWB_Cisp1
chr19	3376714	3385811	080a8fce-89b1-495c-a91d-ac32feaa4702	3376705	3386543	fwd	9085	-3	right	UWB_Cisp1
chr19	17347186	17351288	b20edb31-9573-430f-886f-795fcad7f0bd	17346207	17353384	rev	4149	-3	right	UWB_Cisp1
chr19	24092066	24098660	7b7c55e6-e12b-44dc-b288-b86206baa3f7	24092058	24099778	fwd	6551	-3	right	UWB_Cisp1
chr19	49535389	49540072	773869cf-09d2-4981-af9a-0bb47c5fcd07	49525882	49540084	fwd	4651	-3	right	UWB_Cisp1
chr2	7729785	7738034	33bc3275-f1d7-4f32-9e85-f02c47b2b35e	7729540	7743505	rev	8200	-3	right	UWB_Cisp1
chr2	18601263	18607213	36636865-7960-4e96-8f25-662ca4b9ad2d	18599740	18607220	fwd	5962	-3	right	UWB_Cisp1
chr2	21151413	21156813	d7ac2018-0820-4276-9f77-3200f36c54d3	21142807	21164345	rev	5392	-3	right	UWB_Cisp1
chr2	22656729	22667599	1e26236b-e894-4ec9-abdb-8d76b402d264	22653650	22667830	fwd	10859	-3	right	UWB_Cisp1
chr2	24604099	24615221	aedd90d6-bdd7-4d21-a204-a8a7a156f210	24602724	24615226	rev	11059	-3	right	UWB_Cisp1
chr2	69464905	69473549	883b63d3-e36b-4eb6-8146-908ee6783537	69464899	69473554	fwd	8614	-3	right	UWB_Cisp1
chr2	89831953	89839704	901c9d25-cb60-4fd9-8716-7ca2e4d32f7c	89831946	89843756	fwd	7776	-3	right	UWB_Cisp1
chr2	126439909	126446386	70ee0bfe-393b-4738-a4c2-46bf1f27d6d9	126439899	126447090	fwd	6435	-3	right	UWB_Cisp1
chr2	132591780	132602277	f0ec5ca8-bac6-4dcd-b41e-b826cce93847	132591740	132603718	rev	10485	-3	right	UWB_Cisp1
chr2	164610512	164618889	d8516cbc-9aff-40ad-9ef7-a2e7e4b66071	164607437	164619626	fwd	8385	-3	right	UWB_Cisp1
chr2	178408272	178410715	5d0b14cc-459b-440f-b93f-2fb60e26bb12	178402984	178413689	fwd	2451	-3	right	UWB_Cisp1
chr2	187491178	187502431	37a55fa2-0f8a-4356-b353-019cf8b214d8	187489674	187502438	fwd	11231	-3	right	UWB_Cisp1
chr2	192780604	192789411	34aa6a3d-1b48-4d7b-bb8c-10e225704d64	192775979	192789531	fwd	8837	-3	right	UWB_Cisp1
chr2	215946534	215957503	7f672291-151e-4649-a7ac-c5ddac239cfa	215946196	215957523	fwd	10953	-3	right	UWB_Cisp1
chr2	226700507	226708729	b4e64599-cc99-4875-acc8-c5a4ad1eac50	226700500	226708733	rev	8225	-3	right	UWB_Cisp1
chr2	231017957	231021130	6694c13d-96ac-4b41-8da5-92e0ce98dda1	231013118	231021138	fwd	3168	-3	right	UWB_Cisp1
chr20	11129505	11139612	c3b5a2e2-5605-4f91-8cd2-101f93fcfddb	11129497	11139786	fwd	10071	-3	right	UWB_Cisp1
chr20	13703803	13714591	9c3cff24-971c-4c8d-8214-4b6bea190184	13694393	13717325	rev	10756	-3	right	UWB_Cisp1
chr20	31063412	31068592	0ee802b6-c9a8-43c6-92f3-14992ebc6d44	31055289	31068598	fwd	6208	-3	right	UWB_Cisp1
chr20	31060677	31067538	733c9c35-3438-4055-bad8-754c12a0e631	31056967	31071474	fwd	6009	-3	right	UWB_Cisp1
chr20	31063812	31068028	b80d9651-a291-4c2b-af4a-5f12f5eabf2c	31062709	31071997	fwd	2504	-3	right	UWB_Cisp1
chr20	31066284	31069870	d34b4690-21f8-4bba-a863-8b67b263e57c	31063974	31076455	rev	2006	-1	right	UWB_Cisp1
chr20	35788290	35796336	f09b651c-78e7-492b-83fb-59670be980b7	35782800	35796341	fwd	7981	-3	right	UWB_Cisp1
chr20	42031666	42035067	fadd3513-29c3-41ba-ac03-e3cddab11b8f	42023835	42035072	rev	3388	-3	right	UWB_Cisp1
chr20	45866799	45873824	8404b65f-39dc-4dd3-8107-35c942ad6c9d	45864276	45873828	rev	7037	-3	right	UWB_Cisp1
chr20	60533337	60540553	0d333854-2492-4915-9fde-7c2a9be01520	60531552	60540557	rev	7202	-3	right	UWB_Cisp1
chr21	10656666	10660056	925e7a09-4810-495d-af30-8a649f1a46cf	10656498	10672306	rev	3331	-3	right	UWB_Cisp1
chr21	14131737	14142609	c22fc3e5-bc04-48c8-8f22-52a38a2252d7	14131332	14142613	rev	10799	-3	right	UWB_Cisp1
chr21	16753937	16760411	9c922d3d-1cdd-420d-a691-7a18e8b2658a	16753243	16765176	rev	6478	-3	right	UWB_Cisp1
chr22	10707718	10714364	9f101ffd-d1a9-4c89-87bf-a205bfc07bd9	10707713	10721203	fwd	6577	-1	right	UWB_Cisp1
chr22	19188866	19196451	e6b3d2ae-c957-49b6-a61f-bc6ac5d95bf0	19186796	19196458	fwd	7549	-3	right	UWB_Cisp1
chr22	19769221	19774685	f1d01f16-9686-421f-b55f-209de81d5a21	19763950	19774691	rev	5440	-3	right	UWB_Cisp1
chr3	14436733	14444633	b3795908-6d71-4e6b-bc75-e769afa2222f	14433297	14444643	rev	7865	-3	right	UWB_Cisp1
chr3	24621304	24625160	5eedf4ab-3369-453b-a3be-4685c942be1f	24620105	24625167	fwd	3833	-3	right	UWB_Cisp1
chr3	30802916	30812164	b4d74482-6e6a-4395-b120-83e4929d5b9c	30798731	30812545	fwd	9198	-3	right	UWB_Cisp1
chr3	35419241	35425807	28a8beea-54bf-41fa-929e-f094f958a2ea	35419233	35427432	rev	6546	-3	right	UWB_Cisp1
chr3	39684053	39687593	5d2a50a5-13dc-47c5-a55b-410e375642fa	39678254	39687599	rev	3515	-3	right	UWB_Cisp1
chr3	53293865	53301447	6be7721a-a0e9-47d6-8995-4e5f8ea93567	53287771	53301602	rev	7586	-3	right	UWB_Cisp1
chr3	78556123	78567487	8e01a479-4612-4146-bb34-34fdf6de396e	78554930	78570027	fwd	11337	-3	right	UWB_Cisp1
chr3	84384105	84396235	7654f9fa-8f1f-4c63-9eb0-f73640e64d6e	84381443	84396245	fwd	12107	-3	right	UWB_Cisp1
chr3	100620191	100624827	7cdf358e-e12c-478c-ba67-f6c52fe8a85d	100612980	100624832	fwd	4606	-3	right	UWB_Cisp1
chr3	118003693	118008303	396c6b0b-135c-4d70-8dbb-471b94d9182d	118001477	118008312	fwd	4609	-3	right	UWB_Cisp1
chr3	131212050	131217454	d54e22b2-6682-4ae1-bddc-a96c8da27762	131207979	131217459	fwd	5392	-3	right	UWB_Cisp1
chr3	151185405	151189792	1d03add8-06a1-4f82-a454-31c61e39269b	151168983	151189799	rev	4365	-3	right	UWB_Cisp1
chr3	153325219	153335581	f9529ea0-9961-4b94-9a80-d567e51546df	153313738	153335590	fwd	10328	-3	right	UWB_Cisp1
chr3	154753017	154766743	3dae7a50-d07d-4310-9ac4-26ad679bc85c	154753012	154766809	rev	13696	-3	right	UWB_Cisp1
chr3	159887923	159893894	edac4f66-b1b3-4ef4-8168-5cdc0f6ede35	159885981	159894500	rev	5925	-3	right	UWB_Cisp1
chr3	160175881	160181042	b374f379-9464-4e8d-99fd-33faf45c8182	160171098	160181112	fwd	5161	-3	right	UWB_Cisp1
chr3	166258274	166263907	4465afbd-5e70-46a4-b942-4027ae693cab	166257039	166268638	fwd	5524	-3	right	UWB_Cisp1
chr3	175611932	175619744	81e91fbd-fdfe-4c82-8d88-d299828e216e	175605166	175619757	fwd	7765	-3	right	UWB_Cisp1
chr3	182855262	182876461	99a35cd7-3326-4344-b5ca-964ff7d95bce	182855251	182876644	fwd	21127	-3	right	UWB_Cisp1
chr3	186031835	186037174	1cc2e156-3daf-4e9b-b5ae-b37d768775ea	186031830	186040189	rev	5416	-3	right	UWB_Cisp1
chr3	188973140	188982632	1f25cf5e-dffb-4a04-a33a-66000250f856	188970382	188983279	fwd	9406	-3	right	UWB_Cisp1
chr3	189941059	189948196	f92309e2-1b1a-4cc2-ba0a-ccb5b8dac268	189941055	189948202	fwd	7125	-3	right	UWB_Cisp1
chr4	1406720	1411289	b9392224-b8ed-4b5d-a37f-cd8c3dcbf9ed	1403451	1411294	fwd	4567	-3	right	UWB_Cisp1
chr4	25702828	25713354	e76aeafa-e6e5-47c2-aeeb-9b03efc07b20	25702822	25713358	rev	10522	-3	right	UWB_Cisp1
chr4	35834987	35838135	3c99e7ac-c5f9-4c01-a8ee-b60e5fd5f5dd	35832192	35838142	fwd	3144	-3	right	UWB_Cisp1
chr4	45121951	45135958	a39c40de-d146-4698-acc4-b7069ff67223	45121934	45135963	fwd	13976	-3	right	UWB_Cisp1
chr4	49095291	49102885	6f86403d-ed0d-4d9e-aac9-730b3979504d	49091231	49104211	rev	8032	-3	right	UWB_Cisp1
chr4	49096313	49102456	748e28e9-dba2-4504-835b-0a1b0cbe9063	49091580	49102933	fwd	6068	-3	right	UWB_Cisp1
chr4	49104736	49111372	723e2090-b131-4302-8692-118868d60bbd	49099116	49112137	rev	5912	-3	right	UWB_Cisp1
chr4	49106310	49111472	7f810679-4681-4471-a3fa-78b2c0c28e02	49106305	49114033	rev	5500	-3	right	UWB_Cisp1
chr4	49150625	49152527	d51541e7-3790-4277-a351-393f1ec2a5c5	49143801	49156884	rev	1502	-1	right	UWB_Cisp1
chr4	49151374	49153998	d08c3943-301d-44ad-ab11-be946ba595d7	49147652	49166764	fwd	2857	-1	right	UWB_Cisp1
chr4	49631972	49639945	c96d0768-ce36-4a01-a29b-069c4458a1e1	49631297	49655135	fwd	7986	-3	right	UWB_Cisp1
chr4	49639406	49642861	123441ea-8b48-4ea9-b39d-7a0dd3b86fed	49634968	49649043	fwd	573	-3	right	UWB_Cisp1
chr4	67983024	67995870	af1fced0-056b-44c4-b550-c7e0e0be7204	67978903	67997203	fwd	12792	-3	right	UWB_Cisp1
chr4	102028286	102033948	6ad2b8ab-2952-4171-b631-aff89aae5b4e	102026438	102033953	rev	5629	-3	right	UWB_Cisp1
chr4	115095469	115104377	294916d4-8e4a-4fb9-9bf2-200ce6c33eae	115093477	115104383	rev	8787	-3	right	UWB_Cisp1
chr4	146643401	146657411	51f2e6bf-5e43-4dde-bd22-f42b81ad8d6b	146643397	146659142	fwd	13952	-3	right	UWB_Cisp1
chr4	187315506	187319430	52a22c28-f0bc-4640-857f-919d2df3bd3c	187312614	187319437	fwd	3904	-3	right	UWB_Cisp1
chr5	7964496	7971986	d44d7c46-1a97-4492-909b-f5e18784aead	7964490	7972089	rev	7475	-3	right	UWB_Cisp1
chr5	21811168	21817004	8c01152f-6ea8-44ab-ac85-3af48dbbbd5b	21808136	21817012	fwd	5753	-3	right	UWB_Cisp1
chr5	27880472	27886498	d2c24f64-a5b4-4bde-9999-1000b59fdbac	27879215	27886505	fwd	6008	-3	right	UWB_Cisp1
chr5	44424915	44440532	4280ca76-5f3b-466b-85b4-d6f261f7daab	44424824	44441894	fwd	15566	-3	right	UWB_Cisp1
chr5	80853492	80863799	970ec156-4fcc-4004-bfc4-9a78e54580eb	80852538	80864606	fwd	10237	-3	right	UWB_Cisp1
chr5	161593155	161602276	9cb2a2b7-af8b-4ddd-8dc8-cd00b8839dad	161589701	161604140	rev	9088	-3	right	UWB_Cisp1
chr5	173169025	173181213	5e792145-bf56-472e-9fa5-f759dc702a01	173169002	173182304	fwd	12131	-3	right	UWB_Cisp1
chr5	173190451	173198630	eb760fe6-419e-40b0-9675-e94d33ac708e	173186148	173198635	fwd	8212	-3	right	UWB_Cisp1
chr5	176342764	176348123	75b8dd85-cd15-46bf-811e-73fd206d43f9	176336320	176348129	fwd	5357	-3	right	UWB_Cisp1
chr5	180525331	180530969	9a58a825-8f7e-4497-a1f1-62019fe81629	180523574	180530982	fwd	5586	-3	right	UWB_Cisp1
chr6	13825681	13828931	38a1b098-3ba1-43df-9217-5f7ce1090a99	13812869	13829451	fwd	3244	-3	right	UWB_Cisp1
chr6	46774843	46783066	3b4e2994-19b8-4c45-8a9c-77bbaa53dcf0	46774833	46783075	rev	8187	-3	right	UWB_Cisp1
chr6	54549904	54557471	f793795d-0a58-45ae-b35b-b59bee910a01	54543522	54558222	fwd	7562	-3	right	UWB_Cisp1
chr6	79716154	79720507	3e0d70fe-bd0e-4d56-87ea-d05258415ab2	79711357	79720516	fwd	4324	-3	right	UWB_Cisp1
chr6	90804371	90814151	f8d07dfc-39b5-42fd-8b5d-d2bb60111bc4	90797651	90814156	fwd	9762	-3	right	UWB_Cisp1
chr6	136517448	136529006	fe4cae3e-4ce8-41ad-917e-ed2e6efe9925	136515535	136531526	rev	11449	-3	right	UWB_Cisp1
chr6	141006331	141012381	427b3670-4514-4169-8655-1d2c036e36a4	141006326	141015298	rev	6011	-3	right	UWB_Cisp1
chr6	155421677	155429543	fd0a708e-a2ab-4c47-9411-3ccf97e023cd	155417171	155429553	fwd	7762	-3	right	UWB_Cisp1
chr6	155756173	155764471	c81fe245-de98-4009-9fab-d89e41eb6f3b	155752925	155764520	rev	8241	-3	right	UWB_Cisp1
chr7	3217399	3226690	dec1adc0-2f2e-4e0a-ab9f-8165448ba375	3213788	3226694	rev	9463	-3	right	UWB_Cisp1
chr7	35823643	35830893	5f1ebea1-3a3f-4f34-a5a3-77c20b3a4dfd	35822233	35830898	fwd	7202	-3	right	UWB_Cisp1
chr7	39819040	39823708	d03edc38-1bcd-4b26-9e16-314107071eca	39816827	39823714	fwd	4631	-3	right	UWB_Cisp1
chr7	57590799	57605571	88d7fdae-9506-4f24-80db-8040748ddf56	57589922	57605577	fwd	14689	-3	right	UWB_Cisp1
chr7	98581297	98587984	5d75294f-caba-4ce1-9264-e2ed6fb4a875	98581292	98589372	rev	6627	-3	right	UWB_Cisp1
chr7	102384643	102391106	139095d4-3cc8-4365-af62-ad3b95b0dee2	102381687	102393205	fwd	6449	-3	right	UWB_Cisp1
chr8	40969122	40977231	e7f349da-3001-437c-baac-70719a418d2c	40969117	40977239	fwd	8140	-3	right	UWB_Cisp1
chr8	49046036	49050076	eef0f949-f0c2-4fc3-9ed7-5a88b8a27371	49043578	49051648	rev	4030	-3	right	UWB_Cisp1
chr8	58922665	58926203	8d2ee18e-fec3-4b1e-950c-dff02c639020	58920520	58926208	rev	3523	-3	right	UWB_Cisp1
chr8	61183777	61190290	c20b4898-522e-4c9c-9ee5-693b2c2af654	61178403	61194656	fwd	6486	-3	right	UWB_Cisp1
chr8	68590001	68601382	adf303f8-6f7f-4b1a-aa39-731b3a0d3943	68587799	68601974	fwd	11353	-3	right	UWB_Cisp1
chr8	79467376	79473931	41f392a7-e20a-4f95-ad48-bf2a5db0a650	79467371	79477804	fwd	6502	-3	right	UWB_Cisp1
chr8	96806317	96816060	6f5a68ce-66fd-4ca9-9826-0e6d87239d7d	96806313	96817128	fwd	9664	-3	right	UWB_Cisp1
chr8	103406634	103413386	a1715d6b-3dfa-4453-b9fd-6d44c915a31b	103406628	103413395	rev	6714	-3	right	UWB_Cisp1
chr8	105524586	105529974	01021746-afcf-4d98-b161-f5c5fe1b749d	105520030	105529991	rev	5375	-3	right	UWB_Cisp1
chr9	5891083	5894915	58295669-d14f-4a31-9a1d-010bbfe1e2db	5882846	5894920	rev	3817	-3	right	UWB_Cisp1
chr9	17202157	17209311	8fbf27d5-bda0-41a7-be89-1eb525954ab6	17198122	17209321	fwd	7115	-3	right	UWB_Cisp1
chr9	28817025	28826053	56ba7d3d-b0f4-4a96-926a-36427053e07f	28813036	28826356	rev	8930	-3	right	UWB_Cisp1
chr9	70486465	70491248	cab5c077-2f03-4b3e-bf9a-bcebd6164902	70480218	70491372	rev	4762	-3	right	UWB_Cisp1
chr9	90508253	90517575	661dcca8-58b6-408e-bafd-0e9eb7eb9cad	90501181	90518457	rev	9304	-3	right	UWB_Cisp1
chr9	120403404	120408993	771f84ae-c5bd-49ec-bedb-aa25bf859d3d	120397757	120408998	rev	5520	-3	right	UWB_Cisp1
chr9	129046540	129052695	1e543763-9bd1-4b75-aa10-8f1c16fc25b4	129044146	129052972	fwd	6133	-3	right	UWB_Cisp1
chrX	38839318	38842953	c805ccfa-17a7-4478-bdba-f06284f68c8e	38836324	38848082	rev	3599	-3	right	UWB_Cisp1
chrX	51004229	51013018	6fe43130-61f9-40d5-85c6-2e47b4d66b7b	50997455	51013027	rev	8731	-3	right	UWB_Cisp1
chrX	53797752	53807119	6eba1beb-df56-4579-b549-ff07b6bc71a5	53788325	53808000	rev	9364	-3	right	UWB_Cisp1
chrX	56391917	56403277	6efd07ed-f134-4d48-b214-a15f5f2a73d9	56391908	56403281	rev	11236	-3	right	UWB_Cisp1
chrX	109170099	109173505	d688fc69-d012-426b-9c09-287c6770d163	109163054	109173510	fwd	3398	-3	right	UWB_Cisp1
chrX	112175453	112182236	bce746fc-32c4-479d-ae8f-5386990675bd	112175097	112184193	rev	6735	-3	right	UWB_Cisp1
chrX	125749241	125761130	40959b7a-4bb9-4bee-b040-249a43b79ca5	125746546	125761137	rev	11796	-3	right	UWB_Cisp1
