chromosome	fork_start	fork_end	readID	read_start	read_end	strand	fork_length_bp	EdU_length_bp	BrdU_length_bp	EdU_segment_contamination	EdU_segment_purity	BrdU_segment_contamination	BrdU_segment_purity	stall_score	fork_direction	sample
chr1	1612078	1619882	c13e6cf5-daba-4f36-8443-c9449cdd381c	1602766	1625023	rev	7804	1183	6229	0	0.25974	0.028357	0.537114	-3	right	OV3_Cisp0
chr1	1823349	1828022	79f26a37-e96d-4329-9705-89dd37489e36	1814662	1828028	fwd	4673	2716	1293	0	0.389037	0	0.594675	-3	right	OV3_Cisp0
chr1	3572954	3579302	ed3f1452-da07-42ce-bdcf-8fd59367a882	3570057	3594887	rev	6348	1324	4756	0	0.481132	0.033367	0.537917	-3	right	OV3_Cisp0
chr1	7680883	7689209	f851ded5-cabf-4e60-a7b5-a7d8ff26fbb1	7673769	7691623	fwd	8326	1079	5642	0	0.483412	0.01519	0.838819	-3	right	OV3_Cisp0
chr1	10795318	10799676	84752334-860b-443e-85f1-52abdcc06b08	10783106	10799683	fwd	4358	1008	2745	0	0.220126	0	0.606299	-3	right	OV3_Cisp0
chr1	12713908	12729507	313cb74c-525e-457a-84ae-d1070c18b2dd	12713892	12759351	rev	15599	3769	10387	0.006316	0.757895	0.022067	0.804878	0.222883	right	OV3_Cisp0
chr1	14069991	14078957	00bd382c-621f-437b-8813-ab65616d1598	14066596	14078962	rev	8966	1205	4698	0	0.78117	0.027096	0.767146	-3	right	OV3_Cisp0
chr1	14067527	14080283	26122746-39a8-46c1-b35a-81d642b15fc5	14067518	14080287	rev	12756	4538	6091	0.010084	0.835294	0.039899	0.766941	-3	right	OV3_Cisp0
chr1	14908666	14919056	654bf027-9f7a-4db6-8da7-e5941d41f8d6	14902667	14941167	fwd	10390	1129	8311	0	0.430108	0.02409	0.639672	0.726303	right	OV3_Cisp0
chr1	17000275	17010750	6cee407c-61b5-4e61-aead-5f0d57171745	16990761	17011390	fwd	10475	1802	4901	0	0.514881	0.008666	0.614385	-3	right	OV3_Cisp0
chr1	23795979	23809045	c5603d82-38ab-4eb3-bb33-2a5b91b02713	23774098	23827102	fwd	13066	5897	6794	0.00353	0.421889	0.02093	0.75	0.430409	right	OV3_Cisp0
chr1	36346965	36360371	07677a27-a5a4-4ab8-86f1-de620dad39b8	36335147	36364385	fwd	13406	4659	6625	0	0.367934	0.001884	0.824121	-3	right	OV3_Cisp0
chr1	36621441	36637511	a6f6e423-cf2f-4d3f-b654-8b40d2778b31	36590560	36637959	rev	16070	5713	7302	0	0.748339	0.016083	0.686962	-3	right	OV3_Cisp0
chr1	37016633	37032104	a6e6b912-8645-4f59-bc58-93acc1fd9bbc	37016625	37032110	rev	15471	3633	8014	0.027831	0.698656	0.036603	0.799155	-3	right	OV3_Cisp0
chr1	38188762	38206426	d5647b50-efa1-46a6-85de-29c6b3f310e0	38176975	38223666	fwd	17664	4119	13082	0.016744	0.64093	0.03146	0.770312	0.242541	right	OV3_Cisp0
chr1	42389402	42398484	d0a19ba2-2f31-41c8-ab1a-bec8b78290fc	42372677	42398488	rev	9082	5537	1394	0.009524	0.373469	0.010667	0.562667	-3	right	OV3_Cisp0
chr1	42446103	42458395	5eef0051-192d-4551-bf52-65ca256b8a37	42440506	42458399	rev	12292	6652	2455	0	0.830268	0.005484	0.756856	-3	right	OV3_Cisp0
chr1	45455365	45463523	4aff019e-f010-4678-ae11-494a007ca891	45455355	45463530	rev	8158	3405	3846	0.03176	0.724138	0.091324	0.69589	-3	right	OV3_Cisp0
chr1	46045160	46069853	c3a2b841-01ad-4733-b5db-879d1d872a2a	46045154	46078088	fwd	24693	4921	18128	0.027108	0.829066	0.067644	0.735288	0.278758	right	OV3_Cisp0
chr1	46369914	46372930	401c7ea3-5261-47da-86f5-65264da790e1	46368560	46381061	rev	3016	1136	1172	0.029703	0.415842	0.008264	0.450413	-3	right	OV3_Cisp0
chr1	55489950	55504315	bf3ae35c-047d-4088-bc20-d5effb386784	55489943	55517053	rev	14365	1002	12940	0	0.77459	0.00446	0.860147	0.154469	right	OV3_Cisp0
chr1	57138451	57154031	c7a18de0-128e-4c12-b564-a4fde8f17e15	57112731	57170248	rev	15580	7086	7741	0.001468	0.521292	0.021429	0.638571	0.261285	right	OV3_Cisp0
chr1	57466221	57480149	01c6882c-ff64-4773-8329-0147cff4e6e2	57464739	57480885	fwd	13928	3603	7385	0.025568	0.515152	0	0.819815	-3	right	OV3_Cisp0
chr1	61666748	61671560	a256497b-7300-4018-a65a-6de2a46392a0	61656253	61671565	rev	4812	2244	2113	0	0.586648	0.014749	0.666667	-3	right	OV3_Cisp0
chr1	62746472	62753097	e626f5a2-0083-472d-8119-8fa4d6d2fdcf	62740212	62753103	fwd	6625	3030	3311	0	0.759706	0.007049	0.79859	-3	right	OV3_Cisp0
chr1	70233612	70240284	8880549d-56c5-4685-b9c5-b923a29e4847	70222403	70240292	rev	6672	4055	2154	0.009946	0.349005	0.00303	0.612121	-3	right	OV3_Cisp0
chr1	70705391	70712881	e7a916e5-d9b5-4238-810e-948ea9f95841	70703347	70712887	rev	7490	3739	3262	0.015799	0.548327	0.006667	0.794286	-3	right	OV3_Cisp0
chr1	71966196	71978656	ff249c46-b8e0-4490-93ff-099a89436acd	71956684	71980118	fwd	12460	4681	4883	0.003701	0.73057	0.026938	0.752957	-3	right	OV3_Cisp0
chr1	72852680	72864152	7441a335-5a92-44a4-9624-baa90fa9e259	72800712	72864286	rev	11472	3709	4049	0	0.401654	0.001638	0.752662	-3	right	OV3_Cisp0
chr1	72879286	72898985	547b58a1-5538-40d1-82d1-5a3ad554ad40	72872559	72898989	rev	19699	6093	9175	0.003968	0.840774	0.061189	0.8154	-3	right	OV3_Cisp0
chr1	73081156	73096323	8ca949f3-6cd2-4c93-a206-5093aa4da140	73081139	73096333	fwd	15167	2845	10243	0.009804	0.792157	0.020056	0.823955	-3	right	OV3_Cisp0
chr1	73380883	73391890	e6607ca7-c5bd-44a4-9587-dee9ab7549a3	73376057	73391895	fwd	11007	2330	6000	0	0.636914	0.070525	0.715467	-3	right	OV3_Cisp0
chr1	73479677	73492698	ccc75ac2-0bd8-4486-a96c-d99b8554a26d	73479671	73492703	fwd	13021	1027	9401	0.015385	0.796923	0	0.925849	-3	right	OV3_Cisp0
chr1	81661534	81676495	bbda9126-10aa-4fec-bcf5-e5ff9a7d42e9	81657708	81691382	fwd	14961	3826	9490	0.016722	0.588629	0.023741	0.819065	0.1462	right	OV3_Cisp0
chr1	81859248	81865856	8a4210a4-7786-4ce5-8e05-554d6405ba07	81854514	81866387	rev	6608	2121	1576	0	0.876364	0.089212	0.695021	-3	right	OV3_Cisp0
chr1	82185880	82203162	b9564b7f-da90-4e41-861f-efae6fe00650	82185873	82203762	rev	17282	1636	13199	0.157303	0.705618	0.000741	0.922697	-3	right	OV3_Cisp0
chr1	82294369	82330176	f87d67d6-9306-4e44-b8d7-362df11da32d	82292928	82330180	rev	35807	3319	29896	0.037486	0.646086	0.033401	0.693189	-3	right	OV3_Cisp0
chr1	84593345	84598202	4875d11e-5af6-479e-808b-14a4a8061839	84580590	84606840	fwd	4857	1149	3101	0	0.461207	0	0.713217	0.589834	right	OV3_Cisp0
chr1	88297725	88306218	6a7b01a0-a405-4764-95d4-e53ce944b51c	88291247	88321450	rev	8493	511	6024	0.129032	0.258065	0.066353	0.642983	0.425191	right	OV3_Cisp0
chr1	89321457	89327379	2a41d31a-f0ca-4634-a24e-d88295dc856b	89304517	89343662	rev	5922	3954	1711	0.012512	0.750722	0.049612	0.716279	-1	right	OV3_Cisp0
chr1	89917478	89929276	21701874-5780-4bc8-88b7-ec5defa1ce38	89908559	89929282	fwd	11798	5250	4339	0.0031	0.764414	0.008084	0.822959	-3	right	OV3_Cisp0
chr1	90936452	90948729	9d7bd256-288d-4026-aa6d-c09aab0e12ab	90934316	90948734	fwd	12277	3533	6134	0.000863	0.876618	0.047934	0.782369	-3	right	OV3_Cisp0
chr1	95497650	95518322	2e3d832a-0da0-47da-b124-6c7e972926f7	95488353	95520366	rev	20672	2424	14992	0	0.7888	0.014638	0.816297	-3	right	OV3_Cisp0
chr1	99967140	99979673	2c7efd76-d89b-4c93-8f39-9b7012ea2861	99964123	99979678	fwd	12533	4424	5419	0.000908	0.767484	0.024167	0.857609	-3	right	OV3_Cisp0
chr1	101232751	101247638	c2eeae7f-d209-4edf-be63-6b2605c81b6b	101206567	101274347	fwd	14887	4423	10019	0	0.607985	0.010575	0.70074	0.265253	right	OV3_Cisp0
chr1	101398839	101415172	ec13a807-16e0-490b-b9bf-e050e7d5e808	101398452	101415281	fwd	16333	4742	11117	0.01584	0.643251	0.013782	0.839328	-3	right	OV3_Cisp0
chr1	102137655	102141703	7d66984c-f572-4f3b-bd26-c79b0bef6a84	102129013	102141712	fwd	4048	2456	1230	0	0.441176	0.018939	0.693182	-3	right	OV3_Cisp0
chr1	103402797	103415485	a7b804c2-2071-4113-8d05-f5f49438d307	103398907	103464163	rev	12688	1918	8866	0.08982	0.558882	0.00953	0.837989	0.19251	right	OV3_Cisp0
chr1	114034204	114046109	aabcbab4-e06b-41a7-ac40-c011d1245e9e	114024217	114046116	fwd	11905	3535	4450	0	0.485246	0	0.81811	-3	right	OV3_Cisp0
chr1	121129942	121135537	a4f02b2b-d7fd-4be4-95a2-6d244a0278ba	121129935	121135545	fwd	5595	1852	3338	0.013304	0.909091	0.051	0.81	-3	right	OV3_Cisp0
chr1	143266647	143270376	e72c92c7-688b-4558-9ac9-f986a5f0e40b	143184587	143272185	fwd	3729	1511	1411	0.038462	0.311538	0	0	-3	right	OV3_Cisp0
chr1	143205414	143210602	f7586cbc-15e5-4ea2-8d69-ca77234fa62c	143184587	143242897	rev	5188	615	4573	0	0.47619	0.006144	0.855607	-1	right	OV3_Cisp0
chr1	143216713	143227355	96f54afa-984e-47d3-9396-960b62a9099c	143184989	143240209	fwd	10642	5244	1209	0.063687	0.282682	0.333333	0	0.114392	right	OV3_Cisp0
chr1	143200293	143206039	c626baae-f2d1-412f-b78d-59576a5e0ed6	143190268	143226250	fwd	5746	608	3296	0	0.591398	0.267857	0.303571	-3	right	OV3_Cisp0
chr1	143211606	143220723	0b525f6a-4aea-4f32-a4b8-b0d3776b35fd	143199118	143220930	fwd	9117	3280	1871	0.009398	0.296992	0.057416	0.648325	-3	right	OV3_Cisp0
chr1	143211591	143217138	23a937cf-8ffd-4784-8990-9bdb3cdb190d	143211586	143228736	rev	5547	2737	1173	0.074641	0.395215	0	0.56051	-3	right	OV3_Cisp0
chr1	150795175	150801397	dd8b13d1-9ada-4f49-8d31-40881185e579	150771814	150801403	fwd	6222	4795	1049	0.002431	0.402755	0.019868	0.483444	-3	right	OV3_Cisp0
chr1	156135973	156139727	ab27d203-6436-416b-abee-b73fab38f9fd	156129949	156171390	fwd	3754	2154	1144	0	0.646778	0.01992	0.601594	-2	right	OV3_Cisp0
chr1	157185254	157195183	c04a2616-8907-43bf-bd8a-8134019e6bf4	157185127	157195187	rev	9929	4408	4187	0.006012	0.366733	0.011375	0.675284	-3	right	OV3_Cisp0
chr1	160449612	160460330	5c639df6-073b-4b29-b995-05c99b97f36e	160448514	160460336	rev	10718	3411	3682	0.003654	0.894032	0.052052	0.848849	-3	right	OV3_Cisp0
chr1	161617176	161621660	78b626a3-e3a8-4660-a83e-c6f5fbb00c95	161617163	161651406	rev	4484	1646	1641	0.047619	0.61039	0.017391	0.623913	-3	right	OV3_Cisp0
chr1	167747234	167767224	7db63e2b-68fb-45b4-86b3-7041b8962e40	167732157	167767890	fwd	19990	3557	13063	0.010952	0.566133	0.008664	0.576004	-3	right	OV3_Cisp0
chr1	170538840	170548355	bca54037-3aaf-4cc1-8335-bfc0a9349979	170535583	170548360	rev	9515	4558	4580	0	0.288809	0.000787	0.710236	-3	right	OV3_Cisp0
chr1	171892727	171904479	32eecd21-f1c9-4c04-b60a-390421aa6026	171887237	171904486	fwd	11752	7343	3022	0.001561	0.532579	0.060296	0.643914	-3	right	OV3_Cisp0
chr1	174827092	174841686	f7aa2d42-c7c8-43aa-a1ee-a73f5a074650	174827086	174841692	fwd	14594	4575	8809	0.008027	0.876923	0.041737	0.856239	-3	right	OV3_Cisp0
chr1	176854076	176876889	e782259f-5360-42c2-ae1e-746367e36b22	176853213	176884941	fwd	22813	3968	17514	0	0.693444	0.020634	0.840034	0.034178	right	OV3_Cisp0
chr1	177327108	177333192	996fe63e-9f0d-43f0-85a6-648141a4fe78	177312582	177333196	rev	6084	2571	2945	0	0.430769	0.003891	0.571984	-3	right	OV3_Cisp0
chr1	179354122	179365637	8cc92cb3-3959-48fa-8f54-6c9b35bd01af	179332691	179366989	rev	11515	3585	7507	0.003195	0.601704	0.019839	0.689008	-3	right	OV3_Cisp0
chr1	183352975	183362043	435fd5f6-2160-4601-b220-c81e5551499a	183336727	183362050	rev	9068	4453	4394	0.018083	0.479204	0.072182	0.602595	-3	right	OV3_Cisp0
chr1	186764424	186776068	aac8a59a-ffbf-4560-8a45-4e646fb48b6c	186764419	186776082	rev	11644	1149	9244	0	0.608696	0.005327	0.799087	-3	right	OV3_Cisp0
chr1	187029418	187036018	dbe7197d-1952-4367-8a40-3ed4a09deb3c	187017191	187036028	fwd	6600	3661	2637	0.025688	0.60367	0.017949	0.669231	-3	right	OV3_Cisp0
chr1	196056429	196078960	f712c44e-22b4-4095-9848-5fdcded7708e	196056424	196090326	rev	22531	3034	15710	0.078271	0.84229	0.031032	0.881838	0.190544	right	OV3_Cisp0
chr1	201097651	201102415	05ab2e1f-9922-48e2-bc43-d57708f7bb8e	201096756	201102425	rev	4764	1365	3040	0.036424	0.652318	0.001381	0.799724	-3	right	OV3_Cisp0
chr1	210227511	210235277	be902237-8e00-45c9-9682-90b2b09a95ca	210222190	210235291	fwd	7766	3504	1128	0.033014	0.514377	0.015209	0.703422	-3	right	OV3_Cisp0
chr1	211653026	211666720	f36ee34a-b2bc-4014-8ee5-bc2c734b5270	211652889	211667635	rev	13694	2615	6420	0.017572	0.522364	0.004747	0.827532	-3	right	OV3_Cisp0
chr1	212380555	212388730	e2e411b4-4ce9-4d33-9cc0-f8dfcf53b611	212380547	212388738	fwd	8175	2161	5710	0.008347	0.796327	0.013867	0.823575	-3	right	OV3_Cisp0
chr1	213185161	213194969	277c50b0-43ed-4738-bfe8-4835d9a3689d	213164930	213207600	rev	9808	4585	2595	0.005484	0.428702	0.040968	0.61825	0.120164	right	OV3_Cisp0
chr1	215259315	215275367	a87cfe11-7a3b-40af-bce8-497c560edb1c	215258259	215275377	fwd	16052	5455	8079	0.067717	0.436661	0.042056	0.840272	-3	right	OV3_Cisp0
chr1	221058895	221067352	fcdd787b-3ccd-4101-b400-f628ecf28068	221056165	221067356	rev	8457	2998	4872	0	0.475302	0.008838	0.886995	-3	right	OV3_Cisp0
chr1	223477163	223480235	a37dcbba-45bd-4a77-80d3-5dae45a65f2c	223461031	223484394	fwd	3072	2105	602	0	0.467775	0.067568	0.722973	-1	right	OV3_Cisp0
chr1	226109008	226113858	008f8314-96ef-4bd8-87ed-87c5f6092f1c	226104359	226113864	rev	4850	1194	2937	0	0.215311	0.014045	0.536517	-3	right	OV3_Cisp0
chr1	226206755	226219725	28bedf3b-57e2-43b6-a434-de9dad8e84a9	226194122	226219892	rev	12970	2615	10077	0	0.509745	0.041319	0.703615	-3	right	OV3_Cisp0
chr1	231668334	231679313	b98aafa3-0a1d-4aaa-a088-b1bbfa522ccf	231665502	231679320	rev	10979	3353	6979	0	0.384845	0.010071	0.816351	-3	right	OV3_Cisp0
chr1	235836100	235846249	48b768b9-b942-4308-8e3d-6e6328b881fe	235822861	235850318	fwd	10149	3414	4686	0	0.827202	0.021645	0.745455	-3	right	OV3_Cisp0
chr1	243952968	243984259	19920319-ca5e-4886-b5c0-ec70c5533d0c	243952964	243984266	fwd	31291	2351	25207	0.039823	0.817109	0.013503	0.826627	-3	right	OV3_Cisp0
chr1	247666756	247676897	d0b9a292-a4ba-47f9-8b97-2b1c554e4653	247665834	247676908	rev	10141	2186	6411	0.071556	0.568873	0.035479	0.860112	-3	right	OV3_Cisp0
chr10	13237559	13252478	0e24f67c-792d-47e1-9aec-d4882ff6f486	13237548	13257103	rev	14919	2462	10361	0.015437	0.523156	0.007228	0.787857	-3	right	OV3_Cisp0
chr10	15408254	15426309	7b8d030e-d1c9-48a8-bf93-9d74d439ae2c	15405154	15426625	rev	18055	1707	15129	0.03	0.668	0.054989	0.714412	-3	right	OV3_Cisp0
chr10	16954808	16962286	b9ba7494-36eb-453b-843a-694a960f4cbe	16951532	16963491	rev	7478	2598	4039	0	0.442581	0.040886	0.70954	-3	right	OV3_Cisp0
chr10	18791700	18798577	7cea3a90-2638-4ed6-b5e9-43937b74351e	18774653	18798626	fwd	6877	1023	3141	0	0.243986	0.025437	0.588235	-3	right	OV3_Cisp0
chr10	19917581	19926346	3bb4c078-1f82-42ee-929c-fe446253b9fd	19915907	19926351	rev	8765	5600	1804	0	0.552701	0.043222	0.693517	-3	right	OV3_Cisp0
chr10	20395709	20400909	5ec3e6d6-f8b7-4e47-85d4-6723c7a5d71b	20385981	20400924	fwd	5200	2215	2755	0	0.59772	0.005487	0.66118	-3	right	OV3_Cisp0
chr10	21849270	21857656	ccaba64d-0575-4959-be70-cc359be07cfb	21845477	21860224	fwd	8386	4414	2831	0.021838	0.523203	0	0.895683	-3	right	OV3_Cisp0
chr10	25517280	25528339	7d32a8fd-273a-44f2-8780-6a2310a7eeed	25513696	25528344	fwd	11059	6636	2966	0.000449	0.645553	0.055935	0.61528	-3	right	OV3_Cisp0
chr10	26592624	26603917	b3700b13-2bd0-40dd-9f2b-4fc9ad6916d5	26591079	26606177	fwd	11293	6531	2585	0	0.551087	0	0.861035	-3	right	OV3_Cisp0
chr10	27481322	27498572	2761ac39-5580-4d9b-bdfa-a182597aca04	27481315	27498585	rev	17250	2436	12221	0.011852	0.794074	0.04349	0.878592	-3	right	OV3_Cisp0
chr10	28734048	28744380	2b4c25f7-341f-4415-b355-de055a91395b	28732371	28744386	fwd	10332	1233	8349	0.118457	0.584022	0.084476	0.75188	-3	right	OV3_Cisp0
chr10	35722352	35738582	a00bb248-8033-418f-91ab-b6ed1e8356fb	35709971	35739232	fwd	16230	2267	10151	0.007692	0.48	0.000867	0.854293	-3	right	OV3_Cisp0
chr10	39153861	39161045	fad1a19e-dfea-4df8-97d2-0dfe16569841	39153856	39162633	fwd	7184	3221	2704	0.014911	0.570577	0.007353	0.507353	-3	right	OV3_Cisp0
chr10	41869233	41875799	3d6f3227-9dd7-4cc0-9cb6-61eb9d03e2b5	41851094	41879384	fwd	6566	1203	2496	0	0.635135	0.009288	0.544892	-3	right	OV3_Cisp0
chr10	41906806	41914445	1ca6c4a8-0f80-46b2-ac5c-628a45fafa97	41860203	41916258	fwd	7639	3790	2008	0.152778	0.350694	0	0.464844	-3	right	OV3_Cisp0
chr10	41888557	41891662	9e646095-6e73-45c5-aaf2-a7e94e14633e	41879328	41892461	fwd	3105	1025	1179	0.093023	0.465116	0.055	0.515	-3	right	OV3_Cisp0
chr10	41884242	41890479	19189686-06da-4937-9653-78179ae02abd	41881813	41898802	fwd	6237	590	917	0	0.45098	0.006944	0.451389	-1	right	OV3_Cisp0
chr10	41885445	41896613	efd6995d-b603-413e-89f9-056c45385901	41884246	41906978	fwd	11168	1413	8566	0.053061	0.432653	0.08951	0.613986	-3	right	OV3_Cisp0
chr10	41896698	41900646	2414501d-a28a-4d87-a014-dddc462edbf5	41886237	41901184	fwd	3948	1414	1215	0.146245	0.426877	0.004545	0.581818	-3	right	OV3_Cisp0
chr10	41907908	41911344	8274a84d-542b-4eb7-aa58-88139a704dd9	41904110	41916259	fwd	3436	704	2732	0.178571	0.178571	0	0.61194	-3	right	OV3_Cisp0
chr10	42093934	42105067	5dfa78ca-c77b-41fc-94b4-a0a93cf0cbd5	42066265	42105072	fwd	11133	3986	4710	0	0.675978	0.00625	0.813393	-3	right	OV3_Cisp0
chr10	58720269	58730819	ba028bfa-1536-4081-962a-d56d8a833988	58720108	58731949	rev	10550	2834	3272	0	0.533844	0.001189	0.87396	-3	right	OV3_Cisp0
chr10	59118364	59125838	867f3bbf-0f49-453d-aba6-95d615e4610c	59109879	59125847	fwd	7474	5123	1989	0	0.444136	0.003101	0.804651	-3	right	OV3_Cisp0
chr10	62901358	62921002	e2aa8003-ae85-4116-b767-ed723bb268e3	62897679	62921608	rev	19644	4633	11892	0.000719	0.84964	0.040024	0.829594	-3	right	OV3_Cisp0
chr10	65126083	65137371	562432ff-354d-4c93-b87c-18f4b298bde2	65118010	65137386	fwd	11288	3316	6488	0	0.788143	0.020436	0.868756	-3	right	OV3_Cisp0
chr10	65202547	65211927	e09e3ca4-4eeb-4161-965f-759e07b36915	65202540	65213714	rev	9380	3248	3239	0.007519	0.923738	0.030488	0.881098	-3	right	OV3_Cisp0
chr10	66557552	66570966	07115114-770d-4369-9053-46ab72f8ce9e	66537154	66570970	rev	13414	1326	10253	0	0.441176	0.016557	0.705092	-3	right	OV3_Cisp0
chr10	70983801	70992965	81c02bd8-c795-4512-8f8c-c8a88d71762e	70974194	70998831	rev	9164	4841	3888	0	0.60463	0.073001	0.492468	-3	right	OV3_Cisp0
chr10	72403837	72407478	fe998388-28a9-47df-afc7-eae85c4d9dcd	72387464	72407529	rev	3641	1558	1726	0	0.541573	0.01642	0.510673	-3	right	OV3_Cisp0
chr10	72559813	72575044	5a97fd3b-438c-4b6c-bfad-67a22000a381	72550288	72576349	rev	15231	4208	10710	0.00075	0.594899	0.034575	0.613413	-3	right	OV3_Cisp0
chr10	75611849	75623198	b86ddcb2-847d-4f83-9d20-dcae39362722	75610172	75625045	fwd	11349	3198	3853	0.006018	0.524574	0.004922	0.917966	-3	right	OV3_Cisp0
chr10	77177899	77190796	0fb6e554-53f2-44b3-8184-1b9e65e1bfb1	77164641	77190917	fwd	12897	2437	6137	0	0.634868	0.016982	0.742652	-3	right	OV3_Cisp0
chr10	79028026	79044387	5219435e-65af-4440-a247-b64fb02391d0	79027854	79047881	rev	16361	4585	11461	0.001873	0.768727	0.017579	0.830451	-3	right	OV3_Cisp0
chr10	79395931	79403431	77bbea17-f720-4f70-b349-53554d4cbe6f	79391832	79403454	fwd	7500	4158	1454	0.003286	0.637459	0.046296	0.783951	-3	right	OV3_Cisp0
chr10	80118657	80132963	7c59f016-ad3b-4390-a395-abc49dba04ac	80118650	80132969	rev	14306	4068	8013	0.063563	0.768129	0.07459	0.768274	-3	right	OV3_Cisp0
chr10	80786468	80795045	c6d932f5-a187-49b2-bb17-8c9c32d8af2e	80759855	80795114	fwd	8577	4086	3545	0	0.389916	0.01801	0.56175	-3	right	OV3_Cisp0
chr10	81617907	81624477	5d781a47-a8b9-484c-bfdd-45127b89abe6	81617298	81634126	rev	6570	3471	2741	0.041841	0.52636	0.015831	0.711082	-1	right	OV3_Cisp0
chr10	91849259	91862068	947ed719-f2df-4063-bd5a-17ef76c79987	91838954	91862074	fwd	12809	2881	9683	0.004848	0.390303	0.003352	0.803889	-3	right	OV3_Cisp0
chr10	92834874	92867419	9a12e930-cfb0-4868-bdf5-e21ea1cbbdb8	92824981	92868157	fwd	32545	1464	26495	0.033865	0.527888	0.015109	0.860307	-3	right	OV3_Cisp0
chr10	93002987	93026180	1beb20ac-08ac-4504-ac11-4755969ec514	92990078	93035290	rev	23193	3564	17275	0.000898	0.756732	0.043258	0.598597	0.328197	right	OV3_Cisp0
chr10	94422040	94440351	50600f59-4b97-4956-96f5-3d707f0939f3	94422034	94445852	rev	18311	1103	12402	0.109848	0.742424	0.013825	0.866359	-3	right	OV3_Cisp0
chr10	98688641	98700334	81c11cce-09a6-4b61-b5ef-865710320400	98688635	98700343	rev	11693	4423	4226	0.039294	0.694467	0.020808	0.850061	-3	right	OV3_Cisp0
chr10	102228531	102242347	85b43d07-6200-4430-aed2-83332956b231	102196701	102242354	fwd	13816	4562	7155	0	0.556678	0.028463	0.550285	-3	right	OV3_Cisp0
chr10	106377466	106394979	8c91f9eb-1b66-42c7-a733-bbb992d7dd1a	106377461	106394988	fwd	17513	2998	12463	0.039761	0.764414	0.021462	0.820476	-3	right	OV3_Cisp0
chr10	110413531	110417135	162e74a2-5370-434d-973a-39b529fc2078	110405985	110417150	fwd	3604	1023	2220	0	0.398438	0.025688	0.763303	-3	right	OV3_Cisp0
chr10	111525999	111546717	0f5ef79c-4e42-4836-abb4-d195bb38f1c6	111518903	111571493	fwd	20718	5685	13877	0.006135	0.662577	0.012355	0.736067	0.450673	right	OV3_Cisp0
chr10	113378440	113395990	dab1bacb-7730-4ad4-a40b-9a596936e077	113377930	113395995	rev	17550	4518	10560	0.01129	0.604839	0.014151	0.91582	-3	right	OV3_Cisp0
chr10	119661960	119686123	191900e3-deca-40d4-82a5-d3bae16548fd	119661872	119686139	rev	24163	4834	19029	0.003021	0.406848	0.007204	0.74678	-3	right	OV3_Cisp0
chr10	132485063	132494785	c88457c6-fe47-4ac8-8f13-40335ff227a0	132462491	132497171	rev	9722	2227	3528	0	0.672192	0	0.810219	-3	right	OV3_Cisp0
chr11	3460612	3468587	c15c4b92-ab0e-4754-ad6c-13e616836b2a	3460608	3468618	fwd	7975	3231	1063	0.010025	0.657895	0.119497	0.506289	-3	right	OV3_Cisp0
chr11	3893906	3899579	a1110be6-7e6c-454b-8d60-2ac8260962b7	3893902	3899641	fwd	5673	3315	1752	0.031068	0.87767	0.156573	0.666174	-3	right	OV3_Cisp0
chr11	4231345	4242254	c1d80d07-0db2-4d66-8c0d-1dcc0b0b9b2c	4228761	4242690	fwd	10909	4028	5468	0.002641	0.677817	0.019768	0.767553	-3	right	OV3_Cisp0
chr11	6930112	6942129	6ce64a5a-cee7-438a-8a18-25deeb645044	6925230	6943075	rev	12017	4428	6538	0	0.420437	0.011389	0.779238	-3	right	OV3_Cisp0
chr11	10827143	10831969	3ccdcb3e-09f8-4007-aec1-2760fa6c9e7f	10821977	10842239	fwd	4826	1481	2769	0	0.461326	0.016035	0.626822	0.580654	right	OV3_Cisp0
chr11	10995903	11007639	05d7403f-b8e6-49b3-aeda-560e58c64569	10980893	11007963	rev	11736	4407	4752	0.005367	0.297853	0.004072	0.610749	-3	right	OV3_Cisp0
chr11	11378613	11392478	d4b0a202-3382-498c-b977-9126e3c0a389	11370660	11392483	fwd	13865	4684	5021	0.021774	0.724194	0.010359	0.823108	-3	right	OV3_Cisp0
chr11	13521888	13541971	9663e478-a0a7-4612-9580-6be730a61be6	13511753	13542617	fwd	20083	7097	12405	0	0.640171	0.005597	0.754198	-3	right	OV3_Cisp0
chr11	15404334	15415676	627c6652-a66b-470f-884c-580ddec807ab	15393639	15415684	fwd	11342	2474	8426	0.008889	0.528889	0.012803	0.684042	-3	right	OV3_Cisp0
chr11	17080989	17095731	214b9a42-b7b4-4549-a424-ae0629d21077	17072909	17095740	fwd	14742	4972	9522	0	0.678623	0.019835	0.859281	-3	right	OV3_Cisp0
chr11	17496632	17503932	b0d7d215-2fcd-456f-bbcf-02873882ab42	17485602	17504377	rev	7300	4091	2986	0.004449	0.734149	0.054628	0.629742	-3	right	OV3_Cisp0
chr11	21765383	21791524	440f9ffb-eda5-4a09-8516-bdd4a6622a34	21745198	21791537	rev	26141	5730	17240	0.005714	0.582286	0.012731	0.76533	-3	right	OV3_Cisp0
chr11	23771223	23789283	6c125288-c2bc-4498-b0f0-4fd164918c31	23752936	23789288	rev	18060	9456	4695	0.017708	0.663214	0.002185	0.812819	-3	right	OV3_Cisp0
chr11	27478762	27487884	01353b43-b96d-4cf9-9d0c-32e7d54dc70d	27478751	27489272	fwd	9122	4383	2182	0	0.623023	0	0.916814	-3	right	OV3_Cisp0
chr11	28740966	28748061	461243e1-d20b-4d2b-bd65-ac78feb52721	28739384	28750935	fwd	7095	2518	3337	0.005161	0.508387	0.00177	0.866372	-3	right	OV3_Cisp0
chr11	28881351	28894740	d3fbb60b-54b2-4e83-a645-55623a101297	28877604	28894749	rev	13389	4266	7461	0.01506	0.783133	0.028512	0.821151	-3	right	OV3_Cisp0
chr11	30940092	30954780	71407e25-0d55-4304-aa2d-52492ad9713e	30938241	30954787	fwd	14688	7648	4019	0.007261	0.627269	0.05121	0.66108	-3	right	OV3_Cisp0
chr11	31096129	31114640	646713bd-a5ed-4066-9d05-f8052f2ef8be	31095168	31114646	fwd	18511	4870	10049	0.018961	0.558287	0.008483	0.84866	-3	right	OV3_Cisp0
chr11	32707963	32723546	b52f503b-dfc6-445b-9ec6-11d38115d932	32689106	32723553	fwd	15583	11112	3511	0.007297	0.565674	0.063037	0.617956	-3	right	OV3_Cisp0
chr11	36335161	36347716	32d2bea4-2371-49bd-8039-bee1202fe663	36321583	36347722	rev	12555	7851	3159	0	0.527346	0.034052	0.677639	-3	right	OV3_Cisp0
chr11	38811115	38821597	f7ec5c33-cf6e-476e-9de7-653992265d48	38806739	38821604	rev	10482	4900	5352	0.008269	0.538689	0.065217	0.746981	-3	right	OV3_Cisp0
chr11	39542962	39572463	e3f910fb-80f5-49b3-a561-8877a1475e76	39540972	39578962	rev	29501	5879	19106	0.020647	0.900112	0.019488	0.900525	0.054841	right	OV3_Cisp0
chr11	40735452	40760799	ede43cd2-4bda-4162-9f9e-ab4802249baf	40735446	40761785	fwd	25347	3062	19914	0.012672	0.761352	0.027712	0.791338	-3	right	OV3_Cisp0
chr11	43698766	43717370	f23d0457-b843-48c1-afb1-77e01229d42e	43698759	43717904	rev	18604	4965	9485	0.000824	0.878813	0.01577	0.816417	-3	right	OV3_Cisp0
chr11	48054369	48074894	5f2ed435-a96d-47ce-864e-75cae98f6c7d	48054357	48079647	rev	20525	4681	15026	0.002828	0.673893	0.008671	0.833287	-3	right	OV3_Cisp0
chr11	48113388	48127367	5a103d05-5e80-4b46-8b48-871cd47c14b6	48112891	48133437	fwd	13979	2447	8657	0.015949	0.569378	0.007769	0.845921	-3	right	OV3_Cisp0
chr11	49583228	49607412	6d4a8811-8d52-4b7e-aca9-8621b32acd6d	49572299	49607968	fwd	24184	2851	19214	0.016129	0.572581	0.017084	0.843921	-3	right	OV3_Cisp0
chr11	58257944	58275561	7d81483a-af25-4cdf-a1c9-58ddfaddac29	58248951	58275567	fwd	17617	8005	9311	0.019115	0.59222	0.021578	0.741776	-3	right	OV3_Cisp0
chr11	63197241	63215133	a31d1e73-37df-46f7-b52e-ea5fa4058788	63177764	63226084	fwd	17892	3998	10952	0	0.822619	0.039419	0.638174	0.348656	right	OV3_Cisp0
chr11	64151655	64161730	aede9f9a-a882-4cab-8f0d-9c3315e1a61e	64139758	64166091	fwd	10075	5276	2414	0.017891	0.582863	0.00883	0.865342	-3	right	OV3_Cisp0
chr11	66588878	66598025	a31be8af-6d51-4156-a210-911e7558ac95	66578264	66598528	rev	9147	2907	3608	0.003989	0.767287	0.002361	0.890201	-3	right	OV3_Cisp0
chr11	67921651	67929710	1f123562-708a-4621-b0a3-2a9a8d2fc9f6	67918974	67931132	fwd	8059	1253	2975	0	0.400593	0.001248	0.873908	-3	right	OV3_Cisp0
chr11	70622851	70628351	88fabfce-00ae-47b4-a8a7-48cf1846e23e	70617798	70629215	rev	5500	2466	1049	0	0.789279	0.011811	0.692913	-3	right	OV3_Cisp0
chr11	72409457	72418825	2e57c8dd-ffa7-405c-ab3c-15481bb49882	72405008	72435707	rev	9368	2530	6498	0	0.691549	0.046282	0.75299	0.41763	right	OV3_Cisp0
chr11	73243767	73266617	4de527ba-1914-4d98-a97f-37def2a36ba8	73240320	73266626	fwd	22850	3328	17852	0	0.851319	0.046064	0.745844	-3	right	OV3_Cisp0
chr11	73308723	73315132	5d27c256-6ddd-42bf-bd68-6dcf139ca38f	73299669	73315143	rev	6409	1062	4979	0.019868	0.423841	0.018458	0.681868	-3	right	OV3_Cisp0
chr11	73415897	73422920	82adfb59-8370-468f-9151-5e101348525a	73405060	73422928	rev	7023	4557	2108	0.00254	0.419983	0.003257	0.724756	-3	right	OV3_Cisp0
chr11	73647621	73667951	bf9de89b-a88a-4b60-9996-26d6cc607cc0	73640828	73667958	rev	20330	4711	13052	0	0.819129	0.048931	0.701231	-3	right	OV3_Cisp0
chr11	74016523	74021328	5fbf42d8-3cc9-448b-968c-e239bd133027	74010384	74021337	fwd	4805	2846	1580	0	0.532012	0.051282	0.628205	-3	right	OV3_Cisp0
chr11	75417039	75430090	728b0307-3d00-4fde-aa4f-09f50b6886ad	75395624	75430899	fwd	13051	3097	7043	0	0.89172	0.09901	0.717822	-3	right	OV3_Cisp0
chr11	75973569	75981878	98ff3242-7353-4d61-b2a1-952c22f75ca9	75973565	75982888	fwd	8309	2791	2292	0.002863	0.840649	0.003802	0.808619	-3	right	OV3_Cisp0
chr11	76038289	76057057	38b0da15-7d99-4d78-8662-f64a2650fcea	76038285	76057066	fwd	18768	2990	13658	0	0.700787	0.002254	0.931129	-3	right	OV3_Cisp0
chr11	76333048	76338420	4004e3e7-5f4b-441b-a77f-16409f55edc1	76326871	76340688	fwd	5372	3349	1246	0.00369	0.599016	0.066225	0.57947	-3	right	OV3_Cisp0
chr11	76445335	76453136	bcdf32c8-c83d-460f-862e-f5b1f478e6fe	76437401	76453142	fwd	7801	3003	4108	0.008621	0.493534	0.054953	0.670282	-3	right	OV3_Cisp0
chr11	76647772	76655107	acd7febb-2a50-4d20-8c43-599d3830556c	76606080	76656029	rev	7335	2443	3486	0.020478	0.392491	0.031616	0.52459	-3	right	OV3_Cisp0
chr11	76725403	76733674	86b17451-8ca1-43c5-99b9-c6332a6adebc	76723966	76733680	fwd	8271	2188	5427	0.011925	0.449744	0.031546	0.722397	-3	right	OV3_Cisp0
chr11	76749303	76763118	629febe4-7bf6-4c8f-bb4e-64bc4326c017	76728172	76763356	fwd	13815	1497	10257	0.075758	0.515152	0.01737	0.730356	-3	right	OV3_Cisp0
chr11	76761517	76770575	8dc3d4ad-3902-403e-b91d-391e510f2391	76758390	76770581	fwd	9058	4989	3712	0.009507	0.529818	0.048177	0.736979	-3	right	OV3_Cisp0
chr11	76927062	76941949	8593f938-b131-4d0e-a1fd-34cc16e578cc	76890091	76946747	fwd	14887	4440	5679	0.009703	0.528539	0	0.813155	-3	right	OV3_Cisp0
chr11	77307934	77312740	f5d84eb8-18a8-437f-afdd-3df68dc64ea0	77266402	77313910	rev	4806	1209	1650	0.010846	0.347072	0.006565	0.525164	-3	right	OV3_Cisp0
chr11	77360583	77375920	e85a6dcb-b6da-495e-810a-b73196d4ab6e	77356699	77376444	fwd	15337	5223	7906	0	0.548809	0.010144	0.797549	-3	right	OV3_Cisp0
chr11	77800323	77818493	031db404-6eb9-4264-9de8-bccf9756dfb8	77799635	77832144	fwd	18170	4189	11127	0.007202	0.532922	0.006782	0.778908	0.408072	right	OV3_Cisp0
chr11	78136690	78141820	98dba59b-8f50-4c8a-a56b-6943abfcfece	78122665	78141834	fwd	5130	2977	1640	0	0.451527	0.009112	0.571754	-3	right	OV3_Cisp0
chr11	83301807	83309504	8a2ef248-788a-4162-9a5e-ca1c720dd366	83301799	83309514	fwd	7697	2599	4740	0.020093	0.763524	0.045129	0.840974	-3	right	OV3_Cisp0
chr11	89413676	89425471	0dc672e3-baea-4a77-a5b3-316ea65442c7	89411821	89425478	fwd	11795	2726	6607	0.011416	0.763699	0.060246	0.726609	-3	right	OV3_Cisp0
chr11	97077116	97086591	864c538b-c2e2-4d6a-a697-efd1650cd02d	97077110	97086595	rev	9475	4927	4196	0.026676	0.782985	0.015284	0.842067	-3	right	OV3_Cisp0
chr11	103109795	103131083	46717607-bf60-47d6-802f-c6518ca65568	103106443	103131097	rev	21288	3479	17416	0.003175	0.873016	0.052975	0.826646	-3	right	OV3_Cisp0
chr11	107963822	107975473	d2c3e62b-3e96-418c-989e-e415ba01b290	107963817	107975478	rev	11651	2211	8361	0.027907	0.551938	0.080153	0.668787	-3	right	OV3_Cisp0
chr11	110659232	110669088	7d72f1aa-7061-43d4-b2ea-baa14d504c6c	110616056	110669093	rev	9856	4182	4526	0.013728	0.687861	0.035603	0.775141	-3	right	OV3_Cisp0
chr11	113126730	113135165	e9b1e328-4dc4-4bc3-b5f4-371ec11aefae	113102243	113135179	fwd	8435	4779	1961	0	0.728938	0.008026	0.632424	-3	right	OV3_Cisp0
chr11	115603378	115608443	f86f09d1-67d5-4175-9771-cbb5ac1aff9a	115590434	115611992	fwd	5065	2860	561	0	0.29308	0	0.48	-1	right	OV3_Cisp0
chr11	115611264	115624656	f7bbc335-d394-4b0e-8d71-e3ac27abd7e5	115611252	115626937	rev	13392	1037	8131	0.043796	0.770073	0.013171	0.858663	-3	right	OV3_Cisp0
chr11	116270563	116277724	f2e0bc82-d273-44db-8552-d49b3ce5c8d7	116270558	116277728	rev	7161	1776	2616	0.019093	0.505967	0.032505	0.730402	-3	right	OV3_Cisp0
chr11	120427757	120437926	b8d9b4e8-373a-466e-9c4c-02472f31afba	120423111	120437932	fwd	10169	5245	3684	0.007322	0.821843	0.07899	0.739414	-3	right	OV3_Cisp0
chr11	120497520	120508057	c9f5446f-39c8-4cd7-90e4-30512fc7ee21	120452664	120508061	rev	10537	5281	3891	0	0.651677	0.021891	0.60597	-3	right	OV3_Cisp0
chr11	131167807	131177597	0cfa8d1e-96ec-4ff6-a3ec-d43f03269fb0	131165630	131177603	rev	9790	4681	3539	0	0.799526	0.049098	0.641283	-3	right	OV3_Cisp0
chr11	131462337	131468000	92877d99-14ed-4316-86e2-5c4a08c6b768	131435847	131468891	fwd	5663	2484	1346	0.015437	0.397942	0	0.518414	-3	right	OV3_Cisp0
chr12	727294	737610	fded140b-d0b8-4f81-acac-c8d37af262df	716097	739025	fwd	10316	5339	3859	0.004216	0.472944	0.006903	0.792925	-3	right	OV3_Cisp0
chr12	2170133	2177452	d8c25a67-cca1-4ac0-86b3-464aa0186bb5	2170124	2177507	rev	7319	2959	3281	0.06196	0.704611	0.040094	0.838443	-3	right	OV3_Cisp0
chr12	3043375	3050813	0d7c1cc7-4386-4c8a-b2da-55ac882944a9	3017273	3051502	fwd	7438	2078	4501	0.025882	0.545882	0.001825	0.809307	-3	right	OV3_Cisp0
chr12	3761537	3766135	00ef8a05-caf7-47cd-ad05-aa6965d8b74a	3757389	3766143	rev	4598	3206	1018	0.005124	0.461998	0.029101	0.814815	-3	right	OV3_Cisp0
chr12	5517512	5528262	e39d1559-a287-45d7-8cda-ed8c6e69341e	5487547	5540262	fwd	10750	4311	1757	0	0.551754	0	0.912152	0.270782	right	OV3_Cisp0
chr12	8135350	8145613	daa33214-2c62-4c30-b759-7612ca60dd36	8125457	8145619	fwd	10263	3152	6725	0.032731	0.628668	0.04357	0.709711	-3	right	OV3_Cisp0
chr12	12754959	12766665	66d02fd4-99ac-4467-8ad5-645e0a2ce459	12738048	12766677	fwd	11706	4135	4651	0.002657	0.537644	0.005564	0.748013	-3	right	OV3_Cisp0
chr12	23171205	23180134	e6a6e243-d3ee-4b61-a676-a7e7d069d29c	23171199	23180139	fwd	8929	6678	1319	0.010276	0.891293	0.083916	0.769231	-3	right	OV3_Cisp0
chr12	25579516	25589316	4a4e442c-ebcb-433b-a3da-a880ebf2235c	25579508	25589321	rev	9800	3647	3840	0.014382	0.807287	0	0.922145	-3	right	OV3_Cisp0
chr12	25568929	25582062	ced36e8b-04d3-4ac1-8c1a-53c17e4e907a	25568918	25609509	rev	13133	1416	9938	0.06117	0.62766	0.033993	0.815839	0.022064	right	OV3_Cisp0
chr12	27996931	28016134	79952208-ac87-4e6d-9bd4-41ae3ac809d6	27993928	28017915	fwd	19203	3120	14585	0.044711	0.647764	0.001871	0.882769	-3	right	OV3_Cisp0
chr12	28119816	28139325	48420ad0-deec-4ac2-a333-592b09201c44	28117232	28151571	rev	19509	5766	12486	0	0.768325	0.014625	0.864194	0.098742	right	OV3_Cisp0
chr12	28291922	28307498	30da1b4a-64a1-44d0-9ecc-a4ec0b7a7f89	28291915	28307502	rev	15576	2737	8199	0.036364	0.823377	0.01486	0.907343	-3	right	OV3_Cisp0
chr12	28892221	28898590	418b308b-c0a8-4381-8631-9ba921e022cf	28892217	28898597	fwd	6369	4209	1740	0.010062	0.851393	0.16044	0.683516	-3	right	OV3_Cisp0
chr12	30674885	30687561	3fa02f52-448c-4738-a036-14e123912776	30674081	30692336	rev	12676	1037	7256	0.010695	0.36631	0.025406	0.406914	-3	right	OV3_Cisp0
chr12	30899059	30911898	eb37b899-ee1d-4df1-9999-736aba013991	30898462	30914788	fwd	12839	3652	5494	0.068493	0.489237	0.003723	0.906925	-3	right	OV3_Cisp0
chr12	33762623	33771479	e25599b0-d77a-420f-bc26-3bcb476a1163	33757628	33771488	rev	8856	1372	5918	0	0.471805	0.016024	0.85328	-3	right	OV3_Cisp0
chr12	37534063	37542802	b6b21d4c-4bc5-4c3b-afc2-0ccafee05fe5	37532766	37542808	fwd	8739	2703	2618	0	0.709066	0.078526	0.596154	-3	right	OV3_Cisp0
chr12	39897305	39907363	4474f94b-652b-494f-86ff-c3f649384ef0	39891702	39911424	rev	10058	4572	5111	0	0.769022	0.005006	0.878598	-3	right	OV3_Cisp0
chr12	45143965	45151828	e496d88b-84ff-4a7d-aa9f-868fa51ef124	45143959	45151833	fwd	7863	4423	2994	0.001638	0.820639	0.047897	0.786215	-3	right	OV3_Cisp0
chr12	48039805	48046616	dd4825f7-bdcf-454c-b91b-df6de0078d17	48016310	48046623	rev	6811	1889	1275	0.02809	0.361423	0.04	0.634667	-3	right	OV3_Cisp0
chr12	53681034	53712055	c4b0f0ae-cbf9-47ce-b89d-bf79b1ac1a4f	53671659	53725364	fwd	31021	7785	22965	0.000971	0.856727	0.059159	0.700687	0.185811	right	OV3_Cisp0
chr12	54057457	54074127	7fee2a50-ecd4-41ed-bf11-0ce9a69c1a8c	54046273	54090837	fwd	16670	2983	10806	0	0.750653	0.013627	0.760657	0.295397	right	OV3_Cisp0
chr12	56778587	56791678	bb963319-b96d-4620-8bf5-61f44f35d80a	56778449	56791682	rev	13091	4957	7436	0.020536	0.626786	0.015716	0.840512	-3	right	OV3_Cisp0
chr12	57580340	57587086	937d3553-4013-4e9b-8590-4e85b535e408	57579727	57587091	fwd	6746	1412	5009	0	0.614035	0.024719	0.743071	-3	right	OV3_Cisp0
chr12	74337290	74343083	be14cbc0-4cc4-485b-81e7-d00560cb3bcd	74325920	74343089	fwd	5793	3890	1438	0.013889	0.443627	0.011742	0.726027	-3	right	OV3_Cisp0
chr12	76658750	76676614	0c817023-d6b6-4f65-9422-b177d6e86263	76647728	76697988	rev	17864	3694	10667	0.00166	0.639004	0.002095	0.861034	0.18693	right	OV3_Cisp0
chr12	80017352	80033319	f6e5d1d0-62a1-4f84-95b1-78673790264f	80011578	80033323	rev	15967	2925	12104	0.033755	0.520042	0.004085	0.898806	-3	right	OV3_Cisp0
chr12	80374416	80389293	acb39a30-8d90-4d1d-b1bf-05fd25b874b7	80374412	80389389	fwd	14877	1627	11157	0.065116	0.809302	0.032938	0.896904	-3	right	OV3_Cisp0
chr12	83588627	83596860	b4cc66c6-19c6-420a-b48d-aafe6cde6718	83586993	83596865	fwd	8233	3610	3128	0	0.642604	0.032609	0.581522	-3	right	OV3_Cisp0
chr12	94451492	94466453	d605014c-6f65-4d86-987d-e01a7987a5e7	94451462	94479781	fwd	14961	4522	9115	0.006914	0.619706	0.045332	0.743716	0.708648	right	OV3_Cisp0
chr12	101903427	101920942	2155d9aa-1220-4311-9f4d-dada1cf08d4c	101901264	101920948	fwd	17515	3141	13525	0.012645	0.798736	0.037497	0.826578	-3	right	OV3_Cisp0
chr12	109072678	109080902	a72d876c-0ca3-417a-b84a-e9c422db91bd	109068726	109080909	rev	8224	1118	5254	0	0.438272	0.002551	0.710884	-3	right	OV3_Cisp0
chr12	117662602	117673911	cd817558-6de3-4630-9206-d1842066594b	117661444	117684144	rev	11309	3025	6288	0	0.481807	0.033181	0.687643	0.539557	right	OV3_Cisp0
chr12	120327387	120337355	35213070-a511-4e07-935d-10fd5f64fcdb	120324844	120337363	fwd	9968	4191	4370	0	0.254545	0.025045	0.652952	-3	right	OV3_Cisp0
chr12	125648086	125661839	de19f1c4-c093-478b-800c-c436aa291bbf	125628660	125661845	rev	13753	2523	10393	0	0.516369	0.002131	0.750977	-3	right	OV3_Cisp0
chr12	126310119	126319844	a7bb2809-44c1-46c2-b01c-06e0860489e0	126305041	126322605	rev	9725	3846	971	0.012777	0.682283	0	0.957746	-3	right	OV3_Cisp0
chr12	127098472	127111787	bcd3a9b3-d5a8-4007-b880-7b64bee94df0	127089619	127135177	fwd	13315	6088	6929	0	0.676573	0.059903	0.588235	0.072676	right	OV3_Cisp0
chr12	130455796	130478098	0a6c20c8-dcea-4afb-856d-1bdb8e6e605f	130455790	130478110	rev	22302	4670	14039	0.00566	0.578302	0.020347	0.847696	-3	right	OV3_Cisp0
chr13	23292003	23298961	41a4a330-a874-414d-8ea3-8f0905721d39	23291674	23309656	fwd	6958	1794	3809	0.001757	0.616872	0.003584	0.90233	0.127144	right	OV3_Cisp0
chr13	27308269	27316559	095c2bfe-5990-40ab-8ab0-7bac520347f4	27308265	27327742	fwd	8290	1812	4998	0.078385	0.598575	0.017826	0.803335	0.761316	right	OV3_Cisp0
chr13	33233852	33241423	8f08cc41-ffa0-4756-93dc-29262f70f436	33233847	33241427	rev	7571	4298	1160	0.021505	0.78405	0.101852	0.675926	-3	right	OV3_Cisp0
chr13	34177197	34189629	a03d900a-bccb-457d-b8a7-c89d677c171e	34167559	34195395	rev	12432	1595	9548	0.109677	0.490323	0.015082	0.798073	-3	right	OV3_Cisp0
chr13	37809017	37817432	30019334-5aeb-4594-9159-be0a5d164f32	37808269	37817611	rev	8415	3295	1971	0.004513	0.376354	0.083024	0.622057	-3	right	OV3_Cisp0
chr13	46926455	46942256	83cb3b8b-cc6a-4051-857d-ce5e0ee5e1de	46926449	46942269	rev	15801	2751	10617	0.005931	0.756821	0.008218	0.903434	-3	right	OV3_Cisp0
chr13	48963442	48969588	f21e4ce8-6ada-4aba-b1c0-4265e19eb939	48958836	48969593	fwd	6146	3324	1266	0	0.849398	0.059341	0.6	-3	right	OV3_Cisp0
chr13	61080914	61090190	4866d665-c068-48dc-9079-89b148d59348	61080906	61117139	rev	9276	1238	4848	0	0.431635	0.014526	0.626147	0.678697	right	OV3_Cisp0
chr13	61185801	61198326	fc1fde21-4d19-42d3-b657-9f5b8af6fd69	61176790	61198334	fwd	12525	3632	5661	0	0.342723	0.015945	0.810364	-3	right	OV3_Cisp0
chr13	63448910	63462756	0f1fc64f-0e80-4b85-abd6-f8a8812be152	63434065	63463154	fwd	13846	3363	9943	0.003501	0.695449	0.024324	0.763514	-3	right	OV3_Cisp0
chr13	64617616	64623056	a618093c-6bf3-4dd7-9997-4f727c19538e	64592416	64623160	rev	5440	2535	2297	0.065537	0.525424	0.017391	0.557764	-3	right	OV3_Cisp0
chr13	75927387	75932437	a28dd205-c992-4b9f-9abc-265055084619	75918279	75932443	fwd	5050	1394	3037	0.017391	0.507246	0.011613	0.627097	-3	right	OV3_Cisp0
chr13	77374797	77387709	a509294f-3005-43b4-a9ba-3a2ba401ad6b	77367156	77388371	fwd	12912	5010	6394	0.009103	0.454486	0.027439	0.799289	-3	right	OV3_Cisp0
chr13	78029304	78042908	36337a9f-7a5d-44ad-8ac8-37f9e5d9da7f	78008093	78094616	rev	13604	3619	9617	0	0.776173	0.020637	0.744316	0.143895	right	OV3_Cisp0
chr13	95607495	95620590	53e28d0a-becf-4274-bb2b-bb7adbf883c3	95599560	95624081	rev	13095	2618	9637	0.011538	0.457692	0	0.852826	-3	right	OV3_Cisp0
chr13	96515883	96529620	a33fb397-ee3b-4efc-ae8c-1da7c812b8d4	96509914	96529626	fwd	13737	5339	7045	0.005125	0.818907	0.068699	0.721565	-3	right	OV3_Cisp0
chr13	100469505	100488519	a2adb713-c0c5-4d50-8aa4-b3d11ad88033	100465598	100488524	rev	19014	13512	2310	0.032414	0.369065	0.050382	0.574046	-3	right	OV3_Cisp0
chr13	100693472	100700143	4cd4ea83-7b51-41d6-8718-c9a1881e76bd	100686150	100700147	rev	6671	1581	4366	0.026005	0.323877	0.030255	0.675955	-3	right	OV3_Cisp0
chr13	106205040	106220974	2d7aea83-c57d-47e3-baf5-4c130879f05c	106205031	106226113	fwd	15934	2722	12886	0	0.484928	0.046772	0.774374	-3	right	OV3_Cisp0
chr13	106409237	106428046	1128546e-f052-4d93-bed0-14c12e97fe95	106402048	106432837	fwd	18809	1784	16181	0.101852	0.590278	0.012335	0.787445	-3	right	OV3_Cisp0
chr13	111157528	111167248	408e6946-917c-4093-8f81-310555d42edc	111157522	111167255	fwd	9720	5088	3752	0.023419	0.684426	0.051859	0.735812	-3	right	OV3_Cisp0
chr14	19271504	19288259	d66bbf02-cc0c-47a1-9289-67b42e7abbe7	19269183	19290053	fwd	16755	4607	9356	0	0.481707	0.003298	0.724075	-3	right	OV3_Cisp0
chr14	20520008	20531594	39448804-892c-446f-9d10-7a94bd690876	20520002	20531620	rev	11586	4987	4831	0.025811	0.724189	0.039837	0.817073	-3	right	OV3_Cisp0
chr14	26824146	26832814	b5e9d030-271f-4cb0-a4f6-d1d4c6cefbcb	26818133	26832821	fwd	8668	2893	3341	0.011905	0.758658	0.011396	0.748338	-3	right	OV3_Cisp0
chr14	27133289	27145656	fa44fc52-f2ad-4f54-9554-b7d201289d62	27131911	27145664	rev	12367	7036	4964	0.000438	0.483363	0.021112	0.85292	-3	right	OV3_Cisp0
chr14	27347143	27369868	dbadd6ff-ca9e-46cb-bdf5-ce345f6dac7f	27340364	27369873	rev	22725	3727	17455	0.003839	0.604607	0.010712	0.579558	-3	right	OV3_Cisp0
chr14	27696011	27703141	e0d49064-35fa-4a6d-b786-609c6be2ef5e	27687332	27705387	rev	7130	3903	1721	0	0.881612	0.060194	0.656311	-3	right	OV3_Cisp0
chr14	32928968	32945579	40448ea0-6e69-4023-a733-9b5abd3e7db4	32928960	32947300	fwd	16611	2668	11328	0.022432	0.868949	0.011682	0.872163	-3	right	OV3_Cisp0
chr14	35545390	35560569	3d05c9f1-4653-4000-8f5a-40eb73381e9d	35533149	35561229	rev	15179	7516	4520	0	0.803078	0.067831	0.732035	-3	right	OV3_Cisp0
chr14	37504798	37513650	d7b8e37c-3e98-4868-b88a-b72ee8a98f5a	37497586	37513657	rev	8852	2857	4019	0	0.380232	0.014504	0.621273	-3	right	OV3_Cisp0
chr14	38197059	38209291	403c0c22-6f8c-4fd2-b03f-46c8216104a6	38196493	38209296	fwd	12232	1329	9288	0	0.555556	0.058426	0.773847	-3	right	OV3_Cisp0
chr14	39287006	39302632	75f7d6f2-1a8f-45fd-905b-b3e1a7f371fa	39244619	39302637	fwd	15626	3842	9801	0	0.602353	0.010802	0.770062	-3	right	OV3_Cisp0
chr14	40280722	40292930	cc803de5-28cc-4c72-9c55-9955a4bca94d	40280715	40292934	rev	12208	2429	7650	0.019152	0.642955	0.035503	0.762238	-3	right	OV3_Cisp0
chr14	42016705	42025327	ffb24e15-1505-4962-86a0-aefbdc2e6521	41981825	42025331	rev	8622	4536	1343	0.01127	0.424493	0.06734	0.481481	-3	right	OV3_Cisp0
chr14	50621765	50642455	cf8796ff-6906-46e9-9dc7-dedd383c9e88	50621760	50642460	fwd	20690	2189	15938	0.056575	0.766055	0.034858	0.866341	-3	right	OV3_Cisp0
chr14	51256459	51265460	ee16b98c-3576-43b4-ada5-b84ecd38ece3	51255179	51265468	rev	9001	4619	3352	0.004566	0.539726	0.035672	0.799049	-3	right	OV3_Cisp0
chr14	54930489	54938527	8e8301c0-0c92-43f4-8617-cbe69a25d26f	54905695	54938547	fwd	8038	1222	5779	0.053333	0.393333	0.015301	0.650273	-3	right	OV3_Cisp0
chr14	57606731	57624548	df9b0b66-25d4-4489-9077-61dde1d048e2	57606717	57624554	rev	17817	4303	10267	0.056382	0.744714	0.032268	0.869757	-3	right	OV3_Cisp0
chr14	57633546	57638922	794e5fe3-d872-4ce0-82e6-6f407342e47f	57633454	57638930	fwd	5376	3510	1520	0.013129	0.419037	0.007576	0.686869	-3	right	OV3_Cisp0
chr14	58278524	58294212	0a860248-0061-46cb-aea9-e4d8675c3965	58240183	58294342	rev	15688	3676	9381	0.015088	0.372171	0.017513	0.515587	-3	right	OV3_Cisp0
chr14	61585623	61600888	527d31b3-e17b-44fe-b245-6a6cbbd2977d	61581896	61600893	fwd	15265	3290	8993	0.003352	0.858101	0.01181	0.78781	-3	right	OV3_Cisp0
chr14	66025541	66035029	a258862c-a955-4ce7-b486-450aba2648a8	66018176	66035034	fwd	9488	3050	5199	0.000935	0.32243	0.038245	0.703448	-3	right	OV3_Cisp0
chr14	66535024	66541726	6c3ecb1c-146d-4d33-b75b-d939f4b7b1b9	66506622	66541731	fwd	6702	3696	2286	0.001381	0.40953	0.021898	0.560584	-3	right	OV3_Cisp0
chr14	67492885	67503695	8736373d-cb31-4eea-a73b-1a59ef04cedb	67492612	67503704	rev	10810	6013	4540	0.003422	0.506502	0.039308	0.76022	-3	right	OV3_Cisp0
chr14	69927143	69941390	ba84bec7-88f7-40ef-82f5-4a681346861c	69923155	69941397	rev	14247	6854	5108	0.006456	0.769529	0.027685	0.817114	-3	right	OV3_Cisp0
chr14	78374299	78384971	1e4e8582-504a-431c-8157-dd73ddb4966c	78374294	78384989	fwd	10672	2771	4385	0.103079	0.563588	0.008744	0.837043	-3	right	OV3_Cisp0
chr14	82573024	82580434	f5cc989c-e46b-4d2c-80da-041d3877f1ae	82563292	82591807	fwd	7410	2361	3559	0.006418	0.472401	0.000846	0.725888	0.855431	right	OV3_Cisp0
chr14	82573619	82584591	ba019fd8-9fa2-44ed-8afd-24dbd597ec0e	82573608	82585343	fwd	10972	2997	6921	0.024943	0.792517	0.081686	0.791831	-3	right	OV3_Cisp0
chr14	85875317	85878978	5248f2d0-a5a7-46f3-a5bc-6926221433a1	85861823	85880325	rev	3661	1249	1667	0	0.458791	0.002058	0.477366	-3	right	OV3_Cisp0
chr14	90238285	90250416	9207fec9-dfe9-4907-8ee7-e60b7937665f	90225623	90259680	fwd	12131	557	11280	0.081481	0.666667	0.075382	0.59383	0.368896	right	OV3_Cisp0
chr14	95467892	95484596	6f4788e9-7520-46c9-b7fb-d7a11aaf7578	95465764	95484611	fwd	16704	4273	10884	0.013015	0.878525	0.057599	0.765618	-3	right	OV3_Cisp0
chr14	97348394	97363554	7c92ddba-4c0f-4e52-b369-06b06462e9ac	97348387	97365407	rev	15160	2107	12404	0.071111	0.794074	0.002139	0.913229	-3	right	OV3_Cisp0
chr14	101048430	101057856	147f1941-2aa1-48ce-a83a-1de7f0e1f65a	101048420	101057860	rev	9426	1439	4350	0.067114	0.644295	0.052993	0.763494	-3	right	OV3_Cisp0
chr15	20214380	20221972	e8082b47-5206-4240-b947-e4a0807a3ee2	20214374	20221977	fwd	7592	4407	2815	0	0.538835	0.050279	0.677374	-3	right	OV3_Cisp0
chr15	20736600	20748724	64acf2b6-4159-49b5-ae61-5105329b3a38	20736595	20750785	rev	12124	3605	5055	0.037736	0.538966	0.000661	0.928619	-3	right	OV3_Cisp0
chr15	34891702	34898122	d65867bc-98b6-43c4-a6a9-ad97c2d05d42	34889975	34898135	fwd	6420	2059	3941	0	0.70194	0.023909	0.786902	-3	right	OV3_Cisp0
chr15	36890522	36904589	343816ea-1a2b-4e73-9888-ff3f6597899e	36890517	36907269	rev	14067	4517	7753	0.031047	0.605776	0.005762	0.886525	-3	right	OV3_Cisp0
chr15	37723753	37735688	0a2d4541-0469-424a-9979-47b79204efbf	37719526	37747208	fwd	11935	3674	6987	0.012695	0.62207	0.008629	0.833174	0.069721	right	OV3_Cisp0
chr15	40481314	40493838	7f6bc54d-af0a-4781-a223-3e12b4e23d6c	40481308	40496305	fwd	12524	1962	10088	0.007052	0.631876	0.008039	0.80828	-3	right	OV3_Cisp0
chr15	46844294	46862713	e70bacbf-09b4-48f8-a3ad-6af5814ec3f8	46840176	46862724	fwd	18419	8054	9678	0.013603	0.296373	0.010204	0.708819	-3	right	OV3_Cisp0
chr15	50869254	50874947	7d4f9df9-8659-4fe1-9059-184269d17c69	50855206	50889661	fwd	5693	1783	2429	0	0.33463	0.016973	0.594059	0.164925	right	OV3_Cisp0
chr15	52146411	52167556	3f542a0c-714c-4316-bd0d-a435abcbefe5	52146278	52167778	rev	21145	14967	5866	0.002041	0.29966	0.037019	0.610805	-3	right	OV3_Cisp0
chr15	53091737	53114282	55fc813b-354d-42c5-9a76-5fec80ce50fb	53083035	53133515	fwd	22545	4986	17288	0.005632	0.702128	0.034423	0.775192	0.098976	right	OV3_Cisp0
chr15	53223705	53232825	8c4c257b-b0e3-44b3-9d8c-883c8bff1df9	53220397	53232830	fwd	9120	4297	4364	0	0.428571	0.020472	0.754331	-3	right	OV3_Cisp0
chr15	53577036	53593732	c047e9a3-9ddb-4e2e-92bf-260f3eaff8aa	53570531	53593741	rev	16696	6644	6602	0.00139	0.436515	0.053212	0.677852	-3	right	OV3_Cisp0
chr15	59731695	59741726	2235b36c-e98c-4bd7-8d87-7cb3e8cdeff8	59731689	59741733	rev	10031	2430	6189	0.020588	0.708824	0.019688	0.842498	-3	right	OV3_Cisp0
chr15	60477657	60484757	3eee5f76-9671-4da8-91da-778c7494b5d1	60476155	60491383	fwd	7100	2193	3516	0	0.424303	0.000958	0.831418	-3	right	OV3_Cisp0
chr15	64710771	64726169	33bc6246-34a4-4ce0-9e43-5d723d4edf4d	64698907	64726341	fwd	15398	4980	6801	0.0139	0.708108	0.02277	0.653384	-3	right	OV3_Cisp0
chr15	68889428	68892993	6a68d3f3-a740-4e56-b806-c6ef0362a51f	68889418	68923709	rev	3565	1126	1326	0	0.271255	0.018927	0.44164	-3	right	OV3_Cisp0
chr15	69398793	69403687	c1859fed-e6ce-4ce8-a307-e14c25aae563	69384211	69403696	fwd	4894	1363	1100	0	0.772358	0.057143	0.720635	-3	right	OV3_Cisp0
chr15	70033111	70038908	44a34afd-5d5e-4ba9-a8ee-fe662cd46285	70033103	70038915	rev	5797	3767	1780	0.008444	0.689988	0.003546	0.902482	-3	right	OV3_Cisp0
chr15	73636665	73645845	75586ed6-9427-46d8-aa3a-6d492549d479	73622293	73646994	rev	9180	2869	2190	0.003846	0.538462	0.028919	0.502283	-3	right	OV3_Cisp0
chr15	78567782	78589219	871e4c72-00dc-4a78-b804-32c6348dfcd6	78549709	78592833	rev	21437	4782	13668	0	0.80624	0.00188	0.784851	-3	right	OV3_Cisp0
chr15	83966673	83997906	d2528918-cde7-4dfd-9547-68517bef467d	83947665	84008791	rev	31233	4387	22482	0.003822	0.80828	0.05	0.711478	0.235532	right	OV3_Cisp0
chr15	93086479	93101272	c32fdecc-5f0c-4d0b-929c-dc1d20578ff7	93086468	93102649	rev	14793	3014	9724	0	0.738132	0.015165	0.881282	-3	right	OV3_Cisp0
chr15	95744781	95754428	6f6c13ff-cbce-4961-a261-88e214e5318a	95737486	95754433	fwd	9647	2298	4516	0.016234	0.793831	0.031097	0.714403	-3	right	OV3_Cisp0
chr15	96620554	96630300	f6e1f632-8839-469d-94c8-378ba6be8b73	96602813	96636605	rev	9746	4291	3028	0.009573	0.472754	0	0.808046	-3	right	OV3_Cisp0
chr16	2574059	2583320	d521e6b4-6197-49e0-91cf-cd2aacebeee3	2535050	2587941	rev	9261	1111	5009	0	0.438889	0.004854	0.773786	-3	right	OV3_Cisp0
chr16	5114127	5126751	e1988e77-bb55-4b8a-b5aa-1aeca8849704	5114122	5126762	rev	12624	3115	7539	0.034626	0.797784	0.180164	0.630282	-3	right	OV3_Cisp0
chr16	9708100	9717402	8c6a0487-54a5-4d9e-a0b2-3d2469c19007	9708090	9717748	fwd	9302	2361	4836	0.018405	0.748466	0.020468	0.908626	-3	right	OV3_Cisp0
chr16	11762843	11768197	ba96f4e9-1c05-4c44-9d80-28cd2655229b	11762028	11780028	fwd	5354	1343	2037	0.011019	0.451791	0.001751	0.90718	-3	right	OV3_Cisp0
chr16	21541250	21548637	73b12d0a-f4f6-4cdb-a68e-0a1ca22f4caf	21537181	21548645	fwd	7387	2442	2722	0.009042	0.511754	0.004854	0.669903	-3	right	OV3_Cisp0
chr16	30978012	30987487	72d6ef41-1afc-4e54-87a8-f4f56faaeef9	30978002	31001261	rev	9475	1356	5957	0	0.409091	0.022804	0.624155	-3	right	OV3_Cisp0
chr16	31379135	31391595	49b460ff-9932-48ee-8f61-5d7880335d4a	31368517	31412010	fwd	12460	1520	6807	0.028818	0.504323	0.012055	0.703562	0.357978	right	OV3_Cisp0
chr16	31500985	31512838	87a88ad3-4413-47b3-991f-955dd09ecfcb	31500974	31513438	fwd	11853	3359	5585	0.002296	0.826636	0.005022	0.813486	-3	right	OV3_Cisp0
chr16	34066554	34071087	7ccc1987-e813-4b3a-b6fa-31b9ec4c741a	34066549	34073961	rev	4533	2445	1602	0.001486	0.390788	0.067308	0.480769	-3	right	OV3_Cisp0
chr16	46389982	46396417	182b7ded-a362-41db-8656-4e2238cb17bf	46382568	46402658	rev	6435	4206	1806	0.060086	0.551502	0.073333	0.32	-1	right	OV3_Cisp0
chr16	46382677	46392759	68ab7d78-3bc6-42f2-bd33-dcbaa7a15236	46382611	46407742	rev	10082	8022	1451	0.062275	0.467963	0	0.625	-1	right	OV3_Cisp0
chr16	46385359	46389646	86881a21-9895-4151-8f5c-5c74601d319e	46384016	46412069	rev	4287	1259	2488	0.118357	0.487923	0.081186	0.525773	-1	right	OV3_Cisp0
chr16	46391327	46396629	a443b7da-8669-43d3-9e82-22feb281696c	46385999	46403314	fwd	5302	2874	1600	0	0.666667	0	0.317073	-1	right	OV3_Cisp0
chr16	46391313	46397299	f0527c92-3f18-4465-9d90-8058f8607d6d	46387023	46403937	fwd	5986	2901	3085	0	0	0.004902	0.485294	-3	right	OV3_Cisp0
chr16	46388060	46396220	f6f32522-122b-40f5-baaa-cc220f15a15a	46388053	46407742	rev	8160	6159	2001	0.056859	0.203971	0	0.518519	-1	right	OV3_Cisp0
chr16	49283792	49297011	e872246e-13b6-4655-8067-2998300ba6af	49267696	49297016	fwd	13219	1208	9325	0.008798	0.653959	0.040745	0.67615	-3	right	OV3_Cisp0
chr16	50419954	50428873	9792b703-e36c-4cfb-b50c-e53249a61cd8	50414493	50428880	fwd	8919	4323	4125	0.003265	0.573061	0.03833	0.720613	-3	right	OV3_Cisp0
chr16	50809024	50819854	a4606906-291d-4980-9884-270317115981	50809008	50820012	rev	10830	1445	8488	0.012048	0.75	0.039066	0.820903	-3	right	OV3_Cisp0
chr16	55567473	55574824	843a31aa-3b81-4f2e-913d-4608c7962385	55564529	55574832	rev	7351	1982	4907	0.042445	0.456706	0.047896	0.743106	-3	right	OV3_Cisp0
chr16	59301035	59310942	0f645e5e-881b-428a-8824-4df6657f4cfa	59298557	59323441	rev	9907	1618	7955	0.006173	0.427984	0.016589	0.660995	0.371183	right	OV3_Cisp0
chr16	60160822	60166997	c477c6df-54ba-4996-bb32-4c01217afb45	60160815	60167044	rev	6175	4786	1112	0.023287	0.77312	0.082237	0.657895	-3	right	OV3_Cisp0
chr16	64901299	64906311	84ccb5db-6bd5-425b-97a6-dec33effc6b8	64895913	64906318	rev	5012	3615	1072	0	0.634683	0.025078	0.670846	-3	right	OV3_Cisp0
chr16	70369223	70373824	b555a797-c93e-469d-855a-7b5832c7e68d	70351742	70392659	rev	4601	1066	1372	0	0.271552	0.006557	0.57377	0.079316	right	OV3_Cisp0
chr16	70680231	70687124	5ab22a7f-6b52-47cc-876e-fbd9e1c31e6b	70680227	70702674	fwd	6893	1990	3373	0.036697	0.33945	0.017857	0.685714	-3	right	OV3_Cisp0
chr16	72390429	72400015	99405a2e-a3b6-4151-98b0-00e3d086ca33	72370619	72405555	rev	9586	4726	4542	0.037983	0.536346	0.097941	0.71179	-3	right	OV3_Cisp0
chr16	76682532	76696501	7969fd8b-3c0f-4095-8b80-ba90e1cba15d	76675752	76696507	rev	13969	5806	5493	0.012594	0.688161	0.001774	0.806623	-3	right	OV3_Cisp0
chr16	77562078	77581022	27f0b307-6eaf-4e91-b24c-e61df0f55168	77562069	77582174	rev	18944	2229	14547	0	0.892575	0.018034	0.869444	-3	right	OV3_Cisp0
chr16	82141785	82151043	472bff60-0ffd-4e41-9128-74ba10acbc4e	82114381	82151047	rev	9258	2148	4272	0.014068	0.432591	0	0.763397	-3	right	OV3_Cisp0
chr16	86124089	86134253	32a6477e-706d-489f-8bf2-24a5d6409c63	86116078	86144775	fwd	10164	5920	1213	0.040132	0.449342	0.061776	0.671815	0.018433	right	OV3_Cisp0
chr17	7141569	7156121	c4d22021-61e7-445a-a3d3-c8e74acc2b7d	7141538	7174219	rev	14552	4365	9681	0.004216	0.583474	0.015421	0.816528	0.485976	right	OV3_Cisp0
chr17	8698226	8708700	bab7c07b-f730-4178-a10a-69d954f5ef7b	8678236	8708707	rev	10474	5553	3564	0	0.368254	0.027123	0.588443	-3	right	OV3_Cisp0
chr17	9010366	9019862	1c518e17-017e-4eaa-829f-919725b2ac96	9006311	9019869	fwd	9496	3942	2682	0.000907	0.834995	0.005479	0.884932	-3	right	OV3_Cisp0
chr17	9959973	9973090	bee8ff0a-d075-495e-8781-4351e69cd0f4	9959967	9973096	rev	13117	4563	8272	0.03135	0.704984	0.034125	0.847084	-3	right	OV3_Cisp0
chr17	10551562	10568912	6fea7f85-7ff3-477c-bf16-cbd60c644682	10550958	10569052	fwd	17350	2846	13510	0.02027	0.618243	0.007265	0.788327	-3	right	OV3_Cisp0
chr17	11511994	11544622	a80297de-a00a-4320-a559-bdd4ff00a8d9	11509751	11547514	rev	32628	6071	25577	0.002448	0.75765	0.033682	0.802585	-3	right	OV3_Cisp0
chr17	14577791	14589679	bc424543-9c09-43f1-a071-3047bfa98c8a	14573904	14589683	rev	11888	2586	8210	0.021459	0.678112	0.028902	0.830718	-3	right	OV3_Cisp0
chr17	17078414	17084452	7f802f91-b422-4af4-93bb-f0ac0769a7e4	17065314	17085058	rev	6038	4368	1205	0	0.599372	0	0.413953	-3	right	OV3_Cisp0
chr17	17290366	17298757	865fd66a-641d-432a-96d8-680021198601	17290355	17299018	rev	8391	1326	4426	0.013468	0.858586	0.012672	0.816262	-3	right	OV3_Cisp0
chr17	19395791	19410620	919c4886-bdd4-4536-bc88-afbec88f7737	19395770	19412278	rev	14829	3183	8520	0.097879	0.621533	0.034343	0.84798	-3	right	OV3_Cisp0
chr17	28879318	28886497	6cebf239-8e68-42f6-9204-3d81bc6dbcec	28873979	28904494	rev	7179	3176	3380	0	0.465875	0.011283	0.696756	0.06611	right	OV3_Cisp0
chr17	30271614	30279417	e0702770-cdf4-4b4e-8510-7b76bb381f92	30247093	30285340	fwd	7803	2452	4501	0	0.550077	0.007987	0.682907	-3	right	OV3_Cisp0
chr17	43624074	43633678	f97d0c68-3aac-4e02-b8f1-0f096ab38113	43622434	43643714	fwd	9604	3007	5446	0	0.376866	0.004823	0.823151	0.095616	right	OV3_Cisp0
chr17	48004802	48012011	1d807964-b0a3-4e68-bbd1-b79adafb729a	47991392	48012018	rev	7209	2557	1310	0	0.59792	0.026667	0.65	-3	right	OV3_Cisp0
chr17	48206783	48215540	96498b91-05e5-4a49-aa50-7002151425cb	48198123	48219895	rev	8757	3078	5380	0.011591	0.510011	0.010218	0.779973	-3	right	OV3_Cisp0
chr17	48516695	48525107	dc248204-7f23-4d03-90de-d31fff0d96ce	48514979	48528149	rev	8412	1195	6199	0.026316	0.628655	0.011222	0.819202	-3	right	OV3_Cisp0
chr17	48922384	48934541	9af0c543-ea82-4ebb-ada7-8e4ca8d7e53e	48916283	48939358	fwd	12157	3174	5635	0.008043	0.558981	0.015613	0.815613	-3	right	OV3_Cisp0
chr17	50133764	50140433	a47df024-9e3c-476a-936c-0188c662c75d	50133750	50145485	fwd	6669	1063	3989	0	0.391304	0.019565	0.727174	-3	right	OV3_Cisp0
chr17	51509249	51518585	9fc376d9-0369-49d7-80d2-c955e3ec7f6e	51505969	51520127	fwd	9336	1977	7004	0	0.766337	0.071167	0.824176	-3	right	OV3_Cisp0
chr17	56000482	56007103	96e05baf-3e10-46c7-a829-2c9d15704f9d	55990049	56008310	fwd	6621	4399	1481	0.009579	0.492337	0.019737	0.608553	-3	right	OV3_Cisp0
chr17	57266136	57273633	cc025b07-ccfa-43c4-9a6a-9fe8ef43b5dc	57266132	57273643	fwd	7497	3601	3162	0.054934	0.772126	0.037961	0.82538	-3	right	OV3_Cisp0
chr17	64315737	64324869	10b0b2e9-8b01-4eab-b026-e89be7df5246	64309308	64324877	fwd	9132	3290	2487	0.007194	0.322542	0.012638	0.603476	-3	right	OV3_Cisp0
chr17	64413757	64420328	db6174c2-35aa-4941-bdcb-59e153814b1d	64411089	64429665	fwd	6571	2147	4218	0	0.533742	0.007168	0.829749	0.555737	right	OV3_Cisp0
chr17	69143233	69156871	93d32179-4581-4307-8828-3597c7e7f6b5	69119836	69164704	fwd	13638	3306	7556	0	0.741071	0.013072	0.749891	0.353527	right	OV3_Cisp0
chr17	69948530	69958843	0d1d721c-4f0d-4409-8e95-8e46308b7b0b	69937362	69958849	rev	10313	3832	4912	0.005124	0.480786	0.014407	0.725606	-3	right	OV3_Cisp0
chr17	75206160	75214945	cda970c5-b274-4e19-a21d-78111065a795	75195755	75215556	fwd	8785	2866	5092	0.001236	0.662546	0.00596	0.862252	-3	right	OV3_Cisp0
chr17	77556732	77566126	11bbc6de-6b28-4da0-a850-5574e4460690	77550307	77572948	fwd	9394	5905	2904	0.099268	0.416599	0.040419	0.767964	-3	right	OV3_Cisp0
chr17	79273343	79292752	3b84b6df-9af0-4a4a-af5a-a7682b9b41a1	79264364	79292758	fwd	19409	8280	10101	0.033215	0.715896	0.028765	0.815567	-3	right	OV3_Cisp0
chr17	81185001	81205209	20c405d3-194e-4fad-a9ee-6809718ebbbe	81165465	81223793	rev	20208	6583	9403	0	0.489378	0.04147	0.581102	0.189026	right	OV3_Cisp0
chr18	295080	304845	06b0ca85-4ac6-4e06-bf0f-86f8649e2e7d	295076	308225	fwd	9765	1686	4801	0.10984	0.622426	0.003296	0.895847	-3	right	OV3_Cisp0
chr18	2059861	2073412	8102ee31-92d5-4d6a-924a-a567c6b19cb7	2052595	2073418	fwd	13551	6625	6651	0	0.519116	0.012389	0.828048	-3	right	OV3_Cisp0
chr18	4029518	4045130	32c6d104-30ad-443e-8295-787f84032b18	4025891	4045136	rev	15612	6538	4656	0.001592	0.522293	0	0.828311	-3	right	OV3_Cisp0
chr18	4119032	4124853	eab6bf14-bedb-4e8b-978f-464df1ca9d62	4113011	4124859	rev	5821	2658	1947	0	0.73931	0.073394	0.645872	-3	right	OV3_Cisp0
chr18	4214235	4239497	224e763a-5b54-4509-9e74-6763936616c5	4209659	4241378	fwd	25262	1920	23068	0.063406	0.51087	0.012484	0.686325	-3	right	OV3_Cisp0
chr18	5582836	5597612	93580cf8-e317-4313-bbef-c11fff5d56d8	5582822	5597620	rev	14776	1338	11906	0	0.33427	0.025263	0.712461	-3	right	OV3_Cisp0
chr18	9758946	9778277	c6ffbffd-5a89-4665-8da5-b8a2dc8bf54b	9757664	9781827	fwd	19331	5310	11787	0.012388	0.847901	0.004206	0.912787	-3	right	OV3_Cisp0
chr18	9836027	9844564	ae5b4135-4e9f-4f7a-9489-9b2af6471651	9836019	9844791	rev	8537	3638	3666	0.036204	0.59002	0.08105	0.705479	-3	right	OV3_Cisp0
chr18	11927088	11940777	47c3dd83-02ee-4072-902c-bb4e0e7324b8	11921575	11945534	fwd	13689	952	11716	0.066667	0.684444	0.033825	0.797769	-3	right	OV3_Cisp0
chr18	15339419	15351291	e15a3a53-fe09-4624-b3f9-5f15bf544df7	15312015	15351296	rev	11872	4292	7059	0.010943	0.322391	0.058189	0.647114	-3	right	OV3_Cisp0
chr18	27563287	27583522	a11d98eb-395c-464a-b918-4ee67e4728fb	27549105	27585407	fwd	20235	5669	13818	0	0.487593	0.097593	0.554232	-3	right	OV3_Cisp0
chr18	32984559	32990550	79cdebdc-1346-45ca-87f4-fcdeaff9f138	32984554	32991950	fwd	5991	1110	3595	0.075	0.875	0.014737	0.925263	-3	right	OV3_Cisp0
chr18	60202338	60218882	5c85361d-0d71-488d-8ed7-06325fec7093	60200655	60218888	rev	16544	4583	7477	0.007444	0.834574	0.030332	0.849763	-3	right	OV3_Cisp0
chr18	61877374	61890935	8b6aac55-01d7-4547-8e8a-ab572c0684fe	61877235	61891450	rev	13561	4937	6986	0.015313	0.570573	0.003966	0.888944	-3	right	OV3_Cisp0
chr18	74465756	74476131	1b7fc804-50c0-402b-898c-b59a1d11fdda	74465751	74476137	rev	10375	2810	3597	0.053352	0.681259	0.008333	0.910714	-3	right	OV3_Cisp0
chr19	9284955	9290460	d7a06209-58f6-459e-876b-b0b40407dfad	9278592	9290466	rev	5505	2953	1839	0.012579	0.472956	0.115717	0.601036	-3	right	OV3_Cisp0
chr19	11440105	11444436	53b936be-e23b-48c0-9dee-9e1773959fc0	11440093	11456393	rev	4331	2599	1428	0	0.579767	0.045161	0.690323	-3	right	OV3_Cisp0
chr19	30001856	30021033	e6f9e76d-c1ab-47d6-9ac5-0403a5394bca	29980438	30032178	rev	19177	2636	13339	0	0.736698	0.027972	0.654922	0.205231	right	OV3_Cisp0
chr19	35700106	35703379	567154a3-a49e-4bd4-8d04-70d6feb2649a	35686559	35703391	fwd	3273	1187	1598	0	0.219745	0.036517	0.589888	-3	right	OV3_Cisp0
chr19	37209515	37219579	efe287fe-3f86-4159-b20a-7e0ff0c6e062	37196803	37229085	rev	10064	3193	6538	0	0.486391	0.008658	0.591837	0.753454	right	OV3_Cisp0
chr19	38394471	38401729	f2d361a1-a8b8-4541-8f6e-c82975c2fd80	38370484	38401734	rev	7258	1298	3707	0	0.366516	0.002427	0.845874	-3	right	OV3_Cisp0
chr19	38781083	38789379	e3e1877d-44b8-443c-ac8a-1cca2de56695	38779991	38793390	fwd	8296	2508	5389	0.017081	0.503106	0.033766	0.646753	-3	right	OV3_Cisp0
chr19	39435966	39453343	5a8cb2e6-ae30-4c79-b548-edcf51c2b7fb	39435953	39453348	fwd	17377	1882	14432	0.018519	0.469136	0.0605	0.719279	-3	right	OV3_Cisp0
chr19	39617013	39620910	e9f03d22-bf73-4269-ae89-13fd7585f2de	39612262	39620920	fwd	3897	1459	1985	0.003906	0.382812	0.059949	0.678571	-3	right	OV3_Cisp0
chr19	39625607	39635356	89041454-d138-4de3-89a5-836f511798be	39622795	39638889	rev	9749	3235	4576	0.001156	0.590751	0.001646	0.882305	-3	right	OV3_Cisp0
chr19	39758710	39769937	9046960c-69d9-4a20-8c5c-ce5ec10ec1a9	39750830	39769944	fwd	11227	5339	3738	0.003717	0.655762	0.055848	0.685985	-3	right	OV3_Cisp0
chr19	40425746	40439401	6a281ca7-3229-4d5f-b4d9-3332ca8771bf	40398535	40439413	rev	13655	3197	8864	0	0.498049	0.004552	0.76783	-3	right	OV3_Cisp0
chr19	46301023	46311168	a5409a78-697f-442f-833a-29fe9b471f2e	46300977	46313528	rev	10145	1157	6611	0	0.465278	0.011604	0.735836	-3	right	OV3_Cisp0
chr19	46887274	46902344	d3046337-99c8-4606-8be8-f8695d8bafeb	46872240	46913010	fwd	15070	3889	8940	0.003835	0.823586	0.042143	0.753052	0.157935	right	OV3_Cisp0
chr19	49125971	49133719	a2f8fd45-25bd-4af4-958a-834f8e48a1a1	49125940	49135063	rev	7748	3145	4217	0	0.391234	0.008919	0.827202	-3	right	OV3_Cisp0
chr19	49471633	49493268	8a75f728-7b33-4237-a314-b282e11cbab7	49470552	49493277	fwd	21635	3982	15734	0	0.306709	0.042442	0.771906	-3	right	OV3_Cisp0
chr19	50411313	50421402	8af87aff-617f-490b-b4bf-57652567b126	50407581	50421406	rev	10089	3888	3701	0	0.401894	0.041594	0.620451	-3	right	OV3_Cisp0
chr19	51706882	51712159	d93c4157-3ef0-4647-a38b-3f74d764c361	51706873	51712165	fwd	5277	2771	1248	0.062802	0.755233	0.003534	0.869258	-3	right	OV3_Cisp0
chr19	53307163	53323532	7d13486e-4401-40f9-a1c8-e10d36c661af	53296277	53325462	fwd	16369	3012	11370	0	0.490298	0.002439	0.8875	-3	right	OV3_Cisp0
chr19	53553503	53560769	4910947a-8083-4700-b591-ca874ce2a313	53553497	53585826	rev	7266	1024	3902	0	0.391061	0.003475	0.712424	-1	right	OV3_Cisp0
chr19	54437964	54453460	77f865e0-ad8b-49f9-ac2f-350ec75b6ca7	54437955	54453543	fwd	15496	3317	8655	0.034632	0.743146	0.013909	0.820624	-3	right	OV3_Cisp0
chr19	56085140	56090530	73787eb7-4c5d-4f9a-a986-1e0d2b334745	56078190	56111390	fwd	5390	1314	2255	0	0.370229	0.011561	0.540462	0.247331	right	OV3_Cisp0
chr19	57235595	57250466	516a28a9-421a-4cd1-8933-c63a5fa14fbb	57235588	57250474	rev	14871	9191	4808	0.005445	0.466425	0.07286	0.73224	-3	right	OV3_Cisp0
chr2	2134116	2147211	174a3713-8306-494d-908f-faee37c5a50c	2132050	2153801	fwd	13095	3044	8919	0.00246	0.805658	0.003463	0.871429	-3	right	OV3_Cisp0
chr2	9788306	9795014	bd7d4e9f-928a-44e7-9722-8d5d6942874c	9779018	9795018	rev	6708	2007	4106	0.019465	0.501217	0.007407	0.634921	-3	right	OV3_Cisp0
chr2	11177844	11183227	f06e6b6e-ed8b-4b81-959e-2f1a441641e0	11166541	11183324	fwd	5383	2974	2086	0	0.487939	0.031046	0.575163	-3	right	OV3_Cisp0
chr2	11363607	11378843	c3928702-a34b-41fc-b70e-5e8db3c55ef7	11363599	11382091	rev	15236	3239	9999	0.034884	0.825581	0.032963	0.83201	-3	right	OV3_Cisp0
chr2	11780343	11787650	b6856e23-75c6-431f-81cd-1702c720df99	11761820	11787655	fwd	7307	1210	1412	0	0.294461	0.007772	0.621762	-3	right	OV3_Cisp0
chr2	15718560	15724937	b91a0103-e4e1-4038-8ce2-e459d80fb797	15705821	15724999	fwd	6377	2069	1957	0	0.490534	0.03071	0.650672	-3	right	OV3_Cisp0
chr2	17131550	17144133	39a2a81d-ab04-40ad-82fe-3bc79b1568b1	17131544	17163017	fwd	12583	1002	8656	0	0.760956	0.002832	0.876214	0.069895	right	OV3_Cisp0
chr2	20159155	20165524	fb9c7296-6197-411d-a9d0-c6180ec691a9	20159150	20165531	fwd	6369	1491	4634	0.085324	0.450512	0.05138	0.780209	-3	right	OV3_Cisp0
chr2	27770823	27778643	8568767f-4edb-44a0-853e-2eb581c78c17	27765855	27782441	fwd	7820	3191	4127	0.01652	0.509912	0	0.799539	-3	right	OV3_Cisp0
chr2	28581710	28591461	62f29ba7-ee51-484a-8148-a4eb083d371a	28581705	28596389	fwd	9751	2667	5270	0	0.795993	0.007061	0.907326	-3	right	OV3_Cisp0
chr2	30145385	30151078	a9fb32f3-a764-46ef-ba92-7131636c27dc	30139150	30151094	fwd	5693	1867	3476	0	0.47043	0.030172	0.758621	-3	right	OV3_Cisp0
chr2	32921640	32930277	dc07de52-9eb5-4fd7-b42f-13776f79b56c	32920370	32931136	fwd	8637	3813	2506	0	0.703011	0	0.909333	-3	right	OV3_Cisp0
chr2	32947481	32958598	7e95707f-b998-4974-adda-24a0b53cb4e4	32944578	32958603	rev	11117	2538	5567	0	0.692022	0.019622	0.760174	-3	right	OV3_Cisp0
chr2	33384519	33396200	27cadbc1-3e46-40e0-a74d-02ad4211225f	33369305	33426487	fwd	11681	3398	5296	0	0.578664	0.023216	0.815968	0.242354	right	OV3_Cisp0
chr2	34244298	34253676	774a36cd-ccf1-4a44-8a07-af60f7bad5bb	34223163	34254181	fwd	9378	3744	5255	0	0.533274	0.130205	0.568915	-3	right	OV3_Cisp0
chr2	43911956	43920655	f9920709-4f33-46f4-8d34-29f389f8d095	43890761	43924700	fwd	8699	2689	3072	0.030223	0.48226	0.034314	0.476716	-3	right	OV3_Cisp0
chr2	45021363	45035265	a995b009-4110-4101-a950-5a89b038d5c1	45009290	45051538	fwd	13902	4277	5026	0.009302	0.549767	0	0.855083	0.228508	right	OV3_Cisp0
chr2	55363835	55368604	3ab8ae31-0f33-411f-8d3b-56911789d862	55342271	55368614	fwd	4769	3087	1149	0.005643	0.424379	0.041783	0.746518	-3	right	OV3_Cisp0
chr2	56670656	56687648	f249eb4c-b66c-4e4b-9d2d-c7761970095a	56670652	56688779	fwd	16992	2378	13256	0.015075	0.736181	0.03285	0.842512	-3	right	OV3_Cisp0
chr2	62441464	62468999	7733de5f-9daa-48de-add6-f760da7db29d	62429087	62469005	rev	27535	4209	22553	0.010526	0.587368	0.061503	0.569287	-3	right	OV3_Cisp0
chr2	65618865	65633264	86ee55d4-a11d-418e-86ec-e32796c2d0ec	65603342	65636640	rev	14399	5102	4979	0.007171	0.513147	0.000768	0.8702	-3	right	OV3_Cisp0
chr2	66109959	66113197	6184f19f-2934-419c-a8e2-a57fc7c37470	66090069	66117306	fwd	3238	1263	1286	0.008571	0.322857	0.008427	0.601124	-3	right	OV3_Cisp0
chr2	70544024	70567990	ecd7cafe-31f6-490b-8ce4-a6280e797223	70537882	70568001	rev	23966	3091	19014	0.005489	0.689844	0.033969	0.694471	-3	right	OV3_Cisp0
chr2	71191146	71206307	946868ef-ccd9-4df7-ae4e-591ed9e4882a	71191141	71206313	rev	15161	1683	12046	0.050661	0.709251	0.026144	0.909804	-3	right	OV3_Cisp0
chr2	72257151	72267237	401c79a7-a96e-49fd-8b9a-2e85b5fddbbc	72257145	72280877	fwd	10086	1624	3970	0.083503	0.720978	0	0.940016	0.161666	right	OV3_Cisp0
chr2	74128778	74136608	2f305eb8-f994-4950-a80c-49d543a91e4b	74120966	74136618	fwd	7830	5259	2252	0.002398	0.824141	0	0.70684	-3	right	OV3_Cisp0
chr2	86420749	86431747	dac3fd60-02fb-4f16-9639-3c5edc498157	86419252	86437314	fwd	10998	2791	7824	0.012717	0.549133	0	0.913247	-3	right	OV3_Cisp0
chr2	86783898	86798912	4def04e5-9400-4a17-8a7e-06ed717ea860	86781185	86807095	rev	15014	3644	7334	0.001019	0.890928	0.030236	0.863112	0.227253	right	OV3_Cisp0
chr2	87418715	87429372	d3591f7a-3b54-4123-9881-841af6cceec1	87414287	87431213	fwd	10657	634	8823	0	0	0	0.351351	-3	right	OV3_Cisp0
chr2	90221366	90233403	a51692ff-47ba-4e77-8eeb-ed607597a78d	90191422	90236323	rev	12037	5937	1766	0	0.447826	0	0.910569	-3	right	OV3_Cisp0
chr2	91409704	91413677	a99b543c-7e73-4b44-958e-45305e773c02	91404242	91423218	fwd	3973	1983	567	0.02449	0.546939	0	0.477612	-1	right	OV3_Cisp0
chr2	97358029	97364556	e3354fab-4279-43ae-9cc7-dca945137129	97354627	97364561	fwd	6527	1166	4971	0.021807	0.404984	0.037281	0.701023	-3	right	OV3_Cisp0
chr2	97621649	97635700	d685d7ea-b28c-46d7-a1c7-7dbfac49b26f	97617208	97654147	rev	14051	3620	8347	0.007003	0.278711	0.041268	0.718671	0.255091	right	OV3_Cisp0
chr2	101782288	101792804	5e031e70-7c80-480e-a356-da18278b3d66	101778428	101806590	fwd	10516	2528	6116	0	0.748395	0.007334	0.84966	-1	right	OV3_Cisp0
chr2	105947342	105956801	8237ff77-7136-4e52-8fb2-2051580c05d2	105944397	105956806	fwd	9459	3847	4228	0.007718	0.629548	0.026291	0.731455	-3	right	OV3_Cisp0
chr2	107499178	107522975	36be8f0d-cba2-483e-bf24-26ffada066ea	107494451	107523208	rev	23797	4149	17395	0.003373	0.839798	0.071769	0.757155	-3	right	OV3_Cisp0
chr2	108424895	108435145	aad96a01-5eb2-40b4-9a37-3ef481cf323b	108413824	108436352	fwd	10250	4763	3225	0	0.484348	0	0.859425	-3	right	OV3_Cisp0
chr2	108762080	108782495	3122f257-0f20-4d62-8a6c-4f1a58cd409b	108760611	108789858	rev	20415	6830	11580	0.012434	0.794357	0.066023	0.777778	0.421172	right	OV3_Cisp0
chr2	108996928	109005322	0405ecb4-cd20-4e54-a27e-a8e35716b5e5	108996924	109010074	fwd	8394	2441	5066	0	0.408567	0.002381	0.834921	-3	right	OV3_Cisp0
chr2	123725722	123746449	ece2fca0-4558-4f2e-9da8-016a38e5d8a0	123720195	123749013	fwd	20727	4873	12802	0.002217	0.566149	0.011881	0.861166	-3	right	OV3_Cisp0
chr2	135914412	135922930	26f17dc6-f051-4115-9668-d6aa54259b30	135909531	135924775	rev	8518	2651	4286	0	0.753757	0.008227	0.890052	-3	right	OV3_Cisp0
chr2	138897841	138905612	2931700d-495f-4950-bacb-4d31d70fba79	138893533	138905617	fwd	7771	3399	3213	0.000822	0.662829	0.044628	0.831405	-3	right	OV3_Cisp0
chr2	140091585	140095971	c8b05904-d590-4a23-92da-369e41933839	140091580	140105325	rev	4386	3429	616	0.050744	0.662292	0.005102	0.862245	-1	right	OV3_Cisp0
chr2	143818333	143839637	f3a61ce3-18dc-428e-bde3-530a64f57554	143812412	143840497	rev	21304	6730	11685	0.008806	0.440313	0.031619	0.850177	-3	right	OV3_Cisp0
chr2	145020143	145029505	e375933f-bc1f-4f9c-8fb0-474d77d40d05	145020137	145080607	fwd	9362	1477	5867	0	0.799574	0.014545	0.755844	0.073559	right	OV3_Cisp0
chr2	145163292	145177427	4dfe8df7-2dfe-4975-a721-62a8551b2190	145152242	145177431	rev	14135	3970	7165	0.003239	0.788664	0.013896	0.763275	-3	right	OV3_Cisp0
chr2	160228584	160237195	477cb686-7fa1-4ee1-8e5d-d44602557c02	160218022	160237844	rev	8611	4850	2510	0.031502	0.734066	0.065217	0.638587	-3	right	OV3_Cisp0
chr2	163533398	163542526	034b046c-9e5a-4620-858c-fab487e9122a	163530789	163542544	fwd	9128	3680	4432	0	0.57346	0.001456	0.871179	-3	right	OV3_Cisp0
chr2	167529346	167540945	359849aa-83f5-4e8a-b08a-3210f259c4bd	167528076	167540949	rev	11599	5663	1532	0.008626	0.913072	0.171053	0.699561	-3	right	OV3_Cisp0
chr2	178266305	178278571	135267cd-5889-456c-96aa-9c22415d2b3a	178259385	178278577	fwd	12266	3647	4512	0.002788	0.30855	0.007168	0.805735	-3	right	OV3_Cisp0
chr2	179615968	179623613	6e17838d-900b-4e0d-a709-d33015bc2a05	179613898	179627463	rev	7645	1967	4072	0.00611	0.490835	0.012116	0.880452	-3	right	OV3_Cisp0
chr2	183158890	183172900	66ad8774-3037-468b-8fa1-8a6993992525	183153498	183172907	fwd	14010	2865	9314	0	0.72973	0.04396	0.792536	-3	right	OV3_Cisp0
chr2	184714962	184729528	fb4990f8-0611-4a4f-b1ac-10aab73e9fb5	184676195	184729534	fwd	14566	4386	9872	0.000745	0.439315	0.011796	0.781935	-3	right	OV3_Cisp0
chr2	187465234	187485494	a203b9e5-2b68-47a2-96c3-ec98cb40e472	187462656	187500444	fwd	20260	4185	14424	0.04186	0.599225	0.011902	0.826634	0.11639	right	OV3_Cisp0
chr2	189659367	189664147	14f2f412-d8d0-4ec2-a47c-4f54ad97267d	189649578	189688529	fwd	4780	3443	941	0	0.508046	0.073579	0.488294	-1	right	OV3_Cisp0
chr2	192269540	192284009	daddded5-0ac2-4dc2-86ae-07f3b32c4352	192260660	192287124	fwd	14469	4129	7518	0.013134	0.51403	0.004946	0.761691	-3	right	OV3_Cisp0
chr2	195103309	195110611	f3d6ebca-a2ae-4c2c-824f-02bfbeccd1a1	195103304	195110621	rev	7302	2214	3006	0.011719	0.864583	0.064547	0.807322	-3	right	OV3_Cisp0
chr2	197968878	197983060	34535f7c-9a9e-496b-a839-35396f255bd7	197965741	197984923	fwd	14182	2948	8279	0.04581	0.684916	0.002489	0.698465	-3	right	OV3_Cisp0
chr2	197969448	197992496	7053314f-2cb2-4c82-9fc9-35f2d2715307	197955308	198006652	fwd	23048	2177	19391	0.010526	0.780451	0.014668	0.776014	0.165272	right	OV3_Cisp0
chr2	198613843	198620136	9e7b4b8b-a51c-46de-8358-5a8e35abfe5b	198602199	198625294	rev	6293	3546	2423	0	0.590204	0.00271	0.649051	-1	right	OV3_Cisp0
chr2	202359539	202373538	d392d4bc-d6ec-4681-882a-a3dd3861299b	202358203	202373544	fwd	13999	3549	10154	0	0.633758	0.02381	0.803313	-3	right	OV3_Cisp0
chr2	204474762	204479331	e9f55ee4-bfce-4b92-ad8c-112c13bd134c	204444068	204479337	fwd	4569	2276	1797	0.084592	0.400302	0.042339	0.572581	-3	right	OV3_Cisp0
chr2	208613681	208623151	ad3c4e3b-0f0a-4171-84c7-e8dfa45fc7e4	208591711	208623998	rev	9470	1383	4756	0.014925	0.335821	0	0.676259	-3	right	OV3_Cisp0
chr2	212719791	212731542	906403fe-0323-4302-aeb0-8f01b70ea593	212719504	212733952	rev	11751	2316	8185	0.003683	0.73849	0.015044	0.91251	-3	right	OV3_Cisp0
chr2	219915008	219925184	aade2586-cccb-4d50-bb36-bc6b9eb9f3ec	219911855	219925195	rev	10176	2885	6864	0	0.544304	0.032653	0.715452	-3	right	OV3_Cisp0
chr2	220083836	220096294	d35aa757-91c7-4767-b3ba-79239d476f38	220080022	220097120	rev	12458	2671	6324	0	0.743323	0.027675	0.822878	-3	right	OV3_Cisp0
chr2	221079193	221089175	0d24775b-8564-4258-8ee8-253d7cac829c	221074298	221100489	fwd	9982	2830	5117	0	0.346715	0.042741	0.644805	0.762629	right	OV3_Cisp0
chr2	224478840	224485009	18b8bf98-5642-417b-8a6e-1dbb1aeadf7d	224478834	224486527	fwd	6169	4513	1025	0.020483	0.684711	0.142857	0.571429	-3	right	OV3_Cisp0
chr2	233912001	233919587	7c6efe56-0af6-4835-a00e-e5848b8a7ef1	233908871	233919594	fwd	7586	3412	3840	0.003352	0.745251	0.000802	0.93344	-3	right	OV3_Cisp0
chr20	9235880	9259779	5542c6e9-baed-4d69-ae68-55a5cc4d8182	9235876	9259786	fwd	23899	4352	14828	0.035771	0.875994	0.01255	0.926714	-3	right	OV3_Cisp0
chr20	11143639	11151834	80439a97-67c6-42a3-8d7b-e073b62f0297	11120150	11174572	rev	8195	2048	4694	0.029412	0.479239	0.005513	0.52591	0.698705	right	OV3_Cisp0
chr20	11925412	11941511	b327ff09-7a7e-4266-9a6c-f4be082cd40e	11924761	11942242	rev	16099	2806	11946	0.034221	0.455006	0.044343	0.718349	-3	right	OV3_Cisp0
chr20	14673200	14679210	4674cef8-f879-40c4-a0dd-3ccfdaa4362d	14673186	14679218	fwd	6010	3135	2615	0.003654	0.526188	0.013495	0.782726	-3	right	OV3_Cisp0
chr20	16242935	16257666	25d979dc-7a41-46af-aafd-a2990bffe71a	16236855	16271173	fwd	14731	3542	8952	0	0.529412	0.001189	0.881094	0.441037	right	OV3_Cisp0
chr20	16778503	16790904	168150ce-010e-4f1a-b163-9412db14b3aa	16778498	16790910	rev	12401	3460	7816	0.03538	0.877211	0.035255	0.849468	-3	right	OV3_Cisp0
chr20	19832119	19846096	e4532821-63c7-42bd-991a-9f789d90ed8d	19830578	19847042	fwd	13977	5332	8237	0	0.782293	0.027167	0.807431	-3	right	OV3_Cisp0
chr20	21637619	21648316	01266436-76dc-48cf-8bc3-a54921716ea6	21635898	21651301	fwd	10697	6711	1659	0	0.438511	0	0.848066	-3	right	OV3_Cisp0
chr20	31064447	31067611	467c4806-2517-4b93-8fc0-4bd34d926783	31051508	31073213	fwd	3164	1035	577	0.010204	0.336735	0	0.681818	-1	right	OV3_Cisp0
chr20	31059823	31064082	40f865bb-f2ad-4d7b-bf02-c03cb4ec8462	31051861	31074112	fwd	4259	2129	1240	0.043038	0.432911	0	0.24	-3	right	OV3_Cisp0
chr20	31058343	31068113	5adcb4c4-4b5d-4d70-b4d6-819cd98a20c6	31054362	31069942	fwd	9770	6849	1069	0.13785	0.343458	0	0.481081	-3	right	OV3_Cisp0
chr20	31064627	31067863	be036024-3117-42ca-8d7f-908e44192241	31057909	31069578	fwd	3236	1070	1408	0.037037	0.333333	0.058296	0.533632	-3	right	OV3_Cisp0
chr20	31061786	31065666	7fd3bd4d-6fc6-402b-a010-a5204c3582cd	31058731	31067171	rev	3880	1241	2294	0.026442	0.641827	0.020408	0.748299	-3	right	OV3_Cisp0
chr20	31069017	31073736	f6351dd0-5f3c-4c6e-b1b8-3c3e9bf10692	31062919	31082166	fwd	4719	1957	647	1	0	0.007937	0.452381	-1	right	OV3_Cisp0
chr20	44216975	44239121	1c6cdb55-d9b6-4a4f-9db4-70e40a5d9534	44216970	44239127	rev	22146	2098	17449	0.003578	0.81932	0.035764	0.747546	-3	right	OV3_Cisp0
chr20	45520982	45526520	6e36a885-c20d-4ac6-8e15-335caf2646ea	45520971	45527221	fwd	5538	1504	2638	0.006993	0.808858	0.08651	0.762463	-3	right	OV3_Cisp0
chr20	46958745	46971687	434d3cac-fc9c-4d20-8735-28d2a5c05bfb	46951731	46992360	rev	12942	2258	10319	0.011385	0.643264	0.026118	0.790661	0.018813	right	OV3_Cisp0
chr20	51039392	51050437	b78574c1-9ab5-4007-9fc4-01a41488012f	51007213	51050443	fwd	11045	3183	6701	0.019925	0.476961	0.026273	0.683087	-3	right	OV3_Cisp0
chr20	51742255	51750325	c9454c4a-44a2-482f-8569-eab36e243ad1	51742248	51750330	fwd	8070	2267	3960	0.024735	0.699647	0.024823	0.711584	-3	right	OV3_Cisp0
chr20	52131528	52145788	20060a2a-4a17-40c4-9459-86030f9b3d73	52131521	52145983	fwd	14260	3188	6541	0.023747	0.766491	0.001197	0.898863	-3	right	OV3_Cisp0
chr20	54708684	54729651	1a83c17b-1e35-44af-b38e-ab2553c4dd01	54708680	54729668	fwd	20967	4588	14634	0.019915	0.825036	0.00985	0.878442	-3	right	OV3_Cisp0
chr20	56672716	56691081	8d7912ab-cabe-49a0-8708-675a8436197c	56671943	56699015	fwd	18365	2865	12167	0	0.8739	0.022837	0.850434	0.026262	right	OV3_Cisp0
chr20	58314586	58328396	38225a6b-b957-4cfb-9ad9-aae1fe464be4	58303234	58328402	fwd	13810	6322	6038	0.027836	0.532038	0.087108	0.50672	-3	right	OV3_Cisp0
chr20	58566696	58581346	0ece3bf6-30b6-406f-b5c5-cc1617478022	58566691	58581351	rev	14650	5805	8550	0	0.615566	0.054481	0.681772	-3	right	OV3_Cisp0
chr20	58624526	58630919	ac672e4f-151d-4272-83b1-e40be769e6b3	58624520	58649428	fwd	6393	3734	2223	0.015819	0.624859	0.021782	0.752475	-1	right	OV3_Cisp0
chr20	63185139	63191094	17544ad3-8cac-45fc-bf78-7aeb83a2edd7	63179806	63191107	rev	5955	1227	2845	0.061983	0.665289	0.014107	0.768025	-3	right	OV3_Cisp0
chr21	7939817	7945067	d2e01e7a-4153-41cb-b696-213b5bd63568	7939810	7955850	fwd	5250	1965	2000	0	0.548732	0.00135	0.450742	-3	right	OV3_Cisp0
chr21	7947041	7957623	8aa91d35-d4b5-4a5e-8bbb-cf2528fdcf05	7945826	7959117	rev	10582	1232	6651	0.008696	0.434783	0.002389	0.930732	-3	right	OV3_Cisp0
chr21	10560514	10568657	8bbde8db-1fcd-41ca-915d-0f8563fad0c4	10533283	10568664	fwd	8143	2144	4491	0.032949	0.339374	0.00353	0.64872	-3	right	OV3_Cisp0
chr21	13002876	13015304	398c3828-ee37-4313-a329-e57228c87212	12992228	13015310	fwd	12428	8435	1600	0	0.445951	0.029478	0.646259	-3	right	OV3_Cisp0
chr21	15263917	15273433	e12452e8-342a-4c5f-9907-b5c2cd10607f	15261760	15273442	fwd	9516	4233	4959	0.000851	0.677447	0.042424	0.753535	-3	right	OV3_Cisp0
chr21	17440900	17447205	b2c575af-32b9-4aa1-8146-f8568457a627	17431894	17447210	rev	6305	1751	2310	0.042857	0.469388	0.050235	0.572998	-3	right	OV3_Cisp0
chr21	18717470	18733284	16e9b025-f7ea-450b-bdfb-2874450b124a	18717464	18736362	rev	15814	4889	7980	0.000672	0.709677	0.002846	0.905372	-3	right	OV3_Cisp0
chr21	20003408	20027875	fa15160d-ab9f-4528-ae3d-c81eb18f5741	19966062	20029160	rev	24467	10692	11214	0	0.660534	0.015902	0.732973	-3	right	OV3_Cisp0
chr21	22257432	22262372	ec020972-bb1c-4e78-974e-1cf0b574c403	22222937	22262386	fwd	4940	1778	2482	0	0.398198	0.034974	0.71114	-3	right	OV3_Cisp0
chr21	23249327	23258915	afab4d21-ea45-4c81-85c9-2ec2a026bc49	23225278	23262147	fwd	9588	1823	7487	0.023438	0.634766	0.003567	0.851984	-3	right	OV3_Cisp0
chr21	23487120	23496250	9ad1752a-835b-44ea-b71c-38c921197ff2	23484233	23496257	fwd	9130	5114	3366	0.012552	0.309623	0.014248	0.661621	-3	right	OV3_Cisp0
chr21	25021373	25035578	66b3598a-1902-4bdd-9ec8-284e28ee75de	24986163	25035583	fwd	14205	1769	10547	0	0.714286	0.012617	0.763498	-3	right	OV3_Cisp0
chr21	25373225	25376639	aa82b9ed-9c86-4d9a-96bf-af30be5c398a	25365742	25380513	fwd	3414	1325	1564	0.046243	0.395954	0.005714	0.551429	-3	right	OV3_Cisp0
chr21	25411467	25424155	0f1d6c24-e686-419d-aead-f1401a5504da	25409946	25424162	rev	12688	2588	9789	0	0.589109	0.006525	0.876998	-3	right	OV3_Cisp0
chr21	26294398	26307939	01d825a6-ca3d-4ae1-a423-4296d8358590	26285158	26319536	fwd	13541	2135	7604	0.011421	0.82868	0.024702	0.834142	0.00389	right	OV3_Cisp0
chr21	28816463	28822743	60584e6d-cf7b-4d48-b47a-3db9a9123e84	28805053	28822747	rev	6280	1948	1780	0.004702	0.496865	0.015385	0.613462	-3	right	OV3_Cisp0
chr21	29524958	29536276	dc54019b-1fc7-4926-b31d-8dd205203ebb	29524953	29536281	fwd	11318	1631	8265	0.105145	0.787472	0.030069	0.859291	-3	right	OV3_Cisp0
chr21	32155149	32162946	aca1770b-a01d-4f0e-8d6c-b9f4b7a4c70b	32150745	32162954	rev	7797	3212	4121	0.009554	0.481953	0.024259	0.738544	-3	right	OV3_Cisp0
chr21	34347864	34365402	71298c67-50d7-4d4d-96cf-16b41ef945d9	34347859	34372737	fwd	17538	4528	12725	0.00175	0.76378	0.024351	0.830357	-3	right	OV3_Cisp0
chr21	38528757	38535324	7a0d7191-8025-4981-8bb4-713ba16d0735	38522415	38535332	fwd	6567	1611	3454	0	0.291262	0.01848	0.699179	-3	right	OV3_Cisp0
chr21	41858240	41868272	61bdaf96-9288-4c96-89f4-4b875059f765	41858223	41868278	fwd	10032	4512	3700	0.016077	0.613076	0.066745	0.689696	-3	right	OV3_Cisp0
chr22	12536578	12549793	492c2a7a-62cc-4f9c-8ebc-d9c50477a610	12513713	12552153	fwd	13215	6304	4181	0	0.423208	0.020809	0.411561	-3	right	OV3_Cisp0
chr22	18128664	18135837	b16bdce6-42ca-4aec-953e-2c4b69689816	18091039	18135842	rev	7173	3718	1112	0.019778	0.271941	0.005935	0.578635	-3	right	OV3_Cisp0
chr22	20459947	20464658	317fa5f6-863e-48aa-b519-f8f89a3cc3bf	20453459	20464662	rev	4711	1832	2397	0.006048	0.4375	0.00626	0.586854	-3	right	OV3_Cisp0
chr22	24258211	24268058	b23de90f-1ccc-4375-bece-7d125f87c3f8	24250564	24268971	fwd	9847	3423	4471	0	0.603221	0.057369	0.627102	-3	right	OV3_Cisp0
chr22	27150412	27159104	04fa4f62-1031-44b5-a7ac-e34c1ba3ec7b	27150406	27159115	rev	8692	2696	2873	0.005722	0.525036	0.026786	0.769133	-3	right	OV3_Cisp0
chr22	28888962	28897900	70a8c8ec-d0da-41e7-bd09-967c96d0b210	28864153	28897905	rev	8938	1058	4276	0	0.387218	0.039333	0.510131	-3	right	OV3_Cisp0
chr22	29823422	29833198	8c250ea4-cfdc-430d-a617-1fbe7f36904e	29820631	29833203	fwd	9776	3928	4691	0.032715	0.405671	0.034483	0.727586	-3	right	OV3_Cisp0
chr22	30288473	30291929	ee855428-04f3-419d-8dbc-5c4f4183e250	30287185	30296328	fwd	3456	1001	1054	0	0.181818	0.064039	0.492611	-3	right	OV3_Cisp0
chr22	41954964	41964891	72e41d12-462c-4ca0-9feb-1a7931f2c610	41954959	41973375	fwd	9927	2872	6076	0	0.667131	0.003189	0.84949	-3	right	OV3_Cisp0
chr22	46196787	46211760	f467405e-36de-4ebb-8b4f-4da428feb51c	46181932	46219342	rev	14973	5168	9135	0.022273	0.430108	0.041766	0.688182	-3	right	OV3_Cisp0
chr3	5913321	5922173	9bda739b-2c9f-46f3-a7ef-31eb4f51695c	5855589	5922900	rev	8852	3426	2260	0	0.334165	0.002941	0.835294	-3	right	OV3_Cisp0
chr3	7062137	7080415	1adec403-2f6a-4f0d-8ea8-e70cfa261a36	7062124	7081494	fwd	18278	1369	14984	0.117808	0.632877	0.022166	0.859918	-3	right	OV3_Cisp0
chr3	11300976	11308444	652fb623-416c-4f16-9614-6106d495d3ac	11300928	11308452	rev	7468	1029	4770	0	0.425466	0.079929	0.709591	-3	right	OV3_Cisp0
chr3	12213789	12221278	4019fde4-5a51-43a7-9739-c68de2b8bec1	12209667	12222157	fwd	7489	4420	1408	0.004918	0.548361	0.011111	0.564815	-3	right	OV3_Cisp0
chr3	12922803	12929636	ad975a0e-10d1-4297-b065-a0e9dd4d31b1	12919598	12929647	rev	6833	2692	1861	0	0.347305	0.042079	0.586634	-3	right	OV3_Cisp0
chr3	13337092	13355337	1b72238e-351d-49be-9edd-19bd8039c5a8	13337078	13372190	fwd	18245	2101	14395	0	0.537757	0.029956	0.773477	0.183584	right	OV3_Cisp0
chr3	14589790	14598064	919ba217-d27e-4336-a9eb-98cda39ff036	14589229	14598389	fwd	8274	6339	1526	0.01883	0.728985	0.088398	0.569061	-3	right	OV3_Cisp0
chr3	27620685	27628443	3178939a-e968-49a6-9b13-4476bdfdba82	27573926	27628848	rev	7758	2419	4980	0.003604	0.632432	0.057504	0.611501	-3	right	OV3_Cisp0
chr3	31178072	31193118	a3656dd2-7b51-41ce-856c-f1c8d23d010d	31177258	31196677	fwd	15046	4053	8240	0.01582	0.534555	0.005014	0.8701	-3	right	OV3_Cisp0
chr3	37523299	37532699	3a8b071b-e897-40c8-b656-c14e5f6458cf	37523294	37534962	rev	9400	2958	6198	0	0.703008	0.021402	0.819188	-3	right	OV3_Cisp0
chr3	44383147	44398740	f06e8445-25a6-46a8-8435-7103d9503257	44360390	44398749	rev	15593	4381	10902	0.002351	0.502351	0.02202	0.762189	-3	right	OV3_Cisp0
chr3	47905492	47912100	20939b98-2687-4fd9-a979-bfa8f62eb37b	47904171	47912106	fwd	6608	1773	4545	0.065534	0.548544	0.013848	0.838921	-3	right	OV3_Cisp0
chr3	48871652	48880743	8c98006f-6e91-4f66-944b-b34d5c9e9f9f	48871012	48880753	rev	9091	1362	5113	0.016393	0.379781	0.030551	0.742176	-3	right	OV3_Cisp0
chr3	49369992	49376191	8e159ca2-cd4c-4fcb-b579-44c9158e7a34	49368474	49378595	rev	6199	1405	4534	0	0.488432	0.068736	0.81966	-3	right	OV3_Cisp0
chr3	50282770	50294957	c39b76a9-c053-40f5-86aa-19ed759025f5	50282454	50294964	rev	12187	6056	4333	0.01875	0.44875	0.016722	0.742475	-3	right	OV3_Cisp0
chr3	50793003	50801221	b9c8f2f1-88a0-4b52-838d-fc2d335bba5f	50784699	50801229	fwd	8218	3644	2996	0.055085	0.371469	0.000818	0.722586	-3	right	OV3_Cisp0
chr3	54233336	54243424	9afa5c6c-6387-4221-a300-0264cb4e7287	54223437	54255321	rev	10088	3760	3418	0.037964	0.537157	0.03118	0.756125	-1	right	OV3_Cisp0
chr3	55016668	55041818	e5aae1a1-21f7-400e-b4bc-293d140225f5	55012007	55044279	rev	25150	5284	17787	0.00899	0.643154	0.027456	0.813297	-3	right	OV3_Cisp0
chr3	55739832	55754165	388ad0dc-6bde-4ddc-a485-0d3909bea5b6	55735004	55754170	rev	14333	2680	9850	0.005767	0.809689	0.028145	0.826963	-3	right	OV3_Cisp0
chr3	56753919	56760115	6db3af81-6759-4967-8e3e-19f7700f78fc	56749699	56760122	rev	6196	2456	3196	0.036873	0.495575	0.040603	0.566125	-3	right	OV3_Cisp0
chr3	57217778	57227579	69f32f13-9ed0-46da-99c6-01e7c58ab34b	57214693	57230213	rev	9801	4617	4688	0.021739	0.543478	0.008423	0.677642	-3	right	OV3_Cisp0
chr3	58628507	58632614	90c4d2b1-298b-45b8-98d0-148fe61be301	58620838	58632623	fwd	4107	2357	1335	0	0.497496	0.014245	0.655271	-3	right	OV3_Cisp0
chr3	58917210	58934000	5a11b576-ce3a-4676-8d60-8c19d9535bc3	58898583	58934006	fwd	16790	4134	11177	0.021528	0.3875	0.010783	0.655883	-3	right	OV3_Cisp0
chr3	60466356	60478224	963b6309-04ec-469b-b3f4-bf047a785e07	60464509	60478231	rev	11868	5006	5258	0.002793	0.666667	0.008025	0.848148	-3	right	OV3_Cisp0
chr3	61821220	61836614	194e08ee-4c96-4ef9-8f62-22e922052588	61820017	61850158	rev	15394	4744	9089	0	0.638889	0.11012	0.617031	0.621697	right	OV3_Cisp0
chr3	64531622	64538283	a2afd501-4656-4a58-bdec-bc3f86547c19	64515704	64538293	fwd	6661	2505	1768	0	0.638199	0.040948	0.493534	-3	right	OV3_Cisp0
chr3	66953471	66964058	8f3107fb-9ed5-4e7a-a6fa-ea8500f59b37	66952341	66964062	rev	10587	2443	4077	0.005602	0.686275	0.043442	0.746032	-3	right	OV3_Cisp0
chr3	72177202	72183219	1bff5053-b862-420f-be8e-5f1334c42a21	72171770	72183233	fwd	6017	3029	1559	0.006693	0.369478	0.080605	0.551637	-3	right	OV3_Cisp0
chr3	75669173	75686685	54dea5d5-e802-421c-af1d-b0b27c32b9e4	75669070	75700101	fwd	17512	3578	12170	0.001838	0.378676	0.089934	0.617987	0.858462	right	OV3_Cisp0
chr3	75697489	75704802	24f68776-a1cf-404c-a9fc-47688b1edf6b	75679066	75706575	rev	7313	4931	1629	0.018297	0.425868	0.038813	0.56621	-3	right	OV3_Cisp0
chr3	76836567	76843515	4b6b36fc-696a-410d-bce8-dde9289e49c7	76828529	76843520	rev	6948	1456	3247	0	0.371622	0.003049	0.745935	-3	right	OV3_Cisp0
chr3	77269841	77278371	86d84d39-55ac-4d14-9d0b-4d4f6831e508	77238493	77278377	fwd	8530	5142	3019	0	0.528894	0.01003	0.609829	-3	right	OV3_Cisp0
chr3	77321024	77331305	e3342d33-1518-4d87-a24a-68eac1182051	77314140	77331309	rev	10281	3351	4768	0	0.622263	0.017668	0.826148	-3	right	OV3_Cisp0
chr3	79249349	79254839	f20b4878-8ee6-412b-be2d-2e47e37a9884	79233962	79254849	fwd	5490	1751	1474	0.02834	0.516194	0.004494	0.752809	-3	right	OV3_Cisp0
chr3	79779649	79787892	322322e0-6392-4128-926c-2e647b67ee1b	79773501	79787897	fwd	8243	5695	1935	0.000688	0.247593	0.011864	0.547458	-3	right	OV3_Cisp0
chr3	82180457	82187411	1888b6a9-d6a1-4916-99b9-59db3546563a	82171285	82187415	rev	6954	2040	3719	0	0.3902	0.001845	0.74262	-3	right	OV3_Cisp0
chr3	82373465	82382184	6062cc3f-99c8-4804-a884-7c41ca57dad0	82353156	82382194	rev	8719	1651	5124	0.031546	0.757098	0.00684	0.874829	-3	right	OV3_Cisp0
chr3	87149406	87152029	4897abd1-3e54-4c69-b37f-75a253999f3f	87145364	87158041	fwd	2623	1184	721	0.012539	0.253918	0.027523	0.463303	-1	right	OV3_Cisp0
chr3	88262891	88276307	7975fe38-6489-4c77-808f-832aded8fc2c	88257682	88276313	fwd	13416	4500	4450	0.00299	0.769058	0.00533	0.848767	-3	right	OV3_Cisp0
chr3	90236836	90261186	f06b5237-9332-4c21-9258-77419e506dbe	90235377	90265107	fwd	24350	7341	15330	0.002641	0.48336	0.02586	0.807437	-3	right	OV3_Cisp0
chr3	104598537	104610673	0ad25ad0-ec89-4fb0-a27c-821d8e07cf7f	104587550	104616737	fwd	12136	3624	8121	0.00805	0.543828	0	0.885937	-3	right	OV3_Cisp0
chr3	106104112	106111116	1e1d35de-a8ce-4366-ac5d-7802d9538451	106104097	106117798	fwd	7004	1450	4662	0.064516	0.864055	0.014058	0.905342	-1	right	OV3_Cisp0
chr3	106315550	106323422	7ba58c15-18e5-4551-abc0-6cf930706061	106311867	106323428	fwd	7872	2265	2830	0	0.40796	0.001563	0.870313	-3	right	OV3_Cisp0
chr3	106907717	106914220	53137ac3-8d62-49a4-a2b1-5b0eb1bdbb1b	106903245	106914227	fwd	6503	1609	4575	0.031847	0.519108	0.015742	0.835832	-3	right	OV3_Cisp0
chr3	108764063	108772909	f2749849-e864-43eb-945a-013ca9a2f582	108757064	108772932	rev	8846	3534	4118	0	0.732394	0.058981	0.623771	-3	right	OV3_Cisp0
chr3	111295241	111314681	5c420a2a-b767-4b12-adf2-1120948b4402	111295237	111330039	fwd	19440	4045	15122	0.004162	0.715815	0.027752	0.720849	0.068209	right	OV3_Cisp0
chr3	112263153	112269049	da5d1657-e9ec-4c25-80dc-55aa563d06e8	112252486	112269054	fwd	5896	4464	1101	0.006627	0.52651	0.002457	0.808354	-3	right	OV3_Cisp0
chr3	113571279	113587525	71ae6211-5950-4130-85b8-b8b052d57de3	113561204	113587530	fwd	16246	7521	4469	0.002532	0.578228	0.035659	0.800775	-3	right	OV3_Cisp0
chr3	115423865	115438713	a0370fe1-1a79-4a54-b3fb-aa1b97ee0672	115423859	115442217	rev	14848	1257	12035	0	0.914286	0.003732	0.921332	-3	right	OV3_Cisp0
chr3	115747401	115762957	c56ab660-500a-421a-a7f2-ed44e090d15d	115747397	115763893	fwd	15556	1087	12282	0.125954	0.698473	0.004309	0.851508	-3	right	OV3_Cisp0
chr3	117303832	117318643	b40738b3-5fa9-4bbe-9e54-16aff0c0de6a	117303828	117318649	fwd	14811	3600	8610	0.016393	0.70233	0.005339	0.866895	-3	right	OV3_Cisp0
chr3	117610865	117644629	f24a2afd-0879-46f9-b035-61300cca27d0	117610554	117645122	fwd	33764	7868	21226	0.009239	0.4989	0.001466	0.899105	-3	right	OV3_Cisp0
chr3	120149498	120160839	ff0254c9-cb7f-4001-8bc1-081eca5265b2	120143798	120160844	fwd	11341	4921	4639	0.002035	0.580733	0.022901	0.825276	-3	right	OV3_Cisp0
chr3	120818134	120830146	0446e0ad-9659-4b73-8bda-e1276b1896b9	120816544	120830151	fwd	12012	4322	5772	0.008682	0.696133	0.002311	0.882149	-3	right	OV3_Cisp0
chr3	122593442	122608164	f3e03a4e-814f-4997-94e4-0747115a1370	122593426	122621045	rev	14722	4645	7263	0.011078	0.768095	0.009684	0.900102	0.090287	right	OV3_Cisp0
chr3	124358041	124371890	f7a057c2-57c4-4291-9ec1-a205ff195d5b	124356083	124371895	fwd	13849	2596	9102	0.022284	0.544568	0.017256	0.764452	-3	right	OV3_Cisp0
chr3	125997685	126017134	7d7af287-83a9-4c3c-9a78-19c25dfcfe3d	125995531	126020260	fwd	19449	2014	15414	0	0.475325	0.019994	0.804627	-3	right	OV3_Cisp0
chr3	126099201	126115390	f2145d96-1796-467c-90d6-ad81e121ebe9	126091354	126115398	rev	16189	5330	8397	0.007519	0.284043	0.030752	0.734055	-3	right	OV3_Cisp0
chr3	126153053	126163873	7046acc3-ef12-4253-a746-de20c97735d9	126143712	126166889	rev	10820	4145	5219	0	0.55543	0.014061	0.685691	-3	right	OV3_Cisp0
chr3	126349789	126364046	f779c0a0-364a-4e7b-9089-ecdf79ce44a8	126348931	126374957	fwd	14257	4927	5651	0	0.427686	0.070451	0.481532	0.561191	right	OV3_Cisp0
chr3	126596624	126610547	1b598cee-9a25-4156-bda5-ccaa107627f9	126596620	126611591	fwd	13923	1823	10601	0.058282	0.615031	0.005191	0.896171	-3	right	OV3_Cisp0
chr3	132244732	132262692	6347638b-f220-4d9f-8981-82e87c0f64ba	132204708	132262700	fwd	17960	1082	15041	0	0.595331	0.010309	0.712346	-3	right	OV3_Cisp0
chr3	139107995	139115333	0080fe54-5158-4537-afce-10ee32397e10	139102457	139116451	rev	7338	2554	2727	0	0.553153	0	0.832604	-3	right	OV3_Cisp0
chr3	140636343	140647220	b1153ade-51e3-428b-accc-3b5de0f92004	140634559	140650364	rev	10877	3907	4338	0.014242	0.643947	0.011983	0.863834	-3	right	OV3_Cisp0
chr3	140938048	140952241	b0dfaaa3-a65f-4da8-b98f-c0135b8f0f73	140938042	140953244	fwd	14193	4280	7940	0	0.673156	0	0.904192	-3	right	OV3_Cisp0
chr3	142948635	142957548	ba2197b5-1f2f-48e5-8623-dc2bc0b6342b	142917766	142957552	rev	8913	4774	1574	0.001531	0.611792	0.030928	0.668041	-3	right	OV3_Cisp0
chr3	143849972	143862812	cd7c696f-ebce-45e5-a0d3-52aa57582d8c	143841084	143862819	rev	12840	3411	6691	0	0.380589	0.026478	0.578202	-3	right	OV3_Cisp0
chr3	147917420	147926154	b8959936-267f-41c5-bd30-c666c6883ac6	147916527	147932204	fwd	8734	4868	2021	0.019424	0.533094	0.094249	0.685304	-1	right	OV3_Cisp0
chr3	149452352	149468217	f348dd48-e689-4f86-80fc-4e810a3955e0	149440195	149468758	rev	15865	3911	9109	0.006829	0.651707	0.015491	0.794537	-3	right	OV3_Cisp0
chr3	152761622	152778218	2aa740d2-6baf-4a98-9a77-5454fca17e7b	152742453	152779930	rev	16596	5451	6412	0.004126	0.793192	0.032201	0.701405	-3	right	OV3_Cisp0
chr3	157274264	157279362	8c53acda-dd4f-4fb0-9a17-48a8d0028315	157267246	157279882	rev	5098	3681	1019	0	0.495686	0.006494	0.685065	-3	right	OV3_Cisp0
chr3	160528483	160544311	7f0aaeb8-9374-4957-91f5-5a0a33cd9b18	160525733	160562951	rev	15828	4268	10251	0.008302	0.527547	0.006722	0.895203	0.085932	right	OV3_Cisp0
chr3	161089995	161103924	054a773d-6157-4b25-a5c1-f144c26432f4	161089989	161106857	rev	13929	4729	8941	0.005732	0.859873	0.011783	0.928123	-3	right	OV3_Cisp0
chr3	161278876	161289307	2919354e-c8d9-454d-8672-7a41b17e0a17	161278466	161289314	rev	10431	2585	7561	0.032158	0.634855	0.0163	0.799919	-3	right	OV3_Cisp0
chr3	163143277	163152979	ba8a46a8-4487-4fd3-8e70-6c721c4ac0b2	163127936	163156374	fwd	9702	4853	1207	0.001615	0.617869	0.07635	0.521415	-3	right	OV3_Cisp0
chr3	163504498	163513985	49726732-0814-4dcf-b66f-f15302b95846	163483959	163513990	rev	9487	2845	3360	0	0.589718	0	0.693038	-3	right	OV3_Cisp0
chr3	166320844	166343454	40bbd6b7-16f2-4da6-adca-2b7396e78350	166320146	166395420	rev	22610	4557	13266	0.006452	0.573477	0	0.8514	0.101819	right	OV3_Cisp0
chr3	166380765	166386502	40bbd6b7-16f2-4da6-adca-2b7396e78350	166320146	166395420	rev	5737	2712	2532	0.040884	0.276243	0.059382	0.554632	0.633879	right	OV3_Cisp0
chr3	172355781	172383855	8ea447b0-8a10-4e48-8e6a-7e3bd536468d	172355769	172383863	rev	28074	4634	19889	0.042959	0.760541	0.003722	0.907704	-3	right	OV3_Cisp0
chr3	172605303	172613189	d34cb3c7-8282-4697-bc17-0ce0b0d3a0c5	172592641	172613194	fwd	7886	3513	1747	0.030675	0.368098	0	0.624424	-3	right	OV3_Cisp0
chr3	172690812	172698843	bd95de87-def6-495c-aae4-4d1723dc4ebd	172679291	172698970	fwd	8031	4926	1352	0.009852	0.412386	0.038462	0.576923	-3	right	OV3_Cisp0
chr3	173271492	173281609	35bf3e57-311b-449b-9500-140c96add55e	173266691	173281620	rev	10117	2168	6751	0	0.668561	0.002433	0.846107	-3	right	OV3_Cisp0
chr3	174354895	174366479	2ce14d2a-167f-43c4-807f-b3e4944dcbe6	174344865	174366484	rev	11584	2357	6618	0	0.808298	0.04113	0.772547	-3	right	OV3_Cisp0
chr3	174904312	174919121	0638e53c-61e2-47ab-aca5-ce4405431c00	174894506	174919460	rev	14809	2025	10510	0	0.840065	0.034074	0.723152	-3	right	OV3_Cisp0
chr3	177996074	178002163	6c67e3a5-5ca0-4d41-887a-9e1f416f5967	177996068	178006009	rev	6089	4892	527	0.018242	0.39801	0.070175	0.587719	-1	right	OV3_Cisp0
chr3	178976150	178988410	fb1a5942-0a81-4908-9cc1-f6797faffaa4	178974954	178989930	fwd	12260	4601	6362	0.011214	0.872032	0.025862	0.936303	-3	right	OV3_Cisp0
chr3	180349670	180377409	6eaaa71c-f48a-4665-a2ca-56baaf174b30	180341382	180379192	rev	27739	8053	16722	0.001225	0.582516	0.007291	0.809497	-3	right	OV3_Cisp0
chr3	185562495	185583776	7b50bdb7-2a6a-4fa5-b451-1ea52e779a64	185551594	185590730	fwd	21281	3276	13732	0.056133	0.497921	0.026375	0.714124	-3	right	OV3_Cisp0
chr3	187003999	187010747	d85910de-fd8a-4f60-a349-976f73360c00	186981916	187010756	fwd	6748	4019	1985	0.017807	0.516401	0.04908	0.564417	-3	right	OV3_Cisp0
chr3	190672402	190686249	7fea5d3b-fefb-4cfe-a42d-50604dd85876	190668712	190686313	rev	13847	6943	3446	0.006961	0.536427	0	0.881994	-3	right	OV3_Cisp0
chr3	190848514	190860656	c7e3a4b4-645e-419e-8e59-d263bb186e4b	190845012	190860746	fwd	12142	2670	7919	0.003851	0.810013	0.001595	0.849681	-3	right	OV3_Cisp0
chr3	194875957	194890776	ccd8af93-075b-4954-a264-3c2a3e986a9b	194875952	194898193	rev	14819	1692	12652	0	0.365854	0.023109	0.77461	-3	right	OV3_Cisp0
chr3	195844877	195852028	cf69607c-d04e-4204-8e97-739ec8474027	195835596	195852033	rev	7151	3726	1587	0.004969	0.823602	0.171053	0.681579	-3	right	OV3_Cisp0
chr4	4945922	4953508	1d963d59-a12d-4744-9943-0768599570df	4940503	4954832	rev	7586	5714	1454	0	0.333333	0.013055	0.655352	-3	right	OV3_Cisp0
chr4	10921268	10932656	a182768f-8484-458c-a3c9-f54ca604c444	10900751	10934938	rev	11388	1332	8735	0.022113	0.378378	0.030575	0.551977	-3	right	OV3_Cisp0
chr4	12314000	12324598	9bceb44f-723d-400f-9c2e-c03f6206a8f4	12312247	12328707	fwd	10598	5683	3888	0.00232	0.561485	0.003241	0.803079	-3	right	OV3_Cisp0
chr4	12926779	12935603	9a6221f0-52d9-4832-8ca7-b478d39506e3	12926090	12935621	rev	8824	1721	2826	0	0.697196	0.072189	0.668639	-3	right	OV3_Cisp0
chr4	14295966	14308288	ac45027f-f554-4809-8558-7b76d2251633	14288156	14311115	fwd	12322	4411	5464	0	0.770384	0.011796	0.881389	-3	right	OV3_Cisp0
chr4	14660153	14672132	88cc0505-b202-4bce-bd58-f758be05d8b1	14640469	14672138	fwd	11979	4546	4936	0.000555	0.478068	0.023546	0.59626	-3	right	OV3_Cisp0
chr4	18892309	18919174	d478cc99-74ee-49e4-b03e-c8d81ef40c12	18892302	18921316	rev	26865	8421	16100	0.00614	0.562548	0.024132	0.71951	-3	right	OV3_Cisp0
chr4	20338465	20347495	a5a78879-9c6b-42b9-93e1-641ac5e01eee	20332506	20347505	fwd	9030	3023	4940	0.00463	0.513889	0.003856	0.72365	-3	right	OV3_Cisp0
chr4	21019199	21036770	089f8f23-ea48-42d2-a6bb-f9162b9826ae	21008782	21036998	rev	17571	7804	5165	0.011383	0.834317	0.076197	0.658125	-3	right	OV3_Cisp0
chr4	28912581	28920698	e9a0ce85-c347-4ab3-90b2-e84d688d62aa	28912576	28921513	rev	8117	1881	4995	0.041602	0.594761	0.106246	0.673367	-3	right	OV3_Cisp0
chr4	36929744	36936191	f3bfe680-0d3a-4319-98e9-57f9e381d0db	36924310	36936199	fwd	6447	1324	4512	0	0.399497	0.003043	0.539554	-3	right	OV3_Cisp0
chr4	38833711	38845209	71d93b3e-7b27-4102-812a-e1af250d532c	38828214	38846839	fwd	11498	2954	7465	0.030596	0.644122	0.058791	0.704382	-3	right	OV3_Cisp0
chr4	49131220	49145237	61f7b1f1-7e93-4f56-bb3d-3c8c452c31da	49100735	49156637	rev	14017	10265	2004	0	0.137931	0	0.549645	0.619617	right	OV3_Cisp0
chr4	49118978	49121936	d24b7e15-b2d3-494c-b39c-c13f689488f4	49111601	49143536	rev	2958	1169	1789	0.144928	0.442029	0.126214	0.446602	-1	right	OV3_Cisp0
chr4	49126760	49132276	d24b7e15-b2d3-494c-b39c-c13f689488f4	49111601	49143536	rev	5516	542	2539	0.025	0.2125	0	0.541096	-3	right	OV3_Cisp0
chr4	49127187	49130176	d9a89cba-8326-4220-beb7-1428d27be158	49117434	49152864	fwd	2989	505	937	0.065089	0.289941	0.027523	0.737003	-1	right	OV3_Cisp0
chr4	49205056	49217319	5ada2ac9-31e2-4304-a50e-4445bb0a43fc	49205051	49217639	fwd	12263	2176	9098	0.001799	0.733813	0.028102	0.779507	-3	right	OV3_Cisp0
chr4	49636899	49642388	e0f2f26d-8a20-48c1-8043-b16f3a7728b6	49634725	49642393	fwd	5489	3041	2244	0.1	0.8	0.052356	0.667539	-3	right	OV3_Cisp0
chr4	49647942	49651312	9590c999-c4db-4001-8a4b-bdb1caaa02e4	49643912	49658098	fwd	3370	1077	562	0.021053	0.394737	0.063158	0.631579	-1	right	OV3_Cisp0
chr4	57339349	57352368	25509818-7096-430d-8bb8-568d500c23ef	57338515	57372305	fwd	13019	5045	7694	0.000603	0.524729	0.000379	0.892884	0.055912	right	OV3_Cisp0
chr4	62255608	62264956	df55aa91-5684-4698-9576-ddbe382c0fa8	62251198	62264972	fwd	9348	4027	4911	0.023967	0.833884	0	0.884533	-3	right	OV3_Cisp0
chr4	69044291	69052466	6e2e7ffb-2aeb-45cb-85bb-a1efdaff625a	69041104	69052471	rev	8175	4527	1212	0.005121	0.858083	0.056667	0.813333	-3	right	OV3_Cisp0
chr4	69878472	69902307	e5ade9d7-02dc-4fc4-a66d-bcdcfc5d21f9	69865475	69902855	fwd	23835	2115	20302	0.030129	0.835007	0.009798	0.88543	-3	right	OV3_Cisp0
chr4	72192183	72197144	a075526a-2923-4853-a5ae-a2fec59343e4	72189221	72197149	rev	4961	2719	1832	0	0.419126	0.009029	0.711061	-3	right	OV3_Cisp0
chr4	72909357	72922956	f4bb2745-d2c9-4b8b-866f-89a11d27536e	72902567	72922961	rev	13599	4540	7245	0.007728	0.818393	0.017188	0.864583	-3	right	OV3_Cisp0
chr4	78712648	78726207	dab8c191-e2b1-4042-b30f-7f920db0e04f	78712641	78727243	fwd	13559	5378	7942	0.017608	0.404989	0.011601	0.84594	-3	right	OV3_Cisp0
chr4	78786819	78802527	a22bb4ed-7d77-4c75-bd66-c5211fa6a5a3	78775347	78803093	rev	15708	5495	7290	0	0.659348	0.026403	0.811881	-3	right	OV3_Cisp0
chr4	80585992	80592654	a53edadc-1780-4cf2-bb89-00656e73a30e	80573933	80592660	rev	6662	2409	2702	0.007042	0.590141	0.038232	0.628435	-3	right	OV3_Cisp0
chr4	86365836	86375341	dd94b71c-4eca-40c5-9c84-a54f74ded1ec	86362162	86375352	fwd	9505	3450	4707	0	0.391051	0.012597	0.82655	-3	right	OV3_Cisp0
chr4	88957322	88975417	e40a5ee4-380f-444b-8bd2-bf36b4d0cf0d	88957031	88976759	fwd	18095	4367	10892	0.002545	0.831213	0.0116	0.875458	-3	right	OV3_Cisp0
chr4	96542635	96554019	95c270bb-0d50-4520-90ac-918e260685e4	96540229	96554023	rev	11384	3434	7647	0.002103	0.470032	0.00129	0.894624	-3	right	OV3_Cisp0
chr4	96804846	96823507	563943d8-41ac-408b-87a8-a967cbfd35b4	96802651	96824095	rev	18661	2268	12769	0	0.833555	0.017445	0.865316	-3	right	OV3_Cisp0
chr4	97576728	97598401	b23953d3-8bac-427a-8aee-f94e0adfae40	97575418	97617182	rev	21673	4574	16220	0.015723	0.642138	0.00732	0.881384	0.177445	right	OV3_Cisp0
chr4	102324306	102335840	6f03aef2-54fa-4acc-a121-b21aec14a203	102324301	102335847	rev	11534	3448	6338	0.088889	0.765657	0.001755	0.890742	-3	right	OV3_Cisp0
chr4	106541873	106563831	2483b9ea-9535-4487-b905-b97745f9f65f	106541865	106564754	fwd	21958	3919	16451	0.008964	0.855578	0.020561	0.869533	-3	right	OV3_Cisp0
chr4	109669771	109674993	10925959-b4d4-488d-9850-8b8616e4c820	109656780	109687527	rev	5222	1438	3039	0	0.355491	0.015504	0.595792	0.923308	right	OV3_Cisp0
chr4	110140055	110162652	6943e345-dbc8-4d15-bf65-7443f129bcff	110137508	110162656	rev	22597	6895	11936	0.00435	0.915901	0.053209	0.880965	-3	right	OV3_Cisp0
chr4	112478788	112485783	06de921e-09af-48be-8daf-d6eadc5a255a	112476406	112485801	fwd	6995	2638	1723	0.045989	0.544385	0.013825	0.762673	-3	right	OV3_Cisp0
chr4	114393173	114403844	d1f63565-fe5a-4d82-9646-259b772549d0	114388075	114405235	rev	10671	2222	5995	0.003026	0.928896	0.033523	0.893182	-3	right	OV3_Cisp0
chr4	121899711	121912256	5e4bb776-aff9-49db-b2ed-5467bc992141	121889963	121912261	fwd	12545	3351	7930	0.010091	0.798184	0.004556	0.904784	-3	right	OV3_Cisp0
chr4	123414524	123428040	587ab17e-ac0d-49cd-81c6-3dd806433e86	123406959	123428044	rev	13516	6942	5759	0.002083	0.526563	0.026387	0.772666	-3	right	OV3_Cisp0
chr4	140034550	140040320	f1c7f227-6602-4656-8061-f293c85257e6	140034546	140040332	fwd	5770	2060	2359	0	0.441006	0.025878	0.715342	-3	right	OV3_Cisp0
chr4	140214080	140228901	207a6d2a-5865-4205-973a-a95bb8c62fcd	140214072	140228917	fwd	14821	4097	7087	0.007993	0.880107	0.008221	0.925048	-3	right	OV3_Cisp0
chr4	141098004	141106857	77a2d4e5-0630-4705-9257-822b5d664560	141068693	141106864	fwd	8853	2937	3034	0	0.566545	0.00907	0.606576	-3	right	OV3_Cisp0
chr4	145392359	145400352	bc75ef09-d540-42b6-babf-770b3dcda150	145384305	145400358	fwd	7993	2285	2211	0.015464	0.335052	0.016847	0.607702	-3	right	OV3_Cisp0
chr4	146460669	146473948	c1bbc869-449e-40fb-a0c4-4f10f67e0039	146457636	146473954	fwd	13279	3536	7089	0	0.420901	0.001435	0.869856	-3	right	OV3_Cisp0
chr4	146473962	146484515	29972594-79a4-4796-8e0c-3c48edadf4a4	146463368	146484520	rev	10553	3855	4170	0.030257	0.593797	0.042712	0.809492	-3	right	OV3_Cisp0
chr4	148047866	148059922	2a381b20-61aa-42d3-b9bf-0f091b5f0b0c	148046792	148059928	rev	12056	5140	6490	0.009283	0.787342	0.082399	0.739618	-3	right	OV3_Cisp0
chr4	154834933	154850007	2c8aad6d-e6dc-4335-a25b-57b1e60f612f	154831798	154850254	rev	15074	3917	9466	0.00354	0.70885	0.019887	0.844548	-3	right	OV3_Cisp0
chr4	156750549	156764047	2265e983-9ab3-4c36-b224-fcee0d6015f7	156750541	156764051	rev	13498	2013	7517	0.043546	0.852255	0.018057	0.903267	-3	right	OV3_Cisp0
chr4	158482905	158507869	4d0d7249-0688-4aac-8bc3-95e8c2bad55b	158471614	158514094	rev	24964	4105	17635	0	0.487342	0.011592	0.817647	0.093166	right	OV3_Cisp0
chr4	159563600	159572015	9ae6ccda-6259-45a9-b769-708d5178304d	159555922	159572671	fwd	8415	1898	3972	0	0.431373	0.00443	0.801266	-3	right	OV3_Cisp0
chr4	159732529	159744156	16b6d400-ab7e-4192-bcc8-b3f931fc8080	159730858	159744170	fwd	11627	5614	3225	0.052027	0.846945	0.094256	0.782769	-3	right	OV3_Cisp0
chr4	160368393	160375961	8a980ab5-ffba-4025-ab62-b224e446d688	160362369	160375973	rev	7568	3141	3401	0.003777	0.730878	0.018943	0.7667	-3	right	OV3_Cisp0
chr4	166187850	166195437	2c859f38-8d43-481f-b5bd-890381bb1eb8	166187833	166198396	fwd	7587	1419	5797	0	0.533163	0.021216	0.756881	-3	right	OV3_Cisp0
chr4	166413775	166419121	e1351efa-5d98-4fae-9352-6004e4fbf490	166396128	166419431	rev	5346	1331	1010	0	0.663185	0.09319	0.523297	-3	right	OV3_Cisp0
chr4	170087167	170095884	22a3caa7-f6d1-4154-9852-b35641bf9749	170070157	170095891	fwd	8717	4264	3491	0	0.393939	0.020021	0.674394	-3	right	OV3_Cisp0
chr4	176659483	176672464	a25c5e56-ae18-40a1-891d-67c939d73627	176646495	176672473	fwd	12981	3041	9594	0.027382	0.683461	0.05583	0.728826	-3	right	OV3_Cisp0
chr4	177282389	177305492	fc77108e-3cb8-4acc-90a8-1ccc5a498096	177282384	177307408	fwd	23103	1471	20473	0.071429	0.666667	0.030394	0.675801	-3	right	OV3_Cisp0
chr4	177890494	177897242	52520da9-4a47-4d65-b177-603026d28e7b	177863179	177898018	rev	6748	3251	2484	0.017347	0.553061	0.011688	0.649351	-3	right	OV3_Cisp0
chr4	178237573	178243811	a535e148-8394-4870-b00c-6f30cb5636c6	178234067	178243815	rev	6238	1886	3999	0.018237	0.735562	0.032468	0.815399	-3	right	OV3_Cisp0
chr4	181840702	181849112	9c46cc78-ebc1-4875-bd64-9ea9b8f50ac9	181835086	181849400	fwd	8410	2123	4650	0.003906	0.390625	0.025187	0.623553	-3	right	OV3_Cisp0
chr4	182035364	182043323	72085a94-ed4f-4c2c-9353-24a059265b41	182029618	182044092	fwd	7959	3709	3949	0.006323	0.609756	0.004836	0.727273	-3	right	OV3_Cisp0
chr4	185124759	185137934	f5287d78-6b40-4073-87af-1d088f58a22b	185123557	185137942	fwd	13175	2788	7930	0	0.824128	0.019393	0.855296	-3	right	OV3_Cisp0
chr4	187229156	187242906	ef1ef889-3062-4258-a3fd-67a5baadd8ee	187227081	187265364	rev	13750	3297	6612	0.001826	0.43105	0	0.896216	0.211176	right	OV3_Cisp0
chr4	187426363	187450445	74372f43-c630-4713-9e51-0d6d7c9c21d8	187421087	187452645	fwd	24082	3691	17152	0.002092	0.793933	0.023941	0.68797	-3	right	OV3_Cisp0
chr4	187498409	187512704	09017d81-af66-4b9d-a2d6-c8ef03c4dd14	187492346	187516230	fwd	14295	4342	8237	0	0.741338	0.008326	0.861963	-3	right	OV3_Cisp0
chr5	2268468	2281010	8332b278-194a-4c76-82f8-fe62195e21cf	2265415	2281026	rev	12542	3734	5830	0.003382	0.365276	0.040702	0.653631	-3	right	OV3_Cisp0
chr5	2798392	2813563	7daec24e-d862-4120-b2dc-b1de51515dc2	2798381	2813843	fwd	15171	1579	12516	0.021142	0.591966	0.05123	0.735948	-3	right	OV3_Cisp0
chr5	12139711	12151386	080f8d57-0fef-4732-bf04-166ce1be15d4	12138908	12151394	rev	11675	2405	7884	0.018705	0.58705	0.006301	0.876688	-3	right	OV3_Cisp0
chr5	14773666	14789877	23f31ed0-e180-4948-a782-db45dd55b33c	14773660	14789884	rev	16211	1299	10118	0	0.729805	0.006791	0.89236	-3	right	OV3_Cisp0
chr5	15521085	15537681	b57b457a-b8dd-4437-b270-1f6d38913744	15521079	15537686	rev	16596	2493	10982	0.087407	0.69037	0.022536	0.862765	-3	right	OV3_Cisp0
chr5	17818676	17826925	11e921e8-8450-4438-9b4f-57f2c8b059d1	17818666	17826929	rev	8249	1783	3794	0	0.614458	0.026444	0.821851	-3	right	OV3_Cisp0
chr5	20955560	20974958	67773047-8b0a-4e4c-b983-d83430231ba8	20945673	20977035	rev	19398	2756	14957	0.018519	0.579365	0.01448	0.751615	-3	right	OV3_Cisp0
chr5	21370887	21382883	21f2f262-e2d3-4e02-89be-f596decaa4ff	21370881	21382920	rev	11996	2093	9595	0.0224	0.7088	0.010389	0.918901	-3	right	OV3_Cisp0
chr5	22490535	22501022	1d4869aa-b8fe-412a-aa05-27ee628d61c1	22464002	22515028	fwd	10487	7371	1329	0.014325	0.654344	0.081019	0.638889	-1	right	OV3_Cisp0
chr5	27655387	27673012	a8dc16df-dc1b-4bb7-82ef-fde682f311f4	27643938	27674310	fwd	17625	3796	12520	0.048265	0.542232	0.019217	0.757867	-3	right	OV3_Cisp0
chr5	32409260	32420372	d79417d7-8791-4f5d-8812-4d8c927cb9ea	32409252	32420984	fwd	11112	5009	4712	0.020785	0.454965	0.00712	0.904272	-3	right	OV3_Cisp0
chr5	34746759	34760879	3b45b5af-278d-4edb-b317-91ae148cf5c5	34728625	34763065	fwd	14120	4927	4481	0.007488	0.37917	0.004062	0.773355	-3	right	OV3_Cisp0
chr5	37053467	37073748	67c5371f-1b63-4b9f-9a90-4d574c2974ca	37046744	37076578	rev	20281	8289	9924	0.007084	0.875246	0.005042	0.877983	-3	right	OV3_Cisp0
chr5	37156660	37168882	a482c8e7-3c4a-4877-8ad8-11adae0deb34	37156655	37168888	fwd	12222	3376	8440	0.084592	0.705942	0.06453	0.7752	-3	right	OV3_Cisp0
chr5	37435409	37451348	c940f454-56d0-41b9-b608-c4e22ed64fd4	37435261	37459043	fwd	15939	5008	8387	0.010012	0.539458	0.004082	0.844898	0.165705	right	OV3_Cisp0
chr5	38765686	38772319	495c9f09-ea98-4a77-873c-69eb4b1d4d45	38761544	38772340	fwd	6633	2111	4143	0	0.540816	0.01779	0.770599	-3	right	OV3_Cisp0
chr5	39350430	39358639	d3005f96-4e62-4017-8218-269e09d0b1f4	39346928	39358950	fwd	8209	4710	2549	0.049498	0.468436	0.055637	0.562225	-3	right	OV3_Cisp0
chr5	41590189	41601481	8be13bc4-a628-41ff-bd2e-abab731a0d4c	41571004	41619378	rev	11292	3600	7253	0	0.628277	0.077343	0.613283	0.644044	right	OV3_Cisp0
chr5	41864221	41879364	d00227ee-9757-4ca6-badf-a23a1788b7b9	41861451	41879381	rev	15143	3065	9479	0.002101	0.847689	0.005551	0.908216	-3	right	OV3_Cisp0
chr5	43177769	43185952	472184db-6a52-4c81-bf8e-89e35784bbc5	43174582	43185960	rev	8183	4039	2505	0.005367	0.860465	0.065598	0.635569	-3	right	OV3_Cisp0
chr5	43589214	43597637	ed9cc195-49cb-4db4-945d-695fdc68a40b	43589062	43597643	fwd	8423	6001	1965	0	0.324242	0	0.882779	-3	right	OV3_Cisp0
chr5	45689942	45703734	91b4a13b-c3f5-40a8-a0d2-9684f31f42b4	45686902	45703738	rev	13792	1776	10696	0.004785	0.819777	0.053373	0.788802	-3	right	OV3_Cisp0
chr5	51254808	51261609	72714618-55e1-4976-ba94-fef5dc6a5569	51251594	51261615	fwd	6801	2497	1307	0	0.867365	0.054762	0.788095	-3	right	OV3_Cisp0
chr5	53036737	53052423	a35465e5-0895-4a95-88af-c0ceb7a3dea3	53031890	53052427	rev	15686	3341	10745	0.021505	0.72043	0.024227	0.862289	-3	right	OV3_Cisp0
chr5	53382124	53389869	974b8b05-cf9e-44d7-9eee-3ce77aee5c02	53369638	53389874	rev	7745	3693	2095	0.00682	0.357204	0.051462	0.671345	-3	right	OV3_Cisp0
chr5	54730062	54743695	67074bb6-d335-45a2-a800-7fe7bfa0b09f	54730056	54745592	rev	13633	3139	10285	0	0.857798	0.089563	0.733117	-3	right	OV3_Cisp0
chr5	54706781	54722813	5b479c60-6bd3-4c73-8f0a-dce81378fea0	54693072	54749167	fwd	16032	3828	11957	8e-04	0.428	0.016747	0.723671	0.256934	right	OV3_Cisp0
chr5	61707359	61719390	ed871921-2dca-4de6-afb7-3608fa5bba12	61690737	61719411	fwd	12031	1844	6799	0.060362	0.458753	0	0.816667	-3	right	OV3_Cisp0
chr5	80662828	80673070	a63fa8d8-3031-4623-9ba2-af694fba1ca5	80651785	80674211	rev	10242	3356	3391	0.004193	0.463312	0.005274	0.809072	-3	right	OV3_Cisp0
chr5	82378355	82393532	5e55dd60-8fcd-421a-b249-d9c326c2b68c	82378350	82397537	fwd	15177	1694	11633	0.046729	0.523364	0.000598	0.863419	-3	right	OV3_Cisp0
chr5	86022101	86034284	1e5ce467-0fb6-43fb-b158-fc68a5e3d461	86013107	86035208	rev	12183	3565	6219	0.003165	0.816456	0.014902	0.814263	-3	right	OV3_Cisp0
chr5	88845326	88852355	152b6ed2-1454-41f7-a869-cc09ddcfa2c3	88840806	88852360	fwd	7029	4547	2189	0.001417	0.840539	0.00607	0.85736	-3	right	OV3_Cisp0
chr5	89508832	89519670	a5fb4ea6-c362-4ae6-99c1-bf5ae6e85f5f	89502581	89520615	rev	10838	5621	1896	0	0.774289	0	0.955036	-3	right	OV3_Cisp0
chr5	90611370	90620620	97ea3633-ef2c-4e91-a055-c4a45a56f3dc	90590297	90655714	fwd	9250	3614	5208	0.022394	0.475452	0.009076	0.830219	0.239361	right	OV3_Cisp0
chr5	91400253	91407929	42199ab1-0fc3-4235-beb8-f8c30887bb42	91400193	91408327	rev	7676	1220	6112	0.169173	0.654135	0.083853	0.825496	-3	right	OV3_Cisp0
chr5	95749038	95759106	50463081-ed90-4bf5-abd5-04be4cc5c5b6	95749033	95759116	fwd	10068	2122	5873	0.066556	0.670549	0.062634	0.802998	-3	right	OV3_Cisp0
chr5	100108936	100117376	17d8de59-4783-4a11-a6ee-6a53a67ff085	100090527	100117383	fwd	8440	4080	2984	0.001681	0.718487	0.023058	0.675971	-3	right	OV3_Cisp0
chr5	100161736	100173988	19b911ba-ef3b-4466-a90b-ccab419febd8	100154487	100173992	rev	12252	7261	4187	0.011011	0.374388	0.108057	0.505309	-3	right	OV3_Cisp0
chr5	104219859	104227465	e303e8e1-bf45-448f-95f2-df59faf73a9b	104201733	104227531	fwd	7606	3133	4151	0	0.797798	0.049339	0.669604	-3	right	OV3_Cisp0
chr5	109731910	109744393	7e913d1a-998d-4640-97b2-a11e0ed4aef7	109726631	109744398	rev	12483	4934	6110	0	0.780579	0.032126	0.835954	-3	right	OV3_Cisp0
chr5	111557793	111581359	d0b508c6-1b05-4d21-9c16-03baafd80ce1	111557786	111586340	fwd	23566	4005	15004	0.014112	0.833226	0.007748	0.920068	-3	right	OV3_Cisp0
chr5	117465265	117482495	073c8bd5-b1d8-4d56-aa64-a00a16b06dcc	117450498	117482661	fwd	17230	4631	11080	0.005889	0.774441	0.050827	0.70406	-3	right	OV3_Cisp0
chr5	117769357	117782149	da0c7b57-27e2-4ba6-8321-918265fc503a	117764757	117785233	rev	12792	1604	10385	0.02544	0.630137	0.040925	0.808126	-3	right	OV3_Cisp0
chr5	121332925	121352468	22c67831-fd7d-4085-bf25-76c17742acde	121317288	121358058	fwd	19543	2903	14567	0	0.573548	0.00964	0.670523	-3	right	OV3_Cisp0
chr5	129307858	129320456	b7a2efbe-2356-4ae6-b56c-4f9f47087582	129301631	129325542	rev	12598	2515	7486	0	0.741329	0.011815	0.749055	-3	right	OV3_Cisp0
chr5	132732674	132743553	e9061652-77db-4943-8693-6ca51a29d857	132731013	132753873	fwd	10879	2718	7899	0	0.559392	0.004182	0.850272	0.665386	right	OV3_Cisp0
chr5	136750237	136765421	17612288-6ed6-4897-bebf-450082c8c96f	136743984	136766562	rev	15184	2532	10867	0.015025	0.819699	0.033168	0.810591	-3	right	OV3_Cisp0
chr5	143183136	143197965	e8fb3b4d-c5c2-473a-8a70-3f26e513f3db	143183129	143207408	rev	14829	3882	8768	0.00996	0.826693	0.013323	0.898903	0.181724	right	OV3_Cisp0
chr5	149792172	149801995	07045eeb-4dd7-4c8c-827a-73ef048f0f07	149766581	149802013	fwd	9823	4686	4726	0.003463	0.505628	0.023333	0.721667	-3	right	OV3_Cisp0
chr5	152179178	152190727	9d93e611-7519-490d-9fe7-fe6c19196420	152179169	152190732	rev	11549	3261	5754	0.052144	0.837775	0.016677	0.881976	-3	right	OV3_Cisp0
chr5	159390532	159404454	c0ca3d67-2608-4473-8632-20471fdaaa89	159384109	159404459	fwd	13922	4500	8218	0.045865	0.607519	0.044525	0.659246	-3	right	OV3_Cisp0
chr5	164638355	164648546	72353df8-a869-401f-906d-180b28ed62e7	164628007	164648573	rev	10191	4609	3855	0.009696	0.387201	0.044953	0.628499	-3	right	OV3_Cisp0
chr5	164838367	164846510	ce45973d-dc34-4c3f-9fae-3cb2fea2ddfd	164838362	164848557	fwd	8143	3296	1510	0.042105	0.764912	0.008347	0.903172	-3	right	OV3_Cisp0
chr5	170643739	170654001	929d80df-91e3-4490-a455-eb64b744e971	170636045	170656760	rev	10262	4136	4572	0	0.770099	0.006275	0.880784	-3	right	OV3_Cisp0
chr5	174056120	174060523	5abaed00-4861-4db6-a611-95abacd2582d	174050969	174068214	fwd	4403	1242	1098	0	0.375	0	0.478261	0.262336	right	OV3_Cisp0
chr5	175604598	175614541	b580c573-6fdb-4686-b797-80115218243b	175599784	175614547	fwd	9943	3535	4183	0.004499	0.706412	0.003697	0.896488	-3	right	OV3_Cisp0
chr5	178337169	178353593	1c1f8316-191f-4388-b0da-55b147ce13d7	178336083	178365399	fwd	16424	4550	11541	0.029472	0.661585	0.023973	0.822298	0.204567	right	OV3_Cisp0
chr5	178380560	178388752	3036fbd3-7455-4d96-8538-53d9eea84b0a	178380553	178390341	rev	8192	3470	1224	0.005731	0.588825	0	0.940959	-3	right	OV3_Cisp0
chr5	178469704	178483422	1490243d-97c6-4668-a144-7a93fa415573	178469696	178483949	fwd	13718	2321	9670	0.086106	0.671233	0.064799	0.78021	-3	right	OV3_Cisp0
chr6	8160962	8167690	d3b52ead-16fc-42bc-b8a0-122d6d061b92	8160958	8167696	fwd	6728	1881	4437	0.007273	0.887273	0.037719	0.883333	-3	right	OV3_Cisp0
chr6	8630650	8659165	515b24dd-bd5c-4040-9e5d-be82cf851a09	8630645	8677185	rev	28515	6378	19054	0.028944	0.381385	0.027544	0.667791	0.658646	right	OV3_Cisp0
chr6	14502924	14521385	7e5f560f-fff2-4adc-b166-4bd67db4ce3c	14488703	14522712	rev	18461	3111	11805	0	0.745721	0.003795	0.832701	-3	right	OV3_Cisp0
chr6	18529473	18538118	9acecfb4-7b1b-482f-8acc-c72e8b6ec8d0	18523958	18538124	rev	8645	5456	1445	0	0.287114	0.070175	0.566416	-3	right	OV3_Cisp0
chr6	20708595	20717533	9f81dba9-e52e-435f-8a05-75170029df7c	20708590	20717545	rev	8938	1681	5712	0.008753	0.870897	0.008881	0.931912	-3	right	OV3_Cisp0
chr6	22970990	22978310	fdbaac07-e8e2-400d-855d-078220da3e89	22964007	22978316	fwd	7320	5406	1301	0.010989	0.785027	0.046358	0.543046	-3	right	OV3_Cisp0
chr6	25039195	25052974	74685b69-930f-4657-8ce7-362924f658af	25032236	25053581	fwd	13779	2572	6380	0.005472	0.77565	0.009554	0.825478	-3	right	OV3_Cisp0
chr6	26847340	26852041	988c9cc7-2d89-4e92-bff3-cf68569ec454	26847334	26865907	rev	4701	2032	2167	0	0.373178	0.040868	0.625798	-1	right	OV3_Cisp0
chr6	34803997	34815500	dbd7513e-c575-426d-8ba7-2c79b856ac1f	34793566	34815508	fwd	11503	3931	7065	0	0.741459	0.0045	0.798	-3	right	OV3_Cisp0
chr6	36401322	36410391	651b7f6e-b978-4a78-99c3-cad605227668	36401316	36410396	rev	9069	1531	3798	0.006036	0.549296	0.008257	0.873394	-3	right	OV3_Cisp0
chr6	36680375	36692970	54490c18-29f0-4c73-acbd-fb70ccfbf8dc	36680365	36698014	fwd	12595	4073	6843	0.08577	0.586745	0.019674	0.885329	-3	right	OV3_Cisp0
chr6	48112455	48119804	2f64dfc3-7d5f-4982-a5c2-0af0b4f37975	48094352	48119809	fwd	7349	3487	3409	0	0.412963	0.005792	0.699807	-3	right	OV3_Cisp0
chr6	49608569	49616456	c754cc74-9008-450e-b6da-6e2995fd179a	49586844	49616462	fwd	7887	1538	3786	0	0.279503	0.013575	0.529412	-3	right	OV3_Cisp0
chr6	55351940	55361340	b93b125d-5fbe-4f96-865d-7bd7dd119c6b	55351936	55361347	fwd	9400	4348	3700	0.01831	0.835915	0.063847	0.759536	-3	right	OV3_Cisp0
chr6	57555174	57566515	ede527c2-7498-4852-b802-07433388320e	57546818	57566523	fwd	11341	3731	5201	0.01973	0.573209	0.015303	0.802825	-3	right	OV3_Cisp0
chr6	74689689	74695411	73b3162e-5b4a-48a4-ad3d-ee669821c451	74686911	74698789	rev	5722	2337	3012	0.032012	0.530488	0.014418	0.805355	-3	right	OV3_Cisp0
chr6	75084162	75095068	bae2ab91-6f5c-4023-8b6b-a7861b9902b1	75076955	75095073	fwd	10906	4072	5166	0.006312	0.713255	0.000668	0.888444	-3	right	OV3_Cisp0
chr6	83623856	83628846	2bb59ee2-07c0-4778-9f95-68b263c0f50f	83619408	83628859	fwd	4990	2195	1920	0	0.8019	0.038208	0.722003	-3	right	OV3_Cisp0
chr6	84481053	84493854	8486dcc5-e1cc-435f-949c-da268f28e9c4	84480281	84493858	rev	12801	1474	8132	0.028081	0.383775	0.009713	0.852758	-3	right	OV3_Cisp0
chr6	85404143	85425115	259277d1-b418-4a2a-a28a-032941bcff74	85404135	85426520	rev	20972	3891	14148	0.012948	0.714143	0.009737	0.863681	-3	right	OV3_Cisp0
chr6	85529224	85551544	294b79cd-fd3d-4f9a-a124-0d56b6b8524a	85528684	85552472	fwd	22320	7678	12109	0.012013	0.781355	0.014252	0.893252	-3	right	OV3_Cisp0
chr6	90075098	90094438	73fa1f20-21f8-4e51-a61b-1fe590f54a20	90065738	90101961	fwd	19340	3501	14705	0.03556	0.493534	0.028727	0.581197	0.474128	right	OV3_Cisp0
chr6	90573757	90582608	f36136ea-c12a-4316-a674-cecea37e3ccc	90568168	90582623	fwd	8851	5282	3250	0.001505	0.454477	0.036857	0.70805	-3	right	OV3_Cisp0
chr6	92624465	92633112	80938786-c88a-449a-ac9b-342967dcc9bf	92611948	92633122	fwd	8647	4051	3079	0.006475	0.441258	0.002985	0.773134	-3	right	OV3_Cisp0
chr6	93402604	93413577	4a1a2eb4-8c4a-4c61-8cbd-a058ba72e4d2	93387664	93419116	fwd	10973	1777	8474	0.043033	0.372951	0.029223	0.609408	-3	right	OV3_Cisp0
chr6	98293716	98313357	cc2acf10-4efa-405b-9cab-685c48d6c25a	98293708	98313884	fwd	19641	1970	17360	0.009119	0.674772	0.040036	0.835548	-3	right	OV3_Cisp0
chr6	102123226	102139718	b02414b7-2bae-44f0-990a-80bc48f96722	102110709	102139722	rev	16492	4718	11213	0.001926	0.777279	0.006382	0.879896	-3	right	OV3_Cisp0
chr6	105520973	105531077	6a6d7807-52cc-47cf-b6d5-d825b18a343c	105515257	105531081	rev	10104	3455	3753	0	0.527691	0.003791	0.871873	-3	right	OV3_Cisp0
chr6	106627947	106640910	69fe2d82-61d8-4ca3-a1e5-ed5acc9cab57	106588915	106640914	rev	12963	6018	4044	0.003785	0.285174	0.003024	0.540323	-3	right	OV3_Cisp0
chr6	110252898	110268605	ca4c3117-f25b-46ca-abe8-eb56800f61fb	110239532	110270212	rev	15707	4258	6626	0.004573	0.55564	0.029204	0.620796	-3	right	OV3_Cisp0
chr6	113748632	113765021	27e25e62-6d5a-4f97-ada3-d65be23b4427	113741958	113765026	rev	16389	3381	9419	0	0.799603	0.056416	0.758112	-3	right	OV3_Cisp0
chr6	121870858	121879052	c7ef469c-85ab-47e8-b295-a97435fb0ed8	121861525	121911644	fwd	8194	2038	4163	0.001779	0.286477	0.007874	0.667717	-1	right	OV3_Cisp0
chr6	122206476	122221574	d4279e0f-5bf7-4c05-b078-d33289ad25a3	122206470	122221772	rev	15098	3375	9913	0	0.539867	0.012109	0.866804	-3	right	OV3_Cisp0
chr6	122813861	122827920	d9b62e46-b1f7-4883-98ca-b33b5bc8ab1f	122813855	122827926	fwd	14059	1174	8888	0.167139	0.600567	0.010054	0.868941	-3	right	OV3_Cisp0
chr6	129876355	129886007	6b833286-480b-4181-821c-349d10a41d4c	129876062	129886012	fwd	9652	5108	1188	0.007107	0.279695	0.00274	0.586301	-3	right	OV3_Cisp0
chr6	132435998	132448952	7f6bbd11-2525-4db5-96f3-1816ff916241	132430886	132473351	rev	12954	5774	6751	0.006398	0.65643	0.028096	0.591051	0.980777	right	OV3_Cisp0
chr6	138344776	138353641	d0d1286a-2a46-4144-9897-ff5287d5a6d7	138343441	138353651	rev	8865	2344	4758	0	0.514357	0.052921	0.797938	-3	right	OV3_Cisp0
chr6	145003186	145015095	b5f722db-5a11-4d81-a10c-c4db72a4c4e6	144985017	145015739	fwd	11909	3126	6976	0.03125	0.342742	0.00164	0.716238	-3	right	OV3_Cisp0
chr6	145484744	145488478	587b5dd4-fd3d-40b2-9e15-d1f9c7463461	145480038	145509840	fwd	3734	1872	1497	0	0.385081	0	0.865385	-1	right	OV3_Cisp0
chr6	151377322	151384544	0a716762-1b55-484d-8bf7-650a86df8633	151369903	151384550	rev	7222	2435	1888	0	0.418045	0.014644	0.589958	-3	right	OV3_Cisp0
chr6	155138387	155149297	9f7dd7bd-b81d-4756-8310-f5f7acc14d7e	155108864	155149302	rev	10910	5383	4737	0.001463	0.347476	0.016245	0.649819	-3	right	OV3_Cisp0
chr6	161959105	161965509	813771b8-c77a-4a7f-94f0-3dacce7add3a	161952416	161965513	rev	6404	2877	1835	0	0.464242	0	0.599284	-3	right	OV3_Cisp0
chr6	164252150	164265350	eabf1c87-68ae-4eae-9b60-0bd075f83fea	164236155	164265354	rev	13200	2960	6478	0	0.651109	0.052342	0.535537	-3	right	OV3_Cisp0
chr6	165716944	165730790	fb4dc9f1-faad-4cc7-852f-51d6cf0a40d0	165716939	165737557	rev	13846	6550	6519	0.012435	0.610363	0.062466	0.639742	0.372918	right	OV3_Cisp0
chr6	168518550	168524622	3c0093d5-4034-4bf6-a5e3-22b66e1243db	168518545	168524628	fwd	6072	2489	3218	0.007874	0.695538	0.028835	0.815456	-3	right	OV3_Cisp0
chr6	169502785	169515035	ef1c7149-f8db-4676-af4f-36e8a2a04611	169501961	169515088	fwd	12250	3176	5893	0.008178	0.911215	0.112394	0.781288	-3	right	OV3_Cisp0
chr7	2389656	2402513	38988372-2078-40bb-83f7-c8e9c418e702	2389645	2419066	fwd	12857	4336	4610	0.01641	0.50359	0.023397	0.811958	0.141515	right	OV3_Cisp0
chr7	19142100	19147924	1a69f5a0-cc55-4a05-acfe-ad4cd96a24cc	19132811	19147929	fwd	5824	2963	1371	0	0.345333	0.088115	0.446721	-3	right	OV3_Cisp0
chr7	21447303	21456005	43ae0014-2366-4d40-b525-9c2e7df02c53	21441341	21472049	fwd	8702	3226	4524	0.003933	0.72763	0.059236	0.670304	-1	right	OV3_Cisp0
chr7	25550746	25560248	5b163bba-3bd5-4596-ab92-56480268fef1	25543842	25578050	fwd	9502	4272	4929	0.005141	0.596401	0.037262	0.673004	0.548553	right	OV3_Cisp0
chr7	27768878	27775859	0f1b558a-a0a7-47e0-8e6e-7023f1655e79	27758490	27775867	rev	6981	1898	4715	0.009804	0.354575	0.014116	0.806092	-3	right	OV3_Cisp0
chr7	29076000	29100619	00c645c4-3364-4589-8b89-a8fd5ffe4bc9	29055962	29100692	fwd	24619	4044	19470	0	0.873995	0.034374	0.728596	-3	right	OV3_Cisp0
chr7	30867982	30879110	0f9a7f59-86e5-4dbc-bf3b-48e16d162c4a	30860317	30879116	fwd	11128	3074	5239	0	0.731009	0.074788	0.644564	-3	right	OV3_Cisp0
chr7	37629568	37658790	50ab17c5-bd02-4d34-86b1-98ae44927f6d	37626035	37668306	fwd	29222	2595	23241	0.003537	0.820513	0.026107	0.743103	0.056414	right	OV3_Cisp0
chr7	40457261	40470561	82d01c96-547e-48f3-92c9-005349d70edc	40441659	40471072	rev	13300	2179	6293	0	0.738211	0.008977	0.771993	-3	right	OV3_Cisp0
chr7	43391668	43400966	91fd3f79-922b-4ac8-8d3a-3b5748c159bc	43391649	43416095	rev	9298	2534	5886	0.009845	0.824191	0.001147	0.880092	0.214597	right	OV3_Cisp0
chr7	45008625	45016522	30810c4a-5aac-4c43-8405-0e14752a86f3	45008619	45037687	fwd	7897	4629	1064	0.003245	0.680078	0.145833	0.565972	-2	right	OV3_Cisp0
chr7	45111582	45127922	aa3e022a-155b-4268-855b-8c2bb4d4e546	45107394	45130087	fwd	16340	5706	8252	0.018216	0.451005	0.011076	0.774262	-3	right	OV3_Cisp0
chr7	62343501	62349506	2224c52a-ef9d-4f46-ba05-7350bab12a5f	62343496	62358864	rev	6005	4152	1425	0.034542	0.618307	0.025	0.8375	-1	right	OV3_Cisp0
chr7	62660112	62666696	669339bb-5186-4d33-8778-a34ed492f94b	62650528	62666704	fwd	6584	4540	1534	0	0.428773	0	0.543524	-3	right	OV3_Cisp0
chr7	66448194	66457995	5b289423-3a91-4ea3-a352-723b4a701dbb	66443749	66457999	rev	9801	5817	3595	0.010826	0.794302	0.041061	0.735672	-3	right	OV3_Cisp0
chr7	71632453	71645462	e0d2deb4-27e8-44ca-b61c-be0ff737b302	71632445	71645471	rev	13009	4996	3950	0.062151	0.793625	0.04304	0.848901	-3	right	OV3_Cisp0
chr7	76085476	76089344	0b6ac1ea-f42f-41dc-82ab-e52e7cc1f3c5	76078765	76089350	fwd	3868	1045	2541	0.031802	0.508834	0.017214	0.782473	-3	right	OV3_Cisp0
chr7	81117317	81131689	6c6a654e-c1c3-4505-b1b9-28161971d404	81112299	81135223	rev	14372	2783	8489	0.026144	0.631373	0.016343	0.835546	-3	right	OV3_Cisp0
chr7	83867595	83889614	e3cf787f-f4f5-4af9-ae4e-df098925c72e	83865749	83889714	fwd	22019	3801	17637	0.050971	0.588997	0.033873	0.735109	-3	right	OV3_Cisp0
chr7	87476987	87483832	0abf8711-537e-4e70-9a77-ccd5f6a4466e	87458676	87483838	fwd	6845	2897	3342	0.020471	0.509724	0.056624	0.555556	-3	right	OV3_Cisp0
chr7	90644621	90661054	bdfc5fbd-a782-4d00-8d84-c05037434275	90644616	90679222	rev	16433	3738	12133	0.029326	0.811339	0.052862	0.794949	0.208491	right	OV3_Cisp0
chr7	108762282	108775470	1e64d14e-a504-417b-b1ca-a1b0f06da5a6	108754514	108775475	rev	13188	4502	5653	0.018127	0.545317	0.064721	0.593274	-3	right	OV3_Cisp0
chr7	110891823	110897957	06dba6b3-9004-4093-a692-5fcc080514b5	110883035	110897962	rev	6134	986	1107	0	0.827044	0.147287	0.679587	-3	right	OV3_Cisp0
chr7	113273433	113283775	8ba5f44f-d166-466f-86be-452d3f2bb61f	113265953	113283782	fwd	10342	5101	3902	0.000727	0.670058	0.080944	0.62226	-3	right	OV3_Cisp0
chr7	113977807	113985170	b3f373a6-2b5d-4530-a421-358b99fb3eee	113958902	113985175	fwd	7363	4429	2137	0.003127	0.598124	0.013255	0.480118	-3	right	OV3_Cisp0
chr7	118480128	118488346	ac3d8f9e-1029-44c1-bb1b-1c0d83da6130	118440334	118493530	fwd	8218	3286	4474	0.022245	0.53185	0.035688	0.718864	-3	right	OV3_Cisp0
chr7	119105580	119117454	13a3c1b3-56ce-40b9-87d4-913ce54f4a12	119103853	119121465	fwd	11874	2602	4538	0.023697	0.734597	0.067995	0.67033	-3	right	OV3_Cisp0
chr7	122295366	122300878	5b390053-d24d-4385-bc22-3b035d7eb5ae	122295361	122300882	rev	5512	1935	3117	0.056338	0.795775	0.002721	0.92381	-3	right	OV3_Cisp0
chr7	124450671	124471252	762a1866-5d06-4117-b336-aa110dfa4425	124436500	124471256	rev	20581	5111	11086	0	0.553178	0.00986	0.77691	-3	right	OV3_Cisp0
chr7	131874688	131890503	94aa59f5-c1f7-4e7d-91cf-1f941bc87cc4	131874683	131890714	fwd	15815	2745	12754	0.058993	0.830216	0.043686	0.795931	-3	right	OV3_Cisp0
chr7	134652862	134663153	a96b3f03-279e-436b-9d60-1d0aee7af7d7	134650308	134663158	fwd	10291	4560	2770	0	0.517871	0.001212	0.883636	-3	right	OV3_Cisp0
chr7	140776323	140788165	2b8a488f-01a1-4267-ae42-d6fe2f2ac376	140771497	140788176	rev	11842	4011	7495	0	0.810236	0.061584	0.741098	-3	right	OV3_Cisp0
chr7	143890265	143903352	35868066-e734-45f9-ba8e-a164f077bdf3	143863851	143903357	fwd	13087	4912	7624	0.02044	0.441824	0.088189	0.554331	-3	right	OV3_Cisp0
chr7	149390381	149400966	17976c77-99ba-4157-bd53-dc1e1f1a48a8	149382518	149406560	fwd	10585	4558	4904	0	0.779163	0.017442	0.773256	-3	right	OV3_Cisp0
chr7	150009889	150018836	c1d27905-fa59-4fa6-bffc-a05d905fde3b	149997072	150018840	rev	8947	4168	2909	0.025093	0.695167	0.039548	0.631356	-3	right	OV3_Cisp0
chr7	156660391	156665797	afa02897-40af-48de-a7e4-ac37a3710006	156658221	156665805	rev	5406	2421	2661	0	0.561514	0.001167	0.905484	-3	right	OV3_Cisp0
chr7	157001144	157012353	163d370a-320e-4120-8738-0d80903d1b06	156999538	157013293	rev	11209	4323	5478	0	0.589773	0.033498	0.588177	-3	right	OV3_Cisp0
chr7	157581263	157588123	f50dcd04-c80d-42cc-a3a0-a8af3187ec8b	157571946	157589296	rev	6860	2949	2542	0.003695	0.487685	0.026834	0.613596	-3	right	OV3_Cisp0
chr7	158576422	158586161	4a783407-a6e8-49c3-a570-3b82d5fcb516	158563278	158586722	fwd	9739	3407	3009	0	0.524005	0.00158	0.770932	-3	right	OV3_Cisp0
chr8	6965682	6978485	3df49533-9cd1-46ce-9cee-f80d09fdd926	6963789	6984561	fwd	12803	4459	8105	0.011494	0.595238	0.009403	0.861307	-3	right	OV3_Cisp0
chr8	8533780	8541116	36e5710d-cf6e-475a-be6d-cb7bfa25b19b	8498432	8541122	rev	7336	1840	3611	0	0.266393	0.014623	0.610799	-3	right	OV3_Cisp0
chr8	15483906	15498005	0687532e-c49b-4a29-b2a1-6ac6512a1744	15478403	15519144	fwd	14099	4008	5874	0.012632	0.523509	0	0.885954	0.109753	right	OV3_Cisp0
chr8	16695703	16709460	181f50b1-0822-4094-8b56-2c930991802e	16695691	16736766	fwd	13757	3541	9757	0	0.821577	0.106657	0.707215	0.353279	right	OV3_Cisp0
chr8	20949705	20964435	d490dd0e-c94b-4028-935f-3a54daa8beb7	20941504	20985649	rev	14730	4544	6185	0.002299	0.526437	0.00046	0.823827	0.033283	right	OV3_Cisp0
chr8	26170001	26176751	396b60fe-04ef-4064-8789-0fcf38ffa1c9	26168115	26176758	rev	6750	1287	3391	0.002519	0.415617	0.003	0.859	-3	right	OV3_Cisp0
chr8	26575616	26587044	2d7e45e1-0ba5-49c7-962d-f4e916566baf	26548653	26593280	rev	11428	3646	5309	0.002821	0.35402	0.017364	0.662194	-3	right	OV3_Cisp0
chr8	27648229	27654409	06436faa-d13a-4c68-bb12-d9db5ff13e01	27640080	27654559	rev	6180	1428	1141	0	0.243499	0.088496	0.489676	-3	right	OV3_Cisp0
chr8	27729216	27742077	5afb3647-c882-493d-93cf-3e7874888bbd	27728564	27756345	rev	12861	3863	5594	0.000984	0.86811	0.011993	0.914906	-1	right	OV3_Cisp0
chr8	27854147	27867092	eea2d234-53d8-41c9-b281-afe7ce6a23d7	27840800	27868137	fwd	12945	2520	9185	0	0.403292	0.002157	0.832434	-3	right	OV3_Cisp0
chr8	29775520	29782527	cdd95965-8f99-4377-9bbb-ff1877087bad	29760820	29782532	rev	7007	4433	2161	0.013367	0.412698	0	0.688496	-3	right	OV3_Cisp0
chr8	33960863	33982345	589941ca-35a6-4933-96d0-52d5defae47f	33949369	33994538	fwd	21482	6606	13342	0.009547	0.526651	0.012297	0.660126	0.502354	right	OV3_Cisp0
chr8	34954445	34965970	14d91de4-b94b-428b-95ba-e63eef53be17	34954440	34965975	fwd	11525	3714	4104	0.013298	0.655142	0.028986	0.731884	-3	right	OV3_Cisp0
chr8	37974053	37981664	05c6b53e-6e2b-45e2-8cc9-f854ccd76d42	37960870	37986444	fwd	7611	4448	1534	0	0.691282	0.028205	0.651282	-3	right	OV3_Cisp0
chr8	38193131	38216091	e67b6385-3c2e-450c-a5f0-77fbfc0db8c3	38193123	38216096	fwd	22960	1399	18795	0.172662	0.70024	0.015361	0.798616	-3	right	OV3_Cisp0
chr8	42709129	42719216	4c82dbb4-195e-43e6-a261-58f193a3a74b	42701581	42724027	fwd	10087	1826	7172	0	0.518443	0.008228	0.611081	-3	right	OV3_Cisp0
chr8	47429837	47448011	f1400318-9b5d-4b47-8696-874afee68b45	47420848	47448020	rev	18174	5782	10511	0.023118	0.573976	0.010567	0.784431	-3	right	OV3_Cisp0
chr8	48314679	48331669	107686ff-9126-42f7-b098-b14cfdf0682f	48314165	48348746	rev	16990	1541	13467	0.103245	0.471976	0.011534	0.823241	0.075277	right	OV3_Cisp0
chr8	48694325	48721270	8e6b5ea3-1452-4305-8ae1-efd8bca2e31e	48679763	48721962	fwd	26945	2827	23800	0	0.338782	0.028112	0.74629	-3	right	OV3_Cisp0
chr8	53050781	53067068	965b5db9-71c5-4560-966a-95de39cad94e	53026886	53067073	fwd	16287	2280	9405	0	0.384804	0.013296	0.669621	-3	right	OV3_Cisp0
chr8	61997072	62011237	71f5a775-7385-4fd3-ae90-3a96b08d41aa	61996000	62018877	fwd	14165	4008	8138	0.025641	0.566239	0.021002	0.815274	0.545804	right	OV3_Cisp0
chr8	66694599	66705186	fda1a8a9-98e4-4532-9902-2e2423783781	66694569	66717121	rev	10587	1423	7152	0.042453	0.775943	0.012873	0.88311	0.04654	right	OV3_Cisp0
chr8	70043292	70046756	2186651a-93df-48cf-a8ca-441cb535a29f	70038676	70046762	fwd	3464	1659	1295	0	0.465565	0.051282	0.558405	-3	right	OV3_Cisp0
chr8	73960153	73968517	85ed6796-2037-4dd1-8df9-4ed720377c84	73960149	73968523	fwd	8364	4950	2002	0.000747	0.500373	0.003396	0.7691	-3	right	OV3_Cisp0
chr8	74567327	74595558	b6982672-a841-46e0-9c14-4947e6b44d5d	74564171	74595564	fwd	28231	7177	17591	0.000933	0.842744	0.015091	0.882904	-3	right	OV3_Cisp0
chr8	75134100	75152479	d0c477cc-c33b-446a-8cc8-37e8717801a3	75130443	75152559	rev	18379	5439	9067	0.006309	0.781073	0.000676	0.906387	-3	right	OV3_Cisp0
chr8	75817514	75828801	4290e21f-4f03-488b-ba32-22fb213c7a07	75802330	75828946	fwd	11287	4885	4669	0.00447	0.462963	0.012998	0.719237	-3	right	OV3_Cisp0
chr8	80570324	80599666	c084253c-d05e-45b5-95b7-c5f8dff9ba1b	80566740	80600747	fwd	29342	6414	22601	0.008868	0.817945	0.038009	0.776292	-3	right	OV3_Cisp0
chr8	81165420	81182225	2099cbca-2c0e-4efd-b3e8-b46fc6cda9aa	81163934	81182231	rev	16805	2451	11323	0.007371	0.872236	0.013872	0.872135	-3	right	OV3_Cisp0
chr8	81376222	81383389	5ca1edc0-ee75-4adc-93a2-b88e8a40b0aa	81371356	81383394	fwd	7167	4412	1669	0	0.501893	0.014286	0.607143	-3	right	OV3_Cisp0
chr8	82880417	82891181	743cd090-8519-4060-b384-f1318a389f5a	82879049	82892110	fwd	10764	1393	6859	0.037162	0.547297	0.006971	0.864343	-3	right	OV3_Cisp0
chr8	86838492	86850279	7dbf4de3-d239-4f71-bb7e-8b0b595122b3	86833982	86850284	fwd	11787	5739	3510	0.024888	0.633057	0.066376	0.686616	-3	right	OV3_Cisp0
chr8	88264246	88286221	27b2502d-a8dd-4d12-9330-3bf8f6a7a55b	88262371	88286575	fwd	21975	10350	9211	0.008781	0.753799	0.025566	0.814828	-3	right	OV3_Cisp0
chr8	91545800	91552562	098786c7-59b4-4c01-a521-3ec0c46bb0ff	91539015	91552574	rev	6762	1963	4251	0	0.339934	0.008518	0.734242	-3	right	OV3_Cisp0
chr8	94090209	94102856	a403a77b-fffa-4638-b8d2-d939507e1340	94088777	94108183	fwd	12647	3920	8318	0	0.575949	0.012005	0.846598	-3	right	OV3_Cisp0
chr8	95205477	95211593	9bc387dc-7b12-4f27-8a69-b6dd210f0c82	95201412	95211601	fwd	6116	1373	4322	0	0.428135	0.062924	0.71636	-3	right	OV3_Cisp0
chr8	96157369	96170220	04d283cd-39b8-4245-bd75-eb90e2643433	96132239	96172257	fwd	12851	2735	5440	0	0.651252	0.001158	0.830342	-3	right	OV3_Cisp0
chr8	96730676	96740529	8bd7d9a1-2c54-4bb5-bb0f-24ecdfce4a34	96730670	96740534	fwd	9853	3596	3257	0	0.893333	0.079263	0.76301	-3	right	OV3_Cisp0
chr8	98011016	98018977	faa5ba5b-79a5-46aa-a3ff-6c7774bef1f6	97986103	98018982	fwd	7961	3218	3380	0.007634	0.354962	0.036534	0.565762	-3	right	OV3_Cisp0
chr8	103005359	103019865	d7d21b75-b7be-48d5-aa68-bebb71e4123d	102948558	103025275	fwd	14506	1276	10472	0	0.288515	0.004676	0.618345	-3	right	OV3_Cisp0
chr8	103097740	103106652	2c32dd76-6f87-487f-aab5-3f4b10bc61cf	103092815	103126802	rev	8912	1547	3632	0	0.75	0.002141	0.780514	0.319148	right	OV3_Cisp0
chr8	103392629	103400219	0fa7cbaa-d3d3-4a6f-b15a-771d143fee6d	103382949	103400227	fwd	7590	2417	1941	0.002833	0.67847	0.034111	0.621185	-3	right	OV3_Cisp0
chr8	103546788	103553438	9335e6c2-fb81-4b3a-b37a-fd56f82445d4	103542616	103553446	rev	6650	2769	3177	0.002854	0.733587	0.043895	0.759777	-3	right	OV3_Cisp0
chr8	103870916	103880262	f309e2ba-b312-4c10-833f-78cb3f88e240	103851800	103886805	rev	9346	1448	6475	0	0.321608	0.001172	0.586753	0.124471	right	OV3_Cisp0
chr8	110770235	110777801	6711e124-06db-4f6d-819f-cc7fcbd57d86	110770228	110778485	fwd	7566	1145	3228	0.070388	0.684466	0.001959	0.893242	-3	right	OV3_Cisp0
chr8	115420273	115439107	4ecb38cd-bc6a-43a4-8357-2fc1fd8a0663	115419097	115439272	rev	18834	3771	11798	0.072175	0.613485	0.006274	0.89689	-3	right	OV3_Cisp0
chr8	118415558	118427124	474b70af-72ca-4e73-962d-0cf8b900a475	118409964	118427128	rev	11566	1950	6050	0.001773	0.962766	0.03473	0.833517	-3	right	OV3_Cisp0
chr8	118800598	118810057	f7fdece4-4b5a-4936-abbd-7e03150f2d3d	118786452	118810099	rev	9459	3200	5723	0.006863	0.661765	0.019406	0.792602	-3	right	OV3_Cisp0
chr8	119030504	119043655	93f8ac9f-de96-4ccc-8d86-30914a609e88	119030499	119043659	rev	13151	3529	9252	0.007895	0.57807	0.012115	0.903084	-3	right	OV3_Cisp0
chr8	123419800	123430957	1aace483-dbb8-49c2-b9d8-420ceeda5b72	123410056	123431494	fwd	11157	2748	4267	0.008342	0.502607	0	0.843053	-3	right	OV3_Cisp0
chr8	130765950	130770064	0e0750f9-76ae-4882-9a3c-d1aca5c62905	130750442	130770069	rev	4114	1537	1420	0.014599	0.245742	0.017442	0.430233	-3	right	OV3_Cisp0
chr8	133376462	133386083	110a8936-0cfd-4749-939d-9b6f885d81e3	133376458	133394997	fwd	9621	3331	3694	0.010526	0.455263	0.012022	0.798907	0.74312	right	OV3_Cisp0
chr8	134012304	134027128	22904d5f-f394-4fd6-9a57-38d6eb0ce836	134006531	134046213	fwd	14824	4956	8919	0.021687	0.545382	0.00157	0.787593	0.201113	right	OV3_Cisp0
chr8	136394522	136413323	7b69200d-722f-4e0b-9680-59ead7298f4a	136384972	136413644	fwd	18801	6249	8760	0.00559	0.660145	0.017384	0.772765	-3	right	OV3_Cisp0
chr8	142265805	142274276	3851ecb2-eb83-4e23-a1da-6c2db5acaa53	142263328	142274290	fwd	8471	3178	1259	0.006667	0.484444	0.073643	0.751938	-3	right	OV3_Cisp0
chr8	144446665	144449932	1ceefd47-50ab-448b-93cf-f8a7d6c2a16a	144434642	144472287	rev	3267	1569	1054	0	0.518293	0.027149	0.651584	0.119141	right	OV3_Cisp0
chr9	2827416	2838838	122dd200-407a-4983-95a3-7846db86c94f	2820445	2839425	rev	11422	4597	4435	0.006868	0.483516	0.030534	0.859126	-3	right	OV3_Cisp0
chr9	7283477	7293543	2ffae1ab-3913-483e-94d9-9983dfd757b1	7280837	7293548	rev	10066	4495	4496	0.035593	0.638136	0.048565	0.738043	-3	right	OV3_Cisp0
chr9	9795585	9828493	d48d51f8-0def-45e2-949f-0cc93ce23ad3	9793394	9828498	fwd	32908	4378	24578	0.005146	0.71012	0.005738	0.837789	-3	right	OV3_Cisp0
chr9	10037785	10054438	f5a23520-6f09-46e8-9e6f-1dcd8c94b16c	10037781	10056273	fwd	16653	2240	11683	0.02834	0.786775	0.04401	0.844607	-3	right	OV3_Cisp0
chr9	20697781	20720152	dff1d708-817c-433a-be58-3259ca320a02	20690504	20720157	fwd	22371	4180	15619	0	0.895849	0.025631	0.849445	-3	right	OV3_Cisp0
chr9	23748788	23764127	c1c21e2f-280b-43a5-b0b3-82eeca314694	23748018	23764137	rev	15339	8937	5388	0.001733	0.612478	0.04395	0.761801	-3	right	OV3_Cisp0
chr9	24629449	24635383	260eb3ba-b54c-4f00-8ff5-645b667612ff	24629442	24640777	fwd	5934	1768	571	0	0.496094	0.052174	0.434783	-1	right	OV3_Cisp0
chr9	31962188	31975019	d6396804-e13f-4976-95ee-7ce89f12040a	31958861	32006144	fwd	12831	2609	6180	0	0.442652	0.011561	0.664214	0.655213	right	OV3_Cisp0
chr9	34582882	34590639	24698e04-70dc-4ed8-9516-e5ccaddc6dbb	34579989	34608883	fwd	7757	3333	3962	0	0.447581	0.007236	0.664255	0.703021	right	OV3_Cisp0
chr9	35708148	35717106	54aee2e4-ad27-4860-adca-58fcce1569fd	35702964	35717113	fwd	8958	4539	3274	0.015658	0.498956	0.03944	0.721374	-3	right	OV3_Cisp0
chr9	37334090	37345753	a5a5b244-3b3a-47a8-a891-c98c7ff319f4	37333747	37352027	fwd	11663	2676	8538	0.003359	0.405375	0.004575	0.818528	-3	right	OV3_Cisp0
chr9	37647424	37653698	471f684e-7c4f-47de-951c-953ce34d82d8	37644619	37653708	fwd	6274	2639	2558	0	0.468563	0	0.755796	-3	right	OV3_Cisp0
chr9	37651007	37661816	241df71b-2f4c-4218-b28f-c373d96798ae	37650997	37661830	rev	10809	4932	4071	0.018486	0.824824	0.015351	0.849781	-3	right	OV3_Cisp0
chr9	42219469	42230332	4a720799-26b2-47d9-9715-8fabddfc0230	42219464	42248856	rev	10863	2225	4444	0	0.543706	0	0.91521	0.297951	right	OV3_Cisp0
chr9	68284538	68301427	883326a2-2a66-4109-bf78-748dfb3eb3fa	68277135	68317147	rev	16889	7208	9266	0.005778	0.734714	0.024451	0.703807	0.313897	right	OV3_Cisp0
chr9	70619764	70628932	2e2f3d59-846d-498c-a4d5-734700e52729	70619043	70629127	rev	9168	5319	3521	0.014628	0.573803	0.007487	0.768984	-3	right	OV3_Cisp0
chr9	73492688	73510268	90201a8b-2dec-4666-8994-43a0a37e28c3	73492679	73510279	fwd	17580	3437	10661	0	0.773481	0.002199	0.738611	-3	right	OV3_Cisp0
chr9	78965784	78977028	a34d329d-0e57-465b-aaee-b7dbf475d1ca	78944084	78977033	rev	11244	3120	4109	0.021368	0.451923	0.007621	0.808637	-3	right	OV3_Cisp0
chr9	83572326	83580613	538c734b-9da5-47c4-a9ff-748837fb0561	83570116	83580620	rev	8287	3230	4788	0.001055	0.688819	0.017287	0.810372	-3	right	OV3_Cisp0
chr9	87600866	87615174	878ff67f-b42e-4124-932c-feb8b05d2a39	87600860	87615181	rev	14308	1787	8529	0	0.343387	0.018966	0.642959	-3	right	OV3_Cisp0
chr9	91541727	91557588	668188da-9a7b-451d-b0d9-c8197bfb6be7	91541722	91564856	fwd	15861	2328	10307	0.027027	0.883357	0.00106	0.927587	0.035327	right	OV3_Cisp0
chr9	94388133	94396005	b3f4f43c-3db6-40b8-a308-41abd4f7d86d	94376306	94396013	fwd	7872	4956	2188	0.007708	0.560617	0.02849	0.602564	-3	right	OV3_Cisp0
chr9	98567250	98575057	a1766f29-6abe-4f2a-a9b9-9a7f78688286	98567246	98575072	fwd	7807	2615	3542	0.034921	0.865079	0.035963	0.825986	-3	right	OV3_Cisp0
chr9	109500561	109508706	9b355845-882d-4c6f-b71c-1d490925518a	109484225	109508713	fwd	8145	6389	1015	0.029483	0.429001	0	0.661238	-3	right	OV3_Cisp0
chr9	113016678	113030298	6f1a5872-c64d-4d8b-be7a-1b7014ebe235	113016666	113030302	rev	13620	3740	8566	0.018587	0.64777	0.014734	0.887553	-3	right	OV3_Cisp0
chr9	121672876	121686710	efaa9fd1-ba00-43af-8b83-4051595a9978	121668140	121687278	fwd	13834	3600	5831	0.002503	0.430538	0.008423	0.853752	-3	right	OV3_Cisp0
chr9	123838786	123847815	b0787d8f-dc95-49a4-80ab-bb845a50b3be	123837334	123847826	fwd	9029	3774	3568	0.017774	0.688494	0.022809	0.797119	-3	right	OV3_Cisp0
chr9	126989125	126998283	45b17c5e-613a-43b9-90c2-1dd71415018c	126989109	126999886	fwd	9158	1062	6296	0	0.307692	0.022822	0.76556	-3	right	OV3_Cisp0
chr9	128186890	128196631	3e362b11-2526-4ca4-aef6-74dd87a82719	128186878	128196901	fwd	9741	1663	6765	0.023474	0.774648	0.041581	0.687798	-3	right	OV3_Cisp0
chr9	128882384	128886738	bb1905e7-a6ef-4ddf-a900-8a51c4e5bb65	128855196	128891492	rev	4354	1107	1080	0	0.263158	0.016598	0.510373	-3	right	OV3_Cisp0
chr9	133113331	133119364	de566b2f-a74f-402b-80e5-27999a4005fd	133108368	133119371	fwd	6033	4700	1097	0	0.547194	0	0.728111	-3	right	OV3_Cisp0
chr9	134568328	134576605	07d83cb5-f984-456f-8343-5670ff249bfc	134566455	134576617	fwd	8277	3108	3000	0	0.814249	0.077684	0.733051	-3	right	OV3_Cisp0
chr9	138165109	138172215	edb6241e-bac3-4373-a70b-6faba7f4ee7d	138159320	138172359	rev	7106	2159	3225	0.064955	0.433535	0.006965	0.741294	-3	right	OV3_Cisp0
chrX	5477121	5488314	f834af2c-f8c5-496a-b0e5-fe6edfff08fa	5477117	5488691	fwd	11193	3731	4751	0.093287	0.5449	0.073896	0.627309	-3	right	OV3_Cisp0
chrX	7346938	7379760	a79b81cd-1b91-496d-8069-503af68f4a38	7346924	7381288	rev	32822	18785	9617	0.027726	0.606594	0.064881	0.640854	-3	right	OV3_Cisp0
chrX	9685252	9694201	ebc154fc-31e5-4bf5-a5e9-6ffafc7f1582	9682543	9694206	fwd	8949	3665	4997	0	0.622246	0.016038	0.772253	-3	right	OV3_Cisp0
chrX	13943966	13951909	442dc374-3e45-4296-bc3e-0f9befed87ef	13943959	13951914	fwd	7943	3329	1898	0	0.738554	0.075251	0.725753	-3	right	OV3_Cisp0
chrX	14014166	14033402	94b29847-02c9-4df6-a874-21077b2e5799	14011029	14041357	fwd	19236	2093	13420	0.029801	0.519868	0.009666	0.692903	0.662895	right	OV3_Cisp0
chrX	19944709	19954796	3b10d84b-1bd4-447a-8610-8a4aa05184d8	19930427	19958200	fwd	10087	1593	7336	0.001965	0.471513	0.012544	0.783743	-3	right	OV3_Cisp0
chrX	22389714	22396593	4a9994a2-1894-4523-ac4b-d1f883dc2ee1	22382486	22396602	fwd	6879	3652	1903	0.007035	0.532663	0.002105	0.703158	-3	right	OV3_Cisp0
chrX	24378101	24387975	00ad24d5-fbec-4c76-916e-ed2aee2ecfad	24370499	24387981	fwd	9874	4209	4747	0.011129	0.779014	0.054738	0.745144	-3	right	OV3_Cisp0
chrX	28052509	28061376	36354f43-4d46-488d-842b-0e7b3e6d271e	28026643	28069693	fwd	8867	1434	7011	0.035294	0.466667	0.018719	0.764143	0.145774	right	OV3_Cisp0
chrX	44517527	44529119	0f73d9e8-c07e-4036-a02a-06ecadbcd7bf	44510532	44529406	fwd	11592	4557	5900	0.0058	0.605634	0.002516	0.769182	-3	right	OV3_Cisp0
chrX	47698798	47710643	dd945369-d1d8-47e0-abe1-b0c68a6d14ee	47688187	47710652	rev	11845	4188	4317	0.000842	0.404381	0.043977	0.553537	-3	right	OV3_Cisp0
chrX	49742985	49756864	576a1a3c-5bee-449b-8c7d-b9d894e187b1	49742969	49756881	fwd	13879	4513	8311	0.000951	0.813511	0.081989	0.755778	-3	right	OV3_Cisp0
chrX	50695408	50710710	6dbdb58e-8624-4e30-8593-b30794e4f54e	50686440	50712645	rev	15302	2314	11228	0	0.822289	0.048824	0.573087	-3	right	OV3_Cisp0
chrX	52215807	52224487	f66ff155-a1fd-450c-839f-c25b5e575ad1	52189783	52249576	fwd	8680	2870	1532	0	0.717829	0	0.593985	0.006011	right	OV3_Cisp0
chrX	52916096	52922316	313ef7ef-fff3-4183-b80a-42f042b615f4	52915995	52922321	rev	6220	3985	1894	0.001145	0.647194	0.027607	0.754601	-3	right	OV3_Cisp0
chrX	53445387	53457702	e9ef211e-6eef-4af0-8bea-53a5e2fd4ad7	53432268	53457712	rev	12315	2601	5836	0	0.816327	0.012266	0.839827	-3	right	OV3_Cisp0
chrX	55074902	55085967	366ed373-770b-4764-ac0f-be61b98ef054	55073772	55085973	rev	11065	4219	4029	0.063943	0.687389	0.13363	0.623608	-3	right	OV3_Cisp0
chrX	55120736	55139239	40b9a25e-b8da-4f9d-bd99-d051465f0954	55106208	55144205	rev	18503	3108	14059	0	0.706399	0.027635	0.758865	-3	right	OV3_Cisp0
chrX	56152011	56165967	7e273ba5-faa8-43e8-bf9e-a5bde853e282	56152007	56166525	fwd	13956	3086	10533	0.032175	0.541828	0.032438	0.797128	-3	right	OV3_Cisp0
chrX	64655870	64670913	5a6d01f5-6f22-4f4a-a862-264ba81936b1	64655863	64671601	rev	15043	1325	9125	0.07764	0.614907	0.00472	0.807485	-3	right	OV3_Cisp0
chrX	65759701	65774352	7967f499-6bd4-4fbe-8e8d-c2ab04c0270e	65759695	65776394	fwd	14651	1115	13174	0.018141	0.741497	0.010977	0.872984	-3	right	OV3_Cisp0
chrX	68865996	68872768	10e16bf7-c55e-4959-a0fa-c81a436cbd5a	68863749	68874308	rev	6772	2053	1578	0.007075	0.42217	0.01626	0.688347	-3	right	OV3_Cisp0
chrX	97019196	97031405	84c5d287-e79b-400d-88e2-fc1aaf75890e	96996712	97036099	fwd	12209	3969	4514	0.010526	0.837247	0	0.862248	-3	right	OV3_Cisp0
chrX	100504106	100509974	35b8da0a-1c73-480d-84fb-ce4cc9944075	100479198	100510506	fwd	5868	1443	4123	0	0.504792	0.00932	0.640261	-3	right	OV3_Cisp0
chrX	102661087	102671645	ecf061e2-f4c7-49d6-b00b-d5fdd0df11d5	102655564	102675703	rev	10558	1091	5144	0	0.258865	0.00095	0.595442	-3	right	OV3_Cisp0
chrX	105750859	105757115	905ff74f-45ca-4d3f-b197-a95af005144a	105740643	105761353	rev	6256	1705	4255	0	0.494485	0	0.795122	-3	right	OV3_Cisp0
chrX	109972447	109980960	6aea7fc3-c257-4320-8b25-99c20e94968c	109968783	109980969	fwd	8513	2665	3411	0.003386	0.647856	0.012881	0.709602	-3	right	OV3_Cisp0
chrX	114803377	114813628	507d54a0-0b43-4c49-a0fd-863de73bbbf7	114802614	114813632	rev	10251	1041	8038	0.026616	0.34981	0.041995	0.683727	-3	right	OV3_Cisp0
chrX	116372313	116389562	7857b249-a2f2-47a8-88ec-d8c1d59d9056	116359612	116395417	rev	17249	4273	12520	0.002375	0.620744	0.025431	0.596317	-3	right	OV3_Cisp0
chrX	117893164	117907565	0af641c9-bd84-43b1-a36d-020687d30a69	117887141	117907571	rev	14401	2319	7363	0.049226	0.409283	0.020656	0.677593	-3	right	OV3_Cisp0
chrX	120787110	120794216	30a00d84-fcf1-4e44-8260-d0b6401960a2	120764292	120795225	fwd	7106	1626	2893	0	0.397321	0	0.620181	-3	right	OV3_Cisp0
chrX	124107254	124112938	784698e1-4549-4d42-bcf4-7ad02f691dc1	124107249	124147155	fwd	5684	2465	2390	0	0.403015	0.038551	0.571262	-1	right	OV3_Cisp0
chrX	124341589	124349857	58f0deb5-3b9d-4536-b1dd-35a40df4699c	124327104	124351111	rev	8268	2024	5816	0	0.398305	0.031979	0.522318	-3	right	OV3_Cisp0
chrX	125124346	125135856	32463873-5604-453e-a55b-585030b2cea7	125102326	125135863	rev	11510	2157	7875	0.003067	0.501534	0.001715	0.814751	-3	right	OV3_Cisp0
chrX	130338085	130345706	ae4fbb9e-14ce-4049-97a7-13a6c870dc13	130334800	130345713	rev	7621	3464	3517	0	0.659514	0.078008	0.671992	-3	right	OV3_Cisp0
chrX	130613732	130621120	a59690b2-1dec-4a85-ba19-624235669337	130607494	130621129	rev	7388	2611	2942	0.001724	0.765517	0.076531	0.682398	-3	right	OV3_Cisp0
chrX	130618138	130634380	f7c6cb0a-0e64-431e-9fce-8d0294ba8324	130616732	130634385	rev	16242	6082	8524	0.001748	0.895105	0.097449	0.776662	-3	right	OV3_Cisp0
chrX	131025572	131033609	c8b01efa-3fc7-4268-b558-2d17dbb19681	131014900	131033615	fwd	8037	4809	2544	0.004373	0.494169	0.012547	0.644918	-3	right	OV3_Cisp0
chrX	134216605	134227456	b1f06ba2-8494-449b-8c5b-1ec2d0310624	134204214	134227461	fwd	10851	3702	6895	0.001916	0.749042	0.019175	0.860546	-3	right	OV3_Cisp0
chrX	138628240	138636949	a5111d28-6f04-4dbb-b25c-9d332966756f	138614992	138637923	fwd	8709	2633	5037	0.02052	0.440492	0.033263	0.61005	-3	right	OV3_Cisp0
chrX	139336609	139347651	8106f7d9-d343-41e7-82b8-9c6a41f2372b	139333881	139347665	fwd	11042	6172	2970	0.002272	0.863244	0.056	0.782222	-3	right	OV3_Cisp0
chrX	150383234	150390779	54bdd73c-9561-4a53-a6cd-74bebdf32ce7	150383225	150415228	fwd	7545	2021	2619	0.145644	0.616385	0	0.875357	0.198283	right	OV3_Cisp0
chrY	56829050	56839463	0373faf3-3444-402f-a5de-3611eec9962d	56825765	56840545	rev	10413	4052	5989	0.00128	0.545455	0.015803	0.687445	-3	right	OV3_Cisp0
chrY	56884218	56889038	a2756d59-59dc-4776-9fc9-b2ce49e171ac	56884211	56889614	rev	4820	2061	2269	0.181409	0.587706	0.125551	0.742291	-3	right	OV3_Cisp0
chr1	73809958	73814594	2a4b3a44-e0da-4e6a-8078-811115952dfe	73803858	73814612	rev	4636	1414	1109	0.078385	0.463183	0.035928	0.55988	-3	right	OV3_Cisp1_masked
chr1	143192555	143206327	9b3ae007-4163-42a5-9ed8-3b84e911465b	143184598	143242855	fwd	13772	9794	3978	0.085965	0.299123	0	0.535885	0.185321	right	OV3_Cisp1_masked
chr1	143212395	143220898	4b4101b4-ef9e-4851-b761-01e72725a8a9	143212389	143221737	rev	8503	4720	1282	0.069905	0.377962	0	0.630252	-3	right	OV3_Cisp1_masked
chr1	148594912	148602065	82a33d7f-b7e2-4fe5-92d8-808a7e633b04	148592873	148605341	rev	7153	1043	4544	0.010601	0.155477	0.003626	0.728064	-3	right	OV3_Cisp1_masked
chr10	38489454	38518733	9282c5f7-43d1-421a-b337-3d427128c8ad	38489442	38518739	rev	29279	1302	26210	0	0.946939	0.100812	0.729112	-3	right	OV3_Cisp1_masked
chr10	41903738	41915868	806468f6-34ea-4e3b-b26f-3752e716a4a3	41889467	41916262	fwd	12130	514	8035	0.136364	0.386364	0.048567	0.498408	-3	right	OV3_Cisp1_masked
chr10	57386603	57395212	39efdaff-2d2a-488d-931b-e4c1d05cb425	57386599	57408582	fwd	8609	3543	3817	0.020758	0.224729	0.003317	0.805141	0.172961	right	OV3_Cisp1_masked
chr11	20994982	21000142	295f53e3-2637-464c-93bb-c8c3c0139a88	20991788	21000147	rev	5160	1817	1426	0	0.310195	0	0.758808	-3	right	OV3_Cisp1_masked
chr11	76429194	76436694	008b7da8-868f-4ed7-afee-86bb5689766e	76429188	76436698	rev	7500	3958	2798	0.004826	0.203668	0.054987	0.543478	-3	right	OV3_Cisp1_masked
chr11	121843138	121850634	e3db3f54-2b4c-4c91-950e-c89928364545	121843122	121850639	fwd	7496	1351	2788	0	0.319048	0	0.880583	-3	right	OV3_Cisp1_masked
chr13	60632641	60645613	30fe0e7d-8e73-4a58-bc55-53e693c93e81	60632630	60645623	rev	12972	5458	4240	0.003726	0.264531	0.000841	0.771236	-3	right	OV3_Cisp1_masked
chr13	95555271	95561744	d8c7c9fb-62be-4a73-ba20-7c2805b1e4a7	95555262	95561754	fwd	6473	1371	3695	0.026005	0.451537	0.062899	0.61258	-3	right	OV3_Cisp1_masked
chr14	47669275	47680963	8a9fb653-87e8-4c0a-b834-b49ca229ea32	47669268	47681881	rev	11688	1450	8700	0.037281	0.436404	0.022262	0.70748	-3	right	OV3_Cisp1_masked
chr14	55107371	55114069	2894c308-cf51-420b-81ec-fb72c8d781c6	55103150	55114075	rev	6698	3445	2866	0.006188	0.303218	0	0.793345	-3	right	OV3_Cisp1_masked
chr15	38105449	38112386	44483b1c-32f6-4063-b1f8-ff5d9bfe965a	38105445	38112391	fwd	6937	1417	5154	0	0.367206	0.045032	0.627591	-3	right	OV3_Cisp1_masked
chr15	74286575	74291081	bf8b52c8-2487-4b25-8744-b5b953443eaf	74278785	74296638	fwd	4506	1001	1706	0.041667	0.310185	0	0.588529	-3	right	OV3_Cisp1_masked
chr16	59954272	59966802	ea45ebad-9f66-4ac9-bb9c-8228ef34e13e	59954268	59969937	fwd	12530	1756	10477	0	0.674274	0.008709	0.900601	-3	right	OV3_Cisp1_masked
chr17	60527389	60538530	ad5e1496-14bb-4acb-8786-4951f88d647f	60527329	60538536	fwd	11141	4476	3415	0.000951	0.26451	0.012453	0.762142	-3	right	OV3_Cisp1_masked
chr17	62375787	62388430	29ebbdac-91f3-4029-ace8-654692152ac7	62375780	62389111	fwd	12643	2304	8809	0.081522	0.277174	0.00984	0.781058	-3	right	OV3_Cisp1_masked
chr17	77133094	77142265	bc5f3670-61ec-4a4f-9276-cd9ffe2ef8db	77130834	77142269	rev	9171	1391	7069	0.126543	0.391975	0.02983	0.735795	-3	right	OV3_Cisp1_masked
chr17	81874886	81887925	df242f5a-c888-4f48-acd0-c877b742e936	81874877	81888713	fwd	13039	1324	11277	0.098639	0.404762	0.018772	0.694173	-3	right	OV3_Cisp1_masked
chr2	6806029	6810770	97b1e809-1a13-442c-8d5b-eef9cc2e20aa	6806011	6821640	rev	4741	3152	1210	0.014888	0.424318	0.00692	0.733564	-3	right	OV3_Cisp1_masked
chr2	13712491	13722492	d41eb29d-8e18-474f-b0ca-e03f8bc381dc	13712484	13723732	rev	10001	3300	5216	0	0.462851	0.003211	0.828516	-3	right	OV3_Cisp1_masked
chr2	66368177	66375660	cdfdd430-5e95-4474-9bc3-dac05199fbe2	66365449	66375666	fwd	7483	1588	4430	0.01006	0.32998	0.011244	0.777361	-3	right	OV3_Cisp1_masked
chr2	70717226	70725598	6d541010-8595-40d7-b10d-6b26ce384e79	70716705	70725607	fwd	8372	3541	3566	0.013953	0.496512	0.02809	0.726966	-3	right	OV3_Cisp1_masked
chr2	87418768	87423314	d5b0c0dd-2b33-4a42-8f6d-7ffc6fa12bfb	87413549	87431213	fwd	4546	581	2289	0	0	0	0.592593	-1	right	OV3_Cisp1_masked
chr2	87426502	87429372	d5b0c0dd-2b33-4a42-8f6d-7ffc6fa12bfb	87413549	87431213	fwd	2870	899	1466	0	0	0	0.5	-3	right	OV3_Cisp1_masked
chr2	87418715	87421312	c84535dc-6268-46fd-be82-a3be81f683f2	87414111	87431213	fwd	2597	634	1963	0	0	0	0.464286	-3	right	OV3_Cisp1_masked
chr2	157311808	157315676	cbd9a9b9-f702-43b6-9a7d-e9310b911a7f	157305539	157315680	rev	3868	1192	1985	0	0.169951	0	0.568935	-3	right	OV3_Cisp1_masked
chr2	165085761	165098306	588a4d8a-de31-4fb3-a831-e7d131b6d029	165083102	165098311	fwd	12545	4756	4959	0.011371	0.202148	0.019218	0.662691	-3	right	OV3_Cisp1_masked
chr20	31066979	31072412	c59646d1-1a2e-4dc9-b3ac-a8a4e723074f	31057030	31077103	fwd	5433	1099	545	0	0.4625	0	0.8	-1	right	OV3_Cisp1_masked
chr20	31074172	31076903	66898fd7-e415-4940-8f7c-ee35a2bbffc3	31058143	31080766	fwd	2731	520	1123	0.048077	0.326923	0.031915	0.446809	-3	right	OV3_Cisp1_masked
chr20	31068794	31073577	cf5ad76d-1cc8-44a0-9891-81d4fca86b29	31061278	31074395	fwd	4783	972	2284	0.013333	0.466667	0.089385	0.636872	-3	right	OV3_Cisp1_masked
chr20	31066065	31068548	4bf04e73-f124-49fc-8a41-cb5f916ea27f	31061684	31073324	fwd	2483	1084	1154	0.072289	0.313253	0	0.470968	-3	right	OV3_Cisp1_masked
chr20	31068113	31073622	4cba34c0-ce07-42ba-86e8-974652690a96	31062225	31075122	fwd	5509	2856	1920	0.078652	0.447566	0.027778	0.555556	-3	right	OV3_Cisp1_masked
chr20	31062717	31066649	4dd6130d-c781-4eb7-a564-a0d18c493f00	31062709	31071061	fwd	3932	1420	1587	0.051724	0.418103	0	0.627063	-3	right	OV3_Cisp1_masked
chr20	31062832	31072462	5765bb02-f4bc-4841-a3dd-d0549beccec5	31062827	31080055	fwd	9630	6944	525	0.092177	0.424477	0.020619	0.773196	-1	right	OV3_Cisp1_masked
chr20	31063747	31067808	8b98797d-7498-42d5-89c7-0e83e2dc04f2	31063739	31074628	fwd	4061	2045	1313	0.089928	0.381295	0.127753	0.46696	-3	right	OV3_Cisp1_masked
chr20	48042500	48050647	d646da7d-4e2e-4d68-ae55-f404c41a4864	48041716	48050655	fwd	8147	4574	1578	0.003903	0.369243	0.041339	0.562992	-3	right	OV3_Cisp1_masked
chr21	16014303	16021379	8e17b848-94f0-4683-9e52-e42c4b0bf0c8	16014297	16029881	rev	7076	4838	1030	0.00602	0.297216	0.006515	0.592834	-3	right	OV3_Cisp1_masked
chr3	12413012	12420943	f57b39ae-f12a-4804-abc3-c71894b921f9	12409554	12420960	fwd	7931	1300	4186	0	0.299694	0.00155	0.86124	-3	right	OV3_Cisp1_masked
chr3	15723199	15732353	e5f76704-b904-4931-88c3-085ce4d38f00	15717169	15732357	rev	9154	4221	2460	0	0.434815	0.005587	0.755587	-3	right	OV3_Cisp1_masked
chr3	29223856	29231429	7fa7380b-25bc-449b-8941-0af35fe19253	29223851	29231445	rev	7573	1597	4873	0.032634	0.368298	0.046131	0.62128	-3	right	OV3_Cisp1_masked
chr3	61464923	61476781	bf91a270-8519-4bc4-972c-976f67380c20	61464917	61476787	fwd	11858	3508	3823	0	0.372896	0.000894	0.756032	-3	right	OV3_Cisp1_masked
chr3	82257601	82263789	6a4cfe82-b33a-4a83-ac6a-e5283cafea01	82257591	82263795	rev	6188	1543	2391	0	0.3107	0.020188	0.635262	-3	right	OV3_Cisp1_masked
chr3	90065969	90079414	7bc1fcb4-8b91-44db-afcd-b983f4435ee5	90061856	90081651	rev	13445	1470	11503	0.026369	0.292089	0.011716	0.542307	-3	right	OV3_Cisp1_masked
chr3	108900023	108907779	8b1ff379-c490-4bca-9176-5b29c056b1ab	108900014	108907785	rev	7756	2560	3160	0	0.548077	0.004914	0.684275	-3	right	OV3_Cisp1_masked
chr3	164019005	164025083	c66b99a2-2fa7-460c-b709-266e0c4ba9cb	164018996	164025324	fwd	6078	1741	4076	0.054545	0.539394	0.044193	0.681398	-3	right	OV3_Cisp1_masked
chr3	178121034	178132069	c851c878-1100-4b02-af42-38fe6ebb5f05	178121028	178132077	rev	11035	4105	4788	0.056836	0.476959	0.018145	0.827957	-3	right	OV3_Cisp1_masked
chr3	191321987	191327754	bc65e83c-96e5-4a78-b464-5c733c25bedb	191321355	191327759	fwd	5767	1713	3644	0	0.309572	0	0.839679	-3	right	OV3_Cisp1_masked
chr4	23661638	23674404	57c852de-c09e-4b83-877c-36d1cd9bf382	23661634	23674409	fwd	12766	2643	8128	0.052972	0.689922	0.009479	0.860979	-3	right	OV3_Cisp1_masked
chr4	49097680	49106287	929594ee-f6bc-4592-b72b-05358679b18e	49097071	49114651	fwd	8607	5548	1232	0.191176	0.372172	0.037037	0.57037	-1	right	OV3_Cisp1_masked
chr4	49104856	49107949	b2593206-8336-4575-bd73-493cefe6bc04	49100347	49112659	rev	3093	1514	1195	0.004545	0.345455	0	0.497207	-3	right	OV3_Cisp1_masked
chr4	49120152	49123437	e427b7f1-d950-4fac-b848-131909a50cb6	49107058	49134966	rev	3285	1029	1145	0.059211	0.361842	0.006536	0.48366	-3	right	OV3_Cisp1_masked
chr4	49141063	49143634	c758e69e-862b-4188-be0a-0ddeaa70e04a	49138579	49147794	fwd	2571	1470	841	0.08785	0.416822	0.02	0.543333	-1	right	OV3_Cisp1_masked
chr4	49149516	49154107	cb51dc8e-0ff1-4c91-bbfc-728326309f3a	49149062	49154695	rev	4591	1174	2144	0.112299	0.449198	0.021552	0.482759	-3	right	OV3_Cisp1_masked
chr4	49146928	49150390	7a524d78-d6fe-4e1f-aa23-54c7b81ef930	49146922	49156630	fwd	3462	1444	1634	0.123348	0.513216	0.110714	0.783929	-3	right	OV3_Cisp1_masked
chr4	49150021	49152352	07d689f1-70c0-472a-970e-f464128d65f1	49150017	49156631	fwd	2331	1433	523	0.052083	0.53125	0.011834	0.721893	-1	right	OV3_Cisp1_masked
chr4	49638927	49642861	67175fa9-c49f-4df0-aa84-49ad73aa29f6	49631416	49643782	fwd	3934	1018	2916	0.128205	0.307692	0	0.483871	-3	right	OV3_Cisp1_masked
chr4	49634498	49641063	42df64e0-6422-42d2-b98a-c0e448f0997e	49633508	49647877	fwd	6565	1154	4139	0.016393	0.251366	0.002611	0.43342	-3	right	OV3_Cisp1_masked
chr4	90224191	90234109	d0765916-b54e-4a14-a392-a5eec988dfc8	90223105	90235803	rev	9918	2917	4217	0	0.150259	0.065284	0.465528	-3	right	OV3_Cisp1_masked
chr4	174038117	174041966	e6267fb1-7a09-4d4f-a007-3ef21ee14bd6	174036297	174051135	rev	3849	1501	1116	0.057732	0.389691	0.016393	0.613115	-3	right	OV3_Cisp1_masked
chr5	18013002	18020081	b6def09d-0587-4906-a8ff-698d62c19a91	18012992	18023670	rev	7079	1771	3988	0.05694	0.713523	0.028998	0.885667	-3	right	OV3_Cisp1_masked
chr5	32416836	32427609	38797131-1eec-4841-a8e9-09a3217f9759	32416624	32427638	fwd	10773	3257	5092	0.003452	0.436133	0.011597	0.833185	-3	right	OV3_Cisp1_masked
chr5	49656557	49660505	9e40bf76-70c5-4875-99a8-b5a78d5a1d17	49656261	49661871	rev	3948	1703	1617	0.12013	0.402597	0.037175	0.464684	-3	right	OV3_Cisp1_masked
chr5	49657603	49660738	4325e642-1dc1-4c24-8a99-7d3b388824ad	49656261	49661871	rev	3135	1400	1003	0.119149	0.32766	0	0.470238	-3	right	OV3_Cisp1_masked
chr5	77646182	77653819	8a8b156e-81d3-429e-88cc-24710f941378	77641444	77653825	rev	7637	2404	4453	0.018663	0.368585	0.02623	0.710656	-3	right	OV3_Cisp1_masked
chr5	129834312	129838206	fa4959c3-1478-4815-922d-8e3c5343aa0b	129833754	129839327	rev	3894	1206	1159	0.072626	0.284916	0.008475	0.446328	-3	right	OV3_Cisp1_masked
chr5	176966609	176972344	a24dce28-97cb-4526-a18b-34e88404ba8a	176964987	176975464	fwd	5735	1761	3609	0	0.373034	0.012168	0.747788	-3	right	OV3_Cisp1_masked
chr6	83095384	83104181	fd3ce4ea-a4cf-4752-981c-f45101ccd6df	83094529	83104187	fwd	8797	1034	5300	0	0.177994	0.049488	0.495449	-3	right	OV3_Cisp1_masked
chr6	106943793	106953775	1d8fe8c5-3971-4b0e-b7a6-d0baf7b9b252	106943072	106954596	fwd	9982	2709	3202	0	0.22	0	0.810771	-3	right	OV3_Cisp1_masked
chr7	16221897	16226592	04f105f1-df1c-43e1-b8e9-5272551e0656	16210792	16229439	rev	4695	2488	1123	0	0.311414	0	0.441975	-3	right	OV3_Cisp1_masked
chr7	55866846	55874983	dbfe91e0-5f3f-46b3-8768-82859d592fd5	55863236	55875946	rev	8137	2935	4752	0.031788	0.401325	0.031802	0.618375	-3	right	OV3_Cisp1_masked
chr7	65414829	65431091	4df59453-4664-4809-8368-a231bab30216	65414823	65442490	rev	16262	11633	1369	0.113722	0.284429	0	0.648876	0.449846	right	OV3_Cisp1_masked
chr7	91362567	91371717	84b24637-918a-4ff1-aa62-2ce4a33a0efc	91361574	91371721	rev	9150	1466	3248	0	0.274956	0	0.86845	-3	right	OV3_Cisp1_masked
chr7	121438081	121447151	ea574a80-914f-4db3-8e37-37a984914b88	121437806	121447156	fwd	9070	2260	6330	0	0.338346	0.003743	0.841176	-3	right	OV3_Cisp1_masked
chr7	139579337	139592907	ce41c8a5-286e-4da5-ada0-c8664c2457c8	139568948	139593245	rev	13570	3714	7543	0	0.496454	0.001399	0.726807	-3	right	OV3_Cisp1_masked
chr7	153479294	153487410	cc48d77e-b8a7-49f9-95d1-04824c456237	153478039	153490807	rev	8116	1298	2348	0	0.320583	0.003509	0.883041	-3	right	OV3_Cisp1_masked
chr8	4249072	4253884	148de6b4-9b14-47e5-82a6-13d6fdc62dad	4247756	4254942	fwd	4812	1003	1943	0	0.211896	0.003663	0.663004	-3	right	OV3_Cisp1_masked
chr8	12602966	12611320	c25227b3-551b-45e5-9e02-1d18546e7c7f	12597437	12622255	rev	8354	3612	1787	0	0.370833	0.006329	0.85654	0.391925	right	OV3_Cisp1_masked
chr8	55281674	55284214	dfb993a8-21b4-477a-b1b3-0c7be22ab3d6	55281667	55293030	rev	2540	1275	578	0.109244	0.42577	0.006803	0.591837	-1	right	OV3_Cisp1_masked
chr8	59270799	59285242	fa3a4f42-1239-48b1-a26c-f0b94cb70e4e	59270784	59285248	fwd	14443	2370	8872	0.078665	0.368296	0.001482	0.863283	-3	right	OV3_Cisp1_masked
chr8	98225926	98239577	23b59736-7dff-497c-bc61-75e59a7ba2ac	98225459	98240969	rev	13651	1019	8529	0	0.221649	0.021352	0.756821	-3	right	OV3_Cisp1_masked
chr8	101196318	101201629	0dadfaec-d68a-4746-869a-d581b9bf321f	101193469	101201635	rev	5311	3166	1231	0.01355	0.197832	0	0.485488	-3	right	OV3_Cisp1_masked
chr8	120256424	120267856	3e58ec32-a960-4a3b-9683-9c0f327be6cb	120256414	120267861	fwd	11432	1131	5610	0	0.179558	0	0.875289	-3	right	OV3_Cisp1_masked
chr9	95684796	95697382	cae5b409-6d9f-4f0c-86db-c32d241be0ee	95684791	95698213	fwd	12586	1331	9240	0	0.416667	0.012219	0.860071	-3	right	OV3_Cisp1_masked
chr9	106619996	106638466	ca363780-17e5-4578-981b-b748c2f5b628	106619990	106639207	rev	18470	1930	13429	0.034296	0.220217	0.014861	0.813098	-3	right	OV3_Cisp1_masked
chrX	67547550	67552542	95fb972d-5e16-4cdc-ac8b-5fabf7c992e0	67543346	67552548	fwd	4992	1854	1732	0	0.229329	0.010399	0.518198	-3	right	OV3_Cisp1_masked
chrY	56857332	56868586	fdd136b5-5c15-4e14-84d8-c06809e204d8	56856819	56868590	rev	11254	1276	5368	0.009554	0.152866	0.040462	0.690173	-3	right	OV3_Cisp1_masked
chr1	1948520	1954399	30827f43-ebcb-4f61-bb5f-c4cd62d26b5e	1940825	1965848	rev	5879	2163	1143	0	0.882857	0.108626	0.741214	0.404791	right	UWB_Cisp0
chr1	3565363	3570539	eb7c1027-b387-43c3-b648-b1d6621c324f	3554855	3570546	fwd	5176	2219	1137	0	0.347701	0	0.781818	-3	right	UWB_Cisp0
chr1	4674234	4682999	9956ba23-95c2-4197-abf5-b5c1d28f8fea	4655644	4683003	rev	8765	1743	6304	0	0.486264	0.009079	0.692607	-3	right	UWB_Cisp0
chr1	9124866	9130845	05673ca0-a8ff-41f9-be90-06202eac6456	9120528	9136485	rev	5979	2137	3618	0	0.771154	0.004093	0.776262	-3	right	UWB_Cisp0
chr1	9894254	9899501	ad036908-26c9-4088-819f-a7646129c2c3	9887986	9899507	fwd	5247	1193	1937	0	0.317784	0	0.70615	-3	right	UWB_Cisp0
chr1	12750638	12757722	a333dbd0-11df-43fc-8930-f00a4c517270	12742533	12760490	fwd	7084	2137	4689	0	0.697917	0.019178	0.63105	-3	right	UWB_Cisp0
chr1	17194937	17201905	0fffec3f-a556-4ce2-8f26-4f5008106f99	17188393	17201918	fwd	6968	1289	2483	0.006557	0.678689	0.009302	0.906977	-3	right	UWB_Cisp0
chr1	19377778	19381366	d5783650-6716-4556-be14-76e89b0eb4ee	19377767	19388115	rev	3588	1158	2033	0.13986	0.688811	0.022099	0.72744	-3	right	UWB_Cisp0
chr1	21924427	21931222	2638d467-8deb-4015-b2b0-b1d31aa3877a	21923823	21937725	fwd	6795	2133	4219	0.002123	0.503185	0.012959	0.583153	-3	right	UWB_Cisp0
chr1	24918280	24923191	bef8507c-d3ca-4372-ae56-d42349a49949	24912388	24924607	fwd	4911	3028	1658	0.001264	0.604298	0.008889	0.795556	-3	right	UWB_Cisp0
chr1	27229593	27232988	ad694848-2e5b-4cbb-8fe9-ea6f4c7e8abc	27226197	27236703	fwd	3395	1239	1413	0.037037	0.57265	0.071429	0.729167	-1	right	UWB_Cisp0
chr1	31653163	31663743	22f9b7bf-4ad8-42c5-9511-d63f468a2af6	31651966	31663751	fwd	10580	3961	4678	0.020948	0.673649	0.012862	0.784566	-3	right	UWB_Cisp0
chr1	31817991	31830270	f3862a55-ad71-4fa7-80ff-c82a3d67e955	31817986	31830278	rev	12279	2976	8867	0.061898	0.668501	0.048964	0.811676	-3	right	UWB_Cisp0
chr1	35766611	35777714	b98d5e90-d82b-4d6e-a565-4b6e1c2e959b	35766603	35777720	rev	11103	3176	6453	0	0.910319	0.040392	0.86382	-3	right	UWB_Cisp0
chr1	46616550	46622114	9bbfdba5-ecf2-4d8c-a33c-560be0d31dda	46614375	46629538	rev	5564	2946	2302	0.002861	0.705293	0	0.760748	-3	right	UWB_Cisp0
chr1	47316968	47320836	9d3aa54a-4d67-4902-83ab-cec837a61b52	47313289	47320842	fwd	3868	914	2626	0.050847	0.639831	0.008969	0.90583	-3	right	UWB_Cisp0
chr1	59033629	59038681	a7559af9-b60e-462a-8f3d-dae90a0cf91a	59032403	59042271	rev	5052	1066	3668	0	0.369963	0	0.788276	-3	right	UWB_Cisp0
chr1	59095595	59103593	9c11c9d7-79cb-4000-8465-b60eecf5a55b	59095587	59114514	rev	7998	3484	4233	0.01606	0.70985	0.031513	0.790616	0.334793	right	UWB_Cisp0
chr1	70516956	70525116	ebc1959f-100f-4f74-8400-d99629af95b6	70515576	70535828	fwd	8160	2042	5690	0.003846	0.686538	0.061073	0.627854	0.41685	right	UWB_Cisp0
chr1	72588902	72596343	b652eaaf-5fd1-472a-ac45-6515e2a431d1	72586663	72596351	rev	7441	2623	4389	0.004768	0.705602	0.047518	0.843972	-3	right	UWB_Cisp0
chr1	73057252	73063823	620cc81f-ca45-4385-ae36-cc4bb05589b9	73057246	73063828	rev	6571	3606	2600	0	0.757692	0.064067	0.735376	-3	right	UWB_Cisp0
chr1	73936021	73939346	b51008db-9b55-43ac-8052-8e44b6a8841e	73934013	73961474	fwd	3325	2454	596	0.004724	0.685039	0	0.766082	-1	right	UWB_Cisp0
chr1	74717944	74722988	794d48e6-e95d-4489-aace-01b3294bb230	74711562	74722994	rev	5044	2282	2097	0.066667	0.493651	0.061813	0.70467	-3	right	UWB_Cisp0
chr1	84726550	84733028	8b53f1ec-4754-4100-8bb6-408b8c6be6a3	84725387	84733033	fwd	6478	1652	4569	0	0.666048	0.022831	0.81621	-3	right	UWB_Cisp0
chr1	87951502	87960608	3bebac84-f008-48a8-94d3-9a01a54a9983	87951489	87961821	rev	9106	1225	4906	0.045455	0.514205	0.01294	0.909418	-3	right	UWB_Cisp0
chr1	93713332	93725031	0bba8cbb-3f45-4b15-9bdc-8dd5d4f29585	93712195	93725039	fwd	11699	4490	6851	0.00823	0.706173	0.059072	0.746233	-3	right	UWB_Cisp0
chr1	95827148	95834932	9b0ff3f5-5637-4092-bf95-8de766516516	95825140	95837660	rev	7784	3001	1096	0.001217	0.8382	0.003344	0.963211	-3	right	UWB_Cisp0
chr1	100445821	100452424	0ef31fdc-a7a4-43a6-a8c5-81fb789280de	100438162	100452428	rev	6603	2250	3833	0.00678	0.649153	0.054721	0.700644	-3	right	UWB_Cisp0
chr1	103352042	103359570	b1b3a30c-f4c7-4e7f-91bf-b70f37ad2987	103352038	103360503	fwd	7528	1985	5027	0.034711	0.421488	0.004464	0.824107	-3	right	UWB_Cisp0
chr1	105308727	105315728	ab091cc8-9f1f-4672-9822-933e1dcc8efb	105308720	105318255	rev	7001	3317	2615	0.000979	0.602351	0.001112	0.939933	-3	right	UWB_Cisp0
chr1	110593862	110598814	667d69b7-d7f5-4c8d-aec2-fdab5362ac06	110591885	110600240	fwd	4952	3094	1585	0.001297	0.774319	0.00295	0.79351	-3	right	UWB_Cisp0
chr1	112054381	112063502	01746e2a-d7f1-434b-9851-c5b1db986905	112051672	112068335	rev	9121	4236	4335	0	0.492308	0.027703	0.725648	-3	right	UWB_Cisp0
chr1	117329605	117340911	42ca0d75-a2ff-4570-90e8-4f713c753489	117324450	117341986	rev	11306	2409	6646	0.002981	0.877794	0.059462	0.779731	-3	right	UWB_Cisp0
chr1	118031792	118037416	972ed3f8-d887-42d7-b639-c09e2590f520	118030916	118037431	rev	5624	3563	1739	0.010721	0.761209	0	0.878182	-3	right	UWB_Cisp0
chr1	120520460	120527497	f948219e-258a-466e-9bbf-c2d4479467c0	120520452	120529375	rev	7037	2198	1779	0.001572	0.84434	0	0.969112	-3	right	UWB_Cisp0
chr1	120904330	120909686	5bc50896-0298-4a54-ba7a-57c0477a3a96	120897416	120909693	fwd	5356	2453	2614	0.037293	0.691989	0.066434	0.703963	-3	right	UWB_Cisp0
chr1	143213478	143222723	28f1b9da-42ea-49c9-a662-bdf92093134d	143213470	143223517	rev	9245	1994	6331	0.007853	0.734293	0	0.775305	-3	right	UWB_Cisp0
chr1	143223666	143229966	b1ef99c6-24cd-4242-a6da-5f3af529d48d	143217189	143241026	fwd	6300	3699	2596	0	0.125	0	0.375887	-3	right	UWB_Cisp0
chr1	147790855	147797914	0c47f536-bd01-47a1-b1a5-67533db0e491	147785890	147803850	fwd	7059	1603	4810	0.025641	0.571096	0.057014	0.666917	-3	right	UWB_Cisp0
chr1	148281029	148288086	dfb945fb-9d04-4a26-82b5-8df20c2bfbdc	148273643	148300913	fwd	7057	1699	4850	0.034392	0.568783	0.064291	0.719776	-3	right	UWB_Cisp0
chr1	151773225	151779746	28d08b6a-a08e-4370-81cb-dbac0740aad9	151769153	151779753	fwd	6521	4212	1634	0.022265	0.550823	0.03178	0.707627	-3	right	UWB_Cisp0
chr1	152641360	152648120	3c2104b2-ede0-4f6a-874e-da20ec436248	152633344	152648157	rev	6760	3025	2727	0	0.85	0.008863	0.837518	-3	right	UWB_Cisp0
chr1	154222860	154228288	d4c2dfc2-fec0-4ee4-9da2-a2aeaaf90380	154216450	154228476	rev	5428	2541	2510	0.029851	0.598372	0.044014	0.71831	-3	right	UWB_Cisp0
chr1	157072668	157082088	4bb02dbc-be70-4774-9e77-55c313a7da64	157070998	157082709	fwd	9420	1234	6887	0	0.390335	0.029337	0.652504	-3	right	UWB_Cisp0
chr1	160651014	160662514	40c8b600-ab59-4501-b2e7-515eda6f18ee	160650755	160662522	fwd	11500	3949	6568	0.021717	0.724922	0.025241	0.87196	-3	right	UWB_Cisp0
chr1	164666724	164670305	4436ee20-2ef5-49bc-8ae0-7c55b3082ef0	164656841	164674319	rev	3581	1255	2082	0	0.438953	0.03913	0.602174	-3	right	UWB_Cisp0
chr1	165290896	165297630	a6445869-4ec3-499a-ac14-24650deaf7b9	165286000	165297644	fwd	6734	3718	2724	0.003279	0.762842	0.055866	0.747207	-3	right	UWB_Cisp0
chr1	166459782	166468187	e96c1362-1910-4087-afec-2c4b29e7501b	166458803	166468999	rev	8405	2761	4853	0.035831	0.752443	0.003569	0.940757	-3	right	UWB_Cisp0
chr1	169893437	169900521	469b482b-fa3c-4194-b070-4e326015fbd7	169892308	169900525	rev	7084	2149	4569	0.00369	0.828413	0.035103	0.855308	-3	right	UWB_Cisp0
chr1	170001894	170010656	574110e6-a0e1-4116-add3-9f03fd453a9a	169999722	170010660	rev	8762	4848	3621	0	0.645608	0.045685	0.729514	-3	right	UWB_Cisp0
chr1	170855999	170863406	19897918-ae68-43c1-a51a-e9dd5b6dacaa	170854367	170863412	fwd	7407	2837	4286	0.003606	0.774038	0.005367	0.859571	-3	right	UWB_Cisp0
chr1	178658053	178666781	4f5f70cc-fd75-406b-ba86-b28b94b71184	178658045	178673532	fwd	8728	2147	5929	0	0.690878	0.003213	0.863111	-3	right	UWB_Cisp0
chr1	179097017	179101147	97393bea-f8db-4a30-8456-2aed4ac57537	179096209	179108155	rev	4130	1023	2757	0	0.438406	0.006188	0.767327	-3	right	UWB_Cisp0
chr1	179915382	179919898	40bb3b9b-905a-44af-9dba-bd0a7b136bcb	179913261	179919902	rev	4516	2704	1524	0.039591	0.644955	0.052009	0.801418	-3	right	UWB_Cisp0
chr1	180064348	180069815	4d438b8c-b06e-4789-9f09-1b350d1d00c1	180059543	180069820	rev	5467	3813	1311	0.020391	0.497876	0	0.781176	-3	right	UWB_Cisp0
chr1	180612576	180617887	7bae67aa-efd5-43de-8994-33968236292f	180604768	180617893	fwd	5311	2018	1937	0	0.500739	0.007921	0.669307	-3	right	UWB_Cisp0
chr1	185768847	185772914	be269848-c946-464c-ad90-8b9917a64882	185767036	185772923	rev	4067	1236	2484	0	0.584239	0.016416	0.852257	-3	right	UWB_Cisp0
chr1	188768824	188777884	c7d7bcfd-2802-4119-90d3-7a7fd07828c8	188768815	188778932	rev	9060	2238	6528	0.094576	0.628651	0.031972	0.824156	-3	right	UWB_Cisp0
chr1	189975475	189981022	b57ac32a-bcdf-4cab-8143-20939d0dfcb2	189965607	189984428	rev	5547	1951	3340	0.023622	0.537402	0.004994	0.761548	-3	right	UWB_Cisp0
chr1	193537175	193539355	58600f1b-83e5-414d-aedd-f9c65732765a	193532846	193545572	fwd	2180	882	971	0	0.801498	0.026012	0.771676	-1	right	UWB_Cisp0
chr1	194494137	194501992	9b8a3f66-9285-4f25-94f9-9cb6072f0f8a	194492851	194504068	fwd	7855	3490	2353	0.014056	0.676707	0.001328	0.903054	-3	right	UWB_Cisp0
chr1	195644813	195649393	cef3b354-bd36-41e3-b8e5-490329afb00f	195644128	195649399	rev	4580	1821	2390	0.01461	0.550325	0.023774	0.82318	-3	right	UWB_Cisp0
chr1	205772147	205786294	5aeacedb-19a4-45b5-948e-6d371c7caf39	205756664	205787597	rev	14147	4396	9457	0	0.757273	0.068552	0.627678	-3	right	UWB_Cisp0
chr1	208166043	208179406	d989248d-95cd-4c9b-b54d-daf9ab9a3e80	208163401	208181352	rev	13363	2241	8332	0.00318	0.63275	0.017824	0.906191	-3	right	UWB_Cisp0
chr1	212615154	212625139	718e669b-ce32-4b9a-9049-3386ed4c3fcc	212611755	212626939	fwd	9985	3260	4371	0.081967	0.552333	0.005	0.9275	-3	right	UWB_Cisp0
chr1	213639227	213647779	eeca7b18-72b7-4b28-84c9-f461a9f7b158	213639219	213651425	rev	8552	1190	6488	0.092593	0.818519	0.011396	0.877493	-3	right	UWB_Cisp0
chr1	213690354	213696071	5083edf3-5278-4a92-914d-eb337f3083c4	213680519	213696077	rev	5717	541	4909	0	0.834646	0.014937	0.909591	-3	right	UWB_Cisp0
chr1	215715191	215721964	4405329f-675c-4819-afab-d627d94b824c	215715187	215721975	fwd	6773	3366	2020	0.129524	0.642857	0.087786	0.814885	-3	right	UWB_Cisp0
chr1	219374164	219379071	91438609-cda7-42e3-909c-0dd0b20c2657	219369374	219379075	rev	4907	1730	2953	0.001992	0.635458	0	0.857561	-3	right	UWB_Cisp0
chr1	221955755	221964981	1990872b-8b1d-4304-bf06-aca76cbc5d2f	221954357	221964989	rev	9226	4735	4113	0.030247	0.761728	0.08092	0.720613	-3	right	UWB_Cisp0
chr1	225821139	225826961	33fcfab9-c9ea-4b5f-9f8a-88d178adee72	225814588	225827007	rev	5822	2628	1830	0	0.754331	0.033981	0.633495	-3	right	UWB_Cisp0
chr1	230033452	230036533	b3f335a3-a8f0-4680-8884-8f49278df4a5	230021383	230036538	fwd	3081	1200	1459	0	0.382436	0.016575	0.788214	-3	right	UWB_Cisp0
chr1	230108497	230111483	73d77209-776a-48a7-8c65-d55cd20e58d3	230094201	230115473	rev	2986	1582	1145	0.005195	0.535065	0	0.742308	-3	right	UWB_Cisp0
chr1	230125150	230132275	8e9c4a58-d14e-49d5-8736-d1f1f23f2d2a	230122906	230132282	fwd	7125	4685	2048	0.00081	0.575709	0.044898	0.720408	-3	right	UWB_Cisp0
chr1	234014600	234023787	2325a8b1-08a5-46f5-9aa0-2782508ace99	234011815	234023799	fwd	9187	4580	4381	0.044156	0.680519	0.044389	0.755444	-3	right	UWB_Cisp0
chr1	242288416	242300192	9bae1d08-03ce-4825-9059-13eb4b567688	242285542	242312905	rev	11776	4785	6712	0.031228	0.722498	0.014803	0.896382	0.107709	right	UWB_Cisp0
chr1	245114070	245118742	8147f1ab-553b-4acd-b176-f5495a8f6806	245106714	245118746	rev	4672	2849	1428	0	0.347889	0.013333	0.733333	-3	right	UWB_Cisp0
chr1	246110322	246120962	448137e3-6b6c-4d23-80eb-97133dd2b651	246110316	246120966	rev	10640	1890	8163	0.043137	0.929412	0.082265	0.788756	-3	right	UWB_Cisp0
chr1	247249231	247257547	6c3e16b7-6b6c-4dec-938b-b0249120b9d8	247249217	247260293	rev	8316	2501	3265	0.093156	0.844106	0.023204	0.921547	-3	right	UWB_Cisp0
chr10	10098958	10110185	c2a0fb39-4779-4854-bbfd-842faf9f4261	10094612	10110191	fwd	11227	1622	9369	0	0.516129	0.033385	0.782997	-3	right	UWB_Cisp0
chr10	22397738	22414768	0f80ffdf-5173-41d7-9f4f-d40c2a6fde2a	22394969	22419141	rev	17030	3923	11085	0.006494	0.732955	0.038301	0.709898	-3	right	UWB_Cisp0
chr10	30767671	30773797	ca11a67c-5c26-49d5-b04d-a478b8977dff	30765072	30773802	fwd	6126	4375	1406	0.000896	0.527778	0.044776	0.779851	-3	right	UWB_Cisp0
chr10	32429745	32437389	3f86607b-c25f-4899-934c-e4f92cf0235f	32429112	32437395	rev	7644	2720	3422	0.001433	0.445559	0.046137	0.711373	-3	right	UWB_Cisp0
chr10	32611481	32620983	622192fb-8fce-4ea1-b823-fa51fb12dd69	32611473	32621628	rev	9502	1795	3992	0.013441	0.884409	0	0.91911	-3	right	UWB_Cisp0
chr10	33851421	33869561	36520573-0e12-4215-b448-8d8063dc8b88	33828425	33870132	fwd	18140	1422	14763	0.042105	0.754386	0.013053	0.87503	-3	right	UWB_Cisp0
chr10	34278174	34288440	2f7d68da-c8b6-455a-b241-e429693cb61a	34278168	34290883	fwd	10266	2651	7373	0.001359	0.764946	0.044118	0.744118	-3	right	UWB_Cisp0
chr10	41871321	41876872	c2e693dc-b7d2-42f7-ba08-de50941dbef2	41842917	41878211	fwd	5551	1456	1579	0.171053	0.429825	0	0.509009	-3	right	UWB_Cisp0
chr10	41871706	41875063	42a21ae2-7697-433e-950c-ad0cd9f9a914	41862729	41880440	fwd	3357	1137	560	0.085366	0.439024	0.032967	0.494505	-1	right	UWB_Cisp0
chr10	41865288	41877995	63aaac36-cb12-4f29-969e-acd347167ebd	41862870	41879297	fwd	12707	11032	1178	0.060606	0.434692	0.004717	0.566038	-3	right	UWB_Cisp0
chr10	41869602	41876710	cf1a7980-23b2-4ad1-aebe-d0dccd3a81c1	41867290	41883450	fwd	7108	6041	714	0.176862	0.37367	0	0.595745	-1	right	UWB_Cisp0
chr10	41888182	41890852	08fd7e0f-fda5-4fd3-a9cb-acec9cdb1788	41879298	41894375	fwd	2670	1035	1005	0.039216	0.509804	0.037736	0.528302	-3	right	UWB_Cisp0
chr10	41886271	41892605	71c13899-03e0-4802-b672-7eeee4c4fc79	41883621	41898023	fwd	6334	827	2353	0	0.135135	0.034682	0.557803	-3	right	UWB_Cisp0
chr10	41884049	41889482	6139130c-6a9a-4ee4-b8a1-b50d93cc4d4a	41883793	41905515	fwd	5433	1396	1155	0.022857	0.508571	0	0.184211	-3	right	UWB_Cisp0
chr10	41888317	41894870	5f518075-7a9f-4302-9000-3988f697b85a	41887180	41916265	fwd	6553	2161	1065	0.051136	0.428977	0	0.460317	-1	right	UWB_Cisp0
chr10	41899411	41907529	7d6ea512-96db-4bb7-bf87-734b58938dbb	41898670	41909054	fwd	8118	2563	1603	0.020595	0.414188	0.04811	0.536082	-3	right	UWB_Cisp0
chr10	41903288	41907379	6715e6cd-a4a2-4491-bdd9-c905ea718a48	41899829	41915786	fwd	4091	1379	1393	0.063025	0.298319	0.027778	0.47619	-3	right	UWB_Cisp0
chr10	46379182	46384759	de779b6d-fe53-4eee-837e-3b9e4950a58a	46374341	46385703	fwd	5577	1132	3234	0.068966	0.530172	0.082822	0.587423	-3	right	UWB_Cisp0
chr10	59827030	59831633	cc5956d5-6be6-40ed-bb34-f1c89ba4ef79	59826994	59835726	rev	4603	1482	2884	0.068762	0.534381	0.025668	0.722995	-3	right	UWB_Cisp0
chr10	61080798	61088642	39878429-8455-4b5c-87ba-d11d21a67fd9	61079579	61089238	rev	7844	1905	4970	0.032787	0.59745	0.036406	0.808675	-3	right	UWB_Cisp0
chr10	69075166	69080842	4e492922-999e-4cfa-9f85-e41b750ab6c2	69075159	69084482	fwd	5676	3688	1592	0	0.77106	0.047354	0.545961	-3	right	UWB_Cisp0
chr10	70445046	70450583	e558cf3b-af53-4384-b5cc-9e579477f838	70439679	70450589	fwd	5537	2005	3173	0.031895	0.452158	0.01	0.72875	-3	right	UWB_Cisp0
chr10	70487023	70493430	fd4490aa-10fe-4dab-b62d-bba06c26b681	70487012	70494539	fwd	6407	1851	4284	0.029304	0.840659	0.056038	0.811365	-3	right	UWB_Cisp0
chr10	70794900	70799122	6926e336-0baf-411e-b3e7-f94c2a173995	70750975	70800108	fwd	4222	2601	1210	0.019934	0.48505	0.00361	0.707581	-3	right	UWB_Cisp0
chr10	75572453	75579523	63241c50-fd27-4556-83d3-d1096dd1fb44	75569876	75579712	rev	7070	1758	5093	0	0.599068	0.000596	0.878427	-3	right	UWB_Cisp0
chr10	77931433	77937169	e81cdd64-f185-45d1-8017-adf4d9cf0a79	77930976	77947738	rev	5736	1797	3607	0	0.535874	0.003043	0.68357	-3	right	UWB_Cisp0
chr10	83445670	83451004	0e8a019c-d727-4d42-a730-d2b7c1931299	83445665	83451011	rev	5334	1562	3522	0.006897	0.586207	0.02251	0.887449	-3	right	UWB_Cisp0
chr10	93715145	93724184	964c37d1-eeb9-44c8-87e5-e0ee47d57fc3	93706986	93739495	rev	9039	1033	7608	0.030075	0.545113	0.053113	0.586852	0.498761	right	UWB_Cisp0
chr10	95727877	95732014	b0878535-928c-404b-a82a-2c23d00654bc	95722517	95732021	fwd	4137	1985	1834	0	0.573596	0.048825	0.755877	-3	right	UWB_Cisp0
chr10	97481687	97488882	129cd66e-2d0e-4068-abfc-aebe5e700607	97478456	97490464	rev	7195	2372	3654	0.001456	0.462882	0.023915	0.800709	-3	right	UWB_Cisp0
chr10	100457811	100462314	fb2bedf3-5631-49db-95ae-19949e6e9167	100454679	100462319	fwd	4503	1468	2466	0.02349	0.449664	0.00639	0.71246	-3	right	UWB_Cisp0
chr10	103390430	103396316	add616ba-a580-4494-b159-8badfbcb8e22	103376586	103400987	fwd	5886	2968	1814	0.011749	0.523499	0.058036	0.533482	-3	right	UWB_Cisp0
chr10	120059421	120068664	2f62f40d-2771-4662-9690-36bdb53ea361	120059412	120068668	rev	9243	4476	4418	0.01479	0.760887	0.020122	0.922135	-3	right	UWB_Cisp0
chr10	121529413	121537261	42aab0ec-c0c3-4172-a0d4-3f7534841645	121513468	121537270	fwd	7848	2257	3026	0	0.736	0.049938	0.598002	-3	right	UWB_Cisp0
chr10	125819623	125831125	df52d786-cc10-4176-8387-03ce44511671	125819454	125832740	rev	11502	2723	8542	0.001264	0.767383	0.017807	0.803187	-3	right	UWB_Cisp0
chr11	9188111	9191150	82bc7cd1-0959-424b-8c68-f272a409da99	9181543	9191159	fwd	3039	1394	1362	0	0.461774	0	0.639386	-3	right	UWB_Cisp0
chr11	14430551	14442389	9e75ab2c-2d22-46db-8c35-2ed6ea26e159	14425350	14442718	rev	11838	1482	9176	0.064626	0.615646	0.046656	0.704121	-3	right	UWB_Cisp0
chr11	19108373	19113449	8f269f39-0366-449a-aa91-01716c1eff1c	19107131	19114472	fwd	5076	1667	3002	0.035211	0.481221	0.065421	0.696262	-3	right	UWB_Cisp0
chr11	26037881	26044726	15c8692a-294f-4028-84be-647125fb8642	26035020	26044731	fwd	6845	3853	2674	0.020934	0.621578	0.048995	0.785176	-3	right	UWB_Cisp0
chr11	29689461	29699831	4cfd1b5b-177e-4e9e-a40e-aff711c49f3a	29683458	29704889	fwd	10370	4081	5943	0.027961	0.583882	0.037975	0.715612	-3	right	UWB_Cisp0
chr11	29921128	29932631	5047dfbd-e8e3-4041-9eac-5890cd776bcf	29919937	29933366	fwd	11503	1428	9813	0	0.670951	0.07469	0.804956	-3	right	UWB_Cisp0
chr11	34760539	34767996	ba3f15b6-85b3-4044-b2e7-e22fdc3464ec	34756868	34773159	rev	7457	3280	3028	0.0224	0.6272	0.089419	0.661699	-3	right	UWB_Cisp0
chr11	39749583	39754538	954d5fd8-50bb-4c0c-a907-92f06240caa3	39733968	39754543	fwd	4955	1103	3610	0.038123	0.601173	0.015504	0.720069	-3	right	UWB_Cisp0
chr11	46526800	46535717	4f4ca8e4-0342-4d73-bc51-b2f81357d048	46518223	46535722	rev	8917	4471	3938	0.007278	0.653566	0.09633	0.70367	-3	right	UWB_Cisp0
chr11	48258039	48262086	8923ba7b-b7aa-4eec-8c96-1a0dbdfb45c2	48258034	48273114	fwd	4047	1151	2626	0.049536	0.473684	0.030695	0.714055	-3	right	UWB_Cisp0
chr11	48320256	48326397	9ad68914-0235-45a9-9548-5bb0a87353b5	48317987	48326402	rev	6141	1157	4661	0.00692	0.608997	0.072754	0.755011	-3	right	UWB_Cisp0
chr11	49181511	49190223	567cd4ed-a377-462a-bbb7-1c8232ac79df	49181505	49190232	rev	8712	4228	4140	0.031496	0.760916	0.033613	0.800611	-3	right	UWB_Cisp0
chr11	58086617	58089623	67410508-90dc-43f2-a2ba-368a2b282a39	58082509	58089629	fwd	3006	1564	1172	0.045361	0.498969	0.080786	0.585153	-3	right	UWB_Cisp0
chr11	63321123	63335722	f203282f-27be-455b-9598-b3b440d5895b	63321118	63339579	fwd	14599	1310	11740	0.039683	0.710317	0.002803	0.798981	-3	right	UWB_Cisp0
chr11	66009783	66017561	6963203a-3a07-40f9-b6f7-3a98bb298a1a	66004992	66024363	rev	7778	2134	4300	0	0.310023	0.012373	0.669291	-3	right	UWB_Cisp0
chr11	71589316	71594281	bec4c142-fdc6-4fd0-8dca-f0929c219afd	71584322	71598719	rev	4965	1390	3187	0.045317	0.522659	0.010485	0.768021	-3	right	UWB_Cisp0
chr11	75473187	75483666	88ea0337-93a6-493b-bd18-c51c6c5a094c	75473179	75483676	rev	10479	4053	4940	0.060024	0.823529	0.05425	0.808318	-3	right	UWB_Cisp0
chr11	86084564	86092044	9331468d-c647-47b1-845f-a817bf5218a0	86071967	86092053	rev	7480	2889	4281	0	0.545886	0.011401	0.732085	-3	right	UWB_Cisp0
chr11	93279822	93289728	3ce6e242-d6f6-4c62-beb1-cdadca508ef3	93273921	93292747	fwd	9906	1970	3876	0.011364	0.362013	0.018667	0.768	-3	right	UWB_Cisp0
chr11	94233435	94239606	2660e01f-4c83-47b8-8066-37b8cf2b7707	94232894	94239611	fwd	6171	1046	4865	0.019465	0.56691	0.015176	0.893767	-3	right	UWB_Cisp0
chr11	106095757	106104980	196431b2-8b8f-4467-bb19-f4044f831df2	106090710	106104986	rev	9223	2919	5554	0.027304	0.622298	0.062711	0.738368	-3	right	UWB_Cisp0
chr11	112048009	112056316	aaaa9523-4f44-4716-9d39-2cd8d1dfe8f8	112028108	112057907	rev	8307	1203	4297	0	0.549407	0.000951	0.804948	-3	right	UWB_Cisp0
chr11	113101796	113110481	e516a328-bc3f-4802-9204-8c9b1de316fc	113097070	113112094	rev	8685	2256	5112	0	0.628931	0.019854	0.827929	-3	right	UWB_Cisp0
chr11	113990663	113995447	9c45880f-c9b8-4682-81a4-ca71db343d9c	113981611	113998771	rev	4784	1483	3049	0	0.486683	0	0.87971	-3	right	UWB_Cisp0
chr11	117080674	117090808	9a853eb4-c212-4b9f-954a-d957ceced918	117067726	117090812	rev	10134	1006	8578	0.018927	0.463722	0.050975	0.583208	-3	right	UWB_Cisp0
chr11	118910582	118920001	b35d87b0-f9ce-449e-98a8-652cf896da7c	118897841	118920006	rev	9419	3499	4185	0.046358	0.217219	0.061224	0.604308	-3	right	UWB_Cisp0
chr11	119124368	119127656	b5383cd1-8831-4990-a6ee-08b0b49108f2	119122196	119135698	rev	3288	1229	1771	0	0.569492	0.002188	0.814004	-3	right	UWB_Cisp0
chr11	119756463	119759352	084d1ded-3cc8-4e7a-b930-c54b68b672b6	119749893	119759360	fwd	2889	1294	1288	0	0.523649	0	0.741379	-3	right	UWB_Cisp0
chr11	123099224	123103223	96347b12-dcd8-4ea3-82d7-44423c8395aa	123091018	123104278	fwd	3999	1304	2169	0	0.463023	0.049404	0.599659	-3	right	UWB_Cisp0
chr11	123255031	123269970	3024faba-eda4-4f29-9acb-6390502d7e43	123245624	123269975	rev	14939	1112	11340	0	0.521008	0.01	0.557097	-3	right	UWB_Cisp0
chr11	125136092	125145475	ed4d0c0f-a66e-4e59-8b65-c9a98471c891	125116055	125146050	fwd	9383	2633	6304	0	0.653997	0.000643	0.566195	-3	right	UWB_Cisp0
chr11	129605260	129611977	c211f93d-3922-4f76-bea0-57a14bf1259b	129603548	129620110	rev	6717	2409	3368	0.008915	0.719168	0.045161	0.717419	-3	right	UWB_Cisp0
chr11	130290235	130300463	26993395-ce23-4b68-8146-973f5685e096	130290231	130300477	fwd	10228	1872	5335	0.025408	0.491833	0.015516	0.917766	-3	right	UWB_Cisp0
chr11	132143292	132150155	7592f780-5968-490c-9446-7baf1d7effe8	132138649	132150890	rev	6863	1419	5175	0	0.483204	0.032329	0.821455	-3	right	UWB_Cisp0
chr11	134352015	134361365	3cc44bf5-da1f-4a32-a74a-d83d9730730e	134352003	134361370	fwd	9350	1549	6347	0	0.512733	0.002363	0.828116	-3	right	UWB_Cisp0
chr12	2350312	2354941	10b5fc3f-8b8a-4470-b628-3b2757781bfe	2347441	2355296	fwd	4629	1952	2372	0.002041	0.653061	0.037807	0.765595	-3	right	UWB_Cisp0
chr12	4845632	4856297	08565d7a-dbf5-47ed-bfc9-22945f7edd66	4841100	4856302	rev	10665	2908	7467	0.00317	0.638669	0.082085	0.691625	-3	right	UWB_Cisp0
chr12	9950351	9955908	40234feb-eecc-41e2-9343-854fe22fe1b9	9950347	9957119	fwd	5557	1892	3424	0.024209	0.811918	0.024837	0.833987	-3	right	UWB_Cisp0
chr12	14801126	14806450	8114230e-f834-4141-8cff-338d1b4f66e3	14792765	14806455	fwd	5324	1382	2866	0.047511	0.368778	0.006803	0.705215	-3	right	UWB_Cisp0
chr12	14955013	14963012	e04322f2-00ab-42b2-ac22-1f25621903f3	14955002	14963026	rev	7999	1450	6320	0	0.820399	0.035368	0.894467	-3	right	UWB_Cisp0
chr12	17381814	17386768	dac2a9a3-4e01-47db-8788-2dc48e6c5cc3	17375532	17387719	rev	4954	1874	2144	0.001745	0.490401	0.060261	0.612378	-3	right	UWB_Cisp0
chr12	22608092	22613841	e44bbf0c-dc19-4164-9315-01750cf73f35	22603071	22613846	rev	5749	3129	2357	0.030336	0.693391	0.052941	0.717647	-3	right	UWB_Cisp0
chr12	26501040	26507136	9068a8e1-a85b-4ee0-8e3c-de9f672e3607	26477542	26507142	rev	6096	3346	1703	0.024322	0.46492	0.018904	0.78828	-3	right	UWB_Cisp0
chr12	33262131	33268756	c74bde07-79ed-4c3f-8380-df0a3f1498c3	33255193	33274118	rev	6625	1734	4479	0	0.592445	0.024233	0.713247	-3	right	UWB_Cisp0
chr12	37626396	37638995	3f84991f-4afb-4c01-97fe-7c7199125dc1	37626389	37640806	rev	12599	3626	6052	0.005623	0.856607	0.013144	0.882755	-3	right	UWB_Cisp0
chr12	38803015	38813645	17c9a90d-afa5-483b-81eb-83196bee525b	38803010	38815551	rev	10630	2392	7347	0.00442	0.911602	0.018466	0.843838	-3	right	UWB_Cisp0
chr12	47864055	47870992	f41b4875-ffe0-4eb6-98f9-57dba6c673f0	47857832	47871507	fwd	6937	1969	4589	0	0.582251	0.021234	0.647118	-3	right	UWB_Cisp0
chr12	48217932	48224804	fef80993-29ad-47ee-9aae-58116ae3890e	48215716	48229330	fwd	6872	1484	4501	0.004032	0.637097	0.006024	0.846051	-3	right	UWB_Cisp0
chr12	51058520	51065882	b7c22c43-442b-4d0a-a626-62b0aad979b0	51049504	51065887	fwd	7362	2652	4343	0.031564	0.539455	0.007401	0.838113	-3	right	UWB_Cisp0
chr12	51316148	51326188	039b5d7a-c2b6-4491-8acc-d0db25ec223e	51316109	51327345	rev	10040	1966	7852	0.023853	0.605505	0.019376	0.755113	-3	right	UWB_Cisp0
chr12	53003990	53009517	c659bea9-87c5-41dd-a914-fb8f76bf6feb	53001993	53009755	fwd	5527	2109	3041	0	0.413284	0.019254	0.762936	-3	right	UWB_Cisp0
chr12	53269049	53272922	c8a051b2-a001-4f53-86f3-7356f7d30cfb	53263351	53279391	fwd	3873	1613	1957	0	0.651948	0.020408	0.687755	-1	right	UWB_Cisp0
chr12	55648839	55654480	221dc59d-057d-425e-8768-aecec89e8517	55644155	55656779	fwd	5641	1034	4333	0	0.630705	0.001764	0.881834	-3	right	UWB_Cisp0
chr12	57638192	57648888	f6f2d9dd-9891-4a3d-8e3e-c6811d4cc40e	57638186	57648893	fwd	10696	2946	5253	0.006452	0.899355	0.113119	0.743126	-3	right	UWB_Cisp0
chr12	63269950	63275858	4920d0fc-2aed-43f1-89ff-9b24f37bbf0c	63259971	63275864	fwd	5908	3319	2246	0.01606	0.431478	0	0.803191	-3	right	UWB_Cisp0
chr12	68897671	68902245	54aee5a0-3393-41d6-b94a-62b204c9e2db	68893892	68902250	rev	4574	2736	1512	0.031653	0.783118	0.019231	0.878205	-3	right	UWB_Cisp0
chr12	69537588	69545303	b8edf506-bc67-4b6f-b517-f3653403d58e	69530056	69545314	fwd	7715	3690	3735	0.013876	0.540241	0.01155	0.746872	-3	right	UWB_Cisp0
chr12	70459378	70464874	882041e1-74df-4604-bd36-cb654d7c5bc3	70453722	70464879	rev	5496	1006	3405	0	0.363924	0.008629	0.66443	-3	right	UWB_Cisp0
chr12	74811705	74818632	791be436-b182-4890-bcdd-2c423a575282	74809635	74818639	rev	6927	3107	3236	0.066219	0.536468	0.092272	0.648212	-3	right	UWB_Cisp0
chr12	76108820	76115528	2dffd823-55de-44f7-98b8-64601fd93a57	76093571	76115532	rev	6708	1408	4657	0	0.316038	0.035714	0.443009	-3	right	UWB_Cisp0
chr12	76339261	76343312	5301ea59-2aa5-46a2-9b54-a03c86a8b88e	76337325	76343317	fwd	4051	2645	1077	0.047945	0.308219	0.012085	0.794562	-3	right	UWB_Cisp0
chr12	81167537	81171483	7d76fb12-0262-4adf-b22b-7f5c6e5f453b	81162928	81171489	fwd	3946	2166	1413	0	0.701587	0.005848	0.830409	-3	right	UWB_Cisp0
chr12	93217685	93223912	d6d6a4ab-e3d8-4ef3-a96c-3bdbff597159	93214976	93223920	fwd	6227	4709	1279	0.034207	0.775837	0.147971	0.639618	-3	right	UWB_Cisp0
chr12	96773017	96781430	b1406620-7990-4006-b0b4-b474350c74d0	96761802	96783359	fwd	8413	1591	3855	0.001786	0.719643	0.010363	0.85924	-3	right	UWB_Cisp0
chr12	97826549	97833665	96b21c96-3ce4-4555-a2b9-5b77c5c96eae	97818438	97843780	fwd	7116	1681	5218	0.02439	0.652439	0.029613	0.728929	0.379478	right	UWB_Cisp0
chr12	102578034	102592137	ab8a202c-a405-497c-b426-a8cca849e5d7	102574221	102592142	fwd	14103	2163	10531	0	0.830078	0.024949	0.855434	-3	right	UWB_Cisp0
chr12	113636640	113640627	a77d3b59-e4a4-40a8-916f-41854e750d4b	113624472	113641032	rev	3987	1904	1316	0	0.319693	0.022581	0.6	-3	right	UWB_Cisp0
chr12	114786775	114792261	e3281ef9-4922-414d-970a-7552b87cea3d	114782312	114792270	rev	5486	3881	1315	0.018365	0.725436	0.069832	0.639665	-3	right	UWB_Cisp0
chr12	117349076	117353814	b3037a02-8dac-4969-9cfe-059bd5522db4	117345450	117353821	fwd	4738	1937	2532	0	0.646409	0.00312	0.764431	-3	right	UWB_Cisp0
chr12	118362847	118371102	c0c7a313-4e2c-49aa-9874-958d5fde2f5c	118359937	118371109	fwd	8255	1747	6245	0	0.626238	0	0.794169	-3	right	UWB_Cisp0
chr12	118400705	118407738	e4bfd4f9-3dbb-4167-98a0-061cb7eae20e	118396196	118407742	rev	7033	2253	3466	0.028169	0.575704	0.041916	0.77006	-3	right	UWB_Cisp0
chr12	120442323	120445486	6fc39015-13ab-4faf-9e76-5aff9f2284d8	120437285	120445558	rev	3163	1296	1540	0	0.53211	0.012959	0.671706	-3	right	UWB_Cisp0
chr12	122260313	122263120	8aaf727a-84ed-437c-90b9-94dbacc4c092	122250039	122264282	fwd	2807	1444	1089	0.062295	0.367213	0.0301	0.585284	-3	right	UWB_Cisp0
chr12	122473152	122480551	a1268ba8-d74f-4cfe-a549-3570d6b9785f	122473146	122483378	rev	7399	2021	4846	0.008247	0.507216	0.014043	0.846268	-3	right	UWB_Cisp0
chr12	127827857	127833239	c5d0126b-c9dd-4769-aa09-894683ef8f41	127818914	127834987	rev	5382	1993	3126	0.058182	0.632727	0.015317	0.721007	-3	right	UWB_Cisp0
chr12	127859962	127866173	09f1aa09-111b-4a6f-8837-af61544f270b	127854241	127866188	fwd	6211	3508	2146	0.023374	0.496951	0	0.794931	-3	right	UWB_Cisp0
chr12	129247841	129257069	5e896866-1ec3-4a3b-9f9c-856ac6e54998	129247835	129257678	rev	9228	2428	3984	0.048921	0.730935	0.001837	0.940312	-3	right	UWB_Cisp0
chr13	26511659	26520836	190d0bcf-d64a-467b-aacf-63e32ade0de6	26506379	26520843	rev	9177	4218	4671	0.01011	0.730699	0.040396	0.749382	-3	right	UWB_Cisp0
chr13	29963529	29971144	ef09a16b-bab1-4c09-8462-f1627011eba2	29954664	29971149	rev	7615	2819	1470	0.035714	0.552795	0.182957	0.614035	-3	right	UWB_Cisp0
chr13	30821758	30826872	251519c6-a3b2-4be8-a869-2991305baa68	30811999	30829636	fwd	5114	1688	3171	0	0.601336	0.005834	0.786464	-3	right	UWB_Cisp0
chr13	34185238	34188694	5a185b06-a655-4757-9732-ce5bbec6da14	34185234	34196553	fwd	3456	1494	1720	0.203354	0.672956	0.051724	0.894984	-1	right	UWB_Cisp0
chr13	37214990	37219513	db58fdd2-9796-49b4-844e-e135f2e2514f	37201979	37220396	fwd	4523	1361	2934	0.020339	0.711864	0.036254	0.664653	-3	right	UWB_Cisp0
chr13	39456383	39464397	3a198c3c-e121-4ea4-b420-c0937279a517	39445128	39464405	fwd	8014	3289	4242	0.008475	0.46247	0.010144	0.802198	-3	right	UWB_Cisp0
chr13	40388444	40395614	bafc0dd3-2d56-4712-abad-8dcc7e3048d9	40379239	40395618	rev	7170	2709	4252	0.023739	0.734421	0.131651	0.632333	-3	right	UWB_Cisp0
chr13	46628258	46638997	14593d1c-f714-442a-9bff-46c405bf08e1	46628249	46639002	fwd	10739	5883	3907	0.01509	0.912943	0.056891	0.869391	-3	right	UWB_Cisp0
chr13	46961107	46970625	b8f7c700-64bf-4efa-8f3b-328807ff87e2	46958507	46970634	fwd	9518	1156	6025	0.039106	0.463687	0.018703	0.771479	-3	right	UWB_Cisp0
chr13	48039621	48049441	a0bcee73-553d-41f1-8de3-0a4cbe632c19	48035381	48049451	fwd	9820	1669	7856	0	0.566866	0.003239	0.9	-3	right	UWB_Cisp0
chr13	52935238	52948910	0d0b9d76-88f6-483a-9264-ee0f89151a48	52934949	52950519	fwd	13672	1982	10155	0.003953	0.667984	0.072042	0.759239	-3	right	UWB_Cisp0
chr13	54204779	54213502	5a89903d-b4dd-458c-8bd0-bcb697e0cb6d	54194080	54213510	rev	8723	3786	1693	0.016835	0.762626	0.075377	0.847571	-3	right	UWB_Cisp0
chr13	55209141	55217657	5cc7504a-0c46-41f6-ac88-7e50ff0fb07b	55207311	55217664	fwd	8516	1551	6691	0.002092	0.711297	0.00614	0.899561	-3	right	UWB_Cisp0
chr13	57340318	57345486	72b7ca36-b3ee-42b7-9f9b-d175fd86ac58	57332192	57345491	rev	5168	1653	3065	0	0.456731	0.005644	0.796802	-3	right	UWB_Cisp0
chr13	63243201	63248239	b419bbf8-857b-4a83-a169-07510f5af06a	63243190	63248243	rev	5038	3038	1437	0.079787	0.757447	0.071579	0.842105	-3	right	UWB_Cisp0
chr13	72729637	72736268	093a1b11-af1c-4b24-b278-b09636605485	72727153	72743340	rev	6631	3566	2691	0.002822	0.765757	0.052767	0.786358	0.736455	right	UWB_Cisp0
chr13	74005173	74010544	4563b4e7-8946-4620-b92e-5f60d0039d58	74004984	74014478	fwd	5371	1770	3337	0.053704	0.705556	0.006536	0.778867	-3	right	UWB_Cisp0
chr13	80777567	80799060	f0783e7b-13c1-4b6f-b715-0897b8b15380	80777561	80801209	rev	21493	1670	19581	0	0.807087	0.027063	0.725743	-3	right	UWB_Cisp0
chr13	85414876	85421821	599bdf7d-599c-4840-9e3f-0e4768ff9b52	85409117	85421894	rev	6945	1418	5325	0.034409	0.64086	0.001246	0.847352	-3	right	UWB_Cisp0
chr13	87877240	87887103	f2df1d86-5e49-40c7-8708-cc2070217239	87871544	87902315	fwd	9863	3050	5737	0.026777	0.6931	0.060023	0.779138	-1	right	UWB_Cisp0
chr13	87894930	87900317	f2df1d86-5e49-40c7-8708-cc2070217239	87871544	87902315	fwd	5387	1135	3321	0.067989	0.832861	0.027103	0.852336	-3	right	UWB_Cisp0
chr13	93130889	93141803	273222d3-ba3b-4c15-96fd-b4f6a24bac16	93126120	93146733	fwd	10914	1511	9196	0	0.480132	0.040742	0.680026	-3	right	UWB_Cisp0
chr13	99725976	99731577	18db6bbe-1082-4c6e-8cc8-0003a94337fe	99725677	99731583	rev	5601	3082	2032	0.024772	0.637549	0.019531	0.666016	-3	right	UWB_Cisp0
chr13	110175038	110184029	9447229b-ee3e-4fd1-a044-f7c2165b4a86	110167587	110184920	rev	8991	3353	5279	0	0.639423	0.031457	0.600166	-3	right	UWB_Cisp0
chr13	110814572	110821022	3234736f-71c6-457d-82bf-e9e4ef8f76c3	110809307	110821030	fwd	6450	4913	1281	0	0.619495	0.01699	0.737864	-3	right	UWB_Cisp0
chr14	18948235	18953320	1fb0ede6-4271-4ead-b738-c23f7a210351	18948229	18954643	rev	5085	1053	3678	0.039578	0.680739	0.023166	0.803089	-3	right	UWB_Cisp0
chr14	30864730	30870619	bebead13-555f-4969-8cb1-8825c6f900eb	30863556	30872411	fwd	5889	1192	3763	0.019444	0.572222	0.011846	0.848963	-3	right	UWB_Cisp0
chr14	33675986	33681561	c5ed6f3b-07e4-44ee-b57b-b9316c94d79a	33672965	33681567	rev	5575	2014	3125	0.056604	0.408233	0	0.827897	-3	right	UWB_Cisp0
chr14	35720885	35734447	30e3e336-a1ba-4ea3-8fae-1d7c40a39e5b	35720879	35734758	rev	13562	3832	8160	0.012167	0.838783	0.003344	0.927759	-3	right	UWB_Cisp0
chr14	40905001	40908045	24454712-88b8-4646-8a7b-d5c231e6c07d	40900998	40908054	fwd	3044	1274	1435	0	0.604027	0.029106	0.800416	-3	right	UWB_Cisp0
chr14	42556409	42561954	89f45cd2-399f-4f2a-aa3b-9c5f315c1090	42556405	42563789	fwd	5545	1693	3417	0.029358	0.570642	0.033019	0.754717	-3	right	UWB_Cisp0
chr14	43102181	43106760	a991cf8d-6f1b-400d-ae9f-a527cde14a1b	43098051	43113718	fwd	4579	1442	1233	0.006135	0.555215	0	0.91828	0.188672	right	UWB_Cisp0
chr14	45974995	45988404	a2554e66-7a1b-45d4-bb8e-48d343b4fa1c	45974544	45990844	rev	13409	4796	8295	0.028103	0.776737	0.009838	0.917364	-3	right	UWB_Cisp0
chr14	46488208	46492828	de5239e8-d0d1-4920-96b4-11cabbcd8f59	46479475	46492832	rev	4620	1115	3145	0	0.544025	0.015474	0.798839	-3	right	UWB_Cisp0
chr14	48644313	48647839	47f49a26-4da7-4745-b467-69407b39058f	48637483	48647849	fwd	3526	2138	1144	0.022157	0.66322	0.071651	0.579439	-3	right	UWB_Cisp0
chr14	56791584	56801952	606e8a44-c13e-4721-ab85-be3ce342db73	56791576	56801960	fwd	10368	2935	5645	0.008424	0.894103	0.06	0.902143	-3	right	UWB_Cisp0
chr14	57964873	57971779	479fc65a-1ee0-49c2-b04a-636bd5499f06	57962983	57972690	fwd	6906	1057	3911	0.067961	0.504854	0.0131	0.937991	-3	right	UWB_Cisp0
chr14	58836233	58851589	dd29d143-d3d9-4da0-87fb-5f39f00e22ff	58830780	58852090	fwd	15356	3614	11406	0.01668	0.704527	0.061725	0.680947	-3	right	UWB_Cisp0
chr14	76096544	76103527	b10f17f5-8f7d-4513-a84d-32a0b7dc9085	76093132	76104169	rev	6983	2064	4304	0.024482	0.587571	0.031881	0.750266	-3	right	UWB_Cisp0
chr14	77767988	77785152	ced19e77-79f9-4d9d-9387-1123d9ab88f1	77765885	77793318	fwd	17164	1677	14263	0.037523	0.639775	0.042704	0.549646	0.07045	right	UWB_Cisp0
chr14	79990385	79996153	15067cc2-b9fc-4a34-b878-15c34608fcea	79989635	79998016	rev	5768	1071	1230	0	0.483444	0.018135	0.722798	-3	right	UWB_Cisp0
chr14	83825011	83832837	f9b30560-204b-409c-8b7a-86949bd7edcb	83822117	83832843	fwd	7826	1063	3889	0.012195	0.365854	0.017213	0.57541	-3	right	UWB_Cisp0
chr14	87683995	87691886	f9b47743-5f01-4896-8cd1-067bc9f1f6e2	87680920	87691897	rev	7891	3716	3758	0.000903	0.728339	0.105445	0.75108	-3	right	UWB_Cisp0
chr14	89962091	89967378	ff65b2e7-127c-4be7-bfc4-5dd0ff5d82b3	89949302	89970133	fwd	5287	1717	3264	0.049645	0.555556	0.007071	0.721212	-3	right	UWB_Cisp0
chr14	94660352	94664166	996a2886-5c49-440b-b5b8-119459de31cb	94647886	94664170	rev	3814	1971	1338	0.02554	0.575639	0.041176	0.523529	-3	right	UWB_Cisp0
chr14	97877223	97886297	2ec521ec-938c-4bd0-a246-7970f3a16ecb	97877218	97886463	fwd	9074	3673	4473	0.027358	0.903774	0.037037	0.897557	-3	right	UWB_Cisp0
chr14	104234852	104242964	7db7c00f-37f7-4121-b16c-4c282ce26cab	104234848	104242974	fwd	8112	2053	5711	0.04291	0.830224	0.078093	0.801659	-3	right	UWB_Cisp0
chr15	37233570	37238525	f50182bb-f520-40e8-b16c-b9a6678294df	37224405	37242170	rev	4955	1133	3450	0	0.38206	0.009259	0.807613	-3	right	UWB_Cisp0
chr15	44970041	44975134	260cc4a2-1438-4677-8b65-ed821ca97633	44970036	44975140	rev	5093	3294	1478	0.015056	0.885822	0.025794	0.855159	-3	right	UWB_Cisp0
chr15	52218925	52225179	1dcff624-ac31-4328-985c-9ece0a6206e3	52216131	52225186	fwd	6254	1115	4679	0	0.557325	0.051809	0.811678	-3	right	UWB_Cisp0
chr15	52977554	52984060	45beb359-b729-4069-97f8-fb8396b89ea7	52975494	52984067	rev	6506	2255	3955	0.054422	0.569728	0.02947	0.831041	-3	right	UWB_Cisp0
chr15	56196569	56202546	2a67cb60-8147-43cf-b929-774c8498343b	56193609	56202552	fwd	5977	2030	3664	0	0.498403	0.030738	0.898566	-3	right	UWB_Cisp0
chr15	57319542	57328655	84aef0ef-fa29-4c4e-aea8-29915329a8e4	57317481	57329114	fwd	9113	1129	3984	0	0.444444	0.032528	0.656134	-3	right	UWB_Cisp0
chr15	60578373	60584906	9b386b5a-120e-4273-b378-507e464daf1a	60570176	60585972	fwd	6533	1971	4254	0.005034	0.647651	0.045957	0.599149	-3	right	UWB_Cisp0
chr15	61241643	61246283	8b95c4df-a4c8-4eae-b9a4-dd2c3ac6c75a	61232690	61246290	rev	4640	3307	1072	0	0.708333	0.003448	0.862069	-3	right	UWB_Cisp0
chr15	61742534	61746568	3f036271-00ae-4a7a-9e61-9f959598ca82	61738245	61746581	fwd	4034	1273	2438	0	0.569697	0.002845	0.907539	-3	right	UWB_Cisp0
chr15	70847406	70853799	4afbd557-fc50-4e62-93ea-bd29ecd12e77	70839226	70855939	rev	6393	2913	1483	0.002101	0.585084	0.032544	0.781065	-3	right	UWB_Cisp0
chr15	72239480	72243767	c43d12fc-f4dd-4459-8eb2-2fc8010ac532	72237888	72250551	fwd	4287	1352	2662	0	0.679878	0	0.728707	-3	right	UWB_Cisp0
chr15	78615313	78620793	241aeece-e8d6-4031-9ffb-7acf9520c40f	78612231	78623132	fwd	5480	1023	3557	0.060345	0.49569	0.004418	0.726068	-3	right	UWB_Cisp0
chr15	78652755	78658240	8534dd0b-2ef2-4868-8e86-85d4146c6620	78652750	78671702	rev	5485	1593	3380	0.022472	0.764045	0.087838	0.701577	-3	right	UWB_Cisp0
chr15	84774387	84781699	485790aa-ce78-4235-8f0f-9f84d6b3098b	84774380	84781705	fwd	7312	4120	2929	0.023057	0.912895	0.134635	0.775951	-3	right	UWB_Cisp0
chr15	86054515	86062335	d86688c2-50b7-4378-9207-70a19c37cd35	86054492	86063303	rev	7820	3105	4262	0.041344	0.848837	0.019774	0.832392	-3	right	UWB_Cisp0
chr15	95624246	95632738	1e34d56b-2573-4274-9a60-1b44b39c03f7	95617644	95632743	fwd	8492	2547	5171	0.037464	0.814121	0.057737	0.833718	-3	right	UWB_Cisp0
chr15	96297392	96304732	0acf9539-5a63-43c7-a7d3-453b41b9fd93	96294498	96308175	rev	7340	1002	6089	0	0.69103	0.038339	0.517572	-3	right	UWB_Cisp0
chr15	98845695	98853147	f6c75336-ce57-4787-8a52-5396f155ed00	98837774	98853155	fwd	7452	1091	5893	0	0.375	0.009531	0.717009	-3	right	UWB_Cisp0
chr15	99087577	99091369	3568e7e9-616c-4bde-845b-4ef7440615e0	99077795	99091376	rev	3792	2024	1236	0.078431	0.6122	0.006849	0.75	-3	right	UWB_Cisp0
chr15	101334570	101338756	69135f6b-3a65-4974-9e02-2efd6f9d1b7d	101331322	101338761	rev	4186	1361	2419	0.083832	0.461078	0.022913	0.777414	-3	right	UWB_Cisp0
chr16	5742826	5757513	52b9c422-d7a5-45b9-8ebb-85e3a4a1fa9f	5736774	5758190	rev	14687	3423	11013	0.008951	0.612532	0.029676	0.780164	-3	right	UWB_Cisp0
chr16	7506053	7514244	94233342-c606-4594-83eb-9824c8c35c80	7500126	7515054	fwd	8191	781	7117	0	0.866071	0.037524	0.690058	-3	right	UWB_Cisp0
chr16	17536075	17546506	35b6caef-84d1-4eb0-b8e2-32bf901efa06	17536070	17546764	fwd	10431	1349	7613	0.012232	0.87156	0.000999	0.890165	-3	right	UWB_Cisp0
chr16	19892949	19900953	74a67838-a5dc-4f8a-9df1-15fb62104328	19890516	19900958	fwd	8004	2582	5112	0	0.675037	0.007241	0.774739	-3	right	UWB_Cisp0
chr16	21063242	21070941	ee20f143-043e-4cd9-951b-fe715850675d	21063236	21072138	rev	7699	2500	4733	0.051515	0.816667	0.013677	0.865648	-3	right	UWB_Cisp0
chr16	22206342	22218632	c94502e7-bd1b-4f75-a315-583019eaff61	22182372	22222037	fwd	12290	1921	9901	0.03937	0.496063	0.051682	0.684578	-3	right	UWB_Cisp0
chr16	22796442	22810012	1e9d973d-8d96-4c5d-bdc1-982f0fbb4c0f	22796434	22810019	rev	13570	1475	11082	0.123636	0.774545	0.017968	0.865096	-3	right	UWB_Cisp0
chr16	23442710	23452760	0864dac3-e90b-46c4-96ad-ef8e87575b68	23438244	23453544	fwd	10050	2105	7481	0.027888	0.565737	0.045298	0.599197	-3	right	UWB_Cisp0
chr16	23693453	23697667	d6e8e469-8ef9-4ad0-b3c8-8f98776eb5bc	23688134	23697726	fwd	4214	1409	2087	0.13783	0.492669	0.097252	0.697674	-3	right	UWB_Cisp0
chr16	23727521	23733743	37e8a30c-2c6e-44f5-9f18-9729c84c55e8	23722921	23733748	fwd	6222	2214	3511	0.027634	0.671848	0.029551	0.735225	-3	right	UWB_Cisp0
chr16	25873590	25886099	659ebf64-b897-4f3e-b938-1f2b088eed73	25869615	25886113	fwd	12509	2941	7999	0.008314	0.7019	0.024412	0.848202	-3	right	UWB_Cisp0
chr16	27938831	27952076	4790e666-222c-42d1-ae8c-5345c61da4c3	27926713	27952308	fwd	13245	2411	10563	0.001795	0.667864	0.0122	0.824569	-3	right	UWB_Cisp0
chr16	28957613	28966973	395deeb5-8384-42a4-ae2c-b582814b0187	28943999	28966977	rev	9360	2054	7087	0	0.581967	0.082601	0.648506	-3	right	UWB_Cisp0
chr16	31536253	31540277	fcea1527-c229-4361-a71a-135fe3d18ad9	31533719	31545939	fwd	4024	2311	1492	0.022472	0.649813	0.007792	0.784416	-3	right	UWB_Cisp0
chr16	33974727	33979905	c2e49c4c-94b1-4e08-9600-76166eb4ea45	33970354	33979909	rev	5178	1254	2248	0	0.320225	0.04	0.625	-3	right	UWB_Cisp0
chr16	35593937	35600728	5f220103-3ecc-4cbf-a6a2-d9a7e4ab249e	35587805	35600747	fwd	6791	2575	3859	0	0.373006	0	0.843443	-3	right	UWB_Cisp0
chr16	46389314	46393803	f092297f-b848-4c03-b6bd-f468526169be	46382552	46409480	rev	4489	1935	1996	0.010169	0.313559	0	0.717391	0	right	UWB_Cisp0
chr16	46382558	46391589	bc2e5953-dacc-462b-95a7-c19348af96b2	46382552	46407058	rev	9031	5093	3085	0.02551	0.873016	0.116514	0.843119	0.420207	right	UWB_Cisp0
chr16	46392702	46398535	fbb23419-ee3b-4e57-9de3-022c158fb9c4	46382554	46406074	fwd	5833	1509	3506	0.05	0.2	0	0.711268	-3	right	UWB_Cisp0
chr16	46391303	46397294	b121d2fc-6c44-45af-8088-6e1abc8e60c2	46383509	46402917	rev	5991	2934	2145	0	0.296296	0	0.586207	-3	right	UWB_Cisp0
chr16	46391278	46397309	8dcfe535-4817-42da-93c8-d44b31aee386	46383582	46402088	fwd	6031	2933	3090	0	0	0	0.394231	-3	right	UWB_Cisp0
chr16	46385233	46392750	9f4c8e33-2fa8-429d-a302-5cf89035a8b9	46385225	46404014	rev	7517	5794	1459	0.02422	0.6324	0	0.5	-1	right	UWB_Cisp0
chr16	46392962	46397309	4a59b2da-cfcf-4c3b-ad82-3599c937d296	46385390	46399113	fwd	4347	1288	2592	0.034722	0.454861	0.026087	0.713043	-3	right	UWB_Cisp0
chr16	46392953	46402440	56271315-06ce-47ae-8814-df2391512fa2	46387476	46403725	fwd	9487	8025	1160	0.173034	0.49588	0.1	0.576471	-3	right	UWB_Cisp0
chr16	46398225	46401973	2a2d2a56-e75d-4e6d-a3f7-6857eefb638b	46387684	46402040	fwd	3748	1577	1893	0	0.554377	0.06506	0.73494	-3	right	UWB_Cisp0
chr16	46394493	46403257	731635ce-1010-434e-b860-7af610e17de9	46387708	46404809	rev	8764	5443	2721	0.002012	0.761569	0.011521	0.740783	-3	right	UWB_Cisp0
chr16	46389265	46396269	b8573561-4e52-4db7-b7ad-029e9382101f	46388073	46410173	rev	7004	4705	847	0.047786	0.29021	0	0.821429	-1	right	UWB_Cisp0
chr16	46390451	46397912	6a084001-33c3-44dc-872c-32eb153cf1f4	46389109	46409465	rev	7461	4026	2646	0.02589	0.521036	0	0.25	-1	right	UWB_Cisp0
chr16	46391550	46397294	89fe840b-64f9-49bc-9d51-a7e3ba5f106c	46389661	46406627	rev	5744	2641	2832	0.019146	0.78056	0.023649	0.827703	-3	right	UWB_Cisp0
chr16	48721995	48742127	112de2f2-5cbf-4cc5-a2b4-662c74d607d7	48706346	48742782	fwd	20132	4915	14873	0.05303	0.736532	0.073405	0.58091	-3	right	UWB_Cisp0
chr16	48854478	48862927	0da79d70-2e30-445c-935a-20901bb3f2c2	48854470	48862936	rev	8449	2900	4770	0.069544	0.776978	0.04496	0.882524	-3	right	UWB_Cisp0
chr16	52065301	52071078	0dce75f5-d021-47da-ab58-a95766739ea1	52063842	52074005	fwd	5777	1502	1921	0.033123	0.646688	0.001795	0.91921	-3	right	UWB_Cisp0
chr16	55548108	55554305	729ff2f9-f834-4579-8509-4edfb1be1bab	55546158	55556986	rev	6197	1790	2964	0.003945	0.639053	0	0.916667	-3	right	UWB_Cisp0
chr16	57400914	57410559	5db959d4-7878-411e-9ddf-d5b41dd894e4	57400908	57414813	fwd	9645	4622	2773	0.008115	0.676285	0	0.926647	-3	right	UWB_Cisp0
chr16	58701008	58707483	96270870-f65a-4a26-bb81-42cb6ed18aec	58700533	58715235	fwd	6475	3482	2775	0.009083	0.642144	0	0.785714	-3	right	UWB_Cisp0
chr16	68360321	68372180	03e3e77a-ac12-4315-83ea-effad1ffe7de	68360310	68372187	fwd	11859	1817	9779	0	0.803815	0.021955	0.888134	-3	right	UWB_Cisp0
chr16	71076980	71080514	e4e117fb-1c26-4638-a256-d5dc177402d5	71070025	71080519	rev	3534	1236	2003	0.087613	0.583082	0.05597	0.69403	-3	right	UWB_Cisp0
chr16	71739939	71752252	ba49db72-d5fc-4d96-93c3-2738ec85c312	71738929	71752256	rev	12313	2162	9762	0.007702	0.550706	0.086635	0.787441	-3	right	UWB_Cisp0
chr16	74362223	74373302	bae078f4-a44d-4e23-9bc0-0d8c8edbf8d2	74362218	74373306	rev	11079	4031	4910	0.010384	0.76324	0.111213	0.764706	-3	right	UWB_Cisp0
chr16	82637495	82648264	a2817b55-2609-4c9e-99ef-2dd0dd6ea31a	82637094	82649951	rev	10769	3097	7364	0	0.39427	0.025349	0.754785	-3	right	UWB_Cisp0
chr16	82887381	82896004	c371097a-6c99-4e36-b022-8362108e4c78	82884267	82896014	rev	8623	2217	3480	0	0.917266	0.039554	0.842799	-3	right	UWB_Cisp0
chr16	88876929	88894940	3288a38c-4a34-429a-8a48-2e1d11470901	88873242	88894946	fwd	18011	7115	10393	0.006006	0.374625	0.043743	0.720377	-3	right	UWB_Cisp0
chr17	4090445	4098989	97d6ae72-556f-4e03-b544-0fe2c0863616	4090439	4099226	rev	8544	1756	4583	0.10303	0.779798	0.021418	0.881093	-3	right	UWB_Cisp0
chr17	5467319	5478713	0e526a29-47cc-4d82-b1f2-3e86cdda6b96	5467313	5479188	rev	11394	1119	9450	0.131868	0.567766	0.048521	0.834829	-3	right	UWB_Cisp0
chr17	8028712	8034990	236aeb46-5f18-4e82-8785-648b40b11a34	8020338	8035574	rev	6278	1003	2948	0.051502	0.270386	0	0.718651	-3	right	UWB_Cisp0
chr17	8421082	8428577	d9a536c1-0cb7-43ab-b15d-4b45ab2b6dee	8414873	8430586	fwd	7495	1835	5251	0	0.623932	0.048431	0.57708	-3	right	UWB_Cisp0
chr17	9095879	9105074	99f9dfdc-1ce2-443f-87b0-f0f4e91ae676	9095871	9106869	rev	9195	1593	3836	0.042017	0.644258	0.016284	0.866858	-3	right	UWB_Cisp0
chr17	12336391	12343771	b1670bb3-532a-4732-a560-36444bd5d6bb	12327975	12343786	rev	7380	4344	2284	0.003099	0.740702	0.071429	0.740602	-3	right	UWB_Cisp0
chr17	13982783	13991582	8f024ca1-aa34-4f3b-94c5-01d3c6dd8489	13959039	13992381	rev	8799	1560	4259	0	0.461024	0	0.770968	-3	right	UWB_Cisp0
chr17	29310420	29314822	235ff25c-5e84-4487-b833-070e23c77422	29309949	29326598	rev	4402	2111	2073	0.009141	0.659963	0.064957	0.760684	-3	right	UWB_Cisp0
chr17	30316463	30321780	03bb67b8-b07f-4bae-91ee-b2ca71be0fa5	30312857	30324890	rev	5317	1453	2754	0.108959	0.484262	0.006443	0.926546	-3	right	UWB_Cisp0
chr17	41990829	42005487	fa66370b-58d1-4c52-994a-596d8955cd9c	41989828	42015200	rev	14658	1995	9515	0	0.582524	0.052553	0.694372	0.429833	right	UWB_Cisp0
chr17	43120847	43129427	da7ffa00-3eb9-4317-bd0f-2e4001026701	43120842	43146086	rev	8580	2002	6216	0.016367	0.759411	0.035495	0.713993	0.159903	right	UWB_Cisp0
chr17	44536443	44543870	b2b5d853-01ed-40ef-be37-df8791bbf699	44533267	44543884	fwd	7427	3394	3839	0.002519	0.540302	0.012182	0.816168	-3	right	UWB_Cisp0
chr17	47843109	47849566	e63c9648-603b-4f25-a1b2-b6cb2a673c78	47843101	47853956	fwd	6457	1852	3722	0.018568	0.795756	0.008633	0.756835	-3	right	UWB_Cisp0
chr17	53778081	53785120	3a7cdc1d-6393-4e40-b7ce-7c93853af10a	53778070	53785163	rev	7039	1525	5241	0.071233	0.810959	0	0.924186	-3	right	UWB_Cisp0
chr17	61752135	61757895	f631ba7b-9881-4fa5-b498-7daaa2f10f91	61749625	61760920	rev	5760	2492	2836	0	0.426187	0.058954	0.760845	-3	right	UWB_Cisp0
chr17	64673798	64681747	161df791-1163-437e-aca1-ea41da8697f6	64670672	64681754	fwd	7949	2970	4712	0.007653	0.378827	0.024126	0.648087	-3	right	UWB_Cisp0
chr17	64734398	64742227	5918efcf-a3aa-4a21-a748-c4dc4af7e33d	64718111	64742233	rev	7829	2872	4239	0.043202	0.496823	0.024096	0.767642	-3	right	UWB_Cisp0
chr17	75856680	75862550	4ab2709f-7fda-4c2b-8dda-136a843b7482	75852821	75862559	fwd	5870	2991	2556	0.015152	0.645455	0.031008	0.660853	-3	right	UWB_Cisp0
chr17	80609184	80612935	b9477de7-033e-4acd-82f1-295bb6b6b39b	80606412	80617509	rev	3751	1829	1648	0	0.701422	0.007576	0.830808	-3	right	UWB_Cisp0
chr17	82486186	82490204	9672b5d5-b91b-4658-b154-68b7969c5521	82482982	82490435	fwd	4018	1486	2326	0.046763	0.658273	0.06903	0.625	-3	right	UWB_Cisp0
chr18	1646071	1655359	5fda1cf6-0419-47f1-a14d-66ffd93119a6	1628464	1655368	fwd	9288	4261	3347	0.039443	0.682135	0.067623	0.560451	-3	right	UWB_Cisp0
chr18	4694590	4700257	d6651298-2223-488d-ba6c-51a8a64fdbc1	4689213	4721095	fwd	5667	1127	4010	0	0.245455	0.005057	0.720607	0.539214	right	UWB_Cisp0
chr18	10130413	10136447	14188b7b-6306-433a-a7bb-a6d2c8fdffe6	10126661	10137709	rev	6034	1673	4141	0	0.340426	0.019436	0.580175	-3	right	UWB_Cisp0
chr18	28337825	28343895	3d5ef8b8-f221-4ca7-b925-0bee1ac8d989	28333939	28343900	fwd	6070	2877	2945	0	0.781434	0.001112	0.889878	-3	right	UWB_Cisp0
chr18	29047071	29052397	9ab7c928-2212-40f6-b5da-fd18052eb0ac	29045959	29052404	fwd	5326	1439	3550	0	0.457732	0.007082	0.804533	-3	right	UWB_Cisp0
chr18	33082601	33090848	3a68a779-91a5-49c0-9de1-5cdfd4ea00fb	33078216	33090853	fwd	8247	2171	4202	0.002774	0.761442	0.000782	0.783255	-3	right	UWB_Cisp0
chr18	35046930	35060776	28b45870-c273-4871-bff2-96d67cc2a005	35043617	35060781	rev	13846	2505	10614	0	0.695594	0.02275	0.732428	-3	right	UWB_Cisp0
chr18	48614893	48624535	669684d9-efbc-49ef-a8b5-2e6b58fe466c	48610856	48633547	fwd	9642	1612	7115	0.029326	0.498534	0.006905	0.856246	0.094747	right	UWB_Cisp0
chr18	50226242	50233148	612b46a8-b3d5-418b-bd56-18ae7a330139	50222766	50233153	fwd	6906	1064	5439	0	0.371025	0.011073	0.712803	-3	right	UWB_Cisp0
chr18	60027608	60034203	5402580f-c6fa-41db-b164-28650a4290bf	60027603	60034270	rev	6595	3424	2900	0.069536	0.843267	0.059246	0.78456	-3	right	UWB_Cisp0
chr18	62045832	62048782	6cccba53-317e-4190-951b-988737ffcd23	62035967	62050764	rev	2950	1131	1535	0.050794	0.552381	0.007421	0.699443	-3	right	UWB_Cisp0
chr18	69377720	69388238	98769704-69e3-4beb-bb69-b6701c1bfc1a	69377078	69389147	fwd	10518	1663	8063	0.104317	0.543165	0.023799	0.779316	-3	right	UWB_Cisp0
chr18	70398536	70403582	4f8de225-08b9-4d5a-9421-cdb6ed60accc	70395741	70403594	fwd	5046	1504	3323	0.033543	0.572327	0.041392	0.639699	-3	right	UWB_Cisp0
chr18	71073091	71079015	6df805ff-32c4-4397-9e44-c754d97048d2	71070303	71083251	rev	5924	1163	4305	0	0.382749	0.030911	0.700084	-3	right	UWB_Cisp0
chr18	71279208	71288549	ff66c1ff-b022-406d-9ff7-1d246f8a8269	71279196	71289870	fwd	9341	2611	3997	0	0.574051	0.025755	0.887211	-3	right	UWB_Cisp0
chr19	9560245	9566409	4b3bd552-9170-4bb9-8e01-bf04b944ed0e	9546984	9566415	fwd	6164	2755	3196	0.033113	0.717881	0.033604	0.949015	-3	right	UWB_Cisp0
chr19	10238115	10245364	4c1dd949-961b-4787-aca6-b7ecc8a5cc39	10238108	10248955	fwd	7249	3242	3623	0.089409	0.636864	0.031017	0.759305	-3	right	UWB_Cisp0
chr19	14305110	14310598	25132406-a798-4ad2-bbc3-2b38b37942d2	14276094	14320276	rev	5488	2225	2945	0.067864	0.62475	0.060794	0.585608	0.502386	right	UWB_Cisp0
chr19	15826620	15840809	3c0b84d4-3811-46ab-a6fa-641712a8d8a0	15826615	15840817	rev	14189	1960	11967	0.009276	0.925788	0.055574	0.734181	-3	right	UWB_Cisp0
chr19	17289272	17297280	b1e35dda-3d65-43c4-9de0-d515e5a14952	17286087	17297288	fwd	8008	2712	4861	0.060449	0.601036	0.03056	0.563667	-3	right	UWB_Cisp0
chr19	18663543	18668771	d4b8bccf-9c37-4c7a-a1a5-6c4d374c94ee	18660003	18669626	rev	5228	3068	1875	0.014925	0.360075	0.024221	0.698962	-3	right	UWB_Cisp0
chr19	21148136	21157462	9c1ec2af-20b7-4b72-8062-6846c09172c6	21147172	21158357	rev	9326	1292	7753	0	0.531579	0.019683	0.698196	-3	right	UWB_Cisp0
chr19	23568829	23576608	4c1c5ca3-e0bf-4412-8374-90c462527959	23558740	23576614	rev	7779	1671	5870	0	0.915138	0.037696	0.823613	-3	right	UWB_Cisp0
chr19	30158400	30165628	f1457052-7177-4fd5-9025-206d4be66c8d	30152485	30171715	rev	7228	2185	4520	0	0.533755	0.049756	0.628293	-3	right	UWB_Cisp0
chr19	31387481	31393767	0b7cd550-c73e-4bc8-9b72-72ee824a0db8	31387467	31403984	rev	6286	1763	4148	0.002865	0.601719	0.009146	0.547764	-3	right	UWB_Cisp0
chr19	34390539	34394227	1b76ea6c-61a0-4d9c-b8a2-3edae8b77952	34390521	34400472	rev	3688	1359	2046	0.004098	0.512295	0.01548	0.727554	-3	right	UWB_Cisp0
chr19	44035502	44043492	34cb8548-0771-480a-b9e8-c96db71f7b3e	44035496	44046565	rev	7990	1592	6105	0	0.777559	0.009324	0.841958	-3	right	UWB_Cisp0
chr19	47450170	47455620	2698c724-5523-4ce8-98e5-8d67670e3f50	47448544	47456150	rev	5450	1326	3810	0	0.402027	0.005753	0.819751	-3	right	UWB_Cisp0
chr19	48363347	48368137	13a31821-b9cb-41e0-a92b-6dbe97d985ef	48360362	48372670	rev	4790	1895	2619	0.002747	0.620879	0.014218	0.57188	-3	right	UWB_Cisp0
chr19	48509037	48516033	4b1850b4-a5f2-4c88-b344-b6999c17a36b	48506671	48516037	rev	6996	2583	3967	0	0.43083	0.068097	0.750933	-3	right	UWB_Cisp0
chr19	50135383	50145450	8e60de8a-bc6c-453a-a4dd-c65f3659b9c5	50134464	50145460	rev	10067	3028	6447	0.042796	0.375178	0.041306	0.574284	-3	right	UWB_Cisp0
chr2	11741700	11746393	d5afba91-6655-4b8b-aed6-38bd0c910b6d	11738534	11746403	rev	4693	2592	1760	0.007752	0.474806	0.030303	0.614325	-3	right	UWB_Cisp0
chr2	13020112	13028360	4ae95cc8-6829-44e0-8f5c-a0c35d22233b	13006195	13028365	fwd	8248	3253	4712	0	0.905681	0.00731	0.858187	-3	right	UWB_Cisp0
chr2	18734856	18755425	54e418ed-20fe-4f5c-8a7c-7418661bce35	18734846	18757949	fwd	20569	3383	15734	0.030235	0.87346	0.005973	0.926674	-3	right	UWB_Cisp0
chr2	22089084	22097578	54a7c42b-6d83-499b-bea6-8ddc9592343b	22086069	22097742	rev	8494	1299	4948	0.082474	0.512887	0.037897	0.767115	-3	right	UWB_Cisp0
chr2	24277585	24284192	1071b014-38ee-43f6-9ae9-8e96a61a5074	24276672	24287201	rev	6607	3642	2334	0.018047	0.764331	0.048913	0.788043	-3	right	UWB_Cisp0
chr2	26363594	26370070	eb9f7fef-6861-4927-8b70-cb5dc4f90e0d	26353041	26370077	fwd	6476	2028	3805	0.068571	0.581429	0.016194	0.620243	-3	right	UWB_Cisp0
chr2	27057525	27068438	51200297-5f74-4fbf-8203-3d5a9a0663ef	27057521	27069100	fwd	10913	2878	5306	0	0.844584	0.018307	0.859649	-3	right	UWB_Cisp0
chr2	31313176	31328672	b9c5590a-a93c-453d-9e1d-a251620490ac	31313171	31328677	rev	15496	2429	11270	0	0.883959	0.030728	0.85889	-3	right	UWB_Cisp0
chr2	39250709	39254730	3387bcfb-256e-4354-99b0-4e60ed31fdf7	39245333	39254735	rev	4021	1142	2376	0	0.354938	0.025411	0.781764	-3	right	UWB_Cisp0
chr2	39239456	39250490	19e06164-8c39-43ff-bee6-0c11573061a9	39230253	39264513	fwd	11034	4813	3815	0.008554	0.465355	0.005937	0.848176	0.501612	right	UWB_Cisp0
chr2	44031976	44037637	15a986b6-28e3-4d5d-a4da-a6f26a79b2ca	44030685	44037642	rev	5661	3468	1943	0	0.666309	0.001818	0.758182	-3	right	UWB_Cisp0
chr2	45683309	45687658	727f57ba-a344-4fb9-b35e-ea62206c0525	45678043	45687663	fwd	4349	2872	1157	0.002642	0.582563	0.009524	0.704762	-3	right	UWB_Cisp0
chr2	47706291	47711249	167d3a3e-e9ba-46bf-8467-a9d8594491ea	47697537	47713923	rev	4958	1393	2621	0.075529	0.537764	0.015714	0.868571	-3	right	UWB_Cisp0
chr2	47959265	47966053	25829dfd-a618-4b0d-b1db-b3bfcb25a773	47953794	47967510	rev	6788	1067	5166	0.030702	0.467105	0.001172	0.858734	-3	right	UWB_Cisp0
chr2	52062490	52066435	f7519094-5dda-45f3-9913-707803fabb16	52044854	52066440	fwd	3945	2046	1520	0.033645	0.373832	0.011792	0.740566	-3	right	UWB_Cisp0
chr2	54536967	54545245	44d26360-8492-4aba-afe6-55be5a932d68	54536957	54545490	rev	8278	2022	2964	0.020484	0.804469	0.044473	0.914867	-3	right	UWB_Cisp0
chr2	55179893	55185093	fabcf07d-aaa8-4019-9f47-7963ea387c28	55171840	55185099	rev	5200	1516	3387	0.027397	0.675799	0.088583	0.851378	-3	right	UWB_Cisp0
chr2	55367538	55373120	fe5d7c16-ac77-4cac-9344-ed9538babb5a	55358572	55373130	rev	5582	1558	3785	0	0.593478	0.011785	0.675926	-3	right	UWB_Cisp0
chr2	55379072	55384370	24c7c9cb-cc51-4749-8e5a-f8c5577c8729	55370566	55384379	rev	5298	2279	2736	0.033333	0.610667	0.057734	0.624183	-3	right	UWB_Cisp0
chr2	55889346	55900402	14db4ffa-7675-4abf-b8a4-841802829a65	55887091	55902886	rev	11056	3037	7770	0.004695	0.54554	0.033656	0.687414	-3	right	UWB_Cisp0
chr2	57296135	57300513	ad566133-5b3e-42fc-908a-c786f0c47afb	57294496	57317213	rev	4378	1391	2752	0.019694	0.575492	0.023884	0.551402	0.528347	right	UWB_Cisp0
chr2	57741474	57750485	685e01fa-7270-4f7a-9ba4-2bb4c914ece3	57741470	57751246	fwd	9011	2573	5073	0.009138	0.808094	0.086873	0.746461	-3	right	UWB_Cisp0
chr2	64789371	64793537	9e9eff43-ee91-4dc3-a68b-5773a22fc168	64788146	64796982	fwd	4166	1010	2787	0	0.486989	0.012972	0.604953	-3	right	UWB_Cisp0
chr2	66601972	66611699	9d695515-1589-4119-b486-c80608bbc215	66601968	66611704	fwd	9727	3099	3721	0.068376	0.853632	0.026255	0.914286	-3	right	UWB_Cisp0
chr2	66756476	66764337	d0fc16c3-db09-4ddc-8c8d-f4efdd2eeca5	66753768	66764345	fwd	7861	1115	6504	0.032967	0.593407	0.004306	0.847686	-3	right	UWB_Cisp0
chr2	69517647	69525360	b7222059-488c-4bac-aba8-d5ea9d857e40	69513962	69525504	fwd	7713	1179	6262	0.017606	0.602113	0.035173	0.747119	-3	right	UWB_Cisp0
chr2	69649360	69654406	cd650705-9952-4ce0-b614-00e8c0195ca7	69641706	69654412	fwd	5046	1419	3374	0	0.618026	0.010967	0.675972	-3	right	UWB_Cisp0
chr2	71926040	71932273	ad5e0203-126f-4762-9b4a-13c9bc433f1b	71923572	71932286	fwd	6233	2430	3550	0	0.76087	0.006105	0.869353	-3	right	UWB_Cisp0
chr2	73471683	73476753	6b285861-cbf2-4071-b418-a3957bb3a4b2	73469352	73477588	rev	5070	1127	3758	0.021951	0.541463	0.02	0.589524	-3	right	UWB_Cisp0
chr2	74616935	74621695	66d8a380-8b56-4406-b798-3bbbf7989793	74616927	74630277	rev	4760	2925	1519	0.019144	0.844595	0.038288	0.702703	-3	right	UWB_Cisp0
chr2	74765461	74771890	a0a63c70-f3b3-4757-b368-d3ce1f5f8765	74765450	74771896	fwd	6429	2092	4068	0	0.638462	0.011765	0.921569	-3	right	UWB_Cisp0
chr2	77223123	77232337	4f3c4607-5406-4401-90cf-b6a22f581cf5	77220825	77232342	fwd	9214	2944	4601	0.001431	0.778255	0.032895	0.794079	-3	right	UWB_Cisp0
chr2	81719976	81725193	4342a4b5-ff62-4ae6-a550-1296d113cb95	81713880	81725203	fwd	5217	1735	3196	0.003503	0.570928	0.071066	0.720812	-3	right	UWB_Cisp0
chr2	83901628	83915993	833da001-b399-4cdc-8c2d-1d6e4bc85291	83900537	83916571	fwd	14365	1832	11648	0.081667	0.585	0.042102	0.781175	-3	right	UWB_Cisp0
chr2	87563414	87570709	180edc70-ce19-46ed-b8aa-6e022f47ac6c	87560460	87570719	fwd	7295	1662	4804	0.021127	0.570423	0.003218	0.888978	-3	right	UWB_Cisp0
chr2	88740781	88750103	491e6c6e-4d56-4205-a4ab-8d2493a573d7	88740744	88750111	rev	9322	1856	7193	0	0.653631	0.047782	0.704437	-3	right	UWB_Cisp0
chr2	94234402	94245493	bd199b62-ddb6-42a5-bc22-79a70d51fe32	94231771	94245499	rev	11091	3091	5993	0.012063	0.618818	0.049582	0.766017	-3	right	UWB_Cisp0
chr2	96375877	96382588	4699691c-1149-4de3-823f-bb024236c0c2	96375857	96382592	rev	6711	1864	4251	0	0.812121	0.041857	0.878352	-3	right	UWB_Cisp0
chr2	96884318	96889271	530eb9c4-c402-4573-8625-5f93812dcd9b	96884193	96896513	rev	4953	2109	2555	0	0.447427	0.004839	0.596774	-3	right	UWB_Cisp0
chr2	97122694	97131499	4ec2f86c-671f-4dac-acaf-ce7606786816	97115137	97132463	rev	8805	2462	4962	0.012953	0.573834	0	0.877857	-3	right	UWB_Cisp0
chr2	97334041	97341976	9c2c6221-647f-4936-a9af-dc29e3ef670d	97334030	97366741	fwd	7935	1251	5199	0.051429	0.605714	0.003289	0.838158	0.583387	right	UWB_Cisp0
chr2	97813593	97819063	07d6bf82-178f-4461-a8f0-b3280c95c8b2	97801414	97820595	fwd	5470	1966	3030	0.010084	0.608403	0.030268	0.746217	-3	right	UWB_Cisp0
chr2	99709583	99718259	fe0603df-317f-438e-9b01-38db96524c96	99707331	99722893	fwd	8676	1849	6555	0.020522	0.66791	0.008101	0.906835	-3	right	UWB_Cisp0
chr2	103026378	103041487	4746cbcc-bea3-4078-90e6-7e5cc0345b27	103020090	103043966	fwd	15109	1345	13518	0.047146	0.610422	0.018534	0.714077	-3	right	UWB_Cisp0
chr2	104298118	104304396	a03c57a5-2138-4523-b954-07ab38d9b9a1	104290316	104304407	rev	6278	2141	3869	0.003053	0.639695	0.004554	0.823315	-3	right	UWB_Cisp0
chr2	106120769	106129221	bc0286a3-057e-4d42-a03a-163ed512884b	106120762	106138600	fwd	8452	1588	5746	0.008475	0.731638	0.001369	0.826831	-3	right	UWB_Cisp0
chr2	112762414	112765093	c5880b6e-1515-40cf-9387-f481ee24a794	112758877	112765097	rev	2679	1084	1198	0	0.538182	0.07173	0.78903	-3	right	UWB_Cisp0
chr2	113966820	113973251	a40e8aa7-4d25-4ccb-86a4-c9bb73c7d90b	113966813	113973259	fwd	6431	3110	2938	0.018702	0.931793	0.046192	0.828964	-3	right	UWB_Cisp0
chr2	114593630	114603575	fe5ce026-969a-4345-8a1b-a2cb62a51008	114586822	114605964	rev	9945	3020	5499	0.001174	0.514085	0.011342	0.835539	-3	right	UWB_Cisp0
chr2	122584483	122591224	1da99544-fe4a-45f1-922f-1ac8c78a522a	122579351	122593614	fwd	6741	1915	4572	0	0.510891	0.004318	0.782383	-3	right	UWB_Cisp0
chr2	122692932	122704116	ea13f94e-9fc1-4011-974d-0aab29a44323	122692928	122704125	fwd	11184	2203	8715	0.068085	0.828369	0.083333	0.850076	-3	right	UWB_Cisp0
chr2	125676659	125684886	c5d7c8d2-8e4d-4f98-9e1f-bc42dd873ce5	125670334	125684893	rev	8227	950	5356	0.117318	0.832402	0.007397	0.903161	-3	right	UWB_Cisp0
chr2	130876994	130882909	aab1b2e8-a725-42d4-97da-83c7633ca194	130864767	130896953	fwd	5915	2922	2471	0.082927	0.641463	0.035775	0.647359	0.482455	right	UWB_Cisp0
chr2	132853729	132861606	0ea96c91-29f6-4ed7-a912-b84e2771e214	132852672	132862528	rev	7877	1452	4608	0.117225	0.566986	0.012409	0.89781	-3	right	UWB_Cisp0
chr2	136416862	136424189	9f781aa4-c16f-4280-a21f-803ad01657b1	136415959	136424194	fwd	7327	5821	1126	0.003171	0.874445	0.02974	0.732342	-3	right	UWB_Cisp0
chr2	136828718	136833800	2a332428-1e18-436b-a864-f9381610de92	136815001	136839410	fwd	5082	1126	3411	0.002976	0.357143	0.012241	0.713748	-3	right	UWB_Cisp0
chr2	138857823	138861466	6843b3b4-380b-4b51-a4af-827d414686da	138850626	138861487	fwd	3643	1080	2240	0.01278	0.520767	0.012968	0.775216	-3	right	UWB_Cisp0
chr2	141767575	141773606	852f5386-3c83-48fe-b539-5693e8fcefbf	141764949	141773616	rev	6031	4136	1607	0.013855	0.704156	0.090308	0.759912	-3	right	UWB_Cisp0
chr2	142134562	142142245	6f74ff0e-68c6-4668-ab34-3debb159d621	142134558	142142354	fwd	7683	1146	5595	0.057307	0.601719	0.005076	0.928934	-3	right	UWB_Cisp0
chr2	144483711	144493667	85226f56-25c1-418e-ba8e-90bb67bbf722	144483705	144499352	rev	9956	2952	6775	0.027027	0.818182	0.01277	0.911591	-3	right	UWB_Cisp0
chr2	145545036	145552503	266cab4d-8268-4233-98f1-41878a6940a2	145539095	145552660	rev	7467	1027	3403	0.011628	0.868217	0.00484	0.921588	-3	right	UWB_Cisp0
chr2	145932560	145942173	4d740bb1-619b-468b-ab78-ee6460b58026	145928145	145942180	rev	9613	4143	5100	0.008026	0.504013	0.05036	0.726619	-3	right	UWB_Cisp0
chr2	146015260	146020879	13401d28-0230-47f1-be0b-7ae2992002d4	146006500	146023395	rev	5619	2474	2890	0.005472	0.786594	0.03913	0.78587	-3	right	UWB_Cisp0
chr2	154136522	154149862	3ab9df55-6a68-4ef1-8dca-1d3688dfe2c7	154130786	154150064	fwd	13340	3382	8083	0.000901	0.54955	0.001111	0.86	-3	right	UWB_Cisp0
chr2	155641701	155653110	21514e52-c634-4a0d-a043-3c7bb0814fd9	155641696	155653118	fwd	11409	1492	8830	0.055328	0.883197	0.006087	0.943186	-3	right	UWB_Cisp0
chr2	159079496	159090747	9c3ae9c5-9440-4755-9414-7977e0910218	159078175	159092049	rev	11251	2597	7878	0	0.4944	0.044187	0.738033	-3	right	UWB_Cisp0
chr2	162040587	162046236	bdbb993c-2d9a-4644-a908-584da16e3a35	162030664	162046246	fwd	5649	1602	3627	0	0.557078	0.023566	0.61373	-3	right	UWB_Cisp0
chr2	163248754	163258027	c56c94eb-86a5-491d-bde0-94ebdd437c00	163244614	163258920	rev	9273	1499	7397	0	0.711423	0.045236	0.635226	-3	right	UWB_Cisp0
chr2	165879474	165886510	dcd17320-8cf0-4da2-b669-36a09fd68b40	165874478	165887146	fwd	7036	2519	4234	0.017808	0.728767	0.064032	0.719368	-3	right	UWB_Cisp0
chr2	173876038	173881710	c99d38e1-a035-4325-80dd-9ea5eb1868e7	173873448	173881714	rev	5672	3528	1712	0	0.843117	0.106122	0.773469	-3	right	UWB_Cisp0
chr2	175762098	175764513	af95450b-9686-47d9-843d-9867b460caa0	175752380	175764517	rev	2415	1120	1054	0.055914	0.56129	0	0.799492	-3	right	UWB_Cisp0
chr2	179118267	179123970	57300374-24e5-477a-be3f-2e6058661dca	179118250	179123975	fwd	5703	1578	3854	0.043384	0.774403	0.043021	0.866157	-3	right	UWB_Cisp0
chr2	181493218	181499650	d2fb63bd-24fd-4ae9-b0ba-e23de37db3bb	181490047	181499656	rev	6432	2939	3182	0	0.38046	0.018145	0.829637	-3	right	UWB_Cisp0
chr2	181860601	181868849	f1f809eb-9d53-4b7f-a008-ce9f1f33aac9	181860594	181875153	rev	8248	3136	3612	0.017448	0.715376	0.013559	0.909322	-3	right	UWB_Cisp0
chr2	182305086	182310341	a903daee-a44c-465e-90d4-946302af2cd7	182298815	182310346	fwd	5255	1567	3477	0.01354	0.605416	0	0.820021	-3	right	UWB_Cisp0
chr2	182744143	182750469	b5eb37fc-c03d-4de3-b94c-7e03db4f8009	182736902	182750477	fwd	6326	2616	3279	0.02765	0.511521	0.000841	0.826745	-3	right	UWB_Cisp0
chr2	183324633	183328521	4536ff3a-bb5f-4917-937a-72d4b1d80b9c	183318857	183328528	fwd	3888	1818	1586	0	0.619171	0.02812	0.72935	-3	right	UWB_Cisp0
chr2	185184749	185189657	2ff7311f-4a1f-49a9-a107-8af0d286eb39	185176182	185191068	rev	4908	1583	2032	0.075075	0.510511	0.008889	0.462222	-3	right	UWB_Cisp0
chr2	186549941	186561890	3d90a9aa-c8ff-4144-8e66-c282a699b4ac	186549931	186564070	rev	11949	4423	6786	0.042254	0.776761	0.039306	0.845329	-3	right	UWB_Cisp0
chr2	188903423	188908360	7032f093-739a-42b5-b55a-6a6c1876fa31	188902936	188908367	rev	4937	1138	3506	0	0.560526	0.007726	0.853201	-3	right	UWB_Cisp0
chr2	196050496	196056775	77f6e2fe-3667-4ae9-afac-fcb253f5da74	196046893	196056784	fwd	6279	2003	2815	0.039568	0.410072	0.021771	0.603774	-3	right	UWB_Cisp0
chr2	199213752	199218942	df012cc7-e446-48e5-801e-4cd8e71e8761	199207701	199218948	fwd	5190	1872	1630	0.014989	0.687366	0.088362	0.752155	-3	right	UWB_Cisp0
chr2	201576680	201587461	6df405bd-f843-4135-abfe-684f6cb0a5e7	201575067	201587468	rev	10781	1267	5489	0.044811	0.245283	0.073171	0.487805	-3	right	UWB_Cisp0
chr2	202669274	202675206	b431e8e7-eca6-482c-9811-d75bb2cd3c38	202668365	202684309	rev	5932	1896	3748	0	0.649805	0.01626	0.81417	-3	right	UWB_Cisp0
chr2	203649378	203658148	c1513b32-9c0c-48dc-ba0c-4052ff99a611	203641756	203660112	rev	8770	5793	2397	0.007115	0.750323	0.076786	0.6125	-3	right	UWB_Cisp0
chr2	203746010	203751031	23f62b41-69d9-47d2-83ab-67d1d2ea7db3	203744716	203767351	rev	5021	1550	2638	0.078591	0.644986	0	0.835358	-3	right	UWB_Cisp0
chr2	210894962	210904740	d96ce8d6-289e-4369-bebd-60abe7ed069e	210894955	210904969	rev	9778	1574	7975	0.111597	0.708972	0.004991	0.884301	-3	right	UWB_Cisp0
chr2	211831183	211851081	40caa0be-639e-4654-b177-8ba5a75485a8	211826453	211852499	rev	19898	1498	16166	0.01217	0.643002	0.016161	0.93043	-3	right	UWB_Cisp0
chr2	213243517	213251467	88501446-31b9-4fd1-b1a6-dcbdfbaa67d6	213238808	213259390	fwd	7950	1719	5941	0.024119	0.717996	0.030168	0.701676	0.728339	right	UWB_Cisp0
chr2	213663264	213669305	01a9c6ec-f5de-44aa-8d24-d94a1fa2a0da	213649681	213669312	rev	6041	2339	3084	0.007225	0.559249	0.015064	0.755504	-3	right	UWB_Cisp0
chr2	215763377	215768028	bbb8129b-46f7-454a-a743-acad52b6a5c8	215762235	215768033	fwd	4651	1146	3255	0	0.645161	0.00442	0.850829	-3	right	UWB_Cisp0
chr2	239572470	239580840	df89c595-462c-41a4-86dc-bbfab7190a9e	239571703	239581410	fwd	8370	1121	6579	0.096154	0.416667	0.040446	0.758717	-3	right	UWB_Cisp0
chr2	241617038	241629523	174c0c86-fa8a-4343-95ac-a58d833c542f	241617034	241634348	fwd	12485	1233	10042	0	0.777027	0.023033	0.868522	-3	right	UWB_Cisp0
chr20	6286666	6289734	5efa2b88-5c58-4d6c-852f-1902dc706c5e	6283128	6289740	rev	3068	1407	1335	0.006148	0.620902	0.013645	0.758285	-3	right	UWB_Cisp0
chr20	9271398	9281072	dd7deb80-462d-4f69-a9b2-a0f75aeb6ed3	9271392	9301568	rev	9674	3625	4471	0	0.686293	0.020328	0.87803	0.035346	right	UWB_Cisp0
chr20	14906149	14913025	4e17e0cd-38c0-418e-b5bf-6124ee2891be	14904784	14920184	fwd	6876	1594	1154	0.074699	0.262651	0.015291	0.443425	0.472021	right	UWB_Cisp0
chr20	18942594	18946079	35766e26-a11a-43f4-b9db-a84a21283767	18939035	18948407	rev	3485	1134	2065	0.018692	0.518692	0.022838	0.768352	-3	right	UWB_Cisp0
chr20	19166516	19178948	7bdc7445-74ca-4411-8070-c96f1d70d5e6	19166508	19180965	fwd	12432	1372	10711	0.011442	0.864989	0.038694	0.856326	-3	right	UWB_Cisp0
chr20	21912145	21924406	1adc7d90-b641-4f35-b81e-a98dbb9737a7	21908127	21925263	rev	12261	2945	7667	0	0.857394	0.028046	0.797872	-3	right	UWB_Cisp0
chr20	31053376	31066213	b827eb66-d485-4029-b11d-343cb518a445	31051508	31068512	fwd	12837	7856	546	0.050388	0.282171	0.025641	0.423077	-1	right	UWB_Cisp0
chr20	31061837	31065312	269090f7-2c8d-46af-9269-8b0c722021ae	31055806	31071209	fwd	3475	1089	1664	0	0.5	0.010101	0.414141	-3	right	UWB_Cisp0
chr20	31056555	31071203	7a0d0574-fbb1-4beb-a8ee-767ad70f90f8	31056025	31075057	fwd	14648	8892	1432	0.120295	0.407529	0	0.610619	-3	right	UWB_Cisp0
chr20	31058727	31062081	4cc6473e-a43d-4643-932a-49b4e14b76b0	31056925	31065462	rev	3354	1500	1295	0.069474	0.614737	0.085919	0.680191	-3	right	UWB_Cisp0
chr20	31065287	31069926	5a351f04-7bc5-4e60-b1ea-67c1a4149686	31061810	31069933	fwd	4639	1133	1129	0	0.387435	0	0.52356	-3	right	UWB_Cisp0
chr20	31077943	31083135	f9fe5dcf-390f-4291-9d20-bd9f2617158f	31077911	31089028	fwd	5192	1894	699	0.11335	0.634761	0	0.58156	-1	right	UWB_Cisp0
chr20	32603134	32607643	8aa0cb8a-3149-478d-a3bb-64e05d162264	32593373	32607658	fwd	4509	1459	2747	0	0.54321	0.00507	0.674271	-3	right	UWB_Cisp0
chr20	37187622	37190936	f8bd911f-3097-4d2d-be57-aca412a8c317	37181456	37190941	fwd	3314	1232	1004	0	0.163265	0.087662	0.584416	-3	right	UWB_Cisp0
chr20	45572045	45578628	53cae247-9e14-4535-a224-674923a320b3	45572039	45578632	rev	6583	1456	4806	0.060694	0.731214	0.062241	0.772476	-3	right	UWB_Cisp0
chr20	46260040	46265220	08ca61b7-b743-4a38-86c0-c9c28dbe15a8	46260035	46271108	rev	5180	1042	3773	0.004348	0.556522	0.029656	0.672598	-3	right	UWB_Cisp0
chr20	47660797	47667503	ea4a2bbd-6682-4f83-8d77-52fbe28fc715	47657623	47667508	fwd	6706	1318	5083	0	0.550725	0.06338	0.705106	-3	right	UWB_Cisp0
chr20	48016598	48030854	51d4e4d5-c8ee-4ac7-9f03-5219e4c4ddbd	48013519	48033159	rev	14256	2427	10901	0.029297	0.554688	0.042439	0.837656	-3	right	UWB_Cisp0
chr20	50153496	50163637	226548c0-2cbd-4ca6-bb95-b6228fb4f6f5	50152870	50166168	rev	10141	2007	6904	0.052154	0.648526	0.030948	0.8098	-3	right	UWB_Cisp0
chr20	53844705	53849538	62cc2ff9-4d19-479a-8931-3baa981e67c1	53813774	53854598	rev	4833	2276	1368	0	0.651515	0.093909	0.667513	-1	right	UWB_Cisp0
chr20	54874685	54884391	4201552d-9f98-4dca-a6af-90d7bd93b864	54874081	54884487	rev	9706	1487	7966	0.044118	0.588235	0.028369	0.843499	-3	right	UWB_Cisp0
chr20	55481714	55487230	c9c9b80f-b90a-4f18-91d2-8bb2d7f5238f	55477427	55487273	fwd	5516	1004	4178	0	0.570136	0.010031	0.85571	-3	right	UWB_Cisp0
chr20	56963090	56972068	09811a9f-6f43-4bd8-adee-599d985c4cac	56955004	56972072	rev	8978	1624	7007	0.011628	0.634884	0.004324	0.794317	-3	right	UWB_Cisp0
chr20	58426301	58434050	34413714-20db-4932-9b87-f1af51aeae48	58420392	58436892	rev	7749	4148	3381	0.004558	0.696445	0.030303	0.829545	-3	right	UWB_Cisp0
chr20	59595945	59607777	6661055d-369c-430a-b824-148b5d46af62	59595939	59608994	fwd	11832	5431	4229	0.008108	0.878378	0.006237	0.87422	-3	right	UWB_Cisp0
chr20	60517450	60525467	b9b8bbc2-2999-4757-8b49-303e0d19b186	60510604	60527028	rev	8017	4044	2979	0.011024	0.458268	0.002128	0.846809	-3	right	UWB_Cisp0
chr20	62401459	62406682	a4d70111-85fd-464e-a985-ee6421a0d344	62400954	62411424	rev	5223	1506	3399	0	0.634868	0.069863	0.720548	-3	right	UWB_Cisp0
chr21	13116551	13123139	fbd4d10b-ae18-48a7-8621-19ca779e69e9	13113436	13123143	rev	6588	3659	2665	0.017308	0.786538	0.027132	0.830749	-3	right	UWB_Cisp0
chr21	14045265	14049225	31aca65c-a654-4d9f-801f-71e7bbdb832b	14036612	14049229	rev	3960	1004	2643	0	0.460648	0.002134	0.895411	-3	right	UWB_Cisp0
chr21	14817088	14823934	c2b63c5f-46f3-4a06-aa55-4e16d2941dfd	14809946	14839535	rev	6846	2855	2257	0	0.883721	0.109626	0.756684	0.389276	right	UWB_Cisp0
chr21	18375061	18383579	3f511f26-843f-4fc5-9241-2de5ee72b4c8	18371568	18383585	rev	8518	2317	3088	0.046703	0.70467	0.013752	0.909627	-3	right	UWB_Cisp0
chr21	23692874	23703994	4c48c643-2e08-4a47-a835-6634a1358c97	23689639	23705017	fwd	11120	2526	6960	0.053179	0.654335	0.005604	0.844626	-3	right	UWB_Cisp0
chr21	24401359	24404600	8b63a053-e53a-41e8-84f8-2a1c7b45719b	24400856	24409290	fwd	3241	1509	1435	0.005952	0.491071	0.01269	0.548223	-3	right	UWB_Cisp0
chr21	24532205	24542331	8e4b68c1-0067-439f-b3ab-7c852cde817e	24532184	24542335	rev	10126	4039	3438	0.016569	0.897661	0.03074	0.89049	-3	right	UWB_Cisp0
chr21	24707401	24711928	4df5398f-d710-4994-8394-d7d7caf7590b	24691837	24711932	rev	4527	1775	2429	0.025292	0.464981	0.01601	0.812808	-3	right	UWB_Cisp0
chr21	29534869	29542263	621b611f-f0ec-4ba8-98e7-dd3e3d5aa1ec	29534863	29545372	fwd	7394	1022	4475	0.010811	0.932432	0.00899	0.932227	-3	right	UWB_Cisp0
chr21	34225414	34232137	366d0ae0-eab4-4fb9-b0eb-6dcd8c73fbaa	34216951	34232151	fwd	6723	3876	2687	0	0.77398	0.001427	0.794579	-3	right	UWB_Cisp0
chr22	19891346	19902494	bee82044-0de3-4f1b-9a35-9813e26df964	19886988	19903036	rev	11148	4240	4421	0.000973	0.668288	0.014299	0.880839	-3	right	UWB_Cisp0
chr22	20183364	20191911	70570669-2b54-4802-924d-cc3a6ff6cc69	20176707	20203272	rev	8547	1093	5848	0	0.488479	0.042155	0.643247	0.504049	right	UWB_Cisp0
chr22	22816180	22819914	2e8946c2-22f5-40a4-b12c-3c6b7b71c80a	22807008	22819924	rev	3734	1335	1575	0.043228	0.40634	0.0317	0.59366	-3	right	UWB_Cisp0
chr22	38434943	38444219	21f45736-4648-446b-b1df-dcdb7cf6df82	38424284	38445578	fwd	9276	2239	6818	0.011086	0.640798	0.05117	0.885965	-3	right	UWB_Cisp0
chr22	40707304	40714696	17b80bc7-a1fb-43ef-aa6d-ac3caca8b013	40707290	40714716	rev	7392	3640	3432	0.00107	0.623529	0.007509	0.79224	-3	right	UWB_Cisp0
chr22	45672253	45675278	ddeba854-b746-4011-b829-5c1aad72247a	45654696	45675283	rev	3025	1432	1191	0.006289	0.663522	0	0.504673	-3	right	UWB_Cisp0
chr3	1052405	1059572	70819b7c-5539-4771-b52f-f46a75cf8dbe	1052400	1060152	fwd	7167	1076	5759	0.056213	0.485207	0.017761	0.893434	-3	right	UWB_Cisp0
chr3	7602033	7617065	536a7e35-a4ad-45f3-b51c-fde9861cf38b	7586922	7617075	rev	15032	2320	10761	0.001422	0.847795	0.05572	0.776129	-3	right	UWB_Cisp0
chr3	10545705	10553313	31d5d318-fb4e-45fb-b052-5607f8b69fb6	10541809	10553318	fwd	7608	1991	5350	0.030905	0.649007	0.083333	0.727477	-3	right	UWB_Cisp0
chr3	13394134	13399585	6b1aeea6-37da-4eea-9d41-a11d1ee7d943	13384358	13400329	fwd	5451	3600	1358	0	0.713893	0.061433	0.552901	-3	right	UWB_Cisp0
chr3	16568835	16573748	30762c83-5754-4652-a02b-d8f239398ebb	16558545	16573753	fwd	4913	1618	2817	0	0.52381	0.002766	0.763485	-3	right	UWB_Cisp0
chr3	20428661	20434532	8ac252ed-37b0-46bc-af3b-fb0e5019ae5c	20427652	20434538	rev	5871	2558	2684	0.035573	0.5	0.028463	0.685009	-3	right	UWB_Cisp0
chr3	20434090	20442616	aea75892-08f2-4ec8-a5d3-36455160326a	20433496	20442634	fwd	8526	4325	1857	0.022711	0.605128	0.026066	0.720379	-3	right	UWB_Cisp0
chr3	20796606	20802217	534fa64b-665b-4a08-adf1-eb6eb01e77ef	20788492	20802223	fwd	5611	1936	2852	0.075501	0.647149	0.059565	0.73425	-3	right	UWB_Cisp0
chr3	21452267	21456398	59f5ce3c-d53a-4837-8383-91359a561ae2	21447169	21456403	rev	4131	1071	2726	0.108911	0.670792	0.019802	0.762376	-3	right	UWB_Cisp0
chr3	24665779	24676423	57f97d85-634c-48d3-aab6-b8fe5bd14979	24660310	24676427	rev	10644	4398	5963	0.024331	0.7794	0.003369	0.87872	-3	right	UWB_Cisp0
chr3	32699552	32710645	cc5ea510-703a-4897-92ae-0ba116103c58	32697337	32710650	rev	11093	3343	7545	0.004598	0.729885	0.084572	0.680297	-3	right	UWB_Cisp0
chr3	38553804	38560232	6e7cffd9-21d5-4c70-96db-ae1f52fd544b	38552323	38560683	rev	6428	1606	4575	0	0.638743	0.014925	0.807836	-3	right	UWB_Cisp0
chr3	48635713	48645030	a37bc4d2-68c0-4e7c-8274-9cb092b382b0	48633775	48645041	fwd	9317	4471	4500	0	0.596026	0.002817	0.747887	-3	right	UWB_Cisp0
chr3	58744159	58753225	ba9dc730-6798-496e-9f81-e58283c1699e	58740491	58753236	rev	9066	2619	4868	0.118959	0.550186	0.046921	0.805718	-3	right	UWB_Cisp0
chr3	60723930	60732321	e17ec568-3c9c-4e21-b1e9-f412cf9f9144	60721057	60732329	fwd	8391	1961	6185	0	0.611664	0.088631	0.644254	-3	right	UWB_Cisp0
chr3	65540550	65547085	25624e95-0fa7-431a-a20e-f252f8ba8b20	65537263	65547093	fwd	6535	1375	4669	0	0.301887	0.022609	0.710435	-3	right	UWB_Cisp0
chr3	67771802	67778086	2c8abeb0-915f-42da-87cb-769db298dcde	67767512	67778091	fwd	6284	2422	2946	0	0.915473	0.072411	0.835014	-3	right	UWB_Cisp0
chr3	74323827	74333696	0c81155d-7665-4fd1-8f15-94930d755ffc	74323820	74333820	rev	9869	5661	3218	0.002429	0.908925	0.096134	0.787879	-3	right	UWB_Cisp0
chr3	74658529	74667690	93e2512d-86e5-4e64-bbdf-b526df8033de	74658520	74667696	rev	9161	2756	3708	0.018564	0.632426	0.004796	0.892086	-3	right	UWB_Cisp0
chr3	82760837	82766034	680044f8-35df-46b8-b9dd-77cb83c27f9b	82748888	82766043	fwd	5197	1409	3026	0	0.418079	0.008081	0.707071	-3	right	UWB_Cisp0
chr3	84286449	84290510	92e4291b-4550-4f9e-ae31-8c49204cae67	84283395	84290514	rev	4061	1284	2388	0.048724	0.443155	0.006993	0.742657	-3	right	UWB_Cisp0
chr3	88253009	88261611	5f1d253f-d5c1-48d1-b901-12fd8330cbbd	88250631	88261616	fwd	8602	2282	5306	0	0.691391	0.002789	0.896821	-3	right	UWB_Cisp0
chr3	90187894	90197617	e19a4e9e-c1c2-456b-8869-df1bf75936c0	90187748	90197882	fwd	9723	3400	5754	0.015988	0.664244	0.021966	0.517847	-3	right	UWB_Cisp0
chr3	97891063	97899264	e136d417-6309-4537-9175-3969a66cabaa	97877987	97900323	fwd	8201	2597	4713	0.020335	0.616029	0.010631	0.856478	-3	right	UWB_Cisp0
chr3	98392956	98402757	cc0f04c3-399c-439e-bf93-02bf73859e80	98391829	98411239	fwd	9801	5340	1906	0.102975	0.508009	0.033632	0.856502	-3	right	UWB_Cisp0
chr3	100343230	100347137	8002bd8a-29b3-4107-8785-a0c6943cc8af	100343222	100355612	rev	3907	1938	1622	0	0.74938	0.089136	0.601671	-1	right	UWB_Cisp0
chr3	106733650	106740274	2346b69d-0699-4a68-b608-ddcfd8a6789d	106731892	106740280	fwd	6624	3228	3138	0.004171	0.665276	0.011173	0.861453	-3	right	UWB_Cisp0
chr3	112387278	112391195	b2d6f0b0-f10d-4c3d-95a8-abd819527e73	112380474	112391200	fwd	3917	2604	1037	0	0.551775	0	0.714286	-3	right	UWB_Cisp0
chr3	114513749	114519677	af00a5f8-f306-4cff-a609-b43980522b13	114508177	114519683	rev	5928	2080	3510	0.006791	0.334465	0.005092	0.812627	-3	right	UWB_Cisp0
chr3	117317734	117325997	b18b4995-0f02-4731-9a9d-869fa008ef7d	117316242	117330840	fwd	8263	2045	5917	0.041667	0.698413	0.086073	0.704722	-3	right	UWB_Cisp0
chr3	119785776	119796821	4b6aa459-1122-442a-a093-c958af0cc397	119783723	119798243	rev	11045	5732	4963	0.00692	0.849827	0.05914	0.732975	-3	right	UWB_Cisp0
chr3	124257150	124263322	590bfc7f-18d7-408a-bc26-47ef56667ce0	124256539	124263327	rev	6172	1293	4504	0	0.341808	0.019531	0.822656	-3	right	UWB_Cisp0
chr3	126000854	126007775	e1d52611-6432-4dd3-a7c3-9c34fe72e839	126000849	126009968	rev	6921	2079	4352	0.049929	0.563481	0.023645	0.748768	-3	right	UWB_Cisp0
chr3	129723394	129728327	9cd2a40b-abf5-4d4e-aa72-d67ffdedee6c	129715214	129728334	fwd	4933	3567	1060	0	0.609359	0.003279	0.606557	-3	right	UWB_Cisp0
chr3	130420092	130431493	bae51ff8-241a-423d-a1ba-033d2885bbc3	130419663	130431509	rev	11401	3790	6408	0.019948	0.779705	0.036833	0.772402	-3	right	UWB_Cisp0
chr3	131720167	131729464	d20cb32a-2669-44ba-83ee-2668274f119a	131710564	131729472	rev	9297	2731	5134	0.10303	0.633333	0.016795	0.738978	-3	right	UWB_Cisp0
chr3	133711535	133716877	15dde8be-916e-4a2e-a44a-529538124b1f	133698634	133719224	rev	5342	1043	4076	0.101449	0.478261	0.016892	0.630631	-3	right	UWB_Cisp0
chr3	134726596	134735553	192c9150-7d67-4444-b2dc-7060e97f8eb7	134724052	134735565	fwd	8957	3016	3935	0.01812	0.783692	0.0499	0.830339	-3	right	UWB_Cisp0
chr3	135012979	135017835	aee10349-f63f-4a30-82b1-14d1728bb6dd	135012026	135025409	rev	4856	1074	3487	0.037037	0.558923	0.043702	0.821337	-3	right	UWB_Cisp0
chr3	136340991	136347393	c2218bee-4906-473f-83db-17f5a82f8502	136335503	136347405	fwd	6402	1010	5070	0	0.554348	0.042524	0.694787	-3	right	UWB_Cisp0
chr3	139294200	139302048	76457a8e-c25e-4ef0-b61b-f8a2ec83af98	139288845	139305103	fwd	7848	1852	5686	0	0.509677	0	0.849057	-3	right	UWB_Cisp0
chr3	139594544	139600217	22d516b4-8530-414b-8c0a-b2636222b070	139593820	139601767	fwd	5673	1811	3450	0	0.693827	0.017946	0.911266	-3	right	UWB_Cisp0
chr3	141802752	141820236	918ac13b-fd21-4c8b-8a6f-0234f5a2010f	141802747	141822820	fwd	17484	2278	12899	0.042435	0.832103	0.040863	0.80647	-3	right	UWB_Cisp0
chr3	141882183	141892960	0dab8b7a-71ea-44df-8ad8-c7b8ea4d9641	141880270	141892966	fwd	10777	7143	2359	0.010835	0.849661	0.027251	0.85782	-3	right	UWB_Cisp0
chr3	143916488	143921960	039bacc8-e6fd-40fa-8963-70d4ec177fc8	143912521	143922232	fwd	5472	1515	3522	0	0.595978	0.050865	0.785351	-3	right	UWB_Cisp0
chr3	144003293	144008593	ed01e36a-023e-437a-be25-0139fe9c1c82	144001054	144014875	fwd	5300	3001	1409	0	0.908359	0.051852	0.790123	-1	right	UWB_Cisp0
chr3	148226764	148231694	7f212aa1-404c-4dd5-85c2-464a98d16c02	148221929	148239021	fwd	4930	1426	3206	0	0.603524	0.001079	0.815534	-3	right	UWB_Cisp0
chr3	151878468	151885300	5ba56bf4-9adc-4a30-b202-a86eb042ac8e	151876212	151885305	rev	6832	3295	3168	0	0.748652	0.042842	0.874608	-3	right	UWB_Cisp0
chr3	152309965	152327275	17634b6f-7e8f-4a34-a14f-d48d5f064de8	152293838	152327285	rev	17310	2570	11846	0.002649	0.85298	0.016929	0.778141	-3	right	UWB_Cisp0
chr3	153434978	153442501	3cc0039b-4b83-4b64-a4a9-b0dcf0f02978	153428414	153444104	rev	7523	2496	3724	0.004274	0.893162	0.007366	0.822284	-3	right	UWB_Cisp0
chr3	158135333	158142789	8194029d-380c-4a59-a1d0-5d6cddb5a93f	158135324	158143649	rev	7456	1344	4040	0.042735	0.891738	0.005576	0.932156	-3	right	UWB_Cisp0
chr3	160291668	160300150	fef4a000-d836-4a1f-a141-0187fe1af06b	160287635	160300155	rev	8482	3331	4581	0.060803	0.687296	0.044492	0.839689	-3	right	UWB_Cisp0
chr3	161529598	161536546	8ba4a8ea-b705-425e-83e2-e5caf721a85f	161524960	161539352	fwd	6948	3937	2734	0.019481	0.484578	0.017316	0.821429	-3	right	UWB_Cisp0
chr3	165386895	165393275	c946c2d7-30d1-416d-93d7-0516732cb107	165375699	165393287	rev	6380	1461	4689	0	0.627859	0.013158	0.907121	-3	right	UWB_Cisp0
chr3	167627005	167630662	bf6c03e8-6b77-4798-957c-da469e4ae69f	167624782	167630668	rev	3657	1601	1711	0.010288	0.526749	0.00188	0.757519	-3	right	UWB_Cisp0
chr3	168262231	168273825	15983a19-017e-41e4-af3f-c624cf2a637b	168261834	168273830	rev	11594	2221	6659	0.028401	0.653214	0.005701	0.896437	-3	right	UWB_Cisp0
chr3	168705672	168715123	4a54cdf5-fbb9-4736-b6d9-92b105fc9d11	168699667	168715130	fwd	9451	1143	8038	0.060109	0.631148	0.011197	0.844402	-3	right	UWB_Cisp0
chr3	176043219	176046837	a21df91d-df9d-48a7-8cab-c5b238984760	176035173	176046842	rev	3618	1216	1764	0.042714	0.351759	0.001949	0.576998	-3	right	UWB_Cisp0
chr3	177660987	177670597	9dea5528-9341-44c1-a9cf-189f386f1a54	177660979	177674587	rev	9610	1828	6375	0	0.721763	0.036639	0.796589	-3	right	UWB_Cisp0
chr3	178765792	178772502	cbec0b5e-67f1-40c0-a5b1-be9018722a3d	178765787	178784284	fwd	6710	1481	3674	0.051724	0.678879	0.00095	0.879392	-3	right	UWB_Cisp0
chr3	178959912	178963477	badfda65-a82a-472b-8dda-a7f5553cfb50	178957061	178969490	fwd	3565	1883	1433	0	0.726277	0	0.907449	-1	right	UWB_Cisp0
chr3	179999665	180007550	850975e3-b01d-419f-b5aa-4594085ad7b7	179999654	180007554	rev	7885	3839	3170	0.07027	0.778378	0.036286	0.815368	-3	right	UWB_Cisp0
chr3	180038626	180041960	f3f6bf61-7a87-4eb4-a9cf-56831985c74d	180032157	180041966	rev	3334	1598	1374	0.066532	0.574597	0.011494	0.810345	-3	right	UWB_Cisp0
chr3	180371224	180381424	7f277a95-19f3-4f10-b6b5-be60b947a9e8	180366238	180381429	fwd	10200	3552	4673	0.003686	0.878378	0.025965	0.826232	-3	right	UWB_Cisp0
chr3	181881814	181890036	3330c194-80df-43c2-9d18-270ebd8443b9	181877524	181890040	rev	8222	3172	4764	0.0058	0.74826	0.004598	0.822222	-3	right	UWB_Cisp0
chr3	181890503	181894256	76596cb7-86df-4a21-8ab3-37e0e0b255d3	181884985	181894262	fwd	3753	566	2901	0.077381	0.892857	0.033149	0.872928	-3	right	UWB_Cisp0
chr3	182529963	182534844	0acc3889-04ca-4dba-a146-46e3f326247b	182507229	182534927	fwd	4881	1511	2973	0	0.32948	0.00495	0.658416	-3	right	UWB_Cisp0
chr3	182980537	182987791	0a10d724-6a01-4065-a890-45b82dceb200	182977284	182987797	fwd	7254	1109	5257	0.053763	0.55914	0.032593	0.82	-3	right	UWB_Cisp0
chr3	183511873	183517416	44c40c90-2797-4635-a743-9cc80dd965cf	183502882	183522236	rev	5543	1929	1522	0.010676	0.642349	0	0.907928	-1	right	UWB_Cisp0
chr3	183661018	183665692	fd3b7b87-4944-49cb-b512-53efb8d0b5dd	183660786	183676651	fwd	4674	1071	1425	0	0.426332	0.002183	0.954148	-3	right	UWB_Cisp0
chr3	190749835	190756950	540ba8c5-e27c-498d-814d-652dd730516f	190749831	190761663	fwd	7115	2620	4258	0.002601	0.776333	0.006703	0.803169	-3	right	UWB_Cisp0
chr4	1096876	1106248	b5c3b73b-471b-45fc-a25e-b0e12f0a6eb7	1093878	1106871	fwd	9372	2912	4646	0	0.877127	0.027888	0.778884	-3	right	UWB_Cisp0
chr4	2859475	2872041	e65dd7a9-f3ff-4957-a2a8-07136c8f4387	2859464	2872178	fwd	12566	2751	9594	0.006297	0.919395	0.050924	0.816882	-3	right	UWB_Cisp0
chr4	2963676	2967554	dbc69d67-6e44-4fe5-9cbf-c0bc9dfb6dda	2954228	2967563	fwd	3878	1596	1971	0.00578	0.656069	0.007491	0.876404	-3	right	UWB_Cisp0
chr4	3131171	3148392	573108bb-902b-4da6-b1ef-d212ccdeed8d	3131167	3149592	fwd	17221	1400	15388	0.078947	0.76555	0.005577	0.83269	-3	right	UWB_Cisp0
chr4	3899203	3905606	68b2846b-6e33-4ef1-8697-542afb507432	3897244	3908009	rev	6403	1175	4817	0	0.395498	0.003759	0.715038	-3	right	UWB_Cisp0
chr4	4565917	4575939	04192f21-0ffc-4a93-9f9c-8a3fbce23801	4565911	4575944	fwd	10022	3889	5674	0.03854	0.906694	0.066269	0.905898	-3	right	UWB_Cisp0
chr4	4596160	4602951	249bba20-ec61-449c-b561-89130235e73c	4593631	4602957	fwd	6791	3279	3128	0.003695	0.73399	0.052693	0.736534	-3	right	UWB_Cisp0
chr4	21231804	21238974	4f71d025-7817-4a8d-878e-0e1d76b4894f	21229475	21240617	fwd	7170	1437	3826	0	0.665842	0	0.912121	-3	right	UWB_Cisp0
chr4	22992759	23001355	bfa1207e-df18-44a1-9a10-69f3b0f9c17a	22984207	23002864	fwd	8596	1152	5730	0.022161	0.479224	0.002527	0.681152	-3	right	UWB_Cisp0
chr4	23287492	23293250	8d064e3a-dd2e-464b-805b-1b8ceb4bd7fd	23284667	23293259	rev	5758	2593	2278	0.009371	0.890228	0.135053	0.732929	-3	right	UWB_Cisp0
chr4	24497016	24502413	9574f12e-cd00-4b59-94f5-079c6cdb6854	24487332	24504489	rev	5397	2027	3090	0	0.649728	0.03592	0.693966	-3	right	UWB_Cisp0
chr4	25608367	25616519	fa98d21e-2ccb-40f4-b505-74b2aad6358d	25608359	25616523	rev	8152	2462	4450	0.065649	0.821374	0.076923	0.721154	-3	right	UWB_Cisp0
chr4	29391305	29400515	e4b1233f-367f-4491-8e78-2122f44b8319	29389252	29401117	fwd	9210	1801	7192	0	0.686869	0.010796	0.793972	-3	right	UWB_Cisp0
chr4	29849655	29852481	5c47bad2-f9bb-43f3-9933-f3d32958c5ed	29841651	29861766	rev	2826	1264	1201	0	0.376812	0	0.569975	0.241642	right	UWB_Cisp0
chr4	30769106	30775839	49cbc7ee-8098-418a-b576-18bf3fcd6b71	30768360	30775845	fwd	6733	3510	2161	0.011515	0.780337	0.146685	0.781382	-3	right	UWB_Cisp0
chr4	37885234	37890958	89423576-c8ae-4d56-880a-c83828f99e98	37879513	37890963	fwd	5724	2386	3084	0	0.637807	0.007174	0.898135	-3	right	UWB_Cisp0
chr4	38604926	38610913	e1b43c1c-6d13-4462-8496-35a3c8161aec	38599254	38611142	fwd	5987	3696	2068	0.012725	0.711559	0.030181	0.774648	-3	right	UWB_Cisp0
chr4	42066454	42072201	7a4fbc9f-8bf5-450c-9bb5-1e1fc8727e88	42058995	42073000	rev	5747	2885	2355	0	0.582071	0.071848	0.659824	-3	right	UWB_Cisp0
chr4	43576200	43586573	30e30bf2-44c1-4cb0-aaf9-990f5c4c28c4	43573255	43589917	rev	10373	1559	7782	0.006678	0.601002	0.019992	0.837797	-3	right	UWB_Cisp0
chr4	52232324	52237318	e3d50fed-7864-4707-90a5-6254089c9ae0	52224241	52237323	rev	4994	2405	2233	0	0.527132	0.04271	0.659794	-3	right	UWB_Cisp0
chr4	56241444	56250040	2291dec6-446a-490d-b672-757ec7eab4cd	56240497	56250467	rev	8596	3472	3235	0.009424	0.732984	0.015152	0.930556	-3	right	UWB_Cisp0
chr4	67822755	67830200	f17f290a-ceab-467a-abdf-00eb507f36c5	67815215	67830206	fwd	7445	1795	4573	0	0.577513	0.034014	0.833711	-3	right	UWB_Cisp0
chr4	72822476	72828525	d75b5efb-dd7c-4378-b668-3aad12c5f1a9	72817152	72828530	rev	6049	1698	4072	0.001815	0.46824	0	0.90309	-3	right	UWB_Cisp0
chr4	80332872	80338185	d8eb2b14-5d63-4f62-bf4f-a596459a4e9f	80327130	80338196	rev	5313	1798	3198	0.046602	0.570874	0.05731	0.716959	-3	right	UWB_Cisp0
chr4	97206672	97211012	fb50f27e-25ba-4165-9803-b341ec27d66a	97206483	97211496	rev	4340	1920	2149	0	0.519355	0.020468	0.842105	-3	right	UWB_Cisp0
chr4	97380654	97387956	e8dac508-9be0-4b2f-85ee-bf2c3c74ee7a	97378050	97387963	fwd	7302	2885	3693	0.071625	0.684573	0.050532	0.828901	-3	right	UWB_Cisp0
chr4	105706474	105713508	6d19f353-7455-4287-aaa1-aa17659cf380	105693186	105713513	fwd	7034	1767	4998	0.012545	0.582437	0	0.790344	-3	right	UWB_Cisp0
chr4	109413862	109420690	fdcd93cd-8c10-40ac-be24-fb689bb812d7	109397787	109420699	rev	6828	1512	3691	0.032854	0.854209	0.060362	0.84507	-3	right	UWB_Cisp0
chr4	114145428	114149913	626715a5-8349-49f2-b3a5-4e1f40c0be7a	114145233	114154605	rev	4485	2240	1982	0.012442	0.611198	0.007042	0.91784	-1	right	UWB_Cisp0
chr4	116421764	116431618	0e09249d-c739-4d27-ba26-687e4958757e	116420510	116434574	rev	9854	3326	5596	0.061525	0.62305	0.01125	0.910625	-3	right	UWB_Cisp0
chr4	119509172	119516249	9154eda4-0cc8-4fd1-a838-f3ee7caaa146	119505051	119516255	rev	7077	4293	2524	0	0.538695	0.04755	0.818444	-3	right	UWB_Cisp0
chr4	122740889	122746805	39b9cc70-699a-4f9a-851c-9fc4379a131d	122736787	122746829	fwd	5916	3777	1875	0.005561	0.850788	0.024209	0.81378	-3	right	UWB_Cisp0
chr4	128317680	128322267	de7486e6-6e21-4718-acf3-9f3e922b364f	128304632	128322524	fwd	4587	2083	2311	0	0.634868	0	0.699015	-3	right	UWB_Cisp0
chr4	130907053	130917336	ffa36b3c-7d37-4bdb-8479-3919818afb2a	130903766	130917342	fwd	10283	1081	8968	0.004016	0.702811	0.046131	0.888485	-3	right	UWB_Cisp0
chr4	139738217	139748381	849e3450-8969-4915-9f6e-7d66a8f6b940	139738212	139752529	rev	10164	3391	6449	0	0.560043	0.049325	0.753376	-3	right	UWB_Cisp0
chr4	166588212	166593341	4cd366bc-441a-466b-8402-be609cab59b2	166582948	166593352	rev	5129	2009	2191	0.017513	0.718039	0.071429	0.692722	-3	right	UWB_Cisp0
chr4	179577374	179581453	257fde22-01ea-4630-9d0b-948eb1dca3b4	179570508	179581458	rev	4079	1522	2234	0.031484	0.352324	0.005952	0.885417	-3	right	UWB_Cisp0
chr4	185929164	185935754	27614380-5a23-42ba-8e6e-e3b27a109cd4	185922014	185948271	fwd	6590	2498	3750	0.014306	0.65093	0.006243	0.715921	0.660939	right	UWB_Cisp0
chr5	1558434	1563185	3ede427c-b357-478b-bd90-aa3b75b76aa7	1540580	1566326	fwd	4751	2479	1946	0	0.514683	0	0.661728	-3	right	UWB_Cisp0
chr5	2023117	2034532	5ac92fb4-4a49-4afe-8ca7-e78c94670750	2022177	2036498	rev	11415	3769	6866	0.019886	0.33428	0.011721	0.864281	-3	right	UWB_Cisp0
chr5	5161582	5165728	db746a90-ec5c-42b7-8054-fbd667a3a557	5159059	5165738	fwd	4146	951	2929	0.081356	0.850847	0.072816	0.870146	-3	right	UWB_Cisp0
chr5	7395711	7404787	3d2d6df9-7298-49c9-afaf-7f99c602cd2a	7386295	7404792	fwd	9076	5342	3456	0.02594	0.254215	0.017937	0.840359	-3	right	UWB_Cisp0
chr5	8402084	8409990	fbc284f6-dacb-4068-9e4f-9fad5a941320	8401934	8424930	rev	7906	4230	3428	0.044424	0.591115	0.025432	0.791455	-1	right	UWB_Cisp0
chr5	9471680	9482590	9fdc347d-07a9-4995-8551-a18909406c6b	9470844	9482640	fwd	10910	2551	7560	0.033094	0.608633	0.058534	0.705853	-3	right	UWB_Cisp0
chr5	11691466	11698481	82b4e768-862f-415a-9acc-992b813c27f8	11691054	11699166	fwd	7015	2390	3915	0.009777	0.719274	0.049738	0.667539	-3	right	UWB_Cisp0
chr5	17426454	17440488	a2d75382-f12a-4ab9-b612-a1af7a625423	17426390	17440547	fwd	14034	4357	7259	0.004032	0.781452	0.015406	0.895892	-3	right	UWB_Cisp0
chr5	21045563	21053719	48fe261c-9f13-4e49-8d38-23aedc2635e0	21040093	21053733	rev	8156	1846	5471	0.052805	0.534653	0.005066	0.78974	-3	right	UWB_Cisp0
chr5	23081633	23088574	32b81a85-65ae-4274-a58f-329bd3a018bc	23077369	23089374	rev	6941	1486	5127	0	0.442553	0.009366	0.806196	-3	right	UWB_Cisp0
chr5	23386718	23394479	6babc3c7-0aac-46c3-82cb-936eb0c69ac4	23385850	23395815	fwd	7761	1545	2802	0	0.703896	0.009879	0.91438	-3	right	UWB_Cisp0
chr5	32865744	32871994	0bfa1282-93c2-4491-abb2-cd1135c5701f	32862529	32875930	rev	6250	2080	3751	0.003311	0.708609	0.051257	0.552224	-3	right	UWB_Cisp0
chr5	38044272	38047044	6541cb19-5be3-4c19-b65f-4ad2f5583570	38034315	38047048	rev	2772	1299	1098	0	0.639566	0.030418	0.604563	-3	right	UWB_Cisp0
chr5	40821685	40834702	c182a6dc-c325-4299-9ff3-55305185102e	40817989	40837817	rev	13017	4295	8286	0	0.710145	0.095611	0.768362	-3	right	UWB_Cisp0
chr5	43506083	43509876	d824e846-5320-41bb-8244-73fd229cae02	43496965	43511589	fwd	3793	2203	1183	0.003333	0.59	0.16568	0.698225	-3	right	UWB_Cisp0
chr5	43683118	43689250	e11657e6-0473-446e-abf2-cd733773db06	43683111	43698546	rev	6132	3262	2602	0.002167	0.92416	0.001366	0.953552	-1	right	UWB_Cisp0
chr5	44136072	44143497	4967b443-42e6-45b4-98ee-1b3806cb7509	44134376	44143501	rev	7425	3647	3137	0.006897	0.673563	0.105263	0.730263	-3	right	UWB_Cisp0
chr5	44566602	44570283	74e421a8-7c21-4497-b0e2-d9d7faeed846	44560575	44570293	fwd	3681	1513	1337	0.04321	0.514403	0.010811	0.775676	-3	right	UWB_Cisp0
chr5	44762971	44770704	a1b8db74-97a4-472f-a153-e4d636ca6d18	44760717	44770714	rev	7733	1486	4120	0.014151	0.620283	0.029435	0.845856	-3	right	UWB_Cisp0
chr5	45799130	45807364	cd2d832f-d0c9-4293-a398-5419acaf9630	45799024	45808243	rev	8234	3289	4660	0	0.544304	0.032617	0.804296	-3	right	UWB_Cisp0
chr5	56131480	56154263	f4c43f90-127f-472c-85c4-70a6cf62874b	56131475	56154300	rev	22783	1238	20733	0	0.827434	0.072005	0.795063	-3	right	UWB_Cisp0
chr5	57442205	57446452	b1eb8ea8-56d8-4a4b-89ee-8942a484d5f5	57437354	57446456	rev	4247	1950	2049	0	0.69011	0.010204	0.787755	-3	right	UWB_Cisp0
chr5	62902822	62911014	b6565b15-5b49-4da2-a322-d8c4929146b0	62896411	62916996	rev	8192	2005	5021	0.039568	0.688849	0.030007	0.843685	-3	right	UWB_Cisp0
chr5	66302062	66310819	c096c19f-459f-4b08-b532-4835356b0632	66302043	66311337	fwd	8757	1040	6006	0.189655	0.744828	0.043036	0.8685	-3	right	UWB_Cisp0
chr5	66564506	66570370	73976fcd-8978-4a7c-8ff4-3cbac6f34eae	66555747	66570376	fwd	5864	2524	1785	0.01039	0.597403	0.052854	0.780127	-3	right	UWB_Cisp0
chr5	74833146	74840555	f0c86dee-4680-46c4-bc46-457b970d26f9	74827594	74841282	rev	7409	3734	3022	0.047038	0.568815	0.041304	0.733696	-3	right	UWB_Cisp0
chr5	78131280	78144989	abc0977c-e70f-4059-b53e-cf6181b8bb70	78128541	78145000	fwd	13709	1004	11027	0	0.581121	0.125326	0.607096	-3	right	UWB_Cisp0
chr5	79601126	79606598	57d82b06-de79-4ffc-9e3a-864bffd9fc8c	79590615	79606602	rev	5472	3175	2010	0.001205	0.554217	0	0.84689	-3	right	UWB_Cisp0
chr5	86050755	86075855	21acd486-80b0-489d-b838-842988f1e112	86047771	86075859	rev	25100	2658	21257	0.021152	0.521739	0.018227	0.855206	-3	right	UWB_Cisp0
chr5	97477284	97483070	64894101-914b-4ea5-a572-3faa08e160f4	97470126	97492511	fwd	5786	2289	2660	0.007439	0.648247	0.028481	0.804852	0.021448	right	UWB_Cisp0
chr5	97505789	97513073	3d02a276-7e70-489b-81e6-0c34a1633a21	97499255	97514330	fwd	7284	1917	2836	0.077475	0.555237	0.001164	0.877765	-3	right	UWB_Cisp0
chr5	99618568	99627468	2c7eaad5-c2ca-42a8-9fd7-78a274117f27	99617667	99627814	fwd	8900	2439	5213	0.007712	0.713368	0.009032	0.827396	-3	right	UWB_Cisp0
chr5	101441369	101449780	6de0647a-2610-4ebd-9ad9-0c7bfbc41a1f	101439801	101449785	rev	8411	1193	6344	0.012887	0.46134	0.005248	0.848607	-3	right	UWB_Cisp0
chr5	105092180	105098339	8d911fe8-229a-44c6-86be-38fa30b453c5	105092172	105098347	fwd	6159	3570	1434	0.03317	0.452088	0.094431	0.772397	-3	right	UWB_Cisp0
chr5	107720672	107725317	a7ad0eab-347f-49e4-a71e-2c657698918c	107716042	107725321	rev	4645	1424	2921	0.066667	0.540351	0.061553	0.673295	-3	right	UWB_Cisp0
chr5	108001508	108008112	4d5a82f4-2fd3-4c26-9dd7-8091149912c4	108001504	108025011	fwd	6604	3752	2540	0.004044	0.547017	0.013986	0.846154	-3	right	UWB_Cisp0
chr5	110450205	110458902	3ff68f4e-0275-416a-80ac-b291e465ada4	110446894	110458909	rev	8697	3923	3173	0	0.797309	0.049046	0.7802	-3	right	UWB_Cisp0
chr5	119909467	119912074	87fbb287-482b-4be9-988d-b23d6a26b680	119899643	119912079	fwd	2607	1067	1286	0.069915	0.504237	0	0.780876	-3	right	UWB_Cisp0
chr5	127993712	127997733	0e3d56aa-45dd-4740-9308-46e5ae1cc9c7	127984607	127997739	rev	4021	2000	1599	0	0.654362	0.062099	0.770878	-3	right	UWB_Cisp0
chr5	137867341	137869899	8cbe7451-e494-4c5c-ae6b-8030bb6cc10a	137856316	137869907	fwd	2558	1130	1169	0.018072	0.478916	0.035616	0.59726	-3	right	UWB_Cisp0
chr5	144696708	144703186	5e74a250-eb24-4235-a1b6-87a273db0f00	144695029	144703190	rev	6478	4223	1860	0.041558	0.677922	0.047985	0.873321	-3	right	UWB_Cisp0
chr5	144963159	144968909	86fd0ae0-d488-48b7-84c4-ee45b7c04030	144959123	144968925	fwd	5750	1150	4244	0.053371	0.477528	0.007085	0.823887	-3	right	UWB_Cisp0
chr5	151801609	151807944	cc833c78-00b9-44fe-9795-031f01e43aeb	151797037	151810537	rev	6335	1306	3559	0	0.334395	0.010471	0.628272	-3	right	UWB_Cisp0
chr5	153601436	153604061	43768f4f-0e81-4822-a309-d9cefb3105f7	153601431	153610893	rev	2625	1661	704	0.045643	0.883817	0.009615	0.899038	-1	right	UWB_Cisp0
chr5	158259948	158273276	329e2802-0e3d-40de-aa31-560921b2fe50	158254186	158273705	fwd	13328	2855	9914	0.005701	0.359179	0.011807	0.791735	-3	right	UWB_Cisp0
chr5	161071153	161074493	26769cf5-37c7-4430-a9fa-ad43962050e7	161068295	161074498	fwd	3340	1837	1241	0.029155	0.586006	0.004444	0.835556	-3	right	UWB_Cisp0
chr5	161149124	161160356	4750599b-1a6b-4329-9438-a10060bc27b6	161141032	161160897	fwd	11232	1524	9448	0	0.72967	0.029951	0.921003	-3	right	UWB_Cisp0
chr5	161902381	161907894	7ab1cf4c-632b-47d7-8a29-d5726320c32f	161897106	161907899	rev	5513	2709	2135	0.035162	0.448664	0.054286	0.67	-3	right	UWB_Cisp0
chr5	168811422	168820881	de6f411f-9bc6-46df-9a48-01510b802753	168804089	168838554	fwd	9459	2926	6282	0	0.936288	0.126777	0.663507	0.332603	right	UWB_Cisp0
chr5	169229016	169234011	28a5102c-f2df-4ff7-b070-147fbdd9ab4d	169221942	169242473	fwd	4995	1670	3006	0	0.497817	0.002022	0.719919	0.946158	right	UWB_Cisp0
chr5	172028327	172040608	61ec6a8f-2710-4368-ae67-6b2d40b61230	172024493	172043386	fwd	12281	4950	6019	0.012696	0.658701	0.066707	0.759014	-3	right	UWB_Cisp0
chr5	175000861	175007887	9d7dea67-f276-4774-bff4-17cc0133e240	174997400	175008815	rev	7026	2008	4734	0.00969	0.622093	0.045899	0.729872	-3	right	UWB_Cisp0
chr6	1616077	1624006	dba1cc21-0f1d-4122-9d62-2683f8729544	1616071	1624026	fwd	7929	1226	5418	0	0.804795	0.027619	0.872381	-3	right	UWB_Cisp0
chr6	3956796	3962481	b3f6a9e1-95a4-41c6-881c-e1dc6972a37f	3955904	3964261	fwd	5685	1558	3867	0	0.543779	0.007944	0.907646	-3	right	UWB_Cisp0
chr6	7973179	7979508	d35dfb4b-2686-4947-8f92-6b85fe07baf7	7970317	7979512	rev	6329	3322	2284	0	0.616745	0.084095	0.601463	-3	right	UWB_Cisp0
chr6	7983863	7992316	af8cbf08-ffb3-438f-bbb7-af79ce70c2f0	7979595	7992320	rev	8453	2156	5760	0.088235	0.685662	0.011273	0.84748	-3	right	UWB_Cisp0
chr6	9583107	9589639	f020490c-f89e-49a7-bfc8-3ffbb7bb4cc0	9574356	9589644	rev	6532	1315	4868	0	0.522727	0.023706	0.720524	-3	right	UWB_Cisp0
chr6	10631541	10639530	e5609f76-c76e-42f3-a610-c75a086ffaea	10626855	10639535	fwd	7989	2502	4789	0.059545	0.590193	0.05397	0.784739	-3	right	UWB_Cisp0
chr6	18181768	18186665	242d804a-4ca2-499e-8a7b-cce942b26972	18175847	18186670	rev	4897	1883	1475	0	0.564732	0.043605	0.819767	-3	right	UWB_Cisp0
chr6	19277074	19283627	506417a4-e2f0-4d49-a504-c3233fefbabd	19277063	19285492	fwd	6553	1144	5139	0.010453	0.832753	0.033435	0.761094	-3	right	UWB_Cisp0
chr6	20741318	20752745	deed7f8c-bafa-40ec-aec9-c012b3dea540	20738475	20752753	rev	11427	4606	4011	0	0.925	0.104228	0.747296	-3	right	UWB_Cisp0
chr6	22371929	22377696	70fcf34b-f1ab-4afb-9ea5-91831ef2585a	22368438	22384988	rev	5767	1778	3690	0.014989	0.610278	0.063898	0.659212	-3	right	UWB_Cisp0
chr6	25374768	25380400	45200a29-d19c-4770-8d13-f90cd6655017	25370094	25380408	rev	5632	2431	2699	0.047259	0.540643	0.034537	0.651491	-3	right	UWB_Cisp0
chr6	27168169	27176804	2ec7d11d-5772-4464-a828-e6a1b6c9343c	27159840	27179817	rev	8635	720	5664	0	0.494737	0.004654	0.847074	-3	right	UWB_Cisp0
chr6	37593206	37598355	f39f5425-850f-4e89-b046-1ef10308c438	37593199	37598361	fwd	5149	1642	3228	0.042169	0.885542	0.033854	0.885417	-3	right	UWB_Cisp0
chr6	39410443	39416006	91240975-c284-4db5-bdd4-4ceb71a5c4c4	39398265	39416010	rev	5563	1714	3507	0.006237	0.405405	0.006322	0.613277	-3	right	UWB_Cisp0
chr6	49408704	49414271	84f0de36-50db-49f8-a2a1-b3c63ca66558	49406882	49418787	rev	5567	1010	4247	0	0.571942	0.028505	0.85131	-3	right	UWB_Cisp0
chr6	50158674	50164963	7d792f2a-1382-4d08-8916-a3a2b06e8c26	50156948	50164975	rev	6289	2072	3859	0.002907	0.353198	0	0.857807	-3	right	UWB_Cisp0
chr6	52769004	52775592	d1e6f015-bd3f-44fc-b6be-7cd8055fa16b	52766060	52775596	rev	6588	2314	3997	0	0.558872	0.001264	0.743363	-3	right	UWB_Cisp0
chr6	54540183	54550375	cda565f5-53f9-4191-99d3-1a89536a5153	54539027	54551282	fwd	10192	1984	7961	0.015025	0.741235	0.010356	0.914049	-3	right	UWB_Cisp0
chr6	54693956	54697533	67c0b184-ee83-48ea-ab53-c8212e07f77c	54686071	54697539	rev	3577	1750	1178	0.039326	0.505618	0.02957	0.612903	-3	right	UWB_Cisp0
chr6	60571719	60575707	8dc16012-c041-4944-89d4-ebba6a5cc98c	60568591	60579405	fwd	3988	1533	1998	0.022222	0.433333	0.007055	0.582011	-3	right	UWB_Cisp0
chr6	60772664	60782746	7a041c09-3f57-4fd7-95c8-46872b6205d6	60770385	60784159	fwd	10082	4369	5431	0.015771	0.651613	0.003708	0.792954	-3	right	UWB_Cisp0
chr6	61879006	61886209	9afd8b84-4233-49cd-b467-026a50a36924	61877730	61889589	fwd	7203	3417	2774	0	0.684803	0	0.908565	-3	right	UWB_Cisp0
chr6	67002898	67007501	0c0f80e6-e35b-4bb5-aedf-560b245aaedf	66991458	67008582	rev	4603	2063	2267	0.009036	0.40512	0.019789	0.78628	-3	right	UWB_Cisp0
chr6	67971132	67984080	f6eb8f08-cc0f-42dd-96cb-4a816c359b55	67971127	67985617	rev	12948	3861	4931	0.032581	0.820384	0	0.914723	-3	right	UWB_Cisp0
chr6	68526769	68541264	c42e1f23-7d60-4a58-b0be-44a2715b8e08	68526764	68541998	rev	14495	1176	11298	0	0.943966	0.010327	0.909294	-3	right	UWB_Cisp0
chr6	71149193	71156770	bbfc8384-3204-44ae-ad24-99dd723c9fba	71144413	71156775	rev	7577	3065	4198	0	0.677337	0.020636	0.819433	-3	right	UWB_Cisp0
chr6	73484425	73488798	9b96e81b-56c5-402b-a4ec-5a8c07923a59	73482485	73488809	fwd	4373	2974	1084	0.002448	0.789474	0.018072	0.792169	-3	right	UWB_Cisp0
chr6	76221638	76229038	519830b3-68fd-482a-bdbb-03d428c3331c	76217110	76229047	fwd	7400	2454	4555	0.027919	0.595178	0.012283	0.753613	-3	right	UWB_Cisp0
chr6	82807328	82816760	13c87076-bd0a-4dea-b57c-257435a11e32	82807306	82816764	rev	9432	1741	7370	0	0.882166	0.004852	0.833701	-3	right	UWB_Cisp0
chr6	86151892	86160345	852c59de-a7f2-4f0c-8f6a-539e8b8b295f	86147248	86160352	rev	8453	3962	4069	0.00553	0.446083	0.029863	0.757869	-3	right	UWB_Cisp0
chr6	86429841	86442308	980be5e3-9d02-450d-abc5-13d97230a16e	86413093	86442313	fwd	12467	7936	3040	0.004312	0.318639	0.036789	0.616499	-3	right	UWB_Cisp0
chr6	90759279	90769027	b7f1c3b8-08ec-4949-98e4-d746c6f471cc	90756615	90769033	fwd	9748	4747	4410	0.004392	0.672767	0.022355	0.850969	-3	right	UWB_Cisp0
chr6	97148394	97155843	2adcf72d-f0f2-4179-bc28-2a035aaa7f69	97148390	97155853	fwd	7449	3836	3371	0.009786	0.863879	0.018961	0.892003	-3	right	UWB_Cisp0
chr6	109532131	109539949	0c08bb82-47fe-4dbd-93c2-c94ae953ac81	109528686	109541289	rev	7818	2762	3673	0.026774	0.651941	0.002882	0.891931	-3	right	UWB_Cisp0
chr6	111716278	111725301	a5b67ad8-75af-4120-ac09-62592c840f22	111716272	111726743	fwd	9023	3093	3704	0.014201	0.884024	0.006445	0.902256	-3	right	UWB_Cisp0
chr6	118474351	118481272	8acf3a89-df1c-4d51-a608-2aacb0b22030	118473517	118481277	fwd	6921	3060	3508	0.002294	0.582569	0.043594	0.816726	-3	right	UWB_Cisp0
chr6	119574382	119580285	65a014bd-1b31-4144-bc3c-1a7cbb4e7c93	119571963	119580290	rev	5903	3282	2351	0.006108	0.733857	0.033498	0.776355	-3	right	UWB_Cisp0
chr6	119830904	119838020	b6eec912-b3d9-4802-89a1-78d6716b3c1b	119830579	119840691	fwd	7116	1527	4379	0.04388	0.639723	0	0.954182	-3	right	UWB_Cisp0
chr6	121739909	121749469	3792c4a9-55cb-4a09-bb2e-689108fffbe3	121738637	121751187	rev	9560	2560	6756	0.017544	0.735589	0.039256	0.850723	-3	right	UWB_Cisp0
chr6	125997596	126004908	f6a1d6bc-619f-49a5-b1ae-b49ef03c1f88	125994030	126005633	fwd	7312	1666	2966	0.021401	0.624514	0.014311	0.897138	-3	right	UWB_Cisp0
chr6	132212303	132218076	b06c3042-e8ab-4638-bb52-a54a6b308c31	132211608	132218086	fwd	5773	2090	3402	0	0.659401	0.002836	0.916824	-3	right	UWB_Cisp0
chr6	133461388	133466009	1b73fd2e-02ab-4bc2-9775-b069eb9334e3	133455877	133466024	fwd	4621	1603	2666	0.007605	0.657795	0.030172	0.724138	-3	right	UWB_Cisp0
chr6	134131186	134142809	32488253-4493-44ea-be27-92172514ab4b	134128955	134142962	rev	11623	2569	8834	0.008264	0.714876	0.02155	0.794707	-3	right	UWB_Cisp0
chr6	136979370	136986848	1e65f6ea-de41-4dc2-800b-1266cf73ca14	136979350	136988365	rev	7478	2622	3178	0.022284	0.922006	0.024494	0.863685	-3	right	UWB_Cisp0
chr6	137813331	137821051	e411ebc9-6418-4a75-a7f8-9b274d3646cf	137800041	137821058	fwd	7720	3794	3585	0	0.478533	0.017778	0.608889	-3	right	UWB_Cisp0
chr6	164180299	164186292	2eb67af9-5f28-4a69-b853-6eec3919f446	164175476	164186368	fwd	5993	3426	1712	0.027749	0.662898	0.03527	0.70332	-3	right	UWB_Cisp0
chr6	166998607	167009444	3ca6b736-8090-4290-b87a-2588cbfec943	166997068	167009457	rev	10837	3537	6930	0.001517	0.822458	0.044586	0.815287	-3	right	UWB_Cisp0
chr6	170637915	170646126	1f9a3edb-4d3b-4e9b-80bb-fbce94da07ac	170637911	170649249	fwd	8211	1328	6594	0.007853	0.89267	0.015631	0.781571	-3	right	UWB_Cisp0
chr7	870749	878395	0bbafe77-83fe-40bb-a1c8-ad8772a0fff8	862965	885061	fwd	7646	2823	4333	0.020645	0.619355	0.082166	0.656396	-1	right	UWB_Cisp0
chr7	12088947	12096251	399b88f0-ba11-4892-b8fe-e2a26d315ce4	12088936	12098803	fwd	7304	2821	2968	0.061842	0.839474	0.016279	0.902326	-3	right	UWB_Cisp0
chr7	22946195	22951037	7f0818ae-5803-4f32-a1a5-80cf0b920347	22940463	22952655	fwd	4842	1996	2629	0	0.671593	0	0.678804	-3	right	UWB_Cisp0
chr7	23457315	23464310	c343638f-e325-4074-9b3e-28cafc9a877a	23449518	23464320	fwd	6995	1415	1361	0	0.233696	0.125698	0.648045	-3	right	UWB_Cisp0
chr7	25224526	25229525	711aae67-8b59-4419-aa86-660fe1910a75	25219341	25229529	rev	4999	2794	1917	0.015873	0.624339	0.050167	0.652174	-3	right	UWB_Cisp0
chr7	37785488	37792071	a43f05c6-6fc2-4d9a-99cd-cd5060815eb1	37783778	37792077	rev	6583	1869	4469	0.013913	0.636522	0.003289	0.834211	-3	right	UWB_Cisp0
chr7	41417614	41424833	34b1fa79-8ae2-41ff-a3d2-2238af9fe6ad	41413791	41424839	fwd	7219	1027	4912	0	0.48494	0	0.868939	-3	right	UWB_Cisp0
chr7	45347326	45356045	d4f3d74e-a921-4b43-b1f1-1d640bf74067	45344554	45356196	fwd	8719	4420	3053	0.031056	0.417924	0.028169	0.630986	-3	right	UWB_Cisp0
chr7	45421766	45430055	ffd13fc4-9988-4e67-b5e8-1dd604470d96	45420327	45431160	rev	8289	1564	3554	0.015957	0.619681	0	0.91256	-3	right	UWB_Cisp0
chr7	45757372	45761038	ae443d83-497a-4d6b-83c1-8a602ef5944f	45749278	45761045	rev	3666	2100	1240	0	0.598667	0	0.873479	-3	right	UWB_Cisp0
chr7	50974451	50982072	a061fd5e-7fa1-4140-a6fe-76965ce5cf64	50969141	50989649	fwd	7621	1255	6075	0.08	0.344	0.017504	0.774139	-3	right	UWB_Cisp0
chr7	52093854	52103652	08eb62ce-329b-465a-9505-52e394077748	52093849	52107251	fwd	9798	2510	7073	0	0.761755	0.000504	0.942569	-3	right	UWB_Cisp0
chr7	66442318	66453949	6c4b2c77-311f-468b-b913-4445f4b0e464	66440791	66453965	fwd	11631	1187	8481	0	0.328467	0.040286	0.672337	-3	right	UWB_Cisp0
chr7	68064650	68073995	8748cb42-786b-4404-b3ce-09e8428bc6b7	68062538	68076999	rev	9345	2613	4771	0	0.725968	0.005172	0.82069	-3	right	UWB_Cisp0
chr7	69851470	69859935	006e36ad-2490-48e4-9266-2a4b1537527b	69849289	69859944	rev	8465	3684	4401	0.049107	0.659598	0.004429	0.90434	-3	right	UWB_Cisp0
chr7	73581342	73587373	d97db9d3-ad4d-4d40-87b2-b7291803b11f	73580112	73588745	rev	6031	1089	4596	0	0.52862	0.019558	0.809524	-3	right	UWB_Cisp0
chr7	74478006	74482367	2b6b73f7-f87b-4570-b00c-84c9f1a7722d	74474838	74485345	rev	4361	1864	2115	0.005714	0.42	0.066158	0.659033	-3	right	UWB_Cisp0
chr7	74724810	74729639	d02c98db-d013-4e85-815d-b7a610f697e6	74722668	74732021	rev	4829	2720	1745	0	0.490741	0.06135	0.707566	-3	right	UWB_Cisp0
chr7	76957592	76966809	372a5238-0537-46b3-a1bf-240155271155	76943354	76966816	fwd	9217	3886	2234	0.009534	0.71822	0.042945	0.697853	-3	right	UWB_Cisp0
chr7	78430155	78438140	9130e68f-4e55-4800-98e2-52b0fe6c9d17	78421576	78438446	fwd	7985	1451	5224	0	0.335484	0.019341	0.723496	-3	right	UWB_Cisp0
chr7	86862569	86867892	fdc92eee-2312-43b1-ae3f-63b29b30ad8f	86855472	86867909	fwd	5323	1419	3619	0	0.639303	0.032686	0.719101	-3	right	UWB_Cisp0
chr7	94074870	94080246	4309683a-531d-4260-8c81-139ac1b381d3	94067676	94082547	rev	5376	2031	1500	0.062264	0.660377	0.008602	0.845161	-3	right	UWB_Cisp0
chr7	96149326	96159304	24dd5567-08ed-4f97-8abc-22e4cd313a97	96146199	96159308	rev	9978	1482	8205	0	0.556769	0.024187	0.694746	-3	right	UWB_Cisp0
chr7	100488183	100491706	38c61321-75a3-49e2-8db9-ce886dd942bf	100485202	100505488	fwd	3523	1030	2121	0.054422	0.401361	0.002475	0.433168	-3	right	UWB_Cisp0
chr7	100763476	100770781	7bf46b2c-bd11-4131-89eb-17e92283b92e	100758934	100779745	rev	7305	3602	3250	0.006766	0.7023	0.040435	0.751166	-3	right	UWB_Cisp0
chr7	104098657	104106719	ea8dc686-e690-445b-8884-a2531375d743	104084378	104106728	rev	8062	3597	1529	0.010776	0.592672	0.011792	0.830189	-3	right	UWB_Cisp0
chr7	105556296	105565381	ed6d4f43-e070-439f-9cac-f73f606db1cd	105556289	105565386	rev	9085	2598	5691	0.031285	0.727374	0.068707	0.847595	-3	right	UWB_Cisp0
chr7	106085629	106092354	0fa01102-d39d-45f3-9abe-0c701f19515d	106081416	106092364	fwd	6725	1760	4617	0.010571	0.54334	0	0.796238	-3	right	UWB_Cisp0
chr7	107111202	107117090	66e300a5-6c9b-4ef6-8058-ebf832284ce1	107103353	107117103	fwd	5888	1014	4640	0	0.467213	0.044863	0.692458	-3	right	UWB_Cisp0
chr7	109413200	109423188	1e7cc7c2-8e17-41c1-a321-d00644403dfe	109411269	109423193	fwd	9988	1904	5038	0	0.945378	0.024178	0.794971	-3	right	UWB_Cisp0
chr7	117051828	117062944	4a669271-c1e1-4f79-b853-ab3d3739a226	117051823	117062954	rev	11116	1099	8826	0.184049	0.720859	0.028627	0.905609	-3	right	UWB_Cisp0
chr7	117374751	117379809	19bd018d-3fc7-43be-86c9-d741dd1270ee	117366585	117379817	fwd	5058	3109	1621	0	0.542819	0.010707	0.847966	-3	right	UWB_Cisp0
chr7	117801663	117808780	56e8fbd5-5286-437b-8611-09d70689c6e1	117797063	117808787	fwd	7117	2302	4481	0	0.696113	0.012739	0.840764	-3	right	UWB_Cisp0
chr7	118408499	118416841	6dcb89ec-e154-4fd5-b298-3dc0d5877391	118404856	118416873	rev	8342	1697	4086	0	0.550373	0	0.867701	-3	right	UWB_Cisp0
chr7	119877986	119886058	7d36c0cb-d0e0-4eac-9eff-f92991a35daf	119877977	119886585	fwd	8072	4323	3049	0.003309	0.765095	0.066084	0.784257	-3	right	UWB_Cisp0
chr7	120012337	120020369	60bebd10-68fb-412b-a52d-9c1d6d2d56d2	120011832	120020374	fwd	8032	4039	3766	0.026428	0.54561	0.035088	0.800439	-3	right	UWB_Cisp0
chr7	120159033	120172173	181ab05a-544a-493c-965d-cf000ea33698	120153643	120177736	rev	13140	3297	9593	0	0.252101	0.004098	0.69076	-3	right	UWB_Cisp0
chr7	120901575	120905068	eb6c8c5c-aad0-414f-bac9-6b833c2adb3b	120892169	120905072	rev	3493	1781	1422	0.004213	0.494382	0.022414	0.727586	-3	right	UWB_Cisp0
chr7	121036829	121044691	0c2bc1ef-8961-491d-bb9e-2022d31d5708	121029086	121045028	rev	7862	3613	3882	0.002283	0.900685	0.051619	0.699913	-3	right	UWB_Cisp0
chr7	125183394	125191205	a33d0740-2901-4b49-869f-2aac5d278d9e	125183389	125191238	fwd	7811	4678	1972	0.006731	0.841436	0.082005	0.799544	-3	right	UWB_Cisp0
chr7	128525820	128533823	2ece47cd-d358-45e0-808f-84a7b8f21bac	128520831	128533833	rev	8003	2659	1672	0	0.307443	0.009732	0.734793	-3	right	UWB_Cisp0
chr7	129284746	129295610	737cd5c1-f178-49c2-a045-b3fe4310a695	129280878	129295615	rev	10864	1175	9430	0.006452	0.409677	0.036788	0.75356	-3	right	UWB_Cisp0
chr7	139308221	139312898	b7ba9126-155b-4848-a6b0-b3a4771e1bd7	139299690	139312904	rev	4677	1556	2651	0.049107	0.488839	0.020124	0.609907	-3	right	UWB_Cisp0
chr7	141574447	141584493	6644e9a7-411a-4f8f-8c63-fbb35301be71	141574225	141584500	rev	10046	3820	4439	0.073763	0.288515	0.066612	0.749178	-3	right	UWB_Cisp0
chr7	141973541	141982287	fd299951-4a2d-450f-bb5a-a69b1c78496d	141964025	141987435	rev	8746	3039	4834	0.003741	0.561097	0.035871	0.737533	-3	right	UWB_Cisp0
chr7	145078213	145091135	13dbc44e-e94c-4d84-871c-050e9416fce2	145072247	145091139	rev	12922	5053	3897	0.112731	0.684159	0.042065	0.859465	-3	right	UWB_Cisp0
chr7	145575802	145578909	75940020-e425-4185-9404-6621d4425617	145568197	145578914	fwd	3107	1281	1555	0	0.543103	0.007722	0.698842	-3	right	UWB_Cisp0
chr7	145582005	145593160	a1ef08fc-2733-4e44-a660-d2d33fd3279d	145581378	145593167	fwd	11155	2549	7052	0.021333	0.702667	0.010497	0.899133	-3	right	UWB_Cisp0
chr7	147821528	147842519	447825f6-6bc7-4c0f-88b3-c3300fbf58fe	147820650	147842524	rev	20991	2348	18293	0	0.671602	0.019176	0.854936	-3	right	UWB_Cisp0
chr7	150458549	150463605	985785bc-e8f9-405e-8b4a-120d5bd90b1d	150453452	150463611	fwd	5056	2449	2356	0	0.578212	0	0.882162	-3	right	UWB_Cisp0
chr7	155648237	155654040	a434e3e8-5b68-423a-920e-0eb521d8b088	155645998	155654045	fwd	5803	1815	3600	0.007862	0.731132	0.036301	0.862576	-3	right	UWB_Cisp0
chr7	158021742	158034370	f6af30f6-76b8-48d2-8682-b5f51fff2d93	158008977	158045418	fwd	12628	2499	9576	0.077338	0.561151	0.073207	0.538845	0.655013	right	UWB_Cisp0
chr7	158944790	158952670	b9219203-c5fc-4808-9219-fd292c1e210b	158924254	158952677	rev	7880	1937	5185	0.015873	0.759637	0.04797	0.852399	-3	right	UWB_Cisp0
chr8	35014856	35019440	32245596-e000-4556-91e0-5d5f016382a4	35005786	35033284	fwd	4584	3011	1089	0.003576	0.417163	0.023891	0.645051	-1	right	UWB_Cisp0
chr8	36155030	36165355	beaeeaee-ba26-4697-a7ee-dd8809f0262a	36152390	36165494	rev	10325	3498	5647	0.003922	0.687255	0.014519	0.837871	-3	right	UWB_Cisp0
chr8	36484006	36491278	fbfece9a-8e5e-4ca9-b746-6abab6d55217	36479861	36491286	rev	7272	3012	3972	0	0.634965	0.003708	0.720643	-3	right	UWB_Cisp0
chr8	36893570	36898268	f04e9c4b-d813-46b5-95de-76f901602263	36883215	36898276	rev	4698	2873	1096	0.015135	0.698378	0.066038	0.544025	-3	right	UWB_Cisp0
chr8	38172155	38178691	a05c4b9c-339d-4443-891c-e55948425876	38161052	38178696	fwd	6536	3080	3170	0	0.616034	0	0.825269	-3	right	UWB_Cisp0
chr8	56011952	56019163	2f01e833-3fcb-4270-b5dd-fd55b8e7659b	56007340	56019170	fwd	7211	3492	3383	0	0.594187	0.016332	0.81407	-3	right	UWB_Cisp0
chr8	56778728	56786855	84a82444-08cf-489f-ae4e-542548063ec4	56768590	56790763	rev	8127	3738	3813	0.035088	0.758285	0.055022	0.785153	-3	right	UWB_Cisp0
chr8	61270956	61276502	22c820bb-0bb2-4446-b0bb-2e40ebc7e12a	61270945	61288223	rev	5546	1781	3392	0	0.625786	0.001155	0.65358	-3	right	UWB_Cisp0
chr8	62405546	62412999	e7fb38c4-1e13-433b-b0ec-106dfcad23dc	62403466	62413536	fwd	7453	4307	2039	0.016812	0.634835	0.033019	0.691038	-3	right	UWB_Cisp0
chr8	64820914	64831131	67ad163d-121a-4d23-85dd-9253b1a593e2	64819123	64831136	rev	10217	4494	3564	0.00239	0.870916	0.019249	0.904716	-3	right	UWB_Cisp0
chr8	67146730	67151276	69e1e111-7edd-41f6-ad56-8fd2c9fe871a	67146724	67155974	rev	4546	1288	2577	0.046875	0.503125	0.076577	0.743243	-3	right	UWB_Cisp0
chr8	77938950	77944608	81152a5b-3e63-414c-8dea-ecc6d5eff4ae	77931872	77947039	fwd	5658	1063	1546	0	0.576433	0	0.909968	-3	right	UWB_Cisp0
chr8	80775569	80783597	fe420c4b-9c74-438d-acd5-63f513084880	80770407	80793747	fwd	8028	3494	4254	0	0.762231	0.019114	0.660295	0.435327	right	UWB_Cisp0
chr8	81953045	81959067	d16289f2-bb27-4fa3-b3a9-9a10230fd910	81953039	81959076	rev	6022	4126	1637	0.027523	0.756464	0.10101	0.80404	-3	right	UWB_Cisp0
chr8	83922702	83935628	a16ea83b-df0d-4b87-afd8-b8cb18df1e25	83921362	83935634	rev	12926	3570	8207	0.037126	0.754491	0.055579	0.826578	-3	right	UWB_Cisp0
chr8	90132573	90138966	07975752-b671-45a2-b928-2abf64a88d14	90129055	90138970	rev	6393	2164	3809	0	0.755134	0.08898	0.74449	-3	right	UWB_Cisp0
chr8	92421012	92427653	d9233b1f-053f-4ba3-93a8-a2e8898d9e2f	92421004	92427658	rev	6641	2182	4176	0	0.583333	0.018363	0.899005	-3	right	UWB_Cisp0
chr8	94341898	94353667	73e668d2-020e-4c8b-9b87-53376b39cbc2	94341886	94353672	fwd	11769	1737	8890	0.080717	0.730942	0.028355	0.766068	-3	right	UWB_Cisp0
chr8	95151974	95159361	781ee01c-0e1c-4784-9d64-7b0a29a13ed1	95149451	95160518	rev	7387	1274	4040	0.055718	0.539589	0.022041	0.839184	-3	right	UWB_Cisp0
chr8	98366770	98375320	64817974-f795-4015-b593-ad63b925436f	98356452	98375324	rev	8550	3718	4156	0.046512	0.529598	0.036219	0.768551	-3	right	UWB_Cisp0
chr8	98692327	98705040	bb4780cf-0897-4472-8cd0-4c92df4ccf88	98692321	98705046	rev	12713	1463	10699	0	0.800403	0.024018	0.886771	-3	right	UWB_Cisp0
chr8	99064436	99077765	b10de97f-f38f-4a89-9353-92540b0603dd	99059120	99081554	rev	13329	4543	5854	0	0.801266	0.02383	0.839149	-3	right	UWB_Cisp0
chr8	101307668	101312098	81f8487b-a6a9-473f-adfb-0d1950b442ce	101302800	101315351	rev	4430	1198	2085	0.044068	0.623729	0.003484	0.637631	-3	right	UWB_Cisp0
chr8	101347305	101356592	4b4b0b40-c604-48c9-8818-41d60366a854	101347254	101360182	fwd	9287	2383	6670	0.003974	0.858278	0.042064	0.803702	-3	right	UWB_Cisp0
chr8	101950308	101953570	28673642-daa1-4327-a548-976ac78c1da0	101945150	101954557	fwd	3262	1205	1756	0.006757	0.483108	0.099757	0.608273	-3	right	UWB_Cisp0
chr8	102939233	102945832	b1a9c1af-0d1a-4bd9-9fe2-a737dec34274	102938846	102956470	fwd	6599	1486	4728	0	0.480211	0.015497	0.684594	-3	right	UWB_Cisp0
chr8	103431507	103436361	373ca3b2-366a-4fff-85d4-01aaf9e52850	103427874	103436369	rev	4854	1173	3240	0	0.615142	0.057631	0.740662	-3	right	UWB_Cisp0
chr8	103700075	103710400	36bbdf37-8a5f-405e-9b69-c577f6e2ce6a	103698645	103710408	rev	10325	3432	3688	0.006321	0.734513	0.003641	0.838592	-3	right	UWB_Cisp0
chr8	104835375	104839381	9fa0bce6-1fe6-4afc-985d-fc66ab2de3e6	104825694	104843067	rev	4006	1531	2041	0	0.5175	0.013699	0.724315	-3	right	UWB_Cisp0
chr8	107913058	107916124	6f2b9516-0b25-4510-9c8e-95e8b90e401b	107909354	107916129	rev	3066	1301	1305	0	0.340136	0.018692	0.713396	-3	right	UWB_Cisp0
chr8	108915726	108925190	67c4dcb6-6ea3-46ea-be1d-db2e60a2370f	108909390	108925194	rev	9464	3660	4245	0.012693	0.690843	0.01227	0.855828	-3	right	UWB_Cisp0
chr8	109693894	109700291	146919b9-ad04-485a-a5ce-8db5869a37d5	109693890	109711066	fwd	6397	2197	3593	0.007463	0.438806	0.034644	0.768727	-3	right	UWB_Cisp0
chr8	116901026	116909300	c9cb4082-a012-4946-81e9-8f61cfb22a40	116899470	116909403	rev	8274	1751	4616	0.005725	0.763359	0.015209	0.915589	-3	right	UWB_Cisp0
chr8	118323984	118329578	c42b1eac-479a-4e27-8af1-8645b8588c19	118322761	118329591	rev	5594	3238	1939	0.043523	0.638342	0.034234	0.814414	-3	right	UWB_Cisp0
chr8	118338818	118344197	dc5098fe-ad1e-4bef-a821-ffee4bcfdc1f	118332840	118344378	rev	5379	1264	1793	0.00304	0.31003	0.049281	0.644764	-3	right	UWB_Cisp0
chr8	120133540	120140578	a0b72ed8-833e-474d-a05b-61fcbbccd346	120133531	120142607	fwd	7038	1262	4070	0.051136	0.596591	0.007581	0.894555	-3	right	UWB_Cisp0
chr8	121202377	121206155	f1b55354-0d66-4809-ab09-043ece06c263	121186031	121206161	fwd	3778	1346	1253	0	0.57716	0.036364	0.701299	-3	right	UWB_Cisp0
chr8	122698946	122706136	5ed3b4e4-091b-476f-a877-8799503ca2e0	122698786	122709100	fwd	7190	2288	4641	0.028286	0.728785	0.002417	0.878324	-3	right	UWB_Cisp0
chr8	123660472	123664635	8fc8ad04-eed2-4c10-88e7-b436d8d7c4d5	123651620	123664646	rev	4163	1158	1345	0.014652	0.377289	0.028481	0.553797	-3	right	UWB_Cisp0
chr8	123745380	123747998	32b9aa6f-e7a3-43c2-af5d-861c423d64eb	123728357	123748004	rev	2618	1034	1177	0	0.453333	0.024768	0.727554	-3	right	UWB_Cisp0
chr8	125033248	125042312	68b790e6-4862-42c5-9a57-8a877cfe16c2	125021023	125043242	rev	9064	1890	5541	0	0.503226	0.008679	0.476131	-3	right	UWB_Cisp0
chr8	126562445	126575368	0e4945e1-56f4-45e7-ad35-d2aca2cdf436	126562432	126590256	fwd	12923	1085	9589	0.037313	0.481343	0.021088	0.850536	0.093485	right	UWB_Cisp0
chr8	126622843	126631782	378b2cb1-c9ad-4ba1-9e3d-624634a9c10d	126619069	126631787	rev	8939	4612	3928	0.013514	0.671922	0.052544	0.77648	-3	right	UWB_Cisp0
chr8	130271060	130276455	79c54890-a081-46d0-8ed2-fa6e1267fe9d	130267950	130276461	fwd	5395	2791	2302	0	0.426796	0.00165	0.891089	-3	right	UWB_Cisp0
chr8	134446844	134452461	b04a6f3c-0ebe-4d72-bd9e-a84c66b45e9e	134445333	134452467	fwd	5617	2817	2526	0.038028	0.75493	0.01845	0.739852	-3	right	UWB_Cisp0
chr8	135940211	135948603	e0660f44-ea01-4a49-ba67-6b218dd2377c	135934228	135949525	fwd	8392	3507	3848	0.006772	0.785553	0.025341	0.814815	-3	right	UWB_Cisp0
chr8	141017017	141024446	63b0a4b3-9d5e-40fe-8e7b-bc9f59ad164c	141015420	141024460	fwd	7429	2290	3377	0	0.377816	0.013228	0.72619	-3	right	UWB_Cisp0
chr8	144465259	144468690	99c40db0-8626-4f78-a111-d5090a849ed4	144461335	144471163	fwd	3431	1003	2066	0	0.319328	0.003226	0.709677	-3	right	UWB_Cisp0
chr9	5673142	5677634	4bdf27f2-3091-498b-97d3-c1a4c6532450	5672279	5687196	fwd	4492	1952	2313	0.006932	0.493934	0.001224	0.738066	-3	right	UWB_Cisp0
chr9	12951521	12958720	0cccae6f-0f1e-49f9-ad26-208e250e686f	12951282	12961531	fwd	7199	2195	4658	0.050987	0.597039	0.02021	0.712575	-3	right	UWB_Cisp0
chr9	21139401	21145911	50727c49-99b4-4bfe-a636-dec849159a32	21138264	21147909	fwd	6510	2500	1413	0	0.667509	0	0.970874	-3	right	UWB_Cisp0
chr9	26403608	26408073	c5285b57-2a7c-4882-a632-c046fccfe900	26398170	26408079	fwd	4465	1594	1119	0	0.954644	0.078358	0.839552	-3	right	UWB_Cisp0
chr9	26395899	26404172	c480ca8b-8808-41f2-9f1b-5c5ad7819212	26390633	26406196	rev	8273	1600	6412	0	0.629703	0.024214	0.803709	-3	right	UWB_Cisp0
chr9	34460551	34466915	4eb6acbf-ff83-47c9-b46b-8eae9c798be0	34456406	34467183	rev	6364	1919	3937	0.004608	0.652074	0.061524	0.608815	-3	right	UWB_Cisp0
chr9	37814888	37818631	a0753487-1952-4a9e-974b-adff118a1cd4	37804340	37819233	rev	3743	1514	1837	0.027559	0.606299	0.062718	0.590592	-3	right	UWB_Cisp0
chr9	38402084	38409038	a49f075d-ad2c-4aa9-aa88-838ffef79285	38397861	38409051	rev	6954	3212	2330	0.020539	0.582798	0.043478	0.736025	-3	right	UWB_Cisp0
chr9	67006320	67014231	ecbcdccb-cfe4-4138-93c4-39af3d795302	67006096	67017163	fwd	7911	1275	6344	0	0.581152	0.001867	0.920971	-3	right	UWB_Cisp0
chr9	73848128	73854049	87627f39-74f4-4b26-af20-68034fe1d22c	73839087	73854054	rev	5921	2915	2758	0.011603	0.669831	0.103072	0.656095	-3	right	UWB_Cisp0
chr9	75282760	75288705	4d63b3b5-b7ad-45d5-92d0-75abac14048c	75273482	75288710	fwd	5945	2576	1691	0.002162	0.886486	0.045045	0.801802	-3	right	UWB_Cisp0
chr9	77007333	77015037	30c446b6-63ea-411d-9db8-7fd8d9406c99	76988912	77015051	fwd	7704	2262	3905	0	0.364437	0.015259	0.638861	-3	right	UWB_Cisp0
chr9	84078410	84082280	b966ceb2-433e-404c-8dc5-8e8b000b7fc1	84065708	84083707	rev	3870	1184	1470	0.023569	0.457912	0.057692	0.659341	-3	right	UWB_Cisp0
chr9	86662141	86669127	942e130d-241d-4cf7-9fa6-8fb881f74393	86658827	86675798	rev	6986	2742	2793	0	0.610973	0	0.883905	-3	right	UWB_Cisp0
chr9	87560745	87568924	a3130ff7-475b-44bc-b14f-34df9cb16e95	87558669	87568928	rev	8179	3776	4087	0.005501	0.768977	0.086455	0.799232	-3	right	UWB_Cisp0
chr9	91006181	91012376	c69cb467-7ad4-408b-be82-3faa47d1bf5a	91001445	91018015	fwd	6195	1083	4824	0.042308	0.511538	0.029948	0.669922	-3	right	UWB_Cisp0
chr9	91468440	91474162	5fcdaf34-8eca-4134-b429-b433a03d551a	91463856	91474169	fwd	5722	1628	3718	0.007886	0.635647	0.089829	0.659243	-3	right	UWB_Cisp0
chr9	94855270	94861903	9c94c6e1-6366-4e5b-b0ae-71a97e9bdb8e	94849032	94861914	fwd	6633	2396	1617	0.007764	0.939441	0.057214	0.646766	-3	right	UWB_Cisp0
chr9	95371941	95379987	a1c6ac49-14ea-43dd-80b9-4f70f26ff2b5	95368829	95382352	fwd	8046	3535	2802	0.003064	0.617978	0	0.854015	-3	right	UWB_Cisp0
chr9	98476099	98482795	e79e770e-51e8-482f-87ab-403ac8150de2	98476092	98485194	rev	6696	2220	4204	0.014414	0.882883	0.034318	0.816969	-3	right	UWB_Cisp0
chr9	99535723	99540910	2fd66d32-c3e7-4514-ba01-62d3d958c2a3	99529206	99540915	fwd	5187	2089	2751	0	0.464041	0.025352	0.746479	-3	right	UWB_Cisp0
chr9	99548966	99557674	950c229a-3d87-4b3d-824c-df605f2cd598	99548945	99561290	rev	8708	1887	6557	0.016667	0.892857	0.016224	0.896755	-3	right	UWB_Cisp0
chr9	109602858	109607419	fdb8823a-a116-495e-a21e-33c73fdceafb	109602291	109624891	rev	4561	1095	2332	0	0.418803	0.078297	0.792582	-3	right	UWB_Cisp0
chr9	110673634	110688246	e752f025-b363-4a2c-b333-58ac587bf79b	110671934	110688254	rev	14612	2424	10030	0.098569	0.608903	0.044223	0.813944	-3	right	UWB_Cisp0
chr9	110780944	110785272	cfb16547-8600-43ba-91b7-5ff05de7dc8f	110770259	110785293	rev	4328	2476	1137	0	0.679641	0.110778	0.48503	-3	right	UWB_Cisp0
chr9	111137148	111155898	1a908850-bc9f-4723-9778-5c15144f27aa	111136348	111157035	fwd	18750	4912	11392	0.003289	0.908553	0.026892	0.893058	-3	right	UWB_Cisp0
chr9	115188972	115195848	dbbd21c6-2d4d-40ad-810c-15bbad06ff1f	115188967	115209609	rev	6876	2450	4220	0.069191	0.714099	0.034991	0.77256	-3	right	UWB_Cisp0
chr9	119025334	119034304	7c9312e6-b4af-48ed-9d68-e4a021a8e2ef	119012772	119034311	fwd	8970	2416	4699	0.031104	0.765163	0.022857	0.932143	-3	right	UWB_Cisp0
chr9	121043730	121051660	9d5b4977-68de-4cc7-a567-e2043c6fae52	121042459	121060240	fwd	7930	1557	6104	0.00907	0.718821	0.129688	0.732292	0.412926	right	UWB_Cisp0
chr9	129781117	129787652	9b4cd640-699a-4940-aac7-8958eedfb551	129778582	129787660	rev	6535	2170	4014	0.01476	0.732472	0.096944	0.717597	-3	right	UWB_Cisp0
chr9	129963635	129970355	5493003c-ad16-4ce0-80f0-de0d26788abd	129963616	129974115	rev	6720	2929	3495	0.010309	0.825888	0.019211	0.87361	-3	right	UWB_Cisp0
chr9	133481323	133485314	48dad958-a54f-45e6-9484-dd7e6b9ff7a4	133476980	133485318	rev	3991	2438	1197	0	0.808967	0.099099	0.585586	-3	right	UWB_Cisp0
chr9	134120685	134125767	6c1a70ff-6901-4805-9fb4-c89f41660192	134116808	134125774	fwd	5082	1327	3404	0.004098	0.627049	0.022157	0.825702	-3	right	UWB_Cisp0
chr9	134547213	134553620	0dcb3d8f-b180-41be-8331-3958866d04bf	134540625	134555433	fwd	6407	1388	3316	0	0.868056	0.034819	0.619777	-3	right	UWB_Cisp0
chr9	136029465	136039609	51750694-0fea-46e0-989c-177f23a63a0f	136029460	136039617	fwd	10144	2275	6983	0.091667	0.797917	0.019317	0.900193	-3	right	UWB_Cisp0
chrX	7391229	7397487	bff8ab3e-98d6-4fbc-9fe8-0a850e76d89c	7385878	7397505	fwd	6258	3248	2377	0.031915	0.637234	0.032857	0.777143	-3	right	UWB_Cisp0
chrX	15324923	15327321	43c49547-5892-418d-82f0-fdc05b07a350	15324912	15335898	fwd	2398	1359	580	0.002564	0.617949	0.013072	0.588235	-1	right	UWB_Cisp0
chrX	23807723	23812689	5f8b2221-a778-4f1a-b19e-e2c2635d22a9	23801758	23812704	fwd	4966	1113	2679	0	0.588477	0.086342	0.616954	-3	right	UWB_Cisp0
chrX	29184840	29191113	ccc83b44-8b66-4f8b-992f-68ab02bb34b0	29184835	29202127	fwd	6273	1019	4930	0.015291	0.889908	0.006447	0.881367	-3	right	UWB_Cisp0
chrX	40840867	40850073	19931801-f06f-4ce9-baae-78194150b653	40838833	40851466	fwd	9206	1557	5544	0.032581	0.669173	0.013973	0.896719	-3	right	UWB_Cisp0
chrX	41397626	41407921	4e4e8dc3-5885-4994-91ca-abb4494a4062	41391471	41407943	rev	10295	3651	4854	0	0.646919	0.033184	0.700448	-3	right	UWB_Cisp0
chrX	63793239	63807110	2c246ff9-8878-445b-bb30-ea694b970d3b	63788451	63807121	fwd	13871	4343	8446	0.01426	0.600713	0.054898	0.623251	-3	right	UWB_Cisp0
chrX	67623984	67632040	b9047c05-0ef6-4d02-8c62-aeeceeab2a97	67621973	67632076	rev	8056	1910	4545	0.014493	0.649539	0.009227	0.787774	-3	right	UWB_Cisp0
chrX	84126236	84137100	8f960f3a-4ca7-4f2a-bf47-4542d77bba5b	84126227	84137110	rev	10864	1183	7349	0.04829	0.851107	0.001562	0.947677	-3	right	UWB_Cisp0
chrX	86044247	86051801	e7b34b31-4917-4501-b0a8-3b99233dbca2	86039110	86052948	rev	7554	4130	1101	0.0859	0.230956	0.012422	0.475155	-3	right	UWB_Cisp0
chrX	110844897	110853245	6f893408-afc7-469e-a1e8-0c9c6e583840	110825816	110854287	fwd	8348	2571	3747	0	0.454795	0.012783	0.73058	-3	right	UWB_Cisp0
chrX	117378999	117383118	010fb3bd-f43e-4cfb-9065-d2fa9a7a68f1	117369901	117383122	rev	4119	2502	1334	0.001214	0.548544	0.013477	0.665768	-3	right	UWB_Cisp0
chrX	131977388	131985285	bc21c5d3-9edc-4c73-8e08-2a047cef0dcb	131964560	131985299	rev	7897	3194	4329	0	0.570185	0.0375	0.679688	-3	right	UWB_Cisp0
chrX	146771161	146782738	1c2f5c94-2fdb-4b79-b575-c2f81c0afff2	146769331	146782744	rev	11577	2008	8590	0.050523	0.703833	0.011584	0.893124	-3	right	UWB_Cisp0
chrY	11310409	11319353	a3419514-f0ae-45eb-9272-6d38738abd4d	11310376	11324289	fwd	8944	4233	1670	0.006024	0.253012	0	0.571429	-3	right	UWB_Cisp0
chr1	4094095	4097109	cfca1aee-21f5-4454-9024-95693bec59c2	4080633	4097117	fwd	3014	1315	1683	0	0.419512	0.010309	0.68866	-3	right	UWB_Cisp1
chr1	17915276	17919135	2d744a2c-0875-4f44-9f56-5271fe87be2d	17911012	17923765	fwd	3859	1162	2212	0.028125	0.378125	0.005093	0.736842	-3	right	UWB_Cisp1
chr1	20655327	20660535	ed01006b-1fd4-411e-a5b9-fa0b57d047b4	20653154	20660541	fwd	5208	2648	2293	0.001721	0.316695	0	0.826715	-3	right	UWB_Cisp1
chr1	68067468	68072323	403f9c31-a452-41cc-9036-7c0e4cd9f169	68062168	68072420	fwd	4855	2110	1032	0.001272	0.33715	0.015119	0.475162	-3	right	UWB_Cisp1
chr1	82115727	82124597	8b95ac74-703a-4577-9dc6-a7537a605b71	82109356	82126317	fwd	8870	1667	5295	0.013123	0.511811	0	0.866667	-3	right	UWB_Cisp1
chr1	92235613	92245676	811d94e4-cf44-44ef-bd03-450b3cab67b6	92235607	92245686	fwd	10063	3039	4897	0.056083	0.675582	0.003916	0.898825	-3	right	UWB_Cisp1
chr1	96732931	96744345	042d4a44-baaf-42f5-9d80-3fbbfe3b30d8	96725175	96744559	rev	11414	5889	3762	0	0.392421	0.007136	0.811417	-3	right	UWB_Cisp1
chr1	98424724	98430334	64b96649-95d2-4715-8a78-4b1c9fa6f20c	98422921	98430340	fwd	5610	2659	2179	0	0.634434	0.045741	0.709779	-3	right	UWB_Cisp1
chr1	113725817	113731472	6060e963-d832-41b0-a6e8-bde1281b1e57	113722164	113731478	rev	5655	3758	1514	0.027314	0.566768	0.015209	0.63308	-3	right	UWB_Cisp1
chr1	143203068	143209322	193bf75f-0e1c-44c6-8fca-408e237b3036	143200062	143221953	fwd	6254	4056	2198	0.060465	0.534884	0	0.461538	-1	right	UWB_Cisp1
chr1	143212230	143220898	2b6ba241-036b-44b3-a456-b022f57bd4da	143212223	143222285	rev	8668	7563	1105	0.043103	0.408215	0	0.37156	-3	right	UWB_Cisp1
chr1	143218702	143223403	1175b148-7b5f-4b1f-8fbe-6319b8ae4dac	143213022	143233430	fwd	4701	759	3942	0	0.727273	0.084444	0.593333	-1	right	UWB_Cisp1
chr1	143228695	143233425	1175b148-7b5f-4b1f-8fbe-6319b8ae4dac	143213022	143233430	fwd	4730	1350	1726	0.2	0.317647	0.076125	0.67474	-3	right	UWB_Cisp1
chr1	153590382	153598268	6564ea28-8596-4ad6-816d-eac7a67100af	153585697	153598281	fwd	7886	2764	4837	0.006645	0.594684	0	0.856006	-3	right	UWB_Cisp1
chr1	157204174	157213330	2ca7371f-320c-41a7-80ed-97aea83ea601	157202478	157213335	fwd	9156	3899	4196	0.001031	0.751546	0.037259	0.835662	-3	right	UWB_Cisp1
chr1	163766522	163773450	77d33aea-cfb2-4bc8-a9e1-612a1647a586	163759633	163773492	fwd	6928	1119	3086	0.009646	0.379421	0	0.788509	-3	right	UWB_Cisp1
chr1	172245595	172254087	f90c98c6-bc8f-4c8b-93bf-b78d4267992e	172244450	172254093	fwd	8492	5188	3026	0.011236	0.460013	0.00398	0.81393	-3	right	UWB_Cisp1
chr1	174750688	174759921	f200e264-5b2e-496f-8cd2-5f52b5078502	174746300	174759930	fwd	9233	2555	6392	0	0.45892	0.002063	0.813822	-3	right	UWB_Cisp1
chr1	188192112	188197366	7d125b6c-5626-493b-ab94-999c7ac19e75	188191182	188201250	rev	5254	1010	1289	0.093583	0.342246	0	0.518957	-3	right	UWB_Cisp1
chr1	198718698	198724281	f9a3d4ee-63eb-4f9e-b936-7d020caba97f	198716373	198727319	rev	5583	1806	3142	0	0.246285	0.006466	0.707974	-3	right	UWB_Cisp1
chr1	213434891	213440115	7c736c02-81e8-423f-8126-3637b57ef9de	213429845	213440131	fwd	5224	1807	2610	0.051799	0.366906	0.010917	0.718341	-3	right	UWB_Cisp1
chr1	228984672	228991171	8691d307-4914-4910-a37a-adb74e857e30	228976492	228991186	fwd	6499	1550	4198	0.003175	0.396825	0.018868	0.6404	-3	right	UWB_Cisp1
chr1	233917794	233927963	ea09923d-397d-4b75-ba4c-5bb14eaba788	233913968	233928095	fwd	10169	1219	8527	0	0.207895	0	0.84378	-3	right	UWB_Cisp1
chr1	238380686	238396513	3618b41c-9ac0-45f1-b1f3-e9e0119516e7	238377968	238398392	fwd	15827	2838	11337	0.001203	0.462094	0.014136	0.846036	-3	right	UWB_Cisp1
chr1	246767535	246773109	7cf623f5-c4eb-4702-a322-122e829b2db0	246767528	246773803	rev	5574	3722	1086	0.008055	0.326812	0.029412	0.448529	-3	right	UWB_Cisp1
chr10	12825847	12831402	cc581710-f8eb-496f-a6f5-e27d239d92a7	12824112	12831408	rev	5555	1074	3835	0.064777	0.259109	0.035408	0.751073	-3	right	UWB_Cisp1
chr10	20849434	20859717	2738ac92-4a5d-40c6-89b4-b43badac913b	20849355	20859725	fwd	10283	2119	6205	0.001546	0.686244	0.006333	0.867012	-3	right	UWB_Cisp1
chr10	41857574	41863449	46bb99ca-1810-454a-9c78-d3928aa1e389	41856987	41865926	rev	5875	1264	1708	0.201531	0.637755	0.102941	0.713235	-3	right	UWB_Cisp1
chr10	41874938	41894748	1276f8ab-f5fa-486b-870d-e6298d49cc4f	41868704	41904172	fwd	19810	18922	888	0.166667	0.358095	0	0.677419	-1	right	UWB_Cisp1
chr10	41885215	41890503	0cda25fd-d6cc-493e-a9a1-08a470c02ae7	41875787	41892301	fwd	5288	679	2351	0	0.54717	0.036176	0.604651	-3	right	UWB_Cisp1
chr10	41877341	41880536	e090b315-f9b9-460d-bd87-24c93c0092b1	41877294	41891012	fwd	3195	1361	578	0.07177	0.291866	0	0.742574	-1	right	UWB_Cisp1
chr10	41884119	41889562	73646415-e8d4-43e2-a64e-7166ae0eb237	41878779	41891681	fwd	5443	1481	1190	0.046875	0.380208	0	0.444444	-3	right	UWB_Cisp1
chr10	41884023	41886460	e069bf96-bb9a-4028-94ff-daffb9495af5	41878527	41910681	rev	2437	1591	502	0	0.330144	0.015152	0.590909	-1	right	UWB_Cisp1
chr10	41880810	41885776	b8d7d44c-392a-4af3-950a-fea1595b347f	41880803	41892301	rev	4966	2937	676	0.031359	0.543554	0	0.574297	-1	right	UWB_Cisp1
chr10	41886471	41890132	44c3c2b3-ac54-494d-bb72-1ef31cbd544a	41881793	41895226	fwd	3661	1191	915	0.073864	0.460227	0.033708	0.58427	-1	right	UWB_Cisp1
chr10	41892100	41895879	e98f4bff-6f1b-4a3a-98bb-2c964fa11879	41882661	41899912	fwd	3779	1760	2019	0.571429	0	0.059406	0.594059	-3	right	UWB_Cisp1
chr10	41884732	41890523	d22d5ffc-1ba1-4f48-9f79-1a8c314d24d4	41883037	41900378	fwd	5791	1536	2231	0.041237	0.505155	0.257692	0.142308	-1	right	UWB_Cisp1
chr10	41885036	41889487	074bcb88-ff8d-492d-97da-fddbee68dc0f	41883842	41900946	fwd	4451	2242	1600	0	0.288288	0	0.469565	-3	right	UWB_Cisp1
chr10	41897797	41910111	8a2a3476-d3ad-41a8-afcb-1d9c05ddf875	41891906	41912860	fwd	12314	5261	7053	0.063107	0.106796	0.013004	0.456437	-3	right	UWB_Cisp1
chr10	41903410	41908168	792adfd2-a9b2-450d-aab3-178d4e5ac9fe	41893512	41916263	fwd	4758	503	1947	0	0.305882	0.014368	0.477011	-1	right	UWB_Cisp1
chr10	41911481	41914360	792adfd2-a9b2-450d-aab3-178d4e5ac9fe	41893512	41916263	fwd	2879	727	1029	0.145161	0.467742	0.102857	0.582857	-3	right	UWB_Cisp1
chr10	41900584	41907520	e1412143-b261-435b-a2fb-3e5179617e03	41895963	41909743	fwd	6936	1410	4952	0.076923	0.353846	0.07967	0.450549	-3	right	UWB_Cisp1
chr10	55906385	55910142	9af2a3e8-f98d-4594-986c-15a0737d61cd	55906381	55921498	fwd	3757	1089	584	0.136546	0.51004	0	0.684848	-1	right	UWB_Cisp1
chr10	60021818	60028075	10909c6b-8bb3-4cff-a4d1-7f6e52a2b736	60021010	60029153	rev	6257	1088	2177	0.008621	0.333333	0.007194	0.883453	-3	right	UWB_Cisp1
chr10	60668666	60671729	2dd31739-3f26-4865-bbb9-66a862ac3995	60665081	60671738	rev	3063	1644	1126	0	0.515873	0.042802	0.789883	-3	right	UWB_Cisp1
chr10	87177600	87182704	a48dff33-660c-43a8-8aca-854bbdfde361	87168368	87182710	rev	5104	1866	1417	0	0.304274	0.031175	0.726619	-3	right	UWB_Cisp1
chr10	98435813	98440180	9c065cda-8de8-44fe-9e41-6b8334df76cd	98433866	98443989	rev	4367	1044	3068	0.008499	0.473088	0.007299	0.805353	-3	right	UWB_Cisp1
chr10	111275108	111280664	d03ca7ed-36f3-4986-8ddd-80e595ab0bcc	111268971	111280672	fwd	5556	1525	3593	0	0.508314	0.030769	0.620879	-3	right	UWB_Cisp1
chr10	123189012	123198304	c1e0b4d6-bb59-4d2d-97e6-cfbff8f57a50	123185060	123198311	fwd	9292	3267	5336	0.012415	0.407449	0.046133	0.592266	-3	right	UWB_Cisp1
chr10	129591244	129603869	46f30fef-7ca5-4764-9d97-6f838775afd3	129591239	129614613	fwd	12625	1638	10254	0	0.723618	0.01644	0.739814	0.69418	right	UWB_Cisp1
chr10	132770040	132774272	cf29c598-02eb-4760-a05f-bcda4eac9244	132756014	132774280	fwd	4232	1957	1531	0	0.323204	0	0.653374	-3	right	UWB_Cisp1
chr11	44057517	44060980	ed1de73a-b2e1-4cca-8acc-9f8b7095a0c8	44052882	44061377	rev	3463	1204	1664	0	0.347403	0.043678	0.590805	-3	right	UWB_Cisp1
chr11	50326917	50334320	3331efc1-a118-4980-884d-84e9ca050d3a	50326909	50337553	rev	7403	1365	4614	0.016064	0.228916	0.000791	0.844937	-3	right	UWB_Cisp1
chr11	66478092	66489332	ea9ad8e5-eee3-48a2-8844-72b949c0ee67	66474703	66489363	fwd	11240	1018	7509	0	0.221277	0.008649	0.736757	-3	right	UWB_Cisp1
chr11	100801862	100809858	464d8392-4d9b-4848-bed4-a12138dea7aa	100800283	100809864	fwd	7996	4935	2558	0.01078	0.36525	0.012146	0.823212	-3	right	UWB_Cisp1
chr11	111128961	111134847	695e1acc-ffa8-49e9-b7c2-9baf73eeec2c	111127623	111134858	fwd	5886	2002	2587	0	0.340102	0.001391	0.755216	-3	right	UWB_Cisp1
chr11	131212786	131223495	49927feb-e1f1-41ad-8be7-4a1264a9e9e3	131210148	131223504	rev	10709	1077	7894	0	0.228296	0.000504	0.804841	-3	right	UWB_Cisp1
chr12	13521425	13525141	d3966d02-556c-46e9-8199-e4f8429c330a	13515075	13527838	fwd	3716	1133	2199	0	0.277286	0.005025	0.745394	-3	right	UWB_Cisp1
chr12	26839087	26847781	96028461-421b-4964-bc0a-88a9203e796d	26839044	26847787	rev	8694	4595	3667	0.004866	0.514193	0.055154	0.689873	-3	right	UWB_Cisp1
chr12	43806214	43812205	4250489a-2a03-4a15-b33a-d3991a5b7233	43803240	43814711	fwd	5991	2274	3465	0.007452	0.490313	0.010476	0.832381	-3	right	UWB_Cisp1
chr12	52349671	52354311	42b75f10-0b95-4d4e-bb69-e94d313a5a18	52343827	52354323	rev	4640	1063	3094	0	0.368243	0.029062	0.635403	-3	right	UWB_Cisp1
chr12	80417110	80427171	a5ab7c90-ec84-4683-b373-c6edd44c661b	80414654	80427179	rev	10061	2774	7051	0	0.489647	0.008874	0.852405	-3	right	UWB_Cisp1
chr13	37405952	37416501	a9debbf4-d3b7-431c-8929-628dc294a533	37405874	37416510	fwd	10549	2160	6091	0	0.472454	0.00454	0.927923	-3	right	UWB_Cisp1
chr13	60771455	60780851	4586351a-f3c5-429c-862f-bba1f17d80b7	60771450	60780855	rev	9396	1482	6746	0	0.551282	0.005376	0.893145	-3	right	UWB_Cisp1
chr13	82829953	82836710	6f63321e-9292-4172-bd84-5db5978fa5cc	82827221	82836721	fwd	6757	1732	4780	0	0.494845	0	0.924723	-3	right	UWB_Cisp1
chr14	42227863	42237297	2990ab42-5bb2-4f7e-b751-9dd3996393a0	42222362	42237305	fwd	9434	1111	3886	0.008021	0.278075	0	0.856	-3	right	UWB_Cisp1
chr14	52325534	52333624	e1cef370-492d-43ea-855a-f7b2f9fc3a73	52324568	52335679	rev	8090	3198	2961	0.004376	0.539387	0.001266	0.906329	-3	right	UWB_Cisp1
chr14	59178655	59187052	f2b079ba-d6d1-43aa-9bfa-3a79abbdd6ff	59176771	59187059	fwd	8397	6581	1262	0.037817	0.340357	0.048649	0.802703	-3	right	UWB_Cisp1
chr14	99988116	99992396	7e5aeca6-56f2-4e28-a28a-2c1f0e4e80f3	99983373	99992406	rev	4280	2074	1102	0	0.276667	0.013201	0.531353	-3	right	UWB_Cisp1
chr15	35272113	35278876	811109bf-1c4b-402c-8f65-58882665e0d2	35272105	35290838	rev	6763	2317	1330	0.006443	0.476804	0	0.849727	-3	right	UWB_Cisp1
chr15	43381662	43388493	9c9b9b4e-ec23-46b6-834a-bf7441856239	43381658	43388503	fwd	6831	1026	4380	0	0.412162	0.004223	0.902027	-3	right	UWB_Cisp1
chr15	55756226	55764617	bcb18a6d-26a3-44f5-b80a-e42499eae1d5	55756222	55764635	fwd	8391	1168	6336	0	0.268571	0	0.881834	-3	right	UWB_Cisp1
chr15	71269511	71281339	37c6eb16-b112-40ce-98fb-c3704403def0	71268572	71281390	fwd	11828	1814	9503	0	0.557562	0.004547	0.885563	-3	right	UWB_Cisp1
chr15	72584968	72590649	6ead605c-7b3d-4531-aa92-251f08230577	72582996	72590660	rev	5681	3048	2200	0.007101	0.265089	0.015491	0.703959	-3	right	UWB_Cisp1
chr15	78664332	78676168	7a0fb5fa-af98-415a-9ab8-7989a8822af2	78659427	78676181	fwd	11836	2285	9234	0	0.324866	0.013636	0.826818	-3	right	UWB_Cisp1
chr15	79496220	79503273	41ab24fe-2332-4f73-a501-318afb38cd2d	79490266	79503279	fwd	7053	1269	5447	0	0.452532	0.057404	0.660796	-3	right	UWB_Cisp1
chr16	21716905	21726245	769a7437-0698-4ce4-b7ec-90c763e57bfa	21701393	21731448	rev	9340	2602	4236	0.021812	0.47651	0	0.802703	-3	right	UWB_Cisp1
chr16	46384945	46389339	dedaee74-ebc4-44fa-b1ca-96c4f33d9654	46383095	46405953	fwd	4394	1181	1654	0	0.261603	0.029973	0.384196	-1	right	UWB_Cisp1
chr16	46383412	46391951	c3d770d0-2e5e-46e3-b112-54e4642c5ca8	46383407	46392500	rev	8539	2262	5805	0.087248	0.675168	0.002458	0.932153	-3	right	UWB_Cisp1
chr16	46388208	46397299	d7e49fb9-67ca-462d-bbd3-a0c189d02133	46384115	46401327	fwd	9091	1298	6631	0.006623	0.360927	0.026549	0.454277	-3	right	UWB_Cisp1
chr16	46388350	46394211	9905319c-c85e-4c1a-9915-7a70f2611935	46384158	46400636	fwd	5861	1184	3005	0.011321	0.350943	0	0.138889	-3	right	UWB_Cisp1
chr16	46387718	46396248	75474515-1f22-4d50-9974-6fcf4abc68aa	46385624	46400636	rev	8530	6511	1045	0.026432	0.6	0	1	-1	right	UWB_Cisp1
chr16	46389451	46397299	3bf6c3f4-01db-47e1-acf5-87a0b33d40fa	46386469	46400682	fwd	7848	2280	2317	0	0.371542	0	0.6	-3	right	UWB_Cisp1
chr16	46387309	46396612	cc937f93-59bf-4313-abd2-74bf6ec27c68	46387304	46403452	rev	9303	6901	1609	0.046278	0.274983	0	0.361111	-1	right	UWB_Cisp1
chr16	46387397	46392675	d0a6557a-4255-4494-baa3-3994a8cbd40a	46387385	46401758	rev	5278	2098	1535	0.087143	0.422857	0	0.742857	-1	right	UWB_Cisp1
chr16	46388587	46394254	ee6af0d2-e9cf-4c09-a801-2bf29096a074	46387648	46404819	rev	5667	1021	3260	0.148036	0.404834	0	0.838462	-3	right	UWB_Cisp1
chr16	46393249	46398495	b5ddc150-8a3f-4777-a4fb-c44d74ee18e3	46388787	46401042	fwd	5246	4050	1196	0.061697	0.44473	0.009524	0.295238	-3	right	UWB_Cisp1
chr16	75651710	75656334	341a089d-6edc-48dc-85e4-fe57aed11be6	75651701	75660170	rev	4624	1787	2543	0.008065	0.572581	0.002853	0.704708	-3	right	UWB_Cisp1
chr16	83925078	83930609	bde318ea-562b-4a73-ba93-101e49c576ef	83915128	83939760	fwd	5531	2024	2275	0.015982	0.353881	0.027184	0.67767	-3	right	UWB_Cisp1
chr17	5299328	5309792	d65fd61e-e103-4def-8e6c-5b6599a45a5e	5299314	5309801	rev	10464	2421	5702	0	0.523726	0.014402	0.902317	-3	right	UWB_Cisp1
chr17	45987006	45990441	ba3777e4-df9c-467f-9327-86a688c38134	45980773	45990446	fwd	3435	1179	1746	0	0.322476	0	0.675258	-3	right	UWB_Cisp1
chr17	63174896	63185332	67c2a630-b65d-434a-9053-b0a4e1d83544	63173511	63185341	fwd	10436	7085	3097	0.005842	0.377589	0.006515	0.795874	-3	right	UWB_Cisp1
chr17	78683787	78688812	87f64cc0-1a87-4c29-94e5-c6d6021fd48f	78681872	78688816	rev	5025	1456	3219	0	0.456522	0.017687	0.82585	-3	right	UWB_Cisp1
chr18	5602380	5607815	bbfa718d-58da-4462-81ac-7c8a5f571a19	5599781	5611957	fwd	5435	3537	1648	0.007007	0.51952	0	0.56875	-3	right	UWB_Cisp1
chr18	6215457	6222080	c2a57df3-e65a-4706-8e81-477d2c66f4b0	6212187	6222088	fwd	6623	1034	3486	0	0.23676	0.004651	0.874419	-3	right	UWB_Cisp1
chr18	6650944	6655030	362d427a-6716-4cd4-83ba-e31378e15571	6639322	6655041	fwd	4086	1039	2629	0	0.25256	0.001445	0.553468	-3	right	UWB_Cisp1
chr18	8743520	8752808	51228dcb-deed-4c38-964d-2a3ef7f7cd48	8741384	8752817	rev	9288	5881	3129	0.007524	0.345372	0.010855	0.679783	-3	right	UWB_Cisp1
chr18	39630812	39636011	1b09f00c-43a1-4844-968d-4beaef9aeb78	39626355	39636019	rev	5199	2083	2344	0.018416	0.596685	0.099424	0.690202	-3	right	UWB_Cisp1
chr18	56194153	56204967	ae2bebc2-aa02-4db9-b417-6a27616c7531	56194014	56204973	rev	10814	1133	9374	0	0.505976	0.000693	0.878378	-3	right	UWB_Cisp1
chr19	3376714	3385811	080a8fce-89b1-495c-a91d-ac32feaa4702	3376705	3386543	fwd	9097	1680	5822	0.045894	0.42029	0	0.862775	-3	right	UWB_Cisp1
chr19	17347186	17351288	b20edb31-9573-430f-886f-795fcad7f0bd	17346207	17353384	rev	4102	1319	1009	0.132258	0.290323	0.016854	0.398876	-3	right	UWB_Cisp1
chr19	24092066	24098660	7b7c55e6-e12b-44dc-b288-b86206baa3f7	24092058	24099778	fwd	6594	2135	4090	0.065868	0.803593	0.009993	0.902065	-3	right	UWB_Cisp1
chr19	49535389	49540072	773869cf-09d2-4981-af9a-0bb47c5fcd07	49525882	49540084	fwd	4683	2010	2128	0	0.371482	0.010969	0.515539	-3	right	UWB_Cisp1
chr2	7729785	7738034	33bc3275-f1d7-4f32-9e85-f02c47b2b35e	7729540	7743505	rev	8249	1011	5729	0	0.239437	0.022624	0.775695	-3	right	UWB_Cisp1
chr2	18601263	18607213	36636865-7960-4e96-8f25-662ca4b9ad2d	18599740	18607220	fwd	5950	1069	4507	0.002584	0.426357	0.011128	0.76632	-3	right	UWB_Cisp1
chr2	21151413	21156813	d7ac2018-0820-4276-9f77-3200f36c54d3	21142807	21164345	rev	5400	1025	3923	0	0.256039	0	0.777514	-3	right	UWB_Cisp1
chr2	22656729	22667599	1e26236b-e894-4ec9-abdb-8d76b402d264	22653650	22667830	fwd	10870	2034	7194	0	0.276265	0.00428	0.815026	-3	right	UWB_Cisp1
chr2	24604099	24615221	aedd90d6-bdd7-4d21-a204-a8a7a156f210	24602724	24615226	rev	11122	3575	5283	0	0.440987	0.011556	0.704	-3	right	UWB_Cisp1
chr2	69464905	69473549	883b63d3-e36b-4eb6-8146-908ee6783537	69464899	69473554	fwd	8644	2672	5672	0	0.493921	0	0.888334	-3	right	UWB_Cisp1
chr2	89831953	89839704	901c9d25-cb60-4fd9-8716-7ca2e4d32f7c	89831946	89843756	fwd	7751	1752	3726	0.005747	0.653736	0.019337	0.457182	-3	right	UWB_Cisp1
chr2	126439909	126446386	70ee0bfe-393b-4738-a4c2-46bf1f27d6d9	126439899	126447090	fwd	6477	1029	4067	0	0.382445	0.000945	0.864839	-3	right	UWB_Cisp1
chr2	132591780	132602277	f0ec5ca8-bac6-4dcd-b41e-b826cce93847	132591740	132603718	rev	10497	3066	4852	0	0.332544	0	0.835192	-3	right	UWB_Cisp1
chr2	164610512	164618889	d8516cbc-9aff-40ad-9ef7-a2e7e4b66071	164607437	164619626	fwd	8377	2910	4312	0.010088	0.476671	0	0.84846	-3	right	UWB_Cisp1
chr2	178408272	178410715	5d0b14cc-459b-440f-b93f-2fb60e26bb12	178402984	178413689	fwd	2443	1110	1074	0	0.357895	0	0.77305	-3	right	UWB_Cisp1
chr2	187491178	187502431	37a55fa2-0f8a-4356-b353-019cf8b214d8	187489674	187502438	fwd	11253	2044	8081	0	0.434383	0	0.908403	-3	right	UWB_Cisp1
chr2	192780604	192789411	34aa6a3d-1b48-4d7b-bb8c-10e225704d64	192775979	192789531	fwd	8807	1148	7163	0	0.230964	0.006351	0.79873	-3	right	UWB_Cisp1
chr2	215946534	215957503	7f672291-151e-4649-a7ac-c5ddac239cfa	215946196	215957523	fwd	10969	2115	8425	0.032864	0.558685	0.016935	0.89178	-3	right	UWB_Cisp1
chr2	226700507	226708729	b4e64599-cc99-4875-acc8-c5a4ad1eac50	226700500	226708733	rev	8222	1152	3082	0.16726	0.501779	0.001115	0.921962	-3	right	UWB_Cisp1
chr2	231017957	231021130	6694c13d-96ac-4b41-8da5-92e0ce98dda1	231013118	231021138	fwd	3173	1861	1033	0	0.327684	0.013289	0.76412	-3	right	UWB_Cisp1
chr20	11129505	11139612	c3b5a2e2-5605-4f91-8cd2-101f93fcfddb	11129497	11139786	fwd	10107	1106	6902	0.01773	0.379433	0.003413	0.916138	-3	right	UWB_Cisp1
chr20	13703803	13714591	9c3cff24-971c-4c8d-8214-4b6bea190184	13694393	13717325	rev	10788	4472	4022	0.025246	0.668719	0	0.908055	-3	right	UWB_Cisp1
chr20	31063412	31068592	0ee802b6-c9a8-43c6-92f3-14992ebc6d44	31055289	31068598	fwd	5180	2135	1573	0.055556	0.456522	0.010417	0.534722	-3	right	UWB_Cisp1
chr20	31060677	31067538	733c9c35-3438-4055-bad8-754c12a0e631	31056967	31071474	fwd	6861	2590	1073	0.102088	0.37587	0.057592	0.544503	-3	right	UWB_Cisp1
chr20	31063812	31068028	b80d9651-a291-4c2b-af4a-5f12f5eabf2c	31062709	31071997	fwd	4216	1775	1144	0.029412	0.457983	0	0.406593	-3	right	UWB_Cisp1
chr20	31066284	31069870	d34b4690-21f8-4bba-a863-8b67b263e57c	31063974	31076455	rev	3586	1289	1387	0.151927	0.451247	0	0.541667	-1	right	UWB_Cisp1
chr20	35788290	35796336	f09b651c-78e7-492b-83fb-59670be980b7	35782800	35796341	fwd	8046	2881	4325	0	0.781654	0.079073	0.683706	-3	right	UWB_Cisp1
chr20	42031666	42035067	fadd3513-29c3-41ba-ac03-e3cddab11b8f	42023835	42035072	rev	3401	1760	1176	0	0.278409	0.024138	0.610345	-3	right	UWB_Cisp1
chr20	45866799	45873824	8404b65f-39dc-4dd3-8107-35c942ad6c9d	45864276	45873828	rev	7025	4286	2502	0.009599	0.265271	0.032129	0.8166	-3	right	UWB_Cisp1
chr20	60533337	60540553	0d333854-2492-4915-9fde-7c2a9be01520	60531552	60540557	rev	7216	1099	5677	0	0.203822	0	0.809679	-3	right	UWB_Cisp1
chr21	10656666	10660056	925e7a09-4810-495d-af30-8a649f1a46cf	10656498	10672306	rev	3390	1225	1065	0.023166	0.401544	0.008734	0.480349	-3	right	UWB_Cisp1
chr21	14131737	14142609	c22fc3e5-bc04-48c8-8f22-52a38a2252d7	14131332	14142613	rev	10872	2845	5361	0.054348	0.585284	0.030512	0.833621	-3	right	UWB_Cisp1
chr21	16753937	16760411	9c922d3d-1cdd-420d-a691-7a18e8b2658a	16753243	16765176	rev	6474	1397	4805	0	0.497706	0.001119	0.888081	-3	right	UWB_Cisp1
chr22	10707718	10714364	9f101ffd-d1a9-4c89-87bf-a205bfc07bd9	10707713	10721203	fwd	6646	2369	2249	0	0.608983	0.019006	0.847953	-1	right	UWB_Cisp1
chr22	19188866	19196451	e6b3d2ae-c957-49b6-a61f-bc6ac5d95bf0	19186796	19196458	fwd	7585	3618	3583	0.014614	0.495825	0.015827	0.840288	-3	right	UWB_Cisp1
chr22	19769221	19774685	f1d01f16-9686-421f-b55f-209de81d5a21	19763950	19774691	rev	5464	1671	3380	0	0.385621	0.018182	0.692308	-3	right	UWB_Cisp1
chr3	14436733	14444633	b3795908-6d71-4e6b-bc75-e769afa2222f	14433297	14444643	rev	7900	2501	3982	0	0.638026	0	0.878229	-3	right	UWB_Cisp1
chr3	24621304	24625160	5eedf4ab-3369-453b-a3be-4685c942be1f	24620105	24625167	fwd	3856	2147	1376	0	0.54732	0	0.778539	-3	right	UWB_Cisp1
chr3	30802916	30812164	b4d74482-6e6a-4395-b120-83e4929d5b9c	30798731	30812545	fwd	9248	1435	7352	0	0.286802	0.013969	0.701349	-3	right	UWB_Cisp1
chr3	35419241	35425807	28a8beea-54bf-41fa-929e-f094f958a2ea	35419233	35427432	rev	6566	2646	1847	0	0.56674	0.001698	0.925297	-3	right	UWB_Cisp1
chr3	39684053	39687593	5d2a50a5-13dc-47c5-a55b-410e375642fa	39678254	39687599	rev	3540	1187	1914	0	0.444444	0.013631	0.802974	-3	right	UWB_Cisp1
chr3	53293865	53301447	6be7721a-a0e9-47d6-8995-4e5f8ea93567	53287771	53301602	rev	7582	1447	5789	0	0.367609	0	0.863838	-3	right	UWB_Cisp1
chr3	78556123	78567487	8e01a479-4612-4146-bb34-34fdf6de396e	78554930	78570027	fwd	11364	1272	9850	0.005249	0.422572	0.007166	0.800326	-3	right	UWB_Cisp1
chr3	84384105	84396235	7654f9fa-8f1f-4c63-9eb0-f73640e64d6e	84381443	84396245	fwd	12130	3543	6291	0.006114	0.722271	0	0.878885	-3	right	UWB_Cisp1
chr3	100620191	100624827	7cdf358e-e12c-478c-ba67-f6c52fe8a85d	100612980	100624832	fwd	4636	1492	2780	0	0.345455	0.006648	0.765432	-3	right	UWB_Cisp1
chr3	118003693	118008303	396c6b0b-135c-4d70-8dbb-471b94d9182d	118001477	118008312	fwd	4610	2154	2154	0	0.5	0.003488	0.801163	-3	right	UWB_Cisp1
chr3	131212050	131217454	d54e22b2-6682-4ae1-bddc-a96c8da27762	131207979	131217459	fwd	5404	2407	2486	0	0.408104	0.073955	0.705788	-3	right	UWB_Cisp1
chr3	151185405	151189792	1d03add8-06a1-4f82-a454-31c61e39269b	151168983	151189799	rev	4387	1036	1376	0	0.222951	0.025281	0.702247	-3	right	UWB_Cisp1
chr3	153325219	153335581	f9529ea0-9961-4b94-9a80-d567e51546df	153313738	153335590	fwd	10362	3374	6623	0	0.325913	0.018145	0.766633	-3	right	UWB_Cisp1
chr3	154753017	154766743	3dae7a50-d07d-4310-9ac4-26ad679bc85c	154753012	154766809	rev	13726	1488	9435	0.149371	0.525157	0.001887	0.915849	-3	right	UWB_Cisp1
chr3	159887923	159893894	edac4f66-b1b3-4ef4-8168-5cdc0f6ede35	159885981	159894500	rev	5971	3026	2541	0	0.325456	0.043091	0.762259	-3	right	UWB_Cisp1
chr3	160175881	160181042	b374f379-9464-4e8d-99fd-33faf45c8182	160171098	160181112	fwd	5161	2266	1168	0.056716	0.443284	0.059375	0.625	-3	right	UWB_Cisp1
chr3	166258274	166263907	4465afbd-5e70-46a4-b942-4027ae693cab	166257039	166268638	fwd	5633	1015	1027	0	0.267677	0.044828	0.537931	-3	right	UWB_Cisp1
chr3	175611932	175619744	81e91fbd-fdfe-4c82-8d88-d299828e216e	175605166	175619757	fwd	7812	3762	3651	0.015451	0.733906	0.027368	0.806316	-3	right	UWB_Cisp1
chr3	182855262	182876461	99a35cd7-3326-4344-b5ca-964ff7d95bce	182855251	182876644	fwd	21199	2787	18026	0.005875	0.46181	0.049603	0.618056	-3	right	UWB_Cisp1
chr3	186031835	186037174	1cc2e156-3daf-4e9b-b5ae-b37d768775ea	186031830	186040189	rev	5339	1000	1708	0	0.458015	0	0.959911	-3	right	UWB_Cisp1
chr3	188973140	188982632	1f25cf5e-dffb-4a04-a33a-66000250f856	188970382	188983279	fwd	9492	1768	7486	0.055985	0.438224	0.005218	0.863852	-3	right	UWB_Cisp1
chr3	189941059	189948196	f92309e2-1b1a-4cc2-ba0a-ccb5b8dac268	189941055	189948202	fwd	7137	4988	1830	0.00218	0.427326	0	0.786177	-3	right	UWB_Cisp1
chr4	1406720	1411289	b9392224-b8ed-4b5d-a37f-cd8c3dcbf9ed	1403451	1411294	fwd	4569	1933	2008	0	0.198251	0.008264	0.630854	-3	right	UWB_Cisp1
chr4	25702828	25713354	e76aeafa-e6e5-47c2-aeeb-9b03efc07b20	25702822	25713358	rev	10526	1373	7545	0.027864	0.563467	0.05135	0.644786	-3	right	UWB_Cisp1
chr4	35834987	35838135	3c99e7ac-c5f9-4c01-a8ee-b60e5fd5f5dd	35832192	35838142	fwd	3148	1642	1141	0	0.316667	0.03886	0.603627	-3	right	UWB_Cisp1
chr4	45121951	45135958	a39c40de-d146-4698-acc4-b7069ff67223	45121934	45135963	fwd	14007	1628	12092	0	0.553156	0.037135	0.693969	-3	right	UWB_Cisp1
chr4	49095291	49102885	6f86403d-ed0d-4d9e-aac9-730b3979504d	49091231	49104211	rev	7594	3777	1453	0.104101	0.392744	0.004695	0.488263	-3	right	UWB_Cisp1
chr4	49096313	49102456	748e28e9-dba2-4504-835b-0a1b0cbe9063	49091580	49102933	fwd	6143	1317	4386	0.185714	0.554762	0.028667	0.679333	-3	right	UWB_Cisp1
chr4	49104736	49111372	723e2090-b131-4302-8692-118868d60bbd	49099116	49112137	rev	6636	1000	1506	0.095652	0.469565	0.020408	0.622449	-3	right	UWB_Cisp1
chr4	49106310	49111472	7f810679-4681-4471-a3fa-78b2c0c28e02	49106305	49114033	rev	5162	1125	1014	0.063584	0.306358	0	0.530387	-3	right	UWB_Cisp1
chr4	49150625	49152527	d51541e7-3790-4277-a351-393f1ec2a5c5	49143801	49156884	rev	1902	819	519	0.052632	0.464912	0	0.454545	-1	right	UWB_Cisp1
chr4	49151374	49153998	d08c3943-301d-44ad-ab11-be946ba595d7	49147652	49166764	fwd	2624	1362	573	0.106236	0.411085	0.004505	0.720721	-1	right	UWB_Cisp1
chr4	49631972	49639945	c96d0768-ce36-4a01-a29b-069c4458a1e1	49631297	49655135	fwd	7973	1259	2107	0.047619	0.466667	0	0.606557	-3	right	UWB_Cisp1
chr4	49639406	49642861	123441ea-8b48-4ea9-b39d-7a0dd3b86fed	49634968	49649043	fwd	3455	539	2916	0	0.434783	0.043011	0.55914	-3	right	UWB_Cisp1
chr4	67983024	67995870	af1fced0-056b-44c4-b550-c7e0e0be7204	67978903	67997203	fwd	12846	1538	11010	0	0.443277	0.044152	0.664035	-3	right	UWB_Cisp1
chr4	102028286	102033948	6ad2b8ab-2952-4171-b631-aff89aae5b4e	102026438	102033953	rev	5662	1755	3110	0.088448	0.557762	0.023202	0.803944	-3	right	UWB_Cisp1
chr4	115095469	115104377	294916d4-8e4a-4fb9-9bf2-200ce6c33eae	115093477	115104383	rev	8908	5068	2596	0	0.393631	0.018226	0.806804	-3	right	UWB_Cisp1
chr4	146643401	146657411	51f2e6bf-5e43-4dde-bd22-f42b81ad8d6b	146643397	146659142	fwd	14010	3178	8444	0.011259	0.840328	0.00129	0.967756	-3	right	UWB_Cisp1
chr4	187315506	187319430	52a22c28-f0bc-4640-857f-919d2df3bd3c	187312614	187319437	fwd	3924	1150	2226	0	0.410095	0.005976	0.715139	-3	right	UWB_Cisp1
chr5	7964496	7971986	d44d7c46-1a97-4492-909b-f5e18784aead	7964490	7972089	rev	7490	1143	4350	0	0.583082	0	0.899623	-3	right	UWB_Cisp1
chr5	21811168	21817004	8c01152f-6ea8-44ab-ac85-3af48dbbbd5b	21808136	21817012	fwd	5836	1181	4104	0	0.266344	0.000786	0.824823	-3	right	UWB_Cisp1
chr5	27880472	27886498	d2c24f64-a5b4-4bde-9999-1000b59fdbac	27879215	27886505	fwd	6026	1792	3608	0	0.373313	0.033837	0.676026	-3	right	UWB_Cisp1
chr5	44424915	44440532	4280ca76-5f3b-466b-85b4-d6f261f7daab	44424824	44441894	fwd	15617	2956	11686	0.003049	0.333333	0.000873	0.898399	-3	right	UWB_Cisp1
chr5	80853492	80863799	970ec156-4fcc-4004-bfc4-9a78e54580eb	80852538	80864606	fwd	10307	4039	5577	0.004944	0.532486	0.002648	0.927436	-3	right	UWB_Cisp1
chr5	161593155	161602276	9cb2a2b7-af8b-4ddd-8dc8-cd00b8839dad	161589701	161604140	rev	9121	1898	6796	0	0.444138	0	0.861443	-3	right	UWB_Cisp1
chr5	173169025	173181213	5e792145-bf56-472e-9fa5-f759dc702a01	173169002	173182304	fwd	12188	4408	4872	0.000782	0.425332	0.00084	0.848739	-3	right	UWB_Cisp1
chr5	173190451	173198630	eb760fe6-419e-40b0-9675-e94d33ac708e	173186148	173198635	fwd	8179	1017	5323	0	0.228571	0.010492	0.589992	-3	right	UWB_Cisp1
chr5	176342764	176348123	75b8dd85-cd15-46bf-811e-73fd206d43f9	176336320	176348129	fwd	5359	1508	3103	0.065041	0.371951	0.018868	0.699371	-3	right	UWB_Cisp1
chr5	180525331	180530969	9a58a825-8f7e-4497-a1f1-62019fe81629	180523574	180530982	fwd	5638	2027	3029	0	0.309259	0.001105	0.769061	-3	right	UWB_Cisp1
chr6	13825681	13828931	38a1b098-3ba1-43df-9217-5f7ce1090a99	13812869	13829451	fwd	3250	1132	1234	0	0.247761	0.033898	0.518644	-3	right	UWB_Cisp1
chr6	46774843	46783066	3b4e2994-19b8-4c45-8a9c-77bbaa53dcf0	46774833	46783075	rev	8223	2734	5221	0.008264	0.615702	0.021433	0.877526	-3	right	UWB_Cisp1
chr6	54549904	54557471	f793795d-0a58-45ae-b35b-b59bee910a01	54543522	54558222	fwd	7567	2017	4559	0.072435	0.488934	0.013641	0.727177	-3	right	UWB_Cisp1
chr6	79716154	79720507	3e0d70fe-bd0e-4d56-87ea-d05258415ab2	79711357	79720516	fwd	4353	1614	2410	0.012531	0.431078	0	0.853731	-3	right	UWB_Cisp1
chr6	90804371	90814151	f8d07dfc-39b5-42fd-8b5d-d2bb60111bc4	90797651	90814156	fwd	9780	1274	8136	0	0.263403	0.024806	0.618605	-3	right	UWB_Cisp1
chr6	136517448	136529006	fe4cae3e-4ce8-41ad-917e-ed2e6efe9925	136515535	136531526	rev	11558	1312	9680	0	0.464286	0.003771	0.829277	-3	right	UWB_Cisp1
chr6	141006331	141012381	427b3670-4514-4169-8655-1d2c036e36a4	141006326	141015298	rev	6050	1337	3953	0	0.481481	0	0.930567	-3	right	UWB_Cisp1
chr6	155421677	155429543	fd0a708e-a2ab-4c47-9411-3ccf97e023cd	155417171	155429553	fwd	7866	3514	4036	0	0.648148	0.05764	0.706313	-3	right	UWB_Cisp1
chr6	155756173	155764471	c81fe245-de98-4009-9fab-d89e41eb6f3b	155752925	155764520	rev	8298	2252	5737	0.004219	0.527426	0.028555	0.657339	-3	right	UWB_Cisp1
chr7	3217399	3226690	dec1adc0-2f2e-4e0a-ab9f-8165448ba375	3213788	3226694	rev	9291	5885	2957	0.013682	0.407496	0.026107	0.861521	-3	right	UWB_Cisp1
chr7	35823643	35830893	5f1ebea1-3a3f-4f34-a5a3-77c20b3a4dfd	35822233	35830898	fwd	7250	4014	2892	0.000684	0.353867	0	0.717136	-3	right	UWB_Cisp1
chr7	39819040	39823708	d03edc38-1bcd-4b26-9e16-314107071eca	39816827	39823714	fwd	4668	1407	2543	0.075377	0.467337	0.075871	0.774876	-3	right	UWB_Cisp1
chr7	57590799	57605571	88d7fdae-9506-4f24-80db-8040748ddf56	57589922	57605577	fwd	14772	1627	12886	0	0.610169	0.054945	0.674772	-3	right	UWB_Cisp1
chr7	98581297	98587984	5d75294f-caba-4ce1-9264-e2ed6fb4a875	98581292	98589372	rev	6687	1125	1197	0.019499	0.37883	0.003636	0.6	-3	right	UWB_Cisp1
chr7	102384643	102391106	139095d4-3cc8-4365-af62-ad3b95b0dee2	102381687	102393205	fwd	6463	1939	4235	0	0.598712	0	0.850049	-3	right	UWB_Cisp1
chr8	40969122	40977231	e7f349da-3001-437c-baac-70719a418d2c	40969117	40977239	fwd	8109	4473	3316	0.00455	0.55323	0.019729	0.758323	-3	right	UWB_Cisp1
chr8	49046036	49050076	eef0f949-f0c2-4fc3-9ed7-5a88b8a27371	49043578	49051648	rev	4040	2029	1726	0	0.513347	0	0.6621	-3	right	UWB_Cisp1
chr8	58922665	58926203	8d2ee18e-fec3-4b1e-950c-dff02c639020	58920520	58926208	rev	3538	1639	1587	0.004283	0.462527	0	0.909314	-3	right	UWB_Cisp1
chr8	61183777	61190290	c20b4898-522e-4c9c-9ee5-693b2c2af654	61178403	61194656	fwd	6513	2118	4158	0.013605	0.744898	0	0.817097	-3	right	UWB_Cisp1
chr8	68590001	68601382	adf303f8-6f7f-4b1a-aa39-731b3a0d3943	68587799	68601974	fwd	11381	1162	8268	0	0.632743	0.004044	0.896528	-3	right	UWB_Cisp1
chr8	79467376	79473931	41f392a7-e20a-4f95-ad48-bf2a5db0a650	79467371	79477804	fwd	6555	1170	2655	0.017544	0.584795	0.006812	0.831063	-3	right	UWB_Cisp1
chr8	96806317	96816060	6f5a68ce-66fd-4ca9-9826-0e6d87239d7d	96806313	96817128	fwd	9743	3090	6230	0.016304	0.665217	0.037887	0.865528	-3	right	UWB_Cisp1
chr8	103406634	103413386	a1715d6b-3dfa-4453-b9fd-6d44c915a31b	103406628	103413395	rev	6752	1394	4926	0.077088	0.730193	0.042766	0.830364	-3	right	UWB_Cisp1
chr8	105524586	105529974	01021746-afcf-4d98-b161-f5c5fe1b749d	105520030	105529991	rev	5388	1015	3743	0	0.435424	0.030097	0.71068	-3	right	UWB_Cisp1
chr9	5891083	5894915	58295669-d14f-4a31-9a1d-010bbfe1e2db	5882846	5894920	rev	3832	1036	2355	0	0.198502	0	0.756757	-3	right	UWB_Cisp1
chr9	17202157	17209311	8fbf27d5-bda0-41a7-be89-1eb525954ab6	17198122	17209321	fwd	7154	2455	3283	0.027778	0.319444	0.007589	0.749578	-3	right	UWB_Cisp1
chr9	28817025	28826053	56ba7d3d-b0f4-4a96-926a-36427053e07f	28813036	28826356	rev	9028	1621	7080	0	0.532051	0.047962	0.734772	-3	right	UWB_Cisp1
chr9	70486465	70491248	cab5c077-2f03-4b3e-bf9a-bcebd6164902	70480218	70491372	rev	4783	1592	1853	0	0.321429	0.057471	0.577011	-3	right	UWB_Cisp1
chr9	90508253	90517575	661dcca8-58b6-408e-bafd-0e9eb7eb9cad	90501181	90518457	rev	9322	1399	7338	0.118765	0.332542	0.008377	0.819665	-3	right	UWB_Cisp1
chr9	120403404	120408993	771f84ae-c5bd-49ec-bedb-aa25bf859d3d	120397757	120408998	rev	5589	3799	1153	0.001921	0.324688	0.031373	0.564706	-3	right	UWB_Cisp1
chr9	129046540	129052695	1e543763-9bd1-4b75-aa10-8f1c16fc25b4	129044146	129052972	fwd	6155	2807	2263	0.002766	0.273859	0.066869	0.609422	-3	right	UWB_Cisp1
chrX	38839318	38842953	c805ccfa-17a7-4478-bdba-f06284f68c8e	38836324	38848082	rev	3635	1137	1976	0	0.195122	0	0.789474	-3	right	UWB_Cisp1
chrX	51004229	51013018	6fe43130-61f9-40d5-85c6-2e47b4d66b7b	50997455	51013027	rev	8789	1015	7315	0	0.234783	0.041339	0.692257	-3	right	UWB_Cisp1
chrX	53797752	53807119	6eba1beb-df56-4579-b549-ff07b6bc71a5	53788325	53808000	rev	9367	4105	4483	0.005188	0.577821	0	0.894928	-3	right	UWB_Cisp1
chrX	56391917	56403277	6efd07ed-f134-4d48-b214-a15f5f2a73d9	56391908	56403281	rev	11360	4881	5424	0.020318	0.234982	0.030303	0.780303	-3	right	UWB_Cisp1
chrX	109170099	109173505	d688fc69-d012-426b-9c09-287c6770d163	109163054	109173510	fwd	3406	1192	1809	0	0.317935	0.004124	0.806186	-3	right	UWB_Cisp1
chrX	112175453	112182236	bce746fc-32c4-479d-ae8f-5386990675bd	112175097	112184193	rev	6783	1426	4046	0.002268	0.433107	0.011304	0.837391	-3	right	UWB_Cisp1
chrX	125749241	125761130	40959b7a-4bb9-4bee-b040-249a43b79ca5	125746546	125761137	rev	11889	1425	9561	0.003781	0.695652	0.001677	0.89336	-3	right	UWB_Cisp1
