sample	read_id	chromosome	EdU_bp	BrdU_bp	total_analogue_bp	EdU_segments	BrdU_segments
OV3_Cisp0	008f8314-96ef-4bd8-87ed-87c5f6092f1c	chr1	1194	2937	4131	1	1
OV3_Cisp0	00bd382c-621f-437b-8813-ab65616d1598	chr1	1205	4698	5903	1	1
OV3_Cisp0	0166e623-f789-4330-ae0f-1e2b7e089b87	chr1	1057	5003	6060	1	1
OV3_Cisp0	01c6882c-ff64-4773-8329-0147cff4e6e2	chr1	3603	7385	10988	1	1
OV3_Cisp0	02795b09-45ba-4519-af44-557dbc20b0b6	chr1	1217	4050	5267	1	1
OV3_Cisp0	035317d1-69fc-42dc-9b7c-26b6b67771e0	chr1	3277	1602	4879	1	1
OV3_Cisp0	05ab2e1f-9922-48e2-bc43-d57708f7bb8e	chr1	1365	3040	4405	1	1
OV3_Cisp0	07677a27-a5a4-4ab8-86f1-de620dad39b8	chr1	4659	6625	11284	1	1
OV3_Cisp0	0b525f6a-4aea-4f32-a4b8-b0d3776b35fd	chr1	3280	1871	5151	1	1
OV3_Cisp0	0ff5e647-b146-4b71-acbd-a33a7f64fd49	chr1	4699	7314	12013	1	1
OV3_Cisp0	13aa2063-ae81-4364-a190-25330239845e	chr1	1307	5541	6848	1	1
OV3_Cisp0	16c202b5-6785-470f-949a-f69ff02d6f31	chr1	4685	4617	9302	1	1
OV3_Cisp0	198482b3-a4cc-4336-979a-d10881901c94	chr1	4602	12245	16847	1	1
OV3_Cisp0	19920319-ca5e-4886-b5c0-ec70c5533d0c	chr1	2351	25207	27558	1	1
OV3_Cisp0	1be42edd-73ba-4528-b74b-b4c6d0de53eb	chr1	3320	3479	6799	1	1
OV3_Cisp0	1f333b3c-ce32-473a-9f3e-5b5e4060533e	chr1	3798	5232	9030	1	1
OV3_Cisp0	20c19516-000c-40d3-ac50-cd173013c8a2	chr1	3939	2371	6310	1	1
OV3_Cisp0	21701874-5780-4bc8-88b7-ec5defa1ce38	chr1	5250	4339	9589	1	1
OV3_Cisp0	23a937cf-8ffd-4784-8990-9bdb3cdb190d	chr1	2737	1173	3910	1	1
OV3_Cisp0	25ad67c5-f4bc-4242-b305-19f9c836d5c9	chr1	1881	4648	6529	1	1
OV3_Cisp0	26122746-39a8-46c1-b35a-81d642b15fc5	chr1	4538	6091	10629	1	1
OV3_Cisp0	268e5a20-5b45-4891-adc9-0666b44a7e7d	chr1	1222	10177	11399	1	1
OV3_Cisp0	275e3c7c-7a7f-4fa4-b035-6a504f6681bd	chr1	1732	16544	18276	1	1
OV3_Cisp0	277c50b0-43ed-4738-bfe8-4835d9a3689d	chr1	4585	2595	7180	1	1
OV3_Cisp0	28bedf3b-57e2-43b6-a434-de9dad8e84a9	chr1	2615	10077	12692	1	1
OV3_Cisp0	2a41d31a-f0ca-4634-a24e-d88295dc856b	chr1	8575	3423	11998	2	1
OV3_Cisp0	2c7efd76-d89b-4c93-8f39-9b7012ea2861	chr1	4424	5419	9843	1	1
OV3_Cisp0	2e3d832a-0da0-47da-b124-6c7e972926f7	chr1	2424	14992	17416	1	1
OV3_Cisp0	2f2fc87e-a428-4d32-9e02-ebc73693290a	chr1	4613	6630	11243	1	1
OV3_Cisp0	313cb74c-525e-457a-84ae-d1070c18b2dd	chr1	3769	10387	14156	1	1
OV3_Cisp0	32278e75-4d8a-420c-9615-5f09e94faf6d	chr1	9318	20046	29364	1	1
OV3_Cisp0	32eecd21-f1c9-4c04-b60a-390421aa6026	chr1	7343	3022	10365	1	1
OV3_Cisp0	33ad1fba-03b3-4736-b3e0-541aced5646a	chr1	2290	5155	7445	1	1
OV3_Cisp0	36a35e32-b749-4249-b28f-97b8164c2e26	chr1	3914	5772	9686	1	1
OV3_Cisp0	376695f7-b12f-42e0-9211-c5c9cb8a4003	chr1	4000	13980	17980	1	1
OV3_Cisp0	401c7ea3-5261-47da-86f5-65264da790e1	chr1	1136	1172	2308	1	1
OV3_Cisp0	430d04b0-527e-420c-8f4f-c68870cc6f9a	chr1	4184	5937	10121	1	1
OV3_Cisp0	435fd5f6-2160-4601-b220-c81e5551499a	chr1	4453	4394	8847	1	1
OV3_Cisp0	43b2a87b-c31f-4368-ad9c-47c62dd28b95	chr1	4952	4339	9291	1	1
OV3_Cisp0	46fac2fb-ff20-4186-8d9e-4c58005fc62c	chr1	1005	6950	7955	1	1
OV3_Cisp0	4875d11e-5af6-479e-808b-14a4a8061839	chr1	1149	3101	4250	1	1
OV3_Cisp0	48b768b9-b942-4308-8e3d-6e6328b881fe	chr1	3414	4686	8100	1	1
OV3_Cisp0	4aff019e-f010-4678-ae11-494a007ca891	chr1	3405	3846	7251	1	1
OV3_Cisp0	4be45429-9e46-4ded-8b7b-d0ca9fbd9ca5	chr1	4167	4246	8413	1	1
OV3_Cisp0	5101076a-545a-4ea0-a22a-961972d53d6d	chr1	4999	9717	14716	1	1
OV3_Cisp0	522ea325-9b57-48ff-8a25-be226e792b60	chr1	3522	9605	13127	1	1
OV3_Cisp0	5237684a-8777-435d-9b29-a0fd57e5dd3f	chr1	12617	1550	14167	1	1
OV3_Cisp0	547b58a1-5538-40d1-82d1-5a3ad554ad40	chr1	6093	9175	15268	1	1
OV3_Cisp0	564941ec-f77f-4de6-9349-1d03cbb81d40	chr1	1230	13124	14354	1	1
OV3_Cisp0	5841b805-7f92-4218-8245-fedbdf947ebc	chr1	1500	4317	5817	1	1
OV3_Cisp0	5c639df6-073b-4b29-b995-05c99b97f36e	chr1	3411	3682	7093	1	1
OV3_Cisp0	5cc4fe90-f6b1-445e-956f-1a15ab03fc35	chr1	4123	9545	13668	1	1
OV3_Cisp0	5eef0051-192d-4551-bf52-65ca256b8a37	chr1	6652	2455	9107	1	1
OV3_Cisp0	60fa8bbd-36d9-46f2-a3f8-32b32c2bf52b	chr1	7359	11970	19329	1	1
OV3_Cisp0	654bf027-9f7a-4db6-8da7-e5941d41f8d6	chr1	1129	8311	9440	1	1
OV3_Cisp0	6594b06e-0136-48d7-a1b3-bf3d9c79da18	chr1	5058	8805	13863	1	1
OV3_Cisp0	6a7b01a0-a405-4764-95d4-e53ce944b51c	chr1	1022	7041	8063	1	2
OV3_Cisp0	6adde54c-f193-4c92-a56c-3d696a0fb59c	chr1	4666	4606	9272	1	1
OV3_Cisp0	6c85a0ff-27d0-4012-a38e-fc6efa7d1104	chr1	1540	21343	22883	1	1
OV3_Cisp0	6c94e4a7-a7f1-41bd-ae94-470f126727fb	chr1	3272	4864	8136	1	1
OV3_Cisp0	6cee407c-61b5-4e61-aead-5f0d57171745	chr1	1802	4901	6703	1	1
OV3_Cisp0	6ec71b8c-6861-479a-b227-43f83e1c492e	chr1	2447	1512	3959	1	1
OV3_Cisp0	6ee38348-62a2-4e8b-8990-54fea105efb2	chr1	7468	6882	14350	1	1
OV3_Cisp0	6f6410b0-627f-44ff-a79c-d31d357979f5	chr1	3395	4680	8075	1	1
OV3_Cisp0	6fe08187-50f9-4f79-8830-3dc2342cc179	chr1	3499	5629	9128	1	1
OV3_Cisp0	737b8753-1774-41b3-9db6-335084da4594	chr1	2488	8449	10937	1	1
OV3_Cisp0	7441a335-5a92-44a4-9624-baa90fa9e259	chr1	3709	4049	7758	1	1
OV3_Cisp0	78b626a3-e3a8-4660-a83e-c6f5fbb00c95	chr1	1646	1641	3287	1	1
OV3_Cisp0	79f26a37-e96d-4329-9705-89dd37489e36	chr1	2716	1293	4009	1	1
OV3_Cisp0	7abea679-ebc5-4f7d-9012-cf8a1fb62832	chr1	4742	15061	19803	1	1
OV3_Cisp0	7d66984c-f572-4f3b-bd26-c79b0bef6a84	chr1	2456	1230	3686	1	1
OV3_Cisp0	7db63e2b-68fb-45b4-86b3-7041b8962e40	chr1	3557	13063	16620	1	1
OV3_Cisp0	81209482-d556-495d-8d33-36d9a94ecb38	chr1	2113	1116	3229	1	1
OV3_Cisp0	81582bae-f94b-4a09-aaed-c1d1bb0b90ac	chr1	1500	2385	3885	1	1
OV3_Cisp0	83890de9-3046-40aa-b18f-efde27e4af66	chr1	3994	6598	10592	1	1
OV3_Cisp0	84752334-860b-443e-85f1-52abdcc06b08	chr1	1008	2745	3753	1	1
OV3_Cisp0	864dd8fc-f11f-427c-9adb-ac28574e6c71	chr1	3867	8495	12362	1	1
OV3_Cisp0	8880549d-56c5-4685-b9c5-b923a29e4847	chr1	4055	2154	6209	1	1
OV3_Cisp0	8a4210a4-7786-4ce5-8e05-554d6405ba07	chr1	2121	1576	3697	1	1
OV3_Cisp0	8ca949f3-6cd2-4c93-a206-5093aa4da140	chr1	2845	10243	13088	1	1
OV3_Cisp0	8cc92cb3-3959-48fa-8f54-6c9b35bd01af	chr1	3585	7507	11092	1	1
OV3_Cisp0	907118b5-f62b-42cc-930d-58091c7e0557	chr1	3772	2502	6274	1	1
OV3_Cisp0	96f54afa-984e-47d3-9396-960b62a9099c	chr1	5244	1209	6453	1	1
OV3_Cisp0	977aa037-e8e3-43ec-a33a-336abd31c1fb	chr1	3724	9454	13178	1	1
OV3_Cisp0	989f5e68-ca8a-42d4-ad01-511deea88425	chr1	4343	1720	6063	1	1
OV3_Cisp0	996fe63e-9f0d-43f0-85a6-648141a4fe78	chr1	2571	2945	5516	1	1
OV3_Cisp0	9d7bd256-288d-4026-aa6d-c09aab0e12ab	chr1	3533	6134	9667	1	1
OV3_Cisp0	9de067d0-7f23-470a-90fb-111c17098516	chr1	2948	2478	5426	1	1
OV3_Cisp0	9f78d47c-bd87-46a1-a0bf-00f7cc5c6c76	chr1	3626	6084	9710	1	1
OV3_Cisp0	9f80eaa8-8b24-496f-86e2-48b4c644888e	chr1	2295	2641	4936	1	1
OV3_Cisp0	a2229763-2726-4491-bfb7-a225aeda196a	chr1	5248	4337	9585	1	1
OV3_Cisp0	a256497b-7300-4018-a65a-6de2a46392a0	chr1	2244	2113	4357	1	1
OV3_Cisp0	a37dcbba-45bd-4a77-80d3-5dae45a65f2c	chr1	5329	1205	6534	2	1
OV3_Cisp0	a4f02b2b-d7fd-4be4-95a2-6d244a0278ba	chr1	1852	3338	5190	1	1
OV3_Cisp0	a535ab8a-8557-4fc2-8cac-eafd5bab8175	chr1	4940	3014	7954	1	1
OV3_Cisp0	a54b8581-ebe3-4e94-bf6e-8fb79029952a	chr1	1995	1383	3378	1	1
OV3_Cisp0	a6e6b912-8645-4f59-bc58-93acc1fd9bbc	chr1	3633	8014	11647	1	1
OV3_Cisp0	a6f6e423-cf2f-4d3f-b654-8b40d2778b31	chr1	5713	7302	13015	1	1
OV3_Cisp0	a7b804c2-2071-4113-8d05-f5f49438d307	chr1	4983	34982	39965	2	2
OV3_Cisp0	a7c438e0-0b8f-4d23-92ff-3dc171761a2b	chr1	3059	5775	8834	1	1
OV3_Cisp0	a87cfe11-7a3b-40af-bce8-497c560edb1c	chr1	5455	8079	13534	1	1
OV3_Cisp0	aabcbab4-e06b-41a7-ac40-c011d1245e9e	chr1	3535	4450	7985	1	1
OV3_Cisp0	aac8a59a-ffbf-4560-8a45-4e646fb48b6c	chr1	1149	9244	10393	1	1
OV3_Cisp0	ab106566-81eb-4ee5-9037-1525b9606632	chr1	4297	12721	17018	1	1
OV3_Cisp0	ab27d203-6436-416b-abee-b73fab38f9fd	chr1	4257	5208	9465	2	2
OV3_Cisp0	b7624c87-b3a1-4561-825e-7439ef6a8341	chr1	3259	4935	8194	1	1
OV3_Cisp0	b9564b7f-da90-4e41-861f-efae6fe00650	chr1	1636	13199	14835	1	1
OV3_Cisp0	b98aafa3-0a1d-4aaa-a088-b1bbfa522ccf	chr1	3353	6979	10332	1	1
OV3_Cisp0	bbda9126-10aa-4fec-bcf5-e5ff9a7d42e9	chr1	3826	9490	13316	1	1
OV3_Cisp0	bca54037-3aaf-4cc1-8335-bfc0a9349979	chr1	4558	4580	9138	1	1
OV3_Cisp0	bd3601d6-5047-4597-95c1-6eeb94f7f052	chr1	4004	16906	20910	1	1
OV3_Cisp0	be902237-8e00-45c9-9682-90b2b09a95ca	chr1	3504	1128	4632	1	1
OV3_Cisp0	bf3ae35c-047d-4088-bc20-d5effb386784	chr1	1002	12940	13942	1	1
OV3_Cisp0	c0252a52-9de6-4035-b41b-ab5f29fa07eb	chr1	1928	14103	16031	1	1
OV3_Cisp0	c04a2616-8907-43bf-bd8a-8134019e6bf4	chr1	4408	4187	8595	1	1
OV3_Cisp0	c13e6cf5-daba-4f36-8443-c9449cdd381c	chr1	1183	6229	7412	1	1
OV3_Cisp0	c1945ad1-644b-4e0e-80b5-e2b3191c1ca7	chr1	1651	11159	12810	1	1
OV3_Cisp0	c2eeae7f-d209-4edf-be63-6b2605c81b6b	chr1	4423	10019	14442	1	1
OV3_Cisp0	c3a2b841-01ad-4733-b5db-879d1d872a2a	chr1	4921	18128	23049	1	1
OV3_Cisp0	c5603d82-38ab-4eb3-bb33-2a5b91b02713	chr1	5897	6794	12691	1	1
OV3_Cisp0	c5fc7d9c-0880-4f82-908f-247410b69dd5	chr1	7109	7158	14267	1	1
OV3_Cisp0	c626baae-f2d1-412f-b78d-59576a5e0ed6	chr1	1215	8207	9422	1	2
OV3_Cisp0	c7a18de0-128e-4c12-b564-a4fde8f17e15	chr1	7086	7741	14827	1	1
OV3_Cisp0	c8ca2746-bda7-40f0-baec-3cada5bb9476	chr1	4699	2700	7399	1	1
OV3_Cisp0	c8ca37d2-c6bc-443e-b131-3bbbfb890115	chr1	4728	7346	12074	1	1
OV3_Cisp0	cb8c22fb-b199-42b5-b59a-a5a4840fd8fa	chr1	1217	7121	8338	1	1
OV3_Cisp0	ccc75ac2-0bd8-4486-a96c-d99b8554a26d	chr1	1027	9401	10428	1	1
OV3_Cisp0	d0a19ba2-2f31-41c8-ab1a-bec8b78290fc	chr1	5537	1394	6931	1	1
OV3_Cisp0	d0b9a292-a4ba-47f9-8b97-2b1c554e4653	chr1	2186	6411	8597	1	1
OV3_Cisp0	d5647b50-efa1-46a6-85de-29c6b3f310e0	chr1	4119	13082	17201	1	1
OV3_Cisp0	d74fb123-5a26-4407-8f52-33092c37230a	chr1	2032	1778	3810	1	1
OV3_Cisp0	d9d072cc-8767-437b-95be-9cb4f6be58b3	chr1	5258	6300	11558	1	1
OV3_Cisp0	da4b0532-03ba-450a-a9c4-61da071a0773	chr1	3865	3219	7084	1	1
OV3_Cisp0	dbe7197d-1952-4367-8a40-3ed4a09deb3c	chr1	3661	2637	6298	1	1
OV3_Cisp0	dd706040-1fdd-4677-809e-b48e4118b133	chr1	2532	2776	5308	1	1
OV3_Cisp0	dd8b13d1-9ada-4f49-8d31-40881185e579	chr1	4795	1049	5844	1	1
OV3_Cisp0	dfb4fb20-0f42-4d97-871b-22b95875b3c0	chr1	2171	8048	10219	1	1
OV3_Cisp0	e0a186f5-1dbf-43e7-9063-8090e76086f2	chr1	2502	1075	3577	1	1
OV3_Cisp0	e1e6012f-3b0b-4ae1-9f5a-81e63870aada	chr1	4565	5916	10481	1	1
OV3_Cisp0	e2e411b4-4ce9-4d33-9cc0-f8dfcf53b611	chr1	2161	5710	7871	1	1
OV3_Cisp0	e626f5a2-0083-472d-8119-8fa4d6d2fdcf	chr1	3030	3311	6341	1	1
OV3_Cisp0	e6607ca7-c5bd-44a4-9587-dee9ab7549a3	chr1	2330	6000	8330	1	1
OV3_Cisp0	e69ed1d7-f589-412a-b838-35d5210610d6	chr1	3225	2043	5268	1	1
OV3_Cisp0	e72c92c7-688b-4558-9ac9-f986a5f0e40b	chr1	1511	1411	2922	1	1
OV3_Cisp0	e782259f-5360-42c2-ae1e-746367e36b22	chr1	3968	17514	21482	1	1
OV3_Cisp0	e7a916e5-d9b5-4238-810e-948ea9f95841	chr1	3739	3262	7001	1	1
OV3_Cisp0	ec13a807-16e0-490b-b9bf-e050e7d5e808	chr1	4742	11117	15859	1	1
OV3_Cisp0	ed3f1452-da07-42ce-bdcf-8fd59367a882	chr1	1324	4756	6080	1	1
OV3_Cisp0	f09ffc9b-680b-4b81-b166-e9738e69a601	chr1	1268	6916	8184	1	1
OV3_Cisp0	f1975cc5-46ed-4933-bafa-61b07441fc22	chr1	1533	1538	3071	1	1
OV3_Cisp0	f36ee34a-b2bc-4014-8ee5-bc2c734b5270	chr1	2615	6420	9035	1	1
OV3_Cisp0	f43dd5e2-c54d-4bed-bb4e-b780e369f543	chr1	2777	6248	9025	1	1
OV3_Cisp0	f6735164-623d-460e-b0ad-0494c9edbc6c	chr1	4501	4639	9140	1	1
OV3_Cisp0	f712c44e-22b4-4095-9848-5fdcded7708e	chr1	3034	15710	18744	1	1
OV3_Cisp0	f7586cbc-15e5-4ea2-8d69-ca77234fa62c	chr1	10636	25875	36511	2	2
OV3_Cisp0	f78ff939-c3af-4059-8a15-9027f19420b2	chr1	5485	4415	9900	1	1
OV3_Cisp0	f7aa2d42-c7c8-43aa-a1ee-a73f5a074650	chr1	4575	8809	13384	1	1
OV3_Cisp0	f851ded5-cabf-4e60-a7b5-a7d8ff26fbb1	chr1	1079	5642	6721	1	1
OV3_Cisp0	f87d67d6-9306-4e44-b8d7-362df11da32d	chr1	3319	29896	33215	1	1
OV3_Cisp0	f990bdf4-e0fd-42e5-ad1f-fa0dfaf1c041	chr1	2117	7975	10092	1	1
OV3_Cisp0	fab4e0aa-7409-4a49-becb-bfaba0b71d15	chr1	1065	9418	10483	1	1
OV3_Cisp0	fcd5e1fd-14c4-42cc-854a-1e83266fc94d	chr1	3864	2531	6395	1	1
OV3_Cisp0	fcdd787b-3ccd-4101-b400-f628ecf28068	chr1	2998	4872	7870	1	1
OV3_Cisp0	fe52632f-630b-4817-b103-d5d272c55fe4	chr1	1636	10283	11919	1	1
OV3_Cisp0	ff249c46-b8e0-4490-93ff-099a89436acd	chr1	4681	4883	9564	1	1
OV3_Cisp0	ffdb808c-a5d4-4f18-9008-f1c4949fbb8e	chr1	8275	22631	30906	1	1
OV3_Cisp0	021945da-042d-41c2-91f0-bd2fb40522f7	chr2	2166	5880	8046	1	1
OV3_Cisp0	03324f6b-6a20-4a75-ae2c-cba83d457404	chr2	7408	3925	11333	1	1
OV3_Cisp0	034b046c-9e5a-4620-858c-fab487e9122a	chr2	3680	4432	8112	1	1
OV3_Cisp0	038bb6f8-1aad-49e3-ac9b-de48ea553ae5	chr2	2805	3102	5907	1	1
OV3_Cisp0	03b21386-e8ba-46b3-a5ea-9adc61c04e2e	chr2	1111	3529	4640	1	1
OV3_Cisp0	0405ecb4-cd20-4e54-a27e-a8e35716b5e5	chr2	2441	5066	7507	1	1
OV3_Cisp0	069aa805-112e-4236-a987-9a5cf7db0ead	chr2	1716	1650	3366	1	1
OV3_Cisp0	08401140-3cc5-44da-8562-40406a2bf9c7	chr2	4545	9100	13645	1	1
OV3_Cisp0	0bb41630-c7a6-4f3d-848c-cbc8a483a4a4	chr2	2479	11629	14108	1	1
OV3_Cisp0	0d24775b-8564-4258-8ee8-253d7cac829c	chr2	2830	5117	7947	1	1
OV3_Cisp0	0db93396-e9d4-4022-be40-14dd2221dbac	chr2	4197	4649	8846	1	1
OV3_Cisp0	0ef2b698-89aa-4c20-8ab2-07d65ef14dd6	chr2	4176	29612	33788	1	1
OV3_Cisp0	113b2f7a-dcd5-42e5-a7a3-cf4be5c8d0d0	chr2	4133	13010	17143	1	1
OV3_Cisp0	1171c6c3-c3bc-40a4-806e-5b5a33da63cb	chr2	6363	6414	12777	1	1
OV3_Cisp0	135267cd-5889-456c-96aa-9c22415d2b3a	chr2	3647	4512	8159	1	1
OV3_Cisp0	14f197e1-9a49-4e0a-87f4-2cfaf327408b	chr2	1142	13703	14845	1	1
OV3_Cisp0	14f2f412-d8d0-4ec2-a47c-4f54ad97267d	chr2	7690	1883	9573	2	1
OV3_Cisp0	17302f1a-5a61-4773-8e96-b25913d60a84	chr2	7716	7238	14954	1	1
OV3_Cisp0	174a3713-8306-494d-908f-faee37c5a50c	chr2	3044	8919	11963	1	1
OV3_Cisp0	17d69b55-9d10-4650-afa4-a472d08919ab	chr2	1590	6907	8497	1	1
OV3_Cisp0	18b8bf98-5642-417b-8a6e-1dbb1aeadf7d	chr2	4513	1025	5538	1	1
OV3_Cisp0	1cd016fb-0d0b-4231-92b4-47454a1fecc0	chr2	3006	5053	8059	1	1
OV3_Cisp0	23a4a837-a937-4a7e-a612-7bbc3121086b	chr2	5891	8651	14542	1	1
OV3_Cisp0	26f17dc6-f051-4115-9668-d6aa54259b30	chr2	2651	4286	6937	1	1
OV3_Cisp0	27cadbc1-3e46-40e0-a74d-02ad4211225f	chr2	3398	5296	8694	1	1
OV3_Cisp0	2931700d-495f-4950-bacb-4d31d70fba79	chr2	3399	3213	6612	1	1
OV3_Cisp0	29355757-04b2-4d13-8596-b14ac6ff7f57	chr2	4067	2778	6845	1	1
OV3_Cisp0	2f305eb8-f994-4950-a80c-49d543a91e4b	chr2	5259	2252	7511	1	1
OV3_Cisp0	3027eda2-3f15-4db6-b9ba-29d3248d41c8	chr2	2136	9986	12122	1	1
OV3_Cisp0	3122f257-0f20-4d62-8a6c-4f1a58cd409b	chr2	6830	11580	18410	1	1
OV3_Cisp0	317779c2-c425-4731-a8a2-65d712c49b8c	chr2	3102	4366	7468	1	1
OV3_Cisp0	34535f7c-9a9e-496b-a839-35396f255bd7	chr2	2948	8279	11227	1	1
OV3_Cisp0	354f58c8-cfc3-4fbb-8774-0349f5037178	chr2	4122	3944	8066	1	1
OV3_Cisp0	359849aa-83f5-4e8a-b08a-3210f259c4bd	chr2	5663	1532	7195	1	1
OV3_Cisp0	36be8f0d-cba2-483e-bf24-26ffada066ea	chr2	4149	17395	21544	1	1
OV3_Cisp0	39a2a81d-ab04-40ad-82fe-3bc79b1568b1	chr2	1002	8656	9658	1	1
OV3_Cisp0	3ab8ae31-0f33-411f-8d3b-56911789d862	chr2	3087	1149	4236	1	1
OV3_Cisp0	3df9eee9-609b-478f-9794-f259f5a9033c	chr2	4246	3613	7859	1	1
OV3_Cisp0	401c79a7-a96e-49fd-8b9a-2e85b5fddbbc	chr2	1624	3970	5594	1	1
OV3_Cisp0	42416efc-6d7e-4e82-b791-162113a13176	chr2	4884	3731	8615	1	1
OV3_Cisp0	4505d41a-a912-4b53-8ff5-b2ebf7e260f6	chr2	4464	3384	7848	1	1
OV3_Cisp0	46e5884a-3a32-49e0-a3ea-d39f03da8d9f	chr2	4603	5881	10484	1	1
OV3_Cisp0	477cb686-7fa1-4ee1-8e5d-d44602557c02	chr2	4850	2510	7360	1	1
OV3_Cisp0	4b26af7e-6e5c-4908-899e-f9fb5a9a46e8	chr2	3067	4553	7620	1	1
OV3_Cisp0	4c4b8ae9-7a28-44c2-86dd-7938b91aed26	chr2	3400	3441	6841	1	1
OV3_Cisp0	4dd5d163-e5ab-4a1e-b03c-f511dbf49c82	chr2	4794	7968	12762	1	1
OV3_Cisp0	4def04e5-9400-4a17-8a7e-06ed717ea860	chr2	3644	7334	10978	1	1
OV3_Cisp0	4dfe8df7-2dfe-4975-a721-62a8551b2190	chr2	3970	7165	11135	1	1
OV3_Cisp0	50833565-1a43-41e4-b00c-f786f36aa3b0	chr2	7819	17074	24893	1	1
OV3_Cisp0	54888c09-7bf7-4804-b28b-6e39b29c0027	chr2	6429	6877	13306	1	1
OV3_Cisp0	55a1d579-01f3-4f61-a0e1-9badb00fb0b0	chr2	2510	11761	14271	1	1
OV3_Cisp0	5a0fbed6-0fd3-4e4e-8d36-3cc8c9dd9a0d	chr2	1334	2021	3355	1	1
OV3_Cisp0	5dbb848f-67f1-495c-b899-ab6ad5cc64ea	chr2	2362	4449	6811	1	1
OV3_Cisp0	5e031e70-7c80-480e-a356-da18278b3d66	chr2	6786	12233	19019	2	1
OV3_Cisp0	5fb47454-30c5-4b6f-8550-b6bb632b4062	chr2	3417	4492	7909	1	1
OV3_Cisp0	6184f19f-2934-419c-a8e2-a57fc7c37470	chr2	2532	2798	5330	2	2
OV3_Cisp0	61a1767f-b665-4df5-885e-29673da6815c	chr2	3188	1243	4431	1	1
OV3_Cisp0	61dfd82f-4d75-4989-9693-c348f3398d52	chr2	5260	1175	6435	1	1
OV3_Cisp0	62f29ba7-ee51-484a-8148-a4eb083d371a	chr2	2667	5270	7937	1	1
OV3_Cisp0	6366b435-1a96-43b0-994e-a32803743cb3	chr2	4312	1687	5999	1	1
OV3_Cisp0	66ad8774-3037-468b-8fa1-8a6993992525	chr2	2865	9314	12179	1	1
OV3_Cisp0	6ccbaac5-6af2-415c-b1ae-68242e3acb9a	chr2	4057	10443	14500	1	1
OV3_Cisp0	6ccc32d7-90af-476b-b4c8-bb935c507d7c	chr2	2797	8001	10798	1	1
OV3_Cisp0	6cf9ead2-7fd6-4938-afe0-63dc5c417c48	chr2	3139	2372	5511	1	1
OV3_Cisp0	6e17838d-900b-4e0d-a709-d33015bc2a05	chr2	1967	4072	6039	1	1
OV3_Cisp0	6ee9d17a-0210-4ba7-ae49-28cee3974b56	chr2	3110	1734	4844	1	1
OV3_Cisp0	7053314f-2cb2-4c82-9fc9-35f2d2715307	chr2	2177	19391	21568	1	1
OV3_Cisp0	70fe0103-dbc2-432b-9409-5040106eaea5	chr2	1771	2986	4757	1	1
OV3_Cisp0	7346127a-b69b-4ff4-bb9c-8f85d49dbccc	chr2	3112	4637	7749	1	1
OV3_Cisp0	7733de5f-9daa-48de-add6-f760da7db29d	chr2	4209	22553	26762	1	1
OV3_Cisp0	774a36cd-ccf1-4a44-8a07-af60f7bad5bb	chr2	3744	5255	8999	1	1
OV3_Cisp0	7c6efe56-0af6-4835-a00e-e5848b8a7ef1	chr2	3412	3840	7252	1	1
OV3_Cisp0	7d5f5593-ec92-46fc-bb23-4e6eb4e00f52	chr2	3346	11741	15087	1	1
OV3_Cisp0	7e8a374d-df0a-4be2-ad3d-db8e15a460c2	chr2	1335	5002	6337	1	1
OV3_Cisp0	7e95707f-b998-4974-adda-24a0b53cb4e4	chr2	2538	5567	8105	1	1
OV3_Cisp0	7ffefa91-e357-4701-ab34-661161351480	chr2	2015	9780	11795	1	1
OV3_Cisp0	8237ff77-7136-4e52-8fb2-2051580c05d2	chr2	3847	4228	8075	1	1
OV3_Cisp0	82fd511c-e5e7-477c-8237-f29af88c84ca	chr2	1088	1611	2699	1	1
OV3_Cisp0	84d89554-5826-4f3d-b976-5fb080e84a72	chr2	4252	14384	18636	1	1
OV3_Cisp0	8568767f-4edb-44a0-853e-2eb581c78c17	chr2	3191	4127	7318	1	1
OV3_Cisp0	86ee55d4-a11d-418e-86ec-e32796c2d0ec	chr2	5102	4979	10081	1	1
OV3_Cisp0	88ab2f53-3080-4872-b188-c0fd7d56492f	chr2	4966	3572	8538	1	1
OV3_Cisp0	8aa9ed55-e71d-4a63-af36-acc575f6dbda	chr2	2674	4502	7176	1	1
OV3_Cisp0	8acc1526-01d9-4b67-b62e-e0ac20438f26	chr2	4442	4987	9429	1	1
OV3_Cisp0	906403fe-0323-4302-aeb0-8f01b70ea593	chr2	2316	8185	10501	1	1
OV3_Cisp0	91a82d94-c330-446b-8211-6158be5f94a1	chr2	5062	1104	6166	1	1
OV3_Cisp0	93616aa5-efd5-4a8f-aae6-f02fc98a3b75	chr2	3004	8951	11955	1	1
OV3_Cisp0	946868ef-ccd9-4df7-ae4e-591ed9e4882a	chr2	1683	12046	13729	1	1
OV3_Cisp0	97ddb2fc-8d8f-45ca-a290-fccd9c8df86b	chr2	3102	1020	4122	1	1
OV3_Cisp0	9e7b4b8b-a51c-46de-8358-5a8e35abfe5b	chr2	5082	4847	9929	2	1
OV3_Cisp0	9f40068d-737d-4328-85d3-ce2a4dac94a9	chr2	2646	1348	3994	1	1
OV3_Cisp0	9f658bf8-60fd-4100-850b-3f00edeef846	chr2	8035	8693	16728	1	1
OV3_Cisp0	a1f54e0a-3501-4d91-97f8-924c003462b6	chr2	1139	3930	5069	1	1
OV3_Cisp0	a203b9e5-2b68-47a2-96c3-ec98cb40e472	chr2	4185	14424	18609	1	1
OV3_Cisp0	a26540ff-cf6c-4f30-974c-e0933a4844f0	chr2	3046	3130	6176	1	1
OV3_Cisp0	a51692ff-47ba-4e77-8eeb-ed607597a78d	chr2	5937	1766	7703	1	1
OV3_Cisp0	a64a46a9-158d-4227-bb50-0f9fd9bff5f9	chr2	4465	7381	11846	1	1
OV3_Cisp0	a6bcf017-41a1-4cc6-b461-f84e2d72a046	chr2	1980	4839	6819	1	1
OV3_Cisp0	a995b009-4110-4101-a950-5a89b038d5c1	chr2	4277	5026	9303	1	1
OV3_Cisp0	a99b543c-7e73-4b44-958e-45305e773c02	chr2	8281	1134	9415	2	1
OV3_Cisp0	a9fb32f3-a764-46ef-ba92-7131636c27dc	chr2	1867	3476	5343	1	1
OV3_Cisp0	aad96a01-5eb2-40b4-9a37-3ef481cf323b	chr2	4763	3225	7988	1	1
OV3_Cisp0	aade2586-cccb-4d50-bb36-bc6b9eb9f3ec	chr2	2885	6864	9749	1	1
OV3_Cisp0	abccd01f-f586-4b16-88aa-2fab9b87137a	chr2	2313	3014	5327	1	1
OV3_Cisp0	abf241b7-efe9-4058-acdc-fa026ff1e1ff	chr2	3047	7180	10227	1	1
OV3_Cisp0	ad3c4e3b-0f0a-4171-84c7-e8dfa45fc7e4	chr2	1383	4756	6139	1	1
OV3_Cisp0	b67553b8-3a09-4f7c-a9da-794f7975245a	chr2	4488	21841	26329	1	1
OV3_Cisp0	b6856e23-75c6-431f-81cd-1702c720df99	chr2	1210	1412	2622	1	1
OV3_Cisp0	b91a0103-e4e1-4038-8ce2-e459d80fb797	chr2	2069	1957	4026	1	1
OV3_Cisp0	bd7d4e9f-928a-44e7-9722-8d5d6942874c	chr2	2007	4106	6113	1	1
OV3_Cisp0	bf72a063-6353-41ab-836c-772f4015885a	chr2	2593	7747	10340	1	1
OV3_Cisp0	c3928702-a34b-41fc-b70e-5e8db3c55ef7	chr2	3239	9999	13238	1	1
OV3_Cisp0	c52fc193-086d-4f32-aa96-8a69a8db4061	chr2	1524	8723	10247	1	1
OV3_Cisp0	c6337e8f-62a3-4d18-abf8-4fee66a94c14	chr2	4847	2664	7511	1	1
OV3_Cisp0	c8b05904-d590-4a23-92da-369e41933839	chr2	9202	1233	10435	2	1
OV3_Cisp0	cc4dd61b-c3b7-4b56-ac80-d39c1672f800	chr2	5117	9237	14354	1	1
OV3_Cisp0	cdebfe2a-c5b5-4ebe-8c1d-629e893095ed	chr2	3285	4202	7487	1	1
OV3_Cisp0	cee3f6b9-237a-436c-93d6-ff1d30bbe3d6	chr2	2358	8338	10696	1	1
OV3_Cisp0	d19c3373-ab0f-4fe6-a961-9d35968f53ff	chr2	5076	3210	8286	1	1
OV3_Cisp0	d2129cb9-c16c-4be5-b4a2-401901ff4704	chr2	2468	2143	4611	1	1
OV3_Cisp0	d3591f7a-3b54-4123-9881-841af6cceec1	chr2	1268	12240	13508	1	2
OV3_Cisp0	d35aa757-91c7-4767-b3ba-79239d476f38	chr2	2671	6324	8995	1	1
OV3_Cisp0	d392d4bc-d6ec-4681-882a-a3dd3861299b	chr2	3549	10154	13703	1	1
OV3_Cisp0	d5918cd3-685f-4b08-924a-ae1324a95107	chr2	2048	3789	5837	1	1
OV3_Cisp0	d685d7ea-b28c-46d7-a1c7-7dbfac49b26f	chr2	3620	8347	11967	1	1
OV3_Cisp0	d7aa1bce-be34-457d-b881-91d779aa3097	chr2	2674	5668	8342	1	1
OV3_Cisp0	d7c9ba82-c483-41d2-96b2-7e343de81e4b	chr2	2008	7640	9648	1	1
OV3_Cisp0	dac3fd60-02fb-4f16-9639-3c5edc498157	chr2	2791	7824	10615	1	1
OV3_Cisp0	daddded5-0ac2-4dc2-86ae-07f3b32c4352	chr2	4129	7518	11647	1	1
OV3_Cisp0	dc07de52-9eb5-4fd7-b42f-13776f79b56c	chr2	3813	2506	6319	1	1
OV3_Cisp0	e26cfc0a-893d-4db6-87e1-021416c0eb3b	chr2	3294	1075	4369	1	1
OV3_Cisp0	e3354fab-4279-43ae-9cc7-dca945137129	chr2	1166	4971	6137	1	1
OV3_Cisp0	e375933f-bc1f-4f9c-8fb0-474d77d40d05	chr2	1477	5867	7344	1	1
OV3_Cisp0	e4f26c57-4f20-424e-9413-e84ab211456a	chr2	3641	1335	4976	1	1
OV3_Cisp0	e5cea2c2-b5ee-4249-829f-cd752bb701e4	chr2	2849	5122	7971	1	1
OV3_Cisp0	e965eddc-0d27-4162-a74f-f59d854bd272	chr2	2436	4452	6888	1	1
OV3_Cisp0	e9f55ee4-bfce-4b92-ad8c-112c13bd134c	chr2	2276	1797	4073	1	1
OV3_Cisp0	ea73f6a7-29b7-4b54-99e7-937bfcde97cc	chr2	5483	8054	13537	1	1
OV3_Cisp0	ecd7cafe-31f6-490b-8ce4-a6280e797223	chr2	3091	19014	22105	1	1
OV3_Cisp0	ece2fca0-4558-4f2e-9da8-016a38e5d8a0	chr2	4873	12802	17675	1	1
OV3_Cisp0	ed46c655-3e03-49ab-a92f-c567a966503a	chr2	4473	9150	13623	1	1
OV3_Cisp0	f06e6b6e-ed8b-4b81-959e-2f1a441641e0	chr2	2974	2086	5060	1	1
OV3_Cisp0	f1899214-aa5d-420e-ba52-70974e2b0748	chr2	2633	5366	7999	1	1
OV3_Cisp0	f249eb4c-b66c-4e4b-9d2d-c7761970095a	chr2	2378	13256	15634	1	1
OV3_Cisp0	f36d621f-baf3-4c38-b8a6-e0d5956b0535	chr2	2017	4605	6622	1	1
OV3_Cisp0	f3a61ce3-18dc-428e-bde3-530a64f57554	chr2	6730	11685	18415	1	1
OV3_Cisp0	f3abd214-ddc4-46be-894c-a0fff1d9dfba	chr2	2298	2687	4985	1	1
OV3_Cisp0	f3d6ebca-a2ae-4c2c-824f-02bfbeccd1a1	chr2	2214	3006	5220	1	1
OV3_Cisp0	f89044da-bb81-441f-aa67-007b153e15ae	chr2	2725	4268	6993	1	1
OV3_Cisp0	f9920709-4f33-46f4-8d34-29f389f8d095	chr2	2689	3072	5761	1	1
OV3_Cisp0	fb4990f8-0611-4a4f-b1ac-10aab73e9fb5	chr2	4386	9872	14258	1	1
OV3_Cisp0	fb9c7296-6197-411d-a9d0-c6180ec691a9	chr2	1491	4634	6125	1	1
OV3_Cisp0	0080fe54-5158-4537-afce-10ee32397e10	chr3	2554	2727	5281	1	1
OV3_Cisp0	0446e0ad-9659-4b73-8bda-e1276b1896b9	chr3	4322	5772	10094	1	1
OV3_Cisp0	054a773d-6157-4b25-a5c1-f144c26432f4	chr3	4729	8941	13670	1	1
OV3_Cisp0	0623c3ab-6e7d-48b9-af9a-8e8fdd72cbd5	chr3	5882	1169	7051	1	1
OV3_Cisp0	0638e53c-61e2-47ab-aca5-ce4405431c00	chr3	2025	10510	12535	1	1
OV3_Cisp0	066b468b-3dc5-47d3-9e64-c37ef23b0312	chr3	3555	7387	10942	1	1
OV3_Cisp0	0734089b-cdd6-417c-be28-0eb74b8e08bb	chr3	4560	12534	17094	1	1
OV3_Cisp0	0ad25ad0-ec89-4fb0-a27c-821d8e07cf7f	chr3	3624	8121	11745	1	1
OV3_Cisp0	0f383fa1-e24f-46fd-9daf-bfa688bd807a	chr3	3871	6009	9880	1	1
OV3_Cisp0	120fd1b6-3cc2-49fb-8d6b-ab7c16911aa7	chr3	9602	5540	15142	1	1
OV3_Cisp0	1248d965-28d7-49ab-a830-742ea0434481	chr3	1178	6338	7516	1	1
OV3_Cisp0	159a58ca-ad1e-43f3-82a0-c22fd4be0cc2	chr3	1998	8753	10751	1	1
OV3_Cisp0	1888b6a9-d6a1-4916-99b9-59db3546563a	chr3	2040	3719	5759	1	1
OV3_Cisp0	194e08ee-4c96-4ef9-8f62-22e922052588	chr3	4744	9089	13833	1	1
OV3_Cisp0	1a3ee38a-b109-4887-8472-02cd67b877d8	chr3	1715	5247	6962	1	1
OV3_Cisp0	1adec403-2f6a-4f0d-8ea8-e70cfa261a36	chr3	1369	14984	16353	1	1
OV3_Cisp0	1b598cee-9a25-4156-bda5-ccaa107627f9	chr3	1823	10601	12424	1	1
OV3_Cisp0	1b72238e-351d-49be-9edd-19bd8039c5a8	chr3	2101	14395	16496	1	1
OV3_Cisp0	1bff5053-b862-420f-be8e-5f1334c42a21	chr3	3029	1559	4588	1	1
OV3_Cisp0	1e1d35de-a8ce-4366-ac5d-7802d9538451	chr3	3114	9325	12439	2	1
OV3_Cisp0	1fc562cb-c9ec-4803-b3ec-7c2379e6255a	chr3	1564	11181	12745	1	1
OV3_Cisp0	20939b98-2687-4fd9-a979-bfa8f62eb37b	chr3	1773	4545	6318	1	1
OV3_Cisp0	20b82308-f3c0-41e9-bdbc-128577073c3d	chr3	3626	4440	8066	1	1
OV3_Cisp0	24f68776-a1cf-404c-a9fc-47688b1edf6b	chr3	4931	1629	6560	1	1
OV3_Cisp0	25232446-f3e9-4166-ba83-4847e5045205	chr3	1137	6924	8061	1	1
OV3_Cisp0	25a102fd-0b16-4973-9d95-4e69055b7d1a	chr3	2169	5026	7195	1	1
OV3_Cisp0	2919354e-c8d9-454d-8672-7a41b17e0a17	chr3	2585	7561	10146	1	1
OV3_Cisp0	2930ba40-cd9d-4fb8-a4bd-269dd450784e	chr3	1303	12811	14114	1	1
OV3_Cisp0	2aa740d2-6baf-4a98-9a77-5454fca17e7b	chr3	5451	6412	11863	1	1
OV3_Cisp0	2cc0b605-f9df-49ee-9900-bf5537f5b6f1	chr3	2305	6738	9043	1	1
OV3_Cisp0	2ce14d2a-167f-43c4-807f-b3e4944dcbe6	chr3	2357	6618	8975	1	1
OV3_Cisp0	2ffaff8b-8fa2-4c55-9e82-cc778c7c6675	chr3	1548	2601	4149	1	1
OV3_Cisp0	3178939a-e968-49a6-9b13-4476bdfdba82	chr3	2419	4980	7399	1	1
OV3_Cisp0	322322e0-6392-4128-926c-2e647b67ee1b	chr3	5695	1935	7630	1	1
OV3_Cisp0	35bf3e57-311b-449b-9500-140c96add55e	chr3	2168	6751	8919	1	1
OV3_Cisp0	36ff066b-c066-4d6b-8c7c-9bf14bd88a35	chr3	5988	5673	11661	1	1
OV3_Cisp0	377a4713-4b98-4b7a-98b2-bb485c458359	chr3	1834	10617	12451	1	1
OV3_Cisp0	388ad0dc-6bde-4ddc-a485-0d3909bea5b6	chr3	2680	9850	12530	1	1
OV3_Cisp0	3a8b071b-e897-40c8-b656-c14e5f6458cf	chr3	2958	6198	9156	1	1
OV3_Cisp0	3edbb6cd-bf44-481d-bbc3-8318c3a83aae	chr3	3503	5630	9133	1	1
OV3_Cisp0	4019fde4-5a51-43a7-9739-c68de2b8bec1	chr3	4420	1408	5828	1	1
OV3_Cisp0	40bbd6b7-16f2-4da6-adca-2b7396e78350	chr3	10759	18092	28851	3	3
OV3_Cisp0	414ef0cc-de3c-4cee-9230-4ec59fa7b0e7	chr3	2147	12399	14546	1	1
OV3_Cisp0	441c8177-1f5e-4cb5-a503-6fd91c3f4faf	chr3	5521	1261	6782	1	1
OV3_Cisp0	46c02a8a-9bee-4a2f-b758-4c3fd8f68bec	chr3	4514	4954	9468	1	1
OV3_Cisp0	47e6ea3b-dcb6-4160-b773-2b2089b550f4	chr3	2265	5721	7986	1	1
OV3_Cisp0	4897abd1-3e54-4c69-b37f-75a253999f3f	chr3	2729	1443	4172	2	1
OV3_Cisp0	49726732-0814-4dcf-b66f-f15302b95846	chr3	2845	3360	6205	1	1
OV3_Cisp0	4b6b36fc-696a-410d-bce8-dde9289e49c7	chr3	1456	3247	4703	1	1
OV3_Cisp0	4cba4790-8120-4f09-a6eb-60463db16a86	chr3	5077	9671	14748	1	1
OV3_Cisp0	4fe5b86b-3f2e-41c8-b721-4bf0f55bf9a2	chr3	2769	2279	5048	1	1
OV3_Cisp0	5182b4eb-6312-4f6e-b9f3-8657ba5a4778	chr3	4082	9048	13130	1	1
OV3_Cisp0	53137ac3-8d62-49a4-a2b1-5b0eb1bdbb1b	chr3	1609	4575	6184	1	1
OV3_Cisp0	54dea5d5-e802-421c-af1d-b0b27c32b9e4	chr3	3578	12170	15748	1	1
OV3_Cisp0	577abdc8-fa7e-4835-9213-e30663a9f374	chr3	4973	16308	21281	1	1
OV3_Cisp0	5a11b576-ce3a-4676-8d60-8c19d9535bc3	chr3	4134	11177	15311	1	1
OV3_Cisp0	5c420a2a-b767-4b12-adf2-1120948b4402	chr3	4045	15122	19167	1	1
OV3_Cisp0	5e6436ba-101b-4d43-8ab2-c38f6565096a	chr3	2896	6638	9534	1	1
OV3_Cisp0	5f2279bc-8552-45a0-b731-e2469921132f	chr3	5347	8004	13351	1	1
OV3_Cisp0	6062cc3f-99c8-4804-a884-7c41ca57dad0	chr3	3302	18288	21590	1	2
OV3_Cisp0	6347638b-f220-4d9f-8981-82e87c0f64ba	chr3	1082	15041	16123	1	1
OV3_Cisp0	652fb623-416c-4f16-9614-6106d495d3ac	chr3	1029	4770	5799	1	1
OV3_Cisp0	67547777-94c5-46a0-9628-b76141515242	chr3	4396	4783	9179	1	1
OV3_Cisp0	68a60c94-8a50-4264-b47d-0b3cbbfd13c8	chr3	2462	6008	8470	1	1
OV3_Cisp0	69f32f13-9ed0-46da-99c6-01e7c58ab34b	chr3	4617	4688	9305	1	1
OV3_Cisp0	6c67e3a5-5ca0-4d41-887a-9e1f416f5967	chr3	6731	1055	7786	2	1
OV3_Cisp0	6db3af81-6759-4967-8e3e-19f7700f78fc	chr3	2456	3196	5652	1	1
OV3_Cisp0	6eaaa71c-f48a-4665-a2ca-56baaf174b30	chr3	8053	16722	24775	1	1
OV3_Cisp0	7046acc3-ef12-4253-a746-de20c97735d9	chr3	4145	5219	9364	1	1
OV3_Cisp0	71ae6211-5950-4130-85b8-b8b052d57de3	chr3	7521	4469	11990	1	1
OV3_Cisp0	73fd1c9b-7099-436c-af43-1f55b87b3635	chr3	4881	4692	9573	1	1
OV3_Cisp0	78840f5d-2ef4-4cac-af60-911127ddb586	chr3	3943	3493	7436	1	1
OV3_Cisp0	78ccbb57-918b-4c96-966e-2f0fa441436e	chr3	1477	2402	3879	1	1
OV3_Cisp0	7975fe38-6489-4c77-808f-832aded8fc2c	chr3	4500	4450	8950	1	1
OV3_Cisp0	7b50bdb7-2a6a-4fa5-b451-1ea52e779a64	chr3	3276	13732	17008	1	1
OV3_Cisp0	7ba58c15-18e5-4551-abc0-6cf930706061	chr3	2265	2830	5095	1	1
OV3_Cisp0	7d7af287-83a9-4c3c-9a78-19c25dfcfe3d	chr3	2014	15414	17428	1	1
OV3_Cisp0	7e34fe9f-1a32-4ed5-80b7-e912a867c9ba	chr3	2008	2138	4146	1	1
OV3_Cisp0	7e95b5e4-1b0b-465f-82cd-1d2711730f9a	chr3	3059	4920	7979	1	1
OV3_Cisp0	7f0aaeb8-9374-4957-91f5-5a0a33cd9b18	chr3	4268	10251	14519	1	1
OV3_Cisp0	7fea5d3b-fefb-4cfe-a42d-50604dd85876	chr3	6943	3446	10389	1	1
OV3_Cisp0	8104b136-e492-45d2-a190-83f91a836aa4	chr3	3934	3563	7497	1	1
OV3_Cisp0	82d26e3d-747b-459f-af69-06c91933a225	chr3	3746	2274	6020	1	1
OV3_Cisp0	867b7a4e-bae3-439b-9de6-2ac1965ca986	chr3	3254	7556	10810	1	1
OV3_Cisp0	86d84d39-55ac-4d14-9d0b-4d4f6831e508	chr3	5142	3019	8161	1	1
OV3_Cisp0	8aaf83c9-07cd-403a-87bb-220fd499119b	chr3	3225	1034	4259	1	1
OV3_Cisp0	8aafb86f-ba0b-4e58-b58c-8a6d291dc505	chr3	2714	11192	13906	1	1
OV3_Cisp0	8b57eded-9e16-47fb-8e7b-8d9b952dc7fc	chr3	4609	6794	11403	1	1
OV3_Cisp0	8c53acda-dd4f-4fb0-9a17-48a8d0028315	chr3	3681	1019	4700	1	1
OV3_Cisp0	8c80a661-61b0-456c-8e41-5308fedb5f86	chr3	4719	12963	17682	1	1
OV3_Cisp0	8c98006f-6e91-4f66-944b-b34d5c9e9f9f	chr3	1362	5113	6475	1	1
OV3_Cisp0	8d3c6466-f86d-4b27-9bfa-7c59bc3cd917	chr3	3826	9596	13422	1	1
OV3_Cisp0	8e159ca2-cd4c-4fcb-b579-44c9158e7a34	chr3	1405	4534	5939	1	1
OV3_Cisp0	8ea447b0-8a10-4e48-8e6a-7e3bd536468d	chr3	4634	19889	24523	1	1
OV3_Cisp0	8f3107fb-9ed5-4e7a-a6fa-ea8500f59b37	chr3	2443	4077	6520	1	1
OV3_Cisp0	90c4d2b1-298b-45b8-98d0-148fe61be301	chr3	2357	1335	3692	1	1
OV3_Cisp0	90c84c74-cabc-4a9f-bbc6-6e332f4fc2ca	chr3	7965	1291	9256	1	1
OV3_Cisp0	919ba217-d27e-4336-a9eb-98cda39ff036	chr3	6339	1526	7865	1	1
OV3_Cisp0	93210403-c436-4383-b80a-355f221aceb0	chr3	2763	5324	8087	1	1
OV3_Cisp0	94ea7176-ab79-43ba-a37a-1a8561f30dee	chr3	2989	6035	9024	1	1
OV3_Cisp0	963b6309-04ec-469b-b3f4-bf047a785e07	chr3	5006	5258	10264	1	1
OV3_Cisp0	98814a27-8174-4eef-99aa-52440ba43e66	chr3	4814	2374	7188	1	1
OV3_Cisp0	988b146e-b8b0-41e4-91cf-5dc98ab9f9bf	chr3	2596	3569	6165	1	1
OV3_Cisp0	99508547-0376-4d08-a5ee-e2d412b27acb	chr3	1940	6003	7943	1	1
OV3_Cisp0	9aed01ff-fec2-401c-9322-1f81a60fff97	chr3	938	7036	7974	1	1
OV3_Cisp0	9afa5c6c-6387-4221-a300-0264cb4e7287	chr3	8481	6836	15317	2	1
OV3_Cisp0	9bda739b-2c9f-46f3-a7ef-31eb4f51695c	chr3	6754	4771	11525	2	2
OV3_Cisp0	9c1b90eb-45c1-491f-968e-60447559750c	chr3	1271	4608	5879	1	1
OV3_Cisp0	9edad2ef-0990-4796-b5f4-aa6072487f11	chr3	4876	3584	8460	1	1
OV3_Cisp0	a0370fe1-1a79-4a54-b3fb-aa1b97ee0672	chr3	1257	12035	13292	1	1
OV3_Cisp0	a2afd501-4656-4a58-bdec-bc3f86547c19	chr3	2505	1768	4273	1	1
OV3_Cisp0	a3656dd2-7b51-41ce-856c-f1c8d23d010d	chr3	4053	8240	12293	1	1
OV3_Cisp0	a39481c0-d986-4a21-8329-f009d53389c5	chr3	6014	6930	12944	1	1
OV3_Cisp0	ad975a0e-10d1-4297-b065-a0e9dd4d31b1	chr3	2692	1861	4553	1	1
OV3_Cisp0	b0dfaaa3-a65f-4da8-b98f-c0135b8f0f73	chr3	4280	7940	12220	1	1
OV3_Cisp0	b1153ade-51e3-428b-accc-3b5de0f92004	chr3	3907	4338	8245	1	1
OV3_Cisp0	b2e0084b-5832-4924-9341-321dde8dbc3b	chr3	1632	9286	10918	1	1
OV3_Cisp0	b40738b3-5fa9-4bbe-9e54-16aff0c0de6a	chr3	3600	8610	12210	1	1
OV3_Cisp0	b612d42e-2e5d-4cc5-a4ea-85760c044d23	chr3	1185	4160	5345	1	1
OV3_Cisp0	b8959936-267f-41c5-bd30-c666c6883ac6	chr3	8395	4043	12438	2	1
OV3_Cisp0	b9c8f2f1-88a0-4b52-838d-fc2d335bba5f	chr3	3644	2996	6640	1	1
OV3_Cisp0	ba2197b5-1f2f-48e5-8623-dc2bc0b6342b	chr3	4774	1574	6348	1	1
OV3_Cisp0	ba8a46a8-4487-4fd3-8e70-6c721c4ac0b2	chr3	4853	1207	6060	1	1
OV3_Cisp0	bd95de87-def6-495c-aae4-4d1723dc4ebd	chr3	4926	1352	6278	1	1
OV3_Cisp0	be973322-5f06-4ebc-883a-01ef88b7e952	chr3	4808	5868	10676	1	1
OV3_Cisp0	c26b504b-6f05-47e2-809c-d1e3fbafc8a5	chr3	2366	8051	10417	1	1
OV3_Cisp0	c39b76a9-c053-40f5-86aa-19ed759025f5	chr3	6056	4333	10389	1	1
OV3_Cisp0	c56ab660-500a-421a-a7f2-ed44e090d15d	chr3	1087	12282	13369	1	1
OV3_Cisp0	c7e3a4b4-645e-419e-8e59-d263bb186e4b	chr3	2670	7919	10589	1	1
OV3_Cisp0	ca0156a9-add7-4b6c-9501-cd6321d3337f	chr3	1951	8165	10116	1	1
OV3_Cisp0	ca4b41d2-c557-461b-a9cc-549f35bffcfa	chr3	4466	3963	8429	1	1
OV3_Cisp0	ccd8af93-075b-4954-a264-3c2a3e986a9b	chr3	1692	12652	14344	1	1
OV3_Cisp0	cd7c696f-ebce-45e5-a0d3-52aa57582d8c	chr3	3411	6691	10102	1	1
OV3_Cisp0	cf69607c-d04e-4204-8e97-739ec8474027	chr3	3726	1587	5313	1	1
OV3_Cisp0	d0ee1b32-8077-45ee-a74d-cbb2bf662cb0	chr3	1125	7690	8815	1	1
OV3_Cisp0	d1dc8c3f-10fb-4c3a-b16a-70408a9258d6	chr3	1352	2101	3453	1	1
OV3_Cisp0	d34cb3c7-8282-4697-bc17-0ce0b0d3a0c5	chr3	3513	1747	5260	1	1
OV3_Cisp0	d85910de-fd8a-4f60-a349-976f73360c00	chr3	4019	1985	6004	1	1
OV3_Cisp0	da5d1657-e9ec-4c25-80dc-55aa563d06e8	chr3	8357	3091	11448	2	2
OV3_Cisp0	da9c925a-9ff5-478d-b2e3-3b79426bbb64	chr3	3788	3730	7518	1	1
OV3_Cisp0	dee14248-e898-4192-a340-53727d8a7bf1	chr3	5057	4218	9275	1	1
OV3_Cisp0	df8a50d1-113c-42df-8949-4dad414dad03	chr3	3915	4367	8282	1	1
OV3_Cisp0	e1cd0fbe-84bc-47d0-a4c8-8c76902ac433	chr3	3455	2556	6011	1	1
OV3_Cisp0	e206d68a-7aba-4591-ab27-cf29bed5935b	chr3	1051	6272	7323	1	1
OV3_Cisp0	e29102e3-c5ee-427b-ae2f-924bdd4022f3	chr3	2990	3611	6601	1	1
OV3_Cisp0	e3342d33-1518-4d87-a24a-68eac1182051	chr3	3351	4768	8119	1	1
OV3_Cisp0	e5aa57de-806f-4d07-8989-986644da5d9d	chr3	3738	5338	9076	1	1
OV3_Cisp0	e5aae1a1-21f7-400e-b4bc-293d140225f5	chr3	5284	17787	23071	1	1
OV3_Cisp0	e646114b-3ba9-4eb1-a9c6-df760318304f	chr3	5148	9625	14773	1	1
OV3_Cisp0	e807c1ab-1e26-45ae-a79c-3e8b0573275e	chr3	4767	4235	9002	1	1
OV3_Cisp0	eba545da-d449-4577-b69b-b819e1240558	chr3	2816	2043	4859	1	1
OV3_Cisp0	eefed0fd-c3f8-447b-811b-31d874c83583	chr3	2056	4332	6388	1	1
OV3_Cisp0	f06b5237-9332-4c21-9258-77419e506dbe	chr3	7341	15330	22671	1	1
OV3_Cisp0	f06e8445-25a6-46a8-8435-7103d9503257	chr3	4381	10902	15283	1	1
OV3_Cisp0	f20b4878-8ee6-412b-be2d-2e47e37a9884	chr3	1751	1474	3225	1	1
OV3_Cisp0	f2145d96-1796-467c-90d6-ad81e121ebe9	chr3	5330	8397	13727	1	1
OV3_Cisp0	f24a2afd-0879-46f9-b035-61300cca27d0	chr3	7868	21226	29094	1	1
OV3_Cisp0	f2749849-e864-43eb-945a-013ca9a2f582	chr3	3534	4118	7652	1	1
OV3_Cisp0	f348dd48-e689-4f86-80fc-4e810a3955e0	chr3	3911	9109	13020	1	1
OV3_Cisp0	f3e03a4e-814f-4997-94e4-0747115a1370	chr3	4645	7263	11908	1	1
OV3_Cisp0	f4796667-55dc-4cd5-adb2-8f27fa626b46	chr3	2601	4617	7218	1	1
OV3_Cisp0	f6135bd6-a575-4e4d-a50c-a5ecc1a8c887	chr3	4952	4586	9538	1	1
OV3_Cisp0	f61deee4-f47e-4aa2-a3be-d6211257af4b	chr3	2876	2555	5431	1	1
OV3_Cisp0	f779c0a0-364a-4e7b-9089-ecdf79ce44a8	chr3	4927	5651	10578	1	1
OV3_Cisp0	f7a057c2-57c4-4291-9ec1-a205ff195d5b	chr3	2596	9102	11698	1	1
OV3_Cisp0	f7d7f69f-417d-4cc8-a261-aaf0c48022e0	chr3	3692	3956	7648	1	1
OV3_Cisp0	fa460688-f634-4b1f-98ce-6e990e923935	chr3	1128	1882	3010	1	1
OV3_Cisp0	fb1a5942-0a81-4908-9cc1-f6797faffaa4	chr3	4601	6362	10963	1	1
OV3_Cisp0	fcc2045d-2f05-43f2-9cc1-858fae976009	chr3	1582	9427	11009	1	1
OV3_Cisp0	fd03e3b6-c14c-48f1-a568-c4dd43cb4fa9	chr3	1443	4654	6097	1	1
OV3_Cisp0	ff0254c9-cb7f-4001-8bc1-081eca5265b2	chr3	4921	4639	9560	1	1
OV3_Cisp0	0169eff9-394f-4750-b1bf-7ebd87ceb81f	chr4	4585	1265	5850	1	1
OV3_Cisp0	06de921e-09af-48be-8daf-d6eadc5a255a	chr4	2638	1723	4361	1	1
OV3_Cisp0	080e9b20-9f8a-49a1-a0aa-18fc1e7fcfcb	chr4	4701	1610	6311	1	1
OV3_Cisp0	089f8f23-ea48-42d2-a6bb-f9162b9826ae	chr4	7804	5165	12969	1	1
OV3_Cisp0	09017d81-af66-4b9d-a2d6-c8ef03c4dd14	chr4	4342	8237	12579	1	1
OV3_Cisp0	0c62bad8-f3ef-4673-a749-5094be0df0b7	chr4	6235	1894	8129	1	1
OV3_Cisp0	0d578048-beda-495d-8503-f02331848b62	chr4	3921	3932	7853	1	1
OV3_Cisp0	10925959-b4d4-488d-9850-8b8616e4c820	chr4	1438	3039	4477	1	1
OV3_Cisp0	16b6d400-ab7e-4192-bcc8-b3f931fc8080	chr4	5614	3225	8839	1	1
OV3_Cisp0	17f5d011-b224-4b7e-b049-6a676dc522ed	chr4	3949	1487	5436	1	1
OV3_Cisp0	19156a6a-edc8-4db8-800c-04a910d3ba84	chr4	3583	3191	6774	1	1
OV3_Cisp0	1d963d59-a12d-4744-9943-0768599570df	chr4	5714	1454	7168	1	1
OV3_Cisp0	207a6d2a-5865-4205-973a-a95bb8c62fcd	chr4	4097	7087	11184	1	1
OV3_Cisp0	2265e983-9ab3-4c36-b224-fcee0d6015f7	chr4	2013	7517	9530	1	1
OV3_Cisp0	22a3caa7-f6d1-4154-9852-b35641bf9749	chr4	4264	3491	7755	1	1
OV3_Cisp0	23430331-cffa-40c7-9f6d-c99774d37d02	chr4	4915	5082	9997	1	1
OV3_Cisp0	2483b9ea-9535-4487-b905-b97745f9f65f	chr4	3919	16451	20370	1	1
OV3_Cisp0	25509818-7096-430d-8bb8-568d500c23ef	chr4	5045	7694	12739	1	1
OV3_Cisp0	29972594-79a4-4796-8e0c-3c48edadf4a4	chr4	3855	4170	8025	1	1
OV3_Cisp0	2a381b20-61aa-42d3-b9bf-0f091b5f0b0c	chr4	5140	6490	11630	1	1
OV3_Cisp0	2c859f38-8d43-481f-b5bd-890381bb1eb8	chr4	1419	5797	7216	1	1
OV3_Cisp0	2c8aad6d-e6dc-4335-a25b-57b1e60f612f	chr4	3917	9466	13383	1	1
OV3_Cisp0	2d73d0a8-2843-448e-b25f-af92726e3bdd	chr4	2515	1186	3701	1	1
OV3_Cisp0	2eeac759-149d-430d-a12b-e3847a6c5f06	chr4	5002	9530	14532	1	1
OV3_Cisp0	32f1ad7a-11d4-4943-9a0a-9b27fcd3887f	chr4	4017	7884	11901	1	1
OV3_Cisp0	3d7a344d-7018-402d-8588-3d9675715ab4	chr4	1282	4775	6057	1	1
OV3_Cisp0	3dccb64f-92a3-4b0a-a6ab-f68e1aea15ca	chr4	4801	4653	9454	1	1
OV3_Cisp0	402afccd-5297-4a2d-8065-7fc3dc8259d3	chr4	3638	13752	17390	1	1
OV3_Cisp0	48191724-7c7a-4f55-b591-d82cd1ae3dcd	chr4	3514	3677	7191	1	1
OV3_Cisp0	4a5c76d4-cca9-4890-be96-08bdc7160598	chr4	5459	1483	6942	1	1
OV3_Cisp0	4c055210-4445-401d-968f-0e1937699550	chr4	2864	1321	4185	1	1
OV3_Cisp0	4d0d7249-0688-4aac-8bc3-95e8c2bad55b	chr4	4105	17635	21740	1	1
OV3_Cisp0	4f5bb9ea-0b37-481d-a743-addd6ebe8a0a	chr4	3100	3063	6163	1	1
OV3_Cisp0	50f76bb1-9e3d-49c7-a77e-f57778be8e10	chr4	10060	8115	18175	1	1
OV3_Cisp0	5170df7f-f91d-47ab-ac8f-816678107a32	chr4	2820	1089	3909	1	1
OV3_Cisp0	52273cad-906c-4d98-947f-eed355842763	chr4	2686	6116	8802	1	1
OV3_Cisp0	52520da9-4a47-4d65-b177-603026d28e7b	chr4	3251	2484	5735	1	1
OV3_Cisp0	52bd06d4-ddb8-4083-b1dd-d08a9cc0cf64	chr4	3421	9352	12773	1	1
OV3_Cisp0	53f8497b-6fc4-4bef-9e43-b6e48bee2c24	chr4	3375	8811	12186	1	1
OV3_Cisp0	554d415a-ec3e-40ad-9280-86e43a9366e4	chr4	6376	10017	16393	1	1
OV3_Cisp0	563943d8-41ac-408b-87a8-a967cbfd35b4	chr4	2268	12769	15037	1	1
OV3_Cisp0	56b14157-83ce-4bff-8b7f-2690f33a6b4e	chr4	3833	3028	6861	1	1
OV3_Cisp0	587ab17e-ac0d-49cd-81c6-3dd806433e86	chr4	6942	5759	12701	1	1
OV3_Cisp0	5ada2ac9-31e2-4304-a50e-4445bb0a43fc	chr4	2176	9098	11274	1	1
OV3_Cisp0	5b96af25-5ced-4ad8-84af-3524fffd23e3	chr4	3777	2846	6623	1	1
OV3_Cisp0	5d2238e7-b261-43a3-bad5-38e23e0674c6	chr4	1279	5996	7275	1	1
OV3_Cisp0	5e4bb776-aff9-49db-b2ed-5467bc992141	chr4	3351	7930	11281	1	1
OV3_Cisp0	61f7b1f1-7e93-4f56-bb3d-3c8c452c31da	chr4	20529	3809	24338	1	2
OV3_Cisp0	63a41116-94fa-48d4-acd1-7d3f02550759	chr4	1680	3578	5258	1	1
OV3_Cisp0	644729ab-6206-4596-b51f-886cb63dccf7	chr4	1538	7371	8909	1	1
OV3_Cisp0	6943e345-dbc8-4d15-bf65-7443f129bcff	chr4	6895	11936	18831	1	1
OV3_Cisp0	6c23faa5-2e8e-4b91-967d-f7148a8b46b8	chr4	2692	6931	9623	1	1
OV3_Cisp0	6e2e7ffb-2aeb-45cb-85bb-a1efdaff625a	chr4	4527	1212	5739	1	1
OV3_Cisp0	6f03aef2-54fa-4acc-a121-b21aec14a203	chr4	3448	6338	9786	1	1
OV3_Cisp0	71d93b3e-7b27-4102-812a-e1af250d532c	chr4	2954	7465	10419	1	1
OV3_Cisp0	72085a94-ed4f-4c2c-9353-24a059265b41	chr4	3709	3949	7658	1	1
OV3_Cisp0	74372f43-c630-4713-9e51-0d6d7c9c21d8	chr4	3691	17152	20843	1	1
OV3_Cisp0	75672e10-86ad-40e8-ae87-098ea5e66157	chr4	3707	1349	5056	1	1
OV3_Cisp0	77a2d4e5-0630-4705-9257-822b5d664560	chr4	2937	3034	5971	1	1
OV3_Cisp0	79cb5374-9c35-4426-8f53-9827c4036507	chr4	1075	1288	2363	1	1
OV3_Cisp0	7c16e32a-a372-4e39-a7c0-876815aa6db1	chr4	3051	4904	7955	1	1
OV3_Cisp0	7f5f710c-f186-41d8-8230-5617803ac5c8	chr4	1937	3098	5035	1	1
OV3_Cisp0	85e68b69-b432-408e-86fe-ad2b8991ff09	chr4	3517	1122	4639	1	1
OV3_Cisp0	88cc0505-b202-4bce-bd58-f758be05d8b1	chr4	4546	4936	9482	1	1
OV3_Cisp0	8a980ab5-ffba-4025-ab62-b224e446d688	chr4	3141	3401	6542	1	1
OV3_Cisp0	9590c999-c4db-4001-8a4b-bdb1caaa02e4	chr4	2156	1124	3280	2	1
OV3_Cisp0	95c270bb-0d50-4520-90ac-918e260685e4	chr4	3434	7647	11081	1	1
OV3_Cisp0	978d0393-1c28-4eea-8963-0b1a23b3ed86	chr4	1936	19377	21313	1	1
OV3_Cisp0	9a6221f0-52d9-4832-8ca7-b478d39506e3	chr4	1721	2826	4547	1	1
OV3_Cisp0	9ae6ccda-6259-45a9-b769-708d5178304d	chr4	1898	3972	5870	1	1
OV3_Cisp0	9bceb44f-723d-400f-9c2e-c03f6206a8f4	chr4	5683	3888	9571	1	1
OV3_Cisp0	9c46cc78-ebc1-4875-bd64-9ea9b8f50ac9	chr4	2123	4650	6773	1	1
OV3_Cisp0	a075526a-2923-4853-a5ae-a2fec59343e4	chr4	2719	1832	4551	1	1
OV3_Cisp0	a182768f-8484-458c-a3c9-f54ca604c444	chr4	1332	8735	10067	1	1
OV3_Cisp0	a22bb4ed-7d77-4c75-bd66-c5211fa6a5a3	chr4	5495	7290	12785	1	1
OV3_Cisp0	a25c5e56-ae18-40a1-891d-67c939d73627	chr4	3041	9594	12635	1	1
OV3_Cisp0	a287ff82-6287-40fc-afb9-e1deb2ce6786	chr4	2716	19407	22123	1	1
OV3_Cisp0	a4301e05-32ca-4e8c-8746-1229638b5997	chr4	2047	3878	5925	1	1
OV3_Cisp0	a535e148-8394-4870-b00c-6f30cb5636c6	chr4	3772	5287	9059	1	2
OV3_Cisp0	a53edadc-1780-4cf2-bb89-00656e73a30e	chr4	2409	2702	5111	1	1
OV3_Cisp0	a58a682f-a1d7-4c42-9757-5fe3aa2d8102	chr4	4183	3406	7589	1	1
OV3_Cisp0	a5a78879-9c6b-42b9-93e1-641ac5e01eee	chr4	3023	4940	7963	1	1
OV3_Cisp0	a649b74f-a1a9-4bf7-b1b2-fdb8d90b74dd	chr4	1115	7105	8220	1	1
OV3_Cisp0	ac0a9c59-b5af-4187-b90d-66b6f47cc2c3	chr4	3221	2173	5394	1	1
OV3_Cisp0	ac45027f-f554-4809-8558-7b76d2251633	chr4	4411	5464	9875	1	1
OV3_Cisp0	b1b5e700-e1b0-481e-af08-b659f15ff966	chr4	1008	1655	2663	1	1
OV3_Cisp0	b23953d3-8bac-427a-8aee-f94e0adfae40	chr4	4574	16220	20794	1	1
OV3_Cisp0	bbdd1c28-0b1b-4762-8a03-77838bb7e332	chr4	1294	11878	13172	1	1
OV3_Cisp0	bc7418d9-97a0-4c86-a1a6-0f4a7bb0483e	chr4	1422	8152	9574	1	1
OV3_Cisp0	bc75ef09-d540-42b6-babf-770b3dcda150	chr4	2285	2211	4496	1	1
OV3_Cisp0	c1bbc869-449e-40fb-a0c4-4f10f67e0039	chr4	3536	7089	10625	1	1
OV3_Cisp0	c987d795-1f3c-464f-86cc-00c33d539a59	chr4	2381	2683	5064	1	1
OV3_Cisp0	d062bcd0-0c1c-4f26-94df-a25cedbc5369	chr4	5671	10808	16479	1	1
OV3_Cisp0	d1f63565-fe5a-4d82-9646-259b772549d0	chr4	2222	5995	8217	1	1
OV3_Cisp0	d24b7e15-b2d3-494c-b39c-c13f689488f4	chr4	2253	6118	8371	2	2
OV3_Cisp0	d478cc99-74ee-49e4-b03e-c8d81ef40c12	chr4	8421	16100	24521	1	1
OV3_Cisp0	d9a89cba-8326-4220-beb7-1428d27be158	chr4	8900	3688	12588	2	2
OV3_Cisp0	dab8c191-e2b1-4042-b30f-7f920db0e04f	chr4	5378	7942	13320	1	1
OV3_Cisp0	dd94b71c-4eca-40c5-9c84-a54f74ded1ec	chr4	3450	4707	8157	1	1
OV3_Cisp0	df55aa91-5684-4698-9576-ddbe382c0fa8	chr4	4027	4911	8938	1	1
OV3_Cisp0	e00f6c96-32a5-48a2-a2c5-26ba4f63d234	chr4	3731	1262	4993	1	1
OV3_Cisp0	e0f2f26d-8a20-48c1-8043-b16f3a7728b6	chr4	3041	2244	5285	1	1
OV3_Cisp0	e1351efa-5d98-4fae-9352-6004e4fbf490	chr4	1331	1010	2341	1	1
OV3_Cisp0	e40a5ee4-380f-444b-8bd2-bf36b4d0cf0d	chr4	4367	10892	15259	1	1
OV3_Cisp0	e5ade9d7-02dc-4fc4-a66d-bcdcfc5d21f9	chr4	4229	27533	31762	1	2
OV3_Cisp0	e6d6c222-fcba-4561-9ff3-af1126c23daf	chr4	3817	1577	5394	1	1
OV3_Cisp0	e9a0ce85-c347-4ab3-90b2-e84d688d62aa	chr4	1881	4995	6876	1	1
OV3_Cisp0	ef1ef889-3062-4258-a3fd-67a5baadd8ee	chr4	3297	6612	9909	1	1
OV3_Cisp0	f1c7f227-6602-4656-8061-f293c85257e6	chr4	2060	2359	4419	1	1
OV3_Cisp0	f3bfe680-0d3a-4319-98e9-57f9e381d0db	chr4	1324	4512	5836	1	1
OV3_Cisp0	f4bb2745-d2c9-4b8b-866f-89a11d27536e	chr4	4540	7245	11785	1	1
OV3_Cisp0	f5287d78-6b40-4073-87af-1d088f58a22b	chr4	2788	7930	10718	1	1
OV3_Cisp0	f5c043b4-e49f-43b4-a066-fe98610cb987	chr4	4411	10539	14950	1	1
OV3_Cisp0	fc77108e-3cb8-4acc-90a8-1ccc5a498096	chr4	1471	20473	21944	1	1
OV3_Cisp0	fd30144e-db1e-4502-ae9a-f9a46f95cfa7	chr4	2538	4322	6860	1	1
OV3_Cisp0	05026e8a-5dd0-4b25-ac76-8471461edf0b	chr5	3989	1678	5667	1	1
OV3_Cisp0	07045eeb-4dd7-4c8c-827a-73ef048f0f07	chr5	4686	4726	9412	1	1
OV3_Cisp0	073c8bd5-b1d8-4d56-aa64-a00a16b06dcc	chr5	4631	11080	15711	1	1
OV3_Cisp0	080f8d57-0fef-4732-bf04-166ce1be15d4	chr5	2405	7884	10289	1	1
OV3_Cisp0	1084417b-6578-4088-9366-998a87b50a08	chr5	4384	7855	12239	1	1
OV3_Cisp0	11e921e8-8450-4438-9b4f-57f2c8b059d1	chr5	1783	3794	5577	1	1
OV3_Cisp0	14061715-ddba-45ae-b206-a8b7f9f93cb7	chr5	4481	1054	5535	1	1
OV3_Cisp0	1490243d-97c6-4668-a144-7a93fa415573	chr5	2321	9670	11991	1	1
OV3_Cisp0	152b6ed2-1454-41f7-a869-cc09ddcfa2c3	chr5	4547	2189	6736	1	1
OV3_Cisp0	17612288-6ed6-4897-bebf-450082c8c96f	chr5	2532	10867	13399	1	1
OV3_Cisp0	17d8de59-4783-4a11-a6ee-6a53a67ff085	chr5	4080	2984	7064	1	1
OV3_Cisp0	19b911ba-ef3b-4466-a90b-ccab419febd8	chr5	7261	4187	11448	1	1
OV3_Cisp0	1c1f8316-191f-4388-b0da-55b147ce13d7	chr5	4550	11541	16091	1	1
OV3_Cisp0	1d4869aa-b8fe-412a-aa05-27ee628d61c1	chr5	16332	2659	18991	2	1
OV3_Cisp0	1e20f211-b131-45a7-a227-377e9b872ce5	chr5	4259	8972	13231	1	1
OV3_Cisp0	1e5ce467-0fb6-43fb-b158-fc68a5e3d461	chr5	3565	6219	9784	1	1
OV3_Cisp0	21f2f262-e2d3-4e02-89be-f596decaa4ff	chr5	2093	9595	11688	1	1
OV3_Cisp0	22c67831-fd7d-4085-bf25-76c17742acde	chr5	2903	14567	17470	1	1
OV3_Cisp0	23f31ed0-e180-4948-a782-db45dd55b33c	chr5	1299	10118	11417	1	1
OV3_Cisp0	2a8b51da-75c7-4fb7-9568-770e9d9b34b4	chr5	4591	2332	6923	1	1
OV3_Cisp0	2b4382bb-55a2-4024-8b0c-dff1e3ce55aa	chr5	3980	4662	8642	1	1
OV3_Cisp0	2bf81b63-c83b-4653-a4f2-af7806baa5c5	chr5	2451	7624	10075	1	1
OV3_Cisp0	3036fbd3-7455-4d96-8538-53d9eea84b0a	chr5	3470	1224	4694	1	1
OV3_Cisp0	3211365c-3111-4dd4-ba26-e22f1c683246	chr5	4488	4270	8758	1	1
OV3_Cisp0	321a4ab3-8825-4b0e-aaa2-63406cbe3799	chr5	4980	1529	6509	1	1
OV3_Cisp0	32241255-b8af-4e23-bf1b-fce37bcc2408	chr5	2512	13808	16320	1	1
OV3_Cisp0	3282c977-b514-45e6-8734-86212da4075b	chr5	5715	1441	7156	1	1
OV3_Cisp0	3424c9c6-65fb-4d01-9c9e-96b17464914a	chr5	3848	3889	7737	1	1
OV3_Cisp0	3772c7e8-2418-49f9-8a5c-5a575f19ede6	chr5	1456	7652	9108	1	1
OV3_Cisp0	38ab9480-b2c5-4e96-be4a-c6d6698e25b7	chr5	1290	4278	5568	1	1
OV3_Cisp0	39a75284-1dda-495f-a141-ab73572c08cb	chr5	3294	2909	6203	1	1
OV3_Cisp0	3b45b5af-278d-4edb-b317-91ae148cf5c5	chr5	4927	4481	9408	1	1
OV3_Cisp0	3cf3c867-da4f-4aeb-87c2-a40f3cbdaf77	chr5	3774	4216	7990	1	1
OV3_Cisp0	42199ab1-0fc3-4235-beb8-f8c30887bb42	chr5	1220	6112	7332	1	1
OV3_Cisp0	46fbd5fb-5e20-4966-83c6-85b05391526b	chr5	1261	3944	5205	1	1
OV3_Cisp0	471d87c7-d89d-4fd7-a3ea-7fecea6d15e8	chr5	1705	3793	5498	1	1
OV3_Cisp0	472184db-6a52-4c81-bf8e-89e35784bbc5	chr5	4039	2505	6544	1	1
OV3_Cisp0	47b23c51-ade1-4f4d-a4a6-685c3ca22510	chr5	1026	1965	2991	1	1
OV3_Cisp0	495c9f09-ea98-4a77-873c-69eb4b1d4d45	chr5	2111	4143	6254	1	1
OV3_Cisp0	497ee9b3-db58-4d36-895f-89544591d64a	chr5	3983	1070	5053	1	1
OV3_Cisp0	49f74a7c-1e34-495b-baae-acdee1b9a049	chr5	1534	8855	10389	1	1
OV3_Cisp0	4de2f1bb-5556-44ba-a47f-a1858a2298b3	chr5	4823	9685	14508	1	1
OV3_Cisp0	50463081-ed90-4bf5-abd5-04be4cc5c5b6	chr5	2122	5873	7995	1	1
OV3_Cisp0	5643f398-970b-472b-ac77-7959ea757e06	chr5	3600	1772	5372	1	1
OV3_Cisp0	5abaed00-4861-4db6-a611-95abacd2582d	chr5	2483	3806	6289	1	2
OV3_Cisp0	5b479c60-6bd3-4c73-8f0a-dce81378fea0	chr5	3828	11957	15785	1	1
OV3_Cisp0	5e55dd60-8fcd-421a-b249-d9c326c2b68c	chr5	1694	11633	13327	1	1
OV3_Cisp0	63fa5e3b-76ff-4d9d-a2d4-b735291900e0	chr5	1852	6386	8238	1	1
OV3_Cisp0	6478328c-dc1f-47aa-b77b-0316d772b997	chr5	4253	6905	11158	1	1
OV3_Cisp0	67074bb6-d335-45a2-a800-7fe7bfa0b09f	chr5	3139	10285	13424	1	1
OV3_Cisp0	67773047-8b0a-4e4c-b983-d83430231ba8	chr5	2756	14957	17713	1	1
OV3_Cisp0	67c5371f-1b63-4b9f-9a90-4d574c2974ca	chr5	8289	9924	18213	1	1
OV3_Cisp0	72353df8-a869-401f-906d-180b28ed62e7	chr5	4609	3855	8464	1	1
OV3_Cisp0	723ce6ac-6a8f-4505-9f6a-57d764def9d4	chr5	5499	3168	8667	1	1
OV3_Cisp0	7254f159-f168-415f-8bf2-d8fc18648886	chr5	5131	14328	19459	1	1
OV3_Cisp0	72714618-55e1-4976-ba94-fef5dc6a5569	chr5	2497	1307	3804	1	1
OV3_Cisp0	73661e1c-9707-4bed-b4b4-e3f9c01b017e	chr5	3702	1475	5177	1	1
OV3_Cisp0	7daec24e-d862-4120-b2dc-b1de51515dc2	chr5	1579	12516	14095	1	1
OV3_Cisp0	7e913d1a-998d-4640-97b2-a11e0ed4aef7	chr5	4934	6110	11044	1	1
OV3_Cisp0	81483005-bfcb-4468-adc7-f6c2e42f654d	chr5	2431	14679	17110	1	1
OV3_Cisp0	8332b278-194a-4c76-82f8-fe62195e21cf	chr5	3734	5830	9564	1	1
OV3_Cisp0	85009d40-f7d5-46ff-b4ad-d6e68d8df600	chr5	1357	9262	10619	1	1
OV3_Cisp0	8b642559-c904-4e26-b83e-a1edf14025a7	chr5	1171	6934	8105	1	1
OV3_Cisp0	8be13bc4-a628-41ff-bd2e-abab731a0d4c	chr5	3600	7253	10853	1	1
OV3_Cisp0	8d801e95-988e-447d-92d0-c3e82f86956b	chr5	2612	3550	6162	1	1
OV3_Cisp0	8e0c1a97-b817-4dbf-b3b4-8a4b0911c6eb	chr5	1660	1333	2993	1	1
OV3_Cisp0	91b4a13b-c3f5-40a8-a0d2-9684f31f42b4	chr5	1776	10696	12472	1	1
OV3_Cisp0	929d80df-91e3-4490-a455-eb64b744e971	chr5	4136	4572	8708	1	1
OV3_Cisp0	94a8c165-6847-40eb-903f-92ad266fe1ea	chr5	1344	1351	2695	1	1
OV3_Cisp0	974b8b05-cf9e-44d7-9eee-3ce77aee5c02	chr5	3693	2095	5788	1	1
OV3_Cisp0	97ea3633-ef2c-4e91-a055-c4a45a56f3dc	chr5	3614	5208	8822	1	1
OV3_Cisp0	9889c005-1ecd-46c9-bdff-eb47ec63b050	chr5	5452	1964	7416	1	1
OV3_Cisp0	9bc9f47a-9aa8-415c-ba8e-c6455266550d	chr5	2093	8869	10962	1	1
OV3_Cisp0	9d93e611-7519-490d-9fe7-fe6c19196420	chr5	3261	5754	9015	1	1
OV3_Cisp0	9f67db65-6f71-4a77-99e6-6e8f66d3b24f	chr5	2652	10205	12857	1	1
OV3_Cisp0	a0739101-8b71-4b09-b142-612117e3cfd0	chr5	3244	3509	6753	1	1
OV3_Cisp0	a35465e5-0895-4a95-88af-c0ceb7a3dea3	chr5	3341	10745	14086	1	1
OV3_Cisp0	a40ba885-9059-4621-98d6-46827615b7aa	chr5	1713	6190	7903	1	1
OV3_Cisp0	a482c8e7-3c4a-4877-8ad8-11adae0deb34	chr5	3376	8440	11816	1	1
OV3_Cisp0	a4e83855-6801-4b71-a86d-5d0c1805d433	chr5	1301	2774	4075	1	1
OV3_Cisp0	a5fb4ea6-c362-4ae6-99c1-bf5ae6e85f5f	chr5	5621	1896	7517	1	1
OV3_Cisp0	a63fa8d8-3031-4623-9ba2-af694fba1ca5	chr5	3356	3391	6747	1	1
OV3_Cisp0	a8509401-8db1-4d13-83b7-3cd9a1a942ec	chr5	3712	5672	9384	1	1
OV3_Cisp0	a8dc16df-dc1b-4bb7-82ef-fde682f311f4	chr5	3796	12520	16316	1	1
OV3_Cisp0	a985e790-97dd-4e41-b965-584a7da021e7	chr5	7472	2392	9864	1	1
OV3_Cisp0	aa1ce72e-86c3-48e8-b257-df1ed01169b0	chr5	4877	14282	19159	1	1
OV3_Cisp0	ab4cf625-d1fc-46cd-8913-7f9bb71f344a	chr5	1762	5178	6940	1	1
OV3_Cisp0	ad85ea46-2cf7-481b-9dc4-d95d755cd961	chr5	1245	2783	4028	1	1
OV3_Cisp0	b45ff076-5e95-4763-8b7c-db6178d68bae	chr5	3143	2789	5932	1	1
OV3_Cisp0	b57b457a-b8dd-4437-b270-1f6d38913744	chr5	2493	10982	13475	1	1
OV3_Cisp0	b580c573-6fdb-4686-b797-80115218243b	chr5	3535	4183	7718	1	1
OV3_Cisp0	b68649cc-d696-49a6-806a-4dd732f66e97	chr5	4491	5695	10186	1	1
OV3_Cisp0	b7a2efbe-2356-4ae6-b56c-4f9f47087582	chr5	2515	7486	10001	1	1
OV3_Cisp0	b91baddb-a329-4962-bc81-b3dd6980d028	chr5	1251	1238	2489	1	1
OV3_Cisp0	ba63f6c0-51b0-45fc-b9a4-7dcb2dc39524	chr5	2850	9300	12150	1	1
OV3_Cisp0	c0ca3d67-2608-4473-8632-20471fdaaa89	chr5	4500	8218	12718	1	1
OV3_Cisp0	c1ae3822-d7ab-4ea8-825e-db7a30df5265	chr5	3045	9572	12617	1	1
OV3_Cisp0	c3dae00e-646d-4bf0-90fa-57cabe5fa35f	chr5	4624	1467	6091	1	1
OV3_Cisp0	c87a54e3-add3-4fe1-9e03-bfc1cb26e3ec	chr5	1093	26390	27483	1	1
OV3_Cisp0	c8b23bdb-bc12-45cf-922e-9b29c5053abb	chr5	4832	4405	9237	1	1
OV3_Cisp0	c940f454-56d0-41b9-b608-c4e22ed64fd4	chr5	5008	8387	13395	1	1
OV3_Cisp0	ca932184-e6c8-469b-b788-f4a3104e5cef	chr5	4892	4131	9023	1	1
OV3_Cisp0	cbc28c9c-2a98-4212-ab27-72b0b26c9c72	chr5	4404	7817	12221	1	1
OV3_Cisp0	cd1d4594-ccd6-4547-a046-f4e488a6d7af	chr5	4088	12726	16814	1	1
OV3_Cisp0	cdec1241-4864-46ff-bedd-24ff3705cb25	chr5	2543	13082	15625	1	1
OV3_Cisp0	ce45973d-dc34-4c3f-9fae-3cb2fea2ddfd	chr5	3296	1510	4806	1	1
OV3_Cisp0	d00227ee-9757-4ca6-badf-a23a1788b7b9	chr5	3065	9479	12544	1	1
OV3_Cisp0	d07e4997-ef70-4a91-9d3d-787dc59f3406	chr5	4166	5020	9186	1	1
OV3_Cisp0	d0abe130-a90a-4ce2-ae6d-99e55340ec9d	chr5	5910	26724	32634	1	1
OV3_Cisp0	d0b508c6-1b05-4d21-9c16-03baafd80ce1	chr5	4005	15004	19009	1	1
OV3_Cisp0	d3005f96-4e62-4017-8218-269e09d0b1f4	chr5	4710	2549	7259	1	1
OV3_Cisp0	d5ef6b73-36ba-499b-a940-5e98327d862d	chr5	3428	2389	5817	1	1
OV3_Cisp0	d79417d7-8791-4f5d-8812-4d8c927cb9ea	chr5	5009	4712	9721	1	1
OV3_Cisp0	d894ae6c-4c21-4f9d-8b4f-94a42544d5a8	chr5	4857	4562	9419	1	1
OV3_Cisp0	da0c7b57-27e2-4ba6-8321-918265fc503a	chr5	1604	10385	11989	1	1
OV3_Cisp0	db9449bb-d142-459f-a687-849a4d0fb464	chr5	3800	10020	13820	1	1
OV3_Cisp0	dbb4ad7a-8a0e-4206-8dcb-041202e44847	chr5	6501	5106	11607	1	1
OV3_Cisp0	e303e8e1-bf45-448f-95f2-df59faf73a9b	chr5	3133	4151	7284	1	1
OV3_Cisp0	e7b19ee1-806b-4cab-84ef-d1bea26f4b64	chr5	6472	7542	14014	1	1
OV3_Cisp0	e8fb3b4d-c5c2-473a-8a70-3f26e513f3db	chr5	3882	8768	12650	1	1
OV3_Cisp0	e9061652-77db-4943-8693-6ca51a29d857	chr5	2718	7899	10617	1	1
OV3_Cisp0	e977eed1-acef-40e5-888a-4c106809f60f	chr5	2595	16691	19286	1	1
OV3_Cisp0	ec664450-6994-4acc-ab71-f1973007312c	chr5	2036	7644	9680	1	1
OV3_Cisp0	ecc91bd0-d5f9-4928-8e25-9f8e29b354a6	chr5	3029	5026	8055	1	1
OV3_Cisp0	ed871921-2dca-4de6-afb7-3608fa5bba12	chr5	1844	6799	8643	1	1
OV3_Cisp0	ed9cc195-49cb-4db4-945d-695fdc68a40b	chr5	6001	1965	7966	1	1
OV3_Cisp0	ee3b7262-d734-49d1-82f3-2245dcfd4838	chr5	3925	5392	9317	1	1
OV3_Cisp0	ee5bc279-ab32-4be5-9a06-639a95120617	chr5	1808	3565	5373	1	1
OV3_Cisp0	f6c7d2e6-8852-410d-8e29-dce8190cdd78	chr5	2853	9190	12043	1	1
OV3_Cisp0	f8aa8914-7b9a-410b-962f-bcffd6873849	chr5	3349	6034	9383	1	1
OV3_Cisp0	fbbea267-284f-4999-affd-2f4f422be5e7	chr5	2235	3073	5308	1	1
OV3_Cisp0	004d2237-536c-473e-b3e1-24c4156e586d	chr6	2557	2916	5473	1	1
OV3_Cisp0	00b1fb56-598a-4723-82b4-16aa103022b3	chr6	1999	6924	8923	1	1
OV3_Cisp0	03accb85-9390-4295-88cd-ac66344f1810	chr6	1512	5226	6738	1	1
OV3_Cisp0	0a716762-1b55-484d-8bf7-650a86df8633	chr6	2435	1888	4323	1	1
OV3_Cisp0	1ebe3d4b-734a-4685-a276-085722adf0c2	chr6	2055	9002	11057	1	1
OV3_Cisp0	21735826-015c-411d-ac03-d08ffc914479	chr6	2051	4846	6897	1	1
OV3_Cisp0	22df39e9-ac5a-4540-984a-37ff42ad9b13	chr6	2691	8244	10935	1	1
OV3_Cisp0	259277d1-b418-4a2a-a28a-032941bcff74	chr6	3891	14148	18039	1	1
OV3_Cisp0	27e25e62-6d5a-4f97-ada3-d65be23b4427	chr6	3381	9419	12800	1	1
OV3_Cisp0	294b79cd-fd3d-4f9a-a124-0d56b6b8524a	chr6	7678	12109	19787	1	1
OV3_Cisp0	2bb59ee2-07c0-4778-9f95-68b263c0f50f	chr6	2195	1920	4115	1	1
OV3_Cisp0	2f64dfc3-7d5f-4982-a5c2-0af0b4f37975	chr6	3487	3409	6896	1	1
OV3_Cisp0	3c0093d5-4034-4bf6-a5e3-22b66e1243db	chr6	2489	3218	5707	1	1
OV3_Cisp0	45167189-e763-4bf8-88e1-78207f151763	chr6	4135	4422	8557	1	1
OV3_Cisp0	46cbf326-d5e7-447b-9d0b-ba3f00a0ff48	chr6	4673	3815	8488	1	1
OV3_Cisp0	48996740-ac7b-4a1a-a93c-9b9ac41652b5	chr6	3507	4230	7737	1	1
OV3_Cisp0	48c64354-e06a-4059-86ed-f71166c5c216	chr6	3903	15462	19365	1	1
OV3_Cisp0	4a1a2eb4-8c4a-4c61-8cbd-a058ba72e4d2	chr6	1777	8474	10251	1	1
OV3_Cisp0	4c623565-b227-439d-8f81-95a0774613fb	chr6	4693	5645	10338	1	1
OV3_Cisp0	4d7871ac-f2b1-4179-8644-e382ea31ad01	chr6	4825	9392	14217	1	1
OV3_Cisp0	515b24dd-bd5c-4040-9e5d-be82cf851a09	chr6	6378	19054	25432	1	1
OV3_Cisp0	52e0f209-8a93-4325-8cb6-fc60251bbe12	chr6	3493	4779	8272	1	1
OV3_Cisp0	54490c18-29f0-4c73-acbd-fb70ccfbf8dc	chr6	4073	6843	10916	1	1
OV3_Cisp0	545607ab-08ad-4c9e-9962-7350780ab49c	chr6	3491	4950	8441	1	1
OV3_Cisp0	587b5dd4-fd3d-40b2-9e15-d1f9c7463461	chr6	3189	2994	6183	2	1
OV3_Cisp0	5891690a-0e1f-4f53-8775-11244dea649f	chr6	6308	12507	18815	1	1
OV3_Cisp0	5c1d82fc-6722-4c9b-904c-73ca658947f8	chr6	4042	5276	9318	1	1
OV3_Cisp0	618eb27a-026a-4216-a0ad-f722964062b9	chr6	4592	4534	9126	1	1
OV3_Cisp0	651b7f6e-b978-4a78-99c3-cad605227668	chr6	1531	3798	5329	1	1
OV3_Cisp0	69fe2d82-61d8-4ca3-a1e5-ed5acc9cab57	chr6	6018	4044	10062	1	1
OV3_Cisp0	6a6d7807-52cc-47cf-b6d5-d825b18a343c	chr6	3455	3753	7208	1	1
OV3_Cisp0	6b833286-480b-4181-821c-349d10a41d4c	chr6	5108	1188	6296	1	1
OV3_Cisp0	73b3162e-5b4a-48a4-ad3d-ee669821c451	chr6	2337	3012	5349	1	1
OV3_Cisp0	73fa1f20-21f8-4e51-a61b-1fe590f54a20	chr6	3501	14705	18206	1	1
OV3_Cisp0	743c3f98-19c4-4a40-b841-0a4f467716fa	chr6	2284	5535	7819	1	1
OV3_Cisp0	74685b69-930f-4657-8ce7-362924f658af	chr6	2572	6380	8952	1	1
OV3_Cisp0	78ddcbac-b818-48d6-bc40-f963b4d233a5	chr6	3680	12488	16168	1	1
OV3_Cisp0	79e5bf6f-0ce6-4101-94f3-35618d358532	chr6	11814	13517	25331	1	1
OV3_Cisp0	7e5f560f-fff2-4adc-b166-4bd67db4ce3c	chr6	3111	11805	14916	1	1
OV3_Cisp0	7f6bbd11-2525-4db5-96f3-1816ff916241	chr6	5774	6751	12525	1	1
OV3_Cisp0	80938786-c88a-449a-ac9b-342967dcc9bf	chr6	4051	3079	7130	1	1
OV3_Cisp0	813771b8-c77a-4a7f-94f0-3dacce7add3a	chr6	2877	1835	4712	1	1
OV3_Cisp0	8486dcc5-e1cc-435f-949c-da268f28e9c4	chr6	1474	8132	9606	1	1
OV3_Cisp0	8b7eae95-1ed8-4997-8c03-00f419007517	chr6	4639	24790	29429	1	1
OV3_Cisp0	8fcec37c-cc73-44fb-969c-5a00572932bc	chr6	6226	2851	9077	1	1
OV3_Cisp0	988c9cc7-2d89-4e92-bff3-cf68569ec454	chr6	4639	4334	8973	2	1
OV3_Cisp0	9a15f958-4144-4d77-b0fe-73e17b9f4e59	chr6	4056	10238	14294	1	1
OV3_Cisp0	9acecfb4-7b1b-482f-8acc-c72e8b6ec8d0	chr6	5456	1445	6901	1	1
OV3_Cisp0	9b6de719-f389-4c5e-9221-d4d32bacf8eb	chr6	2238	5688	7926	1	1
OV3_Cisp0	9d74ade4-28d6-4828-b769-e7bcd0d60902	chr6	2643	2125	4768	1	1
OV3_Cisp0	9f7dd7bd-b81d-4756-8310-f5f7acc14d7e	chr6	5383	4737	10120	1	1
OV3_Cisp0	9f81dba9-e52e-435f-8a05-75170029df7c	chr6	1681	5712	7393	1	1
OV3_Cisp0	a2153a4e-f355-4301-9d0f-fc8c594a9df8	chr6	3022	9184	12206	1	1
OV3_Cisp0	a3fc5128-ff3b-4acd-9796-16b9fd37acc4	chr6	1546	3945	5491	1	1
OV3_Cisp0	a56e906c-19c7-416c-b164-0e1c367d189e	chr6	3384	4055	7439	1	1
OV3_Cisp0	a5b6ab18-d982-426b-ba57-5d2fa9716c3b	chr6	2993	8398	11391	1	1
OV3_Cisp0	b02414b7-2bae-44f0-990a-80bc48f96722	chr6	4718	11213	15931	1	1
OV3_Cisp0	b45685a0-f466-4335-86e3-e39d5755b490	chr6	4102	4445	8547	1	1
OV3_Cisp0	b49f0d26-7e36-4e7a-a2d3-10ab6d0fd5b6	chr6	4528	4536	9064	1	1
OV3_Cisp0	b5f722db-5a11-4d81-a10c-c4db72a4c4e6	chr6	3126	6976	10102	1	1
OV3_Cisp0	b6449754-d3ce-403d-8280-e5098a3c5aec	chr6	2643	9876	12519	1	1
OV3_Cisp0	b93b125d-5fbe-4f96-865d-7bd7dd119c6b	chr6	4348	3700	8048	1	1
OV3_Cisp0	bae2ab91-6f5c-4023-8b6b-a7861b9902b1	chr6	4072	5166	9238	1	1
OV3_Cisp0	be62ccd1-bf91-4a6e-a9be-241847bf514e	chr6	5143	1053	6196	1	1
OV3_Cisp0	c40d2ee3-aafb-4396-9ebd-26a919f37b1a	chr6	6344	3108	9452	1	1
OV3_Cisp0	c5cb2d4f-49d2-42f7-964d-9878db4217b5	chr6	4932	5067	9999	1	1
OV3_Cisp0	c754cc74-9008-450e-b6da-6e2995fd179a	chr6	1538	3786	5324	1	1
OV3_Cisp0	c7ef469c-85ab-47e8-b295-a97435fb0ed8	chr6	6815	8327	15142	2	1
OV3_Cisp0	ca231d69-892a-42e2-9b9c-be75797d4704	chr6	4995	2547	7542	1	1
OV3_Cisp0	ca4c3117-f25b-46ca-abe8-eb56800f61fb	chr6	4258	6626	10884	1	1
OV3_Cisp0	cb8e264f-5029-4eba-9eb2-573c45c007f3	chr6	4678	7460	12138	1	1
OV3_Cisp0	cc2acf10-4efa-405b-9cab-685c48d6c25a	chr6	1970	17360	19330	1	1
OV3_Cisp0	d0d1286a-2a46-4144-9897-ff5287d5a6d7	chr6	2344	4758	7102	1	1
OV3_Cisp0	d3b52ead-16fc-42bc-b8a0-122d6d061b92	chr6	1881	4437	6318	1	1
OV3_Cisp0	d4279e0f-5bf7-4c05-b078-d33289ad25a3	chr6	3375	9913	13288	1	1
OV3_Cisp0	d9b62e46-b1f7-4883-98ca-b33b5bc8ab1f	chr6	1174	8888	10062	1	1
OV3_Cisp0	dbd7513e-c575-426d-8ba7-2c79b856ac1f	chr6	3931	7065	10996	1	1
OV3_Cisp0	e0bbf786-dd22-4dda-9aa1-f8cf166e3fe5	chr6	5047	2545	7592	1	1
OV3_Cisp0	e84fca6b-3819-4712-aa6a-e761a6367198	chr6	5971	2272	8243	1	1
OV3_Cisp0	e93ecf64-65dc-45f8-abc1-f8128145e95d	chr6	3975	12331	16306	1	1
OV3_Cisp0	eabf1c87-68ae-4eae-9b60-0bd075f83fea	chr6	2960	6478	9438	1	1
OV3_Cisp0	ede527c2-7498-4852-b802-07433388320e	chr6	3731	5201	8932	1	1
OV3_Cisp0	eee4b442-1f0d-410e-ad86-c0c137acba8c	chr6	5913	1697	7610	1	1
OV3_Cisp0	ef1c7149-f8db-4676-af4f-36e8a2a04611	chr6	3176	5893	9069	1	1
OV3_Cisp0	f05d3420-3cf3-41f0-ac93-4fed96211f31	chr6	4852	10037	14889	1	1
OV3_Cisp0	f36136ea-c12a-4316-a674-cecea37e3ccc	chr6	5282	3250	8532	1	1
OV3_Cisp0	f5f4298f-5609-4fe4-a365-c7888ca219ae	chr6	2325	7574	9899	1	1
OV3_Cisp0	f93a21c4-6175-47b1-860b-676f377a358e	chr6	2708	18761	21469	1	1
OV3_Cisp0	fb4dc9f1-faad-4cc7-852f-51d6cf0a40d0	chr6	6550	6519	13069	1	1
OV3_Cisp0	fc13d9b8-f9a6-4515-a9fb-6cb8f5d4b1be	chr6	4991	1055	6046	1	1
OV3_Cisp0	fdbaac07-e8e2-400d-855d-078220da3e89	chr6	5406	1301	6707	1	1
OV3_Cisp0	ff21b395-7206-4cc6-85f7-666a3dcb655d	chr6	3314	16246	19560	1	1
OV3_Cisp0	00c645c4-3364-4589-8b89-a8fd5ffe4bc9	chr7	4044	19470	23514	1	1
OV3_Cisp0	014fb36d-8d90-4545-a765-137b60487136	chr7	3416	9052	12468	1	1
OV3_Cisp0	066a0be7-5fcf-48d6-ab2d-61049b054174	chr7	4773	2911	7684	1	1
OV3_Cisp0	06dba6b3-9004-4093-a692-5fcc080514b5	chr7	986	1107	2093	1	1
OV3_Cisp0	0abf8711-537e-4e70-9a77-ccd5f6a4466e	chr7	2897	3342	6239	1	1
OV3_Cisp0	0b6ac1ea-f42f-41dc-82ab-e52e7cc1f3c5	chr7	1045	2541	3586	1	1
OV3_Cisp0	0be22511-a071-4f33-b294-5fcfa7464193	chr7	3300	10142	13442	1	1
OV3_Cisp0	0f1b558a-a0a7-47e0-8e6e-7023f1655e79	chr7	1898	4715	6613	1	1
OV3_Cisp0	0f9a7f59-86e5-4dbc-bf3b-48e16d162c4a	chr7	3074	5239	8313	1	1
OV3_Cisp0	10f41a6b-ba43-48f2-8ab6-d0b885056798	chr7	1648	3075	4723	1	1
OV3_Cisp0	13a3c1b3-56ce-40b9-87d4-913ce54f4a12	chr7	2602	4538	7140	1	1
OV3_Cisp0	163d370a-320e-4120-8738-0d80903d1b06	chr7	4323	5478	9801	1	1
OV3_Cisp0	17976c77-99ba-4157-bd53-dc1e1f1a48a8	chr7	4558	4904	9462	1	1
OV3_Cisp0	1a69f5a0-cc55-4a05-acfe-ad4cd96a24cc	chr7	2963	1371	4334	1	1
OV3_Cisp0	1bae3693-73de-4438-af12-26bbadf1a0ab	chr7	2004	3833	5837	1	1
OV3_Cisp0	1d5885aa-2cce-49f8-919c-ee926ab53f3b	chr7	1432	4013	5445	1	1
OV3_Cisp0	1e64d14e-a504-417b-b1ca-a1b0f06da5a6	chr7	4502	5653	10155	1	1
OV3_Cisp0	2224c52a-ef9d-4f46-ba05-7350bab12a5f	chr7	10734	2850	13584	2	1
OV3_Cisp0	229b6673-6697-43b3-8e45-14ec7b08a2cc	chr7	8045	14541	22586	1	1
OV3_Cisp0	2b8a488f-01a1-4267-ae42-d6fe2f2ac376	chr7	4011	7495	11506	1	1
OV3_Cisp0	30810c4a-5aac-4c43-8405-0e14752a86f3	chr7	4629	1064	5693	1	1
OV3_Cisp0	35868066-e734-45f9-ba8e-a164f077bdf3	chr7	4912	7624	12536	1	1
OV3_Cisp0	3882dd51-a7c4-4d6c-8c7f-ef6331a0a68a	chr7	3049	3467	6516	1	1
OV3_Cisp0	38988372-2078-40bb-83f7-c8e9c418e702	chr7	4336	4610	8946	1	1
OV3_Cisp0	3e518182-4a86-40d9-b236-1a0906ad5a06	chr7	3763	3985	7748	1	1
OV3_Cisp0	43ae0014-2366-4d40-b525-9c2e7df02c53	chr7	6242	9048	15290	2	1
OV3_Cisp0	47484781-e0b0-4d72-8bbf-5d4db693abdf	chr7	3595	7867	11462	1	1
OV3_Cisp0	4a783407-a6e8-49c3-a570-3b82d5fcb516	chr7	3407	3009	6416	1	1
OV3_Cisp0	50ab17c5-bd02-4d34-86b1-98ae44927f6d	chr7	2595	23241	25836	1	1
OV3_Cisp0	53cc5196-b2bd-4ac5-bf22-59685529eaad	chr7	2289	4569	6858	1	1
OV3_Cisp0	5b163bba-3bd5-4596-ab92-56480268fef1	chr7	4272	4929	9201	1	1
OV3_Cisp0	5b289423-3a91-4ea3-a352-723b4a701dbb	chr7	5817	3595	9412	1	1
OV3_Cisp0	5b390053-d24d-4385-bc22-3b035d7eb5ae	chr7	1935	3117	5052	1	1
OV3_Cisp0	5b832f6c-536c-441d-873b-c6cd8e9da5e7	chr7	4445	1218	5663	1	1
OV3_Cisp0	5c719ed1-67a7-40c0-b53a-d2c79d1d1626	chr7	4804	6057	10861	1	1
OV3_Cisp0	6332605c-f038-4bd9-919f-4691c2f91314	chr7	4300	11514	15814	1	1
OV3_Cisp0	669339bb-5186-4d33-8778-a34ed492f94b	chr7	4540	1534	6074	1	1
OV3_Cisp0	6c6a654e-c1c3-4505-b1b9-28161971d404	chr7	2783	8489	11272	1	1
OV3_Cisp0	736e136a-1db3-4610-9c6b-7f7bb9a33cf2	chr7	3208	5039	8247	1	1
OV3_Cisp0	762a1866-5d06-4117-b336-aa110dfa4425	chr7	5111	11086	16197	1	1
OV3_Cisp0	7bbbc146-61b3-41f6-b051-1af08933eb74	chr7	4276	6417	10693	1	1
OV3_Cisp0	82d01c96-547e-48f3-92c9-005349d70edc	chr7	2179	6293	8472	1	1
OV3_Cisp0	8ba5f44f-d166-466f-86be-452d3f2bb61f	chr7	5101	3902	9003	1	1
OV3_Cisp0	8c7d0771-bb4e-432d-8fd4-a9dc1d46be2a	chr7	1550	1106	2656	1	1
OV3_Cisp0	91fd3f79-922b-4ac8-8d3a-3b5748c159bc	chr7	2534	5886	8420	1	1
OV3_Cisp0	94aa59f5-c1f7-4e7d-91cf-1f941bc87cc4	chr7	2745	12754	15499	1	1
OV3_Cisp0	97b6cb4d-8ab8-426a-b4e7-6a46d32c995b	chr7	8988	11381	20369	1	1
OV3_Cisp0	9b1c06ef-6da0-40df-843e-212ecda7e9a2	chr7	1114	3250	4364	1	1
OV3_Cisp0	9f271fa4-d842-4cc6-951a-bff13f2a74b8	chr7	1060	6349	7409	1	1
OV3_Cisp0	a5e8c481-43ed-4e4c-99bc-6a0bc704156a	chr7	2568	12656	15224	1	1
OV3_Cisp0	a96b3f03-279e-436b-9d60-1d0aee7af7d7	chr7	4560	2770	7330	1	1
OV3_Cisp0	aa3e022a-155b-4268-855b-8c2bb4d4e546	chr7	5706	8252	13958	1	1
OV3_Cisp0	ab9bf895-a2f2-4d2d-a0f3-2544346acd0c	chr7	5012	4463	9475	1	1
OV3_Cisp0	ac3d8f9e-1029-44c1-bb1b-1c0d83da6130	chr7	3286	4474	7760	1	1
OV3_Cisp0	afa02897-40af-48de-a7e4-ac37a3710006	chr7	2421	2661	5082	1	1
OV3_Cisp0	b2a2e4d0-b1a6-42dc-905f-dc06da903a5e	chr7	2694	12300	14994	1	1
OV3_Cisp0	b2ab54c6-d4ce-4448-b74b-7884eff6a344	chr7	3324	3017	6341	1	1
OV3_Cisp0	b3f373a6-2b5d-4530-a421-358b99fb3eee	chr7	4429	2137	6566	1	1
OV3_Cisp0	bdfc5fbd-a782-4d00-8d84-c05037434275	chr7	3738	12133	15871	1	1
OV3_Cisp0	c1d27905-fa59-4fa6-bffc-a05d905fde3b	chr7	4168	2909	7077	1	1
OV3_Cisp0	c42d08c7-03e7-4710-ae04-b644f4ed93f8	chr7	4793	11981	16774	1	1
OV3_Cisp0	c5c3da6a-73eb-4e3c-8812-2eb2b8d18558	chr7	1394	5628	7022	1	1
OV3_Cisp0	c8945057-bfd0-45cd-94d5-57807554276f	chr7	2912	9668	12580	1	1
OV3_Cisp0	d0999f65-8161-4b4d-ad84-7252c0c37975	chr7	3758	1153	4911	1	1
OV3_Cisp0	dc24b377-0407-4a57-865e-383d8394744e	chr7	7999	8188	16187	1	1
OV3_Cisp0	dd8ab725-e837-4143-9788-d0859b84d30d	chr7	1575	7825	9400	1	1
OV3_Cisp0	e0d2deb4-27e8-44ca-b61c-be0ff737b302	chr7	4996	3950	8946	1	1
OV3_Cisp0	e3cf787f-f4f5-4af9-ae4e-df098925c72e	chr7	3801	17637	21438	1	1
OV3_Cisp0	e6c61d10-8ae0-4545-b1d5-a372f1bdfa47	chr7	4971	1183	6154	1	1
OV3_Cisp0	e9380d2b-5fd0-44d3-b68a-dcd6ebb93b75	chr7	1478	11474	12952	1	1
OV3_Cisp0	f2b2d773-8543-4921-8a32-d754a7f09ad7	chr7	5555	9076	14631	1	1
OV3_Cisp0	f3ee778c-601c-4d74-b787-e8518e900c84	chr7	1195	14741	15936	1	1
OV3_Cisp0	f50dcd04-c80d-42cc-a3a0-a8af3187ec8b	chr7	2949	2542	5491	1	1
OV3_Cisp0	f93881e2-63c2-4960-9964-1ea9ec95db6c	chr7	1774	4651	6425	1	1
OV3_Cisp0	fc41b800-893d-43c8-b684-056a7107d1d6	chr7	1970	3761	5731	1	1
OV3_Cisp0	04d283cd-39b8-4245-bd75-eb90e2643433	chr8	2735	5440	8175	1	1
OV3_Cisp0	05c6b53e-6e2b-45e2-8cc9-f854ccd76d42	chr8	4448	1534	5982	1	1
OV3_Cisp0	062ecc72-7cfd-45dc-b477-1fc5b7403e14	chr8	5459	4738	10197	1	1
OV3_Cisp0	06436faa-d13a-4c68-bb12-d9db5ff13e01	chr8	1428	1141	2569	1	1
OV3_Cisp0	0687532e-c49b-4a29-b2a1-6ac6512a1744	chr8	4008	5874	9882	1	1
OV3_Cisp0	088bfb79-518d-4749-9946-bd5c12fbcefb	chr8	4810	5947	10757	1	1
OV3_Cisp0	098786c7-59b4-4c01-a521-3ec0c46bb0ff	chr8	1963	4251	6214	1	1
OV3_Cisp0	0ac7231d-b86c-4568-a8ec-f58fdfcc3113	chr8	3336	9674	13010	1	1
OV3_Cisp0	0e0750f9-76ae-4882-9a3c-d1aca5c62905	chr8	1537	1420	2957	1	1
OV3_Cisp0	0f9c74da-f042-498f-b36c-337277b3756c	chr8	3584	2074	5658	1	1
OV3_Cisp0	0fa7cbaa-d3d3-4a6f-b15a-771d143fee6d	chr8	2417	1941	4358	1	1
OV3_Cisp0	107686ff-9126-42f7-b098-b14cfdf0682f	chr8	1541	13467	15008	1	1
OV3_Cisp0	110a8936-0cfd-4749-939d-9b6f885d81e3	chr8	3331	3694	7025	1	1
OV3_Cisp0	13595be9-5cc7-46f4-9210-06b4e861c011	chr8	3281	14326	17607	1	1
OV3_Cisp0	14d91de4-b94b-428b-95ba-e63eef53be17	chr8	3714	4104	7818	1	1
OV3_Cisp0	17b8a9f3-3f8a-4a51-8381-ed03d64c2cae	chr8	5073	8653	13726	1	1
OV3_Cisp0	181f50b1-0822-4094-8b56-2c930991802e	chr8	3541	9757	13298	1	1
OV3_Cisp0	1aace483-dbb8-49c2-b9d8-420ceeda5b72	chr8	2748	4267	7015	1	1
OV3_Cisp0	1b948fdb-a3c1-4a25-bc44-7865c4701f06	chr8	1253	1580	2833	1	1
OV3_Cisp0	1c5b05bd-867f-4cef-a4ff-68fff0842646	chr8	3248	31758	35006	1	1
OV3_Cisp0	1cc167cd-9fb5-4c13-925f-d716c3b926fe	chr8	6479	3162	9641	1	1
OV3_Cisp0	1ceefd47-50ab-448b-93cf-f8a7d6c2a16a	chr8	1569	1054	2623	1	1
OV3_Cisp0	1d93bcca-a1cb-4f83-bed0-aebc29e4c51e	chr8	4504	5342	9846	1	1
OV3_Cisp0	2099cbca-2c0e-4efd-b3e8-b46fc6cda9aa	chr8	2451	11323	13774	1	1
OV3_Cisp0	2186651a-93df-48cf-a8ca-441cb535a29f	chr8	1659	1295	2954	1	1
OV3_Cisp0	22904d5f-f394-4fd6-9a57-38d6eb0ce836	chr8	4956	8919	13875	1	1
OV3_Cisp0	25ae4947-e49f-45d4-8782-9fb8698107c2	chr8	10748	5420	16168	1	1
OV3_Cisp0	27b2502d-a8dd-4d12-9330-3bf8f6a7a55b	chr8	10350	9211	19561	1	1
OV3_Cisp0	29470c49-1f44-468c-9890-acaa161ac0ab	chr8	2692	9263	11955	1	1
OV3_Cisp0	2b9ac0d2-ce56-43f6-b584-9ee4ec1c2a8e	chr8	2056	3369	5425	1	1
OV3_Cisp0	2c32dd76-6f87-487f-aab5-3f4b10bc61cf	chr8	1547	3632	5179	1	1
OV3_Cisp0	2cb20293-b2c9-430e-b53f-99a49deb659b	chr8	2638	7411	10049	1	1
OV3_Cisp0	2d7e45e1-0ba5-49c7-962d-f4e916566baf	chr8	3646	5309	8955	1	1
OV3_Cisp0	319f2381-6f90-4a83-a230-e390c3d8c0cc	chr8	1070	4818	5888	1	1
OV3_Cisp0	329da86d-b854-4cc7-80b6-611d3f92a19b	chr8	1553	3130	4683	1	1
OV3_Cisp0	36e5710d-cf6e-475a-be6d-cb7bfa25b19b	chr8	1840	3611	5451	1	1
OV3_Cisp0	3851ecb2-eb83-4e23-a1da-6c2db5acaa53	chr8	3178	1259	4437	1	1
OV3_Cisp0	396b60fe-04ef-4064-8789-0fcf38ffa1c9	chr8	1287	3391	4678	1	1
OV3_Cisp0	3d4e7709-3114-459c-8ced-7aceca1e4a78	chr8	1864	4706	6570	1	1
OV3_Cisp0	3df49533-9cd1-46ce-9cee-f80d09fdd926	chr8	4459	8105	12564	1	1
OV3_Cisp0	4290e21f-4f03-488b-ba32-22fb213c7a07	chr8	4885	4669	9554	1	1
OV3_Cisp0	474b70af-72ca-4e73-962d-0cf8b900a475	chr8	1950	6050	8000	1	1
OV3_Cisp0	4c82dbb4-195e-43e6-a261-58f193a3a74b	chr8	1826	7172	8998	1	1
OV3_Cisp0	4cc850b4-03bd-4ab7-8f9f-3e15ad36193e	chr8	2770	4021	6791	1	1
OV3_Cisp0	4ecb38cd-bc6a-43a4-8357-2fc1fd8a0663	chr8	3771	11798	15569	1	1
OV3_Cisp0	50a09511-25c2-42b2-94b2-d9b2a544f05b	chr8	3716	1205	4921	1	1
OV3_Cisp0	525b109d-f950-4e7d-8a8b-097fc0b3cf2c	chr8	2538	6668	9206	1	1
OV3_Cisp0	5808ca5b-fbbd-4b97-a058-37aa78178b7a	chr8	4080	8152	12232	1	1
OV3_Cisp0	589941ca-35a6-4933-96d0-52d5defae47f	chr8	6606	13342	19948	1	1
OV3_Cisp0	5afb3647-c882-493d-93cf-3e7874888bbd	chr8	9252	11188	20440	2	1
OV3_Cisp0	5ca1edc0-ee75-4adc-93a2-b88e8a40b0aa	chr8	4412	1669	6081	1	1
OV3_Cisp0	5cbfbdce-73be-4ac7-80ab-4c4c4408b404	chr8	4354	1216	5570	1	1
OV3_Cisp0	6414ba7a-9557-44b7-8b37-b904b6c6f806	chr8	2637	11083	13720	1	1
OV3_Cisp0	6711e124-06db-4f6d-819f-cc7fcbd57d86	chr8	1145	3228	4373	1	1
OV3_Cisp0	6ac24785-ccab-42ee-9145-80d9b60777a3	chr8	3307	2263	5570	1	1
OV3_Cisp0	6b775256-d070-4275-b1de-cfa938f3f120	chr8	5886	5307	11193	1	1
OV3_Cisp0	71f5a775-7385-4fd3-ae90-3a96b08d41aa	chr8	4008	8138	12146	1	1
OV3_Cisp0	743cd090-8519-4060-b384-f1318a389f5a	chr8	1393	6859	8252	1	1
OV3_Cisp0	76b9b384-5a13-4e6d-8888-785673064fbe	chr8	1567	5450	7017	1	1
OV3_Cisp0	7997ec8f-d6fe-4e2c-9f78-6f39fb01dfad	chr8	4501	4390	8891	1	1
OV3_Cisp0	7b69200d-722f-4e0b-9680-59ead7298f4a	chr8	6249	8760	15009	1	1
OV3_Cisp0	7bfd3c2a-64b9-430d-a09a-14aaf68d7a68	chr8	1644	7502	9146	1	1
OV3_Cisp0	7dbf4de3-d239-4f71-bb7e-8b0b595122b3	chr8	5739	3510	9249	1	1
OV3_Cisp0	7f1b1bfe-0afd-49da-bc6c-13c623c81d77	chr8	2470	18669	21139	1	1
OV3_Cisp0	81ea49f8-3d12-4375-84ac-87bf0229ce2c	chr8	3324	3456	6780	1	1
OV3_Cisp0	81ef290a-0f60-4cfd-bd92-effd472b1993	chr8	2903	3234	6137	1	1
OV3_Cisp0	847870cc-3422-46e8-a1ba-4663d5916fad	chr8	5434	3644	9078	1	1
OV3_Cisp0	85ed6796-2037-4dd1-8df9-4ed720377c84	chr8	4950	2002	6952	1	1
OV3_Cisp0	86032f02-5e6a-48bd-8044-bc2a5e3cc364	chr8	4731	5416	10147	1	1
OV3_Cisp0	8ae8145c-0287-4eda-8d2c-30f1e5f328ec	chr8	3414	3925	7339	1	1
OV3_Cisp0	8bd7d9a1-2c54-4bb5-bb0f-24ecdfce4a34	chr8	3596	3257	6853	1	1
OV3_Cisp0	8e64c998-e983-49d1-bcf2-e92709a53a10	chr8	3290	5567	8857	1	1
OV3_Cisp0	8e6b5ea3-1452-4305-8ae1-efd8bca2e31e	chr8	2827	23800	26627	1	1
OV3_Cisp0	8f01d672-8e5d-4545-a4f0-931dbc041d6f	chr8	2312	3176	5488	1	1
OV3_Cisp0	9335e6c2-fb81-4b3a-b37a-fd56f82445d4	chr8	2769	3177	5946	1	1
OV3_Cisp0	93f4c9ff-fbda-4a80-b416-736114ca6f58	chr8	3581	2770	6351	1	1
OV3_Cisp0	93f8ac9f-de96-4ccc-8d86-30914a609e88	chr8	3529	9252	12781	1	1
OV3_Cisp0	965b5db9-71c5-4560-966a-95de39cad94e	chr8	2280	9405	11685	1	1
OV3_Cisp0	9bc387dc-7b12-4f27-8a69-b6dd210f0c82	chr8	1373	4322	5695	1	1
OV3_Cisp0	9dcab4f9-56b7-4a4b-9c26-e708d68a0d87	chr8	2247	3292	5539	1	1
OV3_Cisp0	a403a77b-fffa-4638-b8d2-d939507e1340	chr8	3920	8318	12238	1	1
OV3_Cisp0	ad719b4a-313f-44bb-bc5f-1d9d00436883	chr8	4189	12871	17060	1	1
OV3_Cisp0	b6982672-a841-46e0-9c14-4947e6b44d5d	chr8	7177	17591	24768	1	1
OV3_Cisp0	b75c2820-c352-45ef-996c-485f7b43c427	chr8	9046	4840	13886	1	1
OV3_Cisp0	bb426387-1263-4dd6-bc25-d03aa805edb2	chr8	4476	4592	9068	1	1
OV3_Cisp0	bf98c988-8871-477f-836f-91403c7a6eb0	chr8	2475	1194	3669	1	1
OV3_Cisp0	c084253c-d05e-45b5-95b7-c5f8dff9ba1b	chr8	6414	22601	29015	1	1
OV3_Cisp0	c5de4e30-47a7-434b-bf3e-0335306527b2	chr8	4228	5001	9229	1	1
OV3_Cisp0	c9bda447-e00b-4ad5-9d03-eb5dcec1841a	chr8	3788	7935	11723	1	1
OV3_Cisp0	c9c76ae6-5da6-4293-b759-afd2bf53b39e	chr8	8963	14818	23781	1	1
OV3_Cisp0	cac82ab0-be10-4989-9256-7f58b66c7594	chr8	5346	1786	7132	1	1
OV3_Cisp0	cada5154-8b15-499c-9b9e-6d0d060158c5	chr8	1535	15947	17482	1	1
OV3_Cisp0	cdd95965-8f99-4377-9bbb-ff1877087bad	chr8	4433	2161	6594	1	1
OV3_Cisp0	cf8a7245-096d-4ec3-af5a-b8ba4b4481d6	chr8	3872	8985	12857	1	1
OV3_Cisp0	d0c477cc-c33b-446a-8cc8-37e8717801a3	chr8	5439	9067	14506	1	1
OV3_Cisp0	d490dd0e-c94b-4028-935f-3a54daa8beb7	chr8	4544	6185	10729	1	1
OV3_Cisp0	d7d21b75-b7be-48d5-aa68-bebb71e4123d	chr8	1276	10472	11748	1	1
OV3_Cisp0	dd1bcf16-962c-4849-bfac-1b4d1f17092d	chr8	8554	9493	18047	1	1
OV3_Cisp0	e34cee08-f461-450a-bff7-d3707ad774c6	chr8	3607	4877	8484	1	1
OV3_Cisp0	e3e9dacd-7da6-450c-885b-5c749f6b9a79	chr8	1192	3602	4794	1	1
OV3_Cisp0	e67b6385-3c2e-450c-a5f0-77fbfc0db8c3	chr8	1399	18795	20194	1	1
OV3_Cisp0	eea2d234-53d8-41c9-b281-afe7ce6a23d7	chr8	2520	9185	11705	1	1
OV3_Cisp0	efde483e-302c-405a-8ba6-89abf8089dce	chr8	4134	4756	8890	1	1
OV3_Cisp0	f1400318-9b5d-4b47-8696-874afee68b45	chr8	5782	10511	16293	1	1
OV3_Cisp0	f309e2ba-b312-4c10-833f-78cb3f88e240	chr8	1448	6475	7923	1	1
OV3_Cisp0	f7fdece4-4b5a-4936-abbd-7e03150f2d3d	chr8	3200	5723	8923	1	1
OV3_Cisp0	f843a4f2-2994-40ef-9a3d-8c306de8149d	chr8	2936	6528	9464	1	1
OV3_Cisp0	faa5ba5b-79a5-46aa-a3ff-6c7774bef1f6	chr8	3218	3380	6598	1	1
OV3_Cisp0	fc4bfc20-c0d6-4029-b72e-7b4888204b58	chr8	2669	10313	12982	1	1
OV3_Cisp0	fda1a8a9-98e4-4532-9902-2e2423783781	chr8	1423	7152	8575	1	1
OV3_Cisp0	027b7c9d-13dc-4709-b854-2142a7cd8f18	chr9	3523	3156	6679	1	1
OV3_Cisp0	07d83cb5-f984-456f-8343-5670ff249bfc	chr9	3108	3000	6108	1	1
OV3_Cisp0	08ebe0d0-455f-4ca9-b4e9-c5eb89194f2f	chr9	3813	13977	17790	1	1
OV3_Cisp0	1228bd3f-0605-48b2-97e7-436efc28d446	chr9	5490	5198	10688	1	1
OV3_Cisp0	122dd200-407a-4983-95a3-7846db86c94f	chr9	4597	4435	9032	1	1
OV3_Cisp0	1f5788c0-e79e-4b41-9b52-f7fa19f51ecb	chr9	4725	4176	8901	1	1
OV3_Cisp0	241df71b-2f4c-4218-b28f-c373d96798ae	chr9	4932	4071	9003	1	1
OV3_Cisp0	24698e04-70dc-4ed8-9516-e5ccaddc6dbb	chr9	3333	3962	7295	1	1
OV3_Cisp0	260eb3ba-b54c-4f00-8ff5-645b667612ff	chr9	6146	1143	7289	2	1
OV3_Cisp0	2cbbdd0c-9dbf-4e7b-bf09-27c28b7dd3c6	chr9	3874	1221	5095	1	1
OV3_Cisp0	2e2f3d59-846d-498c-a4d5-734700e52729	chr9	5319	3521	8840	1	1
OV3_Cisp0	2ed1f8bf-1f37-482e-b46d-c9dc28c2becd	chr9	3088	10109	13197	1	1
OV3_Cisp0	2ffae1ab-3913-483e-94d9-9983dfd757b1	chr9	4495	4496	8991	1	1
OV3_Cisp0	32258c7b-2e9d-4284-8d46-ebbd9d1a5857	chr9	3479	11410	14889	1	1
OV3_Cisp0	355d800a-52f5-4a78-add7-2d286419b6f3	chr9	4614	3788	8402	1	1
OV3_Cisp0	356fbb4a-dae3-467c-9231-9d687c09ffe1	chr9	2599	3810	6409	1	1
OV3_Cisp0	36b3c447-cfa4-4688-9f46-e6d377e5237a	chr9	1329	14021	15350	1	1
OV3_Cisp0	3e362b11-2526-4ca4-aef6-74dd87a82719	chr9	1663	6765	8428	1	1
OV3_Cisp0	45b17c5e-613a-43b9-90c2-1dd71415018c	chr9	1062	6296	7358	1	1
OV3_Cisp0	471f684e-7c4f-47de-951c-953ce34d82d8	chr9	2639	2558	5197	1	1
OV3_Cisp0	4a720799-26b2-47d9-9715-8fabddfc0230	chr9	2225	4444	6669	1	1
OV3_Cisp0	4ab7fa6a-856c-4c57-b1c8-fa7d784adc04	chr9	4090	2055	6145	1	1
OV3_Cisp0	4e851d1e-de31-4240-90ba-5052f839fe47	chr9	1447	4680	6127	1	1
OV3_Cisp0	52ea2da5-34ad-4728-a04b-465ccb64b5eb	chr9	1006	5686	6692	1	1
OV3_Cisp0	538a9a35-5806-453e-ac96-cbf216934f56	chr9	2325	4698	7023	1	1
OV3_Cisp0	538c734b-9da5-47c4-a9ff-748837fb0561	chr9	3230	4788	8018	1	1
OV3_Cisp0	54aee2e4-ad27-4860-adca-58fcce1569fd	chr9	4539	3274	7813	1	1
OV3_Cisp0	56d9bf15-9b89-4ef1-82fd-2509ebdb48f5	chr9	3299	1422	4721	1	1
OV3_Cisp0	586e20e6-3a7e-4c10-bda7-3eeb33677820	chr9	1691	5039	6730	1	1
OV3_Cisp0	58840fe1-2506-4ae0-a12a-27494d589229	chr9	4113	4425	8538	1	1
OV3_Cisp0	5a25006d-c0d9-4d24-9c48-43db4eefbbef	chr9	3791	5673	9464	1	1
OV3_Cisp0	668188da-9a7b-451d-b0d9-c8197bfb6be7	chr9	2328	10307	12635	1	1
OV3_Cisp0	668b378d-f1c4-419a-91eb-09c83da93bbc	chr9	4407	3183	7590	1	1
OV3_Cisp0	68a0cf72-7904-45a9-bfe6-80b5839ee6f2	chr9	5093	10319	15412	1	1
OV3_Cisp0	6c97a5ea-eee8-418d-8694-25d339b0272a	chr9	4318	12780	17098	1	1
OV3_Cisp0	6d3c0387-2fd4-4262-831e-84fd0b7ca7c3	chr9	3876	5438	9314	1	1
OV3_Cisp0	6f1a5872-c64d-4d8b-be7a-1b7014ebe235	chr9	3740	8566	12306	1	1
OV3_Cisp0	878ff67f-b42e-4124-932c-feb8b05d2a39	chr9	1787	8529	10316	1	1
OV3_Cisp0	883326a2-2a66-4109-bf78-748dfb3eb3fa	chr9	7208	9266	16474	1	1
OV3_Cisp0	899c2a9c-8ac9-40b4-aaa3-8fe8cbbd5183	chr9	2671	4246	6917	1	1
OV3_Cisp0	90201a8b-2dec-4666-8994-43a0a37e28c3	chr9	3437	10661	14098	1	1
OV3_Cisp0	9b355845-882d-4c6f-b71c-1d490925518a	chr9	6389	1015	7404	1	1
OV3_Cisp0	9be2bae9-fc78-4fb9-a9f2-36a1b7109337	chr9	2467	6165	8632	1	1
OV3_Cisp0	9f9ec0e1-eacd-43de-855d-1ecd602ca2de	chr9	1241	4152	5393	1	1
OV3_Cisp0	a1766f29-6abe-4f2a-a9b9-9a7f78688286	chr9	2615	3542	6157	1	1
OV3_Cisp0	a34d329d-0e57-465b-aaee-b7dbf475d1ca	chr9	3120	4109	7229	1	1
OV3_Cisp0	a498987d-485b-4fa9-aad1-3365c2ea746b	chr9	3458	4666	8124	1	1
OV3_Cisp0	a5a5b244-3b3a-47a8-a891-c98c7ff319f4	chr9	2676	8538	11214	1	1
OV3_Cisp0	a6671c38-bb07-4e92-92d9-ef0dae9e2241	chr9	3196	1921	5117	1	1
OV3_Cisp0	b0787d8f-dc95-49a4-80ab-bb845a50b3be	chr9	3774	3568	7342	1	1
OV3_Cisp0	b2c384d8-9492-4d37-8ac6-d376f34b19c8	chr9	1196	21223	22419	1	1
OV3_Cisp0	b3f4f43c-3db6-40b8-a308-41abd4f7d86d	chr9	4956	2188	7144	1	1
OV3_Cisp0	b6415fc4-014f-44db-8d1f-5d7457967faf	chr9	1498	4178	5676	1	1
OV3_Cisp0	bb1905e7-a6ef-4ddf-a900-8a51c4e5bb65	chr9	1107	1080	2187	1	1
OV3_Cisp0	bd0560c2-3d10-48ae-adb6-57c9dddccae9	chr9	1311	11099	12410	1	1
OV3_Cisp0	c1c21e2f-280b-43a5-b0b3-82eeca314694	chr9	8937	5388	14325	1	1
OV3_Cisp0	c5277aeb-f842-41e9-867b-e7acc616ae3b	chr9	6801	4659	11460	1	1
OV3_Cisp0	c8138a6e-3fd9-4ceb-986f-4973a6a91227	chr9	5357	4790	10147	1	1
OV3_Cisp0	cd5469f1-8102-4d3b-8454-96f71ff9d734	chr9	1544	5005	6549	1	1
OV3_Cisp0	d48d51f8-0def-45e2-949f-0cc93ce23ad3	chr9	4378	24578	28956	1	1
OV3_Cisp0	d6396804-e13f-4976-95ee-7ce89f12040a	chr9	2609	6180	8789	1	1
OV3_Cisp0	d64521c8-1520-4b06-a039-020fba7867ab	chr9	4792	11892	16684	1	1
OV3_Cisp0	db38818b-1c18-4f84-9f37-e258ecb91d2f	chr9	4283	3129	7412	1	1
OV3_Cisp0	de566b2f-a74f-402b-80e5-27999a4005fd	chr9	4700	1097	5797	1	1
OV3_Cisp0	dff1d708-817c-433a-be58-3259ca320a02	chr9	4180	15619	19799	1	1
OV3_Cisp0	e6504ec1-f345-4ad5-8592-cc3d8e3c2f65	chr9	4372	4189	8561	1	1
OV3_Cisp0	e7efdad0-8246-439e-9389-fdc92ddb409d	chr9	5763	12136	17899	1	1
OV3_Cisp0	edb6241e-bac3-4373-a70b-6faba7f4ee7d	chr9	2159	3225	5384	1	1
OV3_Cisp0	ef8e7c68-b33d-4fba-8061-ce4741452a2d	chr9	4171	12615	16786	1	1
OV3_Cisp0	efaa9fd1-ba00-43af-8b83-4051595a9978	chr9	3600	5831	9431	1	1
OV3_Cisp0	f04ed1ce-f98b-4bc6-9e58-c4720debf0a7	chr9	1178	25785	26963	1	1
OV3_Cisp0	f2608756-dac5-42e6-aeac-b9f1e757154e	chr9	1324	2471	3795	1	1
OV3_Cisp0	f5a23520-6f09-46e8-9e6f-1dcd8c94b16c	chr9	2240	11683	13923	1	1
OV3_Cisp0	f65b541e-43a9-4037-b24f-74ded831cc9a	chr9	1997	3845	5842	1	1
OV3_Cisp0	f709cbaa-c133-4852-8e3d-857d0ce6bb76	chr9	1130	7296	8426	1	1
OV3_Cisp0	fded0eb3-1974-438b-9e97-9995f9e476ea	chr9	1448	14429	15877	1	1
OV3_Cisp0	02e4a93f-99dc-4c3f-9233-b290b6234774	chr10	6281	5844	12125	1	1
OV3_Cisp0	06d0df35-9cd3-4d72-8b8d-a628efb2e75e	chr10	1058	2663	3721	1	1
OV3_Cisp0	07115114-770d-4369-9053-46ab72f8ce9e	chr10	1326	10253	11579	1	1
OV3_Cisp0	082d6fc0-1e34-4f9f-a71d-37818335eb38	chr10	8832	8775	17607	1	1
OV3_Cisp0	0e24f67c-792d-47e1-9aec-d4882ff6f486	chr10	2462	10361	12823	1	1
OV3_Cisp0	0f5ef79c-4e42-4836-abb4-d195bb38f1c6	chr10	5685	13877	19562	1	1
OV3_Cisp0	0fb6e554-53f2-44b3-8184-1b9e65e1bfb1	chr10	2437	6137	8574	1	1
OV3_Cisp0	136a452d-def1-4428-8519-71560de7b108	chr10	1521	4042	5563	1	1
OV3_Cisp0	162e74a2-5370-434d-973a-39b529fc2078	chr10	1023	2220	3243	1	1
OV3_Cisp0	19189686-06da-4937-9653-78179ae02abd	chr10	2747	3003	5750	2	2
OV3_Cisp0	191900e3-deca-40d4-82a5-d3bae16548fd	chr10	4834	19029	23863	1	1
OV3_Cisp0	1beb20ac-08ac-4504-ac11-4755969ec514	chr10	3564	17275	20839	1	1
OV3_Cisp0	1ca6c4a8-0f80-46b2-ac5c-628a45fafa97	chr10	3790	2008	5798	1	1
OV3_Cisp0	227c8fb9-902e-48cb-b03c-4537228f1e9a	chr10	2671	1338	4009	1	1
OV3_Cisp0	2414501d-a28a-4d87-a014-dddc462edbf5	chr10	1414	1215	2629	1	1
OV3_Cisp0	2761ac39-5580-4d9b-bdfa-a182597aca04	chr10	2436	12221	14657	1	1
OV3_Cisp0	2b4c25f7-341f-4415-b355-de055a91395b	chr10	1233	8349	9582	1	1
OV3_Cisp0	2b63f690-dfd2-4d59-9738-4ad2acf2d4f2	chr10	4127	6115	10242	1	1
OV3_Cisp0	2f3c2a6d-06f3-4219-bdcc-ad16ffbe1797	chr10	1414	4417	5831	1	1
OV3_Cisp0	3bb4c078-1f82-42ee-929c-fe446253b9fd	chr10	5600	1804	7404	1	1
OV3_Cisp0	3d6f3227-9dd7-4cc0-9cb6-61eb9d03e2b5	chr10	1203	2496	3699	1	1
OV3_Cisp0	3e4d5b92-f8de-4dcb-8982-26c086c9caac	chr10	4355	6345	10700	1	1
OV3_Cisp0	4309e102-d97d-4719-95f8-4e673c981a74	chr10	2860	5262	8122	1	1
OV3_Cisp0	441dd2cd-3706-4c38-b5bf-66dee735e3ed	chr10	2133	8142	10275	1	1
OV3_Cisp0	50600f59-4b97-4956-96f5-3d707f0939f3	chr10	1103	12402	13505	1	1
OV3_Cisp0	51d367af-3f2c-4657-a3e9-96c3c3f4f85d	chr10	8089	2429	10518	1	1
OV3_Cisp0	5219435e-65af-4440-a247-b64fb02391d0	chr10	4585	11461	16046	1	1
OV3_Cisp0	562432ff-354d-4c93-b87c-18f4b298bde2	chr10	3316	6488	9804	1	1
OV3_Cisp0	59b1cff0-2cf8-43a0-9644-bb4d972a1db7	chr10	2931	11117	14048	1	1
OV3_Cisp0	5a97fd3b-438c-4b6c-bfad-67a22000a381	chr10	4208	10710	14918	1	1
OV3_Cisp0	5b4a15d1-e77a-4a5d-b1dd-9207a950aa5c	chr10	3134	1505	4639	1	1
OV3_Cisp0	5c11814b-2c8f-4c71-99c9-a9458c4b0d5b	chr10	3239	8890	12129	1	1
OV3_Cisp0	5d781a47-a8b9-484c-bfdd-45127b89abe6	chr10	8909	5482	14391	2	1
OV3_Cisp0	5dfa78ca-c77b-41fc-94b4-a0a93cf0cbd5	chr10	3986	4710	8696	1	1
OV3_Cisp0	5ec3e6d6-f8b7-4e47-85d4-6723c7a5d71b	chr10	2215	2755	4970	1	1
OV3_Cisp0	738be5ef-0de8-45f5-9fcf-7b553ad95182	chr10	3431	5327	8758	1	1
OV3_Cisp0	74713568-44f6-46fc-94f4-20e754f27660	chr10	1569	2501	4070	1	1
OV3_Cisp0	77bbea17-f720-4f70-b349-53554d4cbe6f	chr10	4158	1454	5612	1	1
OV3_Cisp0	7b8d030e-d1c9-48a8-bf93-9d74d439ae2c	chr10	1707	15129	16836	1	1
OV3_Cisp0	7c290f19-d9da-4d36-923b-fae0624a958d	chr10	3877	8910	12787	1	1
OV3_Cisp0	7c59f016-ad3b-4390-a395-abc49dba04ac	chr10	4068	8013	12081	1	1
OV3_Cisp0	7cea3a90-2638-4ed6-b5e9-43937b74351e	chr10	1023	3141	4164	1	1
OV3_Cisp0	7d32a8fd-273a-44f2-8780-6a2310a7eeed	chr10	6636	2966	9602	1	1
OV3_Cisp0	806e2fef-70c1-43a2-908c-feb17b78608f	chr10	2181	11812	13993	1	1
OV3_Cisp0	81c02bd8-c795-4512-8f8c-c8a88d71762e	chr10	4841	3888	8729	1	1
OV3_Cisp0	81c11cce-09a6-4b61-b5ef-865710320400	chr10	4423	4226	8649	1	1
OV3_Cisp0	8274a84d-542b-4eb7-aa58-88139a704dd9	chr10	1408	4466	5874	1	2
OV3_Cisp0	85b43d07-6200-4430-aed2-83332956b231	chr10	4562	7155	11717	1	1
OV3_Cisp0	867f3bbf-0f49-453d-aba6-95d615e4610c	chr10	5123	1989	7112	1	1
OV3_Cisp0	8c91f9eb-1b66-42c7-a733-bbb992d7dd1a	chr10	2998	12463	15461	1	1
OV3_Cisp0	8e759479-7754-4c0c-ae42-e265a19e8716	chr10	5316	2538	7854	1	1
OV3_Cisp0	922ae72e-1c2d-48e3-82fd-11f6df553a8c	chr10	2797	1714	4511	1	1
OV3_Cisp0	947ed719-f2df-4063-bd5a-17ef76c79987	chr10	2881	9683	12564	1	1
OV3_Cisp0	9a12e930-cfb0-4868-bdf5-e21ea1cbbdb8	chr10	1464	26495	27959	1	1
OV3_Cisp0	9e646095-6e73-45c5-aaf2-a7e94e14633e	chr10	1025	1179	2204	1	1
OV3_Cisp0	a00bb248-8033-418f-91ab-b6ed1e8356fb	chr10	2267	10151	12418	1	1
OV3_Cisp0	a354f685-1685-4a8b-a707-23d0d723b21e	chr10	1150	2866	4016	1	1
OV3_Cisp0	a727cfe2-8c2c-4d3d-ae41-10c68287fecc	chr10	2227	14257	16484	1	1
OV3_Cisp0	ad971243-02ec-4388-9c70-34f306949184	chr10	1588	1081	2669	1	1
OV3_Cisp0	ae945a1f-518f-44aa-9195-a335914d4c9c	chr10	1090	12660	13750	1	1
OV3_Cisp0	af07dbf6-18d1-449c-a867-838fb53f315a	chr10	3567	4950	8517	1	1
OV3_Cisp0	b33073b3-1b2a-4eaa-90f4-432239ded3c3	chr10	4648	17894	22542	1	1
OV3_Cisp0	b3700b13-2bd0-40dd-9f2b-4fc9ad6916d5	chr10	6531	2585	9116	1	1
OV3_Cisp0	b46a5ae8-2aaf-4625-8d3b-9aeb44a459aa	chr10	4414	1824	6238	1	1
OV3_Cisp0	b5e3ed57-9af1-4a85-bd3e-f5aef7410991	chr10	2091	8173	10264	1	1
OV3_Cisp0	b86ddcb2-847d-4f83-9d20-dcae39362722	chr10	3198	3853	7051	1	1
OV3_Cisp0	b9ba7494-36eb-453b-843a-694a960f4cbe	chr10	2598	4039	6637	1	1
OV3_Cisp0	ba028bfa-1536-4081-962a-d56d8a833988	chr10	2834	3272	6106	1	1
OV3_Cisp0	c328e9d8-9ef2-4fa9-8dc9-f300a93c1c6c	chr10	4356	8305	12661	1	1
OV3_Cisp0	c6a5d300-6a22-422d-bef2-1e198551487d	chr10	5734	18428	24162	1	1
OV3_Cisp0	c6d932f5-a187-49b2-bb17-8c9c32d8af2e	chr10	4086	3545	7631	1	1
OV3_Cisp0	c82785bc-51dd-4f7a-bd39-3a6b4f1a1290	chr10	1557	5652	7209	1	1
OV3_Cisp0	c88457c6-fe47-4ac8-8f13-40335ff227a0	chr10	2227	3528	5755	1	1
OV3_Cisp0	ccaba64d-0575-4959-be70-cc359be07cfb	chr10	4414	2831	7245	1	1
OV3_Cisp0	cef824bc-a2bf-4f85-af89-91af82d0fd02	chr10	2934	1494	4428	1	1
OV3_Cisp0	d3dee7ef-6b5a-4415-abfc-f397bc0b90e1	chr10	6259	2295	8554	1	1
OV3_Cisp0	dab1bacb-7730-4ad4-a40b-9a596936e077	chr10	4518	10560	15078	1	1
OV3_Cisp0	de142b0f-1ccd-4fde-87c2-442d6e23ec3f	chr10	3125	4407	7532	1	1
OV3_Cisp0	de8d4888-16e9-4fa3-aea3-79bbb607258e	chr10	4752	2845	7597	1	1
OV3_Cisp0	e09e3ca4-4eeb-4161-965f-759e07b36915	chr10	3248	3239	6487	1	1
OV3_Cisp0	e0d3d35c-228c-4c96-ba1e-3252d8ffc859	chr10	2969	1143	4112	1	1
OV3_Cisp0	e2aa8003-ae85-4116-b767-ed723bb268e3	chr10	4633	11892	16525	1	1
OV3_Cisp0	e35cbb33-987c-4352-bace-383c35d9dc29	chr10	3393	8548	11941	1	1
OV3_Cisp0	e3ae8327-7450-4057-8f0f-11dd8fb4e83f	chr10	5857	1716	7573	1	1
OV3_Cisp0	e4da17f1-50f5-4954-be9b-f183843236df	chr10	2904	3168	6072	1	1
OV3_Cisp0	e9c9bb2e-3b5a-4bab-95ef-4b49c5fffcde	chr10	2706	6251	8957	1	1
OV3_Cisp0	ea236aa7-d994-40a3-9acb-b7093259ac48	chr10	3833	4152	7985	1	1
OV3_Cisp0	ec0e02ea-9344-4570-8f71-e71cdfbddda1	chr10	7430	9178	16608	1	1
OV3_Cisp0	efd6995d-b603-413e-89f9-056c45385901	chr10	1413	8566	9979	1	1
OV3_Cisp0	f0c69f26-edcf-4944-9c21-dd29cb1556a2	chr10	3979	1881	5860	1	1
OV3_Cisp0	fad1a19e-dfea-4df8-97d2-0dfe16569841	chr10	3221	2704	5925	1	1
OV3_Cisp0	fc658019-c582-4b2e-9148-219bdac50142	chr10	4405	12118	16523	1	1
OV3_Cisp0	fe998388-28a9-47df-afc7-eae85c4d9dcd	chr10	1558	1726	3284	1	1
OV3_Cisp0	01353b43-b96d-4cf9-9d0c-32e7d54dc70d	chr11	4383	2182	6565	1	1
OV3_Cisp0	026f7d1f-1a95-4994-b7a6-d179eeec8dd9	chr11	1675	13471	15146	1	1
OV3_Cisp0	031db404-6eb9-4264-9de8-bccf9756dfb8	chr11	4189	11127	15316	1	1
OV3_Cisp0	05d7403f-b8e6-49b3-aeda-560e58c64569	chr11	4407	4752	9159	1	1
OV3_Cisp0	08de6824-cd35-4515-9d7f-0676d05779a7	chr11	1970	10049	12019	1	1
OV3_Cisp0	0cfa8d1e-96ec-4ff6-a3ec-d43f03269fb0	chr11	4681	3539	8220	1	1
OV3_Cisp0	0d7b6028-22c3-4486-b308-38a6873a9559	chr11	4569	14339	18908	1	1
OV3_Cisp0	0dc672e3-baea-4a77-a5b3-316ea65442c7	chr11	2726	6607	9333	1	1
OV3_Cisp0	14b08f2f-3176-4e0b-ac0e-849c8147cd7c	chr11	2089	5686	7775	1	1
OV3_Cisp0	1d3ba937-b142-42f0-9647-a20a6653125f	chr11	1751	6298	8049	1	1
OV3_Cisp0	1f123562-708a-4621-b0a3-2a9a8d2fc9f6	chr11	1253	2975	4228	1	1
OV3_Cisp0	214b9a42-b7b4-4549-a424-ae0629d21077	chr11	4972	9522	14494	1	1
OV3_Cisp0	295dd688-a7e3-4937-98f0-0f7bfcb5dd61	chr11	5477	11010	16487	1	1
OV3_Cisp0	2e57c8dd-ffa7-405c-ab3c-15481bb49882	chr11	2530	6498	9028	1	1
OV3_Cisp0	32d2bea4-2371-49bd-8039-bee1202fe663	chr11	7851	3159	11010	1	1
OV3_Cisp0	361b83a6-d7ee-4deb-a9cf-6367789fc7d1	chr11	1561	2159	3720	1	1
OV3_Cisp0	38b0da15-7d99-4d78-8662-f64a2650fcea	chr11	2990	13658	16648	1	1
OV3_Cisp0	3ccdcb3e-09f8-4007-aec1-2760fa6c9e7f	chr11	1481	2769	4250	1	1
OV3_Cisp0	3e157cf8-1841-4a62-8790-6bd67eb2749d	chr11	2031	4974	7005	1	1
OV3_Cisp0	4004e3e7-5f4b-441b-a77f-16409f55edc1	chr11	3349	1246	4595	1	1
OV3_Cisp0	440f9ffb-eda5-4a09-8516-bdd4a6622a34	chr11	5730	17240	22970	1	1
OV3_Cisp0	456f53e1-7479-4423-9f9f-f4f81a7a42bc	chr11	2584	9652	12236	1	1
OV3_Cisp0	4589eba7-80dc-4012-8238-ea86ef31c59d	chr11	5811	7929	13740	1	1
OV3_Cisp0	461243e1-d20b-4d2b-bd65-ac78feb52721	chr11	2518	3337	5855	1	1
OV3_Cisp0	46717607-bf60-47d6-802f-c6518ca65568	chr11	3479	17416	20895	1	1
OV3_Cisp0	4b6d5cc6-a8e7-493b-98f5-f45ec814ae76	chr11	4980	14214	19194	1	1
OV3_Cisp0	4de527ba-1914-4d98-a97f-37def2a36ba8	chr11	3328	17852	21180	1	1
OV3_Cisp0	4e7b6824-f9a6-4df8-b726-4f52b5fd03ef	chr11	2121	7453	9574	1	1
OV3_Cisp0	5a103d05-5e80-4b46-8b48-871cd47c14b6	chr11	2447	8657	11104	1	1
OV3_Cisp0	5c189aa1-23af-4c80-892f-5a04de745422	chr11	3905	2846	6751	1	1
OV3_Cisp0	5cb7d400-6097-402d-ae4c-cc44d971996e	chr11	1310	3651	4961	1	1
OV3_Cisp0	5d27c256-6ddd-42bf-bd68-6dcf139ca38f	chr11	1062	4979	6041	1	1
OV3_Cisp0	5f2ed435-a96d-47ce-864e-75cae98f6c7d	chr11	4681	15026	19707	1	1
OV3_Cisp0	5fbf42d8-3cc9-448b-968c-e239bd133027	chr11	2846	1580	4426	1	1
OV3_Cisp0	627c6652-a66b-470f-884c-580ddec807ab	chr11	2474	8426	10900	1	1
OV3_Cisp0	629febe4-7bf6-4c8f-bb4e-64bc4326c017	chr11	1497	10257	11754	1	1
OV3_Cisp0	646713bd-a5ed-4066-9d05-f8052f2ef8be	chr11	4870	10049	14919	1	1
OV3_Cisp0	65597321-4123-46b1-a9f3-3cfe4fa8dc14	chr11	3900	11350	15250	1	1
OV3_Cisp0	665b3142-5ca0-420b-8f4b-5bbc4cdd5dae	chr11	2355	11638	13993	1	1
OV3_Cisp0	672c3482-aac2-493e-b661-2d0f80a0a47e	chr11	4580	7596	12176	1	1
OV3_Cisp0	6ad380f0-3658-44e6-82cc-a5e4cfb61e19	chr11	1620	5703	7323	1	1
OV3_Cisp0	6c125288-c2bc-4498-b0f0-4fd164918c31	chr11	9456	4695	14151	1	1
OV3_Cisp0	6ce64a5a-cee7-438a-8a18-25deeb645044	chr11	4428	6538	10966	1	1
OV3_Cisp0	6d4a8811-8d52-4b7e-aca9-8621b32acd6d	chr11	2851	19214	22065	1	1
OV3_Cisp0	6d9ee358-cabc-4782-904b-e65f190eebcc	chr11	3171	3664	6835	1	1
OV3_Cisp0	71407e25-0d55-4304-aa2d-52492ad9713e	chr11	7648	4019	11667	1	1
OV3_Cisp0	728b0307-3d00-4fde-aa4f-09f50b6886ad	chr11	3097	7043	10140	1	1
OV3_Cisp0	747feafb-bd51-4b62-8507-53c1efcaa055	chr11	2435	6092	8527	1	1
OV3_Cisp0	7a2e04e5-3bdc-4be0-aaf2-10f5cef5c963	chr11	2827	3567	6394	1	1
OV3_Cisp0	7a6e2d79-4929-47b4-94a6-89545182cf2e	chr11	2518	6960	9478	1	1
OV3_Cisp0	7cdbed96-e98f-435d-a682-13b5726c964d	chr11	3367	5930	9297	1	1
OV3_Cisp0	7d72f1aa-7061-43d4-b2ea-baa14d504c6c	chr11	4182	4526	8708	1	1
OV3_Cisp0	7d81483a-af25-4cdf-a1c9-58ddfaddac29	chr11	8005	9311	17316	1	1
OV3_Cisp0	82adfb59-8370-468f-9151-5e101348525a	chr11	4557	2108	6665	1	1
OV3_Cisp0	82dc3119-0b1c-46d3-b3b5-fb9b87256033	chr11	2959	9174	12133	1	1
OV3_Cisp0	84284666-3c2b-4e0e-911f-db9b0357e947	chr11	4875	2374	7249	1	1
OV3_Cisp0	8593f938-b131-4d0e-a1fd-34cc16e578cc	chr11	4440	5679	10119	1	1
OV3_Cisp0	864c538b-c2e2-4d6a-a697-efd1650cd02d	chr11	4927	4196	9123	1	1
OV3_Cisp0	86b17451-8ca1-43c5-99b9-c6332a6adebc	chr11	2188	5427	7615	1	1
OV3_Cisp0	88fabfce-00ae-47b4-a8a7-48cf1846e23e	chr11	2466	1049	3515	1	1
OV3_Cisp0	8a2ef248-788a-4162-9a5e-ca1c720dd366	chr11	2599	4740	7339	1	1
OV3_Cisp0	8aff4f02-dfed-400f-b5ec-fa0df476b258	chr11	1696	5319	7015	1	1
OV3_Cisp0	8dc3d4ad-3902-403e-b91d-391e510f2391	chr11	4989	3712	8701	1	1
OV3_Cisp0	90915c08-897d-47ee-8d98-556fac38dfd5	chr11	1616	2904	4520	1	1
OV3_Cisp0	92877d99-14ed-4316-86e2-5c4a08c6b768	chr11	2484	1346	3830	1	1
OV3_Cisp0	93262726-bed5-4b52-8412-2e9ddea70775	chr11	1231	9537	10768	1	1
OV3_Cisp0	9663e478-a0a7-4612-9580-6be730a61be6	chr11	7097	12405	19502	1	1
OV3_Cisp0	98dba59b-8f50-4c8a-a56b-6943abfcfece	chr11	2977	1640	4617	1	1
OV3_Cisp0	98ff3242-7353-4d61-b2a1-952c22f75ca9	chr11	2791	2292	5083	1	1
OV3_Cisp0	9b68636d-360e-411a-b383-efda3d7026d2	chr11	1136	1706	2842	1	1
OV3_Cisp0	a1110be6-7e6c-454b-8d60-2ac8260962b7	chr11	3315	1752	5067	1	1
OV3_Cisp0	a1e55f4b-1195-41c7-8cdd-fc93b22202b8	chr11	1043	7710	8753	1	1
OV3_Cisp0	a31be8af-6d51-4156-a210-911e7558ac95	chr11	2907	3608	6515	1	1
OV3_Cisp0	a31d1e73-37df-46f7-b52e-ea5fa4058788	chr11	3998	10952	14950	1	1
OV3_Cisp0	aa81bcc9-eb7c-4db2-81dd-0b9eb118ed63	chr11	10051	5425	15476	1	1
OV3_Cisp0	acd7febb-2a50-4d20-8c43-599d3830556c	chr11	3899	7069	10968	2	2
OV3_Cisp0	ae0cbaa7-1e67-4f0e-b01e-74516e726339	chr11	6397	16859	23256	1	1
OV3_Cisp0	aede9f9a-a882-4cab-8f0d-9c3315e1a61e	chr11	5276	2414	7690	1	1
OV3_Cisp0	b0d7d215-2fcd-456f-bbcf-02873882ab42	chr11	4091	2986	7077	1	1
OV3_Cisp0	b52f503b-dfc6-445b-9ec6-11d38115d932	chr11	11112	3511	14623	1	1
OV3_Cisp0	b61d3930-e591-4944-b12d-fad3702c875d	chr11	1504	11734	13238	1	1
OV3_Cisp0	b8d9b4e8-373a-466e-9c4c-02472f31afba	chr11	5245	3684	8929	1	1
OV3_Cisp0	bcdf32c8-c83d-460f-862e-f5b1f478e6fe	chr11	3003	4108	7111	1	1
OV3_Cisp0	be1ed905-1d38-44e8-8c10-beb509dc3e05	chr11	2639	8556	11195	1	1
OV3_Cisp0	bf9de89b-a88a-4b60-9996-26d6cc607cc0	chr11	4711	13052	17763	1	1
OV3_Cisp0	c15c4b92-ab0e-4754-ad6c-13e616836b2a	chr11	3231	1063	4294	1	1
OV3_Cisp0	c1d80d07-0db2-4d66-8c0d-1dcc0b0b9b2c	chr11	4028	5468	9496	1	1
OV3_Cisp0	c1f4246f-c315-4f26-a3b8-f4a59ef4aecb	chr11	4132	4885	9017	1	1
OV3_Cisp0	c9f5446f-39c8-4cd7-90e4-30512fc7ee21	chr11	5281	3891	9172	1	1
OV3_Cisp0	d0d15d90-44dc-4662-a484-70fda7139d8b	chr11	3421	4630	8051	1	1
OV3_Cisp0	d2c3e62b-3e96-418c-989e-e415ba01b290	chr11	2211	8361	10572	1	1
OV3_Cisp0	d3fbb60b-54b2-4e83-a645-55623a101297	chr11	4266	7461	11727	1	1
OV3_Cisp0	d443b9ee-b2c6-4de3-90cd-489b52461f33	chr11	4320	9345	13665	1	1
OV3_Cisp0	d4b0a202-3382-498c-b977-9126e3c0a389	chr11	4684	5021	9705	1	1
OV3_Cisp0	d660b228-b8fe-46ec-9714-4ad5a3d7ef16	chr11	3838	6789	10627	1	1
OV3_Cisp0	db8ca4fc-4b32-4c08-b2fd-8dcd6bf188e2	chr11	1806	11222	13028	1	1
OV3_Cisp0	dd33df3d-6333-494d-a06b-1602ab442bff	chr11	3492	12354	15846	1	1
OV3_Cisp0	de9b0378-8256-4c4a-9bfa-367f26f6ce87	chr11	4490	4572	9062	1	1
OV3_Cisp0	e0b36ce4-57fc-4a23-8085-d3ecc792a615	chr11	4955	6649	11604	1	1
OV3_Cisp0	e3f910fb-80f5-49b3-a561-8877a1475e76	chr11	5879	19106	24985	1	1
OV3_Cisp0	e679de94-c015-4371-a1d5-bc2ec6daf3c1	chr11	2722	2713	5435	1	1
OV3_Cisp0	e79b9ace-e458-46ad-b544-b0ad9433bfed	chr11	3836	6497	10333	1	1
OV3_Cisp0	e85a6dcb-b6da-495e-810a-b73196d4ab6e	chr11	5223	7906	13129	1	1
OV3_Cisp0	e9b1e328-4dc4-4bc3-b5f4-371ec11aefae	chr11	4779	1961	6740	1	1
OV3_Cisp0	eacafbca-6f65-46c7-bbcd-aa45d88f35e8	chr11	4866	10349	15215	1	1
OV3_Cisp0	ede43cd2-4bda-4162-9f9e-ab4802249baf	chr11	3062	19914	22976	1	1
OV3_Cisp0	f23d0457-b843-48c1-afb1-77e01229d42e	chr11	4965	9485	14450	1	1
OV3_Cisp0	f2e0bc82-d273-44db-8552-d49b3ce5c8d7	chr11	1776	2616	4392	1	1
OV3_Cisp0	f5d84eb8-18a8-437f-afdd-3df68dc64ea0	chr11	1209	1650	2859	1	1
OV3_Cisp0	f6996718-df63-480f-89f1-1f7eefbcd38e	chr11	3574	11257	14831	1	1
OV3_Cisp0	f7bbc335-d394-4b0e-8d71-e3ac27abd7e5	chr11	1037	8131	9168	1	1
OV3_Cisp0	f7ec5c33-cf6e-476e-9de7-653992265d48	chr11	4900	5352	10252	1	1
OV3_Cisp0	f86f09d1-67d5-4175-9771-cbb5ac1aff9a	chr11	4741	1122	5863	2	1
OV3_Cisp0	ff8e06f6-a91d-42e3-9208-0001b083771c	chr11	3508	14090	17598	1	1
OV3_Cisp0	00ef8a05-caf7-47cd-ad05-aa6965d8b74a	chr12	3206	1018	4224	1	1
OV3_Cisp0	04d2cfa9-e430-47ff-8928-d6a2e801cde7	chr12	3357	4855	8212	1	1
OV3_Cisp0	0a6c20c8-dcea-4afb-856d-1bdb8e6e605f	chr12	4670	14039	18709	1	1
OV3_Cisp0	0b71a0a8-a7eb-471f-8998-fe655bf35e9f	chr12	2212	3345	5557	1	1
OV3_Cisp0	0c817023-d6b6-4f65-9422-b177d6e86263	chr12	3694	10667	14361	1	1
OV3_Cisp0	0d7c1cc7-4386-4c8a-b2da-55ac882944a9	chr12	2078	4501	6579	1	1
OV3_Cisp0	1200c119-ef4c-47ca-93dc-ec4015e017d5	chr12	5084	9436	14520	1	1
OV3_Cisp0	14752c3d-e629-4a63-92d3-0c4c5915a46c	chr12	3509	1083	4592	1	1
OV3_Cisp0	2155d9aa-1220-4311-9f4d-dada1cf08d4c	chr12	3141	13525	16666	1	1
OV3_Cisp0	21c157c0-824e-4b55-9e71-6ecd210a839c	chr12	1803	6083	7886	1	1
OV3_Cisp0	279764b4-f136-4771-9661-ad9bb729cab6	chr12	2031	6536	8567	1	1
OV3_Cisp0	2fa4e82f-37ee-4563-9449-3b82597e608d	chr12	6587	14427	21014	1	1
OV3_Cisp0	30da1b4a-64a1-44d0-9ecc-a4ec0b7a7f89	chr12	2737	8199	10936	1	1
OV3_Cisp0	35213070-a511-4e07-935d-10fd5f64fcdb	chr12	4191	4370	8561	1	1
OV3_Cisp0	3bf691fa-8231-44b5-906d-81bd8ca9dc51	chr12	1311	1110	2421	1	1
OV3_Cisp0	3fa02f52-448c-4738-a036-14e123912776	chr12	1037	7256	8293	1	1
OV3_Cisp0	418b308b-c0a8-4381-8631-9ba921e022cf	chr12	4209	1740	5949	1	1
OV3_Cisp0	41a61904-d2b8-4213-81d2-0e02b3723b63	chr12	2350	5450	7800	1	1
OV3_Cisp0	41f6087a-1acb-467b-aa5c-2cc0019f3b53	chr12	3319	10872	14191	1	1
OV3_Cisp0	4474f94b-652b-494f-86ff-c3f649384ef0	chr12	4572	5111	9683	1	1
OV3_Cisp0	48420ad0-deec-4ac2-a333-592b09201c44	chr12	5766	12486	18252	1	1
OV3_Cisp0	4a4e442c-ebcb-433b-a3da-a880ebf2235c	chr12	3647	3840	7487	1	1
OV3_Cisp0	4aabdb70-05db-4eb9-b34c-11eeb9dd4faf	chr12	1594	4795	6389	1	1
OV3_Cisp0	532d42c2-0c3d-4646-8aa8-0fe6352e16d6	chr12	11535	9863	21398	1	1
OV3_Cisp0	539cf19a-e352-4233-9584-23c21297beba	chr12	3445	9336	12781	1	1
OV3_Cisp0	5868d7b4-418c-4f90-8c72-4ec295be079d	chr12	4642	2393	7035	1	1
OV3_Cisp0	5d91ca78-c795-4be9-a99d-6a2fcb25f949	chr12	1977	5716	7693	1	1
OV3_Cisp0	66d02fd4-99ac-4467-8ad5-645e0a2ce459	chr12	4135	4651	8786	1	1
OV3_Cisp0	692421ef-766f-4895-aca5-5d2c5dccf3a3	chr12	3667	4789	8456	1	1
OV3_Cisp0	79952208-ac87-4e6d-9bd4-41ae3ac809d6	chr12	3120	14585	17705	1	1
OV3_Cisp0	7fee2a50-ecd4-41ed-bf11-0ce9a69c1a8c	chr12	2983	10806	13789	1	1
OV3_Cisp0	81c3666c-7005-45a0-8519-a9e03a217fc1	chr12	3867	11990	15857	1	1
OV3_Cisp0	84635978-d3f4-4f7d-9d31-63db977c1ccf	chr12	2327	4659	6986	1	1
OV3_Cisp0	8ca5dc3f-0694-491b-bbad-e6d39f191d8a	chr12	1852	5817	7669	1	1
OV3_Cisp0	8ebd9dd5-d04c-4ccf-9cf7-b7d36ab9ef6a	chr12	1536	9003	10539	1	1
OV3_Cisp0	9087a078-bee5-495d-8256-9dd452751dca	chr12	3238	1989	5227	1	1
OV3_Cisp0	937d3553-4013-4e9b-8590-4e85b535e408	chr12	1412	5009	6421	1	1
OV3_Cisp0	956335ba-f809-4249-9f8e-f0fe5f190b4e	chr12	1312	8508	9820	1	1
OV3_Cisp0	99a20016-52a5-41b1-b0e0-06bc7910e882	chr12	3130	6386	9516	1	1
OV3_Cisp0	9f74ebca-780c-4b53-9e48-cd292fae8877	chr12	3507	12780	16287	1	1
OV3_Cisp0	a57b7203-c3ec-4373-9e20-cb55e796851a	chr12	1236	6328	7564	1	1
OV3_Cisp0	a72d876c-0ca3-417a-b84a-e9c422db91bd	chr12	1118	5254	6372	1	1
OV3_Cisp0	a7bb2809-44c1-46c2-b01c-06e0860489e0	chr12	3846	971	4817	1	1
OV3_Cisp0	ab00db32-06f1-42b3-a8f0-92a7ce6e9bd8	chr12	4641	4543	9184	1	1
OV3_Cisp0	acb39a30-8d90-4d1d-b1bf-05fd25b874b7	chr12	1627	11157	12784	1	1
OV3_Cisp0	af8526ea-8728-4d59-a180-aa45dcce7852	chr12	1561	13638	15199	1	1
OV3_Cisp0	afbde16c-535c-431a-ae35-2e562a4713b8	chr12	5662	4841	10503	1	1
OV3_Cisp0	b4cc66c6-19c6-420a-b48d-aafe6cde6718	chr12	3610	3128	6738	1	1
OV3_Cisp0	b6b21d4c-4bc5-4c3b-afc2-0ccafee05fe5	chr12	2703	2618	5321	1	1
OV3_Cisp0	b7628a6a-bddb-4b48-a5d1-4fada64f6fa9	chr12	7345	6346	13691	1	1
OV3_Cisp0	bb963319-b96d-4620-8bf5-61f44f35d80a	chr12	4957	7436	12393	1	1
OV3_Cisp0	bcd3a9b3-d5a8-4007-b880-7b64bee94df0	chr12	6088	6929	13017	1	1
OV3_Cisp0	be14cbc0-4cc4-485b-81e7-d00560cb3bcd	chr12	3890	1438	5328	1	1
OV3_Cisp0	be19e960-33ef-4231-ad8f-d7c5368dcc8c	chr12	2135	9575	11710	1	1
OV3_Cisp0	c4b0f0ae-cbf9-47ce-b89d-bf79b1ac1a4f	chr12	7785	22965	30750	1	1
OV3_Cisp0	cd817558-6de3-4630-9206-d1842066594b	chr12	3025	6288	9313	1	1
OV3_Cisp0	cd85ec0c-be8c-4449-b0f2-32ee706ca982	chr12	7467	6062	13529	1	1
OV3_Cisp0	ced36e8b-04d3-4ac1-8c1a-53c17e4e907a	chr12	1416	9938	11354	1	1
OV3_Cisp0	cfb7db25-ae87-46c4-ae9e-c65df37e0e42	chr12	1372	1593	2965	1	1
OV3_Cisp0	d39292ce-6ba7-43e4-801f-cf44c7d35a8f	chr12	6586	3468	10054	1	1
OV3_Cisp0	d605014c-6f65-4d86-987d-e01a7987a5e7	chr12	4522	9115	13637	1	1
OV3_Cisp0	d8c25a67-cca1-4ac0-86b3-464aa0186bb5	chr12	2959	3281	6240	1	1
OV3_Cisp0	daa33214-2c62-4c30-b759-7612ca60dd36	chr12	3152	6725	9877	1	1
OV3_Cisp0	dd4825f7-bdcf-454c-b91b-df6de0078d17	chr12	1889	1275	3164	1	1
OV3_Cisp0	de19f1c4-c093-478b-800c-c436aa291bbf	chr12	2523	10393	12916	1	1
OV3_Cisp0	e1334584-c349-48db-b2e4-15a08c7f3568	chr12	7523	1082	8605	1	1
OV3_Cisp0	e25599b0-d77a-420f-bc26-3bcb476a1163	chr12	1372	5918	7290	1	1
OV3_Cisp0	e39d1559-a287-45d7-8cda-ed8c6e69341e	chr12	4311	1757	6068	1	1
OV3_Cisp0	e496d88b-84ff-4a7d-aa9f-868fa51ef124	chr12	4423	2994	7417	1	1
OV3_Cisp0	e49f5538-7c00-4e2e-a849-c930376c8b4a	chr12	3336	13229	16565	1	1
OV3_Cisp0	e4f1a0d5-ffca-4041-a97e-ab92412eb198	chr12	2268	4488	6756	1	1
OV3_Cisp0	e528865a-ac14-4be7-b203-5bfc004758e4	chr12	6863	1272	8135	1	1
OV3_Cisp0	e6a6e243-d3ee-4b61-a676-a7e7d069d29c	chr12	6678	1319	7997	1	1
OV3_Cisp0	eb37b899-ee1d-4df1-9999-736aba013991	chr12	3652	5494	9146	1	1
OV3_Cisp0	f6e5d1d0-62a1-4f84-95b1-78673790264f	chr12	2925	12104	15029	1	1
OV3_Cisp0	fa173c12-1ab7-460d-a11b-64d204082dcf	chr12	2001	3827	5828	1	1
OV3_Cisp0	fc794f88-0184-4663-91d2-2db96c640084	chr12	2105	3935	6040	1	1
OV3_Cisp0	fded140b-d0b8-4f81-acac-c8d37af262df	chr12	5339	3859	9198	1	1
OV3_Cisp0	0040a517-78a4-43c2-bd65-0573bf7a5975	chr13	1012	3816	4828	1	1
OV3_Cisp0	034ed652-bd47-40ab-ad31-e9b54f210285	chr13	4666	8930	13596	1	1
OV3_Cisp0	095c2bfe-5990-40ab-8ab0-7bac520347f4	chr13	1812	4998	6810	1	1
OV3_Cisp0	0f1fc64f-0e80-4b85-abd6-f8a8812be152	chr13	3363	9943	13306	1	1
OV3_Cisp0	1128546e-f052-4d93-bed0-14c12e97fe95	chr13	1784	16181	17965	1	1
OV3_Cisp0	27061595-ca0d-4408-bcb4-864cc1f5196e	chr13	1618	1774	3392	1	1
OV3_Cisp0	29937f27-5bf9-4885-bd0d-24e5802eecf6	chr13	2630	12857	15487	1	1
OV3_Cisp0	2d7aea83-c57d-47e3-baf5-4c130879f05c	chr13	2722	12886	15608	1	1
OV3_Cisp0	30019334-5aeb-4594-9159-be0a5d164f32	chr13	3295	1971	5266	1	1
OV3_Cisp0	36337a9f-7a5d-44ad-8ac8-37f9e5d9da7f	chr13	6815	23719	30534	2	2
OV3_Cisp0	408e6946-917c-4093-8f81-310555d42edc	chr13	5088	3752	8840	1	1
OV3_Cisp0	41a4a330-a874-414d-8ea3-8f0905721d39	chr13	1794	3809	5603	1	1
OV3_Cisp0	45787cea-8ba0-4691-9911-2e08a17cf635	chr13	2284	5719	8003	1	1
OV3_Cisp0	4866d665-c068-48dc-9079-89b148d59348	chr13	1238	4848	6086	1	1
OV3_Cisp0	4cd4ea83-7b51-41d6-8718-c9a1881e76bd	chr13	1581	4366	5947	1	1
OV3_Cisp0	53e28d0a-becf-4274-bb2b-bb7adbf883c3	chr13	2618	9637	12255	1	1
OV3_Cisp0	5989d6e2-f7c3-4d59-8d90-2930cc42baac	chr13	1404	8125	9529	1	1
OV3_Cisp0	667fdeae-e849-4d16-8917-4ead3096b6b5	chr13	3850	6675	10525	1	1
OV3_Cisp0	7515a5d8-d54e-4006-909d-af7cfff2c01f	chr13	4549	3915	8464	1	1
OV3_Cisp0	83cb3b8b-cc6a-4051-857d-ce5e0ee5e1de	chr13	2751	10617	13368	1	1
OV3_Cisp0	8f08cc41-ffa0-4756-93dc-29262f70f436	chr13	4298	1160	5458	1	1
OV3_Cisp0	8ff83b9d-9a91-43cb-baf0-cde45b1c9a3c	chr13	1703	11281	12984	1	1
OV3_Cisp0	a03d900a-bccb-457d-b8a7-c89d677c171e	chr13	1595	9548	11143	1	1
OV3_Cisp0	a28dd205-c992-4b9f-9abc-265055084619	chr13	1394	3037	4431	1	1
OV3_Cisp0	a2adb713-c0c5-4d50-8aa4-b3d11ad88033	chr13	13512	2310	15822	1	1
OV3_Cisp0	a33fb397-ee3b-4efc-ae8c-1da7c812b8d4	chr13	5339	7045	12384	1	1
OV3_Cisp0	a509294f-3005-43b4-a9ba-3a2ba401ad6b	chr13	10019	7480	17499	1	2
OV3_Cisp0	a618093c-6bf3-4dd7-9997-4f727c19538e	chr13	2535	2297	4832	1	1
OV3_Cisp0	a7af6046-f44c-4cdb-8f26-37fc761ca29c	chr13	2714	3557	6271	1	1
OV3_Cisp0	aec0a228-10e1-4e23-a44a-57282e1a9848	chr13	4764	9575	14339	1	1
OV3_Cisp0	bdde1148-2787-41ec-984b-dd9c2940f24a	chr13	4130	3862	7992	1	1
OV3_Cisp0	e08d3c8e-6a07-4d8b-99f8-b757a103571f	chr13	3848	3560	7408	1	1
OV3_Cisp0	e22cb007-8d40-4a3d-bef6-24dd4661de4d	chr13	3922	3940	7862	1	1
OV3_Cisp0	f21e4ce8-6ada-4aba-b1c0-4265e19eb939	chr13	3324	1266	4590	1	1
OV3_Cisp0	fc1fde21-4d19-42d3-b657-9f5b8af6fd69	chr13	3632	5661	9293	1	1
OV3_Cisp0	01dad3da-0bc3-4cf3-a183-66bb859f3b28	chr14	2202	3220	5422	1	1
OV3_Cisp0	04ef84f8-ed93-4e22-893e-8982ea5b377d	chr14	4621	10289	14910	1	1
OV3_Cisp0	0a860248-0061-46cb-aea9-e4d8675c3965	chr14	3676	9381	13057	1	1
OV3_Cisp0	147f1941-2aa1-48ce-a83a-1de7f0e1f65a	chr14	1439	4350	5789	1	1
OV3_Cisp0	1e4e8582-504a-431c-8157-dd73ddb4966c	chr14	2771	4385	7156	1	1
OV3_Cisp0	24d3bb60-d973-43ac-8358-a77e126117af	chr14	3889	3432	7321	1	1
OV3_Cisp0	2bf6b65b-78eb-46da-8c53-1282a4dcf4b5	chr14	8641	5702	14343	1	1
OV3_Cisp0	3157d393-5bfc-40a8-af1f-c739c4205469	chr14	4300	6626	10926	1	1
OV3_Cisp0	316b50fb-d44b-4132-9bee-cf9b1778aeb0	chr14	1240	6190	7430	1	1
OV3_Cisp0	3296986b-78af-4c56-96fe-7219bce5459a	chr14	2615	2630	5245	1	1
OV3_Cisp0	32b02fb9-80fc-45b0-af24-8dddf244d091	chr14	3412	8539	11951	1	1
OV3_Cisp0	39448804-892c-446f-9d10-7a94bd690876	chr14	4987	4831	9818	1	1
OV3_Cisp0	3d05c9f1-4653-4000-8f5a-40eb73381e9d	chr14	7516	4520	12036	1	1
OV3_Cisp0	403c0c22-6f8c-4fd2-b03f-46c8216104a6	chr14	1329	9288	10617	1	1
OV3_Cisp0	40448ea0-6e69-4023-a733-9b5abd3e7db4	chr14	2668	11328	13996	1	1
OV3_Cisp0	46887ef3-0be4-4e7a-b010-b7be39341443	chr14	1252	3939	5191	1	1
OV3_Cisp0	4d38cbdd-b3bb-467f-ac9c-b31f3628ff57	chr14	1292	2767	4059	1	1
OV3_Cisp0	50b05f85-f04a-4665-8f62-3428a75ebe1e	chr14	1104	5302	6406	1	1
OV3_Cisp0	5248f2d0-a5a7-46f3-a5bc-6926221433a1	chr14	1249	1667	2916	1	1
OV3_Cisp0	527d31b3-e17b-44fe-b245-6a6cbbd2977d	chr14	3290	8993	12283	1	1
OV3_Cisp0	55d6003e-5951-4f0b-be65-46529b8725e5	chr14	1206	16040	17246	1	1
OV3_Cisp0	5694754c-bafb-42bb-90da-afadb67c39cf	chr14	5867	12446	18313	1	1
OV3_Cisp0	5b94aaad-88fa-4f46-99a8-0e40ade10efd	chr14	3718	23462	27180	1	1
OV3_Cisp0	5c3e1f65-8577-4beb-820e-80e05a900bc6	chr14	3207	12329	15536	1	1
OV3_Cisp0	6c3ecb1c-146d-4d33-b75b-d939f4b7b1b9	chr14	3696	2286	5982	1	1
OV3_Cisp0	6f4788e9-7520-46c9-b7fb-d7a11aaf7578	chr14	4273	10884	15157	1	1
OV3_Cisp0	75f7d6f2-1a8f-45fd-905b-b3e1a7f371fa	chr14	3842	9801	13643	1	1
OV3_Cisp0	794e5fe3-d872-4ce0-82e6-6f407342e47f	chr14	3510	1520	5030	1	1
OV3_Cisp0	7b71ec61-100a-4228-ad9b-9993d46dc47c	chr14	3049	15705	18754	1	1
OV3_Cisp0	7c5851e0-b7f9-4f59-b931-2ef5823f0db9	chr14	3273	7905	11178	1	1
OV3_Cisp0	7c92ddba-4c0f-4e52-b369-06b06462e9ac	chr14	2107	12404	14511	1	1
OV3_Cisp0	7cddc99e-5acf-4e0d-a157-1ef616fdff37	chr14	1505	7706	9211	1	1
OV3_Cisp0	8395ceff-caca-43c8-b497-d26853146299	chr14	4402	6615	11017	1	1
OV3_Cisp0	8736373d-cb31-4eea-a73b-1a59ef04cedb	chr14	6013	4540	10553	1	1
OV3_Cisp0	8e1731ed-1351-4185-aba6-1121643e1d0e	chr14	1215	17809	19024	1	1
OV3_Cisp0	8e8301c0-0c92-43f4-8617-cbe69a25d26f	chr14	1222	5779	7001	1	1
OV3_Cisp0	90a306b6-f9a4-4aba-898f-9131d5ac6182	chr14	4534	8168	12702	1	1
OV3_Cisp0	9207fec9-dfe9-4907-8ee7-e60b7937665f	chr14	1113	14027	15140	1	2
OV3_Cisp0	953fd4c0-dae3-4b3b-92d9-280d23ac5cb9	chr14	1634	3689	5323	1	1
OV3_Cisp0	9aa4650a-5ad3-44de-80e9-975f248202e2	chr14	1908	4700	6608	1	1
OV3_Cisp0	9b745a0f-8d6e-42d0-8758-305d61b2a361	chr14	2339	6063	8402	1	1
OV3_Cisp0	a258862c-a955-4ce7-b486-450aba2648a8	chr14	3050	5199	8249	1	1
OV3_Cisp0	aff3e270-9875-48d6-bcbf-1f9b1ddc9923	chr14	3262	1009	4271	1	1
OV3_Cisp0	b5e9d030-271f-4cb0-a4f6-d1d4c6cefbcb	chr14	2893	3341	6234	1	1
OV3_Cisp0	ba019fd8-9fa2-44ed-8afd-24dbd597ec0e	chr14	2997	6921	9918	1	1
OV3_Cisp0	ba84bec7-88f7-40ef-82f5-4a681346861c	chr14	6854	5108	11962	1	1
OV3_Cisp0	bae09d13-6118-46ce-b97e-e6cddf98be7b	chr14	2586	6505	9091	1	1
OV3_Cisp0	c3b975ee-f614-4642-ab20-5b64212f4186	chr14	1344	4633	5977	1	1
OV3_Cisp0	cc07b5f9-742f-4d68-8384-f926fdcfcc34	chr14	2240	9804	12044	1	1
OV3_Cisp0	cc803de5-28cc-4c72-9c55-9955a4bca94d	chr14	2429	7650	10079	1	1
OV3_Cisp0	cee12dde-0482-4af3-bc28-05016b2a7310	chr14	4425	7287	11712	1	1
OV3_Cisp0	cf8796ff-6906-46e9-9dc7-dedd383c9e88	chr14	2189	15938	18127	1	1
OV3_Cisp0	d4c17054-7e71-4a40-a8f4-4ab5179a62f9	chr14	2899	3202	6101	1	1
OV3_Cisp0	d66bbf02-cc0c-47a1-9289-67b42e7abbe7	chr14	4607	9356	13963	1	1
OV3_Cisp0	d777402c-5a70-4c0f-9a01-c761cff820eb	chr14	3441	17464	20905	1	1
OV3_Cisp0	d7b8e37c-3e98-4868-b88a-b72ee8a98f5a	chr14	2857	4019	6876	1	1
OV3_Cisp0	dbadd6ff-ca9e-46cb-bdf5-ce345f6dac7f	chr14	3727	17455	21182	1	1
OV3_Cisp0	df9b0b66-25d4-4489-9077-61dde1d048e2	chr14	4303	10267	14570	1	1
OV3_Cisp0	e0d49064-35fa-4a6d-b786-609c6be2ef5e	chr14	3903	1721	5624	1	1
OV3_Cisp0	e9047ed7-0adb-463d-8f9e-270f9ca0d642	chr14	6080	4878	10958	1	1
OV3_Cisp0	ee16b98c-3576-43b4-ada5-b84ecd38ece3	chr14	4619	3352	7971	1	1
OV3_Cisp0	f2c940e7-181b-4f39-895c-9bc8f69972d9	chr14	2569	11197	13766	1	1
OV3_Cisp0	f50d6232-43d1-4f30-8926-1ef84be0545d	chr14	3283	9954	13237	1	1
OV3_Cisp0	f5cc989c-e46b-4d2c-80da-041d3877f1ae	chr14	2361	3559	5920	1	1
OV3_Cisp0	fa44fc52-f2ad-4f54-9554-b7d201289d62	chr14	7036	4964	12000	1	1
OV3_Cisp0	ffb24e15-1505-4962-86a0-aefbdc2e6521	chr14	4536	1343	5879	1	1
OV3_Cisp0	0393ebee-100f-4c14-99d2-26f1ee0099e9	chr15	2504	9278	11782	1	1
OV3_Cisp0	0a2d4541-0469-424a-9979-47b79204efbf	chr15	3674	6987	10661	1	1
OV3_Cisp0	218bd24a-5b30-460f-a568-8e230e012059	chr15	6961	9787	16748	1	1
OV3_Cisp0	2235b36c-e98c-4bd7-8d87-7cb3e8cdeff8	chr15	2430	6189	8619	1	1
OV3_Cisp0	33bc6246-34a4-4ce0-9e43-5d723d4edf4d	chr15	4980	6801	11781	1	1
OV3_Cisp0	343816ea-1a2b-4e73-9888-ff3f6597899e	chr15	4517	7753	12270	1	1
OV3_Cisp0	3ac904f8-b2d5-42e9-b543-a4d5fd075dac	chr15	3327	8512	11839	1	1
OV3_Cisp0	3eee5f76-9671-4da8-91da-778c7494b5d1	chr15	2193	3516	5709	1	1
OV3_Cisp0	3f542a0c-714c-4316-bd0d-a435abcbefe5	chr15	14967	5866	20833	1	1
OV3_Cisp0	44a34afd-5d5e-4ba9-a8ee-fe662cd46285	chr15	3767	1780	5547	1	1
OV3_Cisp0	46769651-6252-408d-ba5e-bce241d7bff2	chr15	1546	3471	5017	1	1
OV3_Cisp0	55fc813b-354d-42c5-9a76-5fec80ce50fb	chr15	4986	17288	22274	1	1
OV3_Cisp0	64acf2b6-4159-49b5-ae61-5105329b3a38	chr15	3605	5055	8660	1	1
OV3_Cisp0	686ed4e1-3f59-4fc0-899e-5d8fe604165f	chr15	2665	2009	4674	1	1
OV3_Cisp0	69c01563-c359-418a-8f85-608b2e935f8d	chr15	4449	1474	5923	1	1
OV3_Cisp0	6a68d3f3-a740-4e56-b806-c6ef0362a51f	chr15	1126	1326	2452	1	1
OV3_Cisp0	6b995a3d-79b0-4c29-a1c2-8493fc26090a	chr15	3640	1459	5099	1	1
OV3_Cisp0	6f6c13ff-cbce-4961-a261-88e214e5318a	chr15	2298	4516	6814	1	1
OV3_Cisp0	75586ed6-9427-46d8-aa3a-6d492549d479	chr15	2869	2190	5059	1	1
OV3_Cisp0	79f12b25-5baa-4d7f-9e60-0e22d3c92f69	chr15	4760	1640	6400	1	1
OV3_Cisp0	7bf2fb23-b831-4791-8c52-147f2cd172a1	chr15	2687	6212	8899	1	1
OV3_Cisp0	7d4f9df9-8659-4fe1-9059-184269d17c69	chr15	1783	2429	4212	1	1
OV3_Cisp0	7f6bc54d-af0a-4781-a223-3e12b4e23d6c	chr15	1962	10088	12050	1	1
OV3_Cisp0	871e4c72-00dc-4a78-b804-32c6348dfcd6	chr15	4782	13668	18450	1	1
OV3_Cisp0	8c4c257b-b0e3-44b3-9d8c-883c8bff1df9	chr15	4297	4364	8661	1	1
OV3_Cisp0	90467020-b626-4bc8-9fbf-4ad4fe92bacd	chr15	3127	6664	9791	1	1
OV3_Cisp0	92c501e8-756f-48bd-ae5e-2f96920aaffc	chr15	5973	5455	11428	1	1
OV3_Cisp0	9b10d931-5145-4459-8f33-2f7e206ad6c4	chr15	2900	2163	5063	1	1
OV3_Cisp0	9cfd6de8-2bc2-4f8e-a531-aa5b20530a7f	chr15	4843	4814	9657	1	1
OV3_Cisp0	a0d2d56d-c37c-4ef1-ac40-6a6f0dbd2331	chr15	1611	14240	15851	1	1
OV3_Cisp0	a14d7420-2ee8-4275-999c-04aa2393bc01	chr15	3933	3059	6992	1	1
OV3_Cisp0	a2be335d-0ca6-4217-bb07-a1e7e20834fe	chr15	4223	2002	6225	1	1
OV3_Cisp0	a5e3f6f8-a1f5-49b8-9636-92c8d9bc12a3	chr15	2789	10404	13193	1	1
OV3_Cisp0	bb43428c-ce27-4cc7-8219-46fcd0358b04	chr15	1811	4855	6666	1	1
OV3_Cisp0	bf3f1d54-cd55-4cc9-83dd-d57a813ad5fc	chr15	4181	2621	6802	1	1
OV3_Cisp0	c047e9a3-9ddb-4e2e-92bf-260f3eaff8aa	chr15	6644	6602	13246	1	1
OV3_Cisp0	c1859fed-e6ce-4ce8-a307-e14c25aae563	chr15	1363	1100	2463	1	1
OV3_Cisp0	c32fdecc-5f0c-4d0b-929c-dc1d20578ff7	chr15	3014	9724	12738	1	1
OV3_Cisp0	d2528918-cde7-4dfd-9547-68517bef467d	chr15	4387	22482	26869	1	1
OV3_Cisp0	d2a68b09-4f95-49e4-8eb9-ce673c461624	chr15	3912	4542	8454	1	1
OV3_Cisp0	d5f2060f-82e6-4510-a0ab-5e648d727be6	chr15	2012	2725	4737	1	1
OV3_Cisp0	d65867bc-98b6-43c4-a6a9-ad97c2d05d42	chr15	2059	3941	6000	1	1
OV3_Cisp0	ddbb2cb8-160c-499f-b6f2-90ec723323a7	chr15	1905	7867	9772	1	1
OV3_Cisp0	e70bacbf-09b4-48f8-a3ad-6af5814ec3f8	chr15	8054	9678	17732	1	1
OV3_Cisp0	e8082b47-5206-4240-b947-e4a0807a3ee2	chr15	4407	2815	7222	1	1
OV3_Cisp0	eb15b511-6f75-47d8-a85e-16dafa2b54f5	chr15	4043	7551	11594	1	1
OV3_Cisp0	f6e1f632-8839-469d-94c8-378ba6be8b73	chr15	4291	3028	7319	1	1
OV3_Cisp0	f7cc9c21-36e8-4edd-b07f-4be3711e9796	chr15	1125	4163	5288	1	1
OV3_Cisp0	fc52a999-7627-4668-8b83-1d6acef0b05e	chr15	1291	2247	3538	1	1
OV3_Cisp0	062a16b4-7772-4185-866d-0dc5eefcbc09	chr16	4892	2790	7682	1	1
OV3_Cisp0	0f645e5e-881b-428a-8824-4df6657f4cfa	chr16	1618	7955	9573	1	1
OV3_Cisp0	182b7ded-a362-41db-8656-4e2238cb17bf	chr16	5494	3613	9107	2	1
OV3_Cisp0	2399ac09-862d-4fdd-a0f4-5ee2877abb42	chr16	2410	2108	4518	1	1
OV3_Cisp0	27f0b307-6eaf-4e91-b24c-e61df0f55168	chr16	2229	14547	16776	1	1
OV3_Cisp0	2942b75f-39a9-4a61-936e-847ec02d5a71	chr16	4530	1819	6349	1	1
OV3_Cisp0	32a6477e-706d-489f-8bf2-24a5d6409c63	chr16	5920	1213	7133	1	1
OV3_Cisp0	40194005-bba6-4239-93e1-f183d4fcf5c3	chr16	2549	9308	11857	1	1
OV3_Cisp0	472bff60-0ffd-4e41-9128-74ba10acbc4e	chr16	2148	4272	6420	1	1
OV3_Cisp0	48369233-38da-46d4-9634-3687594ba2a5	chr16	2699	4979	7678	1	1
OV3_Cisp0	49b460ff-9932-48ee-8f61-5d7880335d4a	chr16	1520	6807	8327	1	1
OV3_Cisp0	5ab22a7f-6b52-47cc-876e-fbd9e1c31e6b	chr16	1990	3373	5363	1	1
OV3_Cisp0	635b345b-777e-43b9-8813-d18dffd8af37	chr16	5112	1419	6531	1	1
OV3_Cisp0	68ab7d78-3bc6-42f2-bd33-dcbaa7a15236	chr16	18465	2902	21367	2	1
OV3_Cisp0	6b8dbc7f-a574-4ea9-85eb-c10e34e2de5f	chr16	1195	6282	7477	1	1
OV3_Cisp0	72d6ef41-1afc-4e54-87a8-f4f56faaeef9	chr16	1356	5957	7313	1	1
OV3_Cisp0	73b12d0a-f4f6-4cdb-a68e-0a1ca22f4caf	chr16	2442	2722	5164	1	1
OV3_Cisp0	7969fd8b-3c0f-4095-8b80-ba90e1cba15d	chr16	5806	5493	11299	1	1
OV3_Cisp0	799b9807-073f-4c98-bef2-86bb5da42b25	chr16	1350	6426	7776	1	1
OV3_Cisp0	7ccc1987-e813-4b3a-b6fa-31b9ec4c741a	chr16	2445	1602	4047	1	1
OV3_Cisp0	843a31aa-3b81-4f2e-913d-4608c7962385	chr16	1982	4907	6889	1	1
OV3_Cisp0	84ccb5db-6bd5-425b-97a6-dec33effc6b8	chr16	3615	1072	4687	1	1
OV3_Cisp0	86881a21-9895-4151-8f5c-5c74601d319e	chr16	9365	9957	19322	3	2
OV3_Cisp0	87718d73-a8f7-4780-98d7-03422fbbf502	chr16	1929	2584	4513	1	1
OV3_Cisp0	87a88ad3-4413-47b3-991f-955dd09ecfcb	chr16	3359	5585	8944	1	1
OV3_Cisp0	8c6a0487-54a5-4d9e-a0b2-3d2469c19007	chr16	2361	4836	7197	1	1
OV3_Cisp0	8d9e464d-5b43-42ff-b3d9-9fc2fb6a603e	chr16	4152	9066	13218	1	1
OV3_Cisp0	9792b703-e36c-4cfb-b50c-e53249a61cd8	chr16	4323	4125	8448	1	1
OV3_Cisp0	99405a2e-a3b6-4151-98b0-00e3d086ca33	chr16	4726	4542	9268	1	1
OV3_Cisp0	a1d7df9f-7e86-441c-aa52-1ba74b1bb432	chr16	3050	4225	7275	1	1
OV3_Cisp0	a316a39e-f6b4-4ad2-bc18-f1bba6c9936a	chr16	5286	8398	13684	1	1
OV3_Cisp0	a34c5dca-69c0-421a-ac29-525ea98883d6	chr16	3312	5606	8918	1	1
OV3_Cisp0	a443b7da-8669-43d3-9e82-22feb281696c	chr16	4548	3201	7749	2	1
OV3_Cisp0	a4606906-291d-4980-9884-270317115981	chr16	1445	8488	9933	1	1
OV3_Cisp0	b555a797-c93e-469d-855a-7b5832c7e68d	chr16	1066	1372	2438	1	1
OV3_Cisp0	ba96f4e9-1c05-4c44-9d80-28cd2655229b	chr16	1343	2037	3380	1	1
OV3_Cisp0	c168c8ff-07c5-409c-91d1-ee01d2ac0a6f	chr16	2276	2692	4968	1	1
OV3_Cisp0	c477c6df-54ba-4996-bb32-4c01217afb45	chr16	4786	1112	5898	1	1
OV3_Cisp0	d521e6b4-6197-49e0-91cf-cd2aacebeee3	chr16	1111	5009	6120	1	1
OV3_Cisp0	db6b5e03-7ade-46b2-9c13-9d2002c67320	chr16	3425	1533	4958	1	1
OV3_Cisp0	dfe24ced-ccd0-4bd5-877c-a2c5f6fc6fdf	chr16	1477	1544	3021	1	1
OV3_Cisp0	e1988e77-bb55-4b8a-b5aa-1aeca8849704	chr16	3115	7539	10654	1	1
OV3_Cisp0	e872246e-13b6-4655-8067-2998300ba6af	chr16	1208	9325	10533	1	1
OV3_Cisp0	ebc573b0-dc8e-4008-b380-58d57ecfa453	chr16	6432	2517	8949	1	1
OV3_Cisp0	f0527c92-3f18-4465-9d90-8058f8607d6d	chr16	2901	3085	5986	1	1
OV3_Cisp0	f21599d7-b990-4f5f-8477-07e8e43d4fc6	chr16	1617	2248	3865	1	1
OV3_Cisp0	f6f32522-122b-40f5-baaa-cc220f15a15a	chr16	14927	4003	18930	2	1
OV3_Cisp0	0cdf8cff-9745-4b39-94ea-b01aff5a548c	chr17	1523	6748	8271	1	1
OV3_Cisp0	0d1d721c-4f0d-4409-8e95-8e46308b7b0b	chr17	3832	4912	8744	1	1
OV3_Cisp0	10b0b2e9-8b01-4eab-b026-e89be7df5246	chr17	3290	2487	5777	1	1
OV3_Cisp0	11bbc6de-6b28-4da0-a850-5574e4460690	chr17	5905	2904	8809	1	1
OV3_Cisp0	17b4e9e2-1fb4-47af-88cd-4caa878e3c27	chr17	4578	12781	17359	1	1
OV3_Cisp0	1c518e17-017e-4eaa-829f-919725b2ac96	chr17	3942	2682	6624	1	1
OV3_Cisp0	1d807964-b0a3-4e68-bbd1-b79adafb729a	chr17	2557	1310	3867	1	1
OV3_Cisp0	1d9cb9fc-ad30-43cf-9f58-6d6d55d48161	chr17	3041	6081	9122	1	1
OV3_Cisp0	20c405d3-194e-4fad-a9ee-6809718ebbbe	chr17	6583	9403	15986	1	1
OV3_Cisp0	23159eac-68f1-4a76-a3b9-4e89b663e9a0	chr17	4095	3974	8069	1	1
OV3_Cisp0	310cde77-4701-4644-bb36-73382cce6fea	chr17	3434	1478	4912	1	1
OV3_Cisp0	3b84b6df-9af0-4a4a-af5a-a7682b9b41a1	chr17	8280	10101	18381	1	1
OV3_Cisp0	3ceb32e2-005e-4d30-bd32-9c564c7b7d88	chr17	1602	6781	8383	1	1
OV3_Cisp0	41603cba-4910-4273-81bc-503e3cc51eb6	chr17	4744	1913	6657	1	1
OV3_Cisp0	486f122a-1d64-41cb-b875-4bca96bd8b4a	chr17	4886	11134	16020	1	1
OV3_Cisp0	4aa773ea-45b4-4a8e-8ed9-caf8ed71f1e7	chr17	4299	11518	15817	1	1
OV3_Cisp0	52672af6-1447-4b5d-84f7-af01b8d820c0	chr17	4185	1767	5952	1	1
OV3_Cisp0	5a42890a-3264-4002-b196-22f17b416e2f	chr17	8805	3160	11965	1	1
OV3_Cisp0	6cebf239-8e68-42f6-9204-3d81bc6dbcec	chr17	3176	3380	6556	1	1
OV3_Cisp0	6fea7f85-7ff3-477c-bf16-cbd60c644682	chr17	2846	13510	16356	1	1
OV3_Cisp0	7290f17e-8c72-47ee-963b-fee49791f11e	chr17	4994	3125	8119	1	1
OV3_Cisp0	7babe737-0b85-4874-a1a0-77110d09b897	chr17	6729	12671	19400	1	1
OV3_Cisp0	7eb67405-3ad8-421c-b27e-edc4c6291544	chr17	2702	8363	11065	1	1
OV3_Cisp0	7f802f91-b422-4af4-93bb-f0ac0769a7e4	chr17	4368	1205	5573	1	1
OV3_Cisp0	84a2a0d9-c288-4798-9a9d-3a5ceebc0895	chr17	3151	3036	6187	1	1
OV3_Cisp0	865fd66a-641d-432a-96d8-680021198601	chr17	1326	4426	5752	1	1
OV3_Cisp0	873a0288-3e4f-46de-af42-52890ce12b00	chr17	1192	1179	2371	1	1
OV3_Cisp0	90af8615-7e85-4de2-83b8-626e849d4fba	chr17	4481	2058	6539	1	1
OV3_Cisp0	919c4886-bdd4-4536-bc88-afbec88f7737	chr17	3183	8520	11703	1	1
OV3_Cisp0	93d32179-4581-4307-8828-3597c7e7f6b5	chr17	3306	7556	10862	1	1
OV3_Cisp0	96498b91-05e5-4a49-aa50-7002151425cb	chr17	3078	5380	8458	1	1
OV3_Cisp0	96e05baf-3e10-46c7-a829-2c9d15704f9d	chr17	4399	1481	5880	1	1
OV3_Cisp0	9af0c543-ea82-4ebb-ada7-8e4ca8d7e53e	chr17	3174	5635	8809	1	1
OV3_Cisp0	9cae0f6f-c404-4a28-9d3c-52a511826074	chr17	3451	8519	11970	1	1
OV3_Cisp0	9fc376d9-0369-49d7-80d2-c955e3ec7f6e	chr17	1977	7004	8981	1	1
OV3_Cisp0	9fdbe857-4bbf-43cc-ace6-84025f6b0119	chr17	5244	5045	10289	1	1
OV3_Cisp0	9ff6dac5-ae6f-4ece-837e-f2b32fd84b37	chr17	2218	2532	4750	1	1
OV3_Cisp0	a0e6ba23-ee7c-46de-b442-5b1a22f7afc7	chr17	2877	14497	17374	1	1
OV3_Cisp0	a47df024-9e3c-476a-936c-0188c662c75d	chr17	1063	3989	5052	1	1
OV3_Cisp0	a5d56fd7-fe37-47cf-9241-e6f284181646	chr17	4547	20832	25379	1	1
OV3_Cisp0	a80297de-a00a-4320-a559-bdd4ff00a8d9	chr17	6071	25577	31648	1	1
OV3_Cisp0	b0468ab3-0edf-41a4-96e2-7d7ffcf169ac	chr17	8337	10625	18962	1	1
OV3_Cisp0	b475038e-ccf6-46ee-a040-d70809debe2e	chr17	2607	3945	6552	1	1
OV3_Cisp0	bab7c07b-f730-4178-a10a-69d954f5ef7b	chr17	5553	3564	9117	1	1
OV3_Cisp0	bc424543-9c09-43f1-a071-3047bfa98c8a	chr17	2586	8210	10796	1	1
OV3_Cisp0	bee8ff0a-d075-495e-8781-4351e69cd0f4	chr17	4563	8272	12835	1	1
OV3_Cisp0	c0154d42-ef75-456a-99b4-bdc955cacc9f	chr17	3755	8608	12363	1	1
OV3_Cisp0	c4d22021-61e7-445a-a3d3-c8e74acc2b7d	chr17	4365	9681	14046	1	1
OV3_Cisp0	c8f1c022-4f5e-49af-be1f-ea7a7d4d5b83	chr17	4715	8171	12886	1	1
OV3_Cisp0	cbb63800-539f-4b13-9d75-94c66d805685	chr17	3621	1069	4690	1	1
OV3_Cisp0	cc025b07-ccfa-43c4-9a6a-9fe8ef43b5dc	chr17	3601	3162	6763	1	1
OV3_Cisp0	cda970c5-b274-4e19-a21d-78111065a795	chr17	2866	5092	7958	1	1
OV3_Cisp0	d0b51c66-ad47-471b-9193-76fcd8a63b87	chr17	1074	1988	3062	1	1
OV3_Cisp0	d1b9891a-1fb7-4a0c-9c2d-15ff55c8e163	chr17	2000	4151	6151	1	1
OV3_Cisp0	db6174c2-35aa-4941-bdcb-59e153814b1d	chr17	2147	4218	6365	1	1
OV3_Cisp0	db882100-6972-4ac7-9f84-8cc52aca4a84	chr17	1710	3773	5483	1	1
OV3_Cisp0	dc248204-7f23-4d03-90de-d31fff0d96ce	chr17	1195	6199	7394	1	1
OV3_Cisp0	e0702770-cdf4-4b4e-8510-7b76bb381f92	chr17	2452	4501	6953	1	1
OV3_Cisp0	e3a281dd-bfa6-4486-b85b-8e85154301a1	chr17	2595	5466	8061	1	1
OV3_Cisp0	e506ee45-c90c-427b-affe-b461528e31d9	chr17	3517	4574	8091	1	1
OV3_Cisp0	ebf2ee2e-0854-4054-844f-0aa3a58afd50	chr17	2873	1202	4075	1	1
OV3_Cisp0	f97d0c68-3aac-4e02-b8f1-0f096ab38113	chr17	3007	5446	8453	1	1
OV3_Cisp0	fbb43ab0-9589-4858-8edd-ced989347f39	chr17	2438	6030	8468	1	1
OV3_Cisp0	fbf48ddd-b48e-49ef-a7b0-b0ae91080d32	chr17	1142	9502	10644	1	1
OV3_Cisp0	fe49ed89-4049-4647-b84c-42c5698689a6	chr17	2370	2770	5140	1	1
OV3_Cisp0	035583ec-4012-4274-9496-9886b5d30f5c	chr18	1891	5560	7451	1	1
OV3_Cisp0	062cb400-a777-437a-964c-536640c5bbe9	chr18	4917	1380	6297	1	1
OV3_Cisp0	06b0ca85-4ac6-4e06-bf0f-86f8649e2e7d	chr18	1686	4801	6487	1	1
OV3_Cisp0	17df9a4a-4337-45b7-97b1-84f2a18b5497	chr18	5369	7794	13163	1	1
OV3_Cisp0	1b7fc804-50c0-402b-898c-b59a1d11fdda	chr18	2810	3597	6407	1	1
OV3_Cisp0	224e763a-5b54-4509-9e74-6763936616c5	chr18	1920	23068	24988	1	1
OV3_Cisp0	25501543-296c-461b-972c-c5b7aa4c67dc	chr18	3165	10607	13772	1	1
OV3_Cisp0	32c6d104-30ad-443e-8295-787f84032b18	chr18	6538	4656	11194	1	1
OV3_Cisp0	3af79032-423e-44f4-9609-253e7b41c88f	chr18	3780	3682	7462	1	1
OV3_Cisp0	445a33f6-a287-4b9b-b31a-4de0373c6241	chr18	5990	6139	12129	1	1
OV3_Cisp0	47c3dd83-02ee-4072-902c-bb4e0e7324b8	chr18	1904	15140	17044	1	2
OV3_Cisp0	4c3f4f3b-2aa1-4f89-a118-a0797322795e	chr18	1946	9230	11176	1	1
OV3_Cisp0	5c85361d-0d71-488d-8ed7-06325fec7093	chr18	4583	7477	12060	1	1
OV3_Cisp0	6790463b-9060-4d79-891d-6de27c6dccf5	chr18	4980	5024	10004	1	1
OV3_Cisp0	6f54fb68-9508-4639-bba5-b580c2894c61	chr18	7647	3885	11532	1	1
OV3_Cisp0	73266eb6-1b5f-4d7a-9eb5-c832e24ddf06	chr18	3093	6152	9245	1	1
OV3_Cisp0	79cdebdc-1346-45ca-87f4-fcdeaff9f138	chr18	1110	3595	4705	1	1
OV3_Cisp0	8102ee31-92d5-4d6a-924a-a567c6b19cb7	chr18	6625	6651	13276	1	1
OV3_Cisp0	8b6aac55-01d7-4547-8e8a-ab572c0684fe	chr18	4937	6986	11923	1	1
OV3_Cisp0	93580cf8-e317-4313-bbef-c11fff5d56d8	chr18	1338	11906	13244	1	1
OV3_Cisp0	a11d98eb-395c-464a-b918-4ee67e4728fb	chr18	5669	13818	19487	1	1
OV3_Cisp0	a8e10b00-e5ed-4840-af6b-fb66faf3f5c4	chr18	6509	10300	16809	1	1
OV3_Cisp0	ae5b4135-4e9f-4f7a-9489-9b2af6471651	chr18	3638	3666	7304	1	1
OV3_Cisp0	b10997b7-680e-42d3-90b6-20e5038c6383	chr18	4408	3069	7477	1	1
OV3_Cisp0	c43921a8-4309-4410-9135-0f2152aa26a1	chr18	4089	11571	15660	1	1
OV3_Cisp0	c6ffbffd-5a89-4665-8da5-b8a2dc8bf54b	chr18	5310	11787	17097	1	1
OV3_Cisp0	ce6ec11f-1ed7-4e36-9946-b71474f12856	chr18	6274	27510	33784	1	1
OV3_Cisp0	d4434e70-280e-427d-add0-2f7310adefaf	chr18	4115	3147	7262	1	1
OV3_Cisp0	e15a3a53-fe09-4624-b3f9-5f15bf544df7	chr18	4292	7059	11351	1	1
OV3_Cisp0	e3105060-c2fc-4354-be9c-0bbbce25e307	chr18	4156	10685	14841	1	1
OV3_Cisp0	e35bea68-a9f7-490c-9f1c-b43f56441ecb	chr18	1295	4578	5873	1	1
OV3_Cisp0	eab6bf14-bedb-4e8b-978f-464df1ca9d62	chr18	2658	1947	4605	1	1
OV3_Cisp0	ece84d4d-48e1-4c29-b70b-43210d91be82	chr18	1825	7521	9346	1	1
OV3_Cisp0	1c957b0e-90bc-48a5-a8b1-80e725bf0d75	chr19	1196	4109	5305	1	1
OV3_Cisp0	2f6a1315-a26c-45f9-8614-e7a9638338a8	chr19	4101	2735	6836	1	1
OV3_Cisp0	36a3eb02-4f06-423e-a37c-0a407bd1c04e	chr19	3611	9920	13531	1	1
OV3_Cisp0	3c56dadc-1be4-4dc1-a7d7-a0136f9bafdd	chr19	2664	4271	6935	1	1
OV3_Cisp0	4910947a-8083-4700-b591-ca874ce2a313	chr19	2465	7805	10270	2	1
OV3_Cisp0	516a28a9-421a-4cd1-8933-c63a5fa14fbb	chr19	9191	4808	13999	1	1
OV3_Cisp0	53b936be-e23b-48c0-9dee-9e1773959fc0	chr19	2599	1428	4027	1	1
OV3_Cisp0	567154a3-a49e-4bd4-8d04-70d6feb2649a	chr19	1187	1598	2785	1	1
OV3_Cisp0	5a8cb2e6-ae30-4c79-b548-edcf51c2b7fb	chr19	1882	14432	16314	1	1
OV3_Cisp0	64518b1f-463c-4133-a6c1-67f22964c95a	chr19	6831	8343	15174	1	1
OV3_Cisp0	654ac276-6338-4d2a-bb1e-4b68cebae155	chr19	2126	3170	5296	1	1
OV3_Cisp0	68e0311a-2af7-4231-827d-adbe039445bb	chr19	3355	13515	16870	1	1
OV3_Cisp0	6a281ca7-3229-4d5f-b4d9-3332ca8771bf	chr19	3197	8864	12061	1	1
OV3_Cisp0	73787eb7-4c5d-4f9a-a986-1e0d2b334745	chr19	1314	2255	3569	1	1
OV3_Cisp0	760cf544-4eef-4969-921f-ff02c1d3be5e	chr19	1027	1665	2692	1	1
OV3_Cisp0	76732ba2-35a9-44f1-8d06-69f1798dac8c	chr19	3639	20262	23901	1	1
OV3_Cisp0	77f865e0-ad8b-49f9-ac2f-350ec75b6ca7	chr19	3317	8655	11972	1	1
OV3_Cisp0	7d13486e-4401-40f9-a1c8-e10d36c661af	chr19	3012	11370	14382	1	1
OV3_Cisp0	83923f55-7976-4103-8dd9-25491556104e	chr19	3713	4620	8333	1	1
OV3_Cisp0	853ef5e0-267a-4487-8cec-4ef53fc5e869	chr19	5325	1799	7124	1	1
OV3_Cisp0	866dd0b8-a017-411b-8196-8fbf15c5cba8	chr19	4480	6621	11101	1	1
OV3_Cisp0	89041454-d138-4de3-89a5-836f511798be	chr19	3235	4576	7811	1	1
OV3_Cisp0	8a75f728-7b33-4237-a314-b282e11cbab7	chr19	3982	15734	19716	1	1
OV3_Cisp0	8af87aff-617f-490b-b4bf-57652567b126	chr19	3888	3701	7589	1	1
OV3_Cisp0	9046960c-69d9-4a20-8c5c-ce5ec10ec1a9	chr19	5339	3738	9077	1	1
OV3_Cisp0	916331e3-2a86-49a2-85a9-dbcbcda8e5bc	chr19	3823	4840	8663	1	1
OV3_Cisp0	9470c28d-21a2-45b8-baa5-ac7d9d74bef9	chr19	3711	4455	8166	1	1
OV3_Cisp0	a1aa187d-bf79-4aba-a3ba-02c1633ed6b4	chr19	5035	9857	14892	1	1
OV3_Cisp0	a2f8fd45-25bd-4af4-958a-834f8e48a1a1	chr19	3145	4217	7362	1	1
OV3_Cisp0	a5409a78-697f-442f-833a-29fe9b471f2e	chr19	1157	6611	7768	1	1
OV3_Cisp0	ac3e4a49-0155-4534-8863-d54c41eeba68	chr19	4480	2325	6805	1	1
OV3_Cisp0	ceaca7ea-c4c1-45f3-b1d5-29ace680d358	chr19	3326	12412	15738	1	1
OV3_Cisp0	d3046337-99c8-4606-8be8-f8695d8bafeb	chr19	3889	8940	12829	1	1
OV3_Cisp0	d7a06209-58f6-459e-876b-b0b40407dfad	chr19	2953	1839	4792	1	1
OV3_Cisp0	d8bebadb-68fc-4c48-8d7a-842d7881866d	chr19	4908	3628	8536	1	1
OV3_Cisp0	d93c4157-3ef0-4647-a38b-3f74d764c361	chr19	2771	1248	4019	1	1
OV3_Cisp0	e3e1877d-44b8-443c-ac8a-1cca2de56695	chr19	2508	5389	7897	1	1
OV3_Cisp0	e6f9e76d-c1ab-47d6-9ac5-0403a5394bca	chr19	2636	13339	15975	1	1
OV3_Cisp0	e9f03d22-bf73-4269-ae89-13fd7585f2de	chr19	1459	1985	3444	1	1
OV3_Cisp0	efe287fe-3f86-4159-b20a-7e0ff0c6e062	chr19	3193	6538	9731	1	1
OV3_Cisp0	f2d361a1-a8b8-4541-8f6e-c82975c2fd80	chr19	2382	6816	9198	2	2
OV3_Cisp0	f38adfcd-662c-47d0-9356-6630099c95e6	chr19	4361	6441	10802	1	1
OV3_Cisp0	01266436-76dc-48cf-8bc3-a54921716ea6	chr20	6711	1659	8370	1	1
OV3_Cisp0	0ccd62b0-9d44-4bfd-b708-b25b1301ed06	chr20	4898	11695	16593	1	1
OV3_Cisp0	0cd613a5-a6ba-4320-862d-e6c90a5d4edf	chr20	2348	1339	3687	1	1
OV3_Cisp0	0ece3bf6-30b6-406f-b5c5-cc1617478022	chr20	5805	8550	14355	1	1
OV3_Cisp0	14700ac9-16ae-4696-9789-cfac3624856c	chr20	3593	3470	7063	1	1
OV3_Cisp0	168150ce-010e-4f1a-b163-9412db14b3aa	chr20	3460	7816	11276	1	1
OV3_Cisp0	17544ad3-8cac-45fc-bf78-7aeb83a2edd7	chr20	1227	2845	4072	1	1
OV3_Cisp0	1a83c17b-1e35-44af-b38e-ab2553c4dd01	chr20	4588	14634	19222	1	1
OV3_Cisp0	1bdabbb3-1c0f-42e6-b9e9-c31f1f0093c8	chr20	1175	1635	2810	1	1
OV3_Cisp0	1c2fc549-ff9c-4603-b8d1-4fd98c545e7b	chr20	1292	5160	6452	1	1
OV3_Cisp0	1c6cdb55-d9b6-4a4f-9db4-70e40a5d9534	chr20	2098	17449	19547	1	1
OV3_Cisp0	20060a2a-4a17-40c4-9459-86030f9b3d73	chr20	3188	6541	9729	1	1
OV3_Cisp0	25d979dc-7a41-46af-aafd-a2990bffe71a	chr20	3542	8952	12494	1	1
OV3_Cisp0	266373d9-76b4-4f66-ad8b-e055593eb345	chr20	3455	1338	4793	1	1
OV3_Cisp0	2df8ca5c-0ef9-40ef-bc4a-ba2bed7aa963	chr20	1251	5439	6690	1	1
OV3_Cisp0	343ec065-b47b-453b-8408-2924f797f19a	chr20	2966	3644	6610	1	1
OV3_Cisp0	35fffe39-8758-4631-bb6f-f6f3206fb5d6	chr20	3390	8726	12116	1	1
OV3_Cisp0	38225a6b-b957-4cfb-9ad9-aae1fe464be4	chr20	6322	6038	12360	1	1
OV3_Cisp0	38e9f2b1-d143-4d5b-8271-f2d56411fb2e	chr20	3009	6958	9967	1	1
OV3_Cisp0	3986e7fe-3727-42c3-9cc5-83240fa48b1c	chr20	4019	3444	7463	1	1
OV3_Cisp0	40f865bb-f2ad-4d7b-bf02-c03cb4ec8462	chr20	2129	1240	3369	1	1
OV3_Cisp0	434d3cac-fc9c-4d20-8735-28d2a5c05bfb	chr20	2258	10319	12577	1	1
OV3_Cisp0	4674cef8-f879-40c4-a0dd-3ccfdaa4362d	chr20	3135	2615	5750	1	1
OV3_Cisp0	467c4806-2517-4b93-8fc0-4bd34d926783	chr20	2154	1154	3308	2	1
OV3_Cisp0	4fe063d0-e05f-450a-9a6a-23d590109018	chr20	2425	2139	4564	1	1
OV3_Cisp0	50010193-2a5c-4800-b0bb-76f1352e68cb	chr20	1226	3971	5197	1	1
OV3_Cisp0	52421959-f50e-4b39-8cf2-714103c42535	chr20	2169	5031	7200	1	1
OV3_Cisp0	5542c6e9-baed-4d69-ae68-55a5cc4d8182	chr20	4352	14828	19180	1	1
OV3_Cisp0	5adcb4c4-4b5d-4d70-b4d6-819cd98a20c6	chr20	6849	1069	7918	1	1
OV3_Cisp0	5f23e68d-586c-466d-a841-bcc7e1e3289a	chr20	5022	1302	6324	1	1
OV3_Cisp0	6e36a885-c20d-4ac6-8e15-335caf2646ea	chr20	1504	2638	4142	1	1
OV3_Cisp0	6ffafaad-315d-4ec2-9858-0e5481913b53	chr20	3242	8839	12081	1	1
OV3_Cisp0	7fd3bd4d-6fc6-402b-a010-a5204c3582cd	chr20	1241	2294	3535	1	1
OV3_Cisp0	80439a97-67c6-42a3-8d7b-e073b62f0297	chr20	2048	4694	6742	1	1
OV3_Cisp0	8665fcc2-54c6-4ebb-b322-7dd53a20be52	chr20	3636	4684	8320	1	1
OV3_Cisp0	8d7912ab-cabe-49a0-8708-675a8436197c	chr20	2865	12167	15032	1	1
OV3_Cisp0	8ddb8087-ebbb-4f01-925e-e9948fe2ca77	chr20	4559	10853	15412	1	1
OV3_Cisp0	8f15d5be-a751-4622-a42c-fe3488d663ff	chr20	3289	7961	11250	1	1
OV3_Cisp0	961ebd1b-d92f-44db-bb2a-3264a0ea6754	chr20	3115	4897	8012	1	1
OV3_Cisp0	a565d214-6dd5-4141-b878-59669b952add	chr20	3611	3093	6704	1	1
OV3_Cisp0	ac672e4f-151d-4272-83b1-e40be769e6b3	chr20	9335	4447	13782	2	1
OV3_Cisp0	af45c44f-4bb0-458f-8b26-3acc8bb03f69	chr20	4362	4543	8905	1	1
OV3_Cisp0	b327ff09-7a7e-4266-9a6c-f4be082cd40e	chr20	2806	11946	14752	1	1
OV3_Cisp0	b4d82b6c-5ef7-4a34-a912-b8d6b5e6fd19	chr20	3285	7483	10768	1	1
OV3_Cisp0	b78574c1-9ab5-4007-9fc4-01a41488012f	chr20	3183	6701	9884	1	1
OV3_Cisp0	be036024-3117-42ca-8d7f-908e44192241	chr20	1070	1408	2478	1	1
OV3_Cisp0	c9454c4a-44a2-482f-8569-eab36e243ad1	chr20	2267	3960	6227	1	1
OV3_Cisp0	e4532821-63c7-42bd-991a-9f789d90ed8d	chr20	5332	8237	13569	1	1
OV3_Cisp0	e8de8189-3e1e-49d3-93f1-c8f24e6888a4	chr20	4255	1550	5805	1	1
OV3_Cisp0	e98dc7a4-0340-4f30-847a-7bf34b3c76a9	chr20	4820	1218	6038	1	1
OV3_Cisp0	f023abc5-d674-44dd-aa1e-6809577ac1c5	chr20	2336	7458	9794	1	1
OV3_Cisp0	f6351dd0-5f3c-4c6e-b1b8-3c3e9bf10692	chr20	6594	1295	7889	2	1
OV3_Cisp0	f63b581a-8003-46b0-b313-fb036633afae	chr20	14116	1163	15279	1	1
OV3_Cisp0	01d825a6-ca3d-4ae1-a423-4296d8358590	chr21	2135	7604	9739	1	1
OV3_Cisp0	06c89b14-596c-40bb-be3d-a4ddc0adf69a	chr21	3352	2626	5978	1	1
OV3_Cisp0	0f1d6c24-e686-419d-aead-f1401a5504da	chr21	2588	9789	12377	1	1
OV3_Cisp0	16e9b025-f7ea-450b-bdfb-2874450b124a	chr21	4889	7980	12869	1	1
OV3_Cisp0	23b211c7-85ef-454d-90f1-c2cda115e135	chr21	6319	5515	11834	1	1
OV3_Cisp0	287a7b8e-513e-4166-a711-5a88697b0774	chr21	3541	6937	10478	1	1
OV3_Cisp0	2a53218e-958b-4043-bff9-5fd981871e17	chr21	2874	2105	4979	1	1
OV3_Cisp0	33d8deb8-db31-4643-925b-b07c1d575aa5	chr21	4154	14579	18733	1	1
OV3_Cisp0	35cff055-d24d-4855-a692-eabe8d693b09	chr21	5235	1637	6872	1	1
OV3_Cisp0	398c3828-ee37-4313-a329-e57228c87212	chr21	8435	1600	10035	1	1
OV3_Cisp0	566bd56b-5c1f-4c65-a757-55e9c9b5ef15	chr21	1811	4544	6355	1	1
OV3_Cisp0	57f06a64-588d-4fbd-8fca-cb024d319779	chr21	3242	1015	4257	1	1
OV3_Cisp0	59646ee1-6278-4f1b-a6e1-b1e41b8fcf38	chr21	4290	1830	6120	1	1
OV3_Cisp0	60584e6d-cf7b-4d48-b47a-3db9a9123e84	chr21	1948	1780	3728	1	1
OV3_Cisp0	61bdaf96-9288-4c96-89f4-4b875059f765	chr21	4512	3700	8212	1	1
OV3_Cisp0	66b3598a-1902-4bdd-9ec8-284e28ee75de	chr21	1769	10547	12316	1	1
OV3_Cisp0	6b74acad-b367-440a-8efd-604e8264fdd0	chr21	2641	7915	10556	1	1
OV3_Cisp0	71298c67-50d7-4d4d-96cf-16b41ef945d9	chr21	4528	12725	17253	1	1
OV3_Cisp0	74c04a7e-7273-4691-962d-bdd977659401	chr21	4245	6761	11006	1	1
OV3_Cisp0	79e79a19-441e-4135-8d97-625c1ff2c71b	chr21	2038	11313	13351	1	1
OV3_Cisp0	7a0d7191-8025-4981-8bb4-713ba16d0735	chr21	1611	3454	5065	1	1
OV3_Cisp0	8aa91d35-d4b5-4a5e-8bbb-cf2528fdcf05	chr21	1232	6651	7883	1	1
OV3_Cisp0	8bbde8db-1fcd-41ca-915d-0f8563fad0c4	chr21	2144	4491	6635	1	1
OV3_Cisp0	8dde7259-f1e6-4f02-a37b-49a9ceb9a037	chr21	1022	6724	7746	1	1
OV3_Cisp0	9ad1752a-835b-44ea-b71c-38c921197ff2	chr21	5114	3366	8480	1	1
OV3_Cisp0	aa82b9ed-9c86-4d9a-96bf-af30be5c398a	chr21	1325	1564	2889	1	1
OV3_Cisp0	ab492c4a-a38c-4560-9d76-8f519df1499b	chr21	4264	4697	8961	1	1
OV3_Cisp0	aca1770b-a01d-4f0e-8d6c-b9f4b7a4c70b	chr21	3212	4121	7333	1	1
OV3_Cisp0	afab4d21-ea45-4c81-85c9-2ec2a026bc49	chr21	1823	7487	9310	1	1
OV3_Cisp0	b2c575af-32b9-4aa1-8146-f8568457a627	chr21	1751	2310	4061	1	1
OV3_Cisp0	bb7275a9-0b3f-441c-93b6-5d21bb676759	chr21	1799	3105	4904	1	1
OV3_Cisp0	bde5ca6f-5618-4d8a-8918-58234d6ee564	chr21	1637	2753	4390	1	1
OV3_Cisp0	d2e01e7a-4153-41cb-b696-213b5bd63568	chr21	4075	3269	7344	2	2
OV3_Cisp0	db88f8c4-e57d-491a-831c-943a690d2586	chr21	1644	1333	2977	1	1
OV3_Cisp0	dc54019b-1fc7-4926-b31d-8dd205203ebb	chr21	1631	8265	9896	1	1
OV3_Cisp0	e12452e8-342a-4c5f-9907-b5c2cd10607f	chr21	4233	4959	9192	1	1
OV3_Cisp0	ec020972-bb1c-4e78-974e-1cf0b574c403	chr21	1778	2482	4260	1	1
OV3_Cisp0	f7ce45aa-ca69-4c8e-a07f-8aec39e1d82f	chr21	5551	3354	8905	1	1
OV3_Cisp0	f9ee64c6-27ea-4557-9b05-a092118b9511	chr21	3456	2840	6296	1	1
OV3_Cisp0	fa15160d-ab9f-4528-ae3d-c81eb18f5741	chr21	10692	11214	21906	1	1
OV3_Cisp0	04fa4f62-1031-44b5-a7ac-e34c1ba3ec7b	chr22	2696	2873	5569	1	1
OV3_Cisp0	0cbb1a55-316f-47eb-add1-1465b542d871	chr22	4726	3488	8214	1	1
OV3_Cisp0	2fea21ce-0ebf-4793-a403-101874d48b1d	chr22	1674	4723	6397	1	1
OV3_Cisp0	317fa5f6-863e-48aa-b519-f8f89a3cc3bf	chr22	1832	2397	4229	1	1
OV3_Cisp0	492c2a7a-62cc-4f9c-8ebc-d9c50477a610	chr22	6304	4181	10485	1	1
OV3_Cisp0	5025db3f-4585-4426-be8e-0cc84f2c99e5	chr22	3354	3757	7111	1	1
OV3_Cisp0	510f9fe5-6427-4468-b1bc-dcd75a0c2f32	chr22	1827	7430	9257	1	1
OV3_Cisp0	70a8c8ec-d0da-41e7-bd09-967c96d0b210	chr22	1058	4276	5334	1	1
OV3_Cisp0	70d6b50a-675f-4111-9e4b-25247b6308d8	chr22	2941	3307	6248	1	1
OV3_Cisp0	72e41d12-462c-4ca0-9feb-1a7931f2c610	chr22	2872	6076	8948	1	1
OV3_Cisp0	883b32c2-0dca-4f49-96a5-97deff9de938	chr22	6852	9003	15855	1	1
OV3_Cisp0	8c250ea4-cfdc-430d-a617-1fbe7f36904e	chr22	3928	4691	8619	1	1
OV3_Cisp0	b16bdce6-42ca-4aec-953e-2c4b69689816	chr22	3718	1112	4830	1	1
OV3_Cisp0	b23de90f-1ccc-4375-bece-7d125f87c3f8	chr22	3423	4471	7894	1	1
OV3_Cisp0	b29960cd-2fff-4b53-8fc2-72747b27f933	chr22	2755	4086	6841	1	1
OV3_Cisp0	da7b0501-26fe-4a3e-b715-d6d1469f8f22	chr22	4231	10955	15186	1	1
OV3_Cisp0	e1d3b3ef-72df-4397-b483-ef9f20d63f9c	chr22	3419	7188	10607	1	1
OV3_Cisp0	ed42daee-b9ee-4f7d-b6bc-5d3e21b117f5	chr22	7997	2540	10537	1	1
OV3_Cisp0	ee855428-04f3-419d-8dbc-5c4f4183e250	chr22	1001	1054	2055	1	1
OV3_Cisp0	f467405e-36de-4ebb-8b4f-4da428feb51c	chr22	5168	9135	14303	1	1
OV3_Cisp0	feb3c945-7e69-42cd-9c7a-ca5da9e97316	chr22	1298	11748	13046	1	1
OV3_Cisp0	00ad24d5-fbec-4c76-916e-ed2aee2ecfad	chrX	4209	4747	8956	1	1
OV3_Cisp0	01c529a9-c14b-4cf0-a332-9bdb77e00546	chrX	2741	8596	11337	1	1
OV3_Cisp0	05bc349e-8f46-47a4-a642-5ad905abfad0	chrX	4439	1839	6278	1	1
OV3_Cisp0	05de96f9-c54d-4f9a-bb3f-ca6fb63eb6ff	chrX	3994	9956	13950	1	1
OV3_Cisp0	062d76ad-4317-4921-be3f-3cc63b09233b	chrX	3678	1228	4906	1	1
OV3_Cisp0	0af641c9-bd84-43b1-a36d-020687d30a69	chrX	2319	7363	9682	1	1
OV3_Cisp0	0ec2b672-80b0-424d-8f5d-15e014c310a5	chrX	2890	5639	8529	1	1
OV3_Cisp0	0f73d9e8-c07e-4036-a02a-06ecadbcd7bf	chrX	4557	5900	10457	1	1
OV3_Cisp0	10e16bf7-c55e-4959-a0fa-c81a436cbd5a	chrX	2053	1578	3631	1	1
OV3_Cisp0	15f861d1-777a-41f3-b27d-9816cd983de0	chrX	4343	1430	5773	1	1
OV3_Cisp0	30a00d84-fcf1-4e44-8260-d0b6401960a2	chrX	1626	2893	4519	1	1
OV3_Cisp0	313ef7ef-fff3-4183-b80a-42f042b615f4	chrX	3985	1894	5879	1	1
OV3_Cisp0	32463873-5604-453e-a55b-585030b2cea7	chrX	2157	7875	10032	1	1
OV3_Cisp0	35b8da0a-1c73-480d-84fb-ce4cc9944075	chrX	1443	4123	5566	1	1
OV3_Cisp0	36354f43-4d46-488d-842b-0e7b3e6d271e	chrX	1434	7011	8445	1	1
OV3_Cisp0	366ed373-770b-4764-ac0f-be61b98ef054	chrX	4219	4029	8248	1	1
OV3_Cisp0	377d8419-0838-4fc2-9052-b3460ad165e1	chrX	4469	12632	17101	1	1
OV3_Cisp0	381475b7-118d-49aa-bc9d-99a58e2badbc	chrX	2125	4357	6482	1	1
OV3_Cisp0	3b10d84b-1bd4-447a-8610-8a4aa05184d8	chrX	1593	7336	8929	1	1
OV3_Cisp0	3b3f80c1-0c0e-4480-8370-95e3c8619836	chrX	3536	8840	12376	1	1
OV3_Cisp0	3bb0bfff-b7fb-4eac-8953-aa94308d74d3	chrX	5738	16160	21898	1	1
OV3_Cisp0	3bc713f5-f33b-4330-a48a-31f0ed80a082	chrX	2294	1362	3656	1	1
OV3_Cisp0	40b9a25e-b8da-4f9d-bd99-d051465f0954	chrX	3108	14059	17167	1	1
OV3_Cisp0	442dc374-3e45-4296-bc3e-0f9befed87ef	chrX	3329	1898	5227	1	1
OV3_Cisp0	474cb2f5-1c66-4134-9706-d7b89f8e346f	chrX	4912	1814	6726	1	1
OV3_Cisp0	4a9994a2-1894-4523-ac4b-d1f883dc2ee1	chrX	3652	1903	5555	1	1
OV3_Cisp0	4ead0b2d-743a-4d13-9290-a646d157aee4	chrX	1845	2276	4121	1	1
OV3_Cisp0	507d54a0-0b43-4c49-a0fd-863de73bbbf7	chrX	1041	8038	9079	1	1
OV3_Cisp0	512e26ea-54a7-4f46-b097-270daa2c89a4	chrX	8983	7349	16332	1	1
OV3_Cisp0	54bdd73c-9561-4a53-a6cd-74bebdf32ce7	chrX	2021	2619	4640	1	1
OV3_Cisp0	54f8d2cc-5a1c-4738-b29b-c96bdfea4e09	chrX	4015	12166	16181	1	1
OV3_Cisp0	55ede925-ab9c-4aaf-96b0-68acdcd08762	chrX	5699	20591	26290	1	1
OV3_Cisp0	576a1a3c-5bee-449b-8c7d-b9d894e187b1	chrX	4513	8311	12824	1	1
OV3_Cisp0	58f0deb5-3b9d-4536-b1dd-35a40df4699c	chrX	2024	5816	7840	1	1
OV3_Cisp0	5a6d01f5-6f22-4f4a-a862-264ba81936b1	chrX	1325	9125	10450	1	1
OV3_Cisp0	6454f146-5425-476c-922a-188b783adf53	chrX	3025	3578	6603	1	1
OV3_Cisp0	67c2264b-7506-4a75-b543-1db4c152e3cb	chrX	3580	2247	5827	1	1
OV3_Cisp0	6aea7fc3-c257-4320-8b25-99c20e94968c	chrX	2665	3411	6076	1	1
OV3_Cisp0	6dbdb58e-8624-4e30-8593-b30794e4f54e	chrX	2314	11228	13542	1	1
OV3_Cisp0	7120e80c-2e73-47ca-9e22-1de99933bcb8	chrX	2739	2650	5389	1	1
OV3_Cisp0	784698e1-4549-4d42-bcf4-7ad02f691dc1	chrX	6040	4780	10820	2	1
OV3_Cisp0	7857b249-a2f2-47a8-88ec-d8c1d59d9056	chrX	4273	12520	16793	1	1
OV3_Cisp0	7967f499-6bd4-4fbe-8e8d-c2ab04c0270e	chrX	1115	13174	14289	1	1
OV3_Cisp0	7e02a6d8-af40-4808-b990-33806c845526	chrX	3313	8040	11353	1	1
OV3_Cisp0	7e273ba5-faa8-43e8-bf9e-a5bde853e282	chrX	3086	10533	13619	1	1
OV3_Cisp0	8106f7d9-d343-41e7-82b8-9c6a41f2372b	chrX	6172	2970	9142	1	1
OV3_Cisp0	8248ddb3-32e3-4b49-b961-f44f016660d6	chrX	4386	19101	23487	1	1
OV3_Cisp0	84c5d287-e79b-400d-88e2-fc1aaf75890e	chrX	3969	4514	8483	1	1
OV3_Cisp0	905ff74f-45ca-4d3f-b197-a95af005144a	chrX	1705	4255	5960	1	1
OV3_Cisp0	94b29847-02c9-4df6-a874-21077b2e5799	chrX	2093	13420	15513	1	1
OV3_Cisp0	9bda3e92-7743-4e41-93ee-c8e0e20d31e9	chrX	2920	2300	5220	1	1
OV3_Cisp0	9d37ca11-43bd-4517-9688-b38cec51c168	chrX	3984	1137	5121	1	1
OV3_Cisp0	a34bf8ae-5421-4744-91f4-25c819afde35	chrX	1495	14397	15892	1	1
OV3_Cisp0	a5111d28-6f04-4dbb-b25c-9d332966756f	chrX	2633	5037	7670	1	1
OV3_Cisp0	a59690b2-1dec-4a85-ba19-624235669337	chrX	2611	2942	5553	1	1
OV3_Cisp0	a79b81cd-1b91-496d-8069-503af68f4a38	chrX	18785	9617	28402	1	1
OV3_Cisp0	ae4fbb9e-14ce-4049-97a7-13a6c870dc13	chrX	3464	3517	6981	1	1
OV3_Cisp0	b1f06ba2-8494-449b-8c5b-1ec2d0310624	chrX	7404	13133	20537	1	2
OV3_Cisp0	b8169338-6b24-4e7e-b0d2-67b2ea028246	chrX	3764	6638	10402	1	1
OV3_Cisp0	c8b01efa-3fc7-4268-b558-2d17dbb19681	chrX	4809	2544	7353	1	1
OV3_Cisp0	c91d0409-92b7-47f1-9a68-c973c44219d1	chrX	2670	15437	18107	1	1
OV3_Cisp0	cbd01dac-92c6-47dc-ae9c-9743e511b366	chrX	2777	6268	9045	1	1
OV3_Cisp0	d04fe860-a436-48a9-bf74-0871d5bbbb29	chrX	1489	5344	6833	1	1
OV3_Cisp0	da7f782c-1b50-4b16-87fc-0cb71576b56e	chrX	4585	5572	10157	1	1
OV3_Cisp0	db409108-c03a-40ca-9507-aa79365dcc02	chrX	3506	5900	9406	1	1
OV3_Cisp0	dd945369-d1d8-47e0-abe1-b0c68a6d14ee	chrX	4188	4317	8505	1	1
OV3_Cisp0	de07969e-7d97-447c-8943-308f75df16ae	chrX	3655	6293	9948	1	1
OV3_Cisp0	e9ef211e-6eef-4af0-8bea-53a5e2fd4ad7	chrX	2601	5836	8437	1	1
OV3_Cisp0	ebc154fc-31e5-4bf5-a5e9-6ffafc7f1582	chrX	3665	4997	8662	1	1
OV3_Cisp0	ecf061e2-f4c7-49d6-b00b-d5fdd0df11d5	chrX	1091	5144	6235	1	1
OV3_Cisp0	f5045e12-432c-46a9-8963-0e3928cc4e0d	chrX	5481	3243	8724	1	1
OV3_Cisp0	f66ff155-a1fd-450c-839f-c25b5e575ad1	chrX	2870	1532	4402	1	1
OV3_Cisp0	f7bc0ad1-8dd8-4556-8863-9c9153d130e4	chrX	4682	1184	5866	1	1
OV3_Cisp0	f7c6cb0a-0e64-431e-9fce-8d0294ba8324	chrX	6082	8524	14606	1	1
OV3_Cisp0	f834af2c-f8c5-496a-b0e5-fe6edfff08fa	chrX	3731	4751	8482	1	1
OV3_Cisp0	0373faf3-3444-402f-a5de-3611eec9962d	chrY	4052	5989	10041	1	1
OV3_Cisp0	a2756d59-59dc-4776-9fc9-b2ce49e171ac	chrY	2061	2269	4330	1	1
OV3_Cisp0	a6cb75b0-ea35-4ceb-bfb2-0511d27c63eb	chrY	1062	1021	2083	1	1
OV3_Cisp0	ca865f8e-3ccc-4cb2-b062-78454fc1fb89	chrY	4260	1867	6127	1	1
