sample	read_id	chromosome	EdU_bp	BrdU_bp	total_analogue_bp	EdU_segments	BrdU_segments
UWB_Cisp0	01746e2a-d7f1-434b-9851-c5b1db986905	chr1	4236	4335	8571	1	1
UWB_Cisp0	05673ca0-a8ff-41f9-be90-06202eac6456	chr1	2137	3618	5755	1	1
UWB_Cisp0	0a3ad624-e31b-4ac5-a3cc-a1c1c480625d	chr1	1352	7947	9299	1	1
UWB_Cisp0	0a79af62-20c7-4ecf-81e2-272e31cf7e54	chr1	1436	8938	10374	1	1
UWB_Cisp0	0b323efb-ea72-45c6-8dda-cff3e20ed9be	chr1	1919	9150	11069	1	1
UWB_Cisp0	0bba8cbb-3f45-4b15-9bdc-8dd5d4f29585	chr1	4490	6851	11341	1	1
UWB_Cisp0	0c47f536-bd01-47a1-b1a5-67533db0e491	chr1	1603	4810	6413	1	1
UWB_Cisp0	0cb67200-6435-4400-bfbc-fb24795db75c	chr1	4391	4259	8650	1	1
UWB_Cisp0	0d839003-9da9-4b83-b0ab-e1c74700b56b	chr1	4764	4588	9352	1	1
UWB_Cisp0	0ef31fdc-a7a4-43a6-a8c5-81fb789280de	chr1	2250	3833	6083	1	1
UWB_Cisp0	0fe502ed-cbc7-4b28-9024-ba0885a9cc5b	chr1	1297	7285	8582	1	1
UWB_Cisp0	0fffec3f-a556-4ce2-8f26-4f5008106f99	chr1	1289	2483	3772	1	1
UWB_Cisp0	186128f1-8139-4b37-8241-9deb335e41d9	chr1	3532	4181	7713	1	1
UWB_Cisp0	19897918-ae68-43c1-a51a-e9dd5b6dacaa	chr1	2837	4286	7123	1	1
UWB_Cisp0	1990872b-8b1d-4304-bf06-aca76cbc5d2f	chr1	4735	4113	8848	1	1
UWB_Cisp0	1ba034b4-c90e-45e1-9522-1efc384bb207	chr1	2669	3272	5941	1	1
UWB_Cisp0	1e1e7dfb-3c71-4474-be41-dbdb86f00999	chr1	1360	3109	4469	1	1
UWB_Cisp0	2122e3b2-7e01-4a82-8d4a-dd79c3ee2168	chr1	2175	1942	4117	1	1
UWB_Cisp0	21e5f8e0-6aca-4836-8794-a132d37702d0	chr1	1459	1827	3286	1	1
UWB_Cisp0	22532e85-01e7-49fa-a119-260beb557a5a	chr1	1335	4364	5699	1	1
UWB_Cisp0	22f9b7bf-4ad8-42c5-9511-d63f468a2af6	chr1	3961	4678	8639	1	1
UWB_Cisp0	2325a8b1-08a5-46f5-9aa0-2782508ace99	chr1	4580	4381	8961	1	1
UWB_Cisp0	2638d467-8deb-4015-b2b0-b1d31aa3877a	chr1	2133	4219	6352	1	1
UWB_Cisp0	28d08b6a-a08e-4370-81cb-dbac0740aad9	chr1	4212	1634	5846	1	1
UWB_Cisp0	28f1b9da-42ea-49c9-a662-bdf92093134d	chr1	1994	6331	8325	1	1
UWB_Cisp0	2984fd42-63c7-435c-b4db-e7e89cff478a	chr1	5810	2416	8226	1	1
UWB_Cisp0	2b214373-9a0d-4155-8748-4a8061d8ca8b	chr1	5782	3534	9316	1	1
UWB_Cisp0	2b715515-7066-4295-b416-ad9d88e92f0b	chr1	1552	1078	2630	1	1
UWB_Cisp0	2e2f68bf-de1a-4d35-8380-9d06ea782195	chr1	2857	1709	4566	1	1
UWB_Cisp0	30827f43-ebcb-4f61-bb5f-c4cd62d26b5e	chr1	2163	1143	3306	1	1
UWB_Cisp0	33fcfab9-c9ea-4b5f-9f8a-88d178adee72	chr1	2628	1830	4458	1	1
UWB_Cisp0	34cec4c3-e046-4a67-b858-5cdd05be450f	chr1	4628	3639	8267	1	1
UWB_Cisp0	3626e5a9-eeb3-4cc8-8f46-12a3ac067115	chr1	1622	3878	5500	1	1
UWB_Cisp0	391aa6ee-9961-42af-b03f-76860b8fba19	chr1	2053	1516	3569	1	1
UWB_Cisp0	392a3807-058b-435d-9f9b-15b466a4e47c	chr1	5622	4711	10333	1	1
UWB_Cisp0	3bebac84-f008-48a8-94d3-9a01a54a9983	chr1	1225	4906	6131	1	1
UWB_Cisp0	3c2104b2-ede0-4f6a-874e-da20ec436248	chr1	3025	2727	5752	1	1
UWB_Cisp0	40bb3b9b-905a-44af-9dba-bd0a7b136bcb	chr1	2704	1524	4228	1	1
UWB_Cisp0	40c8b600-ab59-4501-b2e7-515eda6f18ee	chr1	3949	6568	10517	1	1
UWB_Cisp0	4229c9a9-d22d-448f-ae2f-b5e0d6ce2849	chr1	2791	3994	6785	1	1
UWB_Cisp0	42300ed5-37d1-4197-90d6-1d1c9fab46da	chr1	1302	4017	5319	1	1
UWB_Cisp0	42ca0d75-a2ff-4570-90e8-4f713c753489	chr1	2409	6646	9055	1	1
UWB_Cisp0	4405329f-675c-4819-afab-d627d94b824c	chr1	3366	2020	5386	1	1
UWB_Cisp0	4436ee20-2ef5-49bc-8ae0-7c55b3082ef0	chr1	1255	2082	3337	1	1
UWB_Cisp0	448137e3-6b6c-4d23-80eb-97133dd2b651	chr1	1890	8163	10053	1	1
UWB_Cisp0	469b482b-fa3c-4194-b070-4e326015fbd7	chr1	2149	4569	6718	1	1
UWB_Cisp0	4a37bcda-b273-40fb-9b06-93660f8bd53d	chr1	1646	4853	6499	1	1
UWB_Cisp0	4abcc634-f394-4ab0-b097-dfde1a22cb2b	chr1	2208	3295	5503	1	1
UWB_Cisp0	4bb02dbc-be70-4774-9e77-55c313a7da64	chr1	1234	6887	8121	1	1
UWB_Cisp0	4ca19fae-3214-41de-a306-26a2f9fa464d	chr1	1848	4172	6020	1	1
UWB_Cisp0	4cfa0576-0695-406b-8778-c31230eb39d0	chr1	1155	3938	5093	1	1
UWB_Cisp0	4d438b8c-b06e-4789-9f09-1b350d1d00c1	chr1	3813	1311	5124	1	1
UWB_Cisp0	4dd14738-8e19-424c-b2f2-e30b2092227c	chr1	2754	2627	5381	1	1
UWB_Cisp0	4f5f70cc-fd75-406b-ba86-b28b94b71184	chr1	2147	5929	8076	1	1
UWB_Cisp0	5083edf3-5278-4a92-914d-eb337f3083c4	chr1	1082	9842	10924	1	2
UWB_Cisp0	574110e6-a0e1-4116-add3-9f03fd453a9a	chr1	4848	3621	8469	1	1
UWB_Cisp0	580086ee-2485-430f-a211-ad1cc05759d8	chr1	2169	4503	6672	1	1
UWB_Cisp0	58600f1b-83e5-414d-aedd-f9c65732765a	chr1	3575	5124	8699	2	2
UWB_Cisp0	5a251473-3155-4844-a5a3-8608dd8878f7	chr1	4784	1347	6131	1	1
UWB_Cisp0	5aeacedb-19a4-45b5-948e-6d371c7caf39	chr1	4396	9457	13853	1	1
UWB_Cisp0	5b17d4f3-aa8d-41c4-843d-079935997e35	chr1	1193	3957	5150	1	1
UWB_Cisp0	5bc50896-0298-4a54-ba7a-57c0477a3a96	chr1	2453	2614	5067	1	1
UWB_Cisp0	5fba7be8-790b-41ef-8173-6294ce174c7b	chr1	1561	3239	4800	1	1
UWB_Cisp0	620cc81f-ca45-4385-ae36-cc4bb05589b9	chr1	3606	2600	6206	1	1
UWB_Cisp0	646b0bb9-6be8-418c-b4ec-10da8d502bbd	chr1	4704	4840	9544	1	1
UWB_Cisp0	667d69b7-d7f5-4c8d-aec2-fdab5362ac06	chr1	3094	1585	4679	1	1
UWB_Cisp0	66a9ab6d-231e-47f6-a2a3-86c7bf5ded19	chr1	1053	1429	2482	1	1
UWB_Cisp0	66e4e179-1fbe-4d23-b73e-6fbe0c3c98fa	chr1	1288	6868	8156	1	1
UWB_Cisp0	686c4af4-bf7f-4551-8b55-90b7fe2f78bf	chr1	1798	1337	3135	1	1
UWB_Cisp0	6badf0cb-b38c-43a7-977c-9431efb600e2	chr1	1798	2551	4349	1	1
UWB_Cisp0	6c16156d-6b7d-4965-a4fa-da7f8e3efab3	chr1	1581	5017	6598	1	1
UWB_Cisp0	6c3e16b7-6b6c-4dec-938b-b0249120b9d8	chr1	2501	3265	5766	1	1
UWB_Cisp0	6d3418a1-eaa5-4143-8c5f-417ed46e3fdc	chr1	2976	2299	5275	1	1
UWB_Cisp0	718e669b-ce32-4b9a-9049-3386ed4c3fcc	chr1	3260	4371	7631	1	1
UWB_Cisp0	73d77209-776a-48a7-8c65-d55cd20e58d3	chr1	1582	1145	2727	1	1
UWB_Cisp0	742aaf2e-1b27-4fb4-9bc1-51b0fd14253d	chr1	2901	7255	10156	1	1
UWB_Cisp0	75b51dd4-6fe5-4286-88e6-1920899e4400	chr1	1316	2494	3810	1	1
UWB_Cisp0	794d48e6-e95d-4489-aace-01b3294bb230	chr1	2282	2097	4379	1	1
UWB_Cisp0	7a9f6764-9f43-4a69-8174-0d43fb85c669	chr1	1017	7810	8827	1	1
UWB_Cisp0	7bae67aa-efd5-43de-8994-33968236292f	chr1	2018	1937	3955	1	1
UWB_Cisp0	8147f1ab-553b-4acd-b176-f5495a8f6806	chr1	2849	1428	4277	1	1
UWB_Cisp0	8703a0e9-431c-4ec5-8d62-2103ba6b420a	chr1	1183	4394	5577	1	1
UWB_Cisp0	876651bd-c207-47cb-8260-2b76365d5a23	chr1	2122	7191	9313	1	1
UWB_Cisp0	8b428e17-15b2-40cd-a9f3-d4881f535ff3	chr1	1684	4349	6033	1	1
UWB_Cisp0	8b53f1ec-4754-4100-8bb6-408b8c6be6a3	chr1	1652	4569	6221	1	1
UWB_Cisp0	8d53398c-a028-42d8-8993-619c168f3832	chr1	2343	1129	3472	1	1
UWB_Cisp0	8e9c4a58-d14e-49d5-8736-d1f1f23f2d2a	chr1	4685	2048	6733	1	1
UWB_Cisp0	90644f48-6b07-447c-85b4-b6abc04ecde1	chr1	3458	1414	4872	1	1
UWB_Cisp0	91438609-cda7-42e3-909c-0dd0b20c2657	chr1	1730	2953	4683	1	1
UWB_Cisp0	92448c87-d57c-4ce1-875f-7e391594bb09	chr1	1778	2702	4480	1	1
UWB_Cisp0	931847be-1429-46e1-b557-d68c0b5f48d7	chr1	1072	3440	4512	1	1
UWB_Cisp0	93930188-1423-415f-bca1-a152c9d7448e	chr1	5591	1035	6626	1	1
UWB_Cisp0	949e1c9d-7377-497f-ada7-9e07f39aae40	chr1	1087	5387	6474	1	1
UWB_Cisp0	954390a5-811c-48a0-963b-b4ac6f753057	chr1	2315	3389	5704	1	1
UWB_Cisp0	96ccadba-bd48-4c9f-85f7-f750bd156bac	chr1	1649	1069	2718	1	1
UWB_Cisp0	972ed3f8-d887-42d7-b639-c09e2590f520	chr1	3563	1739	5302	1	1
UWB_Cisp0	97393bea-f8db-4a30-8456-2aed4ac57537	chr1	1023	2757	3780	1	1
UWB_Cisp0	9956ba23-95c2-4197-abf5-b5c1d28f8fea	chr1	1743	6304	8047	1	1
UWB_Cisp0	9b0ff3f5-5637-4092-bf95-8de766516516	chr1	3001	1096	4097	1	1
UWB_Cisp0	9b8a3f66-9285-4f25-94f9-9cb6072f0f8a	chr1	3490	2353	5843	1	1
UWB_Cisp0	9bae1d08-03ce-4825-9059-13eb4b567688	chr1	4785	6712	11497	1	1
UWB_Cisp0	9bbfdba5-ecf2-4d8c-a33c-560be0d31dda	chr1	2946	2302	5248	1	1
UWB_Cisp0	9c11c9d7-79cb-4000-8465-b60eecf5a55b	chr1	3484	4233	7717	1	1
UWB_Cisp0	9d3aa54a-4d67-4902-83ab-cec837a61b52	chr1	1827	4101	5928	1	2
UWB_Cisp0	9ffe0f92-02d8-48c5-84be-736676ed933a	chr1	1949	1847	3796	1	1
UWB_Cisp0	a333dbd0-11df-43fc-8930-f00a4c517270	chr1	2137	4689	6826	1	1
UWB_Cisp0	a392a2e8-9c1c-4a19-a934-f8efab169713	chr1	3689	9606	13295	1	1
UWB_Cisp0	a49b5b12-e97d-4178-86d4-84d4f4d05515	chr1	1867	3568	5435	1	1
UWB_Cisp0	a59c1adb-463a-4a43-8980-12dc0d9376b2	chr1	1153	2708	3861	1	1
UWB_Cisp0	a6445869-4ec3-499a-ac14-24650deaf7b9	chr1	3718	2724	6442	1	1
UWB_Cisp0	a7559af9-b60e-462a-8f3d-dae90a0cf91a	chr1	1066	3668	4734	1	1
UWB_Cisp0	a9444558-0a37-46e5-904a-8cbe29c1ab45	chr1	1934	4855	6789	1	1
UWB_Cisp0	aac4b983-7cf0-4a59-b8cd-0f97686bcde8	chr1	1093	4666	5759	1	1
UWB_Cisp0	ab091cc8-9f1f-4672-9822-933e1dcc8efb	chr1	3317	2615	5932	1	1
UWB_Cisp0	ad036908-26c9-4088-819f-a7646129c2c3	chr1	1193	1937	3130	1	1
UWB_Cisp0	ad694848-2e5b-4cbb-8fe9-ea6f4c7e8abc	chr1	2599	2827	5426	2	1
UWB_Cisp0	b1b3a30c-f4c7-4e7f-91bf-b70f37ad2987	chr1	1985	5027	7012	1	1
UWB_Cisp0	b1ef99c6-24cd-4242-a6da-5f3af529d48d	chr1	3699	2596	6295	1	1
UWB_Cisp0	b3f335a3-a8f0-4680-8884-8f49278df4a5	chr1	1200	1459	2659	1	1
UWB_Cisp0	b51008db-9b55-43ac-8052-8e44b6a8841e	chr1	7027	1192	8219	2	1
UWB_Cisp0	b57ac32a-bcdf-4cab-8143-20939d0dfcb2	chr1	1951	3340	5291	1	1
UWB_Cisp0	b652eaaf-5fd1-472a-ac45-6515e2a431d1	chr1	2623	4389	7012	1	1
UWB_Cisp0	b801c7e8-bd63-4b9d-970d-4d09bfac876a	chr1	3344	4485	7829	1	1
UWB_Cisp0	b98d5e90-d82b-4d6e-a565-4b6e1c2e959b	chr1	3176	6453	9629	1	1
UWB_Cisp0	be269848-c946-464c-ad90-8b9917a64882	chr1	1236	2484	3720	1	1
UWB_Cisp0	bef8507c-d3ca-4372-ae56-d42349a49949	chr1	3028	1658	4686	1	1
UWB_Cisp0	bf335457-d2ca-4350-b4a8-45a6a2370b54	chr1	2438	4818	7256	1	1
UWB_Cisp0	c63e9765-7675-411c-a55d-b959cfae5ede	chr1	1540	4516	6056	1	1
UWB_Cisp0	c7d7bcfd-2802-4119-90d3-7a7fd07828c8	chr1	2238	6528	8766	1	1
UWB_Cisp0	ca94729c-258c-46ca-be35-74ad782bc3ba	chr1	1454	2943	4397	1	1
UWB_Cisp0	cb049439-a684-4b6a-b1e0-bb790035c119	chr1	4242	3000	7242	1	1
UWB_Cisp0	cbb41624-af40-412b-8d79-e1207db9a325	chr1	2113	2472	4585	1	1
UWB_Cisp0	cbc6c9c3-fafd-40bc-b40c-fdc9df4d1473	chr1	3651	3369	7020	1	1
UWB_Cisp0	cef3b354-bd36-41e3-b8e5-490329afb00f	chr1	1821	2390	4211	1	1
UWB_Cisp0	d4c2dfc2-fec0-4ee4-9da2-a2aeaaf90380	chr1	2541	2510	5051	1	1
UWB_Cisp0	d5783650-6716-4556-be14-76e89b0eb4ee	chr1	1158	2033	3191	1	1
UWB_Cisp0	d861c1b9-04d2-47c8-b18e-dffa651d6685	chr1	1215	13374	14589	1	1
UWB_Cisp0	d989248d-95cd-4c9b-b54d-daf9ab9a3e80	chr1	2241	8332	10573	1	1
UWB_Cisp0	dc2c15b6-341f-4151-98df-6a1dcd52242d	chr1	2954	9657	12611	1	1
UWB_Cisp0	df34726b-482c-4982-ac26-1fb847d467a0	chr1	3099	1406	4505	1	1
UWB_Cisp0	dfb945fb-9d04-4a26-82b5-8df20c2bfbdc	chr1	1699	4850	6549	1	1
UWB_Cisp0	e02c9e88-0e99-453a-ac11-609d6e527915	chr1	2033	3172	5205	1	1
UWB_Cisp0	e1432b76-bd0f-4017-891f-e74c402ebd4d	chr1	3364	3847	7211	1	1
UWB_Cisp0	e2053742-3b30-4777-9a7e-83a13cdaf46e	chr1	1105	2669	3774	1	1
UWB_Cisp0	e2776ac3-7a61-490d-9768-d36d41ca12a8	chr1	1518	3022	4540	1	1
UWB_Cisp0	e4eb4aa0-5657-49ac-b528-79522630ab07	chr1	3245	3528	6773	1	1
UWB_Cisp0	e61ec2d8-68d3-4423-8a59-d19f8dd1c976	chr1	1679	1028	2707	1	1
UWB_Cisp0	e88e93d8-1ad8-42ab-b87f-04cf35beddf7	chr1	2769	4650	7419	1	1
UWB_Cisp0	e96c1362-1910-4087-afec-2c4b29e7501b	chr1	2761	4853	7614	1	1
UWB_Cisp0	eb7c1027-b387-43c3-b648-b1d6621c324f	chr1	2219	1137	3356	1	1
UWB_Cisp0	ebc1959f-100f-4f74-8400-d99629af95b6	chr1	2042	5690	7732	1	1
UWB_Cisp0	ec379ba4-6044-4eb6-86c3-0e166ae61551	chr1	2563	3843	6406	1	1
UWB_Cisp0	eeca7b18-72b7-4b28-84c9-f461a9f7b158	chr1	1190	6488	7678	1	1
UWB_Cisp0	f0d04feb-cf2a-477e-a63b-447019eb6add	chr1	1580	3329	4909	1	1
UWB_Cisp0	f24eba15-d93d-45f0-981e-0e72058f0e38	chr1	2439	4889	7328	1	1
UWB_Cisp0	f3862a55-ad71-4fa7-80ff-c82a3d67e955	chr1	2976	8867	11843	1	1
UWB_Cisp0	f6511379-bf5a-45b3-b891-16e0b7c0f3fc	chr1	1976	4562	6538	1	1
UWB_Cisp0	f71c80a2-d2d0-4a9e-b601-5c62656ecc56	chr1	1004	4173	5177	1	1
UWB_Cisp0	f74cc4af-ef27-488d-94a1-e678b13334e1	chr1	1365	7425	8790	1	1
UWB_Cisp0	f8283be1-8bd4-4efe-a098-9d72cc2e4e21	chr1	3121	4225	7346	1	1
UWB_Cisp0	f83cbf70-a048-45f9-a1ce-42d1d232e518	chr1	4263	2341	6604	1	1
UWB_Cisp0	f9164e8c-7dc9-4df7-a3ac-bb8ddc1bf27b	chr1	2163	7747	9910	1	1
UWB_Cisp0	f948219e-258a-466e-9bbf-c2d4479467c0	chr1	2198	1779	3977	1	1
UWB_Cisp0	fa8cae02-e858-4e04-a3bb-93964dbabead	chr1	4201	5338	9539	1	1
UWB_Cisp0	fb03ff8d-7172-4d14-abfc-0a99510492f5	chr1	1012	8864	9876	1	1
UWB_Cisp0	fcac3c2c-9c07-42df-9ae7-bf74a0401d59	chr1	37864	1243	39107	1	1
UWB_Cisp0	01a9c6ec-f5de-44aa-8d24-d94a1fa2a0da	chr2	2339	3084	5423	1	1
UWB_Cisp0	054f444b-0e7d-4cc1-9ab1-2f050add3082	chr2	1507	7121	8628	1	1
UWB_Cisp0	0602e869-ef7a-4295-99a4-a00878ca566b	chr2	1615	6547	8162	1	1
UWB_Cisp0	06553181-ca46-4407-a817-b640de504425	chr2	3395	10480	13875	1	1
UWB_Cisp0	07d6bf82-178f-4461-a8f0-b3280c95c8b2	chr2	1966	3030	4996	1	1
UWB_Cisp0	0a553fcf-4bc4-4af6-abed-954a07e187e6	chr2	1022	3304	4326	1	1
UWB_Cisp0	0ea96c91-29f6-4ed7-a912-b84e2771e214	chr2	1452	4608	6060	1	1
UWB_Cisp0	1071b014-38ee-43f6-9ae9-8e96a61a5074	chr2	3642	2334	5976	1	1
UWB_Cisp0	13401d28-0230-47f1-be0b-7ae2992002d4	chr2	2474	2890	5364	1	1
UWB_Cisp0	1431c931-ba5a-45d8-b063-8d091ec0b472	chr2	3303	2717	6020	1	1
UWB_Cisp0	14db4ffa-7675-4abf-b8a4-841802829a65	chr2	3037	7770	10807	1	1
UWB_Cisp0	15a986b6-28e3-4d5d-a4da-a6f26a79b2ca	chr2	3468	1943	5411	1	1
UWB_Cisp0	15cd0fc6-03fc-4269-a29a-3454ee7285a3	chr2	2626	4486	7112	1	1
UWB_Cisp0	167d3a3e-e9ba-46bf-8467-a9d8594491ea	chr2	1393	2621	4014	1	1
UWB_Cisp0	174c0c86-fa8a-4343-95ac-a58d833c542f	chr2	1233	10042	11275	1	1
UWB_Cisp0	17c18a82-d7ca-44d2-af7a-69975f1549e0	chr2	4800	4646	9446	1	1
UWB_Cisp0	180edc70-ce19-46ed-b8aa-6e022f47ac6c	chr2	1662	4804	6466	1	1
UWB_Cisp0	18509f5e-5bf7-43f4-aa7b-e6fd0b42687c	chr2	1753	10216	11969	1	1
UWB_Cisp0	19e06164-8c39-43ff-bee6-0c11573061a9	chr2	4813	3815	8628	1	1
UWB_Cisp0	1c8f1e2b-50e1-4310-851c-6b4612c9d77b	chr2	3727	1543	5270	1	1
UWB_Cisp0	1da99544-fe4a-45f1-922f-1ac8c78a522a	chr2	1915	4572	6487	1	1
UWB_Cisp0	1e223a88-6c31-4ff5-928d-4567373eaf92	chr2	1168	1795	2963	1	1
UWB_Cisp0	1f3e9fb2-7543-4518-8d0e-c5bb5d267b0e	chr2	1319	4267	5586	1	1
UWB_Cisp0	20127100-65ce-420b-beb9-46166ebea3eb	chr2	1997	8866	10863	1	1
UWB_Cisp0	21514e52-c634-4a0d-a043-3c7bb0814fd9	chr2	1492	8830	10322	1	1
UWB_Cisp0	23f62b41-69d9-47d2-83ab-67d1d2ea7db3	chr2	1550	2638	4188	1	1
UWB_Cisp0	24c7c9cb-cc51-4749-8e5a-f8c5577c8729	chr2	2279	2736	5015	1	1
UWB_Cisp0	25829dfd-a618-4b0d-b1db-b3bfcb25a773	chr2	1067	5166	6233	1	1
UWB_Cisp0	266cab4d-8268-4233-98f1-41878a6940a2	chr2	2054	8071	10125	1	2
UWB_Cisp0	28b81049-7a2c-4284-b2ae-640f713fbe99	chr2	3644	2032	5676	1	1
UWB_Cisp0	29796614-0075-4ef1-9dc1-491b94ed4d23	chr2	2060	8997	11057	1	1
UWB_Cisp0	2a332428-1e18-436b-a864-f9381610de92	chr2	1126	3411	4537	1	1
UWB_Cisp0	2ff7311f-4a1f-49a9-a107-8af0d286eb39	chr2	1583	2032	3615	1	1
UWB_Cisp0	32fae790-f75e-4952-b997-47d1a10187be	chr2	1002	4655	5657	1	1
UWB_Cisp0	3387bcfb-256e-4354-99b0-4e60ed31fdf7	chr2	1142	2376	3518	1	1
UWB_Cisp0	37109749-8c9f-4bd5-83c5-1c732546366a	chr2	1298	5987	7285	1	1
UWB_Cisp0	39139fc9-51ef-47b9-b0b5-c5a91e123d70	chr2	1236	8023	9259	1	1
UWB_Cisp0	39b4f8c2-cbd6-461a-b816-c94cad944e29	chr2	2183	3697	5880	1	1
UWB_Cisp0	3a73cc65-b9f8-45e5-92b1-64ec54dfbf89	chr2	2047	4239	6286	1	1
UWB_Cisp0	3ab9df55-6a68-4ef1-8dca-1d3688dfe2c7	chr2	3382	8083	11465	1	1
UWB_Cisp0	3d2ac834-bf26-46f8-85ef-95280b1f0529	chr2	1113	3057	4170	1	1
UWB_Cisp0	3d90a9aa-c8ff-4144-8e66-c282a699b4ac	chr2	4423	6786	11209	1	1
UWB_Cisp0	3ec88fa0-4283-4eb0-9579-336331d2ad2a	chr2	3939	3546	7485	1	1
UWB_Cisp0	3ee2b90e-f516-4581-aa37-3ce74d0ffa0e	chr2	1122	1727	2849	1	1
UWB_Cisp0	40caa0be-639e-4654-b177-8ba5a75485a8	chr2	1498	16166	17664	1	1
UWB_Cisp0	418d3905-b3a9-4d86-a73d-dea11be72ecc	chr2	1680	4749	6429	1	1
UWB_Cisp0	4342a4b5-ff62-4ae6-a550-1296d113cb95	chr2	1735	3196	4931	1	1
UWB_Cisp0	43c7ba81-af9f-4dc4-b046-e8a3e93725c4	chr2	2297	3144	5441	1	1
UWB_Cisp0	44d26360-8492-4aba-afe6-55be5a932d68	chr2	2022	2964	4986	1	1
UWB_Cisp0	4536ff3a-bb5f-4917-937a-72d4b1d80b9c	chr2	1818	1586	3404	1	1
UWB_Cisp0	4699691c-1149-4de3-823f-bb024236c0c2	chr2	1864	4251	6115	1	1
UWB_Cisp0	46c9ec5e-8a8e-4cd0-b109-38ba64ad94a3	chr2	3553	5056	8609	1	1
UWB_Cisp0	4746cbcc-bea3-4078-90e6-7e5cc0345b27	chr2	1345	13518	14863	1	1
UWB_Cisp0	491e6c6e-4d56-4205-a4ab-8d2493a573d7	chr2	1856	7193	9049	1	1
UWB_Cisp0	4ae95cc8-6829-44e0-8f5c-a0c35d22233b	chr2	3253	4712	7965	1	1
UWB_Cisp0	4d740bb1-619b-468b-ab78-ee6460b58026	chr2	4143	5100	9243	1	1
UWB_Cisp0	4e284b05-0b46-4e7c-8a71-3062b60732b7	chr2	5191	4509	9700	1	1
UWB_Cisp0	4ec2f86c-671f-4dac-acaf-ce7606786816	chr2	2462	4962	7424	1	1
UWB_Cisp0	4f3c4607-5406-4401-90cf-b6a22f581cf5	chr2	2944	4601	7545	1	1
UWB_Cisp0	51200297-5f74-4fbf-8203-3d5a9a0663ef	chr2	2878	5306	8184	1	1
UWB_Cisp0	516a5308-ca73-4886-8d18-b4e4ffb6dc8b	chr2	1518	1086	2604	1	1
UWB_Cisp0	530eb9c4-c402-4573-8625-5f93812dcd9b	chr2	2109	2555	4664	1	1
UWB_Cisp0	54a7c42b-6d83-499b-bea6-8ddc9592343b	chr2	1299	4948	6247	1	1
UWB_Cisp0	54acd834-cd44-4bda-b5e6-39f17a97e30d	chr2	4260	6523	10783	1	1
UWB_Cisp0	54e418ed-20fe-4f5c-8a7c-7418661bce35	chr2	3383	15734	19117	1	1
UWB_Cisp0	57300374-24e5-477a-be3f-2e6058661dca	chr2	1578	3854	5432	1	1
UWB_Cisp0	585ba833-7b43-48e1-98b3-ba04bd96e6d3	chr2	1936	3227	5163	1	1
UWB_Cisp0	5b2b9147-031e-4d4e-be78-997babb0982c	chr2	4088	3253	7341	1	1
UWB_Cisp0	6131dd59-6e59-4bf9-b571-9989d80c9acb	chr2	1032	1722	2754	1	1
UWB_Cisp0	640bd752-3c73-4bfc-a1ba-d31a10e55f8e	chr2	1788	3279	5067	1	1
UWB_Cisp0	66d8a380-8b56-4406-b798-3bbbf7989793	chr2	2925	1519	4444	1	1
UWB_Cisp0	6843b3b4-380b-4b51-a4af-827d414686da	chr2	1080	2240	3320	1	1
UWB_Cisp0	685e01fa-7270-4f7a-9ba4-2bb4c914ece3	chr2	2573	5073	7646	1	1
UWB_Cisp0	6b285861-cbf2-4071-b418-a3957bb3a4b2	chr2	1127	3758	4885	1	1
UWB_Cisp0	6bf11013-4370-4320-98c3-34419d0e9f46	chr2	2529	1850	4379	1	1
UWB_Cisp0	6df405bd-f843-4135-abfe-684f6cb0a5e7	chr2	1267	5489	6756	1	1
UWB_Cisp0	6e52cfc8-0dcb-4777-b791-870c9a40b87b	chr2	2296	9189	11485	1	1
UWB_Cisp0	6f74ff0e-68c6-4668-ab34-3debb159d621	chr2	1146	5595	6741	1	1
UWB_Cisp0	7032f093-739a-42b5-b55a-6a6c1876fa31	chr2	1138	3506	4644	1	1
UWB_Cisp0	727f57ba-a344-4fb9-b35e-ea62206c0525	chr2	2872	1157	4029	1	1
UWB_Cisp0	7631a475-e3bb-4bc8-b7b9-714ee9a7d3d2	chr2	2264	4695	6959	1	1
UWB_Cisp0	77a10317-405b-4c7f-85f5-5e6e71252735	chr2	1965	2570	4535	1	1
UWB_Cisp0	77f6e2fe-3667-4ae9-afac-fcb253f5da74	chr2	2003	2815	4818	1	1
UWB_Cisp0	7ad9dcba-c5bc-42bc-895a-e153f8ad9028	chr2	3696	1730	5426	1	1
UWB_Cisp0	7bf4ee0b-d21f-44b3-b2b2-9811bdc2b8aa	chr2	3324	7997	11321	1	1
UWB_Cisp0	7ea5ccda-9437-42d5-a41a-3efdcf0d93eb	chr2	1734	4396	6130	1	1
UWB_Cisp0	7eee01e6-1f13-41b9-8c71-b450f9c265b0	chr2	1485	2246	3731	1	1
UWB_Cisp0	833da001-b399-4cdc-8c2d-1d6e4bc85291	chr2	1832	11648	13480	1	1
UWB_Cisp0	83f2ae7a-4087-4ab1-8c5e-463262905ac7	chr2	1487	3172	4659	1	1
UWB_Cisp0	85226f56-25c1-418e-ba8e-90bb67bbf722	chr2	2952	6775	9727	1	1
UWB_Cisp0	852f5386-3c83-48fe-b539-5693e8fcefbf	chr2	4136	1607	5743	1	1
UWB_Cisp0	88501446-31b9-4fd1-b1a6-dcbdfbaa67d6	chr2	1719	5941	7660	1	1
UWB_Cisp0	88d2c2ed-06e7-4180-836a-bcf2268fe3d6	chr2	1950	3470	5420	1	1
UWB_Cisp0	8aa8128b-957b-4225-8545-01bbf3586ce9	chr2	1220	1249	2469	1	1
UWB_Cisp0	8b619749-c707-4c9b-97dc-acc6a79505c2	chr2	3598	9992	13590	1	1
UWB_Cisp0	9178645d-1fc2-4172-89d0-53a55d8662af	chr2	1075	1453	2528	1	1
UWB_Cisp0	9197a37e-49d8-4327-bf9d-2e53e2ad440d	chr2	1619	4107	5726	1	1
UWB_Cisp0	91b316b5-e3b1-4dd2-a8d6-0c16638a63bd	chr2	2992	4417	7409	1	1
UWB_Cisp0	93cb4368-327d-4273-a3fa-9573118f4245	chr2	1557	1268	2825	1	1
UWB_Cisp0	9c2c6221-647f-4936-a9af-dc29e3ef670d	chr2	1251	5199	6450	1	1
UWB_Cisp0	9c2fac19-dadb-4dc8-87f7-354fe9e252f9	chr2	2334	3947	6281	1	1
UWB_Cisp0	9c3ae9c5-9440-4755-9414-7977e0910218	chr2	2597	7878	10475	1	1
UWB_Cisp0	9d695515-1589-4119-b486-c80608bbc215	chr2	3099	3721	6820	1	1
UWB_Cisp0	9ddb91ad-45f9-42a9-8005-f9a01d8b94c3	chr2	1597	1446	3043	1	1
UWB_Cisp0	9e9eff43-ee91-4dc3-a68b-5773a22fc168	chr2	1010	2787	3797	1	1
UWB_Cisp0	9f781aa4-c16f-4280-a21f-803ad01657b1	chr2	5821	1126	6947	1	1
UWB_Cisp0	9ff2d6f0-669a-4a56-bb87-5d570c5e3d5a	chr2	1434	5450	6884	1	1
UWB_Cisp0	a00c226e-cc60-40a6-8cb2-741560d69c7e	chr2	2775	6214	8989	1	1
UWB_Cisp0	a03c57a5-2138-4523-b954-07ab38d9b9a1	chr2	2141	3869	6010	1	1
UWB_Cisp0	a05cd1d3-a53e-458d-9b36-fc81d990be61	chr2	2777	6599	9376	1	1
UWB_Cisp0	a0a63c70-f3b3-4757-b368-d3ce1f5f8765	chr2	2092	4068	6160	1	1
UWB_Cisp0	a1ab80f4-9b44-42ca-9c34-09c87dccad09	chr2	1386	4457	5843	1	1
UWB_Cisp0	a40e8aa7-4d25-4ccb-86a4-c9bb73c7d90b	chr2	3110	2938	6048	1	1
UWB_Cisp0	a903daee-a44c-465e-90d4-946302af2cd7	chr2	1567	3477	5044	1	1
UWB_Cisp0	aab1b2e8-a725-42d4-97da-83c7633ca194	chr2	5244	3489	8733	2	2
UWB_Cisp0	aae66542-b29e-4aa6-bd13-eda37d89a3fc	chr2	1462	1794	3256	1	1
UWB_Cisp0	ad566133-5b3e-42fc-908a-c786f0c47afb	chr2	1391	2752	4143	1	1
UWB_Cisp0	ad5e0203-126f-4762-9b4a-13c9bc433f1b	chr2	2430	3550	5980	1	1
UWB_Cisp0	af95450b-9686-47d9-843d-9867b460caa0	chr2	1120	1054	2174	1	1
UWB_Cisp0	b1c13304-5644-4f70-a334-d03630fa2a13	chr2	2668	2602	5270	1	1
UWB_Cisp0	b2f8cb46-4f9f-4839-8805-494e75ce4b26	chr2	3584	2735	6319	1	1
UWB_Cisp0	b431e8e7-eca6-482c-9811-d75bb2cd3c38	chr2	1896	3748	5644	1	1
UWB_Cisp0	b519c103-3967-4c8f-88d9-79a90ef5080b	chr2	1538	7262	8800	1	1
UWB_Cisp0	b5346333-358b-40be-a214-1d39aa565aa0	chr2	3373	1938	5311	1	1
UWB_Cisp0	b5eb37fc-c03d-4de3-b94c-7e03db4f8009	chr2	2616	3279	5895	1	1
UWB_Cisp0	b7222059-488c-4bac-aba8-d5ea9d857e40	chr2	1179	6262	7441	1	1
UWB_Cisp0	b95629ea-ca48-46bb-a6bc-46283f5eae9f	chr2	1573	1297	2870	1	1
UWB_Cisp0	b9c5590a-a93c-453d-9e1d-a251620490ac	chr2	2429	11270	13699	1	1
UWB_Cisp0	ba9831e4-7649-4a68-a7a8-6794ba030fdf	chr2	1220	9590	10810	1	1
UWB_Cisp0	bb19048f-e181-476d-aa36-86fc0cc1515a	chr2	4501	3351	7852	1	1
UWB_Cisp0	bb30eacf-dc63-4af6-8dbb-b683a1f3a499	chr2	1727	3549	5276	1	1
UWB_Cisp0	bb365976-6173-45cf-9437-896bc9872435	chr2	2066	9969	12035	1	1
UWB_Cisp0	bbb8129b-46f7-454a-a743-acad52b6a5c8	chr2	1146	3255	4401	1	1
UWB_Cisp0	bc0286a3-057e-4d42-a03a-163ed512884b	chr2	1588	5746	7334	1	1
UWB_Cisp0	bcbd11c4-51f4-47c2-b1a2-f4fe4a3dfb63	chr2	2418	2348	4766	1	1
UWB_Cisp0	bd199b62-ddb6-42a5-bc22-79a70d51fe32	chr2	3091	5993	9084	1	1
UWB_Cisp0	bd9f37d1-9f3a-43fe-8b4c-f172fc459893	chr2	1124	2166	3290	1	1
UWB_Cisp0	bdbb993c-2d9a-4644-a908-584da16e3a35	chr2	1602	3627	5229	1	1
UWB_Cisp0	c1513b32-9c0c-48dc-ba0c-4052ff99a611	chr2	5793	2397	8190	1	1
UWB_Cisp0	c3bba9f0-1d33-4d82-bba2-34f056f03247	chr2	4940	8088	13028	1	1
UWB_Cisp0	c56c94eb-86a5-491d-bde0-94ebdd437c00	chr2	1499	7397	8896	1	1
UWB_Cisp0	c5880b6e-1515-40cf-9387-f481ee24a794	chr2	1084	1198	2282	1	1
UWB_Cisp0	c5cc72d4-9ca7-4829-a78e-e49c5c6cd12b	chr2	2545	9499	12044	1	1
UWB_Cisp0	c5d7c8d2-8e4d-4f98-9e1f-bc42dd873ce5	chr2	1899	10461	12360	1	2
UWB_Cisp0	c6350bf2-dbb9-4070-9539-2a3ef6a09564	chr2	1439	3997	5436	1	1
UWB_Cisp0	c87789d9-c9a6-4319-ab30-1a8acadd4d4c	chr2	2864	4147	7011	1	1
UWB_Cisp0	c99d38e1-a035-4325-80dd-9ea5eb1868e7	chr2	3528	1712	5240	1	1
UWB_Cisp0	caaf9a3b-b655-4092-b627-666720f3c98b	chr2	1668	3419	5087	1	1
UWB_Cisp0	cd650705-9952-4ce0-b614-00e8c0195ca7	chr2	1419	3374	4793	1	1
UWB_Cisp0	ce73ef55-d24b-4190-b400-342fa9b1b951	chr2	1416	3597	5013	1	1
UWB_Cisp0	cf142220-f1ad-4fd7-bdd0-7bb0d786203e	chr2	1805	1859	3664	1	1
UWB_Cisp0	d0489953-5808-4942-ae23-bf0a479539a3	chr2	4593	4054	8647	1	1
UWB_Cisp0	d0fc16c3-db09-4ddc-8c8d-f4efdd2eeca5	chr2	1115	6504	7619	1	1
UWB_Cisp0	d2fb63bd-24fd-4ae9-b0ba-e23de37db3bb	chr2	2939	3182	6121	1	1
UWB_Cisp0	d42e6cc9-d478-4127-96b3-a8671ba4dbca	chr2	2918	2798	5716	1	1
UWB_Cisp0	d5afba91-6655-4b8b-aed6-38bd0c910b6d	chr2	2592	1760	4352	1	1
UWB_Cisp0	d718a403-d233-452f-9259-45f7a263a6ea	chr2	1269	4216	5485	1	1
UWB_Cisp0	d7b88259-d00a-49a7-a184-57bbaf8d8e7c	chr2	1570	3300	4870	1	1
UWB_Cisp0	d7e646ce-4f12-4934-a1fb-2657a7296c34	chr2	1234	4764	5998	1	1
UWB_Cisp0	d942df74-a0c6-4ef0-9d20-3e637ccf4d70	chr2	3826	9224	13050	1	1
UWB_Cisp0	d96ce8d6-289e-4369-bebd-60abe7ed069e	chr2	1574	7975	9549	1	1
UWB_Cisp0	d975dba6-96d6-4454-8e76-48fb109ba664	chr2	2492	3347	5839	1	1
UWB_Cisp0	dbbbc1f3-40bf-4ffd-affe-cd6ff776defd	chr2	1740	1404	3144	1	1
UWB_Cisp0	dcd17320-8cf0-4da2-b669-36a09fd68b40	chr2	2519	4234	6753	1	1
UWB_Cisp0	df012cc7-e446-48e5-801e-4cd8e71e8761	chr2	1872	1630	3502	1	1
UWB_Cisp0	df1ce03f-6c4f-4d9b-821b-b5e85828d413	chr2	3523	2859	6382	1	1
UWB_Cisp0	df89c595-462c-41a4-86dc-bbfab7190a9e	chr2	1121	6579	7700	1	1
UWB_Cisp0	e5b09fb8-d164-4d47-91b1-a7add5a180fd	chr2	1337	10258	11595	1	1
UWB_Cisp0	ea13f94e-9fc1-4011-974d-0aab29a44323	chr2	2203	8715	10918	1	1
UWB_Cisp0	eb9f7fef-6861-4927-8b70-cb5dc4f90e0d	chr2	2028	3805	5833	1	1
UWB_Cisp0	efa16451-6815-401c-a8f2-08db9052b808	chr2	3805	4677	8482	1	1
UWB_Cisp0	f1f809eb-9d53-4b7f-a008-ce9f1f33aac9	chr2	3136	3612	6748	1	1
UWB_Cisp0	f7519094-5dda-45f3-9913-707803fabb16	chr2	4270	3957	8227	2	2
UWB_Cisp0	f77adb2b-97a7-43ca-be56-426decdbce3b	chr2	1975	1430	3405	1	1
UWB_Cisp0	fabcf07d-aaa8-4019-9f47-7963ea387c28	chr2	1516	3387	4903	1	1
UWB_Cisp0	fbd871f0-2e89-4f52-85ad-6d32fbfb1e11	chr2	1339	5198	6537	1	1
UWB_Cisp0	fe0603df-317f-438e-9b01-38db96524c96	chr2	1849	6555	8404	1	1
UWB_Cisp0	fe5ce026-969a-4345-8a1b-a2cb62a51008	chr2	3020	5499	8519	1	1
UWB_Cisp0	fe5d7c16-ac77-4cac-9344-ed9538babb5a	chr2	1558	3785	5343	1	1
UWB_Cisp0	fe7a72b3-0c7a-4cf0-851e-5bf73fd22c33	chr2	1373	1752	3125	1	1
UWB_Cisp0	ffa63d85-de3c-4fca-9e20-8a261da0185d	chr2	1140	10363	11503	1	1
UWB_Cisp0	02bcd2f3-f9aa-4182-96e7-07e23109c098	chr3	1525	4912	6437	1	1
UWB_Cisp0	03853835-95a1-424c-9afe-6be98cee613b	chr3	2664	2147	4811	1	1
UWB_Cisp0	039bacc8-e6fd-40fa-8963-70d4ec177fc8	chr3	1515	3522	5037	1	1
UWB_Cisp0	0484364c-a62b-471d-8c74-d12859da94fc	chr3	4027	2257	6284	1	1
UWB_Cisp0	04f4e920-d254-463e-be58-4ce40f5e06e2	chr3	1965	4533	6498	1	1
UWB_Cisp0	0a10d724-6a01-4065-a890-45b82dceb200	chr3	1109	5257	6366	1	1
UWB_Cisp0	0acc3889-04ca-4dba-a146-46e3f326247b	chr3	1511	2973	4484	1	1
UWB_Cisp0	0c81155d-7665-4fd1-8f15-94930d755ffc	chr3	5661	3218	8879	1	1
UWB_Cisp0	0dab8b7a-71ea-44df-8ad8-c7b8ea4d9641	chr3	7143	2359	9502	1	1
UWB_Cisp0	114a7772-ab58-4b26-adc7-ffc1e765f4bc	chr3	2734	1720	4454	1	1
UWB_Cisp0	15983a19-017e-41e4-af3f-c624cf2a637b	chr3	2221	6659	8880	1	1
UWB_Cisp0	15dde8be-916e-4a2e-a44a-529538124b1f	chr3	1043	4076	5119	1	1
UWB_Cisp0	1708578e-0c03-4267-8146-6712f023cebd	chr3	2814	3409	6223	1	1
UWB_Cisp0	17634b6f-7e8f-4a34-a14f-d48d5f064de8	chr3	2570	11846	14416	1	1
UWB_Cisp0	176e64dc-a640-4d86-99a4-1b6333a0c150	chr3	1304	3346	4650	1	1
UWB_Cisp0	192c9150-7d67-4444-b2dc-7060e97f8eb7	chr3	3016	3935	6951	1	1
UWB_Cisp0	210121b6-3721-4680-9660-f1cea1f6d559	chr3	3198	1379	4577	1	1
UWB_Cisp0	22d516b4-8530-414b-8c0a-b2636222b070	chr3	1811	3450	5261	1	1
UWB_Cisp0	2346b69d-0699-4a68-b608-ddcfd8a6789d	chr3	3228	3138	6366	1	1
UWB_Cisp0	25624e95-0fa7-431a-a20e-f252f8ba8b20	chr3	1375	4669	6044	1	1
UWB_Cisp0	26c711cd-e8b3-48be-8851-d336221e2585	chr3	1103	1780	2883	1	1
UWB_Cisp0	273a07c0-d6e9-40cf-9157-e495045763ba	chr3	3004	5270	8274	1	1
UWB_Cisp0	27e2b5b5-5d78-4f42-b80b-1024095fd3eb	chr3	2659	1025	3684	1	1
UWB_Cisp0	296872f9-6e2a-470d-9662-27a3ec483e9a	chr3	2161	5474	7635	1	1
UWB_Cisp0	2c8abeb0-915f-42da-87cb-769db298dcde	chr3	2422	2946	5368	1	1
UWB_Cisp0	30762c83-5754-4652-a02b-d8f239398ebb	chr3	1618	2817	4435	1	1
UWB_Cisp0	31d5d318-fb4e-45fb-b052-5607f8b69fb6	chr3	1991	5350	7341	1	1
UWB_Cisp0	3330c194-80df-43c2-9d18-270ebd8443b9	chr3	3172	4764	7936	1	1
UWB_Cisp0	35870dda-bc47-4719-9c2a-f21360c5da8e	chr3	3447	1893	5340	1	1
UWB_Cisp0	382d58f4-46de-434a-a3d6-19536d533019	chr3	4825	3921	8746	1	1
UWB_Cisp0	3a6c9500-ae8c-48d9-a77f-a61b140e25c1	chr3	2588	1149	3737	1	1
UWB_Cisp0	3c62afd0-c2ab-4878-b44d-a24f151cb0b9	chr3	2341	5128	7469	1	1
UWB_Cisp0	3cc0039b-4b83-4b64-a4a9-b0dcf0f02978	chr3	2496	3724	6220	1	1
UWB_Cisp0	3cea069f-5cbd-4533-b87b-1fd17d134f06	chr3	1428	4916	6344	1	1
UWB_Cisp0	3d7cf3c3-636b-447e-a88e-e3ce44402b5e	chr3	1080	10131	11211	1	1
UWB_Cisp0	4063051d-91b2-42fd-9a8d-7437b7d71956	chr3	3307	5049	8356	1	1
UWB_Cisp0	4126de53-7b38-4a32-a86a-82b7c2cbebdf	chr3	1384	5017	6401	1	1
UWB_Cisp0	44c40c90-2797-4635-a743-9cc80dd965cf	chr3	3291	3045	6336	2	1
UWB_Cisp0	455bef6b-fc2e-46fd-8473-08d689f863b7	chr3	2383	5972	8355	1	1
UWB_Cisp0	47df781f-0c47-4f34-9f6c-a724d51fed47	chr3	2433	2531	4964	1	1
UWB_Cisp0	48aabf9d-79d5-4a16-91d9-b5eb449f4e1b	chr3	1838	8586	10424	1	1
UWB_Cisp0	4917e341-83ce-43b0-b32a-90a01d996bc0	chr3	1861	3353	5214	1	1
UWB_Cisp0	49cf24c0-fc8f-48bd-93db-3676aa5a4862	chr3	2545	2927	5472	1	1
UWB_Cisp0	4a54cdf5-fbb9-4736-b6d9-92b105fc9d11	chr3	1143	8038	9181	1	1
UWB_Cisp0	4b6aa459-1122-442a-a093-c958af0cc397	chr3	5732	4963	10695	1	1
UWB_Cisp0	4cc102e1-a116-4609-bb52-d490d93e6c76	chr3	2335	4571	6906	1	1
UWB_Cisp0	4ee64785-7825-4c10-81dd-cd89d48e1dd9	chr3	1270	2647	3917	1	1
UWB_Cisp0	52f584a1-eb61-4e19-a654-1cdfc1d38aa9	chr3	1670	1063	2733	1	1
UWB_Cisp0	534fa64b-665b-4a08-adf1-eb6eb01e77ef	chr3	1936	2852	4788	1	1
UWB_Cisp0	536a7e35-a4ad-45f3-b51c-fde9861cf38b	chr3	2320	10761	13081	1	1
UWB_Cisp0	540ba8c5-e27c-498d-814d-652dd730516f	chr3	2620	4258	6878	1	1
UWB_Cisp0	57f97d85-634c-48d3-aab6-b8fe5bd14979	chr3	4398	5963	10361	1	1
UWB_Cisp0	58fb5bee-e657-444a-8d3a-f2ae08d3dd8e	chr3	2852	4712	7564	1	1
UWB_Cisp0	590bfc7f-18d7-408a-bc26-47ef56667ce0	chr3	1293	4504	5797	1	1
UWB_Cisp0	59f5ce3c-d53a-4837-8383-91359a561ae2	chr3	1071	2726	3797	1	1
UWB_Cisp0	5ba56bf4-9adc-4a30-b202-a86eb042ac8e	chr3	3295	3168	6463	1	1
UWB_Cisp0	5cb03e42-506d-45c4-a378-cd4d75d6485d	chr3	3012	5778	8790	1	1
UWB_Cisp0	5f1d253f-d5c1-48d1-b901-12fd8330cbbd	chr3	2282	5306	7588	1	1
UWB_Cisp0	60132be2-d409-4ba3-b0ac-d68b443878b1	chr3	1225	2117	3342	1	1
UWB_Cisp0	6115214d-ed01-4b4c-9f0a-2e91a47dfa9a	chr3	2354	1303	3657	1	1
UWB_Cisp0	61655140-9e54-46a5-9bd5-645dbae1e330	chr3	1751	1189	2940	1	1
UWB_Cisp0	680044f8-35df-46b8-b9dd-77cb83c27f9b	chr3	1409	3026	4435	1	1
UWB_Cisp0	6b1aeea6-37da-4eea-9d41-a11d1ee7d943	chr3	3600	1358	4958	1	1
UWB_Cisp0	6c83aa92-cabf-40a3-b4f7-8d8287059c88	chr3	1722	7912	9634	1	1
UWB_Cisp0	6e7cffd9-21d5-4c70-96db-ae1f52fd544b	chr3	1606	4575	6181	1	1
UWB_Cisp0	6e8d1ab8-8be1-4d66-93f7-5b02aea6d10b	chr3	2478	4561	7039	1	1
UWB_Cisp0	6feb6302-5f3f-4e76-93bc-710cff4af7fd	chr3	1570	1261	2831	1	1
UWB_Cisp0	70819b7c-5539-4771-b52f-f46a75cf8dbe	chr3	1076	5759	6835	1	1
UWB_Cisp0	7105c105-59d1-48fd-b6b5-4aef16b9f509	chr3	1953	7611	9564	1	1
UWB_Cisp0	7619b991-a6d8-45b5-ab85-3979e17288ee	chr3	3631	3266	6897	1	1
UWB_Cisp0	76457a8e-c25e-4ef0-b61b-f8a2ec83af98	chr3	1852	5686	7538	1	1
UWB_Cisp0	76596cb7-86df-4a21-8ab3-37e0e0b255d3	chr3	1131	7635	8766	1	2
UWB_Cisp0	79ce5183-c6e6-48a7-8423-2da33b4616e2	chr3	3538	6553	10091	1	1
UWB_Cisp0	7f212aa1-404c-4dd5-85c2-464a98d16c02	chr3	1426	3206	4632	1	1
UWB_Cisp0	7f277a95-19f3-4f10-b6b5-be60b947a9e8	chr3	3552	4673	8225	1	1
UWB_Cisp0	8002bd8a-29b3-4107-8785-a0c6943cc8af	chr3	2992	3244	6236	2	1
UWB_Cisp0	8194029d-380c-4a59-a1d0-5d6cddb5a93f	chr3	1344	4040	5384	1	1
UWB_Cisp0	842fd66b-7c4f-46c3-81f0-ceb9b0eea49d	chr3	2998	2609	5607	1	1
UWB_Cisp0	850975e3-b01d-419f-b5aa-4594085ad7b7	chr3	3839	3170	7009	1	1
UWB_Cisp0	85e21067-2f87-4908-bb85-d16e9c34116b	chr3	2584	1947	4531	1	1
UWB_Cisp0	861663ec-eb80-4cb9-a228-4055a287788a	chr3	1181	3204	4385	1	1
UWB_Cisp0	8ac252ed-37b0-46bc-af3b-fb0e5019ae5c	chr3	2558	2684	5242	1	1
UWB_Cisp0	8b90d4a7-aed5-4a55-a466-0b4e3160b41f	chr3	1567	5499	7066	1	1
UWB_Cisp0	8ba4a8ea-b705-425e-83e2-e5caf721a85f	chr3	3937	2734	6671	1	1
UWB_Cisp0	8ddeaca2-c18b-4839-b495-1cbacdaf2a73	chr3	3010	1998	5008	1	1
UWB_Cisp0	8f5b988d-6890-4c25-88cf-c0d8b510c9cc	chr3	2022	3631	5653	1	1
UWB_Cisp0	918ac13b-fd21-4c8b-8a6f-0234f5a2010f	chr3	2278	12899	15177	1	1
UWB_Cisp0	92e4291b-4550-4f9e-ae31-8c49204cae67	chr3	1284	2388	3672	1	1
UWB_Cisp0	9388e9ee-6ae4-4370-b5d1-29320d7c11ae	chr3	1013	2210	3223	1	1
UWB_Cisp0	93e2512d-86e5-4e64-bbdf-b526df8033de	chr3	2756	3708	6464	1	1
UWB_Cisp0	966a29dd-564d-4f81-b39c-81660af1b26b	chr3	2429	5711	8140	1	1
UWB_Cisp0	9b9ee127-c77a-4f2e-8634-2576d844c55f	chr3	2620	5100	7720	1	1
UWB_Cisp0	9cd2a40b-abf5-4d4e-aa72-d67ffdedee6c	chr3	3567	1060	4627	1	1
UWB_Cisp0	9ce49782-5f3e-4779-80a0-d6664eb7c740	chr3	4680	2315	6995	1	1
UWB_Cisp0	9dea5528-9341-44c1-a9cf-189f386f1a54	chr3	1828	6375	8203	1	1
UWB_Cisp0	a178ab57-aada-47b4-82ab-c745e3b31893	chr3	2238	1339	3577	1	1
UWB_Cisp0	a21df91d-df9d-48a7-8cab-c5b238984760	chr3	1216	1764	2980	1	1
UWB_Cisp0	a28a416b-7918-46ed-9943-7c99164e9024	chr3	1119	2492	3611	1	1
UWB_Cisp0	a2d27a6a-12a0-4ead-a7d8-0ca96e0c378b	chr3	2297	2901	5198	1	1
UWB_Cisp0	a2ed45dc-1ae6-431d-9ae4-a12d237a226a	chr3	1031	2841	3872	1	1
UWB_Cisp0	a37bc4d2-68c0-4e7c-8274-9cb092b382b0	chr3	4471	4500	8971	1	1
UWB_Cisp0	a3e00e75-257d-416f-8509-0f1871c69d5c	chr3	1249	12433	13682	1	1
UWB_Cisp0	aea75892-08f2-4ec8-a5d3-36455160326a	chr3	4325	1857	6182	1	1
UWB_Cisp0	aee10349-f63f-4a30-82b1-14d1728bb6dd	chr3	1074	3487	4561	1	1
UWB_Cisp0	af00a5f8-f306-4cff-a609-b43980522b13	chr3	2080	3510	5590	1	1
UWB_Cisp0	b18b4995-0f02-4731-9a9d-869fa008ef7d	chr3	2045	5917	7962	1	1
UWB_Cisp0	b1e72cec-518e-433f-bee8-673fc0d6169f	chr3	3478	5497	8975	1	1
UWB_Cisp0	b2d6f0b0-f10d-4c3d-95a8-abd819527e73	chr3	2604	1037	3641	1	1
UWB_Cisp0	b52aab5a-ce67-4f0e-ae5b-723daf075a0f	chr3	1724	5991	7715	1	1
UWB_Cisp0	ba11a55e-9d32-45fc-930a-16458104a7b8	chr3	1114	2319	3433	1	1
UWB_Cisp0	ba9dc730-6798-496e-9f81-e58283c1699e	chr3	2619	4868	7487	1	1
UWB_Cisp0	badecdf0-09c4-434f-84fc-6b01ee2c7cbf	chr3	3173	8670	11843	1	1
UWB_Cisp0	badfda65-a82a-472b-8dda-a7f5553cfb50	chr3	4099	2866	6965	2	1
UWB_Cisp0	bae51ff8-241a-423d-a1ba-033d2885bbc3	chr3	3790	6408	10198	1	1
UWB_Cisp0	bb2938a5-8e16-4999-8b47-ceb27a0ca9e3	chr3	1157	5886	7043	1	1
UWB_Cisp0	be6d1f22-ac15-4e28-a843-b08135c066de	chr3	2652	11504	14156	1	1
UWB_Cisp0	bf66e12e-566d-43e4-85a2-3f413a1f77ca	chr3	2488	1547	4035	1	1
UWB_Cisp0	bf6c03e8-6b77-4798-957c-da469e4ae69f	chr3	1601	1711	3312	1	1
UWB_Cisp0	c024ae10-836c-42f1-ac4d-3f28e69cbc0d	chr3	3747	1902	5649	1	1
UWB_Cisp0	c0e37976-8856-4ea5-933f-9a9c192c4fb0	chr3	1776	1560	3336	1	1
UWB_Cisp0	c2218bee-4906-473f-83db-17f5a82f8502	chr3	1010	5070	6080	1	1
UWB_Cisp0	c946c2d7-30d1-416d-93d7-0516732cb107	chr3	4046	9589	13635	2	2
UWB_Cisp0	cadca18c-97c7-4136-aa51-01a4fd9f02c4	chr3	1723	2490	4213	1	1
UWB_Cisp0	cbec0b5e-67f1-40c0-a5b1-be9018722a3d	chr3	1481	3674	5155	1	1
UWB_Cisp0	cc0f04c3-399c-439e-bf93-02bf73859e80	chr3	5340	1906	7246	1	1
UWB_Cisp0	cc5ea510-703a-4897-92ae-0ba116103c58	chr3	3343	7545	10888	1	1
UWB_Cisp0	cfa6e28c-27b7-4b9b-9d1d-fe45a0dbac08	chr3	1801	4331	6132	1	1
UWB_Cisp0	cfafdce4-460d-4087-981f-c1c308a9d0cc	chr3	1640	2111	3751	1	1
UWB_Cisp0	d20cb32a-2669-44ba-83ee-2668274f119a	chr3	2731	5134	7865	1	1
UWB_Cisp0	d7bfae0c-8431-4f24-9b36-b7612212baa8	chr3	1954	2304	4258	1	1
UWB_Cisp0	d8f9abaf-cacd-458e-966e-3914ec6242d5	chr3	2526	2122	4648	1	1
UWB_Cisp0	da0e4fc7-3bb4-4baa-abdc-a309b8329095	chr3	3124	1270	4394	1	1
UWB_Cisp0	dcca7906-aa6f-4c4f-81b5-afcd42c58c87	chr3	1191	5079	6270	1	1
UWB_Cisp0	dd321114-a861-418c-b3e7-1b1467d2e24c	chr3	3672	7285	10957	1	1
UWB_Cisp0	dec7d45b-ef9e-479e-97dc-0a3e47eae2e7	chr3	2600	3966	6566	1	1
UWB_Cisp0	def6ba29-0432-4382-b44b-8d1ca95ae237	chr3	3131	1736	4867	1	1
UWB_Cisp0	e0f6e08c-8d71-4b9c-959e-35cd22930b95	chr3	1509	13483	14992	1	1
UWB_Cisp0	e136d417-6309-4537-9175-3969a66cabaa	chr3	2597	4713	7310	1	1
UWB_Cisp0	e17ec568-3c9c-4e21-b1e9-f412cf9f9144	chr3	1961	6185	8146	1	1
UWB_Cisp0	e19a4e9e-c1c2-456b-8869-df1bf75936c0	chr3	3400	5754	9154	1	1
UWB_Cisp0	e1d52611-6432-4dd3-a7c3-9c34fe72e839	chr3	2079	4352	6431	1	1
UWB_Cisp0	e2baabf0-40a5-461f-ad84-b13235fc96d8	chr3	2314	23350	25664	1	1
UWB_Cisp0	eb4b593b-ea18-4c49-953f-ab6d5f7b0f3d	chr3	3399	8142	11541	1	1
UWB_Cisp0	eb527d0e-8b42-4727-868b-6f5d18adde9e	chr3	2877	4145	7022	1	1
UWB_Cisp0	ed01e36a-023e-437a-be25-0139fe9c1c82	chr3	7632	2819	10451	2	1
UWB_Cisp0	ef0c5b05-8655-4767-b81e-4a8f8777ea83	chr3	1946	2436	4382	1	1
UWB_Cisp0	f3f6bf61-7a87-4eb4-a9cf-56831985c74d	chr3	1598	1374	2972	1	1
UWB_Cisp0	faa1dbfe-85b8-418c-8d72-5c427fb026c3	chr3	1566	12070	13636	1	1
UWB_Cisp0	fcb91095-da9c-4016-a8d4-c03ecc942f5d	chr3	2753	4455	7208	1	1
UWB_Cisp0	fcc077ca-0c28-43b7-93d1-c18da1b0491b	chr3	1551	4130	5681	1	1
UWB_Cisp0	fd3b7b87-4944-49cb-b512-53efb8d0b5dd	chr3	1071	1425	2496	1	1
UWB_Cisp0	fef4a000-d836-4a1f-a141-0187fe1af06b	chr3	3331	4581	7912	1	1
UWB_Cisp0	04192f21-0ffc-4a93-9f9c-8a3fbce23801	chr4	3889	5674	9563	1	1
UWB_Cisp0	0621fc57-88cf-41e9-b8c6-1dd26a5f23a1	chr4	2056	3551	5607	1	1
UWB_Cisp0	0e09249d-c739-4d27-ba26-687e4958757e	chr4	3326	5596	8922	1	1
UWB_Cisp0	18f4e316-4a72-46f1-88a0-a9d047cc69e8	chr4	1141	7193	8334	1	1
UWB_Cisp0	1aaa429f-ccc9-49d4-9934-6dec64dc02c9	chr4	1891	6162	8053	1	1
UWB_Cisp0	1b52bfdb-9fcd-45ea-b3a4-f14149883879	chr4	1359	4056	5415	1	1
UWB_Cisp0	2291dec6-446a-490d-b672-757ec7eab4cd	chr4	3472	3235	6707	1	1
UWB_Cisp0	249bba20-ec61-449c-b561-89130235e73c	chr4	3279	3128	6407	1	1
UWB_Cisp0	2568cde3-43c6-42f6-8170-bb9b9f036dd8	chr4	1163	7384	8547	1	1
UWB_Cisp0	257fde22-01ea-4630-9d0b-948eb1dca3b4	chr4	3044	5694	8738	1	2
UWB_Cisp0	27614380-5a23-42ba-8e6e-e3b27a109cd4	chr4	2498	3750	6248	1	1
UWB_Cisp0	2c1ad6d8-dec5-4f17-98fa-b0aa66408f58	chr4	2574	1627	4201	1	1
UWB_Cisp0	2e0c221b-a44a-48cb-a068-6c3b32661c86	chr4	1014	17523	18537	1	1
UWB_Cisp0	30e30bf2-44c1-4cb0-aaf9-990f5c4c28c4	chr4	1559	7782	9341	1	1
UWB_Cisp0	35867971-d9e0-4755-b455-ebd0634892b3	chr4	1656	24718	26374	1	1
UWB_Cisp0	36c97776-e619-490b-9363-c51f37bdc666	chr4	1972	11380	13352	1	1
UWB_Cisp0	39b9cc70-699a-4f9a-851c-9fc4379a131d	chr4	3777	1875	5652	1	1
UWB_Cisp0	3b7b0f08-701a-4bf0-b822-647d386d3672	chr4	3583	1927	5510	1	1
UWB_Cisp0	3bf3c3e3-c318-44c7-838b-44fb0a290933	chr4	1063	1184	2247	1	1
UWB_Cisp0	3e2a3174-f621-4a3c-811b-51492dd53960	chr4	4376	4929	9305	1	1
UWB_Cisp0	3f7130e8-251f-4a37-ae0d-dbfcaeefc7c5	chr4	1306	4610	5916	1	1
UWB_Cisp0	49cbc7ee-8098-418a-b576-18bf3fcd6b71	chr4	3510	2161	5671	1	1
UWB_Cisp0	4b149f22-0afb-489f-b58b-97c94be58f9e	chr4	2801	5727	8528	1	1
UWB_Cisp0	4cd366bc-441a-466b-8402-be609cab59b2	chr4	2009	2191	4200	1	1
UWB_Cisp0	4d60eb09-d0dc-4800-81f3-4f6d4df6e853	chr4	1988	4130	6118	1	1
UWB_Cisp0	4d81d9d6-636e-4e3c-b658-ed61ac50b380	chr4	2103	4168	6271	1	1
UWB_Cisp0	4f71d025-7817-4a8d-878e-0e1d76b4894f	chr4	1437	3826	5263	1	1
UWB_Cisp0	534f4b3c-3a8f-4000-a43d-ddcfe7fd24de	chr4	3527	4694	8221	1	1
UWB_Cisp0	53f452b0-dd63-4c1f-a069-6f422055d01b	chr4	1524	10299	11823	1	1
UWB_Cisp0	552b6395-f138-4f53-9f08-4ab322d34201	chr4	1887	2981	4868	1	1
UWB_Cisp0	573108bb-902b-4da6-b1ef-d212ccdeed8d	chr4	1400	15388	16788	1	1
UWB_Cisp0	57fd7dcf-0be1-4abd-ba97-fa4c92f9eea3	chr4	1003	1170	2173	1	1
UWB_Cisp0	5954e8ad-c7f0-49f4-a8b3-7f0a3bb93f52	chr4	1707	4865	6572	1	1
UWB_Cisp0	5c47bad2-f9bb-43f3-9933-f3d32958c5ed	chr4	1264	1201	2465	1	1
UWB_Cisp0	626715a5-8349-49f2-b3a5-4e1f40c0be7a	chr4	4608	3965	8573	2	1
UWB_Cisp0	68b2846b-6e33-4ef1-8697-542afb507432	chr4	1175	4817	5992	1	1
UWB_Cisp0	695c299c-e091-45bf-ab10-8158808dedbe	chr4	2843	5005	7848	1	1
UWB_Cisp0	6d19f353-7455-4287-aaa1-aa17659cf380	chr4	1767	4998	6765	1	1
UWB_Cisp0	6d3e2333-42f3-4228-b570-e2f4c0c9aeb7	chr4	1256	4770	6026	1	1
UWB_Cisp0	722b8719-f571-4868-8e56-ac154aed85dd	chr4	3021	3430	6451	1	1
UWB_Cisp0	747a06e0-ceff-4124-9c03-528053fad4ee	chr4	1224	4526	5750	1	1
UWB_Cisp0	798f3139-0b50-4795-87d5-cb56aa3fae54	chr4	1698	9593	11291	1	1
UWB_Cisp0	7a4fbc9f-8bf5-450c-9bb5-1e1fc8727e88	chr4	2885	2355	5240	1	1
UWB_Cisp0	7b97ea8f-a51f-49a8-a8d6-ca5c5bfc158f	chr4	2869	3765	6634	1	1
UWB_Cisp0	7e370ee5-bf99-4e15-8dc9-f963a5da9524	chr4	1180	6497	7677	1	1
UWB_Cisp0	7f6abafc-4513-4608-a34b-35efc385c032	chr4	1964	2867	4831	1	1
UWB_Cisp0	849e3450-8969-4915-9f6e-7d66a8f6b940	chr4	3391	6449	9840	1	1
UWB_Cisp0	84db6110-ce69-44c3-b8c6-223afed6cc50	chr4	4843	1777	6620	1	1
UWB_Cisp0	879f5af8-d816-4616-97ba-ded6bcd57985	chr4	1132	1415	2547	1	1
UWB_Cisp0	89423576-c8ae-4d56-880a-c83828f99e98	chr4	4771	6093	10864	1	2
UWB_Cisp0	8d064e3a-dd2e-464b-805b-1b8ceb4bd7fd	chr4	2593	2278	4871	1	1
UWB_Cisp0	8f58465f-8a81-48c4-bf04-240167da5edf	chr4	3580	2050	5630	1	1
UWB_Cisp0	90cabf43-1147-45fd-9e4a-ad60844cb529	chr4	1306	4003	5309	1	1
UWB_Cisp0	9154eda4-0cc8-4fd1-a838-f3ee7caaa146	chr4	4293	2524	6817	1	1
UWB_Cisp0	9574f12e-cd00-4b59-94f5-079c6cdb6854	chr4	2027	3090	5117	1	1
UWB_Cisp0	9f989394-d781-4788-828b-49abbf4e232d	chr4	1170	1643	2813	1	1
UWB_Cisp0	b2387be1-ae81-4f36-954b-c9c9e8355df1	chr4	1070	2574	3644	1	1
UWB_Cisp0	b5c3b73b-471b-45fc-a25e-b0e12f0a6eb7	chr4	2912	4646	7558	1	1
UWB_Cisp0	b6198559-c5c9-4a0a-8e26-544077a2a66a	chr4	1907	1353	3260	1	1
UWB_Cisp0	b893cf59-67f0-4d1f-8b8a-c8f950354ba1	chr4	6365	1226	7591	1	1
UWB_Cisp0	b9f8326b-c90a-4114-8359-1c06ad332323	chr4	1674	4434	6108	1	1
UWB_Cisp0	bfa1207e-df18-44a1-9a10-69f3b0f9c17a	chr4	1152	5730	6882	1	1
UWB_Cisp0	bfc42eb9-d488-4b38-bf26-06527f144f5c	chr4	4104	3754	7858	1	1
UWB_Cisp0	c62639c9-ca33-44f2-9594-0c36342691a7	chr4	2079	1694	3773	1	1
UWB_Cisp0	c83b95e2-5a9f-4ec7-9ea8-27635dbdb2ed	chr4	2475	3037	5512	1	1
UWB_Cisp0	cb9da4be-f10e-4221-90da-0cf8ec8f2177	chr4	1323	1253	2576	1	1
UWB_Cisp0	d107c06a-98f8-46b0-a8d9-f8650e3c0680	chr4	1103	10199	11302	1	1
UWB_Cisp0	d623d1ae-5842-4369-85a2-f82ca81681b1	chr4	4430	5374	9804	1	1
UWB_Cisp0	d75b5efb-dd7c-4378-b668-3aad12c5f1a9	chr4	1698	4072	5770	1	1
UWB_Cisp0	d8eb2b14-5d63-4f62-bf4f-a596459a4e9f	chr4	1798	3198	4996	1	1
UWB_Cisp0	dbc69d67-6e44-4fe5-9cbf-c0bc9dfb6dda	chr4	1596	1971	3567	1	1
UWB_Cisp0	de7486e6-6e21-4718-acf3-9f3e922b364f	chr4	2083	2311	4394	1	1
UWB_Cisp0	e1b43c1c-6d13-4462-8496-35a3c8161aec	chr4	3696	2068	5764	1	1
UWB_Cisp0	e3d50fed-7864-4707-90a5-6254089c9ae0	chr4	2405	2233	4638	1	1
UWB_Cisp0	e4b1233f-367f-4491-8e78-2122f44b8319	chr4	1801	7192	8993	1	1
UWB_Cisp0	e65dd7a9-f3ff-4957-a2a8-07136c8f4387	chr4	2751	9594	12345	1	1
UWB_Cisp0	e670e3ad-3adb-4e7f-ba75-f64b26eea7cc	chr4	4477	2639	7116	1	1
UWB_Cisp0	e8dac508-9be0-4b2f-85ee-bf2c3c74ee7a	chr4	2885	3693	6578	1	1
UWB_Cisp0	ebd148fe-d61e-42ba-a62a-1744356a0d0e	chr4	2387	1891	4278	1	1
UWB_Cisp0	ef8a20ce-50c5-4306-a39f-63c50375696f	chr4	4825	7454	12279	1	1
UWB_Cisp0	f17f290a-ceab-467a-abdf-00eb507f36c5	chr4	1795	4573	6368	1	1
UWB_Cisp0	f23c09a8-25c9-42d8-9a82-fe4613732385	chr4	1065	1474	2539	1	1
UWB_Cisp0	f291ae0f-b1de-4f6a-910f-2466b7c27753	chr4	2537	1443	3980	1	1
UWB_Cisp0	f805d13f-cf03-433c-ac43-345011635e62	chr4	1984	2875	4859	1	1
UWB_Cisp0	fa98d21e-2ccb-40f4-b505-74b2aad6358d	chr4	2462	4450	6912	1	1
UWB_Cisp0	fb50f27e-25ba-4165-9803-b341ec27d66a	chr4	1920	2149	4069	1	1
UWB_Cisp0	fca85211-b597-4aaa-a230-de31c415ad02	chr4	1065	1594	2659	1	1
UWB_Cisp0	fdcd93cd-8c10-40ac-be24-fb689bb812d7	chr4	3024	12431	15455	1	2
UWB_Cisp0	ffa36b3c-7d37-4bdb-8479-3919818afb2a	chr4	1081	8968	10049	1	1
UWB_Cisp0	0bb30150-eb7c-4c0d-9b81-7c1430359c76	chr5	1429	6250	7679	1	1
UWB_Cisp0	0bfa1282-93c2-4491-abb2-cd1135c5701f	chr5	2080	3751	5831	1	1
UWB_Cisp0	0c43b0c3-94fb-424a-8aef-8486b9c63fd1	chr5	1267	1911	3178	1	1
UWB_Cisp0	0e3d56aa-45dd-4740-9308-46e5ae1cc9c7	chr5	2000	1599	3599	1	1
UWB_Cisp0	10aa8550-8458-49f9-afb6-15a26f1aca20	chr5	2807	2243	5050	1	1
UWB_Cisp0	11f93d25-0f8e-447f-a47e-367b0be70767	chr5	1277	3039	4316	1	1
UWB_Cisp0	1d631712-01fa-4063-8274-68b697671e78	chr5	6574	5040	11614	1	1
UWB_Cisp0	1e4771f5-f3c6-4695-8f5c-d4489675b62c	chr5	1231	1057	2288	1	1
UWB_Cisp0	20200fe8-e9c4-4b87-b7e5-0b0522989081	chr5	1486	1547	3033	1	1
UWB_Cisp0	21acd486-80b0-489d-b838-842988f1e112	chr5	2658	21257	23915	1	1
UWB_Cisp0	24697b4e-2cea-451b-b9f9-4f3f1dee515b	chr5	1302	3113	4415	1	1
UWB_Cisp0	247ac5cf-6ae8-4422-96ba-7c38b4a26adc	chr5	4872	2690	7562	1	1
UWB_Cisp0	26769cf5-37c7-4430-a9fa-ad43962050e7	chr5	1837	1241	3078	1	1
UWB_Cisp0	28a5102c-f2df-4ff7-b070-147fbdd9ab4d	chr5	1670	3006	4676	1	1
UWB_Cisp0	2c7eaad5-c2ca-42a8-9fd7-78a274117f27	chr5	2439	5213	7652	1	1
UWB_Cisp0	2ee8cbee-461a-4461-a847-d33046334ef8	chr5	3883	3291	7174	1	1
UWB_Cisp0	3220af28-ea7f-4e8a-8a7e-a693fcb85067	chr5	1616	4733	6349	1	1
UWB_Cisp0	329e2802-0e3d-40de-aa31-560921b2fe50	chr5	2855	9914	12769	1	1
UWB_Cisp0	32b81a85-65ae-4274-a58f-329bd3a018bc	chr5	1486	5127	6613	1	1
UWB_Cisp0	38d6adb4-c0c2-431d-b30a-43822ae92492	chr5	1535	6041	7576	1	1
UWB_Cisp0	399117cd-ca9c-481e-98d8-b9c8082a8c1a	chr5	2612	6697	9309	1	1
UWB_Cisp0	3d02a276-7e70-489b-81e6-0c34a1633a21	chr5	1917	2836	4753	1	1
UWB_Cisp0	3d2d6df9-7298-49c9-afaf-7f99c602cd2a	chr5	5342	3456	8798	1	1
UWB_Cisp0	3dd6d528-67ac-40c3-95b2-213e29a7c3a4	chr5	1653	3312	4965	1	1
UWB_Cisp0	3ede427c-b357-478b-bd90-aa3b75b76aa7	chr5	2479	1946	4425	1	1
UWB_Cisp0	3ff68f4e-0275-416a-80ac-b291e465ada4	chr5	3923	3173	7096	1	1
UWB_Cisp0	43768f4f-0e81-4822-a309-d9cefb3105f7	chr5	5690	1409	7099	2	1
UWB_Cisp0	457fc0eb-0301-482f-ba2c-a473fdec077b	chr5	2199	9392	11591	1	1
UWB_Cisp0	4750599b-1a6b-4329-9438-a10060bc27b6	chr5	1524	9448	10972	1	1
UWB_Cisp0	48fe261c-9f13-4e49-8d38-23aedc2635e0	chr5	1846	5471	7317	1	1
UWB_Cisp0	4967b443-42e6-45b4-98ee-1b3806cb7509	chr5	3647	3137	6784	1	1
UWB_Cisp0	4c1cec81-704f-40d2-9965-c578af07634a	chr5	1478	4395	5873	1	1
UWB_Cisp0	4c50a1f6-5f35-45d6-a353-246ec67dd7d1	chr5	1544	4321	5865	1	1
UWB_Cisp0	4d3cdf72-f618-4a84-b327-e17076266c4f	chr5	1488	1714	3202	1	1
UWB_Cisp0	4d5a82f4-2fd3-4c26-9dd7-8091149912c4	chr5	3752	2540	6292	1	1
UWB_Cisp0	53007130-b20e-48b0-8c15-1ec9f11f7272	chr5	1351	1146	2497	1	1
UWB_Cisp0	545a1413-0f94-4dc9-b93a-d6e88dc2ff41	chr5	2430	1590	4020	1	1
UWB_Cisp0	57d82b06-de79-4ffc-9e3a-864bffd9fc8c	chr5	3175	2010	5185	1	1
UWB_Cisp0	5ac92fb4-4a49-4afe-8ca7-e78c94670750	chr5	3769	6866	10635	1	1
UWB_Cisp0	5e74a250-eb24-4235-a1b6-87a273db0f00	chr5	4223	1860	6083	1	1
UWB_Cisp0	5eb946da-ccbe-447f-aab5-fa8987d68a9b	chr5	3763	2109	5872	1	1
UWB_Cisp0	60861d17-ed3f-4477-8a0a-9a11413733b8	chr5	2027	6602	8629	1	1
UWB_Cisp0	61ec6a8f-2710-4368-ae67-6b2d40b61230	chr5	4950	6019	10969	1	1
UWB_Cisp0	64894101-914b-4ea5-a572-3faa08e160f4	chr5	2289	2660	4949	1	1
UWB_Cisp0	6541cb19-5be3-4c19-b65f-4ad2f5583570	chr5	1299	1098	2397	1	1
UWB_Cisp0	666fa387-6408-404f-bad9-3c05e4dd79e7	chr5	3471	1173	4644	1	1
UWB_Cisp0	6b4172e6-6425-4f54-901c-3bda13a6aa5e	chr5	1808	5964	7772	1	1
UWB_Cisp0	6babc3c7-0aac-46c3-82cb-936eb0c69ac4	chr5	1545	2802	4347	1	1
UWB_Cisp0	6de0647a-2610-4ebd-9ad9-0c7bfbc41a1f	chr5	1193	6344	7537	1	1
UWB_Cisp0	73976fcd-8978-4a7c-8ff4-3cbac6f34eae	chr5	2524	1785	4309	1	1
UWB_Cisp0	74e421a8-7c21-4497-b0e2-d9d7faeed846	chr5	1513	1337	2850	1	1
UWB_Cisp0	756ef70d-60f8-41fb-bb48-055ab4ad60a4	chr5	2593	1774	4367	1	1
UWB_Cisp0	76f6a01c-eea3-49f0-a62f-784f84b94e78	chr5	2605	1415	4020	1	1
UWB_Cisp0	7ab1cf4c-632b-47d7-8a29-d5726320c32f	chr5	5418	4327	9745	1	2
UWB_Cisp0	8145eee3-a07d-4589-8282-990a65e76fe1	chr5	1729	3500	5229	1	1
UWB_Cisp0	82b4e768-862f-415a-9acc-992b813c27f8	chr5	2390	3915	6305	1	1
UWB_Cisp0	84b5ede9-b968-43f6-b25a-a4250f9d77d5	chr5	1142	1118	2260	1	1
UWB_Cisp0	86fd0ae0-d488-48b7-84c4-ee45b7c04030	chr5	1150	4244	5394	1	1
UWB_Cisp0	8734bbc0-81e6-4d37-9206-7624a2b12aeb	chr5	1111	4078	5189	1	1
UWB_Cisp0	87fbb287-482b-4be9-988d-b23d6a26b680	chr5	1067	1286	2353	1	1
UWB_Cisp0	8b1d6192-2a68-4253-ad77-9a798c0861a8	chr5	1649	7257	8906	1	1
UWB_Cisp0	8cbe7451-e494-4c5c-ae6b-8030bb6cc10a	chr5	1130	1169	2299	1	1
UWB_Cisp0	8d911fe8-229a-44c6-86be-38fa30b453c5	chr5	3570	1434	5004	1	1
UWB_Cisp0	91257d2d-98db-4f26-8347-9418675660f2	chr5	2035	1253	3288	1	1
UWB_Cisp0	982a83ca-8336-4a13-bc60-62aa44a23098	chr5	3047	5438	8485	1	1
UWB_Cisp0	9a8a9fff-8d03-49d4-816e-cf06e7ca6702	chr5	1354	3372	4726	1	1
UWB_Cisp0	9d01f12a-7451-49b5-8fdf-0a581475fbf4	chr5	2118	8263	10381	1	1
UWB_Cisp0	9d7dea67-f276-4774-bff4-17cc0133e240	chr5	2008	4734	6742	1	1
UWB_Cisp0	9fdc347d-07a9-4995-8551-a18909406c6b	chr5	2551	7560	10111	1	1
UWB_Cisp0	a1b8db74-97a4-472f-a153-e4d636ca6d18	chr5	1486	4120	5606	1	1
UWB_Cisp0	a2d75382-f12a-4ab9-b612-a1af7a625423	chr5	4357	7259	11616	1	1
UWB_Cisp0	a7ad0eab-347f-49e4-a71e-2c657698918c	chr5	1424	2921	4345	1	1
UWB_Cisp0	a8e85ac1-09eb-4b21-b264-2a11bead0306	chr5	3188	4879	8067	1	1
UWB_Cisp0	ab3f9dee-2d3a-4711-9f74-9f2c8562fda4	chr5	2302	3931	6233	1	1
UWB_Cisp0	abc0977c-e70f-4059-b53e-cf6181b8bb70	chr5	1004	11027	12031	1	1
UWB_Cisp0	ac4bb7a8-f7e0-47ac-9f68-f05dc56f480a	chr5	1486	7321	8807	1	1
UWB_Cisp0	aedd9e48-f977-47bc-876f-c3161a6fbfea	chr5	4063	1965	6028	1	1
UWB_Cisp0	b1eb8ea8-56d8-4a4b-89ee-8942a484d5f5	chr5	1950	2049	3999	1	1
UWB_Cisp0	b6565b15-5b49-4da2-a322-d8c4929146b0	chr5	2005	5021	7026	1	1
UWB_Cisp0	b75c9ab1-058b-4841-8ebf-80de189f128e	chr5	1427	1511	2938	1	1
UWB_Cisp0	b8a0ffdc-8f9b-4dab-900c-15d5824c7ee8	chr5	3630	5875	9505	1	1
UWB_Cisp0	bf08e346-3374-48f8-9118-0a9d161d32c6	chr5	3579	4509	8088	1	1
UWB_Cisp0	c096c19f-459f-4b08-b532-4835356b0632	chr5	1040	6006	7046	1	1
UWB_Cisp0	c182a6dc-c325-4299-9ff3-55305185102e	chr5	4295	8286	12581	1	1
UWB_Cisp0	c5a14ff1-32b2-4bab-abd4-cf9ea63b1cb7	chr5	1046	3646	4692	1	1
UWB_Cisp0	c734b249-4ccf-4ba6-a4cc-da33696fce7e	chr5	2199	2236	4435	1	1
UWB_Cisp0	c88c64c9-2dc3-4d82-9bff-72f6c299e9bd	chr5	3237	4847	8084	1	1
UWB_Cisp0	cc833c78-00b9-44fe-9795-031f01e43aeb	chr5	1306	3559	4865	1	1
UWB_Cisp0	cd2d832f-d0c9-4293-a398-5419acaf9630	chr5	3289	4660	7949	1	1
UWB_Cisp0	d4e7ebf3-04cf-4037-8bf1-d60c42b7faae	chr5	3683	6614	10297	1	1
UWB_Cisp0	d4ebd3f5-f20f-4125-ae36-8f64a0ae894b	chr5	1319	3819	5138	1	1
UWB_Cisp0	d824e846-5320-41bb-8244-73fd229cae02	chr5	2203	1183	3386	1	1
UWB_Cisp0	d8fc72ad-eec2-48c9-9425-80adfb457db6	chr5	1236	3828	5064	1	1
UWB_Cisp0	dab4c4fd-e3f4-450f-be2b-c4031e41041e	chr5	3108	1298	4406	1	1
UWB_Cisp0	db746a90-ec5c-42b7-8054-fbd667a3a557	chr5	1901	4271	6172	1	2
UWB_Cisp0	db7f9e81-b0e5-4ed1-a870-f0a96a576090	chr5	2025	3236	5261	1	1
UWB_Cisp0	dc55519c-d5c8-4b4b-a404-c909bc9cb22a	chr5	4818	1246	6064	1	1
UWB_Cisp0	de6f411f-9bc6-46df-9a48-01510b802753	chr5	2926	6282	9208	1	1
UWB_Cisp0	e024c294-0a45-4d44-a29b-67408da5b451	chr5	2991	4054	7045	1	1
UWB_Cisp0	e11657e6-0473-446e-abf2-cd733773db06	chr5	4933	5204	10137	2	1
UWB_Cisp0	e88e0df6-e335-4dc2-a48e-34f78acff50b	chr5	2963	4241	7204	1	1
UWB_Cisp0	f0c86dee-4680-46c4-bc46-457b970d26f9	chr5	3734	3022	6756	1	1
UWB_Cisp0	f4c43f90-127f-472c-85c4-70a6cf62874b	chr5	1238	20733	21971	1	1
UWB_Cisp0	f762097d-31f5-4dc7-ade4-c0c7dbc38336	chr5	3439	3135	6574	1	1
UWB_Cisp0	fbc284f6-dacb-4068-9e4f-9fad5a941320	chr5	8338	6857	15195	2	1
UWB_Cisp0	fc8a878c-1441-4d3e-a3ce-08ba8a619f62	chr5	1362	2116	3478	1	1
UWB_Cisp0	ffdf0192-c04c-48e6-92ca-9c9d9adce087	chr5	1094	2113	3207	1	1
UWB_Cisp0	07778843-33de-4e0b-847b-8fd072e13d5f	chr6	1006	10342	11348	1	1
UWB_Cisp0	08e95e12-1c76-48f0-9396-a8fd87b0f1dc	chr6	2309	6876	9185	1	1
UWB_Cisp0	0c08bb82-47fe-4dbd-93c2-c94ae953ac81	chr6	2762	3673	6435	1	1
UWB_Cisp0	0c0f80e6-e35b-4bb5-aedf-560b245aaedf	chr6	2063	2267	4330	1	1
UWB_Cisp0	0d3f07a4-7dd5-4121-ace0-42a1c4a95356	chr6	2975	3066	6041	1	1
UWB_Cisp0	1032e358-e26d-418a-af93-49518a8ec48b	chr6	2528	4941	7469	1	1
UWB_Cisp0	13c87076-bd0a-4dea-b57c-257435a11e32	chr6	1741	7370	9111	1	1
UWB_Cisp0	15572d45-c859-4651-a8e7-222a1dc1e1dc	chr6	1168	4809	5977	1	1
UWB_Cisp0	16fd4323-a08a-43c4-b709-0421542c032e	chr6	1352	4353	5705	1	1
UWB_Cisp0	1b73fd2e-02ab-4bc2-9775-b069eb9334e3	chr6	1603	2666	4269	1	1
UWB_Cisp0	1e65f6ea-de41-4dc2-800b-1266cf73ca14	chr6	2622	3178	5800	1	1
UWB_Cisp0	1f9a3edb-4d3b-4e9b-80bb-fbce94da07ac	chr6	1328	6594	7922	1	1
UWB_Cisp0	22686fc9-864f-49c9-9519-573e88f319b0	chr6	1651	6250	7901	1	1
UWB_Cisp0	242d804a-4ca2-499e-8a7b-cce942b26972	chr6	1883	1475	3358	1	1
UWB_Cisp0	2adcf72d-f0f2-4179-bc28-2a035aaa7f69	chr6	3836	3371	7207	1	1
UWB_Cisp0	2eb67af9-5f28-4a69-b853-6eec3919f446	chr6	3426	1712	5138	1	1
UWB_Cisp0	2ec7d11d-5772-4464-a828-e6a1b6c9343c	chr6	1439	10965	12404	1	2
UWB_Cisp0	30b71824-7fc7-409a-95ec-393643bb66ba	chr6	1849	2479	4328	1	1
UWB_Cisp0	317ca602-c91a-4c60-a746-c106b490205c	chr6	4340	7126	11466	1	1
UWB_Cisp0	32488253-4493-44ea-be27-92172514ab4b	chr6	2569	8834	11403	1	1
UWB_Cisp0	33a64a98-1ec9-4da9-8bd4-5e78ff1ed45b	chr6	2947	1179	4126	1	1
UWB_Cisp0	3792c4a9-55cb-4a09-bb2e-689108fffbe3	chr6	2560	6756	9316	1	1
UWB_Cisp0	3ca6b736-8090-4290-b87a-2588cbfec943	chr6	3537	6930	10467	1	1
UWB_Cisp0	3dd8da40-a437-4b5a-857a-1418e681a541	chr6	1833	7946	9779	1	1
UWB_Cisp0	40abbc98-fcc2-4299-8936-9d014b3f9b55	chr6	5513	4672	10185	1	1
UWB_Cisp0	45200a29-d19c-4770-8d13-f90cd6655017	chr6	2431	2699	5130	1	1
UWB_Cisp0	45b65887-d628-49aa-a887-77ce89643600	chr6	1018	2827	3845	1	1
UWB_Cisp0	47873f4c-da51-4cd3-9d1b-9a3b995c6b59	chr6	2802	7310	10112	1	1
UWB_Cisp0	48232871-800e-49bc-acc2-41a87a2f50b5	chr6	1010	3296	4306	1	1
UWB_Cisp0	4a1adadf-0ac6-440f-a4d2-3c177ba63009	chr6	1323	2859	4182	1	1
UWB_Cisp0	4caa4a68-f055-441e-b776-093aa22ea008	chr6	4314	4609	8923	1	1
UWB_Cisp0	4e340553-92a9-4221-bfc7-b5278b52cdd5	chr6	2192	5453	7645	1	1
UWB_Cisp0	506417a4-e2f0-4d49-a504-c3233fefbabd	chr6	1144	5139	6283	1	1
UWB_Cisp0	519830b3-68fd-482a-bdbb-03d428c3331c	chr6	2454	4555	7009	1	1
UWB_Cisp0	541c0925-fbf5-4418-a483-e32cddb8bc69	chr6	2820	7216	10036	1	1
UWB_Cisp0	65a014bd-1b31-4144-bc3c-1a7cbb4e7c93	chr6	3282	2351	5633	1	1
UWB_Cisp0	663abba3-03e5-4079-8dbc-95a8c9b12321	chr6	3133	1839	4972	1	1
UWB_Cisp0	6682087e-9ee3-46fb-9cc2-91983df81444	chr6	1646	5024	6670	1	1
UWB_Cisp0	67c0b184-ee83-48ea-ab53-c8212e07f77c	chr6	1750	1178	2928	1	1
UWB_Cisp0	6a7025fd-3bb8-4945-a4c3-a3f2bf7b8152	chr6	2997	2901	5898	1	1
UWB_Cisp0	6b529d31-b428-42f5-840e-db20118b350f	chr6	1411	4013	5424	1	1
UWB_Cisp0	6b85a57a-288d-48ec-a2c0-1bfd718c4574	chr6	3168	4118	7286	1	1
UWB_Cisp0	70cc2a9c-c858-4029-b34d-1d2694496d3b	chr6	3086	1428	4514	1	1
UWB_Cisp0	70fcf34b-f1ab-4afb-9ea5-91831ef2585a	chr6	1778	3690	5468	1	1
UWB_Cisp0	72f04020-f154-4d01-ae7a-5937327b3752	chr6	2717	1531	4248	1	1
UWB_Cisp0	7a041c09-3f57-4fd7-95c8-46872b6205d6	chr6	4369	5431	9800	1	1
UWB_Cisp0	7ce0cc03-e9fd-4d61-84f6-8f0f9945997e	chr6	1494	6428	7922	1	1
UWB_Cisp0	7d792f2a-1382-4d08-8916-a3a2b06e8c26	chr6	2072	3859	5931	1	1
UWB_Cisp0	822ca1cf-d3c7-403c-9da1-ade60f3c79bd	chr6	3164	4744	7908	1	1
UWB_Cisp0	84f0de36-50db-49f8-a2a1-b3c63ca66558	chr6	1010	4247	5257	1	1
UWB_Cisp0	852c59de-a7f2-4f0c-8f6a-539e8b8b295f	chr6	3962	4069	8031	1	1
UWB_Cisp0	8acf3a89-df1c-4d51-a608-2aacb0b22030	chr6	3060	3508	6568	1	1
UWB_Cisp0	8d6112d6-4da2-43ef-8238-bc93fd31b27b	chr6	2092	2604	4696	1	1
UWB_Cisp0	8dc16012-c041-4944-89d4-ebba6a5cc98c	chr6	1533	1998	3531	1	1
UWB_Cisp0	8e169db9-3f18-47fd-b865-35c41372f424	chr6	2354	5111	7465	1	1
UWB_Cisp0	8ef0dd5b-9cfd-4cfd-9fc5-12571abf346b	chr6	2574	9396	11970	1	1
UWB_Cisp0	91240975-c284-4db5-bdd4-4ceb71a5c4c4	chr6	1714	3507	5221	1	1
UWB_Cisp0	980be5e3-9d02-450d-abc5-13d97230a16e	chr6	7936	3040	10976	1	1
UWB_Cisp0	9afd8b84-4233-49cd-b467-026a50a36924	chr6	3417	2774	6191	1	1
UWB_Cisp0	9b96e81b-56c5-402b-a4ec-5a8c07923a59	chr6	2974	1084	4058	1	1
UWB_Cisp0	9bf7a552-3bcb-4f55-8dda-7046fabf3960	chr6	3114	1472	4586	1	1
UWB_Cisp0	a5b67ad8-75af-4120-ac09-62592c840f22	chr6	3093	3704	6797	1	1
UWB_Cisp0	af8cbf08-ffb3-438f-bbb7-af79ce70c2f0	chr6	2156	5760	7916	1	1
UWB_Cisp0	b06c3042-e8ab-4638-bb52-a54a6b308c31	chr6	2090	3402	5492	1	1
UWB_Cisp0	b3f6a9e1-95a4-41c6-881c-e1dc6972a37f	chr6	1558	3867	5425	1	1
UWB_Cisp0	b6eec912-b3d9-4802-89a1-78d6716b3c1b	chr6	1527	4379	5906	1	1
UWB_Cisp0	b7f1c3b8-08ec-4949-98e4-d746c6f471cc	chr6	4747	4410	9157	1	1
UWB_Cisp0	bbfc8384-3204-44ae-ad24-99dd723c9fba	chr6	3065	4198	7263	1	1
UWB_Cisp0	c0ab225b-0d03-4be7-9fc8-decf58667837	chr6	2749	6430	9179	1	1
UWB_Cisp0	c42e1f23-7d60-4a58-b0be-44a2715b8e08	chr6	1176	11298	12474	1	1
UWB_Cisp0	c961ab88-3b52-4430-81fd-c0e95593306a	chr6	1590	8522	10112	1	1
UWB_Cisp0	cda565f5-53f9-4191-99d3-1a89536a5153	chr6	1984	7961	9945	1	1
UWB_Cisp0	d0c7f22e-0a4c-4c52-8881-9a4aa8733d1a	chr6	1838	2521	4359	1	1
UWB_Cisp0	d1e6f015-bd3f-44fc-b6be-7cd8055fa16b	chr6	2314	3997	6311	1	1
UWB_Cisp0	d1ffbcb8-a260-41d4-a30e-fa389d8037c9	chr6	1566	2407	3973	1	1
UWB_Cisp0	d31f1d22-8983-41d4-9f70-7cf722ee9b71	chr6	3467	3999	7466	1	1
UWB_Cisp0	d35dfb4b-2686-4947-8f92-6b85fe07baf7	chr6	3322	2284	5606	1	1
UWB_Cisp0	db2c81d2-8f98-404d-b239-323908e55a3e	chr6	2056	1206	3262	1	1
UWB_Cisp0	dba1cc21-0f1d-4122-9d62-2683f8729544	chr6	1226	5418	6644	1	1
UWB_Cisp0	dc334129-96e2-46a5-9886-4f43b6480810	chr6	1178	7223	8401	1	1
UWB_Cisp0	deed7f8c-bafa-40ec-aec9-c012b3dea540	chr6	4606	4011	8617	1	1
UWB_Cisp0	e411ebc9-6418-4a75-a7f8-9b274d3646cf	chr6	3794	3585	7379	1	1
UWB_Cisp0	e5609f76-c76e-42f3-a610-c75a086ffaea	chr6	2502	4789	7291	1	1
UWB_Cisp0	e8bafe5c-4554-4d6f-bcc0-86407a6234c4	chr6	3481	4024	7505	1	1
UWB_Cisp0	eced81f8-2ed4-4bad-9ec3-5de57e7c096d	chr6	1685	3987	5672	1	1
UWB_Cisp0	ed0490f0-7259-42a1-a6e8-de42263df43d	chr6	4540	2320	6860	1	1
UWB_Cisp0	ee1579c4-cab3-4698-94ee-138f530e7762	chr6	4086	2931	7017	1	1
UWB_Cisp0	f020490c-f89e-49a7-bfc8-3ffbb7bb4cc0	chr6	1315	4868	6183	1	1
UWB_Cisp0	f39f5425-850f-4e89-b046-1ef10308c438	chr6	1642	3228	4870	1	1
UWB_Cisp0	f40394e5-9e97-4207-bdba-690f888cdc24	chr6	3549	1209	4758	1	1
UWB_Cisp0	f4ee1aeb-ca44-4a22-b664-245d1001b6c7	chr6	1358	4656	6014	1	1
UWB_Cisp0	f6a1d6bc-619f-49a5-b1ae-b49ef03c1f88	chr6	1666	2966	4632	1	1
UWB_Cisp0	f6eb8f08-cc0f-42dd-96cb-4a816c359b55	chr6	3861	4931	8792	1	1
UWB_Cisp0	f9c2e788-df5b-456f-a0c8-603d4cfcf4e4	chr6	1133	2570	3703	1	1
UWB_Cisp0	006e36ad-2490-48e4-9266-2a4b1537527b	chr7	3684	4401	8085	1	1
UWB_Cisp0	08eb62ce-329b-465a-9505-52e394077748	chr7	2510	7073	9583	1	1
UWB_Cisp0	0bbafe77-83fe-40bb-a1c8-ad8772a0fff8	chr7	4468	8667	13135	2	1
UWB_Cisp0	0c2bc1ef-8961-491d-bb9e-2022d31d5708	chr7	3613	3882	7495	1	1
UWB_Cisp0	0e1174d9-ff7c-4b9c-8bdd-f00335cdb2cd	chr7	2793	2707	5500	1	1
UWB_Cisp0	0fa01102-d39d-45f3-9abe-0c701f19515d	chr7	1760	4617	6377	1	1
UWB_Cisp0	13dbc44e-e94c-4d84-871c-050e9416fce2	chr7	5053	3897	8950	1	1
UWB_Cisp0	157cbd85-d3bf-4efb-8fe5-e56d5f4eb720	chr7	1980	4865	6845	1	1
UWB_Cisp0	181ab05a-544a-493c-965d-cf000ea33698	chr7	6594	11420	18014	1	2
UWB_Cisp0	19bd018d-3fc7-43be-86c9-d741dd1270ee	chr7	3109	1621	4730	1	1
UWB_Cisp0	1e7cc7c2-8e17-41c1-a321-d00644403dfe	chr7	1904	5038	6942	1	1
UWB_Cisp0	24dd5567-08ed-4f97-8abc-22e4cd313a97	chr7	1482	8205	9687	1	1
UWB_Cisp0	290c2237-7f1a-4c69-9b30-06f3d04667ec	chr7	1574	2528	4102	1	1
UWB_Cisp0	2b6b73f7-f87b-4570-b00c-84c9f1a7722d	chr7	1864	2115	3979	1	1
UWB_Cisp0	2ece47cd-d358-45e0-808f-84a7b8f21bac	chr7	2659	1672	4331	1	1
UWB_Cisp0	30837178-3f60-4893-a736-894a9af9698b	chr7	1821	4271	6092	1	1
UWB_Cisp0	30ab3ce2-46d6-4fd4-8f16-5dff762c0360	chr7	1769	1143	2912	1	1
UWB_Cisp0	31f9c158-a332-49ce-bfb4-a28e4e35729e	chr7	1029	3712	4741	1	1
UWB_Cisp0	3305c9ba-dab0-4eb6-bc2a-02b5cef6b2a8	chr7	2052	15987	18039	1	1
UWB_Cisp0	34b1fa79-8ae2-41ff-a3d2-2238af9fe6ad	chr7	1027	4912	5939	1	1
UWB_Cisp0	35fece19-63c4-489a-85f0-00f60c0c76f3	chr7	3746	2340	6086	1	1
UWB_Cisp0	35ffceb3-2a30-450a-89f0-bab71b2cc9af	chr7	2707	1109	3816	1	1
UWB_Cisp0	372a5238-0537-46b3-a1bf-240155271155	chr7	3886	2234	6120	1	1
UWB_Cisp0	38c61321-75a3-49e2-8db9-ce886dd942bf	chr7	1030	2121	3151	1	1
UWB_Cisp0	399b88f0-ba11-4892-b8fe-e2a26d315ce4	chr7	2821	2968	5789	1	1
UWB_Cisp0	4309683a-531d-4260-8c81-139ac1b381d3	chr7	2031	1500	3531	1	1
UWB_Cisp0	447825f6-6bc7-4c0f-88b3-c3300fbf58fe	chr7	2348	18293	20641	1	1
UWB_Cisp0	4a669271-c1e1-4f79-b853-ab3d3739a226	chr7	1099	8826	9925	1	1
UWB_Cisp0	5063a226-b78d-404d-8aff-9685ca416550	chr7	2764	2477	5241	1	1
UWB_Cisp0	520ca6c5-c319-466d-ba3b-e9b214a793a2	chr7	1355	3497	4852	1	1
UWB_Cisp0	5546c34d-856b-42a3-8e9b-32ffeef70a4f	chr7	3463	4971	8434	1	1
UWB_Cisp0	56e8fbd5-5286-437b-8611-09d70689c6e1	chr7	2302	4481	6783	1	1
UWB_Cisp0	58c46c4e-22d7-4c14-9f98-e1024f8e0b27	chr7	2487	6285	8772	1	1
UWB_Cisp0	58c80f51-8b5f-4e8c-a607-075f79bbe49b	chr7	2326	2614	4940	1	1
UWB_Cisp0	5b7f11b6-2253-4e84-917a-0bbeccf2fbdb	chr7	4013	4636	8649	1	1
UWB_Cisp0	5bfeea6a-7e60-463c-bc65-f4f4ef610b6e	chr7	1355	1794	3149	1	1
UWB_Cisp0	60bebd10-68fb-412b-a52d-9c1d6d2d56d2	chr7	4039	3766	7805	1	1
UWB_Cisp0	60e443e9-09d4-4ef4-8071-62033caefe9e	chr7	2245	6791	9036	1	1
UWB_Cisp0	6644e9a7-411a-4f8f-8c63-fbb35301be71	chr7	3820	4439	8259	1	1
UWB_Cisp0	66e300a5-6c9b-4ef6-8058-ebf832284ce1	chr7	1014	4640	5654	1	1
UWB_Cisp0	677ab7ef-3e17-44a9-886e-94b9b779dd2e	chr7	3844	3355	7199	1	1
UWB_Cisp0	6c4b2c77-311f-468b-b913-4445f4b0e464	chr7	1187	8481	9668	1	1
UWB_Cisp0	6dcb89ec-e154-4fd5-b298-3dc0d5877391	chr7	1697	4086	5783	1	1
UWB_Cisp0	6e514b85-f2a8-4e74-a85e-d72435f069a1	chr7	1597	3830	5427	1	1
UWB_Cisp0	6f181a50-7c0f-4164-8a04-c7f72ba1faee	chr7	1344	7986	9330	1	1
UWB_Cisp0	711aae67-8b59-4419-aa86-660fe1910a75	chr7	2794	1917	4711	1	1
UWB_Cisp0	737cd5c1-f178-49c2-a045-b3fe4310a695	chr7	1175	9430	10605	1	1
UWB_Cisp0	74c92f18-9660-4101-9d45-72f7426c601f	chr7	3538	4718	8256	1	1
UWB_Cisp0	75940020-e425-4185-9404-6621d4425617	chr7	1281	1555	2836	1	1
UWB_Cisp0	77ee36aa-39be-426f-9348-38cd3e7381f0	chr7	6346	9138	15484	1	1
UWB_Cisp0	7bf46b2c-bd11-4131-89eb-17e92283b92e	chr7	3602	3250	6852	1	1
UWB_Cisp0	7d36c0cb-d0e0-4eac-9eff-f92991a35daf	chr7	4323	3049	7372	1	1
UWB_Cisp0	7f0818ae-5803-4f32-a1a5-80cf0b920347	chr7	1996	2629	4625	1	1
UWB_Cisp0	806959a7-93d1-4abc-95ee-dd48fc39d6b4	chr7	2202	1098	3300	1	1
UWB_Cisp0	80e2c319-b17a-4aac-b98d-a51a50ee0f32	chr7	1785	1837	3622	1	1
UWB_Cisp0	83a0e98d-4578-4875-ab3d-c5515c93e88b	chr7	2171	10056	12227	1	1
UWB_Cisp0	8748cb42-786b-4404-b3ce-09e8428bc6b7	chr7	2613	4771	7384	1	1
UWB_Cisp0	8f01bcc2-eb09-4d38-a546-77c684a531e2	chr7	4356	2320	6676	1	1
UWB_Cisp0	8fdfc53c-e5d0-4aff-8f3c-49391611ec6a	chr7	1146	12770	13916	1	1
UWB_Cisp0	9130e68f-4e55-4800-98e2-52b0fe6c9d17	chr7	1451	5224	6675	1	1
UWB_Cisp0	985785bc-e8f9-405e-8b4a-120d5bd90b1d	chr7	2449	2356	4805	1	1
UWB_Cisp0	9be1f8fd-e6d6-4dbd-80e1-6ebfb44af0d1	chr7	2063	4254	6317	1	1
UWB_Cisp0	a061fd5e-7fa1-4140-a6fe-76965ce5cf64	chr7	1255	6075	7330	1	1
UWB_Cisp0	a1ef08fc-2733-4e44-a660-d2d33fd3279d	chr7	2549	7052	9601	1	1
UWB_Cisp0	a22b46fe-2879-4e7d-82d6-bd7ebfdf1d91	chr7	1928	5649	7577	1	1
UWB_Cisp0	a33d0740-2901-4b49-869f-2aac5d278d9e	chr7	4678	1972	6650	1	1
UWB_Cisp0	a3ecc3b7-5f35-492b-9ec9-ea242285e32b	chr7	1799	4101	5900	1	1
UWB_Cisp0	a434e3e8-5b68-423a-920e-0eb521d8b088	chr7	1815	3600	5415	1	1
UWB_Cisp0	a43f05c6-6fc2-4d9a-99cd-cd5060815eb1	chr7	1869	4469	6338	1	1
UWB_Cisp0	a49cc4cd-22c9-4f16-b1a7-8cd7c9e9d1dc	chr7	1733	2761	4494	1	1
UWB_Cisp0	a69d0f05-c5f2-43c9-956a-76d88977c1c7	chr7	1485	2355	3840	1	1
UWB_Cisp0	ad001865-61c0-4acd-a07b-ba4d5d54c9a7	chr7	1625	3060	4685	1	1
UWB_Cisp0	ae443d83-497a-4d6b-83c1-8a602ef5944f	chr7	2100	1240	3340	1	1
UWB_Cisp0	b2f086fa-59d9-4617-8875-ad8e67490ec2	chr7	3001	2216	5217	1	1
UWB_Cisp0	b7ba9126-155b-4848-a6b0-b3a4771e1bd7	chr7	1556	2651	4207	1	1
UWB_Cisp0	b854b061-15f8-4ce5-86b5-1a2a9580ac5c	chr7	1982	4811	6793	1	1
UWB_Cisp0	b9219203-c5fc-4808-9219-fd292c1e210b	chr7	1937	5185	7122	1	1
UWB_Cisp0	bc24e3a2-213b-44c6-a86c-0779aeb2eb1b	chr7	3987	1076	5063	1	1
UWB_Cisp0	bf7c6603-98ef-47eb-865c-617b03d45891	chr7	3900	3810	7710	1	1
UWB_Cisp0	c343638f-e325-4074-9b3e-28cafc9a877a	chr7	1415	1361	2776	1	1
UWB_Cisp0	d02c98db-d013-4e85-815d-b7a610f697e6	chr7	2720	1745	4465	1	1
UWB_Cisp0	d4f3d74e-a921-4b43-b1f1-1d640bf74067	chr7	4420	3053	7473	1	1
UWB_Cisp0	d97db9d3-ad4d-4d40-87b2-b7291803b11f	chr7	1089	4596	5685	1	1
UWB_Cisp0	dc6fed81-4cfe-416c-8a97-ef89265bd92d	chr7	2231	4128	6359	1	1
UWB_Cisp0	df693288-9fb0-4e40-913a-20527c0ba753	chr7	1004	2848	3852	1	1
UWB_Cisp0	e96fdafd-94b9-4328-ab38-52ee7ac8cf18	chr7	3598	2214	5812	1	1
UWB_Cisp0	ea8dc686-e690-445b-8884-a2531375d743	chr7	3597	1529	5126	1	1
UWB_Cisp0	eb6c8c5c-aad0-414f-bac9-6b833c2adb3b	chr7	1781	1422	3203	1	1
UWB_Cisp0	ed20ef4b-cbd4-4d98-91bb-e760df1791b9	chr7	3778	3586	7364	1	1
UWB_Cisp0	ed6d4f43-e070-439f-9cac-f73f606db1cd	chr7	2598	5691	8289	1	1
UWB_Cisp0	f1c1fc08-5658-4169-acd2-4f776784f33d	chr7	4106	3771	7877	1	1
UWB_Cisp0	f6af30f6-76b8-48d2-8682-b5f51fff2d93	chr7	2499	9576	12075	1	1
UWB_Cisp0	f6e23bc2-4f36-44fc-85f1-6442046de4de	chr7	3094	8563	11657	1	1
UWB_Cisp0	fd299951-4a2d-450f-bb5a-a69b1c78496d	chr7	3039	4834	7873	1	1
UWB_Cisp0	fdc92eee-2312-43b1-ae3f-63b29b30ad8f	chr7	1419	3619	5038	1	1
UWB_Cisp0	ff29e87b-e4b7-427e-baec-c05e240300d3	chr7	3665	6028	9693	1	1
UWB_Cisp0	ffd13fc4-9988-4e67-b5e8-1dd604470d96	chr7	1564	3554	5118	1	1
UWB_Cisp0	06153736-6122-489c-980b-8dac8df8407d	chr8	4517	7493	12010	1	1
UWB_Cisp0	07975752-b671-45a2-b928-2abf64a88d14	chr8	2164	3809	5973	1	1
UWB_Cisp0	0e4945e1-56f4-45e7-ad35-d2aca2cdf436	chr8	1085	9589	10674	1	1
UWB_Cisp0	146919b9-ad04-485a-a5ce-8db5869a37d5	chr8	2197	3593	5790	1	1
UWB_Cisp0	17c5a49b-9692-42b2-a408-6c95ce10c32a	chr8	1548	6521	8069	1	1
UWB_Cisp0	1d646a48-bca5-48a4-977c-5891fed40b37	chr8	2655	1046	3701	1	1
UWB_Cisp0	1e29edb3-18c4-4d35-9118-576e1fa62f56	chr8	2732	1994	4726	1	1
UWB_Cisp0	226f1ff5-f8b8-46cf-8adf-3d2627d6640a	chr8	2234	6702	8936	1	1
UWB_Cisp0	22c820bb-0bb2-4446-b0bb-2e40ebc7e12a	chr8	1781	3392	5173	1	1
UWB_Cisp0	28673642-daa1-4327-a548-976ac78c1da0	chr8	1205	1756	2961	1	1
UWB_Cisp0	2ada3afe-398d-43b6-b4a5-d2999cce6831	chr8	2477	3356	5833	1	1
UWB_Cisp0	2b949a2d-2329-406f-a546-3dcc28d65bb3	chr8	4337	1668	6005	1	1
UWB_Cisp0	2d8c1f49-0b03-4da4-828f-a2177975c60b	chr8	2567	3931	6498	1	1
UWB_Cisp0	2f01e833-3fcb-4270-b5dd-fd55b8e7659b	chr8	3492	3383	6875	1	1
UWB_Cisp0	2fcc7903-bde2-4474-80f1-439e488f7d3f	chr8	3118	4648	7766	1	1
UWB_Cisp0	32245596-e000-4556-91e0-5d5f016382a4	chr8	5664	2179	7843	2	1
UWB_Cisp0	32b9aa6f-e7a3-43c2-af5d-861c423d64eb	chr8	1034	1177	2211	1	1
UWB_Cisp0	36bbdf37-8a5f-405e-9b69-c577f6e2ce6a	chr8	3432	3688	7120	1	1
UWB_Cisp0	373ca3b2-366a-4fff-85d4-01aaf9e52850	chr8	1173	3240	4413	1	1
UWB_Cisp0	374a33c0-b6d1-4822-93f9-3f3d0fb6987b	chr8	2206	1404	3610	1	1
UWB_Cisp0	378b2cb1-c9ad-4ba1-9e3d-624634a9c10d	chr8	4612	3928	8540	1	1
UWB_Cisp0	40f87ccb-481c-498c-b6e4-b3fd2c4d628b	chr8	1621	4977	6598	1	1
UWB_Cisp0	4b4b0b40-c604-48c9-8818-41d60366a854	chr8	2383	6670	9053	1	1
UWB_Cisp0	4fd8e060-c4df-49b0-b4a7-62bd14a4e4e8	chr8	2475	4868	7343	1	1
UWB_Cisp0	58449146-c900-4709-9524-601d74f770f5	chr8	1081	1803	2884	1	1
UWB_Cisp0	5b95a16c-3bb4-40c8-8c69-42c9cb7d178a	chr8	1479	4931	6410	1	1
UWB_Cisp0	5bf7ebef-a5f2-451e-b36a-6de89d1a0a07	chr8	1340	3041	4381	1	1
UWB_Cisp0	5ed3b4e4-091b-476f-a877-8799503ca2e0	chr8	2288	4641	6929	1	1
UWB_Cisp0	5f8d2754-b2fc-4b3e-b350-c2c085c1cc58	chr8	2147	3711	5858	1	1
UWB_Cisp0	60f34993-6221-409f-8443-436b6fde71c8	chr8	3324	2585	5909	1	1
UWB_Cisp0	63b0a4b3-9d5e-40fe-8e7b-bc9f59ad164c	chr8	2290	3377	5667	1	1
UWB_Cisp0	641e3ae0-00ea-4eef-882d-2ca8b846e506	chr8	1531	3538	5069	1	1
UWB_Cisp0	64817974-f795-4015-b593-ad63b925436f	chr8	3718	4156	7874	1	1
UWB_Cisp0	674f7508-aa57-4696-bbd2-4468ddcfb73a	chr8	3569	2919	6488	1	1
UWB_Cisp0	67ad163d-121a-4d23-85dd-9253b1a593e2	chr8	4494	3564	8058	1	1
UWB_Cisp0	67c4dcb6-6ea3-46ea-be1d-db2e60a2370f	chr8	3660	4245	7905	1	1
UWB_Cisp0	68b790e6-4862-42c5-9a57-8a877cfe16c2	chr8	1890	5541	7431	1	1
UWB_Cisp0	68d35bf0-ff29-4943-b852-5e1b9b75cf0e	chr8	1709	4698	6407	1	1
UWB_Cisp0	69e1e111-7edd-41f6-ad56-8fd2c9fe871a	chr8	1288	2577	3865	1	1
UWB_Cisp0	6acf86d9-b611-40c1-916c-9dd09eaa4fa9	chr8	4639	3918	8557	1	1
UWB_Cisp0	6bd2b90c-c7c6-414d-9ca2-f79417151dcb	chr8	4455	3292	7747	1	1
UWB_Cisp0	6f2b9516-0b25-4510-9c8e-95e8b90e401b	chr8	1301	1305	2606	1	1
UWB_Cisp0	73e668d2-020e-4c8b-9b87-53376b39cbc2	chr8	1737	8890	10627	1	1
UWB_Cisp0	7570da30-8c28-430e-8370-17d5c7585f4c	chr8	1820	1879	3699	1	1
UWB_Cisp0	781ee01c-0e1c-4784-9d64-7b0a29a13ed1	chr8	1274	4040	5314	1	1
UWB_Cisp0	79c54890-a081-46d0-8ed2-fa6e1267fe9d	chr8	2791	2302	5093	1	1
UWB_Cisp0	81152a5b-3e63-414c-8dea-ecc6d5eff4ae	chr8	1063	1546	2609	1	1
UWB_Cisp0	81eed329-0376-41dd-b3c1-66c1e0a81c20	chr8	2668	5640	8308	1	1
UWB_Cisp0	81f8487b-a6a9-473f-adfb-0d1950b442ce	chr8	1198	2085	3283	1	1
UWB_Cisp0	8271257c-1c7d-4512-98fa-aff308dc4a93	chr8	2244	7420	9664	1	1
UWB_Cisp0	8473c623-b5b3-498e-88fc-8c032a048a5d	chr8	1714	2441	4155	1	1
UWB_Cisp0	84a82444-08cf-489f-ae4e-542548063ec4	chr8	3738	3813	7551	1	1
UWB_Cisp0	8f529a6e-bb0e-4d3d-bb3c-57af02e8820b	chr8	2351	1111	3462	1	1
UWB_Cisp0	8fc8ad04-eed2-4c10-88e7-b436d8d7c4d5	chr8	1158	1345	2503	1	1
UWB_Cisp0	914ccfb1-555f-482a-86c9-edc7625f9ff7	chr8	1646	1195	2841	1	1
UWB_Cisp0	935ed556-fafd-4a3b-bd9b-596fcfaa4347	chr8	3957	6565	10522	1	1
UWB_Cisp0	99c40db0-8626-4f78-a111-d5090a849ed4	chr8	1003	2066	3069	1	1
UWB_Cisp0	9b2693cf-bb7b-4244-9f07-446ca934cc28	chr8	1763	3432	5195	1	1
UWB_Cisp0	9cc05b61-72d3-4098-8bcf-3eb7e462c948	chr8	2391	2969	5360	1	1
UWB_Cisp0	9ceb41d1-2f23-4343-8aec-c12d4ae13664	chr8	1090	1016	2106	1	1
UWB_Cisp0	9fa0bce6-1fe6-4afc-985d-fc66ab2de3e6	chr8	1531	2041	3572	1	1
UWB_Cisp0	a05c4b9c-339d-4443-891c-e55948425876	chr8	3080	3170	6250	1	1
UWB_Cisp0	a0b72ed8-833e-474d-a05b-61fcbbccd346	chr8	1262	4070	5332	1	1
UWB_Cisp0	a15d1f44-583c-4b9c-8e08-c46cd5778355	chr8	1721	17803	19524	1	1
UWB_Cisp0	a16ea83b-df0d-4b87-afd8-b8cb18df1e25	chr8	3570	8207	11777	1	1
UWB_Cisp0	a3152c0c-f869-4ad7-8e9f-e74a58fc61f8	chr8	2190	4975	7165	1	1
UWB_Cisp0	a3c33589-013f-48c2-aae4-2397bda36bb7	chr8	2501	4958	7459	1	1
UWB_Cisp0	a44056c8-512c-4be5-9881-0e2422e37d78	chr8	1381	3524	4905	1	1
UWB_Cisp0	a4f1ec4e-3812-4294-9fa5-3ed6b721ec9d	chr8	1274	1233	2507	1	1
UWB_Cisp0	b04a6f3c-0ebe-4d72-bd9e-a84c66b45e9e	chr8	2817	2526	5343	1	1
UWB_Cisp0	b10de97f-f38f-4a89-9353-92540b0603dd	chr8	4543	5854	10397	1	1
UWB_Cisp0	b1a9c1af-0d1a-4bd9-9fe2-a737dec34274	chr8	1486	4728	6214	1	1
UWB_Cisp0	b2dd8a5a-a08c-4b1d-a3ee-1cb274c3e97e	chr8	3252	2304	5556	1	1
UWB_Cisp0	bb4780cf-0897-4472-8cd0-4c92df4ccf88	chr8	1463	10699	12162	1	1
UWB_Cisp0	beaeeaee-ba26-4697-a7ee-dd8809f0262a	chr8	3498	5647	9145	1	1
UWB_Cisp0	c0e51e9c-438c-4017-aba3-1d6c288f372b	chr8	2588	6208	8796	1	1
UWB_Cisp0	c19edcd6-ce25-4856-8a6f-7e575f68fec6	chr8	1258	3967	5225	1	1
UWB_Cisp0	c37849b3-392e-4df6-8b8c-c9f141ad67a3	chr8	2462	6098	8560	1	1
UWB_Cisp0	c42b1eac-479a-4e27-8af1-8645b8588c19	chr8	3238	1939	5177	1	1
UWB_Cisp0	c4b51f3a-c2dd-453c-8f84-b583cf611941	chr8	4643	1863	6506	1	1
UWB_Cisp0	c83c5675-268c-4094-93b5-e3a19f0d6a65	chr8	1128	3747	4875	1	1
UWB_Cisp0	c9cb4082-a012-4946-81e9-8f61cfb22a40	chr8	1751	4616	6367	1	1
UWB_Cisp0	cd5ababf-76e8-4c4a-bbde-ae2ce8bfbf81	chr8	2554	6595	9149	1	1
UWB_Cisp0	d16289f2-bb27-4fa3-b3a9-9a10230fd910	chr8	4126	1637	5763	1	1
UWB_Cisp0	d4542027-3686-4ff5-8c85-6d4c79076d65	chr8	4795	7125	11920	1	1
UWB_Cisp0	d6868b4d-9c27-4afd-af31-6b88b45870a1	chr8	1561	5414	6975	1	1
UWB_Cisp0	d9233b1f-053f-4ba3-93a8-a2e8898d9e2f	chr8	2182	4176	6358	1	1
UWB_Cisp0	dc5098fe-ad1e-4bef-a821-ffee4bcfdc1f	chr8	1264	1793	3057	1	1
UWB_Cisp0	e0660f44-ea01-4a49-ba67-6b218dd2377c	chr8	3507	3848	7355	1	1
UWB_Cisp0	e7fb38c4-1e13-433b-b0ec-106dfcad23dc	chr8	4307	2039	6346	1	1
UWB_Cisp0	ec44e1ec-9fff-46fe-8abf-7e3ded74c351	chr8	1437	2005	3442	1	1
UWB_Cisp0	f04e9c4b-d813-46b5-95de-76f901602263	chr8	2873	1096	3969	1	1
UWB_Cisp0	f1b55354-0d66-4809-ab09-043ece06c263	chr8	1346	1253	2599	1	1
UWB_Cisp0	f8d30228-85f3-4d45-9c10-23774518a9e9	chr8	2509	1547	4056	1	1
UWB_Cisp0	fbfece9a-8e5e-4ca9-b746-6abab6d55217	chr8	3012	3972	6984	1	1
UWB_Cisp0	fd29f0ad-309a-4c37-85df-e3c29fc926f4	chr8	3805	3779	7584	1	1
UWB_Cisp0	fe420c4b-9c74-438d-acd5-63f513084880	chr8	3494	4254	7748	1	1
UWB_Cisp0	0cccae6f-0f1e-49f9-ad26-208e250e686f	chr9	2195	4658	6853	1	1
UWB_Cisp0	0dcb3d8f-b180-41be-8331-3958866d04bf	chr9	1388	3316	4704	1	1
UWB_Cisp0	19e8dc0c-c46f-4ac6-b4b4-5534dcad9dc6	chr9	1102	5407	6509	1	1
UWB_Cisp0	1a908850-bc9f-4723-9778-5c15144f27aa	chr9	4912	11392	16304	1	1
UWB_Cisp0	2fd66d32-c3e7-4514-ba01-62d3d958c2a3	chr9	2089	2751	4840	1	1
UWB_Cisp0	30c446b6-63ea-411d-9db8-7fd8d9406c99	chr9	2262	3905	6167	1	1
UWB_Cisp0	44f48335-2c29-404f-8fa9-5b493be659bd	chr9	2686	4164	6850	1	1
UWB_Cisp0	474cd03b-085e-4ca3-abd5-ea13ea8d0254	chr9	2184	3785	5969	1	1
UWB_Cisp0	48dad958-a54f-45e6-9484-dd7e6b9ff7a4	chr9	4875	2863	7738	1	2
UWB_Cisp0	4bdf27f2-3091-498b-97d3-c1a4c6532450	chr9	1952	2313	4265	1	1
UWB_Cisp0	4d63b3b5-b7ad-45d5-92d0-75abac14048c	chr9	2576	1691	4267	1	1
UWB_Cisp0	4eb6acbf-ff83-47c9-b46b-8eae9c798be0	chr9	1919	3937	5856	1	1
UWB_Cisp0	50727c49-99b4-4bfe-a636-dec849159a32	chr9	2500	1413	3913	1	1
UWB_Cisp0	51750694-0fea-46e0-989c-177f23a63a0f	chr9	2275	6983	9258	1	1
UWB_Cisp0	5493003c-ad16-4ce0-80f0-de0d26788abd	chr9	2929	3495	6424	1	1
UWB_Cisp0	5e10353b-60e0-46f5-8c2d-678e2212dcc0	chr9	1694	3570	5264	1	1
UWB_Cisp0	5fcdaf34-8eca-4134-b429-b433a03d551a	chr9	1628	3718	5346	1	1
UWB_Cisp0	676c2e85-eb5f-4f99-bc3a-87763e1a3890	chr9	1293	4861	6154	1	1
UWB_Cisp0	6c1a70ff-6901-4805-9fb4-c89f41660192	chr9	1327	3404	4731	1	1
UWB_Cisp0	7c9312e6-b4af-48ed-9d68-e4a021a8e2ef	chr9	2416	4699	7115	1	1
UWB_Cisp0	87627f39-74f4-4b26-af20-68034fe1d22c	chr9	2915	2758	5673	1	1
UWB_Cisp0	8f03b2aa-894a-43a8-abbd-26d1ed5c17e5	chr9	1427	2910	4337	1	1
UWB_Cisp0	942e130d-241d-4cf7-9fa6-8fb881f74393	chr9	2742	2793	5535	1	1
UWB_Cisp0	950c229a-3d87-4b3d-824c-df605f2cd598	chr9	1887	6557	8444	1	1
UWB_Cisp0	9b4cd640-699a-4940-aac7-8958eedfb551	chr9	2170	4014	6184	1	1
UWB_Cisp0	9ba89c57-4fd4-4071-9648-3b4afda3caff	chr9	3825	6622	10447	1	1
UWB_Cisp0	9c94c6e1-6366-4e5b-b0ae-71a97e9bdb8e	chr9	2396	1617	4013	1	1
UWB_Cisp0	9d5b4977-68de-4cc7-a567-e2043c6fae52	chr9	1557	6104	7661	1	1
UWB_Cisp0	a00e4e12-e098-4d2d-bbe1-94c843067aed	chr9	1510	10202	11712	1	1
UWB_Cisp0	a0753487-1952-4a9e-974b-adff118a1cd4	chr9	1514	1837	3351	1	1
UWB_Cisp0	a1c6ac49-14ea-43dd-80b9-4f70f26ff2b5	chr9	3535	2802	6337	1	1
UWB_Cisp0	a3130ff7-475b-44bc-b14f-34df9cb16e95	chr9	3776	4087	7863	1	1
UWB_Cisp0	a49f075d-ad2c-4aa9-aa88-838ffef79285	chr9	3212	2330	5542	1	1
UWB_Cisp0	a59357ed-84cb-4e9e-bd08-f7343dfb5485	chr9	2260	3706	5966	1	1
UWB_Cisp0	b966ceb2-433e-404c-8dc5-8e8b000b7fc1	chr9	1184	1470	2654	1	1
UWB_Cisp0	c480ca8b-8808-41f2-9f1b-5c5ad7819212	chr9	1600	6412	8012	1	1
UWB_Cisp0	c5285b57-2a7c-4882-a632-c046fccfe900	chr9	1594	1119	2713	1	1
UWB_Cisp0	c69cb467-7ad4-408b-be82-3faa47d1bf5a	chr9	1083	4824	5907	1	1
UWB_Cisp0	cfb16547-8600-43ba-91b7-5ff05de7dc8f	chr9	2476	1137	3613	1	1
UWB_Cisp0	d1105790-fb24-40d4-95bd-a6435e6d978c	chr9	3092	2589	5681	1	1
UWB_Cisp0	dbbd21c6-2d4d-40ad-810c-15bbad06ff1f	chr9	2450	4220	6670	1	1
UWB_Cisp0	dd42bbeb-a2be-417f-b852-46e08e80ba11	chr9	1001	5225	6226	1	1
UWB_Cisp0	e34cd9c6-80e2-4b0c-83b0-bfa0c08f72bd	chr9	2459	2052	4511	1	1
UWB_Cisp0	e752f025-b363-4a2c-b333-58ac587bf79b	chr9	2424	10030	12454	1	1
UWB_Cisp0	e79e770e-51e8-482f-87ab-403ac8150de2	chr9	2220	4204	6424	1	1
UWB_Cisp0	ecbcdccb-cfe4-4138-93c4-39af3d795302	chr9	1275	6344	7619	1	1
UWB_Cisp0	f4340fdf-8d8e-43ab-88c0-f275c1773d48	chr9	1071	3320	4391	1	1
UWB_Cisp0	fdb8823a-a116-495e-a21e-33c73fdceafb	chr9	1095	2332	3427	1	1
UWB_Cisp0	fe302b22-497a-4984-a268-fb95f21e9e51	chr9	1064	3116	4180	1	1
UWB_Cisp0	009aab06-50f0-4c10-887d-55f255680721	chr10	1406	4345	5751	1	1
UWB_Cisp0	08235a9a-c4b1-4203-b426-8984bd86d620	chr10	1133	5533	6666	1	1
UWB_Cisp0	08fd7e0f-fda5-4fd3-a9cb-acec9cdb1788	chr10	1035	1005	2040	1	1
UWB_Cisp0	0cd1133b-c9ab-433f-a96b-2b8d5ebdf984	chr10	1949	5640	7589	1	1
UWB_Cisp0	0e8a019c-d727-4d42-a730-d2b7c1931299	chr10	1562	3522	5084	1	1
UWB_Cisp0	0f80ffdf-5173-41d7-9f4f-d40c2a6fde2a	chr10	3923	11085	15008	1	1
UWB_Cisp0	121bd9e4-267b-4782-838e-e6646c8a2754	chr10	5490	2531	8021	2	2
UWB_Cisp0	129cd66e-2d0e-4068-abfc-aebe5e700607	chr10	2372	3654	6026	1	1
UWB_Cisp0	2f62f40d-2771-4662-9690-36bdb53ea361	chr10	4476	4418	8894	1	1
UWB_Cisp0	2f7d68da-c8b6-455a-b241-e429693cb61a	chr10	2651	7373	10024	1	1
UWB_Cisp0	34ee5b83-e911-482f-8912-05403cb6ec09	chr10	2069	1091	3160	1	1
UWB_Cisp0	36520573-0e12-4215-b448-8d8063dc8b88	chr10	2843	23949	26792	1	2
UWB_Cisp0	3981d8a6-fe4a-4f4d-8f04-143938b20d4b	chr10	1094	1977	3071	1	1
UWB_Cisp0	39878429-8455-4b5c-87ba-d11d21a67fd9	chr10	1905	4970	6875	1	1
UWB_Cisp0	3b5cdd8a-dc50-4834-921a-2733b09d3314	chr10	1199	2336	3535	1	1
UWB_Cisp0	3f86607b-c25f-4899-934c-e4f92cf0235f	chr10	2720	3422	6142	1	1
UWB_Cisp0	42a21ae2-7697-433e-950c-ad0cd9f9a914	chr10	2461	1120	3581	2	1
UWB_Cisp0	42aab0ec-c0c3-4172-a0d4-3f7534841645	chr10	2257	3026	5283	1	1
UWB_Cisp0	44271d82-61e3-4341-940a-9d857c79afc6	chr10	2729	2222	4951	1	1
UWB_Cisp0	4e492922-999e-4cfa-9f85-e41b750ab6c2	chr10	3688	1592	5280	1	1
UWB_Cisp0	58c1005c-9d61-431d-80cd-093433fa3413	chr10	3205	8450	11655	1	1
UWB_Cisp0	590ef90b-3f79-4685-9dc5-e04e9040fa58	chr10	2514	1738	4252	1	1
UWB_Cisp0	5f518075-7a9f-4302-9000-3988f697b85a	chr10	4987	3673	8660	3	2
UWB_Cisp0	6139130c-6a9a-4ee4-b8a1-b50d93cc4d4a	chr10	1396	1155	2551	1	1
UWB_Cisp0	622192fb-8fce-4ea1-b823-fa51fb12dd69	chr10	1795	3992	5787	1	1
UWB_Cisp0	63241c50-fd27-4556-83d3-d1096dd1fb44	chr10	1758	5093	6851	1	1
UWB_Cisp0	63aaac36-cb12-4f29-969e-acd347167ebd	chr10	11032	1178	12210	1	1
UWB_Cisp0	651ba4ac-204b-47cc-93c8-c9fd06961f9a	chr10	1174	6167	7341	1	1
UWB_Cisp0	6715e6cd-a4a2-4491-bdd9-c905ea718a48	chr10	1379	1393	2772	1	1
UWB_Cisp0	6926e336-0baf-411e-b3e7-f94c2a173995	chr10	2601	1210	3811	1	1
UWB_Cisp0	71c13899-03e0-4802-b672-7eeee4c4fc79	chr10	1653	3553	5206	1	2
UWB_Cisp0	7d6ea512-96db-4bb7-bf87-734b58938dbb	chr10	2563	1603	4166	1	1
UWB_Cisp0	7e883dcf-df18-4aa9-8505-cf913ffb0521	chr10	2207	3513	5720	1	1
UWB_Cisp0	903c1ec3-1325-486f-861e-ca3b24677894	chr10	8798	1259	10057	1	1
UWB_Cisp0	964c37d1-eeb9-44c8-87e5-e0ee47d57fc3	chr10	1033	7608	8641	1	1
UWB_Cisp0	9ce16ac4-e473-4157-9d62-40774d547519	chr10	1139	2428	3567	1	1
UWB_Cisp0	a24bf763-2d19-45c0-84de-1216b3f34391	chr10	1991	4947	6938	1	1
UWB_Cisp0	a2f0895d-8f72-4548-b814-4e2313373b69	chr10	1616	1433	3049	1	1
UWB_Cisp0	a8082bd3-e523-4431-96a3-8337387f2a0b	chr10	2560	2152	4712	1	1
UWB_Cisp0	abb906f5-38f7-4d6f-bdca-9e9ed6b4f968	chr10	2674	3633	6307	1	1
UWB_Cisp0	add616ba-a580-4494-b159-8badfbcb8e22	chr10	2968	1814	4782	1	1
UWB_Cisp0	b0878535-928c-404b-a82a-2c23d00654bc	chr10	1985	1834	3819	1	1
UWB_Cisp0	b3024040-a211-4a68-a9c5-416465461092	chr10	1305	4779	6084	1	1
UWB_Cisp0	b5fd226b-bd7c-4d1e-b2d3-fce839232a21	chr10	1456	2467	3923	1	1
UWB_Cisp0	b82ddcfd-16d7-4055-b0fa-e5096bac4b9b	chr10	1944	1845	3789	1	1
UWB_Cisp0	bdf0f7b9-c0c5-4102-9e7a-20951f5f00a8	chr10	1030	2845	3875	1	1
UWB_Cisp0	c2a0fb39-4779-4854-bbfd-842faf9f4261	chr10	1622	9369	10991	1	1
UWB_Cisp0	c2e693dc-b7d2-42f7-ba08-de50941dbef2	chr10	1456	1579	3035	1	1
UWB_Cisp0	ca11a67c-5c26-49d5-b04d-a478b8977dff	chr10	4375	1406	5781	1	1
UWB_Cisp0	caaba404-53b4-4639-a280-5c3cbcb013fa	chr10	1648	3326	4974	1	1
UWB_Cisp0	cae47ada-5fb2-4769-8001-c0c0717c50ad	chr10	4066	2090	6156	1	1
UWB_Cisp0	cc5956d5-6be6-40ed-bb34-f1c89ba4ef79	chr10	1482	2884	4366	1	1
UWB_Cisp0	cd70c7ca-1123-4899-99fa-fdae92725f7e	chr10	2843	7770	10613	1	1
UWB_Cisp0	cf1a7980-23b2-4ad1-aebe-d0dccd3a81c1	chr10	8149	1429	9578	2	1
UWB_Cisp0	cf818303-8e6b-4b9d-a2ad-cc84a54292b9	chr10	1816	1379	3195	1	1
UWB_Cisp0	da94fed9-b184-4f1d-9def-69b95477f622	chr10	4672	2675	7347	1	1
UWB_Cisp0	dd83b332-60a1-4363-a386-2810ca0773d2	chr10	4359	5016	9375	1	1
UWB_Cisp0	de779b6d-fe53-4eee-837e-3b9e4950a58a	chr10	1132	3234	4366	1	1
UWB_Cisp0	df52d786-cc10-4176-8387-03ce44511671	chr10	2723	8542	11265	1	1
UWB_Cisp0	e0cb2937-0bf8-42b4-ad3b-b46748c08dfd	chr10	2518	1645	4163	1	1
UWB_Cisp0	e2aa5ed4-9cd7-41df-9a26-7c180a6428ee	chr10	1013	1032	2045	1	1
UWB_Cisp0	e4a7a8b4-19ef-4b7a-b8bb-c42d5bef49de	chr10	1183	9139	10322	1	1
UWB_Cisp0	e558cf3b-af53-4384-b5cc-9e579477f838	chr10	2005	3173	5178	1	1
UWB_Cisp0	e6d310b8-03f2-4a1c-bb38-db0f3398bc48	chr10	3366	1254	4620	1	1
UWB_Cisp0	e81cdd64-f185-45d1-8017-adf4d9cf0a79	chr10	1797	3607	5404	1	1
UWB_Cisp0	ea2a43e3-b6a5-46d6-af0c-8d9341d3ad72	chr10	2434	5756	8190	1	1
UWB_Cisp0	f63948f6-3904-4108-b1c4-4cddb2ad30a5	chr10	4684	2524	7208	1	1
UWB_Cisp0	f9c45664-6259-4637-b62d-6f611ebbff8b	chr10	3191	2189	5380	1	1
UWB_Cisp0	fb2bedf3-5631-49db-95ae-19949e6e9167	chr10	1468	2466	3934	1	1
UWB_Cisp0	fd4490aa-10fe-4dab-b62d-bba06c26b681	chr10	1851	4284	6135	1	1
UWB_Cisp0	01421f69-2698-47e4-9388-2969e81cc5b7	chr11	3148	7320	10468	1	1
UWB_Cisp0	084d1ded-3cc8-4e7a-b930-c54b68b672b6	chr11	1294	1288	2582	1	1
UWB_Cisp0	0f3070f6-7c21-4a25-947d-aa912618f2de	chr11	2949	5741	8690	1	1
UWB_Cisp0	13629b9e-9a27-4303-a380-f83453d5d796	chr11	1261	3460	4721	1	1
UWB_Cisp0	15c8692a-294f-4028-84be-647125fb8642	chr11	3853	2674	6527	1	1
UWB_Cisp0	196431b2-8b8f-4467-bb19-f4044f831df2	chr11	2919	5554	8473	1	1
UWB_Cisp0	1bfd50d7-ed9f-4111-a726-05a946de8e59	chr11	6575	4811	11386	1	1
UWB_Cisp0	200f7728-01ef-445d-9ef8-5fcb2b642f44	chr11	1305	4178	5483	1	1
UWB_Cisp0	203fa39b-874d-4a3f-81e1-a23830819322	chr11	1202	2683	3885	1	1
UWB_Cisp0	2231f7ca-d0af-4ac1-927b-bc4a05e2210a	chr11	1727	4010	5737	1	1
UWB_Cisp0	2660e01f-4c83-47b8-8066-37b8cf2b7707	chr11	1046	4865	5911	1	1
UWB_Cisp0	26993395-ce23-4b68-8146-973f5685e096	chr11	1872	5335	7207	1	1
UWB_Cisp0	2f4b56d3-8120-4b16-9b13-f4c7df2cd0db	chr11	3727	2779	6506	1	1
UWB_Cisp0	3024faba-eda4-4f29-9acb-6390502d7e43	chr11	1112	11340	12452	1	1
UWB_Cisp0	32dd4e7f-325c-4c7d-a644-0b65f88656eb	chr11	4885	7953	12838	1	1
UWB_Cisp0	334a4212-d4e6-42e6-bc9d-a69b1aff8639	chr11	2403	1689	4092	1	1
UWB_Cisp0	3cc44bf5-da1f-4a32-a74a-d83d9730730e	chr11	1549	6347	7896	1	1
UWB_Cisp0	3ce6e242-d6f6-4c62-beb1-cdadca508ef3	chr11	1970	3876	5846	1	1
UWB_Cisp0	4350da98-5a0f-4675-83f6-59acabd14fa9	chr11	2955	7034	9989	1	1
UWB_Cisp0	45597798-b9ed-4bc9-9d7d-6a3f5f58fbab	chr11	1062	9204	10266	1	1
UWB_Cisp0	4aa525a5-fc78-406f-b2cb-f0e19030025d	chr11	1144	2220	3364	1	1
UWB_Cisp0	4cfd1b5b-177e-4e9e-a40e-aff711c49f3a	chr11	4081	5943	10024	1	1
UWB_Cisp0	4f4ca8e4-0342-4d73-bc51-b2f81357d048	chr11	4471	3938	8409	1	1
UWB_Cisp0	5047dfbd-e8e3-4041-9eac-5890cd776bcf	chr11	1428	9813	11241	1	1
UWB_Cisp0	51df54a3-708a-4533-9c1b-6e9dad233c9d	chr11	3275	6687	9962	1	1
UWB_Cisp0	561ed323-59f4-4be6-87bf-4374bfdf2ed0	chr11	1478	4990	6468	1	1
UWB_Cisp0	567cd4ed-a377-462a-bbb7-1c8232ac79df	chr11	4228	4140	8368	1	1
UWB_Cisp0	56dfddba-728a-4566-b7b1-68d3872c7d83	chr11	3463	4622	8085	1	1
UWB_Cisp0	58277f51-b6b7-4d12-bb51-99b33a0a2a0a	chr11	3258	9060	12318	1	1
UWB_Cisp0	59e8ec9d-b6d2-4733-a6ba-f4bb8d4232bf	chr11	3590	8901	12491	1	1
UWB_Cisp0	5bcdd2c5-17b4-4935-b088-8d772df883bc	chr11	4786	3460	8246	1	1
UWB_Cisp0	62643d21-b58e-42dc-8ba7-b757b365e6f1	chr11	1689	8682	10371	1	1
UWB_Cisp0	6276b702-85d7-48ce-b960-40a03061d339	chr11	1599	3152	4751	1	1
UWB_Cisp0	67410508-90dc-43f2-a2ba-368a2b282a39	chr11	1564	1172	2736	1	1
UWB_Cisp0	68441464-91ef-4350-8bf4-9d8e91ba52db	chr11	3709	4653	8362	1	1
UWB_Cisp0	6963203a-3a07-40f9-b6f7-3a98bb298a1a	chr11	2134	4300	6434	1	1
UWB_Cisp0	7592f780-5968-490c-9446-7baf1d7effe8	chr11	1419	5175	6594	1	1
UWB_Cisp0	82bc7cd1-0959-424b-8c68-f272a409da99	chr11	1394	1362	2756	1	1
UWB_Cisp0	847493bd-95a3-483e-9595-250419f3afc9	chr11	1841	3613	5454	1	1
UWB_Cisp0	86bb88ce-1beb-4db8-929c-12e1d9fef790	chr11	1559	1036	2595	1	1
UWB_Cisp0	88ea0337-93a6-493b-bd18-c51c6c5a094c	chr11	4053	4940	8993	1	1
UWB_Cisp0	8923ba7b-b7aa-4eec-8c96-1a0dbdfb45c2	chr11	1151	2626	3777	1	1
UWB_Cisp0	8bfe5c5c-a71b-4093-bce8-b0b6feb4518f	chr11	2754	1316	4070	1	1
UWB_Cisp0	8f269f39-0366-449a-aa91-01716c1eff1c	chr11	1667	3002	4669	1	1
UWB_Cisp0	9331468d-c647-47b1-845f-a817bf5218a0	chr11	2889	4281	7170	1	1
UWB_Cisp0	93bdda2e-7375-41ab-96b2-98959902f600	chr11	1822	4008	5830	1	1
UWB_Cisp0	95100298-917a-46f6-8738-a7cfcdb0686f	chr11	1913	1197	3110	1	1
UWB_Cisp0	954d5fd8-50bb-4c0c-a907-92f06240caa3	chr11	1103	3610	4713	1	1
UWB_Cisp0	96347b12-dcd8-4ea3-82d7-44423c8395aa	chr11	1304	2169	3473	1	1
UWB_Cisp0	994179dd-7174-4167-8e1c-54abcfd162f3	chr11	3642	3532	7174	1	1
UWB_Cisp0	9a853eb4-c212-4b9f-954a-d957ceced918	chr11	1006	8578	9584	1	1
UWB_Cisp0	9ad68914-0235-45a9-9548-5bb0a87353b5	chr11	1157	4661	5818	1	1
UWB_Cisp0	9c45880f-c9b8-4682-81a4-ca71db343d9c	chr11	1483	3049	4532	1	1
UWB_Cisp0	9e75ab2c-2d22-46db-8c35-2ed6ea26e159	chr11	1482	9176	10658	1	1
UWB_Cisp0	a1dd0a04-8312-44e5-a502-3cc185d1ab42	chr11	2246	4222	6468	1	1
UWB_Cisp0	aaaa9523-4f44-4716-9d39-2cd8d1dfe8f8	chr11	1203	4297	5500	1	1
UWB_Cisp0	ab66eb75-71e4-4d4e-bb83-e3355fc7bf6f	chr11	2909	3503	6412	1	1
UWB_Cisp0	af5448a7-baee-4313-9539-6c47fb58f367	chr11	2823	8564	11387	1	1
UWB_Cisp0	b35d87b0-f9ce-449e-98a8-652cf896da7c	chr11	3499	4185	7684	1	1
UWB_Cisp0	b5383cd1-8831-4990-a6ee-08b0b49108f2	chr11	1229	1771	3000	1	1
UWB_Cisp0	ba3f15b6-85b3-4044-b2e7-e22fdc3464ec	chr11	3280	3028	6308	1	1
UWB_Cisp0	bec4c142-fdc6-4fd0-8dca-f0929c219afd	chr11	1390	3187	4577	1	1
UWB_Cisp0	bfa5ba6a-c1aa-4041-bd4b-7a64e3715226	chr11	1836	8874	10710	1	1
UWB_Cisp0	c211f93d-3922-4f76-bea0-57a14bf1259b	chr11	2409	3368	5777	1	1
UWB_Cisp0	c2f12113-4fcf-474e-9ff1-5587a34cd20f	chr11	1879	3182	5061	1	1
UWB_Cisp0	c68ba6b8-507c-417f-8d97-d20d2d7d37bc	chr11	1902	2662	4564	1	1
UWB_Cisp0	cb9ee4f6-ff94-48e3-b372-4d465b512417	chr11	1558	2389	3947	1	1
UWB_Cisp0	ce5d8158-2651-437e-b0d9-467655a38e52	chr11	1684	12022	13706	1	1
UWB_Cisp0	cf5663ee-f8f9-49c3-be21-f757b2ae95c8	chr11	2054	2092	4146	1	1
UWB_Cisp0	d265292d-5bf8-48e5-891d-6b6929110692	chr11	2362	2176	4538	1	1
UWB_Cisp0	e516a328-bc3f-4802-9204-8c9b1de316fc	chr11	2256	5112	7368	1	1
UWB_Cisp0	e9d83873-9692-4c55-ae1a-a508b77fd1ce	chr11	2069	2963	5032	1	1
UWB_Cisp0	ebeaf492-0c23-46ce-8704-f50f165fce9d	chr11	2237	6418	8655	1	1
UWB_Cisp0	ed4d0c0f-a66e-4e59-8b65-c9a98471c891	chr11	2633	6304	8937	1	1
UWB_Cisp0	f203282f-27be-455b-9598-b3b440d5895b	chr11	1310	11740	13050	1	1
UWB_Cisp0	f3c74e34-d7a9-4790-9ba4-14f4254d04be	chr11	2050	5576	7626	1	1
UWB_Cisp0	f81480fc-90d8-4f73-9c0c-8ab7783f703d	chr11	2562	7352	9914	1	1
UWB_Cisp0	f85483bf-9b1b-4c23-a9c6-4a0761fed424	chr11	1493	9176	10669	1	1
UWB_Cisp0	039b5d7a-c2b6-4491-8acc-d0db25ec223e	chr12	1966	7852	9818	1	1
UWB_Cisp0	045fccb0-fa18-481a-98a9-5f900babdb24	chr12	2112	9273	11385	1	1
UWB_Cisp0	05048caf-3ab0-483a-84b2-bf46da60d526	chr12	1523	3794	5317	1	1
UWB_Cisp0	08565d7a-dbf5-47ed-bfc9-22945f7edd66	chr12	2908	7467	10375	1	1
UWB_Cisp0	09f1aa09-111b-4a6f-8837-af61544f270b	chr12	3508	2146	5654	1	1
UWB_Cisp0	10b5fc3f-8b8a-4470-b628-3b2757781bfe	chr12	1952	2372	4324	1	1
UWB_Cisp0	12dc83ec-ed35-4357-8fb4-3b24f0e7b09d	chr12	3193	1606	4799	1	1
UWB_Cisp0	1580a3ee-1bb5-4438-b9de-d5adf6924549	chr12	2276	6310	8586	1	1
UWB_Cisp0	162d5cd2-271f-48dd-ba52-0c389b4561c5	chr12	3422	2031	5453	1	1
UWB_Cisp0	17908d49-5730-4c43-924c-6dd105c067b2	chr12	1590	10111	11701	1	1
UWB_Cisp0	17c9a90d-afa5-483b-81eb-83196bee525b	chr12	2392	7347	9739	1	1
UWB_Cisp0	1bf9be28-0036-4d86-8824-e48b786674ae	chr12	1579	10373	11952	1	1
UWB_Cisp0	221dc59d-057d-425e-8768-aecec89e8517	chr12	1034	4333	5367	1	1
UWB_Cisp0	29c82a81-ae5a-4a28-ae07-5748e763c9d3	chr12	1302	6401	7703	1	1
UWB_Cisp0	2dffd823-55de-44f7-98b8-64601fd93a57	chr12	1408	4657	6065	1	1
UWB_Cisp0	3752192f-bd1d-4103-846d-8e5464dfdd71	chr12	1765	3056	4821	1	1
UWB_Cisp0	377c034c-8868-4e65-b2ed-0cb0068e679f	chr12	1176	5635	6811	1	1
UWB_Cisp0	3f84991f-4afb-4c01-97fe-7c7199125dc1	chr12	3626	6052	9678	1	1
UWB_Cisp0	40234feb-eecc-41e2-9343-854fe22fe1b9	chr12	1892	3424	5316	1	1
UWB_Cisp0	40b66edb-ab68-4969-9c8c-90cbc5927b22	chr12	1215	1188	2403	1	1
UWB_Cisp0	4920d0fc-2aed-43f1-89ff-9b24f37bbf0c	chr12	3319	2246	5565	1	1
UWB_Cisp0	4984281d-8be1-4859-8367-22b14d584a8e	chr12	1274	3399	4673	1	1
UWB_Cisp0	4aac3e9f-f53c-4ad5-9a51-c471d2ce3a12	chr12	1309	3446	4755	1	1
UWB_Cisp0	50749964-6dd6-4777-b8ec-aebc342f1842	chr12	3364	3789	7153	1	1
UWB_Cisp0	5301ea59-2aa5-46a2-9b54-a03c86a8b88e	chr12	2645	1077	3722	1	1
UWB_Cisp0	53e941c9-1f17-4198-bb45-1247802ab6a1	chr12	1359	3770	5129	1	1
UWB_Cisp0	5446e0b6-8960-4eaa-b1ab-c8236dfcd3f8	chr12	2126	4970	7096	1	1
UWB_Cisp0	54aee5a0-3393-41d6-b94a-62b204c9e2db	chr12	2736	1512	4248	1	1
UWB_Cisp0	559dd7b8-a6b8-433d-9b76-3034543710a2	chr12	2558	5249	7807	1	1
UWB_Cisp0	56c92ff8-5046-448e-92e5-35280758f52f	chr12	1310	2818	4128	1	1
UWB_Cisp0	581c48fe-0a26-47fe-941c-93f4ef4c6a67	chr12	3141	3285	6426	1	1
UWB_Cisp0	58b88a04-a386-476e-a323-85e47498945d	chr12	1063	4906	5969	1	1
UWB_Cisp0	5e896866-1ec3-4a3b-9f9c-856ac6e54998	chr12	2428	3984	6412	1	1
UWB_Cisp0	648b3d8f-dd46-4f44-803c-75ca21435592	chr12	1257	3234	4491	1	1
UWB_Cisp0	69d72d11-3f4e-4f63-8fe2-79492debc182	chr12	1228	1512	2740	1	1
UWB_Cisp0	6fc39015-13ab-4faf-9e76-5aff9f2284d8	chr12	1296	1540	2836	1	1
UWB_Cisp0	738cb813-0f3d-4f8c-afb0-4d7f9ebe3c0b	chr12	2570	17754	20324	1	1
UWB_Cisp0	7755dd3f-f2fa-427c-be1c-038fd9d2fca3	chr12	1884	4352	6236	1	1
UWB_Cisp0	791be436-b182-4890-bcdd-2c423a575282	chr12	3107	3236	6343	1	1
UWB_Cisp0	7d76fb12-0262-4adf-b22b-7f5c6e5f453b	chr12	2166	1413	3579	1	1
UWB_Cisp0	8114230e-f834-4141-8cff-338d1b4f66e3	chr12	1382	2866	4248	1	1
UWB_Cisp0	87ca3653-df5f-4341-a7d0-eb5b63d6f159	chr12	1012	6880	7892	1	1
UWB_Cisp0	882041e1-74df-4604-bd36-cb654d7c5bc3	chr12	1006	3405	4411	1	1
UWB_Cisp0	8943674f-a638-48d6-bc7e-7b0d0b570627	chr12	2324	2027	4351	1	1
UWB_Cisp0	8aaf727a-84ed-437c-90b9-94dbacc4c092	chr12	1444	1089	2533	1	1
UWB_Cisp0	9068a8e1-a85b-4ee0-8e3c-de9f672e3607	chr12	3346	1703	5049	1	1
UWB_Cisp0	90d18b40-de46-4a92-9a7f-512757094c70	chr12	2189	10691	12880	1	1
UWB_Cisp0	92177419-7804-4d28-aac7-eb686526b460	chr12	4228	6142	10370	1	1
UWB_Cisp0	96b21c96-3ce4-4555-a2b9-5b77c5c96eae	chr12	1681	5218	6899	1	1
UWB_Cisp0	9b47e2f2-ca27-4bee-a43a-8c6882275fb8	chr12	2293	3515	5808	1	1
UWB_Cisp0	a1268ba8-d74f-4cfe-a549-3570d6b9785f	chr12	2021	4846	6867	1	1
UWB_Cisp0	a77d3b59-e4a4-40a8-916f-41854e750d4b	chr12	1904	1316	3220	1	1
UWB_Cisp0	a8ba1adc-cbf0-4bdf-90e2-34140d8181d7	chr12	1999	1220	3219	1	1
UWB_Cisp0	ab8a202c-a405-497c-b426-a8cca849e5d7	chr12	2163	10531	12694	1	1
UWB_Cisp0	ae7becda-9e37-4f0a-894e-1c9f1e803b4d	chr12	3220	11043	14263	1	1
UWB_Cisp0	b1406620-7990-4006-b0b4-b474350c74d0	chr12	1591	3855	5446	1	1
UWB_Cisp0	b22868b1-66a3-49fd-a711-8b40165f03a8	chr12	2828	1242	4070	1	1
UWB_Cisp0	b2531209-e186-4e4e-a7b6-f0107c765e99	chr12	4257	7414	11671	1	1
UWB_Cisp0	b3037a02-8dac-4969-9cfe-059bd5522db4	chr12	1937	2532	4469	1	1
UWB_Cisp0	b7c22c43-442b-4d0a-a626-62b0aad979b0	chr12	2652	4343	6995	1	1
UWB_Cisp0	b8edf506-bc67-4b6f-b517-f3653403d58e	chr12	3690	3735	7425	1	1
UWB_Cisp0	c0c7a313-4e2c-49aa-9874-958d5fde2f5c	chr12	1747	6245	7992	1	1
UWB_Cisp0	c5d0126b-c9dd-4769-aa09-894683ef8f41	chr12	1993	3126	5119	1	1
UWB_Cisp0	c659bea9-87c5-41dd-a914-fb8f76bf6feb	chr12	2109	3041	5150	1	1
UWB_Cisp0	c74bde07-79ed-4c3f-8380-df0a3f1498c3	chr12	1734	4479	6213	1	1
UWB_Cisp0	c8a051b2-a001-4f53-86f3-7356f7d30cfb	chr12	2806	3914	6720	2	1
UWB_Cisp0	cac8726a-3fe8-47f7-b694-15977b957e52	chr12	4902	2996	7898	1	1
UWB_Cisp0	d6d6a4ab-e3d8-4ef3-a96c-3bdbff597159	chr12	4709	1279	5988	1	1
UWB_Cisp0	dac2a9a3-4e01-47db-8788-2dc48e6c5cc3	chr12	1874	2144	4018	1	1
UWB_Cisp0	e04322f2-00ab-42b2-ac22-1f25621903f3	chr12	1450	6320	7770	1	1
UWB_Cisp0	e3281ef9-4922-414d-970a-7552b87cea3d	chr12	3881	1315	5196	1	1
UWB_Cisp0	e44bbf0c-dc19-4164-9315-01750cf73f35	chr12	3129	2357	5486	1	1
UWB_Cisp0	e4bfd4f9-3dbb-4167-98a0-061cb7eae20e	chr12	2253	3466	5719	1	1
UWB_Cisp0	e9b4c1e3-a5e8-479c-a894-5961e664eeae	chr12	2498	2560	5058	1	1
UWB_Cisp0	ea21b42e-3906-42cc-a55b-06665b1662f5	chr12	2532	1930	4462	1	1
UWB_Cisp0	eb9d196b-3cfb-4d36-8387-d75aa1a5850d	chr12	3348	2992	6340	1	1
UWB_Cisp0	f2bd9e17-85a6-4c11-9350-1e824db6da59	chr12	1296	7864	9160	1	1
UWB_Cisp0	f41b4875-ffe0-4eb6-98f9-57dba6c673f0	chr12	1969	4589	6558	1	1
UWB_Cisp0	f6f2d9dd-9891-4a3d-8e3e-c6811d4cc40e	chr12	2946	5253	8199	1	1
UWB_Cisp0	fbbd140a-4bb0-4f32-8df2-31faacdc140c	chr12	4723	1290	6013	1	1
UWB_Cisp0	fef80993-29ad-47ee-9aae-58116ae3890e	chr12	1484	4501	5985	1	1
UWB_Cisp0	093a1b11-af1c-4b24-b278-b09636605485	chr13	3566	2691	6257	1	1
UWB_Cisp0	0d0b9d76-88f6-483a-9264-ee0f89151a48	chr13	1982	10155	12137	1	1
UWB_Cisp0	0ec6cc97-136a-428c-bfa0-a0bd9a377f34	chr13	2265	1855	4120	1	1
UWB_Cisp0	14593d1c-f714-442a-9bff-46c405bf08e1	chr13	5883	3907	9790	1	1
UWB_Cisp0	17d4a365-ff6d-4f36-b812-fcdae506376f	chr13	1386	4029	5415	1	1
UWB_Cisp0	18db6bbe-1082-4c6e-8cc8-0003a94337fe	chr13	3082	2032	5114	1	1
UWB_Cisp0	190d0bcf-d64a-467b-aacf-63e32ade0de6	chr13	4218	4671	8889	1	1
UWB_Cisp0	251519c6-a3b2-4be8-a869-2991305baa68	chr13	1688	3171	4859	1	1
UWB_Cisp0	273222d3-ba3b-4c15-96fd-b4f6a24bac16	chr13	1511	9196	10707	1	1
UWB_Cisp0	28b338f2-0e83-44da-ab44-a5e72b338f35	chr13	1641	4509	6150	1	1
UWB_Cisp0	31831611-11f5-4721-87dd-4e9d97adce2d	chr13	1210	2907	4117	1	1
UWB_Cisp0	3234736f-71c6-457d-82bf-e9e4ef8f76c3	chr13	4913	1281	6194	1	1
UWB_Cisp0	3251358e-b921-417a-8651-1a660606e4ba	chr13	2598	2501	5099	1	1
UWB_Cisp0	3a198c3c-e121-4ea4-b420-c0937279a517	chr13	3289	4242	7531	1	1
UWB_Cisp0	4563b4e7-8946-4620-b92e-5f60d0039d58	chr13	1770	3337	5107	1	1
UWB_Cisp0	4a0de9ce-12ba-474a-af4e-0942bc59175f	chr13	4218	1192	5410	1	1
UWB_Cisp0	51130934-87a8-446e-9c5b-3b2374d143a1	chr13	1493	3967	5460	1	1
UWB_Cisp0	538a0c37-c229-47b1-b703-b1258268fe83	chr13	1302	6146	7448	1	1
UWB_Cisp0	54612987-ba8e-439e-a36e-8c4b5db83185	chr13	2781	4224	7005	1	1
UWB_Cisp0	599bdf7d-599c-4840-9e3f-0e4768ff9b52	chr13	1418	5325	6743	1	1
UWB_Cisp0	5a185b06-a655-4757-9732-ce5bbec6da14	chr13	5435	3441	8876	2	1
UWB_Cisp0	5a89903d-b4dd-458c-8bd0-bcb697e0cb6d	chr13	3786	1693	5479	1	1
UWB_Cisp0	5cc7504a-0c46-41f6-ac88-7e50ff0fb07b	chr13	1551	6691	8242	1	1
UWB_Cisp0	6e7eadb2-31d5-45e9-9d56-cde7d2f9c7b5	chr13	2902	3462	6364	1	1
UWB_Cisp0	72b7ca36-b3ee-42b7-9f9b-d175fd86ac58	chr13	1653	3065	4718	1	1
UWB_Cisp0	7371fb14-5188-4b8e-a87d-1ce72079d122	chr13	1298	1318	2616	1	1
UWB_Cisp0	9447229b-ee3e-4fd1-a044-f7c2165b4a86	chr13	3353	5279	8632	1	1
UWB_Cisp0	a0b359a5-e33d-41c3-b7be-b85bb68e28f3	chr13	1673	4066	5739	1	1
UWB_Cisp0	a0bcee73-553d-41f1-8de3-0a4cbe632c19	chr13	1669	7856	9525	1	1
UWB_Cisp0	b419bbf8-857b-4a83-a169-07510f5af06a	chr13	3038	1437	4475	1	1
UWB_Cisp0	b4b2e08c-721c-4ba5-90b4-94d5a081434c	chr13	3909	4796	8705	1	1
UWB_Cisp0	b4dad7bc-8c7b-465f-b644-6c995b656d20	chr13	1919	12184	14103	1	1
UWB_Cisp0	b8f7c700-64bf-4efa-8f3b-328807ff87e2	chr13	1156	6025	7181	1	1
UWB_Cisp0	bafc0dd3-2d56-4712-abad-8dcc7e3048d9	chr13	2709	4252	6961	1	1
UWB_Cisp0	c009c11b-c95d-426d-9aa0-46c44b6c00cd	chr13	1246	2313	3559	1	1
UWB_Cisp0	d0f0fc90-f0bd-4e69-986c-f432d4ece01d	chr13	2201	4886	7087	1	1
UWB_Cisp0	db127db4-fa82-4e62-982c-340a9970f5a1	chr13	2098	1248	3346	1	1
UWB_Cisp0	db58fdd2-9796-49b4-844e-e135f2e2514f	chr13	1361	2934	4295	1	1
UWB_Cisp0	e37dd3e4-8480-4729-8e3f-333d27f1c2fe	chr13	3642	2667	6309	1	1
UWB_Cisp0	e4da96ab-57a4-4e63-b40e-710a4b42c183	chr13	3249	2235	5484	1	1
UWB_Cisp0	ef09a16b-bab1-4c09-8462-f1627011eba2	chr13	2819	1470	4289	1	1
UWB_Cisp0	f0783e7b-13c1-4b6f-b715-0897b8b15380	chr13	1670	19581	21251	1	1
UWB_Cisp0	f22fce4e-d39b-4acb-8621-a451ee06184f	chr13	2369	10626	12995	1	1
UWB_Cisp0	f2df1d86-5e49-40c7-8708-cc2070217239	chr13	5320	14795	20115	2	2
UWB_Cisp0	f4126af9-e624-4d73-bfd5-98c167decade	chr13	4253	3289	7542	1	1
UWB_Cisp0	f88d362f-ffb1-405f-ac44-8f38fffddb37	chr13	1518	5882	7400	1	1
UWB_Cisp0	fbbd8a5f-9105-4a84-ad9b-ffb9cc04a72d	chr13	2583	5836	8419	1	1
UWB_Cisp0	036b4617-4751-44e3-9029-9598ac4f3732	chr14	1416	1742	3158	1	1
UWB_Cisp0	03a1f6e3-be0c-4ed5-9524-234e05d72ef2	chr14	3637	6799	10436	1	1
UWB_Cisp0	0abc5f0a-1cc6-486c-a037-6d8309ad2623	chr14	1357	2246	3603	1	1
UWB_Cisp0	0b5fb633-3a1d-4c8c-b526-e8177b974f67	chr14	1086	4944	6030	1	1
UWB_Cisp0	15067cc2-b9fc-4a34-b878-15c34608fcea	chr14	1071	1230	2301	1	1
UWB_Cisp0	1fb0ede6-4271-4ead-b738-c23f7a210351	chr14	1053	3678	4731	1	1
UWB_Cisp0	20342d1e-0c7e-41f2-91bc-b749cf51a868	chr14	2193	6657	8850	1	1
UWB_Cisp0	204ba9d5-e055-43fc-b06b-6c2bc0111f2f	chr14	3081	2003	5084	1	1
UWB_Cisp0	2420804d-aeae-4235-b71e-7ae8e173818e	chr14	1351	3988	5339	1	1
UWB_Cisp0	24454712-88b8-4646-8a7b-d5c231e6c07d	chr14	1274	1435	2709	1	1
UWB_Cisp0	2ec521ec-938c-4bd0-a246-7970f3a16ecb	chr14	3673	4473	8146	1	1
UWB_Cisp0	30e3e336-a1ba-4ea3-8fae-1d7c40a39e5b	chr14	3832	8160	11992	1	1
UWB_Cisp0	479fc65a-1ee0-49c2-b04a-636bd5499f06	chr14	1057	3911	4968	1	1
UWB_Cisp0	47f49a26-4da7-4745-b467-69407b39058f	chr14	2138	1144	3282	1	1
UWB_Cisp0	51911ac5-299f-4e05-bfa1-11406eaec578	chr14	2205	4218	6423	1	1
UWB_Cisp0	535361db-62f6-4da6-a3db-f96e88577d53	chr14	3409	9893	13302	1	1
UWB_Cisp0	606e8a44-c13e-4721-ab85-be3ce342db73	chr14	2935	5645	8580	1	1
UWB_Cisp0	6f9dea3f-ab00-43c7-bbc0-67b53a76a417	chr14	3058	3921	6979	1	1
UWB_Cisp0	7901fe3f-0a0f-4af0-95e1-bc5f261066d1	chr14	3268	7346	10614	1	1
UWB_Cisp0	7db7c00f-37f7-4121-b16c-4c282ce26cab	chr14	2053	5711	7764	1	1
UWB_Cisp0	7fde0dc9-8be5-4b6b-9497-b57a31bc178c	chr14	1247	10355	11602	1	1
UWB_Cisp0	89f45cd2-399f-4f2a-aa3b-9c5f315c1090	chr14	1693	3417	5110	1	1
UWB_Cisp0	8d886e25-4297-4fcd-aeca-4dfcf9c7b5c7	chr14	2261	2784	5045	1	1
UWB_Cisp0	98306b5c-54d7-4a9c-ba9c-3a2ab66e7d08	chr14	1159	1841	3000	1	1
UWB_Cisp0	996a2886-5c49-440b-b5b8-119459de31cb	chr14	1971	1338	3309	1	1
UWB_Cisp0	a1f0b8d7-4a13-4a9b-9a0e-a04a0d9bd412	chr14	1953	4445	6398	1	1
UWB_Cisp0	a2554e66-7a1b-45d4-bb8e-48d343b4fa1c	chr14	4796	8295	13091	1	1
UWB_Cisp0	a27ac3be-d417-41d5-aac0-c15f93826f40	chr14	4793	1014	5807	1	1
UWB_Cisp0	a991cf8d-6f1b-400d-ae9f-a527cde14a1b	chr14	1442	1233	2675	1	1
UWB_Cisp0	b10f17f5-8f7d-4513-a84d-32a0b7dc9085	chr14	2064	4304	6368	1	1
UWB_Cisp0	bb3777b0-47d6-43db-bcf6-7cb782ecdf04	chr14	4648	4189	8837	1	1
UWB_Cisp0	bebead13-555f-4969-8cb1-8825c6f900eb	chr14	1192	3763	4955	1	1
UWB_Cisp0	c431d96a-b0ae-46b9-926f-65edf8016f11	chr14	1625	542	2167	1	1
UWB_Cisp0	c5ed6f3b-07e4-44ee-b57b-b9316c94d79a	chr14	2014	3125	5139	1	1
UWB_Cisp0	ced19e77-79f9-4d9d-9387-1123d9ab88f1	chr14	1677	14263	15940	1	1
UWB_Cisp0	d51d6c43-1a6f-4137-8371-2039c7e9a0b9	chr14	2449	3850	6299	1	1
UWB_Cisp0	d6f99231-130c-42bb-93e0-80ecb29bbc20	chr14	2794	5738	8532	1	1
UWB_Cisp0	dd29d143-d3d9-4da0-87fb-5f39f00e22ff	chr14	3614	11406	15020	1	1
UWB_Cisp0	de5239e8-d0d1-4920-96b4-11cabbcd8f59	chr14	1115	3145	4260	1	1
UWB_Cisp0	f9b30560-204b-409c-8b7a-86949bd7edcb	chr14	1063	3889	4952	1	1
UWB_Cisp0	f9b47743-5f01-4896-8cd1-067bc9f1f6e2	chr14	3716	3758	7474	1	1
UWB_Cisp0	ff65b2e7-127c-4be7-bfc4-5dd0ff5d82b3	chr14	1717	3264	4981	1	1
UWB_Cisp0	0acf9539-5a63-43c7-a7d3-453b41b9fd93	chr15	1002	6089	7091	1	1
UWB_Cisp0	11a47da4-b60b-45c6-9844-413842f69262	chr15	2558	1750	4308	1	1
UWB_Cisp0	14ecc597-6afa-4680-b150-1f49ec292a78	chr15	1956	3297	5253	1	1
UWB_Cisp0	180d96ae-fb23-4a5a-bb7d-04cf5cb662de	chr15	3756	3162	6918	1	1
UWB_Cisp0	1dcff624-ac31-4328-985c-9ece0a6206e3	chr15	1115	4679	5794	1	1
UWB_Cisp0	1e34d56b-2573-4274-9a60-1b44b39c03f7	chr15	5094	8955	14049	1	2
UWB_Cisp0	222609a2-3df4-4553-90d4-8a59d775b1f9	chr15	1653	3387	5040	1	1
UWB_Cisp0	241aeece-e8d6-4031-9ffb-7acf9520c40f	chr15	1023	3557	4580	1	1
UWB_Cisp0	260cc4a2-1438-4677-8b65-ed821ca97633	chr15	3294	1478	4772	1	1
UWB_Cisp0	2a67cb60-8147-43cf-b929-774c8498343b	chr15	2030	3664	5694	1	1
UWB_Cisp0	2cf73812-61fb-4867-9de9-1750b94bfcbb	chr15	4494	5014	9508	1	1
UWB_Cisp0	3436f292-7d99-4313-8166-9b21aeed28cb	chr15	2186	3298	5484	1	1
UWB_Cisp0	3568e7e9-616c-4bde-845b-4ef7440615e0	chr15	2024	1236	3260	1	1
UWB_Cisp0	3f036271-00ae-4a7a-9e61-9f959598ca82	chr15	1273	2438	3711	1	1
UWB_Cisp0	3f77362b-71e1-4ece-b547-321ebe03c4bd	chr15	2062	1320	3382	1	1
UWB_Cisp0	45beb359-b729-4069-97f8-fb8396b89ea7	chr15	2255	3955	6210	1	1
UWB_Cisp0	485790aa-ce78-4235-8f0f-9f84d6b3098b	chr15	4120	2929	7049	1	1
UWB_Cisp0	4afbd557-fc50-4e62-93ea-bd29ecd12e77	chr15	2913	1483	4396	1	1
UWB_Cisp0	52707d5e-ae69-4e40-bed5-256a139e73fe	chr15	1332	5531	6863	1	1
UWB_Cisp0	55e70d66-0e5f-49e5-aa6a-224de9f433bb	chr15	1255	4580	5835	1	1
UWB_Cisp0	69135f6b-3a65-4974-9e02-2efd6f9d1b7d	chr15	1361	2419	3780	1	1
UWB_Cisp0	75ac9eee-962c-405e-b4d8-ad75bd9fd39a	chr15	2289	5075	7364	1	1
UWB_Cisp0	7d07183d-4e0c-48d4-a9ec-6019e39ab67d	chr15	2588	3930	6518	1	1
UWB_Cisp0	7dee636d-aebe-4f6e-807c-9150b252483f	chr15	2685	3951	6636	1	1
UWB_Cisp0	84aef0ef-fa29-4c4e-aea8-29915329a8e4	chr15	1129	3984	5113	1	1
UWB_Cisp0	8534dd0b-2ef2-4868-8e86-85d4146c6620	chr15	1593	3380	4973	1	1
UWB_Cisp0	8b95c4df-a4c8-4eae-b9a4-dd2c3ac6c75a	chr15	3307	1072	4379	1	1
UWB_Cisp0	911572e5-a290-46a9-bd18-0b169a01d958	chr15	2296	1444	3740	1	1
UWB_Cisp0	9b386b5a-120e-4273-b378-507e464daf1a	chr15	1971	4254	6225	1	1
UWB_Cisp0	b942f66f-7c3d-4982-9e08-1d7a56c06f9a	chr15	3453	4621	8074	1	1
UWB_Cisp0	c43d12fc-f4dd-4459-8eb2-2fc8010ac532	chr15	1352	2662	4014	1	1
UWB_Cisp0	ca14080d-4e18-4bf9-ac68-e40fb84270a6	chr15	1299	2236	3535	1	1
UWB_Cisp0	d43edd9c-3a61-4563-81b6-df354525809c	chr15	4693	3695	8388	1	1
UWB_Cisp0	d86688c2-50b7-4378-9207-70a19c37cd35	chr15	3105	4262	7367	1	1
UWB_Cisp0	e26bc180-2f43-4c50-bd8e-9911f8f443c5	chr15	2936	6301	9237	1	1
UWB_Cisp0	ebda5dbb-06ed-4e19-9f25-4fd7eb2eeec4	chr15	1755	2884	4639	1	1
UWB_Cisp0	ec6e6aba-de56-4031-8f5a-4d9714bc4443	chr15	4368	4960	9328	1	1
UWB_Cisp0	f1c1b89a-8b1e-44e2-b77a-86bf9277f0a0	chr15	1471	3663	5134	1	1
UWB_Cisp0	f50182bb-f520-40e8-b16c-b9a6678294df	chr15	1133	3450	4583	1	1
UWB_Cisp0	f6c75336-ce57-4787-8a52-5396f155ed00	chr15	1091	5893	6984	1	1
UWB_Cisp0	f8ff0a22-a943-4f4e-8457-d4f2cce7c1a2	chr15	3602	1898	5500	1	1
UWB_Cisp0	03e3e77a-ac12-4315-83ea-effad1ffe7de	chr16	1817	9779	11596	1	1
UWB_Cisp0	05a5266c-9ebb-477d-b64d-739944f94766	chr16	3135	3818	6953	1	1
UWB_Cisp0	073c491b-6d5f-4178-8226-34288ea88b6b	chr16	1309	1792	3101	1	1
UWB_Cisp0	0864dac3-e90b-46c4-96ad-ef8e87575b68	chr16	2105	7481	9586	1	1
UWB_Cisp0	0c3c7570-508d-42c0-8f79-5b9c9194187e	chr16	1539	6178	7717	1	1
UWB_Cisp0	0da79d70-2e30-445c-935a-20901bb3f2c2	chr16	2900	4770	7670	1	1
UWB_Cisp0	0dce75f5-d021-47da-ab58-a95766739ea1	chr16	1502	1921	3423	1	1
UWB_Cisp0	112de2f2-5cbf-4cc5-a2b4-662c74d607d7	chr16	4915	14873	19788	1	1
UWB_Cisp0	1411a736-2cf3-45d5-86bf-4b0aaf3c28b0	chr16	4690	2978	7668	1	1
UWB_Cisp0	155fc1a2-a2f3-4bba-b97a-d1b12cee9ae6	chr16	1217	1925	3142	1	1
UWB_Cisp0	1e9d973d-8d96-4c5d-bdc1-982f0fbb4c0f	chr16	1475	11082	12557	1	1
UWB_Cisp0	2a2d2a56-e75d-4e6d-a3f7-6857eefb638b	chr16	1577	1893	3470	1	1
UWB_Cisp0	3288a38c-4a34-429a-8a48-2e1d11470901	chr16	7115	10393	17508	1	1
UWB_Cisp0	352393aa-ec3e-47a6-8c86-b2a638bc7c48	chr16	4354	1843	6197	1	1
UWB_Cisp0	35b6caef-84d1-4eb0-b8e2-32bf901efa06	chr16	1349	7613	8962	1	1
UWB_Cisp0	35e86da3-71ec-4c5f-ac92-8eeeb71ef2b4	chr16	3213	2028	5241	1	1
UWB_Cisp0	37e8a30c-2c6e-44f5-9f18-9729c84c55e8	chr16	2214	3511	5725	1	1
UWB_Cisp0	395deeb5-8384-42a4-ae2c-b582814b0187	chr16	2054	7087	9141	1	1
UWB_Cisp0	41139972-7b92-45f2-9e8e-11e17427438e	chr16	2392	6665	9057	1	1
UWB_Cisp0	42f45d22-216c-41a0-95c4-d7bdfbaa4f7c	chr16	1118	8601	9719	1	1
UWB_Cisp0	4790e666-222c-42d1-ae8c-5345c61da4c3	chr16	2411	10563	12974	1	1
UWB_Cisp0	4a59b2da-cfcf-4c3b-ad82-3599c937d296	chr16	1288	2592	3880	1	1
UWB_Cisp0	52b9c422-d7a5-45b9-8ebb-85e3a4a1fa9f	chr16	3423	11013	14436	1	1
UWB_Cisp0	56271315-06ce-47ae-8814-df2391512fa2	chr16	8025	1160	9185	1	1
UWB_Cisp0	5db959d4-7878-411e-9ddf-d5b41dd894e4	chr16	4622	2773	7395	1	1
UWB_Cisp0	5f220103-3ecc-4cbf-a6a2-d9a7e4ab249e	chr16	2575	3859	6434	1	1
UWB_Cisp0	652e4cad-49e6-4160-b1cc-51292005f9b7	chr16	1258	9381	10639	1	1
UWB_Cisp0	659ebf64-b897-4f3e-b938-1f2b088eed73	chr16	2941	7999	10940	1	1
UWB_Cisp0	65e82dc3-2ef2-47d4-b9b5-7ecdfa1b9ead	chr16	1124	2530	3654	1	1
UWB_Cisp0	6884f847-cc12-4df6-a82a-5712f96e1763	chr16	1334	2772	4106	1	1
UWB_Cisp0	6a084001-33c3-44dc-872c-32eb153cf1f4	chr16	12196	5293	17489	2	1
UWB_Cisp0	729ff2f9-f834-4579-8509-4edfb1be1bab	chr16	1790	2964	4754	1	1
UWB_Cisp0	731635ce-1010-434e-b860-7af610e17de9	chr16	5443	2721	8164	1	1
UWB_Cisp0	74a67838-a5dc-4f8a-9df1-15fb62104328	chr16	2582	5112	7694	1	1
UWB_Cisp0	7eb9f492-aa34-4442-875f-8fe20adec02f	chr16	1548	7121	8669	1	1
UWB_Cisp0	83ed5c32-5053-4a9a-afb9-6556f7785f19	chr16	2474	4504	6978	1	1
UWB_Cisp0	8470f4a5-9d22-435b-bb09-f3917328eb4b	chr16	3308	1511	4819	1	1
UWB_Cisp0	89fe840b-64f9-49bc-9d51-a7e3ba5f106c	chr16	2641	2832	5473	1	1
UWB_Cisp0	8dcfe535-4817-42da-93c8-d44b31aee386	chr16	2933	3090	6023	1	1
UWB_Cisp0	8e74fffe-a362-4224-a099-d1aea0ee67c2	chr16	9079	2976	12055	1	1
UWB_Cisp0	94233342-c606-4594-83eb-9824c8c35c80	chr16	1561	12021	13582	1	2
UWB_Cisp0	96270870-f65a-4a26-bb81-42cb6ed18aec	chr16	3482	2775	6257	1	1
UWB_Cisp0	98e108e9-d75c-4a16-8d36-13b7100571e5	chr16	3105	5960	9065	1	1
UWB_Cisp0	9f4c8e33-2fa8-429d-a302-5cf89035a8b9	chr16	15495	2919	18414	2	1
UWB_Cisp0	a2817b55-2609-4c9e-99ef-2dd0dd6ea31a	chr16	3097	7364	10461	1	1
UWB_Cisp0	a52878f2-c0e9-4796-87d7-b673dda05b20	chr16	9170	4690	13860	1	1
UWB_Cisp0	a99ad6ea-9dad-4e91-b1bd-9cc868730a04	chr16	1230	4251	5481	1	1
UWB_Cisp0	a9d7d663-1188-40e4-9a1b-380037ae3313	chr16	4436	5983	10419	1	1
UWB_Cisp0	acbd3d02-9c71-4c8d-bf4d-0cbf9473d839	chr16	1300	1961	3261	1	1
UWB_Cisp0	b01967c8-c8d2-498c-8b6c-a52418bf1aff	chr16	3088	2987	6075	1	1
UWB_Cisp0	b121d2fc-6c44-45af-8088-6e1abc8e60c2	chr16	2934	2145	5079	1	1
UWB_Cisp0	b8573561-4e52-4db7-b7ad-029e9382101f	chr16	17754	1695	19449	2	1
UWB_Cisp0	ba49db72-d5fc-4d96-93c3-2738ec85c312	chr16	2162	9762	11924	1	1
UWB_Cisp0	bae078f4-a44d-4e23-9bc0-0d8c8edbf8d2	chr16	4031	4910	8941	1	1
UWB_Cisp0	bc2e5953-dacc-462b-95a7-c19348af96b2	chr16	5093	3085	8178	1	1
UWB_Cisp0	c2e49c4c-94b1-4e08-9600-76166eb4ea45	chr16	1254	2248	3502	1	1
UWB_Cisp0	c371097a-6c99-4e36-b022-8362108e4c78	chr16	2217	3480	5697	1	1
UWB_Cisp0	c94502e7-bd1b-4f75-a315-583019eaff61	chr16	1921	9901	11822	1	1
UWB_Cisp0	d6e8e469-8ef9-4ad0-b3c8-8f98776eb5bc	chr16	1409	2087	3496	1	1
UWB_Cisp0	e15fcb3c-dd8c-4f9b-8852-196798948547	chr16	3330	6556	9886	1	1
UWB_Cisp0	e4e117fb-1c26-4638-a256-d5dc177402d5	chr16	1236	2003	3239	1	1
UWB_Cisp0	ecfad7bc-5939-4ee5-8575-b0cd4a0e6a38	chr16	2064	1981	4045	1	1
UWB_Cisp0	ee20f143-043e-4cd9-951b-fe715850675d	chr16	2500	4733	7233	1	1
UWB_Cisp0	f092297f-b848-4c03-b6bd-f468526169be	chr16	1935	1996	3931	1	1
UWB_Cisp0	facd91b7-01a2-4ffb-8e18-61d76a1c7b5c	chr16	1925	5892	7817	1	1
UWB_Cisp0	fbb23419-ee3b-4e57-9de3-022c158fb9c4	chr16	3018	4980	7998	1	2
UWB_Cisp0	fcea1527-c229-4361-a71a-135fe3d18ad9	chr16	2311	1492	3803	1	1
UWB_Cisp0	03bb67b8-b07f-4bae-91ee-b2ca71be0fa5	chr17	1453	2754	4207	1	1
UWB_Cisp0	046d3416-1e25-46ac-be86-c6553747661c	chr17	3494	4213	7707	1	1
UWB_Cisp0	0cd9c0e4-1bcb-4aef-a1b2-726782720127	chr17	1411	4667	6078	1	1
UWB_Cisp0	0dcab4d5-5f0d-406c-83e2-2f92c0a0c302	chr17	2038	8683	10721	1	1
UWB_Cisp0	0e526a29-47cc-4d82-b1f2-3e86cdda6b96	chr17	1119	9450	10569	1	1
UWB_Cisp0	161df791-1163-437e-aca1-ea41da8697f6	chr17	2970	4712	7682	1	1
UWB_Cisp0	235ff25c-5e84-4487-b833-070e23c77422	chr17	2111	2073	4184	1	1
UWB_Cisp0	236aeb46-5f18-4e82-8785-648b40b11a34	chr17	1003	2948	3951	1	1
UWB_Cisp0	254db1f9-05a6-47a1-aeda-698364b11fbc	chr17	2111	4415	6526	1	1
UWB_Cisp0	286dc783-4182-4c3d-bd19-7725acc22d23	chr17	2737	3409	6146	1	1
UWB_Cisp0	3a7cdc1d-6393-4e40-b7ce-7c93853af10a	chr17	1525	5241	6766	1	1
UWB_Cisp0	44ae45d9-6a59-41b7-b26e-622d9698bec5	chr17	2623	1281	3904	1	1
UWB_Cisp0	4700f406-e1b7-4fd6-b8cc-f975e03ca93d	chr17	3002	2051	5053	1	1
UWB_Cisp0	4ab2709f-7fda-4c2b-8dda-136a843b7482	chr17	2991	2556	5547	1	1
UWB_Cisp0	505e9cc0-34eb-42a7-8a31-1167ac17bb74	chr17	2126	5354	7480	1	1
UWB_Cisp0	574572fd-d80c-4dc1-b76f-fc021da47f41	chr17	2148	2915	5063	1	1
UWB_Cisp0	587a23c0-8e77-407c-834b-21a66c19ba49	chr17	1039	2073	3112	1	1
UWB_Cisp0	5918efcf-a3aa-4a21-a748-c4dc4af7e33d	chr17	2872	4239	7111	1	1
UWB_Cisp0	5adb6259-574a-4e7f-a64d-973317e52189	chr17	1573	7653	9226	1	1
UWB_Cisp0	74a2c895-379a-4644-b71e-dd6dfb10d318	chr17	2707	3989	6696	1	1
UWB_Cisp0	7e3db948-0744-49fd-a44b-bd0ec23a6374	chr17	1658	7721	9379	1	1
UWB_Cisp0	8f024ca1-aa34-4f3b-94c5-01d3c6dd8489	chr17	1560	4259	5819	1	1
UWB_Cisp0	9672b5d5-b91b-4658-b154-68b7969c5521	chr17	1486	2326	3812	1	1
UWB_Cisp0	97d6ae72-556f-4e03-b544-0fe2c0863616	chr17	1756	4583	6339	1	1
UWB_Cisp0	99f9dfdc-1ce2-443f-87b0-f0f4e91ae676	chr17	1593	3836	5429	1	1
UWB_Cisp0	9afa62b9-d831-4fa8-84d3-885c31e8b30d	chr17	3135	1203	4338	1	1
UWB_Cisp0	b1670bb3-532a-4732-a560-36444bd5d6bb	chr17	4344	2284	6628	1	1
UWB_Cisp0	b2b5d853-01ed-40ef-be37-df8791bbf699	chr17	3394	3839	7233	1	1
UWB_Cisp0	b9477de7-033e-4acd-82f1-295bb6b6b39b	chr17	1829	1648	3477	1	1
UWB_Cisp0	d32ca8d3-d554-43f4-b255-cdfdcb97d926	chr17	2021	8395	10416	1	1
UWB_Cisp0	d9a536c1-0cb7-43ab-b15d-4b45ab2b6dee	chr17	1835	5251	7086	1	1
UWB_Cisp0	da543d12-abe8-4161-963e-51b61f4a0dfd	chr17	3878	4644	8522	1	1
UWB_Cisp0	da7ffa00-3eb9-4317-bd0f-2e4001026701	chr17	2002	6216	8218	1	1
UWB_Cisp0	e63c9648-603b-4f25-a1b2-b6cb2a673c78	chr17	1852	3722	5574	1	1
UWB_Cisp0	f631ba7b-9881-4fa5-b498-7daaa2f10f91	chr17	2492	2836	5328	1	1
UWB_Cisp0	fa66370b-58d1-4c52-994a-596d8955cd9c	chr17	1995	9515	11510	1	1
UWB_Cisp0	06023461-1727-441c-a154-41e43db566b5	chr18	1708	3579	5287	1	1
UWB_Cisp0	0e138a32-3ca3-4ad8-b189-d4f325a10922	chr18	2740	3060	5800	1	1
UWB_Cisp0	1095f2be-b000-4e82-abdc-1590277e2bab	chr18	3036	2557	5593	1	1
UWB_Cisp0	12ae591d-cf90-4f1d-ae1f-a16d297ea3b1	chr18	1088	7320	8408	1	1
UWB_Cisp0	14188b7b-6306-433a-a7bb-a6d2c8fdffe6	chr18	1673	4141	5814	1	1
UWB_Cisp0	28b45870-c273-4871-bff2-96d67cc2a005	chr18	2505	10614	13119	1	1
UWB_Cisp0	32fa2662-6097-498a-bcb6-744e1b6188a9	chr18	1403	9926	11329	1	1
UWB_Cisp0	3a68a779-91a5-49c0-9de1-5cdfd4ea00fb	chr18	2171	4202	6373	1	1
UWB_Cisp0	3d5ef8b8-f221-4ca7-b925-0bee1ac8d989	chr18	2877	2945	5822	1	1
UWB_Cisp0	3f190b63-90b8-4b3b-b828-58ed4c17bb29	chr18	4064	3931	7995	1	1
UWB_Cisp0	437e7422-df07-44fa-953e-de7f0d055a8c	chr18	1522	4449	5971	1	1
UWB_Cisp0	4f8de225-08b9-4d5a-9421-cdb6ed60accc	chr18	1504	3323	4827	1	1
UWB_Cisp0	5402580f-c6fa-41db-b164-28650a4290bf	chr18	3424	2900	6324	1	1
UWB_Cisp0	5e500e79-e727-4cd2-8fe9-8dbf0425b2f7	chr18	1109	5935	7044	1	1
UWB_Cisp0	5fda1cf6-0419-47f1-a14d-66ffd93119a6	chr18	4261	3347	7608	1	1
UWB_Cisp0	612b46a8-b3d5-418b-bd56-18ae7a330139	chr18	1064	5439	6503	1	1
UWB_Cisp0	669684d9-efbc-49ef-a8b5-2e6b58fe466c	chr18	1612	7115	8727	1	1
UWB_Cisp0	6cccba53-317e-4190-951b-988737ffcd23	chr18	1131	1535	2666	1	1
UWB_Cisp0	6df805ff-32c4-4397-9e44-c754d97048d2	chr18	1163	4305	5468	1	1
UWB_Cisp0	7254e79c-7edd-4923-86dc-b502d501e8ab	chr18	1951	4146	6097	1	1
UWB_Cisp0	820653ae-8edc-46e6-96a9-dd60381a6992	chr18	1867	1715	3582	1	1
UWB_Cisp0	87f3c8a2-4836-45e8-beb5-3b6e7089db0f	chr18	3756	1181	4937	1	1
UWB_Cisp0	98769704-69e3-4beb-bb69-b6701c1bfc1a	chr18	1663	8063	9726	1	1
UWB_Cisp0	9ab7c928-2212-40f6-b5da-fd18052eb0ac	chr18	1439	3550	4989	1	1
UWB_Cisp0	a151b916-712f-481b-9613-ab1a91a3940a	chr18	2738	3671	6409	1	1
UWB_Cisp0	aa1208ad-2f24-4eb8-a8d3-b6a7b618c1fb	chr18	2499	2953	5452	1	1
UWB_Cisp0	b361d485-e564-48ff-8cb2-6e2c8e2e20b4	chr18	3488	4410	7898	1	1
UWB_Cisp0	bd63db5e-ea87-4dca-b988-574bb5246be5	chr18	1596	2024	3620	1	1
UWB_Cisp0	d6651298-2223-488d-ba6c-51a8a64fdbc1	chr18	1127	4010	5137	1	1
UWB_Cisp0	f28c1ce4-082a-4a07-806b-10183160b2a6	chr18	4135	8057	12192	1	1
UWB_Cisp0	f990988b-80d0-4a25-ace2-6835609ae958	chr18	3777	2796	6573	1	1
UWB_Cisp0	ff66c1ff-b022-406d-9ff7-1d246f8a8269	chr18	2611	3997	6608	1	1
UWB_Cisp0	0b7cd550-c73e-4bc8-9b72-72ee824a0db8	chr19	1763	4148	5911	1	1
UWB_Cisp0	13a31821-b9cb-41e0-a92b-6dbe97d985ef	chr19	1895	2619	4514	1	1
UWB_Cisp0	1728cca6-2d35-4ae7-9bd3-530525f234e8	chr19	1092	6953	8045	1	1
UWB_Cisp0	1b76ea6c-61a0-4d9c-b8a2-3edae8b77952	chr19	1359	2046	3405	1	1
UWB_Cisp0	25132406-a798-4ad2-bbc3-2b38b37942d2	chr19	2225	2945	5170	1	1
UWB_Cisp0	2698c724-5523-4ce8-98e5-8d67670e3f50	chr19	1326	3810	5136	1	1
UWB_Cisp0	3372bd36-eb1a-4daa-ac18-22a61f7205ea	chr19	4508	6590	11098	1	1
UWB_Cisp0	34cb8548-0771-480a-b9e8-c96db71f7b3e	chr19	1592	6105	7697	1	1
UWB_Cisp0	3c0b84d4-3811-46ab-a6fa-641712a8d8a0	chr19	1960	11967	13927	1	1
UWB_Cisp0	4837a2bd-ade6-482a-9b07-dd61bf62a877	chr19	3395	6156	9551	1	1
UWB_Cisp0	4b1850b4-a5f2-4c88-b344-b6999c17a36b	chr19	2583	3967	6550	1	1
UWB_Cisp0	4b3bd552-9170-4bb9-8e01-bf04b944ed0e	chr19	2755	3196	5951	1	1
UWB_Cisp0	4b50c8e3-c7ae-4d69-a8c9-f86c919dfb64	chr19	4487	5286	9773	1	1
UWB_Cisp0	4c1c5ca3-e0bf-4412-8374-90c462527959	chr19	3342	10433	13775	1	2
UWB_Cisp0	4c1dd949-961b-4787-aca6-b7ecc8a5cc39	chr19	3242	3623	6865	1	1
UWB_Cisp0	6991a204-4d6f-4297-9f8c-779a5ee1ccbd	chr19	1152	7553	8705	1	1
UWB_Cisp0	7796d8b4-5b8c-4bca-aaae-b1a4dd844eb5	chr19	1678	1232	2910	1	1
UWB_Cisp0	77e36204-8bd5-4735-8376-00660fe5f71e	chr19	3485	4635	8120	1	1
UWB_Cisp0	8e60de8a-bc6c-453a-a4dd-c65f3659b9c5	chr19	3028	6447	9475	1	1
UWB_Cisp0	90ccb5c5-b541-4ce3-80c0-1fdfab4fdb1c	chr19	2692	2480	5172	1	1
UWB_Cisp0	98dfc0e5-acc4-433f-9990-1df410871e4e	chr19	2156	1880	4036	1	1
UWB_Cisp0	9c1ec2af-20b7-4b72-8062-6846c09172c6	chr19	1292	7753	9045	1	1
UWB_Cisp0	af5162ae-6f51-42b6-a01f-896093888566	chr19	5248	4583	9831	1	1
UWB_Cisp0	b1e35dda-3d65-43c4-9de0-d515e5a14952	chr19	2712	4861	7573	1	1
UWB_Cisp0	c1b6189a-98b2-4800-8034-5db2d91dee13	chr19	1210	6301	7511	1	1
UWB_Cisp0	cb15c537-f31b-4a79-aeff-1ebee7507f84	chr19	1313	6051	7364	1	1
UWB_Cisp0	d4b8bccf-9c37-4c7a-a1a5-6c4d374c94ee	chr19	3068	1875	4943	1	1
UWB_Cisp0	e248f70e-2f01-4953-af59-728a579939bc	chr19	1986	2737	4723	1	1
UWB_Cisp0	ecd7c08b-0a8b-46fe-be4d-cc55696ae262	chr19	1408	2733	4141	1	1
UWB_Cisp0	f1457052-7177-4fd5-9025-206d4be66c8d	chr19	2185	4520	6705	1	1
UWB_Cisp0	f6ffe8b0-d2f5-48fe-b5d6-a22851ed584e	chr19	1817	4799	6616	1	1
UWB_Cisp0	06602849-b270-4112-8c31-591abb57c530	chr20	1318	3103	4421	1	1
UWB_Cisp0	08ca61b7-b743-4a38-86c0-c9c28dbe15a8	chr20	1042	3773	4815	1	1
UWB_Cisp0	09811a9f-6f43-4bd8-adee-599d985c4cac	chr20	1624	7007	8631	1	1
UWB_Cisp0	0f7f34d5-62af-4f9f-a5e9-544d5e20c863	chr20	2442	4095	6537	1	1
UWB_Cisp0	1adc7d90-b641-4f35-b81e-a98dbb9737a7	chr20	2945	7667	10612	1	1
UWB_Cisp0	1d15bece-626e-4739-b9a2-8d6a9b79a48e	chr20	1092	1490	2582	1	1
UWB_Cisp0	226548c0-2cbd-4ca6-bb95-b6228fb4f6f5	chr20	2007	6904	8911	1	1
UWB_Cisp0	269090f7-2c8d-46af-9269-8b0c722021ae	chr20	1089	1664	2753	1	1
UWB_Cisp0	295f4cc5-151f-48ad-812e-7903698b7c51	chr20	4486	2494	6980	1	1
UWB_Cisp0	297d9341-c0dd-4612-8d56-d73380243d8f	chr20	3173	9469	12642	1	1
UWB_Cisp0	2c2b442a-ab41-4467-ade9-2f7bf4242ca4	chr20	2019	1267	3286	1	1
UWB_Cisp0	34413714-20db-4932-9b87-f1af51aeae48	chr20	4148	3381	7529	1	1
UWB_Cisp0	35766e26-a11a-43f4-b9db-a84a21283767	chr20	1134	2065	3199	1	1
UWB_Cisp0	4072189c-2663-41ce-8d88-f36c069f9c99	chr20	2651	16027	18678	1	1
UWB_Cisp0	4201552d-9f98-4dca-a6af-90d7bd93b864	chr20	1487	7966	9453	1	1
UWB_Cisp0	4cc6473e-a43d-4643-932a-49b4e14b76b0	chr20	1500	1295	2795	1	1
UWB_Cisp0	4e17e0cd-38c0-418e-b5bf-6124ee2891be	chr20	1594	1154	2748	1	1
UWB_Cisp0	51d4e4d5-c8ee-4ac7-9f03-5219e4c4ddbd	chr20	2427	10901	13328	1	1
UWB_Cisp0	53cae247-9e14-4535-a224-674923a320b3	chr20	1456	4806	6262	1	1
UWB_Cisp0	5a133fe7-e24b-42b2-975d-7b976554a42d	chr20	1786	3364	5150	1	1
UWB_Cisp0	5a351f04-7bc5-4e60-b1ea-67c1a4149686	chr20	1133	1129	2262	1	1
UWB_Cisp0	5e3e560c-f84d-48f5-a5f7-5b7f22f34cef	chr20	2465	5545	8010	1	1
UWB_Cisp0	5efa2b88-5c58-4d6c-852f-1902dc706c5e	chr20	1407	1335	2742	1	1
UWB_Cisp0	62cc2ff9-4d19-479a-8931-3baa981e67c1	chr20	5144	2736	7880	2	1
UWB_Cisp0	662843db-111a-4452-99e4-479f4717464d	chr20	2115	1441	3556	1	1
UWB_Cisp0	6661055d-369c-430a-b824-148b5d46af62	chr20	5431	4229	9660	1	1
UWB_Cisp0	7a0d0574-fbb1-4beb-a8ee-767ad70f90f8	chr20	8892	1432	10324	1	1
UWB_Cisp0	7bdc7445-74ca-4411-8070-c96f1d70d5e6	chr20	1372	10711	12083	1	1
UWB_Cisp0	88222ece-e280-45c1-8958-653951bde9c8	chr20	1564	2733	4297	1	1
UWB_Cisp0	8aa0cb8a-3149-478d-a3bb-64e05d162264	chr20	1459	2747	4206	1	1
UWB_Cisp0	8effc8af-6dbb-4418-905d-edb1150c3eb3	chr20	3189	3067	6256	1	1
UWB_Cisp0	9d8c51a5-e4b1-4d0e-a649-47605959a483	chr20	2556	2964	5520	1	1
UWB_Cisp0	a156d2d3-a6cd-4bcf-a722-62afd728934c	chr20	4455	4601	9056	1	1
UWB_Cisp0	a4d70111-85fd-464e-a985-ee6421a0d344	chr20	1506	3399	4905	1	1
UWB_Cisp0	b4828887-1e73-45d8-b414-2645c8117a6f	chr20	1690	2553	4243	1	1
UWB_Cisp0	b65f65a2-f046-492f-9549-6fbbec22bcf1	chr20	4279	4786	9065	1	1
UWB_Cisp0	b827eb66-d485-4029-b11d-343cb518a445	chr20	8950	1093	10043	2	1
UWB_Cisp0	b9b8bbc2-2999-4757-8b49-303e0d19b186	chr20	4044	2979	7023	1	1
UWB_Cisp0	bc4b4f89-0d48-4d01-8981-459968ff1e5f	chr20	4216	2653	6869	1	1
UWB_Cisp0	c4218048-f4cc-47ea-95a6-42a56c8d6ad7	chr20	3649	3659	7308	1	1
UWB_Cisp0	c9c9b80f-b90a-4f18-91d2-8bb2d7f5238f	chr20	1004	4178	5182	1	1
UWB_Cisp0	ca2b036f-be7b-4221-8247-73d20a2004c7	chr20	1836	1871	3707	1	1
UWB_Cisp0	d55d7304-dc66-4856-bd8a-b2648f120ca9	chr20	1307	5143	6450	1	1
UWB_Cisp0	d9f4f31e-2701-4f4d-9794-3dcfd3354461	chr20	2738	4084	6822	1	1
UWB_Cisp0	dd7deb80-462d-4f69-a9b2-a0f75aeb6ed3	chr20	3625	4471	8096	1	1
UWB_Cisp0	e1d448e6-1ac1-4afe-b4ea-e2aeb3f8ec7f	chr20	1560	6115	7675	1	1
UWB_Cisp0	ea4a2bbd-6682-4f83-8d77-52fbe28fc715	chr20	1318	5083	6401	1	1
UWB_Cisp0	edc64b7d-4f51-4822-970c-303be22b4131	chr20	1600	1047	2647	1	1
UWB_Cisp0	f4dcb768-f754-408e-88b8-c38f37009c81	chr20	3711	4333	8044	1	1
UWB_Cisp0	f8bd911f-3097-4d2d-be57-aca412a8c317	chr20	1232	1004	2236	1	1
UWB_Cisp0	f9fe5dcf-390f-4291-9d20-bd9f2617158f	chr20	4391	1398	5789	2	1
UWB_Cisp0	fd4d49ef-7ded-41e8-a9c2-32d4ee1f9837	chr20	1570	1040	2610	1	1
UWB_Cisp0	1411c195-ab3b-46e2-8de6-07d2ceaa9177	chr21	2434	6439	8873	1	1
UWB_Cisp0	20ed9fda-d677-425f-bceb-b4e3a8d4aef3	chr21	2014	1561	3575	1	1
UWB_Cisp0	31aca65c-a654-4d9f-801f-71e7bbdb832b	chr21	1004	2643	3647	1	1
UWB_Cisp0	338713f9-2794-4a6f-80ec-1ebce49d455f	chr21	1516	1364	2880	1	1
UWB_Cisp0	366d0ae0-eab4-4fb9-b0eb-6dcd8c73fbaa	chr21	3876	2687	6563	1	1
UWB_Cisp0	3f511f26-843f-4fc5-9241-2de5ee72b4c8	chr21	2317	3088	5405	1	1
UWB_Cisp0	4c48c643-2e08-4a47-a835-6634a1358c97	chr21	2526	6960	9486	1	1
UWB_Cisp0	4df5398f-d710-4994-8394-d7d7caf7590b	chr21	1775	2429	4204	1	1
UWB_Cisp0	501367f6-8423-47d1-befc-9322c15edaf3	chr21	1222	2837	4059	1	1
UWB_Cisp0	5a9e8553-cbe9-4654-8696-c20ca911dd04	chr21	4307	1179	5486	1	1
UWB_Cisp0	621b611f-f0ec-4ba8-98e7-dd3e3d5aa1ec	chr21	1022	4475	5497	1	1
UWB_Cisp0	8b63a053-e53a-41e8-84f8-2a1c7b45719b	chr21	1509	1435	2944	1	1
UWB_Cisp0	8e4b68c1-0067-439f-b3ab-7c852cde817e	chr21	4039	3438	7477	1	1
UWB_Cisp0	959fe9b7-782a-466f-acc0-f24b42a28139	chr21	1353	2024	3377	1	1
UWB_Cisp0	b4573f19-3a1d-4937-8c89-8edcb807dd23	chr21	3154	7330	10484	1	1
UWB_Cisp0	c076d1b7-72e0-4937-bda5-a5956b6bcfcc	chr21	2759	8473	11232	1	1
UWB_Cisp0	c2b63c5f-46f3-4a06-aa55-4e16d2941dfd	chr21	2855	2257	5112	1	1
UWB_Cisp0	fbd4d10b-ae18-48a7-8621-19ca779e69e9	chr21	3659	2665	6324	1	1
UWB_Cisp0	13447990-6c2c-436f-a62b-948f347017e3	chr22	2442	5009	7451	1	1
UWB_Cisp0	17b80bc7-a1fb-43ef-aa6d-ac3caca8b013	chr22	3640	3432	7072	1	1
UWB_Cisp0	2120e01b-3df5-4c12-a464-748f089a2519	chr22	4379	7988	12367	1	1
UWB_Cisp0	21f45736-4648-446b-b1df-dcdb7cf6df82	chr22	2239	6818	9057	1	1
UWB_Cisp0	238df7b9-fab4-4c00-9d63-1eae41b8970e	chr22	1633	3366	4999	1	1
UWB_Cisp0	2c2e1bb2-3030-4c78-9d5f-8e47a90cf359	chr22	2554	4977	7531	1	1
UWB_Cisp0	2e8946c2-22f5-40a4-b12c-3c6b7b71c80a	chr22	1335	1575	2910	1	1
UWB_Cisp0	38e40483-580c-4d61-bf5d-82a4f19d08ac	chr22	2065	3241	5306	1	1
UWB_Cisp0	40d270bd-2b69-4786-968e-6621a28297c9	chr22	2692	3402	6094	1	1
UWB_Cisp0	70570669-2b54-4802-924d-cc3a6ff6cc69	chr22	1093	5848	6941	1	1
UWB_Cisp0	780f0b69-9cc4-4380-8f89-c6b3a99335b0	chr22	1665	4901	6566	1	1
UWB_Cisp0	79c21b03-944f-43c0-b0ef-6680ad09cd5b	chr22	2423	3234	5657	1	1
UWB_Cisp0	92530941-c714-41d2-93e2-107536457d08	chr22	3623	7069	10692	1	1
UWB_Cisp0	adf64a68-730b-4efa-a1c6-46b83cae9d67	chr22	1399	2212	3611	1	1
UWB_Cisp0	bee82044-0de3-4f1b-9a35-9813e26df964	chr22	4240	4421	8661	1	1
UWB_Cisp0	c306685c-1501-4e07-8434-87c52ba43495	chr22	3317	4908	8225	1	1
UWB_Cisp0	c70ace10-9138-479a-87d8-ffe8b3bc6a22	chr22	1813	2473	4286	1	1
UWB_Cisp0	ddeba854-b746-4011-b829-5c1aad72247a	chr22	1432	1191	2623	1	1
UWB_Cisp0	e6601155-7882-4f5f-8bee-e6a5ab6c31b3	chr22	1571	4496	6067	1	1
UWB_Cisp0	e6c9c163-b47a-4ecd-bf9f-1853643a0830	chr22	4841	2648	7489	1	1
UWB_Cisp0	010fb3bd-f43e-4cfb-9065-d2fa9a7a68f1	chrX	2502	1334	3836	1	1
UWB_Cisp0	19931801-f06f-4ce9-baae-78194150b653	chrX	1557	5544	7101	1	1
UWB_Cisp0	1c2f5c94-2fdb-4b79-b575-c2f81c0afff2	chrX	2008	8590	10598	1	1
UWB_Cisp0	20a83811-be5b-45ec-9277-f58cde4ef5de	chrX	1565	7372	8937	1	1
UWB_Cisp0	2bceef93-9bc4-4a50-94b6-295a53b05531	chrX	1575	4652	6227	1	1
UWB_Cisp0	2c246ff9-8878-445b-bb30-ea694b970d3b	chrX	4343	8446	12789	1	1
UWB_Cisp0	39948efd-e3a8-4e6d-b371-8c5dd213358c	chrX	4410	1203	5613	1	1
UWB_Cisp0	3ef85c42-288e-421a-81c0-5a897468d8ae	chrX	3636	4848	8484	1	1
UWB_Cisp0	43c49547-5892-418d-82f0-fdc05b07a350	chrX	2789	1160	3949	2	1
UWB_Cisp0	4b45f5fe-613d-468e-b332-dc74e455d7d8	chrX	1073	7650	8723	1	1
UWB_Cisp0	4bf87dad-a916-45aa-9fb0-600147a29c53	chrX	4181	1874	6055	1	1
UWB_Cisp0	4e4b4ad4-131b-4692-b95b-fa6c7fe1852f	chrX	2321	4120	6441	1	1
UWB_Cisp0	4e4e8dc3-5885-4994-91ca-abb4494a4062	chrX	3651	4854	8505	1	1
UWB_Cisp0	53e9b073-0dfe-4d7b-a935-8efeb10f019b	chrX	4798	3378	8176	1	1
UWB_Cisp0	5c267637-9601-4d2f-b848-72334a973634	chrX	1353	2400	3753	1	1
UWB_Cisp0	5f8b2221-a778-4f1a-b19e-e2c2635d22a9	chrX	1113	2679	3792	1	1
UWB_Cisp0	656f2ac0-bea0-4a92-9a0c-d76d0677fcd8	chrX	3733	2799	6532	1	1
UWB_Cisp0	65e756c5-7fcf-4197-a9b2-dc0ac1973cf9	chrX	2385	3153	5538	1	1
UWB_Cisp0	69dfc351-d188-47d8-a237-f0b36bb30865	chrX	4098	7395	11493	1	1
UWB_Cisp0	6f893408-afc7-469e-a1e8-0c9c6e583840	chrX	2571	3747	6318	1	1
UWB_Cisp0	768b645e-c0d1-418e-b13c-b437a79ca9e6	chrX	1230	4995	6225	1	1
UWB_Cisp0	78b6d83c-aefb-44b2-abce-a798ba894153	chrX	1818	8910	10728	1	1
UWB_Cisp0	87b957e2-b33f-47f0-9d91-64f3beafb493	chrX	3559	3902	7461	1	1
UWB_Cisp0	89cd4fc9-0ceb-4280-a43c-8a039508aefe	chrX	1212	2907	4119	1	1
UWB_Cisp0	8f4a62df-fc30-4590-9c52-3391591f4cb6	chrX	1961	8837	10798	1	1
UWB_Cisp0	8f5c458a-06be-4dd0-9558-fde30555bf46	chrX	1369	2102	3471	1	1
UWB_Cisp0	8f960f3a-4ca7-4f2a-bf47-4542d77bba5b	chrX	1183	7349	8532	1	1
UWB_Cisp0	9501a0f3-2b81-498b-af8d-342d327f1c3d	chrX	2642	1801	4443	1	1
UWB_Cisp0	9e6c9df1-38c3-4463-a78b-60ef46518360	chrX	2225	3560	5785	1	1
UWB_Cisp0	a720983d-2787-4b2c-8654-9e81ca579447	chrX	1694	2285	3979	1	1
UWB_Cisp0	b8b1be77-5618-4805-bd27-bc878d539514	chrX	3796	1874	5670	1	1
UWB_Cisp0	b9047c05-0ef6-4d02-8c62-aeeceeab2a97	chrX	1910	4545	6455	1	1
UWB_Cisp0	bc21c5d3-9edc-4c73-8e08-2a047cef0dcb	chrX	3194	4329	7523	1	1
UWB_Cisp0	bc5e39de-ca58-40f6-a354-dc2c51068089	chrX	1779	5659	7438	1	1
UWB_Cisp0	bd280fb8-94d5-49fd-a0cd-4254ec0b218c	chrX	1660	3359	5019	1	1
UWB_Cisp0	bff8ab3e-98d6-4fbc-9fe8-0a850e76d89c	chrX	3248	2377	5625	1	1
UWB_Cisp0	c3411398-de07-42a3-bcde-1da1182f2c19	chrX	2151	1724	3875	1	1
UWB_Cisp0	c7c7a98a-b369-4832-a69d-446805ed3b7a	chrX	4025	7989	12014	1	1
UWB_Cisp0	ccc83b44-8b66-4f8b-992f-68ab02bb34b0	chrX	1019	4930	5949	1	1
UWB_Cisp0	e7b34b31-4917-4501-b0a8-3b99233dbca2	chrX	4130	1101	5231	1	1
UWB_Cisp0	e8aebb3c-00e4-417f-bda7-c15db2c3e54d	chrX	3803	2488	6291	1	1
UWB_Cisp0	eaaa2ec4-a952-434d-adaf-613c2864d1d4	chrX	3228	6502	9730	1	1
UWB_Cisp0	ee4c1b9f-8dd3-41dc-a4bd-1bf1f7ef613b	chrX	2840	6518	9358	1	1
UWB_Cisp0	f17639a8-101e-4628-a86f-25b95f9eac60	chrX	2351	8284	10635	1	1
UWB_Cisp0	f29ca166-3c7c-44cd-a89d-9d079648a352	chrX	4369	4354	8723	1	1
UWB_Cisp0	fb1ad293-e056-4268-8d21-160783bf64dc	chrX	2822	3985	6807	1	1
UWB_Cisp0	fbc59981-9749-45cc-9d58-8afa5cc9390c	chrX	1281	1899	3180	1	1
UWB_Cisp0	7edce047-d69b-4bbf-a580-a92e40a2f1ce	chrY	3704	1396	5100	1	1
UWB_Cisp0	a3419514-f0ae-45eb-9272-6d38738abd4d	chrY	4233	1670	5903	1	1
