chromosome	fork_start	fork_end	readID	read_start	read_end	strand	fork_length_bp	stall_score	fork_direction	sample
chr1	797259	805272	c8ca2746-bda7-40f0-baec-3cada5bb9476	797254	805281	rev	7948	-3	left	OV3_Cisp0
chr1	2230033	2243181	f09ffc9b-680b-4b81-b166-e9738e69a601	2229985	2243188	fwd	13052	-3	left	OV3_Cisp0
chr1	3152756	3163251	1f333b3c-ce32-473a-9f3e-5b5e4060533e	3151053	3172735	rev	10879	-3	left	OV3_Cisp0
chr1	5164375	5175702	f43dd5e2-c54d-4bed-bb4e-b780e369f543	5164360	5178259	rev	11293	-3	left	OV3_Cisp0
chr1	5654184	5665810	fab4e0aa-7409-4a49-becb-bfaba0b71d15	5654175	5665967	fwd	11578	-3	left	OV3_Cisp0
chr1	7047036	7055602	6f6410b0-627f-44ff-a79c-d31d357979f5	7047030	7055606	rev	8544	-3	left	OV3_Cisp0
chr1	7329525	7343530	5cc4fe90-f6b1-445e-956f-1a15ab03fc35	7329510	7343543	rev	14028	-3	left	OV3_Cisp0
chr1	7504556	7517422	43b2a87b-c31f-4368-ad9c-47c62dd28b95	7504550	7533022	rev	12830	-3	left	OV3_Cisp0
chr1	8219318	8230597	6fe08187-50f9-4f79-8830-3dc2342cc179	8210088	8242505	fwd	11241	0.349162	left	OV3_Cisp0
chr1	10148005	10167041	5101076a-545a-4ea0-a22a-961972d53d6d	10140611	10186282	rev	18967	-3	left	OV3_Cisp0
chr1	11318634	11331188	f6735164-623d-460e-b0ad-0494c9edbc6c	11318629	11335929	fwd	12544	-3	left	OV3_Cisp0
chr1	11465710	11472956	989f5e68-ca8a-42d4-ad01-511deea88425	11464729	11474076	rev	7230	-3	left	OV3_Cisp0
chr1	15109123	15122562	0ff5e647-b146-4b71-acbd-a33a7f64fd49	15109118	15128563	rev	13501	-3	left	OV3_Cisp0
chr1	18652269	18657696	81582bae-f94b-4a09-aaed-c1d1bb0b90ac	18652262	18657700	rev	5383	-3	left	OV3_Cisp0
chr1	19214628	19226043	46fac2fb-ff20-4186-8d9e-4c58005fc62c	19201766	19226067	fwd	11413	0.126749	left	OV3_Cisp0
chr1	27000436	27009103	cb8c22fb-b199-42b5-b59a-a5a4840fd8fa	26993357	27024580	rev	8619	-3	left	OV3_Cisp0
chr1	31572991	31580266	9f80eaa8-8b24-496f-86e2-48b4c644888e	31566453	31598839	rev	7269	-3	left	OV3_Cisp0
chr1	39750513	39758875	a535ab8a-8557-4fc2-8cac-eafd5bab8175	39744406	39770722	rev	8338	-3	left	OV3_Cisp0
chr1	42558273	42582282	60fa8bbd-36d9-46f2-a3f8-32b32c2bf52b	42558269	42587932	fwd	23993	-3	left	OV3_Cisp0
chr1	42945343	42957988	e1e6012f-3b0b-4ae1-9f5a-81e63870aada	42945336	42957994	fwd	12658	-3	left	OV3_Cisp0
chr1	44175243	44184246	0166e623-f789-4330-ae0f-1e2b7e089b87	44170504	44184261	rev	8985	-3	left	OV3_Cisp0
chr1	51402327	51409218	20c19516-000c-40d3-ac50-cd173013c8a2	51402310	51418448	rev	6804	-3	left	OV3_Cisp0
chr1	51496989	51509626	268e5a20-5b45-4891-adc9-0666b44a7e7d	51496440	51509632	rev	12555	-3	left	OV3_Cisp0
chr1	52022315	52033457	f990bdf4-e0fd-42e5-ad1f-fa0dfaf1c041	52021356	52033478	rev	11087	-3	left	OV3_Cisp0
chr1	54815280	54821918	25ad67c5-f4bc-4242-b305-19f9c836d5c9	54815275	54824867	rev	6611	-3	left	OV3_Cisp0
chr1	63053254	63062608	a7c438e0-0b8f-4d23-92ff-3dc171761a2b	63052236	63062612	rev	9355	-3	left	OV3_Cisp0
chr1	64148668	64156613	da4b0532-03ba-450a-a9c4-61da071a0773	64148663	64162157	rev	7836	-3	left	OV3_Cisp0
chr1	64686682	64697368	430d04b0-527e-420c-8f4f-c68870cc6f9a	64685326	64698869	fwd	10679	-3	left	OV3_Cisp0
chr1	67523468	67533092	16c202b5-6785-470f-949a-f69ff02d6f31	67523461	67539378	fwd	9587	-3	left	OV3_Cisp0
chr1	69290854	69305780	5237684a-8777-435d-9b29-a0fd57e5dd3f	69290845	69306700	fwd	14846	-3	left	OV3_Cisp0
chr1	73982736	73999274	6594b06e-0136-48d7-a1b3-bf3d9c79da18	73982541	74012614	fwd	16470	-3	left	OV3_Cisp0
chr1	84953627	84966890	c8ca37d2-c6bc-443e-b131-3bbbfb890115	84953618	84974952	rev	13129	-3	left	OV3_Cisp0
chr1	86702030	86716355	d9d072cc-8767-437b-95be-9cb4f6be58b3	86701891	86717132	rev	14256	-3	left	OV3_Cisp0
chr1	88294858	88297725	6a7b01a0-a405-4764-95d4-e53ce944b51c	88291247	88321450	rev	2836	-3	left	OV3_Cisp0
chr1	89327379	89334724	2a41d31a-f0ca-4634-a24e-d88295dc856b	89304517	89343662	rev	7316	-1	left	OV3_Cisp0
chr1	92202822	92209981	1be42edd-73ba-4528-b74b-b4c6d0de53eb	92202811	92219210	rev	7153	-3	left	OV3_Cisp0
chr1	94317355	94321986	d74fb123-5a26-4407-8f52-33092c37230a	94317349	94335509	rev	4621	-3	left	OV3_Cisp0
chr1	97065303	97075295	a2229763-2726-4491-bfb7-a225aeda196a	97065297	97097739	fwd	9962	-3	left	OV3_Cisp0
chr1	98119842	98126543	f1975cc5-46ed-4933-bafa-61b07441fc22	98119837	98129611	rev	6666	-3	left	OV3_Cisp0
chr1	99890583	99896219	dd706040-1fdd-4677-809e-b48e4118b133	99890577	99896225	fwd	5630	-3	left	OV3_Cisp0
chr1	102839003	102852087	c1945ad1-644b-4e0e-80b5-e2b3191c1ca7	102826119	102852091	rev	13005	-2	left	OV3_Cisp0
chr1	103419780	103449885	a7b804c2-2071-4113-8d05-f5f49438d307	103398907	103464163	rev	29889	0.282911	left	OV3_Cisp0
chr1	109146727	109162740	6ee38348-62a2-4e8b-8990-54fea105efb2	109141127	109171799	fwd	15891	-3	left	OV3_Cisp0
chr1	116194319	116201273	035317d1-69fc-42dc-9b7c-26b6b67771e0	116194313	116206952	rev	6909	-3	left	OV3_Cisp0
chr1	117040148	117050986	dfb4fb20-0f42-4d97-871b-22b95875b3c0	117039592	117064841	fwd	10810	-3	left	OV3_Cisp0
chr1	124942969	124959853	522ea325-9b57-48ff-8a25-be226e792b60	124932825	124959859	fwd	16915	0.161105	left	OV3_Cisp0
chr1	143188071	143205414	f7586cbc-15e5-4ea2-8d69-ca77234fa62c	143184587	143242897	rev	10527	-3	left	OV3_Cisp0
chr1	143210602	143227344	f7586cbc-15e5-4ea2-8d69-ca77234fa62c	143184587	143242897	rev	11159	-1	left	OV3_Cisp0
chr1	143194677	143200293	c626baae-f2d1-412f-b78d-59576a5e0ed6	143190268	143226250	fwd	1757	-3	left	OV3_Cisp0
chr1	143212250	143224122	737b8753-1774-41b3-9db6-335084da4594	143212234	143224129	fwd	10382	-3	left	OV3_Cisp0
chr1	143725009	143731497	5841b805-7f92-4218-8245-fedbdf947ebc	143724973	143743544	rev	6417	-3	left	OV3_Cisp0
chr1	150179785	150186382	e69ed1d7-f589-412a-b838-35d5210610d6	150179681	150223433	fwd	6601	-3	left	OV3_Cisp0
chr1	153113897	153144279	32278e75-4d8a-420c-9615-5f09e94faf6d	153113886	153144286	rev	30154	-3	left	OV3_Cisp0
chr1	156144265	156150721	ab27d203-6436-416b-abee-b73fab38f9fd	156129949	156171390	fwd	6453	0.159127	left	OV3_Cisp0
chr1	157924069	157946345	bd3601d6-5047-4597-95c1-6eeb94f7f052	157915180	157959328	rev	22195	0.513024	left	OV3_Cisp0
chr1	158112791	158124012	83890de9-3046-40aa-b18f-efde27e4af66	158110344	158124107	rev	11113	-3	left	OV3_Cisp0
chr1	159916522	159927383	36a35e32-b749-4249-b28f-97b8164c2e26	159916518	159933921	fwd	10913	-3	left	OV3_Cisp0
chr1	159879240	159903887	6c85a0ff-27d0-4012-a38e-fc6efa7d1104	159871807	159903894	fwd	24569	-3	left	OV3_Cisp0
chr1	164424957	164442396	198482b3-a4cc-4336-979a-d10881901c94	164419285	164459448	rev	17772	-3	left	OV3_Cisp0
chr1	167705081	167711656	a54b8581-ebe3-4e94-bf6e-8fb79029952a	167705075	167725251	rev	6514	-3	left	OV3_Cisp0
chr1	168120383	168138506	564941ec-f77f-4de6-9349-1d03cbb81d40	168115604	168138520	rev	18057	-3	left	OV3_Cisp0
chr1	168159805	168164434	6ec71b8c-6861-479a-b227-43f83e1c492e	168159801	168167102	fwd	4599	-3	left	OV3_Cisp0
chr1	172352902	172371496	275e3c7c-7a7f-4fa4-b035-6a504f6681bd	172349533	172371503	rev	18533	-3	left	OV3_Cisp0
chr1	177890945	177899256	33ad1fba-03b3-4736-b3e0-541aced5646a	177890937	177904943	fwd	8326	-3	left	OV3_Cisp0
chr1	177953472	177966241	6c94e4a7-a7f1-41bd-ae94-470f126727fb	177951927	177966294	fwd	12681	-3	left	OV3_Cisp0
chr1	184732272	184748659	977aa037-e8e3-43ec-a33a-336abd31c1fb	184727368	184755527	rev	16378	-3	left	OV3_Cisp0
chr1	185015930	185021617	02795b09-45ba-4519-af44-557dbc20b0b6	185015925	185034804	rev	5625	-3	left	OV3_Cisp0
chr1	191011780	191020292	b7624c87-b3a1-4561-825e-7439ef6a8341	191011776	191029182	fwd	8530	-3	left	OV3_Cisp0
chr1	191736410	191749405	fe52632f-630b-4817-b103-d5d272c55fe4	191734333	191749410	fwd	12978	-3	left	OV3_Cisp0
chr1	192080656	192086690	9de067d0-7f23-470a-90fb-111c17098516	192079223	192100634	rev	5999	-3	left	OV3_Cisp0
chr1	192306259	192310627	e0a186f5-1dbf-43e7-9063-8090e76086f2	192306255	192318830	fwd	4301	-3	left	OV3_Cisp0
chr1	192764241	192782702	c0252a52-9de6-4035-b41b-ab5f29fa07eb	192764231	192782707	fwd	18390	-3	left	OV3_Cisp0
chr1	197229167	197243820	c5fc7d9c-0880-4f82-908f-247410b69dd5	197224859	197248049	rev	14611	-3	left	OV3_Cisp0
chr1	202802351	202813092	6adde54c-f193-4c92-a56c-3d696a0fb59c	202802338	202814508	rev	10693	-3	left	OV3_Cisp0
chr1	205991950	206009353	ab106566-81eb-4ee5-9037-1525b9606632	205990100	206009357	rev	17353	-3	left	OV3_Cisp0
chr1	207601595	207609591	907118b5-f62b-42cc-930d-58091c7e0557	207600347	207626111	rev	7934	-3	left	OV3_Cisp0
chr1	209539640	209563169	7abea679-ebc5-4f7d-9012-cf8a1fb62832	209536704	209563174	rev	23501	-3	left	OV3_Cisp0
chr1	219038982	219051555	864dd8fc-f11f-427c-9adb-ac28574e6c71	219038975	219053697	rev	12525	-3	left	OV3_Cisp0
chr1	223480235	223484388	a37dcbba-45bd-4a77-80d3-5dae45a65f2c	223461031	223484394	fwd	4169	-1	left	OV3_Cisp0
chr1	225160244	225173216	2f2fc87e-a428-4d32-9e02-ebc73693290a	225159066	225180662	rev	12959	-3	left	OV3_Cisp0
chr1	226284603	226305717	376695f7-b12f-42e0-9211-c5c9cb8a4003	226266680	226305722	rev	20988	0.303249	left	OV3_Cisp0
chr1	228015514	228029670	f78ff939-c3af-4059-8a15-9027f19420b2	228011579	228033269	rev	14090	-3	left	OV3_Cisp0
chr1	232672049	232676925	81209482-d556-495d-8d33-36d9a94ecb38	232672040	232693824	fwd	4864	-3	left	OV3_Cisp0
chr1	235395944	235404579	fcd5e1fd-14c4-42cc-854a-1e83266fc94d	235395939	235407572	rev	8612	-3	left	OV3_Cisp0
chr1	236809256	236817968	13aa2063-ae81-4364-a190-25330239845e	236789736	236820954	rev	8725	0.083111	left	OV3_Cisp0
chr1	238460416	238492896	ffdb808c-a5d4-4f18-9008-f1c4949fbb8e	238459861	238508465	rev	32123	-3	left	OV3_Cisp0
chr1	245116419	245126065	4be45429-9e46-4ded-8b7b-d0ca9fbd9ca5	245116193	245136157	fwd	9608	-3	left	OV3_Cisp0
chr1	248623958	248636807	9f78d47c-bd87-46a1-a0bf-00f7cc5c6c76	248622933	248645394	fwd	12664	-3	left	OV3_Cisp0
chr14	20054937	20067203	32b02fb9-80fc-45b0-af24-8dddf244d091	20054931	20073607	rev	12112	-3	left	OV3_Cisp0
chr14	23859527	23865429	953fd4c0-dae3-4b3b-92d9-280d23ac5cb9	23859515	23865438	rev	5877	-3	left	OV3_Cisp0
chr14	24065932	24072814	c3b975ee-f614-4642-ab20-5b64212f4186	24065923	24072823	rev	6886	-3	left	OV3_Cisp0
chr14	25069002	25087589	5694754c-bafb-42bb-90da-afadb67c39cf	25066007	25087594	rev	18485	-3	left	OV3_Cisp0
chr14	32218634	32222990	4d38cbdd-b3bb-467f-ac9c-b31f3628ff57	32218629	32237392	fwd	4310	-3	left	OV3_Cisp0
chr14	35585552	35598281	cc07b5f9-742f-4d68-8384-f926fdcfcc34	35585408	35598286	fwd	12718	-3	left	OV3_Cisp0
chr14	36564068	36578164	f2c940e7-181b-4f39-895c-9bc8f69972d9	36564059	36583808	fwd	14021	-3	left	OV3_Cisp0
chr14	40131228	40148612	2bf6b65b-78eb-46da-8c53-1282a4dcf4b5	40131224	40150313	fwd	9529	-3	left	OV3_Cisp0
chr14	40693368	40717073	d777402c-5a70-4c0f-9a01-c761cff820eb	40693361	40717077	rev	23682	-3	left	OV3_Cisp0
chr14	41128861	41146683	55d6003e-5951-4f0b-be65-46529b8725e5	41126924	41149100	rev	17737	-3	left	OV3_Cisp0
chr14	47835919	47844110	316b50fb-d44b-4132-9bee-cf9b1778aeb0	47834837	47884871	rev	8206	-3	left	OV3_Cisp0
chr14	49290707	49307908	5c3e1f65-8577-4beb-820e-80e05a900bc6	49290699	49326153	rev	17190	-3	left	OV3_Cisp0
chr14	51873674	51880948	d4c17054-7e71-4a40-a8f4-4ab5179a62f9	51873398	51884955	fwd	7217	-3	left	OV3_Cisp0
chr14	52153148	52166671	90a306b6-f9a4-4aba-898f-9131d5ac6182	52152524	52166676	rev	13477	-3	left	OV3_Cisp0
chr14	52332719	52351632	04ef84f8-ed93-4e22-893e-8982ea5b377d	52327446	52355287	rev	18810	-3	left	OV3_Cisp0
chr14	55295326	55306846	24d3bb60-d973-43ac-8358-a77e126117af	55295319	55306851	rev	11471	-3	left	OV3_Cisp0
chr14	57846393	57859123	3157d393-5bfc-40a8-af1f-c739c4205469	57846385	57861544	fwd	12694	-3	left	OV3_Cisp0
chr14	58145963	58166732	7b71ec61-100a-4228-ad9b-9993d46dc47c	58145959	58166738	fwd	20727	-3	left	OV3_Cisp0
chr14	61562836	61574183	8395ceff-caca-43c8-b497-d26853146299	61555950	61593784	fwd	11310	-3	left	OV3_Cisp0
chr14	66147797	66154666	46887ef3-0be4-4e7a-b010-b7be39341443	66136189	66183987	rev	6839	0.153291	left	OV3_Cisp0
chr14	67029002	67038619	bae09d13-6118-46ce-b97e-e6cddf98be7b	67018327	67050178	rev	9599	0.259907	left	OV3_Cisp0
chr14	74354318	74361457	9aa4650a-5ad3-44de-80e9-975f248202e2	74346268	74362227	rev	7115	-3	left	OV3_Cisp0
chr14	77452274	77461816	7cddc99e-5acf-4e0d-a157-1ef616fdff37	77452268	77462191	rev	9500	-3	left	OV3_Cisp0
chr14	80848402	80856040	01dad3da-0bc3-4cf3-a183-66bb859f3b28	80848398	80856045	fwd	7628	-3	left	OV3_Cisp0
chr14	84552989	84564265	e9047ed7-0adb-463d-8f9e-270f9ca0d642	84550938	84564276	rev	11246	-3	left	OV3_Cisp0
chr14	86825245	86853035	5b94aaad-88fa-4f46-99a8-0e40ade10efd	86806187	86853043	rev	27613	0.497368	left	OV3_Cisp0
chr14	87566729	87577125	9b745a0f-8d6e-42d0-8758-305d61b2a361	87565298	87581168	rev	10294	-3	left	OV3_Cisp0
chr14	88275731	88296328	8e1731ed-1351-4185-aba6-1121643e1d0e	88265761	88296333	fwd	20530	0.052253	left	OV3_Cisp0
chr14	90231376	90238285	9207fec9-dfe9-4907-8ee7-e60b7937665f	90225623	90259680	fwd	6869	-3	left	OV3_Cisp0
chr14	90770833	90789061	f50d6232-43d1-4f30-8926-1ef84be0545d	90769032	90797469	rev	18132	-3	left	OV3_Cisp0
chr14	91309251	91321705	7c5851e0-b7f9-4f59-b931-2ef5823f0db9	91283043	91330469	fwd	12360	0.433913	left	OV3_Cisp0
chr14	97657461	97664303	aff3e270-9875-48d6-bcbf-1f9b1ddc9923	97657446	97669025	fwd	6785	-3	left	OV3_Cisp0
chr14	102429107	102434791	3296986b-78af-4c56-96fe-7219bce5459a	102429100	102461823	rev	5675	-3	left	OV3_Cisp0
chr14	104745616	104759355	cee12dde-0482-4af3-bc28-05016b2a7310	104745601	104771531	rev	13718	-3	left	OV3_Cisp0
chr14	104955379	104962264	50b05f85-f04a-4665-8f62-3428a75ebe1e	104946562	105007538	rev	6876	-3	left	OV3_Cisp0
chr15	24262771	24274399	a14d7420-2ee8-4275-999c-04aa2393bc01	24261953	24275661	rev	11652	-3	left	OV3_Cisp0
chr15	26875557	26883484	bb43428c-ce27-4cc7-8219-46fcd0358b04	26875552	26898797	rev	7864	-3	left	OV3_Cisp0
chr15	38482264	38490012	9b10d931-5145-4459-8f33-2f7e206ad6c4	38482259	38502700	fwd	7675	-3	left	OV3_Cisp0
chr15	39775843	39790523	3ac904f8-b2d5-42e9-b543-a4d5fd075dac	39771238	39790528	fwd	14647	-3	left	OV3_Cisp0
chr15	39944926	39954010	bf3f1d54-cd55-4cc9-83dd-d57a813ad5fc	39932037	39961887	rev	9067	-2	left	OV3_Cisp0
chr15	44042307	44049073	a2be335d-0ca6-4217-bb07-a1e7e20834fe	44042294	44049079	fwd	6767	-3	left	OV3_Cisp0
chr15	47606283	47617543	ddbb2cb8-160c-499f-b6f2-90ec723323a7	47606274	47625820	rev	11233	-3	left	OV3_Cisp0
chr15	56139644	56146202	f7cc9c21-36e8-4edd-b07f-4be3711e9796	56139640	56146459	fwd	6512	-3	left	OV3_Cisp0
chr15	59028624	59045649	218bd24a-5b30-460f-a568-8e230e012059	59015678	59049730	rev	16991	0.205546	left	OV3_Cisp0
chr15	59259618	59265690	d5f2060f-82e6-4510-a0ab-5e648d727be6	59259612	59272436	fwd	6057	-3	left	OV3_Cisp0
chr15	63272433	63281615	686ed4e1-3f59-4fc0-899e-5d8fe604165f	63270588	63284049	rev	9168	-3	left	OV3_Cisp0
chr15	65383488	65394250	7bf2fb23-b831-4791-8c52-147f2cd172a1	65383479	65398526	fwd	10696	-3	left	OV3_Cisp0
chr15	65596134	65609078	0393ebee-100f-4c14-99d2-26f1ee0099e9	65591297	65613077	fwd	12919	-3	left	OV3_Cisp0
chr15	68653684	68663062	69c01563-c359-418a-8f85-608b2e935f8d	68653674	68665455	rev	9346	-3	left	OV3_Cisp0
chr15	68680272	68689026	d2a68b09-4f95-49e4-8eb9-ce673c461624	68680267	68711543	rev	8726	-3	left	OV3_Cisp0
chr15	69480160	69493455	92c501e8-756f-48bd-ae5e-2f96920aaffc	69479057	69507131	rev	13289	-3	left	OV3_Cisp0
chr15	74314969	74327760	90467020-b626-4bc8-9fbf-4ad4fe92bacd	74314511	74332475	fwd	12766	-3	left	OV3_Cisp0
chr15	76118966	76133496	a5e3f6f8-a1f5-49b8-9636-92c8d9bc12a3	76117780	76141587	rev	14513	-3	left	OV3_Cisp0
chr15	77404395	77422669	a0d2d56d-c37c-4ef1-ac40-6a6f0dbd2331	77393744	77432301	fwd	18231	0.566654	left	OV3_Cisp0
chr15	79775459	79785385	9cfd6de8-2bc2-4f8e-a531-aa5b20530a7f	79775453	79786702	rev	9885	-3	left	OV3_Cisp0
chr15	83328603	83336318	79f12b25-5baa-4d7f-9e60-0e22d3c92f69	83300611	83340396	fwd	7690	0.168815	left	OV3_Cisp0
chr15	84599727	84606480	fc52a999-7627-4668-8b83-1d6acef0b05e	84595528	84606487	rev	6785	-3	left	OV3_Cisp0
chr15	95188453	95202176	eb15b511-6f75-47d8-a85e-16dafa2b54f5	95188368	95222596	fwd	13630	-3	left	OV3_Cisp0
chr15	95912007	95918460	46769651-6252-408d-ba5e-bce241d7bff2	95911297	95918866	rev	6459	-3	left	OV3_Cisp0
chr15	101841279	101846750	6b995a3d-79b0-4c29-a1c2-8493fc26090a	101841275	101854243	fwd	5463	-3	left	OV3_Cisp0
chr16	6195580	6199893	f21599d7-b990-4f5f-8477-07e8e43d4fc6	6195573	6223731	fwd	4293	-3	left	OV3_Cisp0
chr16	8845428	8850798	87718d73-a8f7-4780-98d7-03422fbbf502	8845422	8857856	fwd	5322	-3	left	OV3_Cisp0
chr16	10575734	10585509	db6b5e03-7ade-46b2-9c13-9d2002c67320	10574214	10587276	fwd	9704	-3	left	OV3_Cisp0
chr16	19677619	19688306	48369233-38da-46d4-9634-3687594ba2a5	19668574	19694309	rev	10725	0.168121	left	OV3_Cisp0
chr16	21028492	21036862	a1d7df9f-7e86-441c-aa52-1ba74b1bb432	21027531	21044445	fwd	8348	-3	left	OV3_Cisp0
chr16	46394096	46397117	dfe24ced-ccd0-4bd5-877c-a2c5f6fc6fdf	46382552	46402315	rev	384	-3	left	OV3_Cisp0
chr16	46385209	46393963	86881a21-9895-4151-8f5c-5c74601d319e	46382552	46405554	rev	8496	-3	left	OV3_Cisp0
chr16	46396417	46399512	182b7ded-a362-41db-8656-4e2238cb17bf	46382568	46402658	rev	1468	-1	left	OV3_Cisp0
chr16	46392759	46407737	68ab7d78-3bc6-42f2-bd33-dcbaa7a15236	46382611	46407742	rev	10335	-1	left	OV3_Cisp0
chr16	46389646	46400493	86881a21-9895-4151-8f5c-5c74601d319e	46384016	46412069	rev	9785	-1	left	OV3_Cisp0
chr16	46396629	46403306	a443b7da-8669-43d3-9e82-22feb281696c	46385999	46403314	fwd	4995	-1	left	OV3_Cisp0
chr16	46391988	46398337	2942b75f-39a9-4a61-936e-847ec02d5a71	46386712	46405544	rev	1160	-3	left	OV3_Cisp0
chr16	46396220	46406990	f6f32522-122b-40f5-baaa-cc220f15a15a	46388053	46407742	rev	8687	-1	left	OV3_Cisp0
chr16	46389646	46403122	40194005-bba6-4239-93e1-f183d4fcf5c3	46388839	46403127	fwd	7405	-3	left	OV3_Cisp0
chr16	46391027	46403197	6b8dbc7f-a574-4ea9-85eb-c10e34e2de5f	46388943	46403202	fwd	6117	-3	left	OV3_Cisp0
chr16	46390212	46400856	ebc573b0-dc8e-4008-b380-58d57ecfa453	46390204	46400861	rev	10989	-3	left	OV3_Cisp0
chr16	49606308	49615216	635b345b-777e-43b9-8813-d18dffd8af37	49606302	49615307	rev	8842	-3	left	OV3_Cisp0
chr16	52706589	52721060	8d9e464d-5b43-42ff-b3d9-9fc2fb6a603e	52706582	52728018	fwd	14443	-3	left	OV3_Cisp0
chr16	53819841	53835778	a316a39e-f6b4-4ad2-bc18-f1bba6c9936a	53819832	53842900	rev	15951	-3	left	OV3_Cisp0
chr16	67405182	67414105	799b9807-073f-4c98-bef2-86bb5da42b25	67404889	67421319	fwd	8923	-3	left	OV3_Cisp0
chr16	77193013	77205442	062a16b4-7772-4185-866d-0dc5eefcbc09	77188794	77205448	fwd	12418	-3	left	OV3_Cisp0
chr16	80878116	80888036	c168c8ff-07c5-409c-91d1-ee01d2ac0a6f	80863592	80899858	rev	9905	0.184341	left	OV3_Cisp0
chr16	84018332	84027531	2399ac09-862d-4fdd-a0f4-5ee2877abb42	84018327	84037201	rev	9197	-3	left	OV3_Cisp0
chr16	89893834	89903183	a34c5dca-69c0-421a-ac29-525ea98883d6	89886027	89908203	fwd	9359	0.586371	left	OV3_Cisp0
chr17	9250365	9270128	17b4e9e2-1fb4-47af-88cd-4caa878e3c27	9247402	9295083	fwd	19684	-3	left	OV3_Cisp0
chr17	12990796	13008592	a0e6ba23-ee7c-46de-b442-5b1a22f7afc7	12984782	13008600	rev	17711	-3	left	OV3_Cisp0
chr17	15607542	15614827	52672af6-1447-4b5d-84f7-af01b8d820c0	15607538	15627332	fwd	7270	-3	left	OV3_Cisp0
chr17	16046697	16061018	5a42890a-3264-4002-b196-22f17b416e2f	16046690	16063747	fwd	14300	-3	left	OV3_Cisp0
chr17	16738505	16748044	e506ee45-c90c-427b-affe-b461528e31d9	16738496	16753061	rev	9575	-3	left	OV3_Cisp0
chr17	16742577	16765227	b0468ab3-0edf-41a4-96e2-7d7ffcf169ac	16742571	16775897	rev	22586	-3	left	OV3_Cisp0
chr17	17251643	17261191	e3a281dd-bfa6-4486-b85b-8e85154301a1	17251634	17261201	fwd	9610	-3	left	OV3_Cisp0
chr17	18666364	18675246	fbb43ab0-9589-4858-8edd-ced989347f39	18665926	18682892	rev	8868	-3	left	OV3_Cisp0
chr17	18678309	18687958	b475038e-ccf6-46ee-a040-d70809debe2e	18678297	18702005	fwd	9654	-3	left	OV3_Cisp0
chr17	19582311	19589764	90af8615-7e85-4de2-83b8-626e849d4fba	19574842	19589770	rev	7401	-3	left	OV3_Cisp0
chr17	20339233	20345726	ebf2ee2e-0854-4054-844f-0aa3a58afd50	20338530	20356898	rev	6468	-3	left	OV3_Cisp0
chr17	26812615	26816897	873a0288-3e4f-46de-af42-52890ce12b00	26810660	26822826	fwd	5323	-3	left	OV3_Cisp0
chr17	27156191	27165683	1d9cb9fc-ad30-43cf-9f58-6d6d55d48161	27156186	27165696	fwd	9484	-3	left	OV3_Cisp0
chr17	27692513	27709503	4aa773ea-45b4-4a8e-8ed9-caf8ed71f1e7	27692508	27709683	fwd	16987	-3	left	OV3_Cisp0
chr17	30111596	30132775	7babe737-0b85-4874-a1a0-77110d09b897	30111590	30141420	fwd	21075	-3	left	OV3_Cisp0
chr17	34008235	34022662	7eb67405-3ad8-421c-b27e-edc4c6291544	34008229	34025848	rev	14706	-3	left	OV3_Cisp0
chr17	40332280	40341760	41603cba-4910-4273-81bc-503e3cc51eb6	40332180	40374182	rev	9488	-3	left	OV3_Cisp0
chr17	43886638	43903022	9cae0f6f-c404-4a28-9d3c-52a511826074	43886627	43904266	rev	16287	-3	left	OV3_Cisp0
chr17	52520608	52529669	d1b9891a-1fb7-4a0c-9c2d-15ff55c8e163	52519674	52547922	fwd	9009	-3	left	OV3_Cisp0
chr17	54311658	54317326	fe49ed89-4049-4647-b84c-42c5698689a6	54311645	54322760	rev	5629	-3	left	OV3_Cisp0
chr17	55404926	55417598	23159eac-68f1-4a76-a3b9-4e89b663e9a0	55404285	55417606	fwd	12663	-3	left	OV3_Cisp0
chr17	55715906	55722637	d0b51c66-ad47-471b-9193-76fcd8a63b87	55701597	55729027	rev	6694	0.355314	left	OV3_Cisp0
chr17	57477259	57504660	a5d56fd7-fe37-47cf-9241-e6f284181646	57477244	57504667	fwd	27232	-3	left	OV3_Cisp0
chr17	59074467	59091012	c0154d42-ef75-456a-99b4-bdc955cacc9f	59074428	59101156	rev	16593	-3	left	OV3_Cisp0
chr17	60182046	60187046	cbb63800-539f-4b13-9d75-94c66d805685	60182040	60187052	rev	4953	-3	left	OV3_Cisp0
chr17	61365775	61374371	84a2a0d9-c288-4798-9a9d-3a5ceebc0895	61360789	61411899	fwd	8549	-3	left	OV3_Cisp0
chr17	62585660	62593868	310cde77-4701-4644-bb36-73382cce6fea	62585651	62601589	fwd	8177	-3	left	OV3_Cisp0
chr17	65991925	66003758	0cdf8cff-9745-4b39-94ea-b01aff5a548c	65991921	66003763	fwd	11778	-3	left	OV3_Cisp0
chr17	66745224	66755825	7290f17e-8c72-47ee-963b-fee49791f11e	66744332	66757004	rev	10594	-3	left	OV3_Cisp0
chr17	67917664	67929121	fbf48ddd-b48e-49ef-a7b0-b0ae91080d32	67917521	67929126	fwd	11403	-3	left	OV3_Cisp0
chr17	70264966	70275584	9fdbe857-4bbf-43cc-ace6-84025f6b0119	70264960	70276350	fwd	10564	-3	left	OV3_Cisp0
chr17	70529569	70535908	9ff6dac5-ae6f-4ece-837e-f2b32fd84b37	70529563	70539576	rev	6547	-3	left	OV3_Cisp0
chr17	72144431	72153888	db882100-6972-4ac7-9f84-8cc52aca4a84	72144418	72153893	fwd	9361	-3	left	OV3_Cisp0
chr17	72942757	72959200	c8f1c022-4f5e-49af-be1f-ea7a7d4d5b83	72940990	72967095	rev	16432	-3	left	OV3_Cisp0
chr17	74262663	74280108	486f122a-1d64-41cb-b875-4bca96bd8b4a	74261402	74280113	fwd	17472	-3	left	OV3_Cisp0
chr17	76140969	76152434	3ceb32e2-005e-4d30-bd32-9c564c7b7d88	76139338	76152441	fwd	11423	-3	left	OV3_Cisp0
chr18	327493	343257	e3105060-c2fc-4354-be9c-0bbbce25e307	323819	372224	fwd	15675	-3	left	OV3_Cisp0
chr18	3457104	3466899	035583ec-4012-4274-9496-9886b5d30f5c	3449805	3466909	fwd	9750	-3	left	OV3_Cisp0
chr18	3598250	3610604	73266eb6-1b5f-4d7a-9eb5-c832e24ddf06	3583803	3618949	fwd	12339	0.320181	left	OV3_Cisp0
chr18	5140521	5147277	062cb400-a777-437a-964c-536640c5bbe9	5140516	5159283	fwd	6717	-3	left	OV3_Cisp0
chr18	6121296	6132809	ece84d4d-48e1-4c29-b70b-43210d91be82	6121288	6132814	fwd	11515	-3	left	OV3_Cisp0
chr18	7065500	7077168	4c3f4f3b-2aa1-4f89-a118-a0797322795e	7065493	7077173	rev	11593	-3	left	OV3_Cisp0
chr18	8926006	8938479	6790463b-9060-4d79-891d-6de27c6dccf5	8925602	8941220	fwd	12426	-3	left	OV3_Cisp0
chr18	11709201	11724293	25501543-296c-461b-972c-c5b7aa4c67dc	11709197	11725949	fwd	15006	-3	left	OV3_Cisp0
chr18	11921586	11927088	47c3dd83-02ee-4072-902c-bb4e0e7324b8	11921575	11945534	fwd	5476	-3	left	OV3_Cisp0
chr18	13745171	13752207	e35bea68-a9f7-490c-9f1c-b43f56441ecb	13745164	13755570	fwd	6999	-3	left	OV3_Cisp0
chr18	21596289	21605998	3af79032-423e-44f4-9609-253e7b41c88f	21593999	21606804	rev	9651	-3	left	OV3_Cisp0
chr18	27282792	27291907	b10997b7-680e-42d3-90b6-20e5038c6383	27272313	27292189	rev	9023	0.902935	left	OV3_Cisp0
chr18	32694137	32711242	a8e10b00-e5ed-4840-af6b-fb66faf3f5c4	32694130	32723426	fwd	17098	-3	left	OV3_Cisp0
chr18	37309334	37325892	c43921a8-4309-4410-9135-0f2152aa26a1	37309327	37343272	fwd	16574	-3	left	OV3_Cisp0
chr18	45509872	45523349	445a33f6-a287-4b9b-b31a-4de0373c6241	45509860	45525948	rev	13391	-3	left	OV3_Cisp0
chr18	54213895	54227181	6f54fb68-9508-4639-bba5-b580c2894c61	54212478	54231322	rev	13241	-3	left	OV3_Cisp0
chr18	56622775	56633153	d4434e70-280e-427d-add0-2f7310adefaf	56622770	56634376	rev	10280	-3	left	OV3_Cisp0
chr18	56722301	56759609	ce6ec11f-1ed7-4e36-9946-b71474f12856	56713113	56778125	rev	37073	0.144288	left	OV3_Cisp0
chr18	62908348	62923843	17df9a4a-4337-45b7-97b1-84f2a18b5497	62907660	62925486	fwd	15417	-3	left	OV3_Cisp0
chr19	6111706	6120770	d8bebadb-68fc-4c48-8d7a-842d7881866d	6111695	6124198	rev	9015	-3	left	OV3_Cisp0
chr19	8561781	8569188	1c957b0e-90bc-48a5-a8b1-80e725bf0d75	8561245	8593498	rev	7409	-3	left	OV3_Cisp0
chr19	10924231	10940272	36a3eb02-4f06-423e-a37c-0a407bd1c04e	10919263	10959797	rev	16159	-3	left	OV3_Cisp0
chr19	11216573	11232057	866dd0b8-a017-411b-8196-8fbf15c5cba8	11215213	11247950	rev	15468	-3	left	OV3_Cisp0
chr19	27284046	27292253	654ac276-6338-4d2a-bb1e-4b68cebae155	27284038	27292257	rev	8214	-3	left	OV3_Cisp0
chr19	29321929	29335382	f38adfcd-662c-47d0-9356-6630099c95e6	29321922	29341080	fwd	13463	-3	left	OV3_Cisp0
chr19	29580523	29591411	9470c28d-21a2-45b8-baa5-ac7d9d74bef9	29580519	29594638	fwd	10908	-3	left	OV3_Cisp0
chr19	31096967	31112452	64518b1f-463c-4133-a6c1-67f22964c95a	31094998	31112701	fwd	15486	-3	left	OV3_Cisp0
chr19	31556661	31566824	853ef5e0-267a-4487-8cec-4ef53fc5e869	31556652	31585828	fwd	10139	-3	left	OV3_Cisp0
chr19	31569993	31585352	a1aa187d-bf79-4aba-a3ba-02c1633ed6b4	31569988	31587839	rev	15305	-3	left	OV3_Cisp0
chr19	33857907	33871076	916331e3-2a86-49a2-85a9-dbcbcda8e5bc	33855319	33879689	fwd	13111	-3	left	OV3_Cisp0
chr19	37996191	38005408	3c56dadc-1be4-4dc1-a7d7-a0136f9bafdd	37996178	38018296	fwd	9172	-3	left	OV3_Cisp0
chr19	38382536	38389376	f2d361a1-a8b8-4541-8f6e-c82975c2fd80	38370484	38401734	rev	6791	0.628164	left	OV3_Cisp0
chr19	39451132	39478846	76732ba2-35a9-44f1-8d06-69f1798dac8c	39449521	39478853	fwd	27600	-3	left	OV3_Cisp0
chr19	39767444	39783629	ceaca7ea-c4c1-45f3-b1d5-29ace680d358	39767438	39794187	rev	16152	-3	left	OV3_Cisp0
chr19	39968101	39978178	83923f55-7976-4103-8dd9-25491556104e	39968079	39978182	rev	10060	-3	left	OV3_Cisp0
chr19	39973755	39991642	68e0311a-2af7-4231-827d-adbe039445bb	39968600	40032348	rev	17832	-3	left	OV3_Cisp0
chr19	40222102	40231221	2f6a1315-a26c-45f9-8614-e7a9638338a8	40222093	40232210	fwd	9040	-3	left	OV3_Cisp0
chr19	41010824	41021326	ac3e4a49-0155-4534-8863-d54c41eeba68	41010818	41021335	fwd	10465	-3	left	OV3_Cisp0
chr19	53560769	53566808	4910947a-8083-4700-b591-ca874ce2a313	53553497	53585826	rev	6016	-1	left	OV3_Cisp0
chr19	56739188	56745119	760cf544-4eef-4969-921f-ff02c1d3be5e	56728455	56749768	fwd	8106	0.91013	left	OV3_Cisp0
chr2	4823214	4835901	cee3f6b9-237a-436c-93d6-ff1d30bbe3d6	4820016	4835906	rev	12647	-3	left	OV3_Cisp0
chr2	7267655	7278608	4b26af7e-6e5c-4908-899e-f9fb5a9a46e8	7266584	7281759	rev	10906	-3	left	OV3_Cisp0
chr2	7532381	7547060	55a1d579-01f3-4f61-a0e1-9badb00fb0b0	7532376	7549871	fwd	14581	-3	left	OV3_Cisp0
chr2	9689217	9695691	e4f26c57-4f20-424e-9413-e84ab211456a	9689212	9714143	fwd	6437	-3	left	OV3_Cisp0
chr2	9916300	9925618	5fb47454-30c5-4b6f-8550-b6bb632b4062	9916296	9929893	fwd	9294	-3	left	OV3_Cisp0
chr2	10534702	10540091	03b21386-e8ba-46b3-a5ea-9adc61c04e2e	10519614	10540109	fwd	5646	-3	left	OV3_Cisp0
chr2	15450336	15466680	1171c6c3-c3bc-40a4-806e-5b5a33da63cb	15450331	15468753	fwd	16332	-3	left	OV3_Cisp0
chr2	16587061	16596030	29355757-04b2-4d13-8596-b14ac6ff7f57	16587055	16596034	rev	8871	-3	left	OV3_Cisp0
chr2	17384151	17392335	4505d41a-a912-4b53-8ff5-b2ebf7e260f6	17384145	17392340	rev	8174	-3	left	OV3_Cisp0
chr2	18073410	18083034	021945da-042d-41c2-91f0-bd2fb40522f7	18072615	18089547	fwd	9531	-3	left	OV3_Cisp0
chr2	18435517	18448364	7ffefa91-e357-4701-ab34-661161351480	18414871	18448371	fwd	12785	0.09206	left	OV3_Cisp0
chr2	18699826	18710699	e5cea2c2-b5ee-4249-829f-cd752bb701e4	18699816	18710704	rev	10808	-3	left	OV3_Cisp0
chr2	21847118	21857265	f1899214-aa5d-420e-ba52-70974e2b0748	21846594	21858544	rev	10161	-3	left	OV3_Cisp0
chr2	22545338	22560133	23a4a837-a937-4a7e-a612-7bbc3121086b	22545333	22564834	fwd	14744	-3	left	OV3_Cisp0
chr2	23115065	23127895	bf72a063-6353-41ab-836c-772f4015885a	23115060	23138309	rev	12788	-3	left	OV3_Cisp0
chr2	34836879	34845034	91a82d94-c330-446b-8211-6158be5f94a1	34835327	34845369	fwd	8052	-3	left	OV3_Cisp0
chr2	40958681	40979552	9f658bf8-60fd-4100-850b-3f00edeef846	40958674	40980695	rev	20750	-3	left	OV3_Cisp0
chr2	41652117	41668704	93616aa5-efd5-4a8f-aae6-f02fc98a3b75	41648896	41684946	fwd	16387	-3	left	OV3_Cisp0
chr2	41858952	41873706	cc4dd61b-c3b7-4b56-ac80-d39c1672f800	41853749	41877095	fwd	14719	-3	left	OV3_Cisp0
chr2	42446483	42459148	3027eda2-3f15-4db6-b9ba-29d3248d41c8	42443513	42460822	fwd	12577	-3	left	OV3_Cisp0
chr2	44026693	44032696	abccd01f-f586-4b16-88aa-2fab9b87137a	44026687	44034160	rev	5988	-3	left	OV3_Cisp0
chr2	54402590	54410013	5dbb848f-67f1-495c-b899-ab6ad5cc64ea	54392430	54410019	rev	7435	0.512002	left	OV3_Cisp0
chr2	59639244	59648501	0db93396-e9d4-4022-be40-14dd2221dbac	59639235	59648505	rev	9241	-3	left	OV3_Cisp0
chr2	64206826	64223746	17302f1a-5a61-4773-8e96-b25913d60a84	64205719	64223753	rev	16822	-3	left	OV3_Cisp0
chr2	66100310	66106274	6184f19f-2934-419c-a8e2-a57fc7c37470	66090069	66117306	fwd	5897	0.250719	left	OV3_Cisp0
chr2	70824824	70850779	50833565-1a43-41e4-b00c-f786f36aa3b0	70824819	70859598	fwd	26018	-3	left	OV3_Cisp0
chr2	71646380	71657865	88ab2f53-3080-4872-b188-c0fd7d56492f	71646375	71669834	fwd	11487	-3	left	OV3_Cisp0
chr2	79025599	79032654	61a1767f-b665-4df5-885e-29673da6815c	79025586	79036207	rev	6988	-3	left	OV3_Cisp0
chr2	79120886	79154963	0ef2b698-89aa-4c20-8ab2-07d65ef14dd6	79120879	79154967	rev	33910	-3	left	OV3_Cisp0
chr2	82798817	82803764	5a0fbed6-0fd3-4e4e-8d36-3cc8c9dd9a0d	82792925	82810335	fwd	4961	-3	left	OV3_Cisp0
chr2	84450894	84471172	113b2f7a-dcd5-42e5-a7a3-cf4be5c8d0d0	84450667	84471199	rev	20093	-3	left	OV3_Cisp0
chr2	87414664	87418715	d3591f7a-3b54-4123-9881-841af6cceec1	87414287	87431213	fwd	3168	-3	left	OV3_Cisp0
chr2	88215116	88220494	a1f54e0a-3501-4d91-97f8-924c003462b6	88215106	88220499	rev	5396	-3	left	OV3_Cisp0
chr2	90221678	90236510	03324f6b-6a20-4a75-ae2c-cba83d457404	90220502	90249024	rev	14789	-3	left	OV3_Cisp0
chr2	91413677	91421420	a99b543c-7e73-4b44-958e-45305e773c02	91404242	91423218	fwd	8952	-1	left	OV3_Cisp0
chr2	91672250	91683047	354f58c8-cfc3-4fbb-8774-0349f5037178	91672246	91683052	fwd	10739	-3	left	OV3_Cisp0
chr2	99380590	99388678	61dfd82f-4d75-4989-9693-c348f3398d52	99380586	99389681	fwd	8045	-3	left	OV3_Cisp0
chr2	101087846	101099593	317779c2-c425-4731-a8a2-65d712c49b8c	101087840	101099599	rev	11698	-3	left	OV3_Cisp0
chr2	101792804	101804242	5e031e70-7c80-480e-a356-da18278b3d66	101778428	101806590	fwd	11388	-1	left	OV3_Cisp0
chr2	104729912	104737664	f36d621f-baf3-4c38-b8a6-e0d5956b0535	104729904	104748641	fwd	7730	-3	left	OV3_Cisp0
chr2	105279188	105289948	46e5884a-3a32-49e0-a3ea-d39f03da8d9f	105279183	105292085	rev	10719	-3	left	OV3_Cisp0
chr2	105274302	105290264	ed46c655-3e03-49ab-a92f-c567a966503a	105266550	105304072	rev	15782	-3	left	OV3_Cisp0
chr2	108024764	108034343	f89044da-bb81-441f-aa67-007b153e15ae	108024576	108075395	fwd	9525	-3	left	OV3_Cisp0
chr2	111487265	111492726	70fe0103-dbc2-432b-9409-5040106eaea5	111486328	111512703	rev	5451	-3	left	OV3_Cisp0
chr2	112916264	112926843	d19c3373-ab0f-4fe6-a961-9d35968f53ff	112915810	112935920	fwd	10521	-3	left	OV3_Cisp0
chr2	113332425	113337662	9f40068d-737d-4328-85d3-ce2a4dac94a9	113332411	113337668	fwd	5244	-3	left	OV3_Cisp0
chr2	117576831	117584248	a6bcf017-41a1-4cc6-b461-f84e2d72a046	117576826	117584253	rev	7385	-3	left	OV3_Cisp0
chr2	119266540	119272803	038bb6f8-1aad-49e3-ac9b-de48ea553ae5	119266533	119278479	rev	6319	-3	left	OV3_Cisp0
chr2	119479697	119491285	17d69b55-9d10-4650-afa4-a472d08919ab	119479683	119498298	rev	11598	-3	left	OV3_Cisp0
chr2	126179336	126193779	0bb41630-c7a6-4f3d-848c-cbc8a483a4a4	126156918	126195994	fwd	14397	0.544715	left	OV3_Cisp0
chr2	133726274	133735735	7e8a374d-df0a-4be2-ad3d-db8e15a460c2	133726269	133754674	fwd	9411	-3	left	OV3_Cisp0
chr2	137506103	137521011	6ccbaac5-6af2-415c-b1ae-68242e3acb9a	137504881	137521148	rev	14893	-3	left	OV3_Cisp0
chr2	137774519	137795954	84d89554-5826-4f3d-b976-5fb080e84a72	137774515	137804485	fwd	21301	-3	left	OV3_Cisp0
chr2	138278791	138290727	d7c9ba82-c483-41d2-96b2-7e343de81e4b	138276478	138291035	fwd	11917	-3	left	OV3_Cisp0
chr2	140095971	140103069	c8b05904-d590-4a23-92da-369e41933839	140091580	140105325	rev	7095	-1	left	OV3_Cisp0
chr2	142673744	142682449	1cd016fb-0d0b-4231-92b4-47454a1fecc0	142673528	142696559	fwd	8353	-3	left	OV3_Cisp0
chr2	143180058	143189534	42416efc-6d7e-4e82-b791-162113a13176	143180051	143207600	fwd	9505	-3	left	OV3_Cisp0
chr2	143781085	143790878	d7aa1bce-be34-457d-b881-91d779aa3097	143777340	143797307	rev	9742	-3	left	OV3_Cisp0
chr2	143863512	143878726	ea73f6a7-29b7-4b54-99e7-937bfcde97cc	143859258	143880313	fwd	15186	-3	left	OV3_Cisp0
chr2	155188579	155201997	4dd5d163-e5ab-4a1e-b03c-f511dbf49c82	155188572	155213494	rev	13402	-3	left	OV3_Cisp0
chr2	157388450	157396149	a26540ff-cf6c-4f30-974c-e0933a4844f0	157385432	157396165	fwd	7704	-3	left	OV3_Cisp0
chr2	163729518	163736334	6366b435-1a96-43b0-994e-a32803743cb3	163729502	163743937	rev	6727	-3	left	OV3_Cisp0
chr2	171552529	171557896	6ee9d17a-0210-4ba7-ae49-28cee3974b56	171552515	171563420	rev	5355	-3	left	OV3_Cisp0
chr2	178192680	178201211	3df9eee9-609b-478f-9794-f259f5a9033c	178192669	178209399	rev	8471	-3	left	OV3_Cisp0
chr2	189664147	189669894	14f2f412-d8d0-4ec2-a47c-4f54ad97267d	189649578	189688529	fwd	5643	-1	left	OV3_Cisp0
chr2	193916498	193924204	069aa805-112e-4236-a987-9a5cf7db0ead	193916492	193935929	fwd	7683	-3	left	OV3_Cisp0
chr2	194091846	194097876	97ddb2fc-8d8f-45ca-a290-fccd9c8df86b	194090425	194097906	rev	6076	-3	left	OV3_Cisp0
chr2	195204124	195232647	b67553b8-3a09-4f7c-a9da-794f7975245a	195185154	195249584	fwd	28378	0.370664	left	OV3_Cisp0
chr2	198620136	198625288	9e7b4b8b-a51c-46de-8358-5a8e35abfe5b	198602199	198625294	rev	5097	-1	left	OV3_Cisp0
chr2	201618398	201627211	cdebfe2a-c5b5-4ebe-8c1d-629e893095ed	201618394	201627222	fwd	8819	-3	left	OV3_Cisp0
chr2	204318882	204323691	e26cfc0a-893d-4db6-87e1-021416c0eb3b	204318877	204336347	fwd	4751	-3	left	OV3_Cisp0
chr2	206556005	206566287	8acc1526-01d9-4b67-b62e-e0ac20438f26	206556000	206572362	rev	10267	-3	left	OV3_Cisp0
chr2	209031586	209046912	7d5f5593-ec92-46fc-bb23-4e6eb4e00f52	209026621	209050709	rev	15333	-3	left	OV3_Cisp0
chr2	209585245	209590082	82fd511c-e5e7-477c-8237-f29af88c84ca	209585239	209597377	fwd	4752	-3	left	OV3_Cisp0
chr2	213178859	213191643	c52fc193-086d-4f32-aa96-8a69a8db4061	213177340	213193412	fwd	12735	-3	left	OV3_Cisp0
chr2	215442995	215452022	7346127a-b69b-4ff4-bb9c-8f85d49dbccc	215442855	215458404	rev	9022	-3	left	OV3_Cisp0
chr2	216135389	216143987	4c4b8ae9-7a28-44c2-86dd-7938b91aed26	216135384	216147214	fwd	8512	-3	left	OV3_Cisp0
chr2	217938296	217953865	54888c09-7bf7-4804-b28b-6e39b29c0027	217938285	217960434	fwd	15513	-3	left	OV3_Cisp0
chr2	219055522	219063376	c6337e8f-62a3-4d18-abf8-4fee66a94c14	219051530	219066583	rev	7825	-3	left	OV3_Cisp0
chr2	219221270	219233892	6ccc32d7-90af-476b-b4c8-bb935c507d7c	219220362	219233900	fwd	12576	-3	left	OV3_Cisp0
chr2	220899288	220910592	8aa9ed55-e71d-4a63-af36-acc575f6dbda	220898497	220914478	rev	11219	-3	left	OV3_Cisp0
chr2	221117390	221123761	d2129cb9-c16c-4be5-b4a2-401901ff4704	221115699	221130809	fwd	6318	-3	left	OV3_Cisp0
chr2	222466640	222480282	a64a46a9-158d-4227-bb50-0f9fd9bff5f9	222464712	222480288	rev	13478	-3	left	OV3_Cisp0
chr2	224648242	224660265	abf241b7-efe9-4058-acdc-fa026ff1e1ff	224644444	224660270	fwd	11876	-3	left	OV3_Cisp0
chr2	227577228	227583812	d5918cd3-685f-4b08-924a-ae1324a95107	227577218	227597583	fwd	6548	-3	left	OV3_Cisp0
chr2	229537288	229542695	f3abd214-ddc4-46be-894c-a0fff1d9dfba	229537279	229542703	fwd	5406	-3	left	OV3_Cisp0
chr2	231436165	231450615	08401140-3cc5-44da-8562-40406a2bf9c7	231436159	231452899	rev	14460	-3	left	OV3_Cisp0
chr2	232752248	232759653	e965eddc-0d27-4162-a74f-f59d854bd272	232752238	232759658	rev	7409	-3	left	OV3_Cisp0
chr2	235748513	235763777	14f197e1-9a49-4e0a-87f4-2cfaf327408b	235747764	235763782	rev	15117	-3	left	OV3_Cisp0
chr2	241529663	241537686	6cf9ead2-7fd6-4938-afe0-63dc5c417c48	241517638	241537691	fwd	8033	-3	left	OV3_Cisp0
chr20	373683	379179	50010193-2a5c-4800-b0bb-76f1352e68cb	367913	389051	rev	5494	-3	left	OV3_Cisp0
chr20	772864	787516	35fffe39-8758-4631-bb6f-f6f3206fb5d6	772700	787521	fwd	14518	-3	left	OV3_Cisp0
chr20	2672831	2682149	14700ac9-16ae-4696-9789-cfac3624856c	2672823	2691624	fwd	9323	-3	left	OV3_Cisp0
chr20	3019314	3025291	4fe063d0-e05f-450a-9a6a-23d590109018	3018236	3030167	rev	5971	-3	left	OV3_Cisp0
chr20	13223361	13232736	af45c44f-4bb0-458f-8b26-3acc8bb03f69	13221521	13249042	rev	9326	-3	left	OV3_Cisp0
chr20	31067611	31071159	467c4806-2517-4b93-8fc0-4bd34d926783	31051508	31073213	fwd	3088	-1	left	OV3_Cisp0
chr20	31068008	31073537	0cd613a5-a6ba-4320-862d-e6c90a5d4edf	31054708	31076999	fwd	9785	-3	left	OV3_Cisp0
chr20	31073736	31079877	f6351dd0-5f3c-4c6e-b1b8-3c3e9bf10692	31062919	31082166	fwd	6698	-1	left	OV3_Cisp0
chr20	31065172	31083338	f63b581a-8003-46b0-b313-fb036633afae	31064575	31083613	fwd	18162	-3	left	OV3_Cisp0
chr20	31072357	31079322	1bdabbb3-1c0f-42e6-b9e9-c31f1f0093c8	31066012	31079843	fwd	7373	-3	left	OV3_Cisp0
chr20	37970441	37980514	f023abc5-d674-44dd-aa1e-6809577ac1c5	37961529	37999045	rev	10053	-3	left	OV3_Cisp0
chr20	40100411	40107533	e98dc7a4-0340-4f30-847a-7bf34b3c76a9	40100378	40115498	rev	7099	-3	left	OV3_Cisp0
chr20	41152666	41160980	961ebd1b-d92f-44db-bb2a-3264a0ea6754	41152657	41164162	fwd	8290	-3	left	OV3_Cisp0
chr20	42426488	42440503	8f15d5be-a751-4622-a42c-fe3488d663ff	42425562	42440516	rev	13959	-3	left	OV3_Cisp0
chr20	42650602	42659169	2df8ca5c-0ef9-40ef-bc4a-ba2bed7aa963	42650596	42659174	fwd	8520	-3	left	OV3_Cisp0
chr20	43349823	43360538	38e9f2b1-d143-4d5b-8271-f2d56411fb2e	43349818	43385720	fwd	10706	-3	left	OV3_Cisp0
chr20	44273493	44282965	52421959-f50e-4b39-8cf2-714103c42535	44255900	44282971	fwd	9526	0.109222	left	OV3_Cisp0
chr20	45173602	45185213	b4d82b6c-5ef7-4a34-a912-b8d6b5e6fd19	45171194	45185223	fwd	11598	-3	left	OV3_Cisp0
chr20	45320694	45338801	8ddb8087-ebbb-4f01-925e-e9948fe2ca77	45313354	45339445	fwd	17960	-3	left	OV3_Cisp0
chr20	47907744	47916576	e8de8189-3e1e-49d3-93f1-c8f24e6888a4	47907738	47921834	rev	8800	-3	left	OV3_Cisp0
chr20	48164703	48175157	8665fcc2-54c6-4ebb-b322-7dd53a20be52	48164695	48181351	fwd	10447	-3	left	OV3_Cisp0
chr20	49037982	49044831	5f23e68d-586c-466d-a841-bcc7e1e3289a	49027610	49066461	fwd	6850	0.188714	left	OV3_Cisp0
chr20	52831773	52844820	6ffafaad-315d-4ec2-9858-0e5481913b53	52830944	52849949	fwd	12992	-3	left	OV3_Cisp0
chr20	53222234	53230657	343ec065-b47b-453b-8408-2924f797f19a	53222229	53241721	fwd	8369	-3	left	OV3_Cisp0
chr20	57154536	57173756	0ccd62b0-9d44-4bfd-b708-b25b1301ed06	57153707	57196203	rev	19127	-3	left	OV3_Cisp0
chr20	57229036	57240030	3986e7fe-3727-42c3-9cc5-83240fa48b1c	57229031	57240036	fwd	10951	-3	left	OV3_Cisp0
chr20	58630919	58639931	ac672e4f-151d-4272-83b1-e40be769e6b3	58624520	58649428	fwd	8987	-1	left	OV3_Cisp0
chr20	58643337	58653143	a565d214-6dd5-4141-b878-59669b952add	58637592	58659161	rev	9759	-3	left	OV3_Cisp0
chr20	61617339	61624897	266373d9-76b4-4f66-ad8b-e055593eb345	61617334	61630038	fwd	7609	-3	left	OV3_Cisp0
chr20	63633003	63642226	1c2fc549-ff9c-4603-b8d1-4fd98c545e7b	63607852	63643651	rev	9229	-3	left	OV3_Cisp0
chr21	7951292	7955356	d2e01e7a-4153-41cb-b696-213b5bd63568	7939810	7955850	fwd	4037	-3	left	OV3_Cisp0
chr21	7965837	7987403	33d8deb8-db31-4643-925b-b07c1d575aa5	7965056	8005279	fwd	21428	-3	left	OV3_Cisp0
chr21	14848256	14854731	bde5ca6f-5618-4d8a-8918-58234d6ee564	14846601	14862107	rev	6415	-3	left	OV3_Cisp0
chr21	16968241	16981225	74c04a7e-7273-4691-962d-bdd977659401	16968236	16985193	rev	13045	-3	left	OV3_Cisp0
chr21	17423972	17428517	57f06a64-588d-4fbd-8fca-cb024d319779	17423967	17437792	rev	4563	-3	left	OV3_Cisp0
chr21	17815509	17822921	f9ee64c6-27ea-4557-9b05-a092118b9511	17815500	17847119	fwd	7374	-3	left	OV3_Cisp0
chr21	22535417	22546932	6b74acad-b367-440a-8efd-604e8264fdd0	22535409	22547075	rev	11417	-3	left	OV3_Cisp0
chr21	30943698	30953036	ab492c4a-a38c-4560-9d76-8f519df1499b	30926931	30967363	rev	9297	-2	left	OV3_Cisp0
chr21	33258477	33272319	79e79a19-441e-4135-8d97-625c1ff2c71b	33258469	33272329	rev	13861	-3	left	OV3_Cisp0
chr21	34305197	34314998	8dde7259-f1e6-4f02-a37b-49a9ceb9a037	34305193	34323213	fwd	9832	-3	left	OV3_Cisp0
chr21	36503501	36512768	06c89b14-596c-40bb-be3d-a4ddc0adf69a	36503493	36517392	fwd	9203	-3	left	OV3_Cisp0
chr21	38081374	38086859	2a53218e-958b-4043-bff9-5fd981871e17	38081358	38086866	fwd	5427	-3	left	OV3_Cisp0
chr21	38144552	38154082	35cff055-d24d-4855-a692-eabe8d693b09	38144544	38154992	fwd	9533	-3	left	OV3_Cisp0
chr21	41551456	41558544	566bd56b-5c1f-4c65-a757-55e9c9b5ef15	41549147	41558557	fwd	7046	-3	left	OV3_Cisp0
chr21	42317917	42321474	db88f8c4-e57d-491a-831c-943a690d2586	42302250	42321493	rev	3575	-3	left	OV3_Cisp0
chr21	43611829	43621144	59646ee1-6278-4f1b-a6e1-b1e41b8fcf38	43611817	43625707	fwd	9288	-3	left	OV3_Cisp0
chr21	43753039	43768184	287a7b8e-513e-4166-a711-5a88697b0774	43745109	43776004	rev	15116	-3	left	OV3_Cisp0
chr21	44082134	44087401	bb7275a9-0b3f-441c-93b6-5d21bb676759	44079579	44091278	fwd	5196	-3	left	OV3_Cisp0
chr21	46011162	46021140	f7ce45aa-ca69-4c8e-a07f-8aec39e1d82f	46011157	46033003	fwd	9923	-3	left	OV3_Cisp0
chr21	46419592	46434290	23b211c7-85ef-454d-90f1-c2cda115e135	46419580	46436741	fwd	14653	-3	left	OV3_Cisp0
chr22	18048700	18066891	883b32c2-0dca-4f49-96a5-97deff9de938	18038063	18068428	rev	18198	0.37654	left	OV3_Cisp0
chr22	20758776	20768958	0cbb1a55-316f-47eb-add1-1465b542d871	20758764	20772138	rev	10109	-3	left	OV3_Cisp0
chr22	21285133	21296078	ed42daee-b9ee-4f7d-b6bc-5d3e21b117f5	21285122	21301074	rev	10911	-3	left	OV3_Cisp0
chr22	30809662	30819164	5025db3f-4585-4426-be8e-0cc84f2c99e5	30805724	30832117	fwd	9460	-3	left	OV3_Cisp0
chr22	34665466	34682849	feb3c945-7e69-42cd-9c7a-ca5da9e97316	34661212	34690600	rev	17291	-3	left	OV3_Cisp0
chr22	34869067	34877935	b29960cd-2fff-4b53-8fc2-72747b27f933	34868607	34894709	fwd	8849	-3	left	OV3_Cisp0
chr22	37227660	37237561	510f9fe5-6427-4468-b1bc-dcd75a0c2f32	37222639	37251409	fwd	9887	-3	left	OV3_Cisp0
chr22	43824953	43840574	da7b0501-26fe-4a3e-b715-d6d1469f8f22	43819639	43840581	fwd	14848	-3	left	OV3_Cisp0
chr22	49642810	49650568	70d6b50a-675f-4111-9e4b-25247b6308d8	49642800	49657463	rev	7746	-3	left	OV3_Cisp0
chr22	49691458	49703491	e1d3b3ef-72df-4397-b483-ef9f20d63f9c	49691451	49719790	rev	12002	-3	left	OV3_Cisp0
chr22	49889833	49896710	2fea21ce-0ebf-4793-a403-101874d48b1d	49880123	49904405	rev	6871	0.475991	left	OV3_Cisp0
chr3	5855594	5861767	9bda739b-2c9f-46f3-a7ef-31eb4f51695c	5855589	5922900	rev	6143	-3	left	OV3_Cisp0
chr3	6648745	6661995	8b57eded-9e16-47fb-8e7b-8d9b952dc7fc	6648738	6667167	rev	12855	-3	left	OV3_Cisp0
chr3	7855563	7863000	eefed0fd-c3f8-447b-811b-31d874c83583	7855559	7869346	fwd	7448	-3	left	OV3_Cisp0
chr3	8295727	8306473	20b82308-f3c0-41e9-bdbc-128577073c3d	8293881	8313183	fwd	10735	-3	left	OV3_Cisp0
chr3	8466859	8474773	8104b136-e492-45d2-a190-83f91a836aa4	8466803	8481315	fwd	7886	-3	left	OV3_Cisp0
chr3	10094925	10100390	4fe5b86b-3f2e-41c8-b721-4bf0f55bf9a2	10094919	10114231	fwd	5436	-3	left	OV3_Cisp0
chr3	12586374	12595379	82d26e3d-747b-459f-af69-06c91933a225	12586368	12614416	fwd	8994	-3	left	OV3_Cisp0
chr3	15855585	15864765	d0ee1b32-8077-45ee-a74d-cbb2bf662cb0	15855047	15864769	rev	9154	-3	left	OV3_Cisp0
chr3	17045727	17055558	9edad2ef-0990-4796-b5f4-aa6072487f11	17045721	17058550	fwd	9833	-3	left	OV3_Cisp0
chr3	19230305	19236885	fd03e3b6-c14c-48f1-a568-c4dd43cb4fa9	19230299	19236897	fwd	6562	-3	left	OV3_Cisp0
chr3	20913347	20924875	e807c1ab-1e26-45ae-a79c-3e8b0573275e	20913342	20924982	rev	11441	-3	left	OV3_Cisp0
chr3	22307183	22324201	5182b4eb-6312-4f6e-b9f3-8657ba5a4778	22307179	22325676	fwd	16983	-3	left	OV3_Cisp0
chr3	22766853	22776328	ca4b41d2-c557-461b-a9cc-549f35bffcfa	22766849	22778214	fwd	9400	-3	left	OV3_Cisp0
chr3	25530557	25542359	ca0156a9-add7-4b6c-9501-cd6321d3337f	25522411	25544586	fwd	11681	0.227779	left	OV3_Cisp0
chr3	30304279	30310443	fa460688-f634-4b1f-98ce-6e990e923935	30304274	30314367	fwd	6111	-3	left	OV3_Cisp0
chr3	31300125	31305373	7e34fe9f-1a32-4ed5-80b7-e912a867c9ba	31300116	31325013	fwd	5224	-3	left	OV3_Cisp0
chr3	33605327	33620704	867b7a4e-bae3-439b-9de6-2ac1965ca986	33601222	33625866	fwd	15341	-3	left	OV3_Cisp0
chr3	38881791	38891738	3edbb6cd-bf44-481d-bbc3-8318c3a83aae	38878989	38893019	rev	9909	-3	left	OV3_Cisp0
chr3	40204031	40212718	93210403-c436-4383-b80a-355f221aceb0	40201357	40251836	fwd	8550	-3	left	OV3_Cisp0
chr3	52911504	52923635	36ff066b-c066-4d6b-8c7c-9bf14bd88a35	52911494	52924588	rev	12004	-3	left	OV3_Cisp0
chr3	54243424	54252297	9afa5c6c-6387-4221-a300-0264cb4e7287	54223437	54255321	rev	8770	-1	left	OV3_Cisp0
chr3	56767253	56780984	8d3c6466-f86d-4b27-9bfa-7c59bc3cd917	56763095	56780989	fwd	13707	-3	left	OV3_Cisp0
chr3	57340913	57354380	a39481c0-d986-4a21-8329-f009d53389c5	57340252	57359862	fwd	13430	-3	left	OV3_Cisp0
chr3	60414555	60426846	066b468b-3dc5-47d3-9e64-c37ef23b0312	60412474	60443813	fwd	12260	-3	left	OV3_Cisp0
chr3	60958088	60968674	90c84c74-cabc-4a9f-bbc6-6e332f4fc2ca	60951682	60969875	fwd	10543	-3	left	OV3_Cisp0
chr3	62362752	62375765	73fd1c9b-7099-436c-af43-1f55b87b3635	62362748	62375779	fwd	12975	-3	left	OV3_Cisp0
chr3	62495045	62504672	67547777-94c5-46a0-9628-b76141515242	62495041	62517143	fwd	9579	-3	left	OV3_Cisp0
chr3	71164326	71185281	8c80a661-61b0-456c-8e41-5308fedb5f86	71150888	71200541	rev	20933	0.125654	left	OV3_Cisp0
chr3	74412564	74422133	f7d7f69f-417d-4cc8-a261-aaf0c48022e0	74412559	74422137	rev	9528	-3	left	OV3_Cisp0
chr3	78178603	78187785	1248d965-28d7-49ab-a830-742ea0434481	78178582	78187795	fwd	9173	-3	left	OV3_Cisp0
chr3	82356193	82373465	6062cc3f-99c8-4804-a884-7c41ca57dad0	82353156	82382194	rev	17214	-3	left	OV3_Cisp0
chr3	87152029	87155736	4897abd1-3e54-4c69-b37f-75a253999f3f	87145364	87158041	fwd	3717	-1	left	OV3_Cisp0
chr3	88003601	88018786	1fc562cb-c9ec-4803-b3ec-7c2379e6255a	88002929	88018793	rev	15100	-3	left	OV3_Cisp0
chr3	89310720	89325075	5e6436ba-101b-4d43-8ab2-c38f6565096a	89310194	89325080	rev	14427	-3	left	OV3_Cisp0
chr3	89641435	89648543	e1cd0fbe-84bc-47d0-a4c8-8c76902ac433	89641429	89654098	fwd	7070	-3	left	OV3_Cisp0
chr3	98580123	98590046	7e95b5e4-1b0b-465f-82cd-1d2711730f9a	98580119	98590056	fwd	9898	-3	left	OV3_Cisp0
chr3	99915166	99920445	d1dc8c3f-10fb-4c3a-b16a-70408a9258d6	99915151	99946085	rev	5266	-3	left	OV3_Cisp0
chr3	100186979	100198731	f4796667-55dc-4cd5-adb2-8f27fa626b46	100186973	100199813	fwd	11648	-3	left	OV3_Cisp0
chr3	100350926	100357918	e29102e3-c5ee-427b-ae2f-924bdd4022f3	100350916	100361849	rev	6962	-3	left	OV3_Cisp0
chr3	104588995	104613916	577abdc8-fa7e-4835-9213-e30663a9f374	104588220	104620254	rev	24771	-3	left	OV3_Cisp0
chr3	106111116	106117790	1e1d35de-a8ce-4366-ac5d-7802d9538451	106104097	106117798	fwd	4956	-1	left	OV3_Cisp0
chr3	107677870	107693912	377a4713-4b98-4b7a-98b2-bb485c458359	107657364	107698257	rev	15959	0.272297	left	OV3_Cisp0
chr3	109702662	109717298	8aafb86f-ba0b-4e58-b58c-8a6d291dc505	109702656	109722702	rev	14545	-3	left	OV3_Cisp0
chr3	110471177	110479212	9c1b90eb-45c1-491f-968e-60447559750c	110471172	110479221	fwd	7963	-3	left	OV3_Cisp0
chr3	112253744	112259930	da5d1657-e9ec-4c25-80dc-55aa563d06e8	112252486	112269054	fwd	6184	-3	left	OV3_Cisp0
chr3	115079820	115089525	e5aa57de-806f-4d07-8989-986644da5d9d	115079224	115093525	rev	9602	-3	left	OV3_Cisp0
chr3	119576761	119589235	9aed01ff-fec2-401c-9322-1f81a60fff97	119575780	119591693	rev	12463	-3	left	OV3_Cisp0
chr3	119977595	119994785	414ef0cc-de3c-4cee-9230-4ec59fa7b0e7	119967558	120003852	fwd	17098	0.00576	left	OV3_Cisp0
chr3	121592296	121602276	e206d68a-7aba-4591-ab27-cf29bed5935b	121592288	121635156	rev	9963	-3	left	OV3_Cisp0
chr3	122083924	122100424	e646114b-3ba9-4eb1-a9c6-df760318304f	122079171	122109134	fwd	16417	-3	left	OV3_Cisp0
chr3	124301228	124312361	68a60c94-8a50-4264-b47d-0b3cbbfd13c8	124293662	124317375	rev	11110	-3	left	OV3_Cisp0
chr3	129072189	129083842	c26b504b-6f05-47e2-809c-d1e3fbafc8a5	129066331	129083849	fwd	11668	-3	left	OV3_Cisp0
chr3	133418285	133431875	fcc2045d-2f05-43f2-9cc1-858fae976009	133406430	133443885	fwd	14021	0.379718	left	OV3_Cisp0
chr3	134200042	134207251	eba545da-d449-4577-b69b-b819e1240558	134200038	134207258	fwd	7184	-3	left	OV3_Cisp0
chr3	134228805	134242888	b2e0084b-5832-4924-9341-321dde8dbc3b	134227344	134242892	rev	14060	-3	left	OV3_Cisp0
chr3	135805920	135815645	47e6ea3b-dcb6-4160-b773-2b2089b550f4	135804372	135815656	rev	9647	-3	left	OV3_Cisp0
chr3	137602535	137618947	120fd1b6-3cc2-49fb-8d6b-ab7c16911aa7	137601972	137627395	rev	16240	-3	left	OV3_Cisp0
chr3	138555452	138562889	1a3ee38a-b109-4887-8472-02cd67b877d8	138555439	138562893	rev	7346	-3	left	OV3_Cisp0
chr3	139231777	139236546	8aaf83c9-07cd-403a-87bb-220fd499119b	139231753	139238993	rev	4703	-3	left	OV3_Cisp0
chr3	141204060	141210623	988b146e-b8b0-41e4-91cf-5dc98ab9f9bf	141204056	141221259	fwd	6538	-3	left	OV3_Cisp0
chr3	142081425	142085679	78ccbb57-918b-4c96-966e-2f0fa441436e	142081419	142093336	rev	4227	-3	left	OV3_Cisp0
chr3	142464906	142473136	da9c925a-9ff5-478d-b2e3-3b79426bbb64	142464899	142473179	fwd	8293	-3	left	OV3_Cisp0
chr3	145792477	145807503	5f2279bc-8552-45a0-b731-e2469921132f	145792471	145815088	fwd	14970	-3	left	OV3_Cisp0
chr3	147926154	147932190	b8959936-267f-41c5-bd30-c666c6883ac6	147916527	147932204	fwd	5978	-1	left	OV3_Cisp0
chr3	148460007	148469815	df8a50d1-113c-42df-8949-4dad414dad03	148460002	148477879	rev	9769	-3	left	OV3_Cisp0
chr3	149594392	149606576	f6135bd6-a575-4e4d-a50c-a5ecc1a8c887	149594387	149606582	rev	12053	-3	left	OV3_Cisp0
chr3	150171869	150184024	46c02a8a-9bee-4a2f-b758-4c3fd8f68bec	150169778	150190798	rev	12079	-3	left	OV3_Cisp0
chr3	152080784	152087008	2ffaff8b-8fa2-4c55-9e82-cc778c7c6675	152079386	152087013	rev	6222	-3	left	OV3_Cisp0
chr3	158005626	158018948	159a58ca-ad1e-43f3-82a0-c22fd4be0cc2	157998211	158018953	rev	13253	0.14742	left	OV3_Cisp0
chr3	159245454	159252574	441c8177-1f5e-4cb5-a503-6fd91c3f4faf	159234281	159253862	rev	7080	-2	left	OV3_Cisp0
chr3	160503827	160512158	99508547-0376-4d08-a5ee-e2d412b27acb	160502288	160514057	rev	8289	-3	left	OV3_Cisp0
chr3	166346927	166355255	40bbd6b7-16f2-4da6-adca-2b7396e78350	166320146	166395420	rev	8322	0.004375	left	OV3_Cisp0
chr3	169248651	169260659	dee14248-e898-4192-a340-53727d8a7bf1	169248642	169261741	rev	11836	-3	left	OV3_Cisp0
chr3	169617449	169625025	0623c3ab-6e7d-48b9-af9a-8e8fdd72cbd5	169617441	169625030	fwd	7541	-3	left	OV3_Cisp0
chr3	171438891	171447364	25232446-f3e9-4166-ba83-4847e5045205	171438597	171473641	rev	8497	-3	left	OV3_Cisp0
chr3	171675795	171686084	2cc0b605-f9df-49ee-9900-bf5537f5b6f1	171650844	171701432	rev	10146	0.67823	left	OV3_Cisp0
chr3	176736482	176744064	f61deee4-f47e-4aa2-a3be-d6211257af4b	176736475	176756985	rev	7517	-3	left	OV3_Cisp0
chr3	176748619	176757778	25a102fd-0b16-4973-9d95-4e69055b7d1a	176740507	176757785	rev	9067	0.11118	left	OV3_Cisp0
chr3	176904969	176914999	98814a27-8174-4eef-99aa-52440ba43e66	176904951	176925408	fwd	9980	-3	left	OV3_Cisp0
chr3	178002163	178006004	6c67e3a5-5ca0-4d41-887a-9e1f416f5967	177996068	178006009	rev	3829	-1	left	OV3_Cisp0
chr3	179064420	179076650	be973322-5f06-4ebc-883a-01ef88b7e952	179063203	179077795	rev	12135	-3	left	OV3_Cisp0
chr3	181485021	181495411	94ea7176-ab79-43ba-a37a-1a8561f30dee	181480149	181497201	fwd	10365	-3	left	OV3_Cisp0
chr3	181648601	181658830	0f383fa1-e24f-46fd-9daf-bfa688bd807a	181648597	181663395	fwd	10156	-3	left	OV3_Cisp0
chr3	188823102	188841016	0734089b-cdd6-417c-be28-0eb74b8e08bb	188822568	188856786	fwd	17738	-3	left	OV3_Cisp0
chr3	189316931	189324791	78840f5d-2ef4-4cac-af60-911127ddb586	189316910	189325300	rev	7822	-3	left	OV3_Cisp0
chr3	190266896	190281333	2930ba40-cd9d-4fb8-a4bd-269dd450784e	190266882	190281338	rev	14438	-3	left	OV3_Cisp0
chr3	191906276	191923320	4cba4790-8120-4f09-a6eb-60463db16a86	191906268	191929382	rev	16981	-3	left	OV3_Cisp0
chr3	196028364	196034342	b612d42e-2e5d-4cc5-a4ea-85760c044d23	196028359	196043869	rev	5955	-3	left	OV3_Cisp0
chr4	2485098	2489302	2d73d0a8-2843-448e-b25f-af92726e3bdd	2484799	2496261	fwd	4175	-3	left	OV3_Cisp0
chr4	4156628	4169737	53f8497b-6fc4-4bef-9e43-b6e48bee2c24	4156622	4169746	fwd	13131	-3	left	OV3_Cisp0
chr4	5868366	5879532	56b14157-83ce-4bff-8b7f-2690f33a6b4e	5868356	5885371	fwd	11125	-3	left	OV3_Cisp0
chr4	7748720	7755130	c987d795-1f3c-464f-86cc-00c33d539a59	7744830	7755895	rev	6497	-3	left	OV3_Cisp0
chr4	7823597	7845401	978d0393-1c28-4eea-8963-0b1a23b3ed86	7814144	7861784	rev	21768	0.215166	left	OV3_Cisp0
chr4	16989297	17001967	6c23faa5-2e8e-4b91-967d-f7148a8b46b8	16989080	17001972	rev	12646	-3	left	OV3_Cisp0
chr4	17185779	17191417	b1b5e700-e1b0-481e-af08-b659f15ff966	17185775	17191422	fwd	5614	-3	left	OV3_Cisp0
chr4	23633888	23643450	4f5bb9ea-0b37-481d-a743-addd6ebe8a0a	23633876	23643455	rev	9502	-3	left	OV3_Cisp0
chr4	24379111	24395899	d062bcd0-0c1c-4f26-94df-a25cedbc5369	24379103	24416725	fwd	16670	-3	left	OV3_Cisp0
chr4	30212428	30228465	f5c043b4-e49f-43b4-a066-fe98610cb987	30212078	30231669	rev	15984	-3	left	OV3_Cisp0
chr4	37376805	37387159	5d2238e7-b261-43a3-bad5-38e23e0674c6	37376801	37387168	fwd	10275	-3	left	OV3_Cisp0
chr4	45007427	45015993	0c62bad8-f3ef-4673-a749-5094be0df0b7	45007422	45019073	rev	8562	-3	left	OV3_Cisp0
chr4	46163673	46176915	644729ab-6206-4596-b51f-886cb63dccf7	46162617	46184316	rev	13174	-3	left	OV3_Cisp0
chr4	47112728	47119411	63a41116-94fa-48d4-acd1-7d3f02550759	47112157	47121769	rev	6685	-3	left	OV3_Cisp0
chr4	49103752	49109248	79cb5374-9c35-4426-8f53-9827c4036507	49101588	49111052	rev	5167	-3	left	OV3_Cisp0
chr4	49118393	49131220	61f7b1f1-7e93-4f56-bb3d-3c8c452c31da	49100735	49156637	rev	2368	0.360048	left	OV3_Cisp0
chr4	49121936	49126760	d24b7e15-b2d3-494c-b39c-c13f689488f4	49111601	49143536	rev	3540	-1	left	OV3_Cisp0
chr4	49126308	49131491	5170df7f-f91d-47ab-ac8f-816678107a32	49117503	49140082	rev	4331	-3	left	OV3_Cisp0
chr4	49121988	49127187	d9a89cba-8326-4220-beb7-1428d27be158	49117434	49152864	fwd	4944	-3	left	OV3_Cisp0
chr4	49130176	49139326	d9a89cba-8326-4220-beb7-1428d27be158	49117434	49152864	fwd	9215	-1	left	OV3_Cisp0
chr4	49285329	49304776	50f76bb1-9e3d-49c7-a77e-f57778be8e10	49279006	49309027	fwd	18957	-3	left	OV3_Cisp0
chr4	49651312	49653737	9590c999-c4db-4001-8a4b-bdb1caaa02e4	49643912	49658098	fwd	2944	-1	left	OV3_Cisp0
chr4	54936306	54943807	e00f6c96-32a5-48a2-a2c5-26ba4f63d234	54936298	54947054	fwd	7230	-3	left	OV3_Cisp0
chr4	55397325	55417716	402afccd-5297-4a2d-8065-7fc3dc8259d3	55392596	55417727	fwd	20368	-3	left	OV3_Cisp0
chr4	55893999	55900881	17f5d011-b224-4b7e-b049-6a676dc522ed	55892993	55902788	rev	6837	-3	left	OV3_Cisp0
chr4	58712773	58722777	7c16e32a-a372-4e39-a7c0-876815aa6db1	58700322	58723537	fwd	9979	0.360688	left	OV3_Cisp0
chr4	66979013	66994814	2eeac759-149d-430d-a12b-e3847a6c5f06	66977758	67004704	rev	15678	-3	left	OV3_Cisp0
chr4	69865695	69878472	e5ade9d7-02dc-4fc4-a66d-bcdcfc5d21f9	69865475	69902855	fwd	12696	-3	left	OV3_Cisp0
chr4	75944335	75955079	080e9b20-9f8a-49a1-a0aa-18fc1e7fcfcb	75939782	75956377	rev	10719	-3	left	OV3_Cisp0
chr4	77790093	77798762	0d578048-beda-495d-8503-f02331848b62	77790088	77801150	rev	8621	-3	left	OV3_Cisp0
chr4	85740209	85745576	7f5f710c-f186-41d8-8230-5617803ac5c8	85740205	85767674	fwd	5277	-3	left	OV3_Cisp0
chr4	92154406	92177946	a287ff82-6287-40fc-afb9-e1deb2ce6786	92154401	92177951	fwd	23420	-3	left	OV3_Cisp0
chr4	92793170	92800244	a4301e05-32ca-4e8c-8746-1229638b5997	92793164	92829704	fwd	7049	-3	left	OV3_Cisp0
chr4	97183657	97191697	fd30144e-db1e-4502-ae9a-f9a46f95cfa7	97180895	97194740	rev	8021	-3	left	OV3_Cisp0
chr4	101749759	101756087	3d7a344d-7018-402d-8588-3d9675715ab4	101748131	101756102	fwd	6319	-3	left	OV3_Cisp0
chr4	102487541	102503591	bbdd1c28-0b1b-4762-8a03-77838bb7e332	102487086	102515664	fwd	16034	-3	left	OV3_Cisp0
chr4	109920971	109929823	a58a682f-a1d7-4c42-9757-5fe3aa2d8102	109920955	109930795	rev	8851	-3	left	OV3_Cisp0
chr4	118829170	118846830	554d415a-ec3e-40ad-9280-86e43a9366e4	118829165	118847234	fwd	17544	-3	left	OV3_Cisp0
chr4	126107333	126114817	48191724-7c7a-4f55-b591-d82cd1ae3dcd	126107309	126129484	rev	7471	-3	left	OV3_Cisp0
chr4	127860122	127867384	19156a6a-edc8-4db8-800c-04a910d3ba84	127860116	127869549	rev	7235	-3	left	OV3_Cisp0
chr4	141942932	141950989	ac0a9c59-b5af-4187-b90d-66b6f47cc2c3	141936891	141958690	rev	8029	-3	left	OV3_Cisp0
chr4	148024990	148035150	bc7418d9-97a0-4c86-a1a6-0f4a7bb0483e	148017835	148035156	fwd	10112	0.628974	left	OV3_Cisp0
chr4	150715305	150725187	4a5c76d4-cca9-4890-be96-08bdc7160598	150715186	150733861	fwd	9860	-3	left	OV3_Cisp0
chr4	151873479	151878048	4c055210-4445-401d-968f-0e1937699550	151872997	151881760	rev	4561	-3	left	OV3_Cisp0
chr4	156435374	156441848	0169eff9-394f-4750-b1bf-7ebd87ceb81f	156435369	156445648	rev	6402	-3	left	OV3_Cisp0
chr4	157779006	157792990	52bd06d4-ddb8-4083-b1dd-d08a9cc0cf64	157778999	157796972	rev	13962	-3	left	OV3_Cisp0
chr4	159329559	159336242	85e68b69-b432-408e-86fe-ad2b8991ff09	159329552	159338897	rev	6640	-3	left	OV3_Cisp0
chr4	161516028	161526533	52273cad-906c-4d98-947f-eed355842763	161516024	161526539	fwd	10464	-3	left	OV3_Cisp0
chr4	163290661	163300232	a649b74f-a1a9-4bf7-b1b2-fdb8d90b74dd	163289693	163300236	rev	9572	-3	left	OV3_Cisp0
chr4	167976406	167984538	75672e10-86ad-40e8-ae87-098ea5e66157	167957877	167995697	fwd	8127	0.198387	left	OV3_Cisp0
chr4	177063346	177073114	3dccb64f-92a3-4b0a-a6ab-f68e1aea15ca	177063341	177073119	rev	9694	-3	left	OV3_Cisp0
chr4	178234075	178237573	a535e148-8394-4870-b00c-6f30cb5636c6	178234067	178243815	rev	3485	-3	left	OV3_Cisp0
chr4	179088552	179098998	23430331-cffa-40c7-9f6d-c99774d37d02	179088528	179099005	rev	10435	-3	left	OV3_Cisp0
chr4	183535587	183545836	5b96af25-5ced-4ad8-84af-3524fffd23e3	183528128	183548987	fwd	10217	-3	left	OV3_Cisp0
chr4	185706849	185719062	32f1ad7a-11d4-4943-9a0a-9b27fcd3887f	185706845	185722334	fwd	12069	-3	left	OV3_Cisp0
chr4	186738744	186747642	e6d6c222-fcba-4561-9ff3-af1126c23daf	186738720	186790443	rev	8901	-3	left	OV3_Cisp0
chr5	5166330	5177789	ca932184-e6c8-469b-b788-f4a3104e5cef	5166313	5179467	fwd	11430	-3	left	OV3_Cisp0
chr5	5196624	5208493	3211365c-3111-4dd4-ba26-e22f1c683246	5196617	5208497	rev	11747	-3	left	OV3_Cisp0
chr5	5468473	5482306	ba63f6c0-51b0-45fc-b9a4-7dcb2dc39524	5468468	5483439	rev	13823	-3	left	OV3_Cisp0
chr5	6621337	6630017	497ee9b3-db58-4d36-895f-89544591d64a	6621329	6637607	fwd	8692	-3	left	OV3_Cisp0
chr5	9211766	9228091	cbc28c9c-2a98-4212-ab27-72b0b26c9c72	9211748	9243015	fwd	16238	-3	left	OV3_Cisp0
chr5	9331575	9343086	a8509401-8db1-4d13-83b7-3cd9a1a942ec	9331571	9346149	fwd	11445	-3	left	OV3_Cisp0
chr5	9521759	9535385	6478328c-dc1f-47aa-b77b-0316d772b997	9521742	9542972	rev	13536	-3	left	OV3_Cisp0
chr5	9825043	9839947	4de2f1bb-5556-44ba-a47f-a1858a2298b3	9824239	9850140	fwd	14909	-3	left	OV3_Cisp0
chr5	10079968	10085578	47b23c51-ade1-4f4d-a4a6-685c3ca22510	10079953	10095990	fwd	5562	-3	left	OV3_Cisp0
chr5	11376523	11382406	471d87c7-d89d-4fd7-a3ea-7fecea6d15e8	11360586	11388055	fwd	5850	0.125827	left	OV3_Cisp0
chr5	11402207	11406083	8e0c1a97-b817-4dbf-b3b4-8a4b0911c6eb	11402203	11423966	fwd	3874	-3	left	OV3_Cisp0
chr5	13252187	13264653	d07e4997-ef70-4a91-9d3d-787dc59f3406	13252174	13302075	rev	12362	-3	left	OV3_Cisp0
chr5	13564222	13570534	b45ff076-5e95-4763-8b7c-db6178d68bae	13564218	13594298	fwd	6291	-3	left	OV3_Cisp0
chr5	16354972	16363257	5643f398-970b-472b-ac77-7959ea757e06	16346282	16381229	fwd	8248	0.914103	left	OV3_Cisp0
chr5	16412614	16420833	a40ba885-9059-4621-98d6-46827615b7aa	16412603	16424015	fwd	8189	-3	left	OV3_Cisp0
chr5	16473553	16487788	db9449bb-d142-459f-a687-849a4d0fb464	16472573	16493939	rev	14177	-3	left	OV3_Cisp0
chr5	16582046	16588179	d5ef6b73-36ba-499b-a940-5e98327d862d	16582040	16589234	rev	6101	-3	left	OV3_Cisp0
chr5	19795078	19806037	2bf81b63-c83b-4653-a4f2-af7806baa5c5	19792654	19810401	fwd	10964	-3	left	OV3_Cisp0
chr5	22501022	22512504	1d4869aa-b8fe-412a-aa05-27ee628d61c1	22464002	22515028	fwd	11430	-1	left	OV3_Cisp0
chr5	23348163	23354244	05026e8a-5dd0-4b25-ac76-8471461edf0b	23348147	23363916	rev	6088	-3	left	OV3_Cisp0
chr5	25941640	25949994	ecc91bd0-d5f9-4928-8e25-9f8e29b354a6	25940712	25955159	rev	8312	-3	left	OV3_Cisp0
chr5	27701124	27735236	d0abe130-a90a-4ce2-ae6d-99e55340ec9d	27701114	27735570	rev	33962	-3	left	OV3_Cisp0
chr5	28145805	28155259	63fa5e3b-76ff-4d9d-a2d4-b735291900e0	28145801	28156705	fwd	9481	-3	left	OV3_Cisp0
chr5	30369694	30379267	c8b23bdb-bc12-45cf-922e-9b29c5053abb	30369686	30379906	fwd	9588	-3	left	OV3_Cisp0
chr5	33277644	33288870	9bc9f47a-9aa8-415c-ba8e-c6455266550d	33262284	33314628	rev	11249	0.26901	left	OV3_Cisp0
chr5	34461846	34475842	f6c7d2e6-8852-410d-8e29-dce8190cdd78	34461841	34495821	rev	13835	-3	left	OV3_Cisp0
chr5	36402554	36416034	85009d40-f7d5-46ff-b4ad-d6e68d8df600	36398367	36416040	fwd	13446	-3	left	OV3_Cisp0
chr5	38290212	38299241	9889c005-1ecd-46c9-bdff-eb47ec63b050	38289315	38327500	fwd	8921	-3	left	OV3_Cisp0
chr5	41632944	41641372	321a4ab3-8825-4b0e-aaa2-63406cbe3799	41632938	41641377	fwd	8368	-3	left	OV3_Cisp0
chr5	42566432	42588471	aa1ce72e-86c3-48e8-b257-df1ed01169b0	42558043	42588481	rev	22067	0.070638	left	OV3_Cisp0
chr5	45056151	45063789	39a75284-1dda-495f-a141-ab73572c08cb	45054754	45102034	fwd	7617	-3	left	OV3_Cisp0
chr5	46390018	46398367	46fbd5fb-5e20-4966-83c6-85b05391526b	46390011	46398377	rev	8339	-3	left	OV3_Cisp0
chr5	49658570	49661854	94a8c165-6847-40eb-903f-92ad266fe1ea	49656261	49661859	fwd	3738	-3	left	OV3_Cisp0
chr5	50329139	50333879	ad85ea46-2cf7-481b-9dc4-d95d755cd961	50329131	50393342	rev	4675	-3	left	OV3_Cisp0
chr5	52129718	52137930	8d801e95-988e-447d-92d0-c3e82f86956b	52129707	52137936	fwd	8159	-3	left	OV3_Cisp0
chr5	52569581	52574942	a4e83855-6801-4b71-a86d-5d0c1805d433	52569572	52607586	rev	5317	-3	left	OV3_Cisp0
chr5	53410670	53417239	b91baddb-a329-4962-bc81-b3dd6980d028	53409314	53452116	fwd	6576	-3	left	OV3_Cisp0
chr5	59668126	59676141	2a8b51da-75c7-4fb7-9568-770e9d9b34b4	59668118	59698252	fwd	7976	-3	left	OV3_Cisp0
chr5	62193225	62209226	1e20f211-b131-45a7-a227-377e9b872ce5	62192676	62219418	rev	15959	-3	left	OV3_Cisp0
chr5	65612865	65626059	9f67db65-6f71-4a77-99e6-6e8f66d3b24f	65608214	65639340	rev	13149	-3	left	OV3_Cisp0
chr5	67260602	67278792	81483005-bfcb-4468-adc7-f6c2e42f654d	67260317	67278796	rev	18470	-3	left	OV3_Cisp0
chr5	68084238	68091262	14061715-ddba-45ae-b206-a8b7f9f93cb7	68062806	68096326	fwd	6966	-2	left	OV3_Cisp0
chr5	72251265	72262250	b68649cc-d696-49a6-806a-4dd732f66e97	72251023	72262775	fwd	10926	-3	left	OV3_Cisp0
chr5	72750630	72768669	32241255-b8af-4e23-bf1b-fce37bcc2408	72744924	72804241	fwd	17926	-3	left	OV3_Cisp0
chr5	76559614	76565371	73661e1c-9707-4bed-b4b4-e3f9c01b017e	76559610	76578120	fwd	5661	-3	left	OV3_Cisp0
chr5	77671066	77681443	a0739101-8b71-4b09-b142-612117e3cfd0	77646452	77681449	fwd	10341	0.197839	left	OV3_Cisp0
chr5	79876437	79896481	cd1d4594-ccd6-4547-a046-f4e488a6d7af	79875916	79899437	rev	19936	-3	left	OV3_Cisp0
chr5	81117674	81129405	a985e790-97dd-4e41-b965-584a7da021e7	81116698	81130714	fwd	11679	-3	left	OV3_Cisp0
chr5	85221861	85235237	ee3b7262-d734-49d1-82f3-2245dcfd4838	85221849	85240256	rev	13366	-3	left	OV3_Cisp0
chr5	88320287	88342954	7254f159-f168-415f-8bf2-d8fc18648886	88316490	88347328	rev	22538	-3	left	OV3_Cisp0
chr5	88805540	88818247	1084417b-6578-4088-9366-998a87b50a08	88804687	88818251	rev	12694	-3	left	OV3_Cisp0
chr5	90314414	90323132	ab4cf625-d1fc-46cd-8913-7f9bb71f344a	90299095	90329159	rev	8659	0.159258	left	OV3_Cisp0
chr5	90875036	90905075	c87a54e3-add3-4fe1-9e03-bfc1cb26e3ec	90869619	90905872	fwd	29778	-3	left	OV3_Cisp0
chr5	101459234	101472757	49f74a7c-1e34-495b-baae-acdee1b9a049	101459228	101472761	rev	13449	-3	left	OV3_Cisp0
chr5	104281262	104293129	2b4382bb-55a2-4024-8b0c-dff1e3ce55aa	104281256	104293215	rev	11865	-3	left	OV3_Cisp0
chr5	106181542	106187245	ee5bc279-ab32-4be5-9a06-639a95120617	106168068	106188509	fwd	5636	0.680002	left	OV3_Cisp0
chr5	110439707	110445523	fbbea267-284f-4999-affd-2f4f422be5e7	110439699	110472850	rev	5744	-3	left	OV3_Cisp0
chr5	111144768	111153283	3cf3c867-da4f-4aeb-87c2-a40f3cbdaf77	111144759	111159072	fwd	8486	-3	left	OV3_Cisp0
chr5	113281757	113294238	3424c9c6-65fb-4d01-9c9e-96b17464914a	113281740	113302230	fwd	12506	-3	left	OV3_Cisp0
chr5	114389826	114407983	cdec1241-4864-46ff-bedd-24ff3705cb25	114386876	114407994	rev	18176	-3	left	OV3_Cisp0
chr5	114819467	114832211	d894ae6c-4c21-4f9d-8b4f-94a42544d5a8	114819462	114832215	rev	12736	-3	left	OV3_Cisp0
chr5	118190008	118205612	e7b19ee1-806b-4cab-84ef-d1bea26f4b64	118190002	118226508	fwd	15576	-3	left	OV3_Cisp0
chr5	122447619	122453791	38ab9480-b2c5-4e96-be4a-c6d6698e25b7	122447610	122462488	rev	6123	-3	left	OV3_Cisp0
chr5	124314423	124326331	dbb4ad7a-8a0e-4206-8dcb-041202e44847	124313905	124346351	rev	11880	-3	left	OV3_Cisp0
chr5	127815699	127836636	e977eed1-acef-40e5-888a-4c106809f60f	127812200	127839752	fwd	20900	-3	left	OV3_Cisp0
chr5	133385616	133396967	ec664450-6994-4acc-ab71-f1973007312c	133378103	133396973	rev	11258	0.059586	left	OV3_Cisp0
chr5	135267963	135280438	723ce6ac-6a8f-4505-9f6a-57d764def9d4	135265831	135280572	fwd	12511	-3	left	OV3_Cisp0
chr5	142613539	142626465	c1ae3822-d7ab-4ea8-825e-db7a30df5265	142608222	142628058	fwd	12917	-3	left	OV3_Cisp0
chr5	151562677	151574482	3772c7e8-2418-49f9-8a5c-5a575f19ede6	151561836	151585014	fwd	11767	-3	left	OV3_Cisp0
chr5	153488164	153497262	3282c977-b514-45e6-8734-86212da4075b	153488127	153498732	rev	9032	-3	left	OV3_Cisp0
chr5	154627287	154636257	8b642559-c904-4e26-b83e-a1edf14025a7	154627281	154645827	rev	8956	-3	left	OV3_Cisp0
chr5	163019341	163027398	c3dae00e-646d-4bf0-90fa-57cabe5fa35f	163019333	163038071	rev	8025	-3	left	OV3_Cisp0
chr5	163127076	163139750	f8aa8914-7b9a-410b-962f-bcffd6873849	163126535	163139754	rev	12648	-3	left	OV3_Cisp0
chr5	174050974	174056120	5abaed00-4861-4db6-a611-95abacd2582d	174050969	174068214	fwd	5130	-3	left	OV3_Cisp0
chr6	1912742	1922313	618eb27a-026a-4216-a0ad-f722964062b9	1911067	1927939	fwd	9516	-3	left	OV3_Cisp0
chr6	1999908	2007421	9d74ade4-28d6-4828-b769-e7bcd0d60902	1999903	2012983	fwd	7499	-3	left	OV3_Cisp0
chr6	3488461	3496903	48996740-ac7b-4a1a-a93c-9b9ac41652b5	3488453	3501893	rev	8299	-3	left	OV3_Cisp0
chr6	3702611	3715969	cb8e264f-5029-4eba-9eb2-573c45c007f3	3693591	3718508	rev	13198	0.150118	left	OV3_Cisp0
chr6	13694263	13704616	743c3f98-19c4-4a40-b841-0a4f467716fa	13689651	13714305	fwd	10320	-3	left	OV3_Cisp0
chr6	16708585	16731214	48c64354-e06a-4059-86ed-f71166c5c216	16707825	16731223	rev	22534	-3	left	OV3_Cisp0
chr6	17188534	17200285	5c1d82fc-6722-4c9b-904c-73ca658947f8	17186979	17200289	rev	11722	-3	left	OV3_Cisp0
chr6	23601790	23619213	f05d3420-3cf3-41f0-ac93-4fed96211f31	23580951	23624380	rev	17199	0.091865	left	OV3_Cisp0
chr6	25013185	25024495	22df39e9-ac5a-4540-984a-37ff42ad9b13	25011941	25026672	rev	11305	-3	left	OV3_Cisp0
chr6	26852041	26857234	988c9cc7-2d89-4e92-bff3-cf68569ec454	26847334	26865907	rev	5112	-1	left	OV3_Cisp0
chr6	35259886	35273677	a5b6ab18-d982-426b-ba57-5d2fa9716c3b	35258019	35276309	rev	13672	-3	left	OV3_Cisp0
chr6	41030736	41041351	c40d2ee3-aafb-4396-9ebd-26a919f37b1a	41030730	41042082	fwd	10592	-3	left	OV3_Cisp0
chr6	41433822	41445422	46cbf326-d5e7-447b-9d0b-ba3f00a0ff48	41409624	41452174	fwd	11576	0.837629	left	OV3_Cisp0
chr6	44826000	44833314	21735826-015c-411d-ac03-d08ffc914479	44813200	44833953	fwd	7246	0.306518	left	OV3_Cisp0
chr6	47220899	47237611	9a15f958-4144-4d77-b0fe-73e17b9f4e59	47211853	47242424	fwd	16623	0.04395	left	OV3_Cisp0
chr6	51110053	51139828	8b7eae95-1ed8-4997-8c03-00f419007517	51108035	51147397	fwd	29616	-3	left	OV3_Cisp0
chr6	51342890	51352714	004d2237-536c-473e-b3e1-24c4156e586d	51342755	51367410	rev	9774	-3	left	OV3_Cisp0
chr6	52622852	52630745	fc13d9b8-f9a6-4515-a9fb-6cb8f5d4b1be	52589694	52630763	fwd	7877	-3	left	OV3_Cisp0
chr6	55889818	55915011	f93a21c4-6175-47b1-860b-676f377a358e	55889813	55918134	rev	25138	-3	left	OV3_Cisp0
chr6	70303827	70313194	b49f0d26-7e36-4e7a-a2d3-10ab6d0fd5b6	70303818	70314459	rev	9304	-3	left	OV3_Cisp0
chr6	72873359	72893169	78ddcbac-b818-48d6-bc40-f963b4d233a5	72873345	72929069	rev	19762	-3	left	OV3_Cisp0
chr6	73507876	73516899	45167189-e763-4bf8-88e1-78207f151763	73507851	73522620	fwd	9028	-3	left	OV3_Cisp0
chr6	78236200	78246107	eee4b442-1f0d-410e-ad86-c0c137acba8c	78236196	78255119	fwd	9899	-3	left	OV3_Cisp0
chr6	91742745	91754146	03accb85-9390-4295-88cd-ac66344f1810	91742731	91756173	fwd	11250	-3	left	OV3_Cisp0
chr6	99218826	99228314	e84fca6b-3819-4712-aa6a-e761a6367198	99217523	99242333	rev	9474	-3	left	OV3_Cisp0
chr6	100139812	100152198	f5f4298f-5609-4fe4-a365-c7888ca219ae	100132297	100152204	fwd	12310	0.054867	left	OV3_Cisp0
chr6	106732526	106741164	9b6de719-f389-4c5e-9221-d4d32bacf8eb	106732513	106751709	rev	8581	-3	left	OV3_Cisp0
chr6	108067753	108088749	ff21b395-7206-4cc6-85f7-666a3dcb655d	108055333	108098435	fwd	20841	0.176625	left	OV3_Cisp0
chr6	110739086	110753206	1ebe3d4b-734a-4685-a276-085722adf0c2	110727049	110766715	rev	14085	0.275887	left	OV3_Cisp0
chr6	112388331	112407479	e93ecf64-65dc-45f8-abc1-f8128145e95d	112386076	112411333	fwd	18944	-3	left	OV3_Cisp0
chr6	113416985	113430038	545607ab-08ad-4c9e-9962-7350780ab49c	113416974	113430043	rev	12942	-3	left	OV3_Cisp0
chr6	114004747	114015306	4c623565-b227-439d-8f81-95a0774613fb	114004742	114015310	rev	10468	-3	left	OV3_Cisp0
chr6	117068532	117074893	a3fc5128-ff3b-4acd-9796-16b9fd37acc4	117068524	117074898	rev	6334	-3	left	OV3_Cisp0
chr6	120255900	120284398	79e5bf6f-0ce6-4101-94f3-35618d358532	120254298	120300363	fwd	28642	-3	left	OV3_Cisp0
chr6	121879052	121888378	c7ef469c-85ab-47e8-b295-a97435fb0ed8	121861525	121911644	fwd	9279	-1	left	OV3_Cisp0
chr6	124268350	124278274	00b1fb56-598a-4723-82b4-16aa103022b3	124265422	124281979	rev	9900	-3	left	OV3_Cisp0
chr6	124300804	124320051	5891690a-0e1f-4f53-8775-11244dea649f	124300799	124320058	fwd	19156	-3	left	OV3_Cisp0
chr6	133721978	133731435	52e0f209-8a93-4325-8cb6-fc60251bbe12	133721973	133748248	rev	9417	-3	left	OV3_Cisp0
chr6	133787830	133801986	c5cb2d4f-49d2-42f7-964d-9878db4217b5	133787824	133802862	rev	14148	-3	left	OV3_Cisp0
chr6	139680561	139688644	e0bbf786-dd22-4dda-9aa1-f8cf166e3fe5	139680556	139699459	rev	8007	-3	left	OV3_Cisp0
chr6	140734697	140741452	be62ccd1-bf91-4a6e-a9be-241847bf514e	140734692	140741460	fwd	6745	-3	left	OV3_Cisp0
chr6	142115093	142126145	8fcec37c-cc73-44fb-969c-5a00572932bc	142113715	142130989	rev	11022	-3	left	OV3_Cisp0
chr6	145488478	145491745	587b5dd4-fd3d-40b2-9e15-d1f9c7463461	145480038	145509840	fwd	3230	-1	left	OV3_Cisp0
chr6	146544918	146552830	ca231d69-892a-42e2-9b9c-be75797d4704	146544911	146559086	rev	7869	-3	left	OV3_Cisp0
chr6	148173199	148188866	b6449754-d3ce-403d-8280-e5098a3c5aec	148173181	148191774	rev	15653	-3	left	OV3_Cisp0
chr6	150694400	150702785	a56e906c-19c7-416c-b164-0e1c367d189e	150694396	150712994	fwd	8315	-3	left	OV3_Cisp0
chr6	157350761	157361113	b45685a0-f466-4335-86e3-e39d5755b490	157350751	157361119	fwd	10280	-3	left	OV3_Cisp0
chr6	165671155	165686558	a2153a4e-f355-4301-9d0f-fc8c594a9df8	165655183	165694459	fwd	15881	0.067623	left	OV3_Cisp0
chr6	166146192	166163993	4d7871ac-f2b1-4179-8644-e382ea31ad01	166145242	166183244	fwd	17787	-3	left	OV3_Cisp0
chr7	9824904	9841588	6332605c-f038-4bd9-919f-4691c2f91314	9824896	9871249	fwd	16597	-3	left	OV3_Cisp0
chr7	14752861	14760693	b2ab54c6-d4ce-4448-b74b-7884eff6a344	14752856	14764889	fwd	7838	-3	left	OV3_Cisp0
chr7	15489958	15495803	1d5885aa-2cce-49f8-919c-ee926ab53f3b	15489946	15495808	fwd	5781	-3	left	OV3_Cisp0
chr7	15815565	15828738	5c719ed1-67a7-40c0-b53a-d2c79d1d1626	15815554	15828744	rev	13113	-3	left	OV3_Cisp0
chr7	19782735	19799218	dc24b377-0407-4a57-865e-383d8394744e	19782728	19799225	rev	16410	-3	left	OV3_Cisp0
chr7	20103657	20113794	9f271fa4-d842-4cc6-951a-bff13f2a74b8	20103652	20113805	fwd	10097	-3	left	OV3_Cisp0
chr7	21456005	21463944	43ae0014-2366-4d40-b525-9c2e7df02c53	21441341	21472049	fwd	7864	-1	left	OV3_Cisp0
chr7	26511634	26529514	c42d08c7-03e7-4710-ae04-b644f4ed93f8	26501109	26529519	fwd	17807	0.105604	left	OV3_Cisp0
chr7	31797894	31807111	fc41b800-893d-43c8-b684-056a7107d1d6	31797880	31807118	rev	9198	-3	left	OV3_Cisp0
chr7	32033044	32041090	3e518182-4a86-40d9-b236-1a0906ad5a06	32033038	32043264	rev	7989	-3	left	OV3_Cisp0
chr7	35285820	35292259	5b832f6c-536c-441d-873b-c6cd8e9da5e7	35285809	35305032	fwd	6365	-3	left	OV3_Cisp0
chr7	38141341	38150442	736e136a-1db3-4610-9c6b-7f7bb9a33cf2	38140680	38150446	rev	9072	-3	left	OV3_Cisp0
chr7	53953679	53969205	e9380d2b-5fd0-44d3-b68a-dcd6ebb93b75	53933490	53978634	fwd	15423	0.13804	left	OV3_Cisp0
chr7	54113657	54124821	f93881e2-63c2-4960-9964-1ea9ec95db6c	54091139	54128920	fwd	11113	0.130207	left	OV3_Cisp0
chr7	62349506	62358253	2224c52a-ef9d-4f46-ba05-7350bab12a5f	62343496	62358864	rev	6736	-1	left	OV3_Cisp0
chr7	67229006	67244763	a5e8c481-43ed-4e4c-99bc-6a0bc704156a	67219522	67246670	rev	13931	0.351859	left	OV3_Cisp0
chr7	77551454	77568784	f3ee778c-601c-4d74-b787-e8518e900c84	77551447	77568790	fwd	17245	-3	left	OV3_Cisp0
chr7	81910100	81925736	f2b2d773-8543-4921-8a32-d754a7f09ad7	81910091	81925740	rev	15566	-3	left	OV3_Cisp0
chr7	85458257	85472080	7bbbc146-61b3-41f6-b051-1af08933eb74	85445917	85474329	rev	13759	0.286464	left	OV3_Cisp0
chr7	91180181	91193037	014fb36d-8d90-4545-a765-137b60487136	91177286	91196207	fwd	12756	-3	left	OV3_Cisp0
chr7	99642460	99651338	d0999f65-8161-4b4d-ad84-7252c0c37975	99642453	99652290	fwd	8792	-3	left	OV3_Cisp0
chr7	105154170	105160858	1bae3693-73de-4438-af12-26bbadf1a0ab	105142290	105164323	fwd	6636	0.878574	left	OV3_Cisp0
chr7	107237959	107245775	10f41a6b-ba43-48f2-8ab6-d0b885056798	107237955	107245783	fwd	7795	-3	left	OV3_Cisp0
chr7	107515680	107523053	c5c3da6a-73eb-4e3c-8812-2eb2b8d18558	107506982	107524696	fwd	7383	-3	left	OV3_Cisp0
chr7	109864291	109881250	b2a2e4d0-b1a6-42dc-905f-dc06da903a5e	109864286	109897014	fwd	16687	-3	left	OV3_Cisp0
chr7	115328997	115349725	97b6cb4d-8ab8-426a-b4e7-6a46d32c995b	115328992	115349754	rev	20696	-3	left	OV3_Cisp0
chr7	115457347	115470019	47484781-e0b0-4d72-8bbf-5d4db693abdf	115457340	115473884	fwd	12651	-3	left	OV3_Cisp0
chr7	115706280	115732950	229b6673-6697-43b3-8e45-14ec7b08a2cc	115706275	115737853	fwd	26584	-3	left	OV3_Cisp0
chr7	115979573	115989338	ab9bf895-a2f2-4d2d-a0f3-2544346acd0c	115979566	115989343	rev	9723	-3	left	OV3_Cisp0
chr7	116540508	116549141	9b1c06ef-6da0-40df-843e-212ecda7e9a2	116538985	116549146	rev	8567	-3	left	OV3_Cisp0
chr7	119595161	119610165	c8945057-bfd0-45cd-94d5-57807554276f	119595154	119654348	rev	14920	-3	left	OV3_Cisp0
chr7	131274585	131281966	53cc5196-b2bd-4ac5-bf22-59685529eaad	131274580	131296026	rev	7397	-3	left	OV3_Cisp0
chr7	134310807	134317417	e6c61d10-8ae0-4545-b1d5-a372f1bdfa47	134309236	134322252	rev	6552	-3	left	OV3_Cisp0
chr7	135207476	135215217	3882dd51-a7c4-4d6c-8c7f-ef6331a0a68a	135207471	135248092	rev	7672	-3	left	OV3_Cisp0
chr7	138421386	138429405	066a0be7-5fcf-48d6-ab2d-61049b054174	138418291	138429413	fwd	7967	-3	left	OV3_Cisp0
chr7	145227255	145230461	8c7d0771-bb4e-432d-8fd4-a9dc1d46be2a	145225660	145234858	fwd	3199	-3	left	OV3_Cisp0
chr7	152426317	152436431	dd8ab725-e837-4143-9788-d0859b84d30d	152426312	152441036	rev	10072	-3	left	OV3_Cisp0
chr7	156047346	156062269	0be22511-a071-4f33-b294-5fcfa7464193	156046734	156081977	rev	14798	-3	left	OV3_Cisp0
chr8	11733949	11741566	cac82ab0-be10-4989-9256-7f58b66c7594	11733928	11747685	rev	7599	-3	left	OV3_Cisp0
chr8	14439136	14454564	cf8a7245-096d-4ec3-af5a-b8ba4b4481d6	14439127	14462474	rev	15272	-3	left	OV3_Cisp0
chr8	15295649	15307151	6b775256-d070-4275-b1de-cfa938f3f120	15295643	15314074	fwd	11475	-3	left	OV3_Cisp0
chr8	15351126	15358857	81ef290a-0f60-4cfd-bd92-effd472b1993	15347239	15372844	rev	7742	-3	left	OV3_Cisp0
chr8	18424061	18431491	4cc850b4-03bd-4ab7-8f9f-3e15ad36193e	18424049	18457530	fwd	7392	-3	left	OV3_Cisp0
chr8	21964079	21972910	e34cee08-f461-450a-bff7-d3707ad774c6	21964070	21991311	fwd	8775	-3	left	OV3_Cisp0
chr8	26197358	26221500	c9c76ae6-5da6-4293-b759-afd2bf53b39e	26192474	26223362	fwd	24237	-3	left	OV3_Cisp0
chr8	27742077	27754779	5afb3647-c882-493d-93cf-3e7874888bbd	27728564	27756345	rev	12624	-1	left	OV3_Cisp0
chr8	28136734	28154158	ad719b4a-313f-44bb-bc5f-1d9d00436883	28136727	28155581	fwd	17445	-3	left	OV3_Cisp0
chr8	31694012	31707136	088bfb79-518d-4749-9946-bd5c12fbcefb	31693269	31707148	rev	13102	-3	left	OV3_Cisp0
chr8	36681078	36697440	5808ca5b-fbbd-4b97-a058-37aa78178b7a	36681073	36704976	rev	16128	-3	left	OV3_Cisp0
chr8	37111909	37124280	86032f02-5e6a-48bd-8044-bc2a5e3cc364	37111904	37137699	fwd	12319	-3	left	OV3_Cisp0
chr8	37466109	37473005	0f9c74da-f042-498f-b36c-337277b3756c	37466105	37481448	fwd	6982	-3	left	OV3_Cisp0
chr8	40419736	40427350	329da86d-b854-4cc7-80b6-611d3f92a19b	40419730	40448205	rev	7615	-3	left	OV3_Cisp0
chr8	41101213	41110643	2b9ac0d2-ce56-43f6-b584-9ee4ec1c2a8e	41100246	41115238	rev	9395	-3	left	OV3_Cisp0
chr8	41216894	41232307	b75c2820-c352-45ef-996c-485f7b43c427	41216870	41241826	rev	14292	-3	left	OV3_Cisp0
chr8	46356435	46375887	dd1bcf16-962c-4849-bfac-1b4d1f17092d	46356058	46375989	fwd	19443	-3	left	OV3_Cisp0
chr8	51048191	51066103	25ae4947-e49f-45d4-8782-9fb8698107c2	51046933	51091490	fwd	17882	-3	left	OV3_Cisp0
chr8	51275105	51297706	7f1b1bfe-0afd-49da-bc6c-13c623c81d77	51275100	51297711	fwd	22574	-3	left	OV3_Cisp0
chr8	53796361	53805567	efde483e-302c-405a-8ba6-89abf8089dce	53796356	53807521	rev	9156	-3	left	OV3_Cisp0
chr8	55203286	55209031	50a09511-25c2-42b2-94b2-d9b2a544f05b	55203280	55209036	fwd	5710	-3	left	OV3_Cisp0
chr8	60563394	60574372	8ae8145c-0287-4eda-8d2c-30f1e5f328ec	60563387	60575238	fwd	10901	-3	left	OV3_Cisp0
chr8	65281414	65291681	847870cc-3422-46e8-a1ba-4663d5916fad	65281408	65292479	rev	10196	-3	left	OV3_Cisp0
chr8	66194002	66199861	6ac24785-ccab-42ee-9145-80d9b60777a3	66193994	66204765	rev	5877	-3	left	OV3_Cisp0
chr8	68996235	69000560	bf98c988-8871-477f-836f-91403c7a6eb0	68995738	69019226	fwd	4300	-3	left	OV3_Cisp0
chr8	69183600	69195522	1cc167cd-9fb5-4c13-925f-d716c3b926fe	69176116	69198326	rev	11838	0.368081	left	OV3_Cisp0
chr8	69472066	69479949	3d4e7709-3114-459c-8ced-7aceca1e4a78	69472060	69491843	fwd	7908	-3	left	OV3_Cisp0
chr8	69940799	69954371	0ac7231d-b86c-4568-a8ec-f58fdfcc3113	69939807	69974351	rev	13556	-3	left	OV3_Cisp0
chr8	70221176	70234248	f843a4f2-2994-40ef-9a3d-8c306de8149d	70221171	70238168	rev	13013	-3	left	OV3_Cisp0
chr8	72874183	72912274	1c5b05bd-867f-4cef-a4ff-68fff0842646	72857698	72925118	rev	31957	0.377042	left	OV3_Cisp0
chr8	85905251	85917237	8e64c998-e983-49d1-bcf2-e92709a53a10	85905247	85918378	fwd	11955	-3	left	OV3_Cisp0
chr8	89474203	89486467	525b109d-f950-4e7d-8a8b-097fc0b3cf2c	89474198	89488966	fwd	12241	-3	left	OV3_Cisp0
chr8	93113383	93121320	9dcab4f9-56b7-4a4b-9c26-e708d68a0d87	93113371	93127469	fwd	7937	-3	left	OV3_Cisp0
chr8	93346520	93362729	c9bda447-e00b-4ad5-9d03-eb5dcec1841a	93346512	93368593	rev	16071	-3	left	OV3_Cisp0
chr8	94566053	94572037	8f01d672-8e5d-4545-a4f0-931dbc041d6f	94566044	94572053	fwd	5933	-3	left	OV3_Cisp0
chr8	96320844	96327649	5cbfbdce-73be-4ac7-80ab-4c4c4408b404	96318848	96337361	rev	6746	-3	left	OV3_Cisp0
chr8	97634705	97642510	e3e9dacd-7da6-450c-885b-5c749f6b9a79	97633872	97642516	fwd	7776	-3	left	OV3_Cisp0
chr8	98336164	98342587	319f2381-6f90-4a83-a230-e390c3d8c0cc	98336157	98351173	rev	6417	-3	left	OV3_Cisp0
chr8	100566003	100575281	7997ec8f-d6fe-4e2c-9f78-6f39fb01dfad	100565998	100578365	rev	9273	-3	left	OV3_Cisp0
chr8	100840698	100858484	cada5154-8b15-499c-9b9e-6d0d060158c5	100832995	100858490	fwd	17697	-3	left	OV3_Cisp0
chr8	100985551	100995966	2cb20293-b2c9-430e-b53f-99a49deb659b	100980071	101005506	rev	10340	-3	left	OV3_Cisp0
chr8	108666906	108670126	1b948fdb-a3c1-4a25-bc44-7865c4701f06	108666898	108679525	fwd	3228	-3	left	OV3_Cisp0
chr8	117967813	117980553	bb426387-1263-4dd6-bc25-d03aa805edb2	117967805	117993821	fwd	12738	-3	left	OV3_Cisp0
chr8	119851703	119860286	76b9b384-5a13-4e6d-8888-785673064fbe	119848255	119865971	rev	8547	-3	left	OV3_Cisp0
chr8	119983240	119998177	29470c49-1f44-468c-9890-acaa161ac0ab	119983236	120007015	fwd	14865	-3	left	OV3_Cisp0
chr8	126297832	126312303	1d93bcca-a1cb-4f83-bed0-aebc29e4c51e	126297828	126315817	fwd	14397	-3	left	OV3_Cisp0
chr8	126468380	126482468	6414ba7a-9557-44b7-8b37-b904b6c6f806	126438225	126482473	fwd	14075	0.429357	left	OV3_Cisp0
chr8	127322856	127335420	c5de4e30-47a7-434b-bf3e-0335306527b2	127322033	127335426	fwd	12511	-3	left	OV3_Cisp0
chr8	129964970	129971932	93f4c9ff-fbda-4a80-b416-736114ca6f58	129964963	129977828	rev	6980	-3	left	OV3_Cisp0
chr8	131886592	131898812	062ecc72-7cfd-45dc-b477-1fc5b7403e14	131886588	131900967	fwd	12201	-3	left	OV3_Cisp0
chr8	134364313	134379842	17b8a9f3-3f8a-4a51-8381-ed03d64c2cae	134364306	134384434	fwd	15457	-3	left	OV3_Cisp0
chr8	134495524	134503179	81ea49f8-3d12-4375-84ac-87bf0229ce2c	134495517	134505512	fwd	7535	-3	left	OV3_Cisp0
chr8	138473812	138485233	7bfd3c2a-64b9-430d-a09a-14aaf68d7a68	138473805	138487898	rev	11423	-3	left	OV3_Cisp0
chr8	141839120	141855114	fc4bfc20-c0d6-4029-b72e-7b4888204b58	141839113	141855124	fwd	15909	-3	left	OV3_Cisp0
chr8	141986285	142004213	13595be9-5cc7-46f4-9210-06b4e861c011	141982425	142004220	rev	17952	-3	left	OV3_Cisp0
chr9	2343485	2355623	6d3c0387-2fd4-4262-831e-84fd0b7ca7c3	2343479	2355628	rev	12419	-3	left	OV3_Cisp0
chr9	3742922	3754510	9be2bae9-fc78-4fb9-a9f2-36a1b7109337	3742914	3754514	rev	11551	-3	left	OV3_Cisp0
chr9	5660394	5669216	a498987d-485b-4fa9-aad1-3365c2ea746b	5660388	5681825	fwd	8755	-3	left	OV3_Cisp0
chr9	6260431	6274259	1228bd3f-0605-48b2-97e7-436efc28d446	6260425	6280306	rev	13792	-3	left	OV3_Cisp0
chr9	11506070	11524338	e7efdad0-8246-439e-9389-fdc92ddb409d	11504931	11528358	rev	18186	-3	left	OV3_Cisp0
chr9	16036204	16045272	db38818b-1c18-4f84-9f37-e258ecb91d2f	16035166	16059683	rev	8991	-3	left	OV3_Cisp0
chr9	20206750	20213229	4ab7fa6a-856c-4c57-b1c8-fa7d784adc04	20205655	20213235	rev	6396	-3	left	OV3_Cisp0
chr9	24635383	24640772	260eb3ba-b54c-4f00-8ff5-645b667612ff	24629442	24640777	fwd	5376	-1	left	OV3_Cisp0
chr9	24980786	24999481	d64521c8-1520-4b06-a039-020fba7867ab	24980781	25000894	fwd	18682	-3	left	OV3_Cisp0
chr9	25492771	25502059	355d800a-52f5-4a78-add7-2d286419b6f3	25492762	25518670	rev	9240	-3	left	OV3_Cisp0
chr9	26354071	26360424	f65b541e-43a9-4037-b24f-74ded831cc9a	26354067	26369418	fwd	6338	-3	left	OV3_Cisp0
chr9	31832135	31847960	32258c7b-2e9d-4284-8d46-ebbd9d1a5857	31820139	31847965	fwd	15752	-2	left	OV3_Cisp0
chr9	32669790	32680641	027b7c9d-13dc-4709-b854-2142a7cd8f18	32669783	32686255	rev	10804	-3	left	OV3_Cisp0
chr9	32778021	32789789	e6504ec1-f345-4ad5-8592-cc3d8e3c2f65	32778017	32793575	fwd	11724	-3	left	OV3_Cisp0
chr9	35653284	35660359	9f9ec0e1-eacd-43de-855d-1ecd602ca2de	35652739	35660370	rev	7005	-3	left	OV3_Cisp0
chr9	35870814	35881529	1f5788c0-e79e-4b41-9b52-f7fa19f51ecb	35870807	35881534	rev	10729	-3	left	OV3_Cisp0
chr9	38590090	38608179	6c97a5ea-eee8-418d-8694-25d339b0272a	38580220	38627120	rev	18051	0.122319	left	OV3_Cisp0
chr9	42994428	43002027	52ea2da5-34ad-4728-a04b-465ccb64b5eb	42993225	43002034	fwd	7529	-3	left	OV3_Cisp0
chr9	76880500	76896788	bd0560c2-3d10-48ae-adb6-57c9dddccae9	76874813	76896794	fwd	16267	-3	left	OV3_Cisp0
chr9	82803247	82821063	fded0eb3-1974-438b-9e97-9995f9e476ea	82801444	82821068	fwd	17722	-3	left	OV3_Cisp0
chr9	85598205	85622367	b2c384d8-9492-4d37-8ac6-d376f34b19c8	85598201	85622377	fwd	24134	-3	left	OV3_Cisp0
chr9	87719375	87727727	586e20e6-3a7e-4c10-bda7-3eeb33677820	87719370	87731046	fwd	8339	-3	left	OV3_Cisp0
chr9	89426100	89432110	b6415fc4-014f-44db-8d1f-5d7457967faf	89422981	89453843	rev	5956	-3	left	OV3_Cisp0
chr9	94067906	94076027	cd5469f1-8102-4d3b-8454-96f71ff9d734	94067901	94083705	fwd	8111	-3	left	OV3_Cisp0
chr9	97021647	97026727	56d9bf15-9b89-4ef1-82fd-2509ebdb48f5	97021638	97044383	rev	5081	-3	left	OV3_Cisp0
chr9	97992964	98005949	c5277aeb-f842-41e9-867b-e7acc616ae3b	97991219	98019858	rev	12921	-3	left	OV3_Cisp0
chr9	103136037	103145745	668b378d-f1c4-419a-91eb-09c83da93bbc	103136030	103145753	rev	9640	-3	left	OV3_Cisp0
chr9	103392741	103413377	08ebe0d0-455f-4ca9-b4e9-c5eb89194f2f	103373653	103418419	rev	20564	0.467701	left	OV3_Cisp0
chr9	103753075	103759835	356fbb4a-dae3-467c-9231-9d687c09ffe1	103753047	103772069	fwd	6688	-3	left	OV3_Cisp0
chr9	108268501	108278227	58840fe1-2506-4ae0-a12a-27494d589229	108262790	108278791	fwd	9607	-3	left	OV3_Cisp0
chr9	108676899	108688664	899c2a9c-8ac9-40b4-aaa3-8fe8cbbd5183	108670791	108706919	rev	11685	-3	left	OV3_Cisp0
chr9	111212941	111218579	a6671c38-bb07-4e92-92d9-ef0dae9e2241	111212937	111224122	fwd	5583	-3	left	OV3_Cisp0
chr9	113384818	113396672	5a25006d-c0d9-4d24-9c48-43db4eefbbef	113382346	113413390	rev	11784	-3	left	OV3_Cisp0
chr9	117323554	117344598	ef8e7c68-b33d-4fba-8061-ce4741452a2d	117323310	117350906	fwd	20926	-3	left	OV3_Cisp0
chr9	118647153	118665472	68a0cf72-7904-45a9-bfe6-80b5839ee6f2	118637396	118674495	fwd	18128	0.120592	left	OV3_Cisp0
chr9	125617808	125631678	2ed1f8bf-1f37-482e-b46d-c9dc28c2becd	125607637	125647869	fwd	13920	0.768015	left	OV3_Cisp0
chr9	126102278	126113016	f709cbaa-c133-4852-8e3d-857d0ce6bb76	126094409	126126665	fwd	10757	0.984831	left	OV3_Cisp0
chr9	128622077	128627755	2cbbdd0c-9dbf-4e7b-bf09-27c28b7dd3c6	128620372	128632706	fwd	5653	-3	left	OV3_Cisp0
chr9	129007398	129035576	f04ed1ce-f98b-4bc6-9e58-c4720debf0a7	129007391	129045890	rev	28074	-3	left	OV3_Cisp0
chr9	131942507	131959399	36b3c447-cfa4-4688-9f46-e6d377e5237a	131935359	131959407	fwd	16860	-3	left	OV3_Cisp0
chr9	132163989	132177584	c8138a6e-3fd9-4ceb-986f-4973a6a91227	132163984	132177672	rev	13731	-3	left	OV3_Cisp0
chr9	132312168	132320019	f2608756-dac5-42e6-aeac-b9f1e757154e	132312164	132337289	fwd	7815	-3	left	OV3_Cisp0
chr9	134076173	134084801	538a9a35-5806-453e-ac96-cbf216934f56	134075025	134086841	rev	8553	-3	left	OV3_Cisp0
chr9	136728791	136738753	4e851d1e-de31-4240-90ba-5052f839fe47	136727836	136738760	rev	9929	-3	left	OV3_Cisp0
chr10	3352701	3359984	b46a5ae8-2aaf-4625-8d3b-9aeb44a459aa	3352692	3361860	fwd	7237	-3	left	OV3_Cisp0
chr10	6012675	6019350	922ae72e-1c2d-48e3-82fd-11f6df553a8c	6011957	6026746	rev	6576	-3	left	OV3_Cisp0
chr10	11211539	11216730	5b4a15d1-e77a-4a5d-b1dd-9207a950aa5c	11211532	11222934	rev	5176	-3	left	OV3_Cisp0
chr10	15347574	15358168	af07dbf6-18d1-449c-a867-838fb53f315a	15347570	15369523	fwd	10618	-3	left	OV3_Cisp0
chr10	15714113	15725823	ea236aa7-d994-40a3-9acb-b7093259ac48	15713727	15764301	fwd	11648	-3	left	OV3_Cisp0
chr10	26459610	26477392	fc658019-c582-4b2e-9148-219bdac50142	26450950	26492856	rev	17784	0.145869	left	OV3_Cisp0
chr10	27880908	27887685	06d0df35-9cd3-4d72-8b8d-a628efb2e75e	27863089	27892792	fwd	6758	0.212169	left	OV3_Cisp0
chr10	27997569	28022787	c6a5d300-6a22-422d-bef2-1e198551487d	27995592	28026113	rev	25042	-3	left	OV3_Cisp0
chr10	36499934	36510594	4309e102-d97d-4719-95f8-4e673c981a74	36499926	36510601	fwd	10622	-3	left	OV3_Cisp0
chr10	41883853	41898042	ae945a1f-518f-44aa-9195-a335914d4c9c	41878419	41904609	fwd	9576	-3	left	OV3_Cisp0
chr10	41882040	41884242	19189686-06da-4937-9653-78179ae02abd	41881813	41898802	fwd	2518	-3	left	OV3_Cisp0
chr10	41890479	41894958	19189686-06da-4937-9653-78179ae02abd	41881813	41898802	fwd	4178	-1	left	OV3_Cisp0
chr10	41882923	41887098	ad971243-02ec-4388-9c70-34f306949184	41882919	41897568	fwd	2520	-3	left	OV3_Cisp0
chr10	41905470	41907908	8274a84d-542b-4eb7-aa58-88139a704dd9	41904110	41916259	fwd	376	-3	left	OV3_Cisp0
chr10	42093170	42099663	a354f685-1685-4a8b-a707-23d0d723b21e	42072778	42099669	fwd	4886	-3	left	OV3_Cisp0
chr10	44126998	44147917	082d6fc0-1e34-4f9f-a71d-37818335eb38	44126994	44149863	fwd	20891	-3	left	OV3_Cisp0
chr10	45340712	45350199	e9c9bb2e-3b5a-4bab-95ef-4b49c5fffcde	45333987	45350203	rev	9479	-3	left	OV3_Cisp0
chr10	45526415	45537570	8e759479-7754-4c0c-ae42-e265a19e8716	45525868	45537577	fwd	11112	-3	left	OV3_Cisp0
chr10	46564627	46573941	738be5ef-0de8-45f5-9fcf-7b553ad95182	46563045	46592263	fwd	9291	-3	left	OV3_Cisp0
chr10	47754260	47769437	51d367af-3f2c-4657-a3e9-96c3c3f4f85d	47753255	47779903	fwd	15112	-3	left	OV3_Cisp0
chr10	50471734	50490477	a727cfe2-8c2c-4d3d-ae41-10c68287fecc	50470931	50493815	fwd	18673	-3	left	OV3_Cisp0
chr10	54448489	54456127	2f3c2a6d-06f3-4219-bdcc-ad16ffbe1797	54448482	54456132	fwd	7569	-3	left	OV3_Cisp0
chr10	55410839	55419726	d3dee7ef-6b5a-4415-abfc-f397bc0b90e1	55410829	55419733	rev	8811	-3	left	OV3_Cisp0
chr10	59733938	59738681	cef824bc-a2bf-4f85-af89-91af82d0fd02	59733933	59740526	fwd	4736	-3	left	OV3_Cisp0
chr10	63362957	63371256	de142b0f-1ccd-4fde-87c2-442d6e23ec3f	63362951	63371260	rev	8287	-3	left	OV3_Cisp0
chr10	68324183	68336757	3e4d5b92-f8de-4dcb-8982-26c086c9caac	68324175	68336766	rev	12512	-3	left	OV3_Cisp0
chr10	69067130	69072620	227c8fb9-902e-48cb-b03c-4537228f1e9a	69067012	69072630	fwd	5418	-3	left	OV3_Cisp0
chr10	75334303	75351381	806e2fef-70c1-43a2-908c-feb17b78608f	75334297	75371822	rev	16978	-3	left	OV3_Cisp0
chr10	77507221	77522870	7c290f19-d9da-4d36-923b-fae0624a958d	77507211	77523855	rev	15935	-3	left	OV3_Cisp0
chr10	81624477	81633813	5d781a47-a8b9-484c-bfdd-45127b89abe6	81617298	81634126	rev	9221	-1	left	OV3_Cisp0
chr10	83595878	83600767	74713568-44f6-46fc-94f4-20e754f27660	83582474	83609729	rev	4869	0.773791	left	OV3_Cisp0
chr10	85872743	85880427	c82785bc-51dd-4f7a-bd39-3a6b4f1a1290	85872737	85898571	rev	7688	-3	left	OV3_Cisp0
chr10	86195609	86206252	2b63f690-dfd2-4d59-9738-4ad2acf2d4f2	86195602	86222370	rev	10847	-3	left	OV3_Cisp0
chr10	87563444	87571634	136a452d-def1-4428-8519-71560de7b108	87560929	87580724	fwd	8153	-3	left	OV3_Cisp0
chr10	87953403	87967426	441dd2cd-3706-4c38-b5bf-66dee735e3ed	87953224	87997929	fwd	13874	-3	left	OV3_Cisp0
chr10	93371562	93384561	5c11814b-2c8f-4c71-99c9-a9458c4b0d5b	93369920	93384574	fwd	12961	-3	left	OV3_Cisp0
chr10	96193541	96216517	b33073b3-1b2a-4eaa-90f4-432239ded3c3	96191852	96216522	rev	22909	-3	left	OV3_Cisp0
chr10	96820723	96835993	59b1cff0-2cf8-43a0-9644-bb4d972a1db7	96820717	96838975	fwd	15223	-3	left	OV3_Cisp0
chr10	102335508	102342297	e0d3d35c-228c-4c96-ba1e-3252d8ffc859	102335502	102349582	rev	6744	-3	left	OV3_Cisp0
chr10	104015481	104027764	b5e3ed57-9af1-4a85-bd3e-f5aef7410991	104013681	104029265	rev	12210	-3	left	OV3_Cisp0
chr10	109775334	109788401	c328e9d8-9ef2-4fa9-8dc9-f300a93c1c6c	109764758	109793873	fwd	13029	0.729766	left	OV3_Cisp0
chr10	112893647	112899843	f0c69f26-edcf-4944-9c21-dd29cb1556a2	112892584	112926180	fwd	6121	-3	left	OV3_Cisp0
chr10	113477391	113488094	e3ae8327-7450-4057-8f0f-11dd8fb4e83f	113475823	113496256	fwd	10670	-3	left	OV3_Cisp0
chr10	116245993	116260618	e35cbb33-987c-4352-bace-383c35d9dc29	116208150	116265600	rev	14543	0.760974	left	OV3_Cisp0
chr10	116924026	116941684	ec0e02ea-9344-4570-8f71-e71cdfbddda1	116924015	116952565	rev	17599	-3	left	OV3_Cisp0
chr10	118131886	118138635	e4da17f1-50f5-4954-be9b-f183843236df	118131882	118144375	fwd	6728	-3	left	OV3_Cisp0
chr10	123584066	123593194	de8d4888-16e9-4fa3-aea3-79bbb607258e	123583973	123600811	fwd	9053	-3	left	OV3_Cisp0
chr10	123627676	123641046	02e4a93f-99dc-4c3f-9233-b290b6234774	123627665	123642027	rev	13302	-3	left	OV3_Cisp0
chr11	365080	374572	de9b0378-8256-4c4a-9bfa-367f26f6ce87	365068	379644	rev	9483	-3	left	OV3_Cisp0
chr11	4816119	4832771	aa81bcc9-eb7c-4db2-81dd-0b9eb118ed63	4816115	4850108	fwd	16552	-3	left	OV3_Cisp0
chr11	8835092	8856809	4b6d5cc6-a8e7-493b-98f5-f45ec814ae76	8823362	8866667	rev	21576	0.154079	left	OV3_Cisp0
chr11	9145088	9160210	d443b9ee-b2c6-4de3-90cd-489b52461f33	9133846	9169200	fwd	15058	0.097628	left	OV3_Cisp0
chr11	10850376	10861639	747feafb-bd51-4b62-8507-53c1efcaa055	10833783	10863826	fwd	11256	0.21714	left	OV3_Cisp0
chr11	15092034	15102775	a1e55f4b-1195-41c7-8cdd-fc93b22202b8	15092016	15105024	rev	10706	-3	left	OV3_Cisp0
chr11	16378736	16396479	295dd688-a7e3-4937-98f0-0f7bfcb5dd61	16374922	16400130	fwd	17631	-3	left	OV3_Cisp0
chr11	17358246	17373326	672c3482-aac2-493e-b661-2d0f80a0a47e	17358242	17373332	fwd	15021	-3	left	OV3_Cisp0
chr11	19179230	19191901	d660b228-b8fe-46ec-9714-4ad5a3d7ef16	19179224	19193561	fwd	12622	-3	left	OV3_Cisp0
chr11	19672473	19689222	026f7d1f-1a95-4994-b7a6-d179eeec8dd9	19653547	19711440	rev	16676	0.138423	left	OV3_Cisp0
chr11	26183760	26189357	9b68636d-360e-411a-b383-efda3d7026d2	26183732	26198437	rev	5591	-3	left	OV3_Cisp0
chr11	26995316	27002854	84284666-3c2b-4e0e-911f-db9b0357e947	26995310	27016174	rev	7493	-3	left	OV3_Cisp0
chr11	30217127	30227148	7cdbed96-e98f-435d-a682-13b5726c964d	30217123	30231137	fwd	10019	-3	left	OV3_Cisp0
chr11	31976624	31985588	6ad380f0-3658-44e6-82cc-a5e4cfb61e19	31971482	31989183	fwd	8937	-3	left	OV3_Cisp0
chr11	34584084	34598655	665b3142-5ca0-420b-8f4b-5bbc4cdd5dae	34583152	34646298	rev	14501	-3	left	OV3_Cisp0
chr11	35591106	35599142	5cb7d400-6097-402d-ae4c-cc44d971996e	35591100	35605960	fwd	8026	-3	left	OV3_Cisp0
chr11	41308922	41329741	0d7b6028-22c3-4486-b308-38a6873a9559	41307935	41329752	rev	20765	-3	left	OV3_Cisp0
chr11	45190660	45204509	456f53e1-7479-4423-9f9f-f4f81a7a42bc	45189746	45204516	fwd	13787	-3	left	OV3_Cisp0
chr11	46866701	46885740	ff8e06f6-a91d-42e3-9208-0001b083771c	46862955	46885748	fwd	19009	-3	left	OV3_Cisp0
chr11	47160853	47171922	93262726-bed5-4b52-8412-2e9ddea70775	47160063	47171926	rev	11009	-3	left	OV3_Cisp0
chr11	56599625	56616339	4589eba7-80dc-4012-8238-ea86ef31c59d	56599060	56621121	fwd	16555	-3	left	OV3_Cisp0
chr11	59251675	59261483	7a6e2d79-4929-47b4-94a6-89545182cf2e	59251428	59263450	fwd	9697	-3	left	OV3_Cisp0
chr11	67226965	67240256	db8ca4fc-4b32-4c08-b2fd-8dcd6bf188e2	67222955	67240453	rev	14995	-3	left	OV3_Cisp0
chr11	68521609	68536459	e0b36ce4-57fc-4a23-8085-d3ecc792a615	68521536	68551832	fwd	14767	-3	left	OV3_Cisp0
chr11	68877227	68886342	e679de94-c015-4371-a1d5-bc2ec6daf3c1	68877221	68892714	fwd	9112	-3	left	OV3_Cisp0
chr11	69601331	69612854	be1ed905-1d38-44e8-8c10-beb509dc3e05	69601324	69612860	fwd	11464	-3	left	OV3_Cisp0
chr11	71211930	71221548	5c189aa1-23af-4c80-892f-5a04de745422	71211917	71226613	fwd	9577	-3	left	OV3_Cisp0
chr11	73679821	73689557	3e157cf8-1841-4a62-8790-6bd67eb2749d	73678203	73692206	fwd	9762	-3	left	OV3_Cisp0
chr11	76400398	76407476	90915c08-897d-47ee-8d98-556fac38dfd5	76400391	76407486	fwd	7041	-3	left	OV3_Cisp0
chr11	76611519	76619801	acd7febb-2a50-4d20-8c43-599d3830556c	76606080	76656029	rev	8554	-3	left	OV3_Cisp0
chr11	76639110	76650059	c1f4246f-c315-4f26-a3b8-f4a59ef4aecb	76622771	76652169	rev	10886	0.977462	left	OV3_Cisp0
chr11	77397436	77404757	6d9ee358-cabc-4782-904b-e65f190eebcc	77397429	77419209	rev	7321	-3	left	OV3_Cisp0
chr11	77809875	77822559	82dc3119-0b1c-46d3-b3b5-fb9b87256033	77809839	77823974	fwd	12616	-3	left	OV3_Cisp0
chr11	77811810	77824272	08de6824-cd35-4515-9d7f-0676d05779a7	77811805	77824281	fwd	12419	-3	left	OV3_Cisp0
chr11	81416256	81433853	b61d3930-e591-4944-b12d-fad3702c875d	81385878	81433860	fwd	17622	0.186041	left	OV3_Cisp0
chr11	89140620	89152190	e79b9ace-e458-46ad-b544-b0ad9433bfed	89140613	89157739	rev	11442	-3	left	OV3_Cisp0
chr11	92851930	92877754	ae0cbaa7-1e67-4f0e-b01e-74516e726339	92851925	92885077	rev	25590	-3	left	OV3_Cisp0
chr11	93071786	93079217	8aff4f02-dfed-400f-b5ec-fa0df476b258	93065439	93082732	rev	7437	-3	left	OV3_Cisp0
chr11	101902617	101911092	7a2e04e5-3bdc-4be0-aaf2-10f5cef5c963	101902610	101913578	fwd	8400	-3	left	OV3_Cisp0
chr11	102757258	102768187	1d3ba937-b142-42f0-9647-a20a6653125f	102756625	102768521	fwd	10941	-3	left	OV3_Cisp0
chr11	103085803	103094390	14b08f2f-3176-4e0b-ac0e-849c8147cd7c	103073574	103094397	fwd	8565	0.736162	left	OV3_Cisp0
chr11	115608443	115611985	f86f09d1-67d5-4175-9771-cbb5ac1aff9a	115590434	115611992	fwd	3496	-1	left	OV3_Cisp0
chr11	116597863	116608349	d0d15d90-44dc-4662-a484-70fda7139d8b	116584346	116611800	rev	10418	0.081796	left	OV3_Cisp0
chr11	124052748	124072322	f6996718-df63-480f-89f1-1f7eefbcd38e	124043952	124073868	fwd	19414	0.088007	left	OV3_Cisp0
chr11	126009720	126020410	4e7b6824-f9a6-4df8-b726-4f52b5fd03ef	126009715	126020415	fwd	10674	-3	left	OV3_Cisp0
chr11	127051585	127068915	eacafbca-6f65-46c7-bbcd-aa45d88f35e8	127051581	127099893	fwd	17203	-3	left	OV3_Cisp0
chr11	128615372	128634176	dd33df3d-6333-494d-a06b-1602ab442bff	128615366	128652480	rev	18724	-3	left	OV3_Cisp0
chr11	133586606	133603477	65597321-4123-46b1-a9f3-3cfe4fa8dc14	133586600	133641055	fwd	16773	-3	left	OV3_Cisp0
chr11	134581491	134586994	361b83a6-d7ee-4deb-a9cf-6367789fc7d1	134581482	134587704	rev	5493	-3	left	OV3_Cisp0
chr12	5332707	5344090	21c157c0-824e-4b55-9e71-6ecd210a839c	5332052	5344110	fwd	11331	-3	left	OV3_Cisp0
chr12	8909555	8923562	b7628a6a-bddb-4b48-a5d1-4fada64f6fa9	8909546	8933152	fwd	13889	-3	left	OV3_Cisp0
chr12	9671480	9682737	ab00db32-06f1-42b3-a8f0-92a7ce6e9bd8	9670737	9688743	rev	11208	-3	left	OV3_Cisp0
chr12	14790493	14814172	2fa4e82f-37ee-4563-9449-3b82597e608d	14779989	14847287	rev	23563	0.227898	left	OV3_Cisp0
chr12	18944875	18955202	d39292ce-6ba7-43e4-801f-cf44c7d35a8f	18944869	18955229	rev	10290	-3	left	OV3_Cisp0
chr12	26718656	26725752	0b71a0a8-a7eb-471f-8998-fe655bf35e9f	26718648	26737967	fwd	7069	-3	left	OV3_Cisp0
chr12	26752075	26762847	8ebd9dd5-d04c-4ccf-9cf7-b7d36ab9ef6a	26752036	26762855	fwd	10702	-3	left	OV3_Cisp0
chr12	27638039	27653287	1200c119-ef4c-47ca-93dc-ec4015e017d5	27636493	27655491	fwd	15173	-3	left	OV3_Cisp0
chr12	28545113	28560194	cd85ec0c-be8c-4449-b0f2-32ee706ca982	28545108	28568329	fwd	14951	-3	left	OV3_Cisp0
chr12	28528578	28553305	532d42c2-0c3d-4646-8aa8-0fe6352e16d6	28528332	28554456	fwd	24685	-3	left	OV3_Cisp0
chr12	32559022	32575028	539cf19a-e352-4233-9584-23c21297beba	32557158	32583880	fwd	15919	-3	left	OV3_Cisp0
chr12	34060234	34072005	afbde16c-535c-431a-ae35-2e562a4713b8	34059883	34076222	rev	11682	-3	left	OV3_Cisp0
chr12	41074936	41079895	14752c3d-e629-4a63-92d3-0c4c5915a46c	41074400	41088375	rev	4979	-3	left	OV3_Cisp0
chr12	43072682	43081203	04d2cfa9-e430-47ff-8928-d6a2e801cde7	43072677	43102463	rev	8433	-3	left	OV3_Cisp0
chr12	50660682	50669278	a57b7203-c3ec-4373-9e20-cb55e796851a	50633400	50670162	rev	8587	0.45525	left	OV3_Cisp0
chr12	53905686	53914629	5868d7b4-418c-4f90-8c72-4ec295be079d	53905678	53917128	fwd	8914	-3	left	OV3_Cisp0
chr12	53970306	53989678	e49f5538-7c00-4e2e-a849-c930376c8b4a	53949460	53994932	rev	19212	0.431247	left	OV3_Cisp0
chr12	55688032	55700499	99a20016-52a5-41b1-b0e0-06bc7910e882	55688025	55701739	rev	12410	-3	left	OV3_Cisp0
chr12	55699136	55707531	41a61904-d2b8-4213-81d2-0e02b3723b63	55699125	55707536	rev	8358	-3	left	OV3_Cisp0
chr12	58563226	58576603	be19e960-33ef-4231-ad8f-d7c5368dcc8c	58563216	58576608	rev	13334	-3	left	OV3_Cisp0
chr12	63658817	63674972	81c3666c-7005-45a0-8519-a9e03a217fc1	63658174	63676238	rev	16052	-3	left	OV3_Cisp0
chr12	71412749	71422575	8ca5dc3f-0694-491b-bbad-e6d39f191d8a	71410634	71428271	fwd	9881	-3	left	OV3_Cisp0
chr12	73220749	73229489	692421ef-766f-4895-aca5-5d2c5dccf3a3	73220742	73230195	fwd	8729	-3	left	OV3_Cisp0
chr12	75438764	75443061	cfb7db25-ae87-46c4-ae9e-c65df37e0e42	75437891	75471780	fwd	4262	-3	left	OV3_Cisp0
chr12	77594751	77603450	e528865a-ac14-4be7-b203-5bfc004758e4	77593204	77612883	rev	8677	-3	left	OV3_Cisp0
chr12	82464761	82475849	e1334584-c349-48db-b2e4-15a08c7f3568	82462184	82475855	fwd	11008	-3	left	OV3_Cisp0
chr12	93150192	93159611	279764b4-f136-4771-9661-ad9bb729cab6	93150187	93160348	rev	9313	-3	left	OV3_Cisp0
chr12	94106595	94122367	41f6087a-1acb-467b-aa5c-2cc0019f3b53	94105885	94126339	fwd	15682	-3	left	OV3_Cisp0
chr12	101521892	101535337	956335ba-f809-4249-9f8e-f0fe5f190b4e	101521759	101535342	rev	13398	-3	left	OV3_Cisp0
chr12	106276909	106285348	84635978-d3f4-4f7d-9d31-63db977c1ccf	106263660	106297209	fwd	8393	0.677071	left	OV3_Cisp0
chr12	107562202	107571006	4aabdb70-05db-4eb9-b34c-11eeb9dd4faf	107562163	107571011	fwd	8765	-3	left	OV3_Cisp0
chr12	112254214	112259841	3bf691fa-8231-44b5-906d-81bd8ca9dc51	112253059	112285169	fwd	5533	-3	left	OV3_Cisp0
chr12	114725411	114733922	9087a078-bee5-495d-8256-9dd452751dca	114704135	114738839	rev	8496	0.177364	left	OV3_Cisp0
chr12	116338949	116358737	9f74ebca-780c-4b53-9e48-cd292fae8877	116338934	116364495	rev	19708	-3	left	OV3_Cisp0
chr12	116611662	116619967	fa173c12-1ab7-460d-a11b-64d204082dcf	116611064	116619972	rev	8258	-3	left	OV3_Cisp0
chr12	117954631	117971074	af8526ea-8728-4d59-a180-aa45dcce7852	117954619	117971127	rev	16312	-3	left	OV3_Cisp0
chr12	122247056	122254729	fc794f88-0184-4663-91d2-2db96c640084	122247049	122254734	rev	7665	-3	left	OV3_Cisp0
chr12	124202473	124211295	e4f1a0d5-ffca-4041-a97e-ab92412eb198	124196738	124244872	fwd	8735	-3	left	OV3_Cisp0
chr12	130008875	130016935	5d91ca78-c795-4be9-a99d-6a2fcb25f949	130008854	130017658	rev	8057	-3	left	OV3_Cisp0
chr13	26271434	26286298	034ed652-bd47-40ab-ad31-e9b54f210285	26271425	26286893	fwd	14767	-3	left	OV3_Cisp0
chr13	29648889	29665881	aec0a228-10e1-4e23-a44a-57282e1a9848	29635263	29665893	fwd	17096	-2	left	OV3_Cisp0
chr13	44318867	44328657	5989d6e2-f7c3-4d59-8d90-2930cc42baac	44317904	44330422	fwd	9742	-3	left	OV3_Cisp0
chr13	72305589	72313530	e08d3c8e-6a07-4d8b-99f8-b757a103571f	72295621	72331298	rev	7886	0.970253	left	OV3_Cisp0
chr13	74381623	74393894	45787cea-8ba0-4691-9911-2e08a17cf635	74381609	74403147	fwd	12217	-3	left	OV3_Cisp0
chr13	74714133	74726487	7515a5d8-d54e-4006-909d-af7cfff2c01f	74709125	74726496	fwd	12323	-3	left	OV3_Cisp0
chr13	76814523	76822922	bdde1148-2787-41ec-984b-dd9c2940f24a	76814516	76824021	fwd	8425	-3	left	OV3_Cisp0
chr13	77368297	77374797	a509294f-3005-43b4-a9ba-3a2ba401ad6b	77367156	77388371	fwd	6493	-3	left	OV3_Cisp0
chr13	78075409	78093075	36337a9f-7a5d-44ad-8ac8-37f9e5d9da7f	78008093	78094616	rev	17655	0.382624	left	OV3_Cisp0
chr13	80706149	80714396	e22cb007-8d40-4a3d-bef6-24dd4661de4d	80697853	80724276	fwd	8316	0.700354	left	OV3_Cisp0
chr13	81761162	81765036	27061595-ca0d-4408-bcb4-864cc1f5196e	81751715	81765043	fwd	3854	-3	left	OV3_Cisp0
chr13	85734072	85751784	29937f27-5bf9-4885-bd0d-24e5802eecf6	85732897	85751792	fwd	17493	-3	left	OV3_Cisp0
chr13	87453095	87459861	a7af6046-f44c-4cdb-8f26-37fc761ca29c	87453087	87463618	rev	6723	-3	left	OV3_Cisp0
chr13	91108253	91124446	8ff83b9d-9a91-43cb-baf0-cde45b1c9a3c	91103116	91141487	rev	16058	-3	left	OV3_Cisp0
chr13	105145384	105156184	667fdeae-e849-4d16-8917-4ead3096b6b5	105144799	105162048	rev	10827	-3	left	OV3_Cisp0
chr13	106819721	106824869	0040a517-78a4-43c2-bd65-0573bf7a5975	106819715	106824875	rev	5139	-3	left	OV3_Cisp0
chrX	4446510	4456350	15f861d1-777a-41f3-b27d-9816cd983de0	4446504	4458963	fwd	9827	-3	left	OV3_Cisp0
chrX	4724906	4737066	f5045e12-432c-46a9-8963-0e3928cc4e0d	4724894	4738902	rev	12116	-3	left	OV3_Cisp0
chrX	11631915	11658469	55ede925-ab9c-4aaf-96b0-68acdcd08762	11629294	11663990	fwd	26417	-3	left	OV3_Cisp0
chrX	13788489	13796411	9bda3e92-7743-4e41-93ee-c8e0e20d31e9	13786183	13796420	fwd	7909	-3	left	OV3_Cisp0
chrX	20333555	20345912	cbd01dac-92c6-47dc-ae9c-9743e511b366	20333549	20348454	fwd	12253	-3	left	OV3_Cisp0
chrX	23086078	23091268	3bc713f5-f33b-4330-a48a-31f0ed80a082	23086070	23100142	fwd	5181	-3	left	OV3_Cisp0
chrX	30825587	30832557	062d76ad-4317-4921-be3f-3cc63b09233b	30825575	30835423	fwd	6926	-3	left	OV3_Cisp0
chrX	31003316	31009981	f7bc0ad1-8dd8-4556-8863-9c9153d130e4	30983922	31013231	fwd	6634	0.026507	left	OV3_Cisp0
chrX	44136335	44153949	377d8419-0838-4fc2-9052-b3460ad165e1	44136271	44164107	fwd	17519	-3	left	OV3_Cisp0
chrX	51222337	51233902	b8169338-6b24-4e7e-b0d2-67b2ea028246	51221819	51235408	rev	11549	-3	left	OV3_Cisp0
chrX	55187584	55199806	7e02a6d8-af40-4808-b990-33806c845526	55185294	55202683	fwd	12152	-3	left	OV3_Cisp0
chrX	56423202	56433877	da7f782c-1b50-4b16-87fc-0cb71576b56e	56423197	56435988	rev	10674	-3	left	OV3_Cisp0
chrX	57613466	57623060	474cb2f5-1c66-4134-9706-d7b89f8e346f	57613459	57635541	fwd	9583	-3	left	OV3_Cisp0
chrX	62589210	62595698	7120e80c-2e73-47ca-9e22-1de99933bcb8	62589205	62595702	rev	6478	-3	left	OV3_Cisp0
chrX	63405421	63430794	3bb0bfff-b7fb-4eac-8953-aa94308d74d3	63402703	63430800	fwd	25236	-3	left	OV3_Cisp0
chrX	63946710	63959347	01c529a9-c14b-4cf0-a332-9bdb77e00546	63946704	63970152	rev	12631	-3	left	OV3_Cisp0
chrX	69868984	69874519	9d37ca11-43bd-4517-9688-b38cec51c168	69868979	69882075	fwd	5520	-3	left	OV3_Cisp0
chrX	73789373	73799663	db409108-c03a-40ca-9507-aa79365dcc02	73788797	73802609	fwd	10396	-3	left	OV3_Cisp0
chrX	84217631	84226414	d04fe860-a436-48a9-bf74-0871d5bbbb29	84208696	84228546	rev	8767	0.117178	left	OV3_Cisp0
chrX	85682274	85706072	8248ddb3-32e3-4b49-b961-f44f016660d6	85682266	85706082	rev	23795	-3	left	OV3_Cisp0
chrX	90590077	90603933	de07969e-7d97-447c-8943-308f75df16ae	90590072	90612264	fwd	13753	-3	left	OV3_Cisp0
chrX	91383207	91389829	05bc349e-8f46-47a4-a642-5ad905abfad0	91382977	91391973	rev	6578	-3	left	OV3_Cisp0
chrX	94823422	94843826	512e26ea-54a7-4f46-b097-270daa2c89a4	94823415	94843830	rev	20352	-3	left	OV3_Cisp0
chrX	95158391	95168183	67c2264b-7506-4a75-b543-1db4c152e3cb	95158386	95170578	fwd	9740	-3	left	OV3_Cisp0
chrX	119739054	119754876	05de96f9-c54d-4f9a-bb3f-ca6fb63eb6ff	119738163	119758202	fwd	15822	-3	left	OV3_Cisp0
chrX	123350614	123355379	4ead0b2d-743a-4d13-9290-a646d157aee4	123350608	123355765	rev	4740	-3	left	OV3_Cisp0
chrX	124112938	124119770	784698e1-4549-4d42-bcf4-7ad02f691dc1	124107249	124147155	fwd	6751	-1	left	OV3_Cisp0
chrX	126955922	126963572	6454f146-5425-476c-922a-188b783adf53	126934800	126987268	rev	7659	0.248	left	OV3_Cisp0
chrX	129559225	129568152	0ec2b672-80b0-424d-8f5d-15e014c310a5	129559218	129570845	rev	8917	-3	left	OV3_Cisp0
chrX	134204235	134216605	b1f06ba2-8494-449b-8c5b-1ec2d0310624	134204214	134227461	fwd	12335	-3	left	OV3_Cisp0
chrX	136451886	136459025	381475b7-118d-49aa-bc9d-99a58e2badbc	136451880	136466218	rev	7127	-3	left	OV3_Cisp0
chrX	143649299	143667403	54f8d2cc-5a1c-4738-b29b-c96bdfea4e09	143648264	143668860	rev	13825	-3	left	OV3_Cisp0
chrX	145384123	145403086	c91d0409-92b7-47f1-9a68-c973c44219d1	145383063	145417281	rev	18899	-3	left	OV3_Cisp0
chrX	146608846	146626741	a34bf8ae-5421-4744-91f4-25c819afde35	146597917	146626754	fwd	17809	0.153273	left	OV3_Cisp0
chrX	150919032	150933476	3b3f80c1-0c0e-4480-8370-95e3c8619836	150917604	150938911	fwd	14405	-3	left	OV3_Cisp0
chrY	56725165	56728099	a6cb75b0-ea35-4ceb-bfb2-0511d27c63eb	56721176	56740896	rev	3021	-3	left	OV3_Cisp0
chrY	56827489	56836409	ca865f8e-3ccc-4cb2-b062-78454fc1fb89	56827372	56840546	fwd	7328	-3	left	OV3_Cisp0
chr1	103270124	103275511	5d2ef80e-3e1a-4c47-a88a-e8d9a9cf42bc	103270117	103275516	fwd	5440	-3	left	OV3_Cisp1_masked
chr1	103984870	103989492	bb36dcdb-cb74-42e1-85bf-625f4e560b41	103984866	103993323	fwd	4609	-3	left	OV3_Cisp1_masked
chr1	143219875	143222346	195913d0-900e-455d-a801-53f3d9805d9b	143211654	143222963	fwd	2446	-3	left	OV3_Cisp1_masked
chr1	207419243	207429779	77a3399f-7427-43a8-9cfd-3954e58b1a76	207419235	207440997	fwd	10429	-3	left	OV3_Cisp1_masked
chr1	241629504	241639262	47ee281b-b6c0-4095-ac04-705541f83444	241629496	241639266	rev	9712	-3	left	OV3_Cisp1_masked
chr10	27593732	27600680	fb380788-3958-44ae-8022-f4c0a162489c	27593725	27603512	fwd	6865	-3	left	OV3_Cisp1_masked
chr10	41874318	41884004	0f6c8b3f-c125-4240-aa20-40ead838e4f9	41873791	41895042	fwd	10415	-3	left	OV3_Cisp1_masked
chr10	41897912	41903738	806468f6-34ea-4e3b-b26f-3752e716a4a3	41889467	41916262	fwd	6533	-3	left	OV3_Cisp1_masked
chr10	52851844	52860503	15bc7cda-ecf2-49d3-a4df-0eb6ff111c3f	52850806	52861623	rev	8590	-3	left	OV3_Cisp1_masked
chr10	73608776	73614361	3dd2416d-33ea-42d7-bbe5-a843e5e48d03	73608269	73618574	rev	5562	-3	left	OV3_Cisp1_masked
chr11	76143549	76153354	34a80ff0-21d9-4a57-b734-25949575618f	76143539	76161970	rev	9794	-3	left	OV3_Cisp1_masked
chr11	113378006	113385552	f6a7aab5-c5a5-423c-b993-a218f370827e	113377675	113385559	fwd	7505	-3	left	OV3_Cisp1_masked
chr11	127955383	127968540	a22a0e4a-67e0-424b-9505-0c72cf654178	127947138	127968545	rev	13140	0.089318	left	OV3_Cisp1_masked
chr12	22872160	22875379	798b7a99-1a7e-419e-beee-1d0ae9be40ce	22872154	22882250	rev	3209	-3	left	OV3_Cisp1_masked
chr12	41200663	41210211	8cfaf04d-4722-4604-b05b-7d8fafa90180	41200653	41210776	rev	9500	-3	left	OV3_Cisp1_masked
chr12	51425805	51432603	b014211e-2d9d-4839-8f0e-a318fe341c34	51424471	51432810	fwd	6764	-3	left	OV3_Cisp1_masked
chr12	65667130	65678567	0f8cca1a-8433-49ee-88ca-8a631c263de1	65667124	65678571	rev	11401	-3	left	OV3_Cisp1_masked
chr12	67252236	67259605	65454942-c8b2-49d6-99ea-1eff997ad502	67252231	67260445	fwd	7353	-3	left	OV3_Cisp1_masked
chr12	90711244	90725662	e82c6b68-21a5-4f0d-accf-c01287b96d35	90711240	90725668	fwd	14368	-3	left	OV3_Cisp1_masked
chr13	86830955	86843345	239422fc-c8ad-4444-8054-56fafe47f7dd	86830432	86843353	rev	12303	-3	left	OV3_Cisp1_masked
chr13	105818315	105826825	f2cdcbf2-9b39-4b3d-a59b-b25c5509a66a	105818307	105831166	fwd	8480	-3	left	OV3_Cisp1_masked
chr17	12740721	12749476	5fcfb1a2-2e71-417c-83a0-4f71bcfb9347	12740711	12749481	fwd	8725	-3	left	OV3_Cisp1_masked
chr18	3509906	3520899	9fcb526e-3d76-4ca3-948c-e226daceff08	3509786	3520904	fwd	10984	-3	left	OV3_Cisp1_masked
chr2	15351361	15359337	5de0ee08-d481-464b-a1a4-7be13556f5da	15351352	15359343	rev	7876	-3	left	OV3_Cisp1_masked
chr2	17739725	17750212	c1f8b8e6-db20-4671-a20f-0d9a7833103c	17739125	17750389	fwd	10434	-3	left	OV3_Cisp1_masked
chr2	87416792	87418768	d5b0c0dd-2b33-4a42-8f6d-7ffc6fa12bfb	87413549	87431213	fwd	1266	-3	left	OV3_Cisp1_masked
chr2	87423314	87426502	d5b0c0dd-2b33-4a42-8f6d-7ffc6fa12bfb	87413549	87431213	fwd	2341	-1	left	OV3_Cisp1_masked
chr2	87414664	87418715	c84535dc-6268-46fd-be82-a3be81f683f2	87414111	87431213	fwd	3120	-3	left	OV3_Cisp1_masked
chr2	100860571	100878356	b4860886-2d64-4c45-90aa-8f12c7f3f128	100860566	100880508	rev	17682	-3	left	OV3_Cisp1_masked
chr2	146839222	146850616	58e1536e-0642-4f2c-9a14-2bf7226e4b5e	146839209	146850622	fwd	11379	-3	left	OV3_Cisp1_masked
chr2	162647720	162654644	14012148-9c90-44b1-aa7f-bda9db9b7fd8	162646271	162656531	rev	6841	-3	left	OV3_Cisp1_masked
chr2	198335136	198341748	a097662c-2131-4c69-b7b7-00cc25659fec	198334775	198341756	fwd	6547	-3	left	OV3_Cisp1_masked
chr2	215375851	215381600	3607c143-73ca-4299-9ab4-b3b7a147f136	215375842	215381604	rev	5701	-3	left	OV3_Cisp1_masked
chr20	29083780	29089574	dc5b603c-40b9-4b07-9bb7-02afb6723031	29083773	29089582	rev	5763	-3	left	OV3_Cisp1_masked
chr20	31051846	31054655	3fe25e77-1339-4430-b40c-d51c9b9a01c5	31051526	31070436	fwd	1979	-3	left	OV3_Cisp1_masked
chr20	31062817	31069746	3fe25e77-1339-4430-b40c-d51c9b9a01c5	31051526	31070436	fwd	5939	-3	left	OV3_Cisp1_masked
chr20	31056150	31061642	78ee738b-fc51-4fd4-9b59-8460791a88db	31052299	31062533	fwd	5566	-3	left	OV3_Cisp1_masked
chr20	31066719	31074896	d1e19435-93a5-4856-9b77-a27d22a28b89	31052798	31074901	rev	3653	-3	left	OV3_Cisp1_masked
chr20	31054076	31057224	5fee887f-ce6a-457e-a2bb-45349aff0852	31054069	31061889	fwd	3103	-3	left	OV3_Cisp1_masked
chr20	31074662	31077523	61a3e260-aa64-4fd4-81c9-ceef779e6f8d	31056401	31078690	fwd	2541	-3	left	OV3_Cisp1_masked
chr20	31072412	31076698	c59646d1-1a2e-4dc9-b3ac-a8a4e723074f	31057030	31077103	fwd	2661	-1	left	OV3_Cisp1_masked
chr20	31071293	31074172	66898fd7-e415-4940-8f7c-ee35a2bbffc3	31058143	31080766	fwd	2859	-3	left	OV3_Cisp1_masked
chr20	31070369	31077788	5514a686-7330-41c5-ab6c-2e401c18367a	31058665	31077795	fwd	6649	-3	left	OV3_Cisp1_masked
chr20	31071189	31074382	bd37ac1d-40a8-45d8-8d40-82d7e35189a5	31059663	31075706	fwd	2965	-3	left	OV3_Cisp1_masked
chr20	31061982	31067019	823c84cb-a2c8-433f-9ca1-0989911fa63f	31060559	31074876	fwd	3148	-3	left	OV3_Cisp1_masked
chr20	31063272	31070709	b73a02bb-4e58-4ddd-95f4-54179b351040	31060926	31076599	fwd	6550	-3	left	OV3_Cisp1_masked
chr20	31062802	31068794	cf5ad76d-1cc8-44a0-9891-81d4fca86b29	31061278	31074395	fwd	5326	-3	left	OV3_Cisp1_masked
chr20	31064047	31068508	db750b1a-317a-4272-b4d1-b5484001ee55	31062880	31070870	fwd	3968	-3	left	OV3_Cisp1_masked
chr20	31072462	31080047	5765bb02-f4bc-4841-a3dd-d0549beccec5	31062827	31080055	fwd	7887	-1	left	OV3_Cisp1_masked
chr20	31070819	31076698	987b3e97-05d9-4580-b47b-25959c7f976c	31070424	31077689	fwd	6058	-3	left	OV3_Cisp1_masked
chr20	31186493	31192035	eba14b76-518e-4113-b283-21b9e81a845d	31186431	31192040	rev	5644	-3	left	OV3_Cisp1_masked
chr22	10722633	10729368	50c67c49-29a1-439b-b234-793216a8b362	10722460	10740157	rev	5859	-3	left	OV3_Cisp1_masked
chr22	26613094	26623722	e3c880be-1cb2-4c03-9467-1dd7f96f0618	26613062	26623912	fwd	10566	-3	left	OV3_Cisp1_masked
chr22	31515018	31520935	8c702685-9c72-4555-b5dd-696c32c8d6b3	31515014	31530311	fwd	5860	-3	left	OV3_Cisp1_masked
chr3	89381866	89387263	50ec97b4-ec50-42be-b1d6-dd154610b95d	89381861	89387275	rev	5362	-3	left	OV3_Cisp1_masked
chr3	110689941	110701353	42bc603c-43b3-4b54-8534-24d4b3be9d06	110689935	110701986	fwd	11358	-3	left	OV3_Cisp1_masked
chr3	156752553	156758581	db94fcf0-7867-4998-a5df-ef088d92006c	156752549	156758588	fwd	5999	-3	left	OV3_Cisp1_masked
chr3	171249965	171256727	9dc858dd-1528-4d1e-857b-add170a7ebb0	171249961	171256736	fwd	6751	-3	left	OV3_Cisp1_masked
chr3	187640562	187649884	476d8188-c35c-4f5f-8403-d1b6179034c4	187640528	187650858	fwd	9264	-3	left	OV3_Cisp1_masked
chr3	190014122	190020906	fd838802-3999-4fdb-9cbe-1a793a2df89f	190013364	190020914	rev	6733	-3	left	OV3_Cisp1_masked
chr4	49106287	49114646	929594ee-f6bc-4592-b72b-05358679b18e	49097071	49114651	fwd	7795	-1	left	OV3_Cisp1_masked
chr4	49129089	49134959	e427b7f1-d950-4fac-b848-131909a50cb6	49107058	49134966	rev	5041	-3	left	OV3_Cisp1_masked
chr4	49143634	49147614	c758e69e-862b-4188-be0a-0ddeaa70e04a	49138579	49147794	fwd	3991	-1	left	OV3_Cisp1_masked
chr4	49153869	49156624	7a524d78-d6fe-4e1f-aa23-54c7b81ef930	49146922	49156630	fwd	2616	-3	left	OV3_Cisp1_masked
chr4	49152352	49156088	07d689f1-70c0-472a-970e-f464128d65f1	49150017	49156631	fwd	3731	-1	left	OV3_Cisp1_masked
chr4	98499316	98506374	ac915d5b-f5a9-4569-a9bb-0958e3177b90	98498467	98506389	rev	7034	-3	left	OV3_Cisp1_masked
chr4	127717447	127721192	151fffa6-2199-4980-8797-20135958702d	127716357	127723175	fwd	3732	-3	left	OV3_Cisp1_masked
chr5	13548156	13553483	52d5758c-7e7c-4948-b5f9-7c7baf81de40	13548151	13558606	fwd	5305	-3	left	OV3_Cisp1_masked
chr5	20635274	20645781	b89c004b-caea-4fd7-9cbd-c83441cce597	20635268	20660380	rev	10493	-3	left	OV3_Cisp1_masked
chr5	49656713	49661865	ba414ecb-e26a-4a26-9abd-c8f7dab30d67	49656261	49661871	fwd	6185	-3	left	OV3_Cisp1_masked
chr5	49656297	49661865	205d9343-d4a7-4bce-b352-2d9036302dee	49656291	49661871	fwd	6235	-3	left	OV3_Cisp1_masked
chr5	90840480	90853677	0aee33e1-34bf-4052-87fc-5e5aa2899391	90840476	90859379	fwd	13128	-3	left	OV3_Cisp1_masked
chr5	148775114	148781788	133b4ea9-9a3c-4a2a-a689-69909fc56364	148775103	148786615	fwd	6678	-3	left	OV3_Cisp1_masked
chr6	39032961	39041366	705154fc-e7ec-4b28-a3d3-944db03975e0	39032719	39051870	rev	8458	-3	left	OV3_Cisp1_masked
chr6	139443981	139453909	917d68bf-18e9-45a4-801a-08996dd86600	139443976	139453922	rev	9859	-3	left	OV3_Cisp1_masked
chr6	155409734	155416565	519bc4f8-31a1-4230-a415-c71f53c0ecb8	155401203	155418640	fwd	6796	0.544494	left	OV3_Cisp1_masked
chr7	51320538	51332167	c75c98c4-f2bc-4b35-b665-8772c6c48d8b	51319937	51332399	fwd	11583	-3	left	OV3_Cisp1_masked
chr7	149520964	149529501	4f9a4b3b-86a8-4508-9ab1-004f912d5251	149520958	149530053	rev	8459	-3	left	OV3_Cisp1_masked
chr8	34433454	34441422	e3316999-cb25-4cde-8553-431fcf241cf9	34433441	34449599	rev	7936	-3	left	OV3_Cisp1_masked
chr8	34444527	34462784	f950fcc5-f75b-4221-af62-ea44fbc1a53c	34444143	34478345	rev	18173	-3	left	OV3_Cisp1_masked
chr8	55284214	55286745	dfb993a8-21b4-477a-b1b3-0c7be22ab3d6	55281667	55293030	rev	2460	-1	left	OV3_Cisp1_masked
chr8	79410043	79414027	8a650ead-2424-43b4-90c1-14c33a740200	79410037	79415397	fwd	3971	-3	left	OV3_Cisp1_masked
chr8	80352555	80368019	12e3ee27-bcb0-4b0a-9c07-86f5ed7ddeb1	80352548	80368100	rev	15410	-3	left	OV3_Cisp1_masked
chr9	2073652	2096298	e549dc16-f0dd-406d-85a0-2840da3d24c1	2073648	2096800	fwd	22408	-3	left	OV3_Cisp1_masked
chr9	11059259	11065816	4e7f16c9-10e7-4ac6-8d7f-d1c056f2af84	11056839	11065823	rev	6557	-3	left	OV3_Cisp1_masked
chr9	16660132	16665599	5d79dcc0-b962-4ddf-9a31-a32e34d5110b	16660123	16665603	rev	5477	-3	left	OV3_Cisp1_masked
chr9	43319128	43321975	0716c11a-56c1-4d64-8601-a38d333b0186	43315876	43332174	rev	2590	-3	left	OV3_Cisp1_masked
chr9	97115680	97123393	d1aaf4ae-8c05-478b-a2d4-863c542e8959	97115674	97124931	rev	7697	-3	left	OV3_Cisp1_masked
chr9	131240454	131247744	d2dcac35-06c9-4fbf-96ec-cafc1bff84ca	131239581	131253779	rev	7293	-3	left	OV3_Cisp1_masked
chrX	90103436	90109754	f0cd8d96-274a-478a-ae5a-7023b99182a4	90103425	90121681	fwd	6320	-3	left	OV3_Cisp1_masked
chrX	119650929	119669785	57fd5ef4-ef1f-4a4c-9002-2a1a3725d724	119649029	119669791	fwd	18753	-3	left	OV3_Cisp1_masked
chrX	152886441	152896294	bf81299c-2cf3-4729-bbdb-6b2af8215c49	152886435	152901463	fwd	9799	-3	left	OV3_Cisp1_masked
chr1	1750428	1760088	876651bd-c207-47cb-8260-2b76365d5a23	1748526	1764431	fwd	9632	-3	left	UWB_Cisp0
chr1	3569076	3573859	92448c87-d57c-4ce1-875f-7e391594bb09	3563791	3573865	rev	4746	-3	left	UWB_Cisp0
chr1	5364381	5374727	f8283be1-8bd4-4efe-a098-9d72cc2e4e21	5361251	5385372	fwd	10327	-3	left	UWB_Cisp0
chr1	5940100	5945481	5b17d4f3-aa8d-41c4-843d-079935997e35	5938607	5946980	rev	5344	-3	left	UWB_Cisp0
chr1	7995757	8001224	e02c9e88-0e99-453a-ac11-609d6e527915	7990165	8006595	fwd	5429	-3	left	UWB_Cisp0
chr1	9988704	9997716	0cb67200-6435-4400-bfbc-fb24795db75c	9986767	10002885	rev	8983	-3	left	UWB_Cisp0
chr1	18986212	18992573	4ca19fae-3214-41de-a306-26a2f9fa464d	18986201	18992587	fwd	6330	-3	left	UWB_Cisp0
chr1	20361174	20371883	742aaf2e-1b27-4fb4-9bc1-51b0fd14253d	20361168	20380458	rev	10660	-3	left	UWB_Cisp0
chr1	26420072	26432804	0b323efb-ea72-45c6-8dda-cff3e20ed9be	26418410	26433142	fwd	12685	-3	left	UWB_Cisp0
chr1	26479491	26485444	5fba7be8-790b-41ef-8173-6294ce174c7b	26477534	26489902	fwd	5950	-3	left	UWB_Cisp0
chr1	27232988	27236698	ad694848-2e5b-4cbb-8fe9-ea6f4c7e8abc	27226197	27236703	fwd	3645	-1	left	UWB_Cisp0
chr1	28502990	28510351	cbc6c9c3-fafd-40bc-b40c-fdc9df4d1473	28502976	28517428	rev	7415	-3	left	UWB_Cisp0
chr1	28996496	29005125	66e4e179-1fbe-4d23-b73e-6fbe0c3c98fa	28996491	29007367	rev	8584	-3	left	UWB_Cisp0
chr1	30959864	30965711	cbb41624-af40-412b-8d79-e1207db9a325	30957904	30965718	rev	5771	-3	left	UWB_Cisp0
chr1	37423935	37426926	2b715515-7066-4295-b416-ad9d88e92f0b	37423929	37431534	fwd	2987	-3	left	UWB_Cisp0
chr1	37690814	37697210	5a251473-3155-4844-a5a3-8608dd8878f7	37690808	37697221	rev	6383	-3	left	UWB_Cisp0
chr1	40197377	40204289	f6511379-bf5a-45b3-b891-16e0b7c0f3fc	40197366	40208428	rev	6904	-3	left	UWB_Cisp0
chr1	41882757	41889357	df34726b-482c-4982-ac26-1fb847d467a0	41882752	41890595	rev	6561	-3	left	UWB_Cisp0
chr1	41976862	41981748	2e2f68bf-de1a-4d35-8380-9d06ea782195	41975305	41990819	rev	4876	-3	left	UWB_Cisp0
chr1	42849423	42857889	2984fd42-63c7-435c-b4db-e7e89cff478a	42849418	42857957	rev	8439	-3	left	UWB_Cisp0
chr1	43060015	43064885	e2776ac3-7a61-490d-9768-d36d41ca12a8	43055798	43076451	fwd	4847	-3	left	UWB_Cisp0
chr1	43546221	43550414	75b51dd4-6fe5-4286-88e6-1920899e4400	43545244	43550734	rev	4190	-3	left	UWB_Cisp0
chr1	47313297	47316968	9d3aa54a-4d67-4902-83ab-cec837a61b52	47313289	47320842	fwd	3668	-3	left	UWB_Cisp0
chr1	51003235	51011506	6badf0cb-b38c-43a7-977c-9431efb600e2	51001117	51011512	fwd	8265	-3	left	UWB_Cisp0
chr1	54605924	54615774	7a9f6764-9f43-4a69-8174-0d43fb85c669	54605920	54615782	fwd	9811	-3	left	UWB_Cisp0
chr1	67170573	67177534	580086ee-2485-430f-a211-ad1cc05759d8	67164058	67184713	fwd	6966	-3	left	UWB_Cisp0
chr1	69967899	69978010	646b0bb9-6be8-418c-b4ec-10da8d502bbd	69956366	69989233	rev	10131	0.216135	left	UWB_Cisp0
chr1	72419249	72427032	3626e5a9-eeb3-4cc8-8f46-12a3ac067115	72416555	72431084	fwd	7754	-3	left	UWB_Cisp0
chr1	73939346	73945088	b51008db-9b55-43ac-8052-8e44b6a8841e	73934013	73961474	fwd	5769	-1	left	UWB_Cisp0
chr1	82323645	82328309	66a9ab6d-231e-47f6-a2a3-86c7bf5ded19	82323641	82330221	fwd	4838	-3	left	UWB_Cisp0
chr1	83715302	83725407	fb03ff8d-7172-4d14-abfc-0a99510492f5	83715291	83725415	rev	10043	-3	left	UWB_Cisp0
chr1	85740969	85746450	4cfa0576-0695-406b-8778-c31230eb39d0	85739734	85750966	fwd	5413	-3	left	UWB_Cisp0
chr1	87075294	87082154	90644f48-6b07-447c-85b4-b6abc04ecde1	87075285	87085231	fwd	6848	-3	left	UWB_Cisp0
chr1	87753208	87760289	a9444558-0a37-46e5-904a-8cbe29c1ab45	87753203	87761676	fwd	7046	-3	left	UWB_Cisp0
chr1	88740760	88747901	8703a0e9-431c-4ec5-8d62-2103ba6b420a	88740754	88749111	rev	7126	-3	left	UWB_Cisp0
chr1	88828220	88833702	f71c80a2-d2d0-4a9e-b601-5c62656ecc56	88823528	88839875	rev	5435	-3	left	UWB_Cisp0
chr1	89561195	89566063	1e1e7dfb-3c71-4474-be41-dbdb86f00999	89551133	89567004	fwd	4855	-3	left	UWB_Cisp0
chr1	92927441	92935074	e1432b76-bd0f-4017-891f-e74c402ebd4d	92924016	92936444	rev	7569	-3	left	UWB_Cisp0
chr1	92955818	92964043	6c16156d-6b7d-4965-a4fa-da7f8e3efab3	92949228	92964061	fwd	8208	-3	left	UWB_Cisp0
chr1	96528843	96532876	9ffe0f92-02d8-48c5-84be-736676ed933a	96524891	96545386	rev	4001	-3	left	UWB_Cisp0
chr1	96904332	96910058	4abcc634-f394-4ab0-b097-dfde1a22cb2b	96902883	96911827	rev	5671	-3	left	UWB_Cisp0
chr1	97763806	97773402	0a3ad624-e31b-4ac5-a3cc-a1c1c480625d	97763799	97773421	fwd	9538	-3	left	UWB_Cisp0
chr1	97901167	97909980	0fe502ed-cbc7-4b28-9024-ba0885a9cc5b	97899459	97911143	fwd	8787	-3	left	UWB_Cisp0
chr1	99029019	99038811	fa8cae02-e858-4e04-a3bb-93964dbabead	99029005	99039899	rev	9734	-3	left	UWB_Cisp0
chr1	99645608	99654160	e4eb4aa0-5657-49ac-b528-79522630ab07	99641314	99657187	fwd	8521	-3	left	UWB_Cisp0
chr1	106009235	106016228	4229c9a9-d22d-448f-ae2f-b5e0d6ce2849	106009225	106016236	fwd	7007	-3	left	UWB_Cisp0
chr1	109189106	109200925	0d839003-9da9-4b83-b0ab-e1c74700b56b	109185957	109200998	rev	11788	-3	left	UWB_Cisp0
chr1	110340486	110348227	bf335457-d2ca-4350-b4a8-45a6a2370b54	110340353	110352568	fwd	7658	-3	left	UWB_Cisp0
chr1	110599911	110607550	e88e93d8-1ad8-42ab-b87f-04cf35beddf7	110597114	110610494	rev	7623	-3	left	UWB_Cisp0
chr1	117528024	117532833	931847be-1429-46e1-b557-d68c0b5f48d7	117526894	117535292	rev	4774	-3	left	UWB_Cisp0
chr1	118923398	118928277	ca94729c-258c-46ca-be35-74ad782bc3ba	118923393	118936018	rev	4837	-3	left	UWB_Cisp0
chr1	143190418	143229601	fcac3c2c-9c07-42df-9ae7-bf74a0401d59	143184587	143241023	fwd	24487	-3	left	UWB_Cisp0
chr1	143202525	143211841	2b214373-9a0d-4155-8748-4a8061d8ca8b	143185490	143232750	fwd	1566	0.455576	left	UWB_Cisp0
chr1	143219870	143222577	e61ec2d8-68d3-4423-8a59-d19f8dd1c976	143199961	143222585	fwd	1746	-3	left	UWB_Cisp0
chr1	143208145	143214737	f0d04feb-cf2a-477e-a63b-447019eb6add	143206397	143223008	fwd	3680	-3	left	UWB_Cisp0
chr1	143216344	143230933	d861c1b9-04d2-47c8-b18e-dffa651d6685	143206417	143241415	fwd	10376	-3	left	UWB_Cisp0
chr1	143212489	143215624	686c4af4-bf7f-4551-8b55-90b7fe2f78bf	143212483	143220538	rev	2668	-3	left	UWB_Cisp0
chr1	143229069	143235695	93930188-1423-415f-bca1-a152c9d7448e	143227463	143240996	rev	4628	-3	left	UWB_Cisp0
chr1	145415061	145431479	a392a2e8-9c1c-4a19-a934-f8efab169713	145415052	145431484	fwd	16402	-3	left	UWB_Cisp0
chr1	154061789	154068236	8b428e17-15b2-40cd-a9f3-d4881f535ff3	154061368	154073620	rev	6417	-3	left	UWB_Cisp0
chr1	154641157	154645724	2122e3b2-7e01-4a82-8d4a-dd79c3ee2168	154641152	154648835	fwd	4604	-3	left	UWB_Cisp0
chr1	155439289	155453943	392a3807-058b-435d-9f9b-15b466a4e47c	155439283	155453958	fwd	14697	-3	left	UWB_Cisp0
chr1	156584461	156592099	f24eba15-d93d-45f0-981e-0e72058f0e38	156580765	156596183	rev	7607	-3	left	UWB_Cisp0
chr1	160901790	160908396	a49b5b12-e97d-4178-86d4-84d4f4d05515	160900769	160910016	fwd	6544	-3	left	UWB_Cisp0
chr1	161936965	161941056	e2053742-3b30-4777-9a7e-83a13cdaf46e	161934329	161941713	rev	4080	-3	left	UWB_Cisp0
chr1	162713970	162721712	ec379ba4-6044-4eb6-86c3-0e166ae61551	162713281	162722147	rev	7765	-3	left	UWB_Cisp0
chr1	167501251	167510188	4dd14738-8e19-424c-b2f2-e30b2092227c	167501238	167514871	fwd	8907	-3	left	UWB_Cisp0
chr1	171055685	171066965	f9164e8c-7dc9-4df7-a3ac-bb8ddc1bf27b	171053977	171073680	fwd	11239	-3	left	UWB_Cisp0
chr1	173668119	173671955	21e5f8e0-6aca-4836-8794-a132d37702d0	173667909	173678999	fwd	3806	-3	left	UWB_Cisp0
chr1	176676572	176682835	a59c1adb-463a-4a43-8980-12dc0d9376b2	176674339	176687115	rev	6217	-3	left	UWB_Cisp0
chr1	177698535	177705111	954390a5-811c-48a0-963b-b4ac6f753057	177696680	177708205	rev	6555	-3	left	UWB_Cisp0
chr1	178854542	178863125	34cec4c3-e046-4a67-b858-5cdd05be450f	178854532	178863243	fwd	8525	-3	left	UWB_Cisp0
chr1	182704958	182708852	391aa6ee-9961-42af-b03f-76860b8fba19	182690258	182714470	fwd	3900	0.238823	left	UWB_Cisp0
chr1	183806531	183815265	186128f1-8139-4b37-8241-9deb335e41d9	183803555	183820574	fwd	8650	-3	left	UWB_Cisp0
chr1	184530390	184537666	6d3418a1-eaa5-4143-8c5f-417ed46e3fdc	184530386	184537679	fwd	7242	-3	left	UWB_Cisp0
chr1	186766891	186773559	1ba034b4-c90e-45e1-9522-1efc384bb207	186766538	186774981	fwd	6639	-3	left	UWB_Cisp0
chr1	189655231	189660833	42300ed5-37d1-4197-90d6-1d1c9fab46da	189655226	189664971	fwd	5590	-3	left	UWB_Cisp0
chr1	193532853	193537175	58600f1b-83e5-414d-aedd-f9c65732765a	193532846	193545572	fwd	4298	-3	left	UWB_Cisp0
chr1	193539355	193542698	58600f1b-83e5-414d-aedd-f9c65732765a	193532846	193545572	fwd	3320	-1	left	UWB_Cisp0
chr1	195020584	195032213	0a79af62-20c7-4ecf-81e2-272e31cf7e54	195020516	195033344	rev	11584	-3	left	UWB_Cisp0
chr1	212103434	212120547	dc2c15b6-341f-4151-98df-6a1dcd52242d	212103429	212124670	fwd	17129	-3	left	UWB_Cisp0
chr1	213681902	213690354	5083edf3-5278-4a92-914d-eb337f3083c4	213680519	213696077	rev	8423	-3	left	UWB_Cisp0
chr1	223521030	223526699	8d53398c-a028-42d8-8993-619c168f3832	223521024	223535448	fwd	5641	-3	left	UWB_Cisp0
chr1	223840224	223847706	4a37bcda-b273-40fb-9b06-93660f8bd53d	223840220	223856403	fwd	7475	-3	left	UWB_Cisp0
chr1	225307294	225317039	f74cc4af-ef27-488d-94a1-e678b13334e1	225306413	225323310	rev	9730	-3	left	UWB_Cisp0
chr1	225883772	225887428	96ccadba-bd48-4c9f-85f7-f750bd156bac	225883768	225897343	fwd	3645	-3	left	UWB_Cisp0
chr1	229913099	229919353	aac4b983-7cf0-4a59-b8cd-0f97686bcde8	229912162	229922505	fwd	6230	-3	left	UWB_Cisp0
chr1	231407545	231415271	cb049439-a684-4b6a-b1e0-bb790035c119	231407539	231418163	rev	7666	-3	left	UWB_Cisp0
chr1	237221630	237230541	f83cbf70-a048-45f9-a1ce-42d1d232e518	237216871	237230546	fwd	8803	-3	left	UWB_Cisp0
chr1	237363523	237370083	c63e9765-7675-411c-a55d-b959cfae5ede	237363512	237370101	rev	6584	-3	left	UWB_Cisp0
chr1	239119481	239125501	22532e85-01e7-49fa-a119-260beb557a5a	239119474	239125513	fwd	5971	-3	left	UWB_Cisp0
chr1	240219010	240225776	949e1c9d-7377-497f-ada7-9e07f39aae40	240215023	240228908	fwd	6757	-3	left	UWB_Cisp0
chr1	241379879	241390323	b801c7e8-bd63-4b9d-970d-4d09bfac876a	241379874	241396452	fwd	10415	-3	left	UWB_Cisp0
chr14	20558899	20564379	8d886e25-4297-4fcd-aeca-4dfcf9c7b5c7	20558894	20571006	rev	5456	-3	left	UWB_Cisp0
chr14	22590118	22600798	03a1f6e3-be0c-4ed5-9524-234e05d72ef2	22584316	22632755	rev	10567	-3	left	UWB_Cisp0
chr14	22644281	22651096	51911ac5-299f-4e05-bfa1-11406eaec578	22644277	22654361	fwd	6748	-3	left	UWB_Cisp0
chr14	26235442	26240970	204ba9d5-e055-43fc-b06b-6c2bc0111f2f	26235434	26241230	fwd	5498	-3	left	UWB_Cisp0
chr14	26609356	26618459	20342d1e-0c7e-41f2-91bc-b749cf51a868	26607944	26623521	rev	9071	-3	left	UWB_Cisp0
chr14	30756278	30763521	6f9dea3f-ab00-43c7-bbc0-67b53a76a417	30756262	30764875	fwd	7265	-3	left	UWB_Cisp0
chr14	31005004	31008595	036b4617-4751-44e3-9029-9598ac4f3732	30998044	31008600	rev	3557	-3	left	UWB_Cisp0
chr14	32791795	32796567	c431d96a-b0ae-46b9-926f-65edf8016f11	32789491	32798839	fwd	4764	-3	left	UWB_Cisp0
chr14	34270689	34278416	0b5fb633-3a1d-4c8c-b526-e8177b974f67	34258359	34279738	rev	7666	0.08619	left	UWB_Cisp0
chr14	37642580	37648642	a27ac3be-d417-41d5-aac0-c15f93826f40	37642573	37652851	rev	6017	-3	left	UWB_Cisp0
chr14	38838025	38850066	7901fe3f-0a0f-4af0-95e1-bc5f261066d1	38831789	38868767	rev	11976	-3	left	UWB_Cisp0
chr14	42801068	42814622	535361db-62f6-4da6-a3db-f96e88577d53	42798612	42830796	fwd	13475	-3	left	UWB_Cisp0
chr14	48697475	48703341	0abc5f0a-1cc6-486c-a037-6d8309ad2623	48695998	48707665	fwd	5860	-3	left	UWB_Cisp0
chr14	55998941	56004867	2420804d-aeae-4235-b71e-7ae8e173818e	55998934	56013759	rev	5897	-3	left	UWB_Cisp0
chr14	57013658	57022497	d6f99231-130c-42bb-93e0-80ecb29bbc20	57013550	57027052	rev	8784	-3	left	UWB_Cisp0
chr14	64134340	64141001	a1f0b8d7-4a13-4a9b-9a0e-a04a0d9bd412	64134332	64143713	rev	6624	-3	left	UWB_Cisp0
chr14	65837899	65841157	98306b5c-54d7-4a9c-ba9c-3a2ab66e7d08	65827096	65842385	rev	3247	-3	left	UWB_Cisp0
chr14	80559391	80568492	bb3777b0-47d6-43db-bcf6-7cb782ecdf04	80559386	80568501	fwd	9080	-3	left	UWB_Cisp0
chr14	89238749	89245470	d51d6c43-1a6f-4137-8371-2039c7e9a0b9	89238742	89248406	rev	6663	-3	left	UWB_Cisp0
chr14	102873170	102885131	7fde0dc9-8be5-4b6b-9497-b57a31bc178c	102870836	102888293	fwd	11931	-3	left	UWB_Cisp0
chr15	23837068	23842541	f1c1b89a-8b1e-44e2-b77a-86bf9277f0a0	23837063	23850013	rev	5443	-3	left	UWB_Cisp0
chr15	39363690	39371489	75ac9eee-962c-405e-b4d8-ad75bd9fd39a	39361939	39373294	fwd	7774	-3	left	UWB_Cisp0
chr15	42411978	42419182	180d96ae-fb23-4a5a-bb7d-04cf5cb662de	42411973	42420172	rev	7168	-3	left	UWB_Cisp0
chr15	44311344	44316255	ca14080d-4e18-4bf9-ac68-e40fb84270a6	44309880	44319165	fwd	4847	-3	left	UWB_Cisp0
chr15	49223988	49234253	d43edd9c-3a61-4563-81b6-df354525809c	49223983	49234257	rev	10265	-3	left	UWB_Cisp0
chr15	50360003	50364026	911572e5-a290-46a9-bd18-0b169a01d958	50359288	50369497	rev	3997	-3	left	UWB_Cisp0
chr15	51963433	51973244	2cf73812-61fb-4867-9de9-1750b94bfcbb	51963428	51973248	rev	9773	-3	left	UWB_Cisp0
chr15	58916147	58924095	7dee636d-aebe-4f6e-807c-9150b252483f	58912444	58932391	fwd	7928	-3	left	UWB_Cisp0
chr15	59254082	59262442	b942f66f-7c3d-4982-9e08-1d7a56c06f9a	59254076	59262447	fwd	8312	-3	left	UWB_Cisp0
chr15	61048063	61059832	e26bc180-2f43-4c50-bd8e-9911f8f443c5	61048058	61059838	rev	11766	-3	left	UWB_Cisp0
chr15	61372373	61377877	14ecc597-6afa-4680-b150-1f49ec292a78	61371986	61386942	fwd	5470	-3	left	UWB_Cisp0
chr15	65642353	65647160	11a47da4-b60b-45c6-9844-413842f69262	65642335	65649702	rev	4816	-3	left	UWB_Cisp0
chr15	67406725	67412758	3f77362b-71e1-4ece-b547-321ebe03c4bd	67404372	67414309	rev	5972	-3	left	UWB_Cisp0
chr15	74407741	74415401	52707d5e-ae69-4e40-bed5-256a139e73fe	74407734	74416488	rev	7637	-3	left	UWB_Cisp0
chr15	75269286	75275143	3436f292-7d99-4313-8166-9b21aeed28cb	75269279	75277820	rev	5855	-3	left	UWB_Cisp0
chr15	82793014	82797893	ebda5dbb-06ed-4e19-9f25-4fd7eb2eeec4	82789002	82807741	rev	4850	-3	left	UWB_Cisp0
chr15	87795656	87801730	55e70d66-0e5f-49e5-aa6a-224de9f433bb	87791395	87803829	fwd	6060	-3	left	UWB_Cisp0
chr15	89007508	89014278	222609a2-3df4-4553-90d4-8a59d775b1f9	88999635	89018627	fwd	6772	-3	left	UWB_Cisp0
chr15	90696674	90706245	7d07183d-4e0c-48d4-a9ec-6019e39ab67d	90696666	90709167	rev	9510	-3	left	UWB_Cisp0
chr15	90722257	90733870	ec6e6aba-de56-4031-8f5a-4d9714bc4443	90722246	90736191	fwd	11587	-3	left	UWB_Cisp0
chr15	94412909	94419412	f8ff0a22-a943-4f4e-8457-d4f2cce7c1a2	94412903	94428271	rev	6454	-3	left	UWB_Cisp0
chr15	95617648	95624246	1e34d56b-2573-4274-9a60-1b44b39c03f7	95617644	95632743	fwd	6574	-3	left	UWB_Cisp0
chr16	7500132	7506053	94233342-c606-4594-83eb-9824c8c35c80	7500126	7515054	fwd	5828	-3	left	UWB_Cisp0
chr16	21948091	21953926	a99ad6ea-9dad-4e91-b1bd-9cc868730a04	21947941	21962939	fwd	5810	-3	left	UWB_Cisp0
chr16	23353505	23358661	155fc1a2-a2f3-4bba-b97a-d1b12cee9ae6	23351259	23361338	fwd	5102	-3	left	UWB_Cisp0
chr16	27964877	27973762	7eb9f492-aa34-4442-875f-8fe20adec02f	27964868	27976543	fwd	8919	-3	left	UWB_Cisp0
chr16	29720115	29730594	42f45d22-216c-41a0-95c4-d7bdfbaa4f7c	29720109	29730598	rev	10473	-3	left	UWB_Cisp0
chr16	30072139	30080666	1411a736-2cf3-45d5-86bf-4b0aaf3c28b0	30069092	30085244	fwd	8494	-3	left	UWB_Cisp0
chr16	46385902	46398222	8e74fffe-a362-4224-a099-d1aea0ee67c2	46382552	46401669	rev	7107	-3	left	UWB_Cisp0
chr16	46385938	46392702	fbb23419-ee3b-4e57-9de3-022c158fb9c4	46382554	46406074	fwd	5189	-3	left	UWB_Cisp0
chr16	46383897	46399178	a52878f2-c0e9-4796-87d7-b673dda05b20	46382877	46405614	fwd	9506	-3	left	UWB_Cisp0
chr16	46391605	46394706	073c491b-6d5f-4178-8226-34288ea88b6b	46385081	46403454	rev	850	-3	left	UWB_Cisp0
chr16	46392750	46403934	9f4c8e33-2fa8-429d-a302-5cf89035a8b9	46385225	46404014	rev	6600	-1	left	UWB_Cisp0
chr16	46386142	46399091	a9d7d663-1188-40e4-9a1b-380037ae3313	46386138	46400726	fwd	10806	-3	left	UWB_Cisp0
chr16	46391605	46399034	352393aa-ec3e-47a6-8c86-b2a638bc7c48	46386142	46403379	rev	2464	-3	left	UWB_Cisp0
chr16	46391224	46397299	b01967c8-c8d2-498c-8b6c-a52418bf1aff	46386470	46405207	fwd	1050	-3	left	UWB_Cisp0
chr16	46396269	46410166	b8573561-4e52-4db7-b7ad-029e9382101f	46388073	46410173	rev	10962	-1	left	UWB_Cisp0
chr16	46397912	46408851	6a084001-33c3-44dc-872c-32eb153cf1f4	46389109	46409465	rev	8089	-1	left	UWB_Cisp0
chr16	47566527	47573800	05a5266c-9ebb-477d-b64d-739944f94766	47566518	47581064	fwd	7209	-3	left	UWB_Cisp0
chr16	53023598	53032466	facd91b7-01a2-4ffb-8e18-61d76a1c7b5c	53022009	53034114	fwd	8841	-3	left	UWB_Cisp0
chr16	54100660	54104654	65e82dc3-2ef2-47d4-b9b5-7ecdfa1b9ead	54100656	54107914	fwd	3957	-3	left	UWB_Cisp0
chr16	55248011	55252396	acbd3d02-9c71-4c8d-bf4d-0cbf9473d839	55247953	55265275	fwd	4358	-3	left	UWB_Cisp0
chr16	56461003	56470164	0c3c7570-508d-42c0-8f79-5b9c9194187e	56459077	56470174	fwd	9129	-3	left	UWB_Cisp0
chr16	74530188	74543569	98e108e9-d75c-4a16-8d36-13b7100571e5	74527556	74543574	fwd	13384	-3	left	UWB_Cisp0
chr16	75413544	75421626	83ed5c32-5053-4a9a-afb9-6556f7785f19	75412770	75421641	fwd	8022	-3	left	UWB_Cisp0
chr16	76430393	76441257	652e4cad-49e6-4160-b1cc-51292005f9b7	76420974	76464038	rev	10807	0.455925	left	UWB_Cisp0
chr16	79818710	79823749	8470f4a5-9d22-435b-bb09-f3917328eb4b	79818703	79827033	rev	5070	-3	left	UWB_Cisp0
chr16	82156112	82160637	6884f847-cc12-4df6-a82a-5712f96e1763	82151128	82172060	rev	4491	-3	left	UWB_Cisp0
chr16	84542914	84551725	ecfad7bc-5939-4ee5-8575-b0cd4a0e6a38	84542905	84551731	fwd	8796	-3	left	UWB_Cisp0
chr16	87077503	87087662	e15fcb3c-dd8c-4f9b-8852-196798948547	87076295	87087672	fwd	10048	-3	left	UWB_Cisp0
chr16	89189528	89195302	35e86da3-71ec-4c5f-ac92-8eeeb71ef2b4	89189512	89205932	fwd	5794	-3	left	UWB_Cisp0
chr16	89501485	89514705	41139972-7b92-45f2-9e8e-11e17427438e	89485752	89518125	rev	13229	0.127869	left	UWB_Cisp0
chr17	8108097	8113193	9afa62b9-d831-4fa8-84d3-885c31e8b30d	8108081	8120714	fwd	5080	-3	left	UWB_Cisp0
chr17	11854307	11865328	7e3db948-0744-49fd-a44b-bd0ec23a6374	11854302	11866149	rev	10999	-3	left	UWB_Cisp0
chr17	16232072	16243262	0dcab4d5-5f0d-406c-83e2-2f92c0a0c302	16230549	16253422	fwd	11112	-3	left	UWB_Cisp0
chr17	26810385	26817359	44ae45d9-6a59-41b7-b26e-622d9698bec5	26810377	26818314	rev	6859	-3	left	UWB_Cisp0
chr17	27040093	27043497	587a23c0-8e77-407c-834b-21a66c19ba49	27031296	27047113	fwd	3405	0.520031	left	UWB_Cisp0
chr17	27640683	27651846	d32ca8d3-d554-43f4-b255-cdfdcb97d926	27636856	27652774	fwd	11130	-3	left	UWB_Cisp0
chr17	34183002	34188524	574572fd-d80c-4dc1-b76f-fc021da47f41	34182995	34190288	fwd	5513	-3	left	UWB_Cisp0
chr17	35540788	35550498	254db1f9-05a6-47a1-aeda-698364b11fbc	35540780	35553656	fwd	9682	-3	left	UWB_Cisp0
chr17	47410281	47419878	505e9cc0-34eb-42a7-8a31-1167ac17bb74	47409815	47431279	rev	9538	-3	left	UWB_Cisp0
chr17	47591267	47597629	286dc783-4182-4c3d-bd19-7725acc22d23	47586434	47597641	rev	6329	-3	left	UWB_Cisp0
chr17	50196895	50202538	4700f406-e1b7-4fd6-b8cc-f975e03ca93d	50195752	50206419	fwd	5583	-3	left	UWB_Cisp0
chr17	53542726	53551528	da543d12-abe8-4161-963e-51b61f4a0dfd	53542719	53554952	rev	8751	-3	left	UWB_Cisp0
chr17	53788211	53794528	0cd9c0e4-1bcb-4aef-a1b2-726782720127	53780526	53805954	rev	6276	0.415823	left	UWB_Cisp0
chr17	66206238	66215647	046d3416-1e25-46ac-be86-c6553747661c	66204104	66220076	rev	9366	-3	left	UWB_Cisp0
chr17	68405362	68412313	74a2c895-379a-4644-b71e-dd6dfb10d318	68405356	68413471	fwd	6931	-3	left	UWB_Cisp0
chr17	71128377	71137894	5adb6259-574a-4e7f-a64d-973317e52189	71128369	71140338	rev	9446	-3	left	UWB_Cisp0
chr18	495191	500752	06023461-1727-441c-a154-41e43db566b5	492315	502332	fwd	5557	-3	left	UWB_Cisp0
chr18	563415	571618	b361d485-e564-48ff-8cb2-6e2c8e2e20b4	562545	577767	fwd	8213	-3	left	UWB_Cisp0
chr18	2299917	2314552	32fa2662-6097-498a-bcb6-744e1b6188a9	2299328	2314558	rev	14579	-3	left	UWB_Cisp0
chr18	5672833	5681707	aa1208ad-2f24-4eb8-a8d3-b6a7b618c1fb	5672623	5681712	fwd	8894	-3	left	UWB_Cisp0
chr18	8456682	8470894	f28c1ce4-082a-4a07-806b-10183160b2a6	8456677	8472925	rev	14176	-3	left	UWB_Cisp0
chr18	9614982	9620983	1095f2be-b000-4e82-abdc-1590277e2bab	9582283	9621360	fwd	6064	-3	left	UWB_Cisp0
chr18	29096566	29102963	7254e79c-7edd-4923-86dc-b502d501e8ab	29096562	29106063	fwd	6402	-3	left	UWB_Cisp0
chr18	32910324	32918577	3f190b63-90b8-4b3b-b828-58ed4c17bb29	32910315	32920033	fwd	8211	-3	left	UWB_Cisp0
chr18	35063330	35068699	87f3c8a2-4836-45e8-beb5-3b6e7089db0f	35063317	35076572	rev	5331	-3	left	UWB_Cisp0
chr18	36083252	36091877	12ae591d-cf90-4f1d-ae1f-a16d297ea3b1	36082263	36094269	rev	8554	-3	left	UWB_Cisp0
chr18	43452472	43456488	820653ae-8edc-46e6-96a9-dd60381a6992	43452466	43466034	rev	3990	-3	left	UWB_Cisp0
chr18	47151632	47158949	5e500e79-e727-4cd2-8fe9-8dbf0425b2f7	47133167	47158954	rev	7252	0.489719	left	UWB_Cisp0
chr18	51945409	51954720	0e138a32-3ca3-4ad8-b189-d4f325a10922	51944888	51955958	rev	9205	-3	left	UWB_Cisp0
chr18	58563511	58570917	f990988b-80d0-4a25-ace2-6835609ae958	58563506	58572024	fwd	7361	-3	left	UWB_Cisp0
chr18	61094696	61101246	437e7422-df07-44fa-953e-de7f0d055a8c	61079892	61110760	rev	6491	0.316158	left	UWB_Cisp0
chr18	63016523	63020407	bd63db5e-ea87-4dca-b988-574bb5246be5	63016017	63027481	fwd	3889	-3	left	UWB_Cisp0
chr18	75298769	75307472	a151b916-712f-481b-9613-ab1a91a3940a	75298758	75309188	fwd	8546	-3	left	UWB_Cisp0
chr19	202720	205838	7796d8b4-5b8c-4bca-aaae-b1a4dd844eb5	202337	214076	fwd	3105	-3	left	UWB_Cisp0
chr19	9837385	9845747	ecd7c08b-0a8b-46fe-be4d-cc55696ae262	9837379	9850203	fwd	8378	-3	left	UWB_Cisp0
chr19	17468975	17475897	f6ffe8b0-d2f5-48fe-b5d6-a22851ed584e	17468105	17477035	fwd	6894	-3	left	UWB_Cisp0
chr19	23558984	23568829	4c1c5ca3-e0bf-4412-8374-90c462527959	23558740	23576614	rev	9818	-3	left	UWB_Cisp0
chr19	24345469	24354136	1728cca6-2d35-4ae7-9bd3-530525f234e8	24345462	24356054	fwd	8662	-3	left	UWB_Cisp0
chr19	27837960	27850979	4b50c8e3-c7ae-4d69-a8c9-f86c919dfb64	27837246	27867131	rev	13004	-3	left	UWB_Cisp0
chr19	28139827	28148905	6991a204-4d6f-4297-9f8c-779a5ee1ccbd	28139792	28158838	rev	9085	-3	left	UWB_Cisp0
chr19	29202214	29214026	af5162ae-6f51-42b6-a01f-896093888566	29202206	29223094	rev	11696	-3	left	UWB_Cisp0
chr19	31150562	31154929	98dfc0e5-acc4-433f-9990-1df410871e4e	31150557	31159090	fwd	4329	-3	left	UWB_Cisp0
chr19	32139439	32147015	cb15c537-f31b-4a79-aeff-1ebee7507f84	32128967	32151075	fwd	7584	0.280772	left	UWB_Cisp0
chr19	37231902	37236888	e248f70e-2f01-4953-af59-728a579939bc	37227739	37237801	fwd	4974	-3	left	UWB_Cisp0
chr19	37580402	37595494	3372bd36-eb1a-4daa-ac18-22a61f7205ea	37580169	37597524	fwd	15113	-3	left	UWB_Cisp0
chr19	38601332	38609749	77e36204-8bd5-4735-8376-00660fe5f71e	38601277	38609754	fwd	8387	-3	left	UWB_Cisp0
chr19	43229387	43234883	90ccb5c5-b541-4ce3-80c0-1fdfab4fdb1c	43229383	43238667	fwd	5486	-3	left	UWB_Cisp0
chr19	51254769	51265029	4837a2bd-ade6-482a-9b07-dd61bf62a877	51253509	51266685	fwd	10227	-3	left	UWB_Cisp0
chr19	52804618	52812429	c1b6189a-98b2-4800-8034-5db2d91dee13	52803782	52812438	rev	7684	-3	left	UWB_Cisp0
chr2	1157475	1164672	1431c931-ba5a-45d8-b063-8d091ec0b472	1157468	1167532	rev	7183	-3	left	UWB_Cisp0
chr2	1709685	1719258	efa16451-6815-401c-a8f2-08db9052b808	1708780	1738351	fwd	9509	-3	left	UWB_Cisp0
chr2	2316758	2322677	32fae790-f75e-4952-b997-47d1a10187be	2315226	2323173	fwd	5913	-3	left	UWB_Cisp0
chr2	9538119	9543811	88d2c2ed-06e7-4180-836a-bcf2268fe3d6	9538100	9549452	rev	5682	-3	left	UWB_Cisp0
chr2	10015872	10026232	a00c226e-cc60-40a6-8cb2-741560d69c7e	10014407	10036519	rev	10333	-3	left	UWB_Cisp0
chr2	14798577	14809950	54acd834-cd44-4bda-b5e6-39f17a97e30d	14792900	14809956	fwd	11281	-3	left	UWB_Cisp0
chr2	15382545	15389138	b2f8cb46-4f9f-4839-8805-494e75ce4b26	15382525	15392724	fwd	6549	-3	left	UWB_Cisp0
chr2	20554726	20562206	77a10317-405b-4c7f-85f5-5e6e71252735	20553510	20572139	fwd	7458	-3	left	UWB_Cisp0
chr2	21768300	21772696	cf142220-f1ad-4fd7-bdd0-7bb0d786203e	21768295	21777787	fwd	4370	-3	left	UWB_Cisp0
chr2	22081397	22084626	93cb4368-327d-4273-a3fa-9573118f4245	22081392	22091942	rev	3209	-3	left	UWB_Cisp0
chr2	22296691	22310961	06553181-ca46-4407-a817-b640de504425	22296651	22311863	fwd	14241	-3	left	UWB_Cisp0
chr2	25940676	25945878	d7b88259-d00a-49a7-a184-57bbaf8d8e7c	25938065	25953843	rev	5183	-3	left	UWB_Cisp0
chr2	28298084	28301116	6131dd59-6e59-4bf9-b571-9989d80c9acb	28292984	28301122	fwd	3031	-3	left	UWB_Cisp0
chr2	28698458	28701570	3ee2b90e-f516-4581-aa37-3ce74d0ffa0e	28696352	28710624	rev	3064	-3	left	UWB_Cisp0
chr2	30165036	30172301	7631a475-e3bb-4bc8-b7b9-714ee9a7d3d2	30157872	30173512	rev	7245	0.533155	left	UWB_Cisp0
chr2	33473319	33479965	3a73cc65-b9f8-45e5-92b1-64ec54dfbf89	33466572	33479971	fwd	6600	-3	left	UWB_Cisp0
chr2	38004304	38016208	ffa63d85-de3c-4fca-9e20-8a261da0185d	38004296	38016212	rev	11876	-3	left	UWB_Cisp0
chr2	40888736	40897840	b519c103-3967-4c8f-88d9-79a90ef5080b	40870377	40897844	rev	9075	0.230366	left	UWB_Cisp0
chr2	42496626	42504357	0a553fcf-4bc4-4af6-abed-954a07e187e6	42496517	42512115	rev	7683	-3	left	UWB_Cisp0
chr2	43972504	43983914	29796614-0075-4ef1-9dc1-491b94ed4d23	43965250	43983923	fwd	11341	-3	left	UWB_Cisp0
chr2	45979745	45984055	7eee01e6-1f13-41b9-8c71-b450f9c265b0	45979739	45989946	rev	4291	-3	left	UWB_Cisp0
chr2	50626293	50634737	0602e869-ef7a-4295-99a4-a00878ca566b	50626289	50637644	fwd	8436	-3	left	UWB_Cisp0
chr2	50755138	50761734	585ba833-7b43-48e1-98b3-ba04bd96e6d3	50752186	50763269	rev	6558	-3	left	UWB_Cisp0
chr2	52049624	52054645	f7519094-5dda-45f3-9913-707803fabb16	52044854	52066440	fwd	4966	-3	left	UWB_Cisp0
chr2	52602712	52608428	b1c13304-5644-4f70-a334-d03630fa2a13	52602704	52608433	fwd	5686	-3	left	UWB_Cisp0
chr2	53506915	53510159	1e223a88-6c31-4ff5-928d-4567373eaf92	53506911	53520248	fwd	3258	-3	left	UWB_Cisp0
chr2	56786562	56795076	9ff2d6f0-669a-4a56-bb87-5d570c5e3d5a	56773352	56795080	rev	8460	0.350871	left	UWB_Cisp0
chr2	59040729	59046982	d7e646ce-4f12-4934-a1fb-2657a7296c34	59038314	59050273	rev	6231	-3	left	UWB_Cisp0
chr2	59297176	59304737	28b81049-7a2c-4284-b2ae-640f713fbe99	59295623	59304746	fwd	7521	-3	left	UWB_Cisp0
chr2	59957168	59968414	4e284b05-0b46-4e7c-8a71-3062b60732b7	59956639	59968419	rev	11172	-3	left	UWB_Cisp0
chr2	63655293	63660554	bcbd11c4-51f4-47c2-b1a2-f4fe4a3dfb63	63655285	63669487	fwd	5226	-3	left	UWB_Cisp0
chr2	64410176	64415799	ce73ef55-d24b-4190-b400-342fa9b1b951	64400475	64417157	fwd	5620	-3	left	UWB_Cisp0
chr2	67065148	67076771	7bf4ee0b-d21f-44b3-b2b2-9811bdc2b8aa	67064245	67078716	rev	11533	-3	left	UWB_Cisp0
chr2	68722907	68732629	df1ce03f-6c4f-4d9b-821b-b5e85828d413	68703583	68742223	rev	9621	0.662559	left	UWB_Cisp0
chr2	68863578	68876939	c3bba9f0-1d33-4d82-bba2-34f056f03247	68863574	68876947	fwd	13408	-3	left	UWB_Cisp0
chr2	73871236	73877014	fe7a72b3-0c7a-4cf0-851e-5bf73fd22c33	73865835	73877020	fwd	5620	-3	left	UWB_Cisp0
chr2	83316264	83330631	8b619749-c707-4c9b-97dc-acc6a79505c2	83316260	83332693	fwd	14342	-3	left	UWB_Cisp0
chr2	84698905	84704601	1c8f1e2b-50e1-4310-851c-6b4612c9d77b	84698896	84722839	rev	5693	-3	left	UWB_Cisp0
chr2	85014808	85022056	b5346333-358b-40be-a214-1d39aa565aa0	85011012	85031330	rev	7219	-3	left	UWB_Cisp0
chr2	85539521	85543208	f77adb2b-97a7-43ca-be56-426decdbce3b	85539223	85557013	fwd	3674	-3	left	UWB_Cisp0
chr2	88603578	88609271	43c7ba81-af9f-4dc4-b046-e8a3e93725c4	88601376	88613481	fwd	5675	-3	left	UWB_Cisp0
chr2	100416805	100421821	3d2ac834-bf26-46f8-85ef-95280b1f0529	100412935	100423251	rev	4996	-3	left	UWB_Cisp0
chr2	102564516	102576792	bb365976-6173-45cf-9437-896bc9872435	102556592	102581893	rev	12267	0.075696	left	UWB_Cisp0
chr2	106857010	106863634	9c2fac19-dadb-4dc8-87f7-354fe9e252f9	106855587	106866165	fwd	6625	-3	left	UWB_Cisp0
chr2	108701772	108709721	c6350bf2-dbb9-4070-9539-2a3ef6a09564	108697031	108712960	fwd	7979	-3	left	UWB_Cisp0
chr2	111855196	111869548	d942df74-a0c6-4ef0-9d20-3e637ccf4d70	111855177	111877456	fwd	14407	-3	left	UWB_Cisp0
chr2	121017979	121030360	18509f5e-5bf7-43f4-aa7b-e6fd0b42687c	121017101	121030368	rev	12395	-3	left	UWB_Cisp0
chr2	121427599	121432586	83f2ae7a-4087-4ab1-8c5e-463262905ac7	121424480	121438128	rev	4935	-3	left	UWB_Cisp0
chr2	123437146	123443975	fbd871f0-2e89-4f52-85ad-6d32fbfb1e11	123433959	123449995	rev	6812	-3	left	UWB_Cisp0
chr2	125670344	125676659	c5d7c8d2-8e4d-4f98-9e1f-bc42dd873ce5	125670334	125684893	rev	6301	-3	left	UWB_Cisp0
chr2	127508582	127511702	516a5308-ca73-4886-8d18-b4e4ffb6dc8b	127508511	127518865	rev	3124	-3	left	UWB_Cisp0
chr2	130357124	130361903	6bf11013-4370-4320-98c3-34419d0e9f46	130356581	130383865	fwd	4757	-3	left	UWB_Cisp0
chr2	130891007	130896948	aab1b2e8-a725-42d4-97da-83c7633ca194	130864767	130896953	fwd	5941	-3	left	UWB_Cisp0
chr2	132659403	132667272	15cd0fc6-03fc-4269-a29a-3454ee7285a3	132659398	132669862	fwd	7842	-3	left	UWB_Cisp0
chr2	134020938	134028225	7ea5ccda-9437-42d5-a41a-3efdcf0d93eb	134018711	134048803	fwd	7280	-3	left	UWB_Cisp0
chr2	140234808	140237950	b95629ea-ca48-46bb-a6bc-46283f5eae9f	140233512	140241627	rev	3116	-3	left	UWB_Cisp0
chr2	145539105	145545036	266cab4d-8268-4233-98f1-41878a6940a2	145539095	145552660	rev	5941	-3	left	UWB_Cisp0
chr2	145704863	145714514	17c18a82-d7ca-44d2-af7a-69975f1549e0	145704853	145729068	rev	9647	-3	left	UWB_Cisp0
chr2	146211421	146217582	d975dba6-96d6-4454-8e76-48fb109ba664	146211416	146223856	rev	6125	-3	left	UWB_Cisp0
chr2	152029849	152035941	9197a37e-49d8-4327-bf9d-2e53e2ad440d	152026081	152048332	fwd	6063	-3	left	UWB_Cisp0
chr2	156876298	156887403	ba9831e4-7649-4a68-a7a8-6794ba030fdf	156871134	156895124	rev	11087	-3	left	UWB_Cisp0
chr2	158374683	158387186	e5b09fb8-d164-4d47-91b1-a7add5a180fd	158374677	158387190	rev	12469	-3	left	UWB_Cisp0
chr2	158831579	158834919	9ddb91ad-45f9-42a9-8005-f9a01d8b94c3	158830191	158837262	rev	3302	-3	left	UWB_Cisp0
chr2	159596535	159610376	a05cd1d3-a53e-458d-9b36-fc81d990be61	159596529	159610385	fwd	13830	-3	left	UWB_Cisp0
chr2	162501955	162509563	5b2b9147-031e-4d4e-be78-997babb0982c	162501948	162519435	fwd	7597	-3	left	UWB_Cisp0
chr2	162691753	162699623	91b316b5-e3b1-4dd2-a8d6-0c16638a63bd	162683355	162700842	rev	7825	0.454572	left	UWB_Cisp0
chr2	163078999	163082253	9178645d-1fc2-4172-89d0-53a55d8662af	163078993	163092069	rev	3251	-3	left	UWB_Cisp0
chr2	166439672	166450214	37109749-8c9f-4bd5-83c5-1c732546366a	166438950	166450218	rev	10446	-3	left	UWB_Cisp0
chr2	171854349	171859915	bb30eacf-dc63-4af6-8dbb-b683a1f3a499	171854345	171859923	fwd	5538	-3	left	UWB_Cisp0
chr2	176030090	176039591	39139fc9-51ef-47b9-b0b5-c5a91e123d70	176030085	176039769	rev	9411	-3	left	UWB_Cisp0
chr2	176714004	176720322	caaf9a3b-b655-4092-b627-666720f3c98b	176708331	176725397	rev	6292	-3	left	UWB_Cisp0
chr2	179814602	179818172	aae66542-b29e-4aa6-bd13-eda37d89a3fc	179814595	179822884	fwd	3541	-3	left	UWB_Cisp0
chr2	180469928	180481096	20127100-65ce-420b-beb9-46166ebea3eb	180460083	180486318	rev	11113	0.246505	left	UWB_Cisp0
chr2	191369098	191375744	d42e6cc9-d478-4127-96b3-a8671ba4dbca	191369093	191381499	rev	6639	-3	left	UWB_Cisp0
chr2	193515525	193526894	d0489953-5808-4942-ae23-bf0a479539a3	193515520	193526901	fwd	11375	-3	left	UWB_Cisp0
chr2	195097233	195104614	640bd752-3c73-4bfc-a1ba-d31a10e55f8e	195097228	195118894	rev	7257	-3	left	UWB_Cisp0
chr2	195169614	195175935	7ad9dcba-c5bc-42bc-895a-e153f8ad9028	195168879	195180385	fwd	6279	-3	left	UWB_Cisp0
chr2	197039076	197043447	bd9f37d1-9f3a-43fe-8b4c-f172fc459893	197038636	197053726	rev	4303	-3	left	UWB_Cisp0
chr2	200163327	200169388	1f3e9fb2-7543-4518-8d0e-c5bb5d267b0e	200163311	200170613	rev	6057	-3	left	UWB_Cisp0
chr2	201566476	201569210	8aa8128b-957b-4225-8545-01bbf3586ce9	201563539	201577302	rev	2726	-3	left	UWB_Cisp0
chr2	205392132	205401036	054f444b-0e7d-4cc1-9ab1-2f050add3082	205389684	205401587	rev	8876	-3	left	UWB_Cisp0
chr2	211186947	211195839	418d3905-b3a9-4d86-a73d-dea11be72ecc	211186413	211203279	rev	8840	-3	left	UWB_Cisp0
chr2	214251025	214258864	3ec88fa0-4283-4eb0-9579-336331d2ad2a	214251021	214258869	fwd	7850	-3	left	UWB_Cisp0
chr2	216303153	216312016	46c9ec5e-8a8e-4cd0-b109-38ba64ad94a3	216303149	216315526	fwd	8817	-3	left	UWB_Cisp0
chr2	225613538	225617076	dbbbc1f3-40bf-4ffd-affe-cd6ff776defd	225613531	225619727	rev	3520	-3	left	UWB_Cisp0
chr2	228455063	228463378	bb19048f-e181-476d-aa36-86fc0cc1515a	228455056	228476257	rev	8325	-3	left	UWB_Cisp0
chr2	231061186	231067317	a1ab80f4-9b44-42ca-9c34-09c87dccad09	231055381	231067321	rev	6154	-3	left	UWB_Cisp0
chr2	232999382	233011132	6e52cfc8-0dcb-4777-b791-870c9a40b87b	232998549	233026498	fwd	11759	-3	left	UWB_Cisp0
chr2	234073405	234079117	d718a403-d233-452f-9259-45f7a263a6ea	234070163	234079126	rev	5682	-3	left	UWB_Cisp0
chr2	241360080	241366219	39b4f8c2-cbd6-461a-b816-c94cad944e29	241356982	241366235	fwd	6150	-3	left	UWB_Cisp0
chr2	241294845	241308487	c5cc72d4-9ca7-4829-a78e-e49c5c6cd12b	241287236	241314959	rev	13569	0.12544	left	UWB_Cisp0
chr2	242130425	242138785	c87789d9-c9a6-4319-ab30-1a8acadd4d4c	242129971	242141640	rev	8416	-3	left	UWB_Cisp0
chr20	2358494	2362388	662843db-111a-4452-99e4-479f4717464d	2358490	2372719	fwd	3836	-3	left	UWB_Cisp0
chr20	8133144	8140286	d9f4f31e-2701-4f4d-9794-3dcfd3354461	8115034	8147871	rev	7055	0.917806	left	UWB_Cisp0
chr20	13100456	13107183	1d15bece-626e-4739-b9a2-8d6a9b79a48e	13100441	13112364	fwd	6682	-3	left	UWB_Cisp0
chr20	22732506	22738265	9d8c51a5-e4b1-4d0e-a649-47605959a483	22731859	22741495	fwd	5733	-3	left	UWB_Cisp0
chr20	24322457	24326368	ca2b036f-be7b-4221-8247-73d20a2004c7	24317459	24329084	fwd	3902	-3	left	UWB_Cisp0
chr20	31066213	31068138	b827eb66-d485-4029-b11d-343cb518a445	31051508	31068512	fwd	1777	-1	left	UWB_Cisp0
chr20	31051696	31057145	fd4d49ef-7ded-41e8-a9c2-32d4ee1f9837	31051544	31060023	fwd	5245	-3	left	UWB_Cisp0
chr20	31074607	31079637	2c2b442a-ab41-4467-ade9-2f7bf4242ca4	31067084	31081003	fwd	5393	-3	left	UWB_Cisp0
chr20	31083135	31086920	f9fe5dcf-390f-4291-9d20-bd9f2617158f	31077911	31089028	fwd	3788	-1	left	UWB_Cisp0
chr20	42344743	42351499	0f7f34d5-62af-4f9f-a5e9-544d5e20c863	42344738	42351564	fwd	6749	-3	left	UWB_Cisp0
chr20	43499736	43509462	295f4cc5-151f-48ad-812e-7903698b7c51	43499729	43519925	rev	9705	-3	left	UWB_Cisp0
chr20	44121731	44133406	a156d2d3-a6cd-4bcf-a722-62afd728934c	44121502	44140089	rev	11704	-3	left	UWB_Cisp0
chr20	45671160	45676591	5a133fe7-e24b-42b2-975d-7b976554a42d	45668359	45676597	fwd	5420	-3	left	UWB_Cisp0
chr20	46726344	46733079	d55d7304-dc66-4856-bd8a-b2648f120ca9	46720724	46735923	rev	6710	-3	left	UWB_Cisp0
chr20	48434097	48441366	bc4b4f89-0d48-4d01-8981-459968ff1e5f	48433957	48443423	rev	7288	-3	left	UWB_Cisp0
chr20	48642850	48649370	8effc8af-6dbb-4418-905d-edb1150c3eb3	48641748	48663798	rev	6525	-3	left	UWB_Cisp0
chr20	48651948	48671393	4072189c-2663-41ce-8d88-f36c069f9c99	48648145	48671398	rev	19392	-3	left	UWB_Cisp0
chr20	52494447	52502418	e1d448e6-1ac1-4afe-b4ea-e2aeb3f8ec7f	52493603	52502427	fwd	7932	-3	left	UWB_Cisp0
chr20	53344906	53354169	c4218048-f4cc-47ea-95a6-42a56c8d6ad7	53344901	53354538	rev	9227	-3	left	UWB_Cisp0
chr20	53849538	53854214	62cc2ff9-4d19-479a-8931-3baa981e67c1	53813774	53854598	rev	4662	-1	left	UWB_Cisp0
chr20	56079991	56088263	5e3e560c-f84d-48f5-a5f7-5b7f22f34cef	56079985	56091096	rev	8231	-3	left	UWB_Cisp0
chr20	58182627	58187445	06602849-b270-4112-8c31-591abb57c530	58178423	58190212	fwd	4832	-3	left	UWB_Cisp0
chr20	58602390	58606245	edc64b7d-4f51-4822-970c-303be22b4131	58602097	58608614	fwd	3821	-3	left	UWB_Cisp0
chr20	59357729	59362840	88222ece-e280-45c1-8958-653951bde9c8	59357611	59367670	fwd	5061	-3	left	UWB_Cisp0
chr20	61069778	61078229	f4dcb768-f754-408e-88b8-c38f37009c81	61069774	61078235	fwd	8456	-3	left	UWB_Cisp0
chr20	61750282	61754837	b4828887-1e73-45d8-b414-2645c8117a6f	61750277	61759219	fwd	4525	-3	left	UWB_Cisp0
chr20	62086383	62095725	b65f65a2-f046-492f-9549-6fbbec22bcf1	62086374	62095730	fwd	9273	-3	left	UWB_Cisp0
chr20	62512519	62525539	297d9341-c0dd-4612-8d56-d73380243d8f	62510462	62528513	fwd	13000	-3	left	UWB_Cisp0
chr21	13913595	13922730	1411c195-ab3b-46e2-8de6-07d2ceaa9177	13912561	13924830	rev	9087	-3	left	UWB_Cisp0
chr21	14528043	14531965	959fe9b7-782a-466f-acc0-f24b42a28139	14526593	14546293	rev	3886	-3	left	UWB_Cisp0
chr21	19395995	19399177	338713f9-2794-4a6f-80ec-1ebce49d455f	19395981	19404734	rev	3138	-3	left	UWB_Cisp0
chr21	22597323	22604074	5a9e8553-cbe9-4654-8696-c20ca911dd04	22597318	22618840	fwd	6715	-3	left	UWB_Cisp0
chr21	23294207	23308299	c076d1b7-72e0-4937-bda5-a5956b6bcfcc	23293670	23308314	fwd	14080	-3	left	UWB_Cisp0
chr21	24277761	24281625	20ed9fda-d677-425f-bceb-b4e3a8d4aef3	24277756	24285899	rev	3834	-3	left	UWB_Cisp0
chr21	25323671	25334625	b4573f19-3a1d-4937-8c89-8edcb807dd23	25323662	25343343	fwd	10849	-3	left	UWB_Cisp0
chr21	36432701	36438253	501367f6-8423-47d1-befc-9322c15edaf3	36431688	36439782	rev	5534	-3	left	UWB_Cisp0
chr22	16767175	16773662	e6601155-7882-4f5f-8bee-e6a5ab6c31b3	16767168	16776291	rev	6478	-3	left	UWB_Cisp0
chr22	17386970	17395266	e6c9c163-b47a-4ecd-bf9f-1853643a0830	17384160	17397262	rev	8293	-3	left	UWB_Cisp0
chr22	17971134	17975930	c70ace10-9138-479a-87d8-ffe8b3bc6a22	17969376	17999683	rev	4825	-3	left	UWB_Cisp0
chr22	18931965	18937895	79c21b03-944f-43c0-b0ef-6680ad09cd5b	18931961	18950708	fwd	5935	-3	left	UWB_Cisp0
chr22	19782647	19789271	40d270bd-2b69-4786-968e-6621a28297c9	19782639	19795891	rev	6635	-3	left	UWB_Cisp0
chr22	21640190	21644576	adf64a68-730b-4efa-a1c6-46b83cae9d67	21634981	21652114	rev	4383	-3	left	UWB_Cisp0
chr22	33700840	33708567	13447990-6c2c-436f-a62b-948f347017e3	33700735	33709516	rev	7681	-3	left	UWB_Cisp0
chr22	35206184	35211866	38e40483-580c-4d61-bf5d-82a4f19d08ac	35206176	35214881	rev	5652	-3	left	UWB_Cisp0
chr22	35263283	35278140	2120e01b-3df5-4c12-a464-748f089a2519	35255056	35279712	fwd	14698	0.152853	left	UWB_Cisp0
chr22	37052854	37058086	238df7b9-fab4-4c00-9d63-1eae41b8970e	37050535	37069880	fwd	5225	-3	left	UWB_Cisp0
chr22	40138974	40147032	2c2e1bb2-3030-4c78-9d5f-8e47a90cf359	40135786	40147037	fwd	8033	-3	left	UWB_Cisp0
chr22	45480094	45491134	92530941-c714-41d2-93e2-107536457d08	45478662	45506209	rev	10991	-3	left	UWB_Cisp0
chr22	47490086	47498749	c306685c-1501-4e07-8434-87c52ba43495	47490082	47500345	fwd	8667	-3	left	UWB_Cisp0
chr22	47901324	47908254	780f0b69-9cc4-4380-8f89-c6b3a99335b0	47901315	47912284	rev	6904	-3	left	UWB_Cisp0
chr3	822379	831467	966a29dd-564d-4f81-b39c-81660af1b26b	822321	835491	fwd	9061	-3	left	UWB_Cisp0
chr3	1269896	1275373	a2d27a6a-12a0-4ead-a7d8-0ca96e0c378b	1263182	1276355	fwd	5428	-3	left	UWB_Cisp0
chr3	1840436	1856527	be6d1f22-ac15-4e28-a843-b08135c066de	1839490	1858062	fwd	16067	-3	left	UWB_Cisp0
chr3	12476532	12483021	1708578e-0c03-4267-8146-6712f023cebd	12471097	12483025	rev	6461	-3	left	UWB_Cisp0
chr3	13641066	13648681	04f4e920-d254-463e-be58-4ce40f5e06e2	13628546	13649183	rev	7583	-3	left	UWB_Cisp0
chr3	17588253	17594776	dcca7906-aa6f-4c4f-81b5-afcd42c58c87	17580281	17594781	rev	6479	-3	left	UWB_Cisp0
chr3	18331074	18340225	382d58f4-46de-434a-a3d6-19536d533019	18331065	18343623	rev	9145	-3	left	UWB_Cisp0
chr3	19770972	19778367	eb527d0e-8b42-4727-868b-6f5d18adde9e	19770968	19781635	fwd	7358	-3	left	UWB_Cisp0
chr3	28626419	28633187	02bcd2f3-f9aa-4182-96e7-07e23109c098	28626412	28638925	rev	6765	-3	left	UWB_Cisp0
chr3	33247558	33252408	ef0c5b05-8655-4767-b81e-4a8f8777ea83	33247554	33252717	fwd	4814	-3	left	UWB_Cisp0
chr3	39695174	39703617	49cf24c0-fc8f-48bd-93db-3676aa5a4862	39693798	39711476	fwd	8431	-3	left	UWB_Cisp0
chr3	44157173	44161286	a2ed45dc-1ae6-431d-9ae4-a12d237a226a	44157164	44164958	fwd	4115	-3	left	UWB_Cisp0
chr3	47056929	47061571	ba11a55e-9d32-45fc-930a-16458104a7b8	47054481	47062621	fwd	4613	-3	left	UWB_Cisp0
chr3	48422966	48435463	455bef6b-fc2e-46fd-8473-08d689f863b7	48422957	48435470	fwd	12435	-3	left	UWB_Cisp0
chr3	51872602	51883341	48aabf9d-79d5-4a16-91d9-b5eb449f4e1b	51872598	51883350	fwd	10658	-3	left	UWB_Cisp0
chr3	52216977	52224949	58fb5bee-e657-444a-8d3a-f2ae08d3dd8e	52216971	52224953	rev	7949	-3	left	UWB_Cisp0
chr3	53618150	53622310	4ee64785-7825-4c10-81dd-cd89d48e1dd9	53616346	53625136	fwd	4155	-3	left	UWB_Cisp0
chr3	54697607	54711103	badecdf0-09c4-434f-84fc-6b01ee2c7cbf	54695779	54719723	rev	13423	-3	left	UWB_Cisp0
chr3	54749513	54754042	cadca18c-97c7-4136-aa51-01a4fd9f02c4	54747277	54759400	fwd	4479	-3	left	UWB_Cisp0
chr3	55600368	55604374	6115214d-ed01-4b4c-9f0a-2e91a47dfa9a	55600362	55620610	fwd	3962	-3	left	UWB_Cisp0
chr3	58211963	58218335	c024ae10-836c-42f1-ac4d-3f28e69cbc0d	58211950	58219329	fwd	6350	-3	left	UWB_Cisp0
chr3	64871461	64898200	e2baabf0-40a5-461f-ad84-b13235fc96d8	64865513	64899858	rev	26591	-3	left	UWB_Cisp0
chr3	64927959	64936798	3c62afd0-c2ab-4878-b44d-a24f151cb0b9	64926897	64939342	rev	8793	-3	left	UWB_Cisp0
chr3	68253897	68259555	26c711cd-e8b3-48be-8851-d336221e2585	68246394	68269280	rev	5609	0.210696	left	UWB_Cisp0
chr3	77335423	77340574	03853835-95a1-424c-9afe-6be98cee613b	77335418	77345365	rev	5125	-3	left	UWB_Cisp0
chr3	86299709	86309610	7105c105-59d1-48fd-b6b5-4aef16b9f509	86299610	86314070	fwd	9890	-3	left	UWB_Cisp0
chr3	87968010	87971401	6feb6302-5f3f-4e76-93bc-710cff4af7fd	87968004	87974524	fwd	3394	-3	left	UWB_Cisp0
chr3	98409143	98424192	a3e00e75-257d-416f-8509-0f1871c69d5c	98409135	98424198	fwd	15050	-3	left	UWB_Cisp0
chr3	100347137	100350364	8002bd8a-29b3-4107-8785-a0c6943cc8af	100343222	100355612	rev	3237	-1	left	UWB_Cisp0
chr3	107818505	107821784	61655140-9e54-46a5-9bd5-645dbae1e330	107818498	107827616	fwd	3268	-3	left	UWB_Cisp0
chr3	110848457	110853754	8ddeaca2-c18b-4839-b495-1cbacdaf2a73	110848453	110863140	fwd	5202	-3	left	UWB_Cisp0
chr3	111133378	111148746	eb4b593b-ea18-4c49-953f-ab6d5f7b0f3d	111133373	111150755	rev	15359	-3	left	UWB_Cisp0
chr3	113564614	113574971	6c83aa92-cabf-40a3-b4f7-8d8287059c88	113564609	113578847	rev	10326	-3	left	UWB_Cisp0
chr3	117340289	117348173	4126de53-7b38-4a32-a86a-82b7c2cbebdf	117340283	117350143	fwd	7854	-3	left	UWB_Cisp0
chr3	118651877	118657828	85e21067-2f87-4908-bb85-d16e9c34116b	118649340	118658851	rev	6057	-3	left	UWB_Cisp0
chr3	118852727	118856650	a178ab57-aada-47b4-82ab-c745e3b31893	118848053	118868794	fwd	3901	-3	left	UWB_Cisp0
chr3	122764293	122768986	da0e4fc7-3bb4-4baa-abdc-a309b8329095	122764275	122770577	rev	4675	-3	left	UWB_Cisp0
chr3	123914600	123928534	faa1dbfe-85b8-418c-8d72-5c427fb026c3	123913639	123928540	fwd	13918	-3	left	UWB_Cisp0
chr3	130363960	130372136	9ce49782-5f3e-4779-80a0-d6664eb7c740	130363941	130376653	rev	8133	-3	left	UWB_Cisp0
chr3	132339400	132346694	bb2938a5-8e16-4999-8b47-ceb27a0ca9e3	132337569	132346851	rev	7311	-3	left	UWB_Cisp0
chr3	132345646	132349557	60132be2-d409-4ba3-b0ac-d68b443878b1	132343420	132358454	fwd	3955	-3	left	UWB_Cisp0
chr3	133707746	133717634	9b9ee127-c77a-4f2e-8634-2576d844c55f	133706828	133732848	fwd	10307	-3	left	UWB_Cisp0
chr3	134083979	134094528	b1e72cec-518e-433f-bee8-673fc0d6169f	134083968	134098439	rev	10513	-3	left	UWB_Cisp0
chr3	134075316	134079972	d7bfae0c-8431-4f24-9b36-b7612212baa8	134075307	134097766	fwd	4649	-3	left	UWB_Cisp0
chr3	134179180	134182970	9388e9ee-6ae4-4370-b5d1-29320d7c11ae	134167046	134205010	rev	3771	0.146555	left	UWB_Cisp0
chr3	135839644	135843778	3a6c9500-ae8c-48d9-a77f-a61b140e25c1	135838230	135851385	rev	4086	-3	left	UWB_Cisp0
chr3	137172382	137177532	def6ba29-0432-4382-b44b-8d1ca95ae237	137172377	137180654	rev	5122	-3	left	UWB_Cisp0
chr3	137247890	137253084	47df781f-0c47-4f34-9f6c-a724d51fed47	137247886	137256650	fwd	5180	-3	left	UWB_Cisp0
chr3	139273215	139279525	176e64dc-a640-4d86-99a4-1b6333a0c150	139269500	139280344	fwd	6273	-3	left	UWB_Cisp0
chr3	139422356	139429598	52f584a1-eb61-4e19-a654-1cdfc1d38aa9	139422351	139456722	rev	7158	-3	left	UWB_Cisp0
chr3	141730194	141737070	3cea069f-5cbd-4533-b87b-1fd17d134f06	141730186	141742254	fwd	6849	-3	left	UWB_Cisp0
chr3	142223891	142232421	b52aab5a-ce67-4f0e-ae5b-723daf075a0f	142223886	142232425	rev	8496	-3	left	UWB_Cisp0
chr3	144008593	144014870	ed01e36a-023e-437a-be25-0139fe9c1c82	144001054	144014875	fwd	6261	-1	left	UWB_Cisp0
chr3	145851361	145856001	861663ec-eb80-4cb9-a228-4055a287788a	145849987	145863674	rev	4589	-3	left	UWB_Cisp0
chr3	147818558	147826081	fcb91095-da9c-4016-a8d4-c03ecc942f5d	147818553	147834626	rev	7524	-3	left	UWB_Cisp0
chr3	148052759	148065968	79ce5183-c6e6-48a7-8423-2da33b4616e2	148052753	148065974	fwd	13155	-3	left	UWB_Cisp0
chr3	148920943	148936784	e0f6e08c-8d71-4b9c-959e-35cd22930b95	148920938	148937385	rev	15845	-3	left	UWB_Cisp0
chr3	149076270	149085120	273a07c0-d6e9-40cf-9157-e495045763ba	149076266	149090037	fwd	8797	-3	left	UWB_Cisp0
chr3	152863514	152873282	296872f9-6e2a-470d-9662-27a3ec483e9a	152861735	152881056	fwd	9737	-3	left	UWB_Cisp0
chr3	153009216	153014044	210121b6-3721-4680-9660-f1cea1f6d559	153009210	153019064	fwd	4829	-3	left	UWB_Cisp0
chr3	154486738	154495402	fcc077ca-0c28-43b7-93d1-c18da1b0491b	154486733	154496933	fwd	8660	-3	left	UWB_Cisp0
chr3	155914002	155919992	842fd66b-7c4f-46c3-81f0-ceb9b0eea49d	155913996	155928872	rev	5980	-3	left	UWB_Cisp0
chr3	156137961	156144024	8f5b988d-6890-4c25-88cf-c0d8b510c9cc	156136350	156149886	rev	6053	-3	left	UWB_Cisp0
chr3	158551302	158555390	27e2b5b5-5d78-4f42-b80b-1024095fd3eb	158545528	158555631	rev	4077	-3	left	UWB_Cisp0
chr3	159282494	159288178	35870dda-bc47-4719-9c2a-f21360c5da8e	159282489	159297918	rev	5673	-3	left	UWB_Cisp0
chr3	160199140	160206646	0484364c-a62b-471d-8c74-d12859da94fc	160199134	160223936	rev	7498	-3	left	UWB_Cisp0
chr3	164676402	164682774	cfa6e28c-27b7-4b9b-9d1d-fe45a0dbac08	164676396	164696203	rev	6327	-3	left	UWB_Cisp0
chr3	165375710	165383498	c946c2d7-30d1-416d-93d7-0516732cb107	165375699	165393287	rev	7751	-3	left	UWB_Cisp0
chr3	166840810	166853818	3d7cf3c3-636b-447e-a88e-e3ce44402b5e	166840806	166853823	fwd	13005	-3	left	UWB_Cisp0
chr3	168635788	168640958	d8f9abaf-cacd-458e-966e-3914ec6242d5	168635779	168648781	fwd	5125	-3	left	UWB_Cisp0
chr3	169741625	169750529	4063051d-91b2-42fd-9a8d-7437b7d71956	169733394	169758469	fwd	8819	-3	left	UWB_Cisp0
chr3	174998834	175006049	7619b991-a6d8-45b5-ab85-3979e17288ee	174998830	175019092	fwd	7138	-3	left	UWB_Cisp0
chr3	175666000	175674177	4cc102e1-a116-4609-bb52-d490d93e6c76	175665992	175689472	fwd	8297	-3	left	UWB_Cisp0
chr3	176915989	176921647	bf66e12e-566d-43e4-85a2-3f413a1f77ca	176913611	176923188	rev	5594	-3	left	UWB_Cisp0
chr3	178963477	178967425	badfda65-a82a-472b-8dda-a7f5553cfb50	178957061	178969490	fwd	3900	-1	left	UWB_Cisp0
chr3	179257730	179269877	dd321114-a861-418c-b3e7-1b1467d2e24c	179255495	179273252	rev	12170	-3	left	UWB_Cisp0
chr3	181884989	181890503	76596cb7-86df-4a21-8ab3-37e0e0b255d3	181884985	181894262	fwd	5467	-3	left	UWB_Cisp0
chr3	183218763	183226238	8b90d4a7-aed5-4a55-a466-0b4e3160b41f	183218749	183232806	rev	7472	-3	left	UWB_Cisp0
chr3	183517416	183522232	44c40c90-2797-4635-a743-9cc80dd965cf	183502882	183522236	rev	4781	-1	left	UWB_Cisp0
chr3	187439274	187443314	cfafdce4-460d-4087-981f-c1c308a9d0cc	187436237	187446828	fwd	4014	-3	left	UWB_Cisp0
chr3	188435226	188440161	114a7772-ab58-4b26-adc7-ffc1e765f4bc	188435214	188451121	rev	4931	-3	left	UWB_Cisp0
chr3	189708078	189715555	6e8d1ab8-8be1-4d66-93f7-5b02aea6d10b	189708072	189722583	rev	7410	-3	left	UWB_Cisp0
chr3	189963525	189969026	4917e341-83ce-43b0-b32a-90a01d996bc0	189963519	189970625	fwd	5446	-3	left	UWB_Cisp0
chr3	192083657	192088799	a28a416b-7918-46ed-9943-7c99164e9024	192072454	192088803	rev	5150	-3	left	UWB_Cisp0
chr3	192597843	192602946	c0e37976-8856-4ea5-933f-9a9c192c4fb0	192592905	192602954	fwd	5098	-3	left	UWB_Cisp0
chr3	193608113	193617183	5cb03e42-506d-45c4-a378-cd4d75d6485d	193601866	193617471	fwd	9035	0.879792	left	UWB_Cisp0
chr3	195459895	195467612	dec7d45b-ef9e-479e-97dc-0a3e47eae2e7	195456894	195484476	rev	7740	-3	left	UWB_Cisp0
chr4	261913	268298	4d60eb09-d0dc-4800-81f3-4f6d4df6e853	261908	268303	rev	6388	-3	left	UWB_Cisp0
chr4	923972	931978	7e370ee5-bf99-4e15-8dc9-f963a5da9524	923965	931987	fwd	7967	-3	left	UWB_Cisp0
chr4	6664036	6672273	7f6abafc-4513-4608-a34b-35efc385c032	6661263	6675524	fwd	8157	-3	left	UWB_Cisp0
chr4	8363604	8368488	b6198559-c5c9-4a0a-8e26-544077a2a66a	8363598	8372313	rev	4872	-3	left	UWB_Cisp0
chr4	16309091	16316582	8f58465f-8a81-48c4-bf04-240167da5edf	16306392	16320547	fwd	7493	-3	left	UWB_Cisp0
chr4	17122083	17124948	f23c09a8-25c9-42d8-9a82-fe4613732385	17115861	17141656	fwd	2863	-3	left	UWB_Cisp0
chr4	20199504	20206307	b9f8326b-c90a-4114-8359-1c06ad332323	20199258	20206311	rev	6686	-3	left	UWB_Cisp0
chr4	20478031	20485495	e670e3ad-3adb-4e7f-ba75-f64b26eea7cc	20478024	20485796	fwd	7445	-3	left	UWB_Cisp0
chr4	22500010	22507139	84db6110-ce69-44c3-b8c6-223afed6cc50	22500003	22507153	fwd	7001	-3	left	UWB_Cisp0
chr4	24415286	24423925	18f4e316-4a72-46f1-88a0-a9d047cc69e8	24411709	24423931	rev	8558	-3	left	UWB_Cisp0
chr4	36217080	36227497	b893cf59-67f0-4d1f-8b8a-c8f950354ba1	36217074	36229601	fwd	10376	-3	left	UWB_Cisp0
chr4	37749813	37756537	722b8719-f571-4868-8e56-ac154aed85dd	37749805	37762051	fwd	6697	-3	left	UWB_Cisp0
chr4	37879520	37885234	89423576-c8ae-4d56-880a-c83828f99e98	37879513	37890963	fwd	5706	-3	left	UWB_Cisp0
chr4	40274700	40280780	747a06e0-ceff-4124-9c03-528053fad4ee	40274169	40292121	rev	6055	-3	left	UWB_Cisp0
chr4	43659245	43668131	1aaa429f-ccc9-49d4-9934-6dec64dc02c9	43659240	43668135	rev	8870	-3	left	UWB_Cisp0
chr4	48093836	48101850	bfc42eb9-d488-4b38-bf26-06527f144f5c	48093820	48102972	rev	7982	-3	left	UWB_Cisp0
chr4	49098029	49110186	d107c06a-98f8-46b0-a8d9-f8650e3c0680	49098025	49113321	fwd	11686	-3	left	UWB_Cisp0
chr4	49644452	49649695	57fd7dcf-0be1-4abd-ba97-fa4c92f9eea3	49642172	49652274	fwd	5001	-3	left	UWB_Cisp0
chr4	49650131	49655247	fca85211-b597-4aaa-a230-de31c415ad02	49646673	49658098	fwd	5455	-3	left	UWB_Cisp0
chr4	54126135	54129722	3bf3c3e3-c318-44c7-838b-44fb0a290933	54123697	54131938	fwd	3586	-3	left	UWB_Cisp0
chr4	59849371	59852445	9f989394-d781-4788-828b-49abbf4e232d	59849366	59855541	rev	3093	-3	left	UWB_Cisp0
chr4	65439697	65445092	f805d13f-cf03-433c-ac43-345011635e62	65437765	65445097	fwd	5396	-3	left	UWB_Cisp0
chr4	68999003	69013166	53f452b0-dd63-4c1f-a069-6f422055d01b	68998996	69013171	rev	14168	-3	left	UWB_Cisp0
chr4	70022453	70028291	2c1ad6d8-dec5-4f17-98fa-b0aa66408f58	70020222	70035271	fwd	5831	-3	left	UWB_Cisp0
chr4	82405071	82410430	ebd148fe-d61e-42ba-a62a-1744356a0d0e	82403756	82422540	fwd	5375	-3	left	UWB_Cisp0
chr4	83725383	83733148	c83b95e2-5a9f-4ec7-9ea8-27635dbdb2ed	83723921	83737765	fwd	7682	-3	left	UWB_Cisp0
chr4	84492776	84499608	4d81d9d6-636e-4e3c-b658-ed61ac50b380	84492767	84504641	fwd	6770	-3	left	UWB_Cisp0
chr4	86431351	86439438	695c299c-e091-45bf-ab10-8158808dedbe	86421753	86439446	rev	8064	0.150337	left	UWB_Cisp0
chr4	87807489	87814071	3b7b0f08-701a-4bf0-b822-647d386d3672	87807482	87819938	fwd	6555	-3	left	UWB_Cisp0
chr4	99353046	99355949	879f5af8-d816-4616-97ba-ded6bcd57985	99339670	99363555	rev	2894	0.249852	left	UWB_Cisp0
chr4	109399750	109413862	fdcd93cd-8c10-40ac-be24-fb689bb812d7	109397787	109420699	rev	14030	-3	left	UWB_Cisp0
chr4	113926066	113940805	36c97776-e619-490b-9363-c51f37bdc666	113925917	113940814	rev	14645	-3	left	UWB_Cisp0
chr4	114149913	114154532	626715a5-8349-49f2-b3a5-4e1f40c0be7a	114145233	114154605	rev	4622	-1	left	UWB_Cisp0
chr4	119377371	119384174	5954e8ad-c7f0-49f4-a8b3-7f0a3bb93f52	119377364	119387522	rev	6787	-3	left	UWB_Cisp0
chr4	120509985	120516920	7b97ea8f-a51f-49a8-a8d6-ca5c5bfc158f	120509976	120523408	rev	6898	-3	left	UWB_Cisp0
chr4	121329359	121337278	552b6395-f138-4f53-9f08-4ab322d34201	121325416	121343937	rev	7900	-3	left	UWB_Cisp0
chr4	124871205	124897853	35867971-d9e0-4755-b455-ebd0634892b3	124871197	124897858	rev	26577	-3	left	UWB_Cisp0
chr4	134488383	134492389	c62639c9-ca33-44f2-9594-0c36342691a7	134488211	134497113	fwd	4015	-3	left	UWB_Cisp0
chr4	139140983	139154092	ef8a20ce-50c5-4306-a39f-63c50375696f	139127538	139165720	rev	13056	0.313906	left	UWB_Cisp0
chr4	143995528	144001827	6d3e2333-42f3-4228-b570-e2f4c0c9aeb7	143993933	144003288	rev	6281	-3	left	UWB_Cisp0
chr4	147590148	147595692	90cabf43-1147-45fd-9e4a-ad60844cb529	147587546	147612593	rev	5522	-3	left	UWB_Cisp0
chr4	158831948	158837831	0621fc57-88cf-41e9-b8c6-1dd26a5f23a1	158828648	158839996	fwd	5851	-3	left	UWB_Cisp0
chr4	161843056	161848758	1b52bfdb-9fcd-45ea-b3a4-f14149883879	161842097	161869694	fwd	5691	-3	left	UWB_Cisp0
chr4	163453760	163457926	f291ae0f-b1de-4f6a-910f-2466b7c27753	163442771	163461124	fwd	4136	0.720729	left	UWB_Cisp0
chr4	164805458	164815680	d623d1ae-5842-4369-85a2-f82ca81681b1	164805452	164817296	rev	10192	-3	left	UWB_Cisp0
chr4	171925006	171933896	2568cde3-43c6-42f6-8170-bb9b9f036dd8	171925001	171951178	fwd	8871	-3	left	UWB_Cisp0
chr4	174294193	174304633	3e2a3174-f621-4a3c-811b-51492dd53960	174293404	174304642	fwd	10341	-3	left	UWB_Cisp0
chr4	178184327	178203160	2e0c221b-a44a-48cb-a068-6c3b32661c86	178150480	178211724	rev	18728	0.83605	left	UWB_Cisp0
chr4	179344758	179351297	b2387be1-ae81-4f36-954b-c9c9e8355df1	179343296	179352427	rev	6516	-3	left	UWB_Cisp0
chr4	179570513	179577374	257fde22-01ea-4630-9d0b-948eb1dca3b4	179570508	179581458	rev	6817	-3	left	UWB_Cisp0
chr4	182655664	182664364	534f4b3c-3a8f-4000-a43d-ddcfe7fd24de	182655107	182666948	rev	8662	-3	left	UWB_Cisp0
chr4	184109627	184115822	3f7130e8-251f-4a37-ae0d-dbfcaeefc7c5	184099631	184123642	rev	6210	0.15195	left	UWB_Cisp0
chr4	184985717	184988851	cb9da4be-f10e-4221-90da-0cf8ec8f2177	184985202	185014032	rev	3107	-3	left	UWB_Cisp0
chr4	185795560	185805550	4b149f22-0afb-489f-b58b-97c94be58f9e	185795555	185808163	fwd	10184	-3	left	UWB_Cisp0
chr4	187829459	187842930	798f3139-0b50-4795-87d5-cb56aa3fae54	187828942	187842939	fwd	13375	-3	left	UWB_Cisp0
chr5	2973524	2985761	1d631712-01fa-4063-8274-68b697671e78	2973519	2996080	fwd	12255	-3	left	UWB_Cisp0
chr5	5159064	5161582	db746a90-ec5c-42b7-8054-fbd667a3a557	5159059	5165738	fwd	2512	-3	left	UWB_Cisp0
chr5	8409990	8419246	fbc284f6-dacb-4068-9e4f-9fad5a941320	8401934	8424930	rev	9142	-1	left	UWB_Cisp0
chr5	9344065	9352635	bf08e346-3374-48f8-9118-0a9d161d32c6	9344059	9354075	fwd	8518	-3	left	UWB_Cisp0
chr5	13573682	13581315	dc55519c-d5c8-4b4b-a404-c909bc9cb22a	13573677	13583915	rev	7558	-3	left	UWB_Cisp0
chr5	21676595	21685008	c88c64c9-2dc3-4d82-9bff-72f6c299e9bd	21676583	21685019	rev	8381	-3	left	UWB_Cisp0
chr5	24960779	24966192	d4ebd3f5-f20f-4125-ae36-8f64a0ae894b	24960771	24970387	fwd	5398	-3	left	UWB_Cisp0
chr5	27462037	27471947	982a83ca-8336-4a13-bc60-62aa44a23098	27461260	27472447	fwd	9852	-3	left	UWB_Cisp0
chr5	28254896	28262939	8734bbc0-81e6-4d37-9206-7624a2b12aeb	28254816	28262944	rev	7991	-3	left	UWB_Cisp0
chr5	30002243	30005513	20200fe8-e9c4-4b87-b7e5-0b0522989081	29994407	30006725	fwd	3228	-3	left	UWB_Cisp0
chr5	31649070	31658708	399117cd-ca9c-481e-98d8-b9c8082a8c1a	31648140	31666596	fwd	9607	-3	left	UWB_Cisp0
chr5	33203632	33214759	a8e85ac1-09eb-4b21-b264-2a11bead0306	33203627	33216471	fwd	11080	-3	left	UWB_Cisp0
chr5	33332108	33339015	f762097d-31f5-4dc7-ade4-c0c7dbc38336	33332104	33339020	fwd	6855	-3	left	UWB_Cisp0
chr5	33497415	33503137	545a1413-0f94-4dc9-b93a-d6e88dc2ff41	33497406	33521258	fwd	5745	-3	left	UWB_Cisp0
chr5	34078721	34088062	10aa8550-8458-49f9-afb6-15a26f1aca20	34078711	34090842	rev	9216	-3	left	UWB_Cisp0
chr5	36491984	36499173	756ef70d-60f8-41fb-bb48-055ab4ad60a4	36491977	36514379	rev	7129	-3	left	UWB_Cisp0
chr5	38651920	38658560	ab3f9dee-2d3a-4711-9f74-9f2c8562fda4	38651916	38675408	fwd	6569	-3	left	UWB_Cisp0
chr5	40172575	40180508	38d6adb4-c0c2-431d-b30a-43822ae92492	40172569	40187832	rev	7916	-3	left	UWB_Cisp0
chr5	42001625	42006708	dab4c4fd-e3f4-450f-be2b-c4031e41041e	42001618	42015903	rev	5064	-3	left	UWB_Cisp0
chr5	43689250	43696255	e11657e6-0473-446e-abf2-cd733773db06	43683111	43698546	rev	6986	-1	left	UWB_Cisp0
chr5	45541510	45546671	84b5ede9-b968-43f6-b25a-a4250f9d77d5	45538028	45553644	rev	5133	-3	left	UWB_Cisp0
chr5	49656281	49659836	b75c9ab1-058b-4841-8ebf-80de189f128e	49656261	49661871	fwd	3012	-3	left	UWB_Cisp0
chr5	49657987	49661674	4d3cdf72-f618-4a84-b327-e17076266c4f	49656261	49661679	fwd	4524	-3	left	UWB_Cisp0
chr5	54388164	54392735	76f6a01c-eea3-49f0-a62f-784f84b94e78	54388160	54401055	fwd	4547	-3	left	UWB_Cisp0
chr5	55455879	55467772	457fc0eb-0301-482f-ba2c-a473fdec077b	55451487	55471018	fwd	11885	-3	left	UWB_Cisp0
chr5	57419187	57426218	3dd6d528-67ac-40c3-95b2-213e29a7c3a4	57410861	57431413	fwd	6814	0.342614	left	UWB_Cisp0
chr5	62880162	62887090	24697b4e-2cea-451b-b9f9-4f3f1dee515b	62879938	62891618	rev	6839	-3	left	UWB_Cisp0
chr5	63677486	63682857	c734b249-4ccf-4ba6-a4cc-da33696fce7e	63666215	63686787	fwd	5381	0.239651	left	UWB_Cisp0
chr5	63762425	63772368	e88e0df6-e335-4dc2-a48e-34f78acff50b	63762411	63775448	rev	9929	-3	left	UWB_Cisp0
chr5	72677591	72683450	fc8a878c-1441-4d3e-a3ce-08ba8a619f62	72676680	72683456	rev	5808	-3	left	UWB_Cisp0
chr5	77012581	77021727	8b1d6192-2a68-4253-ad77-9a798c0861a8	77012572	77021734	rev	9113	-3	left	UWB_Cisp0
chr5	80315301	80324605	60861d17-ed3f-4477-8a0a-9a11413733b8	80314211	80330817	fwd	9285	-3	left	UWB_Cisp0
chr5	82912239	82917830	db7f9e81-b0e5-4ed1-a870-f0a96a576090	82908170	82917847	fwd	5509	-3	left	UWB_Cisp0
chr5	84646155	84649592	0c43b0c3-94fb-424a-8aef-8486b9c63fd1	84641712	84669544	fwd	3398	-3	left	UWB_Cisp0
chr5	92589002	92599493	d4e7ebf3-04cf-4037-8bf1-d60c42b7faae	92588929	92604658	rev	10381	-3	left	UWB_Cisp0
chr5	94463070	94470914	8145eee3-a07d-4589-8282-990a65e76fe1	94459960	94482823	fwd	7868	-3	left	UWB_Cisp0
chr5	102835902	102842178	4c50a1f6-5f35-45d6-a353-246ec67dd7d1	102835894	102845341	rev	6227	-3	left	UWB_Cisp0
chr5	111879851	111884967	666fa387-6408-404f-bad9-3c05e4dd79e7	111879807	111886854	fwd	5144	-3	left	UWB_Cisp0
chr5	124420223	124426323	5eb946da-ccbe-447f-aab5-fa8987d68a9b	124420209	124430638	fwd	6131	-3	left	UWB_Cisp0
chr5	139052948	139056827	ffdf0192-c04c-48e6-92ca-9c9d9adce087	139050704	139060552	fwd	3862	-3	left	UWB_Cisp0
chr5	141662563	141669812	e024c294-0a45-4d44-a29b-67408da5b451	141658259	141672600	fwd	7315	-3	left	UWB_Cisp0
chr5	143036430	143041787	d8fc72ad-eec2-48c9-9425-80adfb457db6	143031187	143046961	rev	5326	-3	left	UWB_Cisp0
chr5	145391259	145403015	6b4172e6-6425-4f54-901c-3bda13a6aa5e	145391254	145405290	fwd	11672	-3	left	UWB_Cisp0
chr5	148825022	148827738	1e4771f5-f3c6-4695-8f5c-d4489675b62c	148825015	148834222	fwd	2717	-3	left	UWB_Cisp0
chr5	148751745	148759375	2ee8cbee-461a-4461-a847-d33046334ef8	148751377	148778198	fwd	7536	-3	left	UWB_Cisp0
chr5	149298319	149310056	ac4bb7a8-f7e0-47ac-9f68-f05dc56f480a	149298313	149310890	rev	11656	-3	left	UWB_Cisp0
chr5	152946079	152956801	9d01f12a-7451-49b5-8fdf-0a581475fbf4	152946065	152956808	fwd	10688	-3	left	UWB_Cisp0
chr5	153305150	153312063	aedd9e48-f977-47bc-876f-c3161a6fbfea	153305146	153316298	fwd	6827	-3	left	UWB_Cisp0
chr5	153604061	153609101	43768f4f-0e81-4822-a309-d9cefb3105f7	153601431	153610893	rev	5026	-1	left	UWB_Cisp0
chr5	154668982	154676749	247ac5cf-6ae8-4422-96ba-7c38b4a26adc	154668978	154683949	fwd	7721	-3	left	UWB_Cisp0
chr5	156491562	156497703	4c1cec81-704f-40d2-9965-c578af07634a	156489709	156497988	fwd	6114	-3	left	UWB_Cisp0
chr5	161897113	161902381	7ab1cf4c-632b-47d7-8a29-d5726320c32f	161897106	161907899	rev	5235	-3	left	UWB_Cisp0
chr5	162116030	162127267	b8a0ffdc-8f9b-4dab-900c-15d5824c7ee8	162115247	162130744	rev	11217	-3	left	UWB_Cisp0
chr5	167965130	167970126	c5a14ff1-32b2-4bab-abd4-cf9ea63b1cb7	167963921	167986556	fwd	4960	-3	left	UWB_Cisp0
chr5	169915388	169923291	0bb30150-eb7c-4c0d-9b81-7c1430359c76	169912294	169923722	rev	7873	-3	left	UWB_Cisp0
chr5	172513584	172516342	53007130-b20e-48b0-8c15-1ec9f11f7272	172513208	172522078	rev	2693	-3	left	UWB_Cisp0
chr5	175584715	175591322	3220af28-ea7f-4e8a-8a7e-a693fcb85067	175584218	175613501	rev	6507	-3	left	UWB_Cisp0
chr5	176117935	176123220	9a8a9fff-8d03-49d4-816e-cf06e7ca6702	176117925	176129885	fwd	5300	-3	left	UWB_Cisp0
chr5	176767246	176771825	11f93d25-0f8e-447f-a47e-367b0be70767	176760910	176771829	rev	4560	-3	left	UWB_Cisp0
chr5	177292234	177296158	91257d2d-98db-4f26-8347-9418675660f2	177292227	177311060	fwd	3914	-3	left	UWB_Cisp0
chr6	7554762	7561963	0d3f07a4-7dd5-4121-ace0-42a1c4a95356	7554214	7561968	rev	7170	-3	left	UWB_Cisp0
chr6	17421900	17427766	72f04020-f154-4d01-ae7a-5937327b3752	17421885	17427771	rev	5883	-3	left	UWB_Cisp0
chr6	17958563	17966675	6682087e-9ee3-46fb-9cc2-91983df81444	17957756	17970701	fwd	8075	-3	left	UWB_Cisp0
chr6	19414376	19427394	541c0925-fbf5-4418-a483-e32cddb8bc69	19414371	19429782	fwd	12742	-3	left	UWB_Cisp0
chr6	19577086	19581521	33a64a98-1ec9-4da9-8bd4-5e78ff1ed45b	19577080	19585378	fwd	4361	-3	left	UWB_Cisp0
chr6	27160968	27168169	2ec7d11d-5772-4464-a828-e6a1b6c9343c	27159840	27179817	rev	7193	-3	left	UWB_Cisp0
chr6	39736193	39740835	30b71824-7fc7-409a-95ec-393643bb66ba	39736188	39748893	rev	4640	-3	left	UWB_Cisp0
chr6	40996231	41004352	22686fc9-864f-49c9-9519-573e88f319b0	40996214	41006583	fwd	8084	-3	left	UWB_Cisp0
chr6	41998860	42004591	db2c81d2-8f98-404d-b239-323908e55a3e	41995468	42007250	fwd	5717	-3	left	UWB_Cisp0
chr6	42364574	42368654	f9c2e788-df5b-456f-a0c8-603d4cfcf4e4	42364563	42370419	fwd	4098	-3	left	UWB_Cisp0
chr6	42436998	42444839	8e169db9-3f18-47fd-b865-35c41372f424	42435821	42444844	fwd	7800	-3	left	UWB_Cisp0
chr6	49446276	49452270	16fd4323-a08a-43c4-b709-0421542c032e	49446271	49456876	rev	5968	-3	left	UWB_Cisp0
chr6	55603925	55614348	c961ab88-3b52-4430-81fd-c0e95593306a	55603917	55617576	fwd	10373	-3	left	UWB_Cisp0
chr6	60857759	60862515	48232871-800e-49bc-acc2-41a87a2f50b5	60857281	60871776	fwd	4737	-3	left	UWB_Cisp0
chr6	62088733	62099136	7ce0cc03-e9fd-4d61-84f6-8f0f9945997e	62088727	62099142	rev	10368	-3	left	UWB_Cisp0
chr6	62927480	62935278	eced81f8-2ed4-4bad-9ec3-5de57e7c096d	62927476	62938426	fwd	7740	-3	left	UWB_Cisp0
chr6	63029732	63040379	3dd8da40-a437-4b5a-857a-1418e681a541	63029009	63041279	fwd	10561	-3	left	UWB_Cisp0
chr6	63406946	63411905	8d6112d6-4da2-43ef-8238-bc93fd31b27b	63406893	63422919	fwd	4936	-3	left	UWB_Cisp0
chr6	65652710	65661929	4caa4a68-f055-441e-b776-093aa22ea008	65652059	65671724	rev	9186	-3	left	UWB_Cisp0
chr6	70964723	70971902	ed0490f0-7259-42a1-a6e8-de42263df43d	70964715	70974785	fwd	7118	-3	left	UWB_Cisp0
chr6	74683038	74691512	663abba3-03e5-4079-8dbc-95a8c9b12321	74681210	74692400	rev	8467	-3	left	UWB_Cisp0
chr6	79986656	79993975	ee1579c4-cab3-4698-94ee-138f530e7762	79986651	79999232	rev	7417	-3	left	UWB_Cisp0
chr6	81239120	81244037	d0c7f22e-0a4c-4c52-8881-9a4aa8733d1a	81239114	81248378	fwd	4905	-3	left	UWB_Cisp0
chr6	82125381	82129889	4a1adadf-0ac6-440f-a4d2-3c177ba63009	82125374	82135757	fwd	4509	-3	left	UWB_Cisp0
chr6	83287659	83297377	822ca1cf-d3c7-403c-9da1-ade60f3c79bd	83287152	83297383	fwd	9701	-3	left	UWB_Cisp0
chr6	84938368	84948460	08e95e12-1c76-48f0-9396-a8fd87b0f1dc	84936312	84958791	rev	10062	-3	left	UWB_Cisp0
chr6	90970091	90982396	8ef0dd5b-9cfd-4cfd-9fc5-12571abf346b	90970086	90982403	fwd	12210	-3	left	UWB_Cisp0
chr6	91844639	91856300	07778843-33de-4e0b-847b-8fd072e13d5f	91842705	91859054	rev	11541	-3	left	UWB_Cisp0
chr6	93731745	93741426	c0ab225b-0d03-4be7-9fc8-decf58667837	93718389	93743526	rev	9610	0.237081	left	UWB_Cisp0
chr6	97048698	97053870	f40394e5-9e97-4207-bdba-690f888cdc24	97048693	97056086	rev	5191	-3	left	UWB_Cisp0
chr6	97317355	97322767	70cc2a9c-c858-4029-b34d-1d2694496d3b	97317348	97333584	fwd	5354	-3	left	UWB_Cisp0
chr6	98221914	98229668	6b85a57a-288d-48ec-a2c0-1bfd718c4574	98221904	98231834	fwd	7788	-3	left	UWB_Cisp0
chr6	100424764	100435123	47873f4c-da51-4cd3-9d1b-9a3b995c6b59	100424756	100435798	rev	10209	-3	left	UWB_Cisp0
chr6	104642172	104653892	317ca602-c91a-4c60-a746-c106b490205c	104642167	104655556	rev	11683	-3	left	UWB_Cisp0
chr6	106007161	106015050	d31f1d22-8983-41d4-9f70-7cf722ee9b71	106007144	106015058	fwd	7867	-3	left	UWB_Cisp0
chr6	110186242	110190438	45b65887-d628-49aa-a887-77ce89643600	110184975	110194314	fwd	4129	-3	left	UWB_Cisp0
chr6	114356288	114364582	6a7025fd-3bb8-4945-a4c3-a3f2bf7b8152	114356273	114366773	fwd	8212	-3	left	UWB_Cisp0
chr6	118907965	118920027	40abbc98-fcc2-4299-8936-9d014b3f9b55	118907954	118927694	fwd	12037	-3	left	UWB_Cisp0
chr6	120843922	120852583	dc334129-96e2-46a5-9886-4f43b6480810	120841761	120858397	rev	8631	-3	left	UWB_Cisp0
chr6	127045625	127051895	15572d45-c859-4651-a8e7-222a1dc1e1dc	127042775	127051899	rev	6242	-3	left	UWB_Cisp0
chr6	129369407	129379075	1032e358-e26d-418a-af93-49518a8ec48b	129369401	129393394	rev	9658	-3	left	UWB_Cisp0
chr6	133556090	133562305	f4ee1aeb-ca44-4a22-b664-245d1001b6c7	133556083	133568306	rev	6227	-3	left	UWB_Cisp0
chr6	134877785	134885567	e8bafe5c-4554-4d6f-bcc0-86407a6234c4	134877779	134885572	rev	7769	-3	left	UWB_Cisp0
chr6	143143827	143149606	6b529d31-b428-42f5-840e-db20118b350f	143143821	143160001	rev	5714	-3	left	UWB_Cisp0
chr6	151004948	151009899	9bf7a552-3bcb-4f55-8dda-7046fabf3960	151001142	151016931	rev	4947	-3	left	UWB_Cisp0
chr6	152444555	152453524	4e340553-92a9-4221-bfc7-b5278b52cdd5	152443318	152456343	rev	8904	-3	left	UWB_Cisp0
chr6	160724049	160728404	d1ffbcb8-a260-41d4-a30e-fa389d8037c9	160724044	160737594	fwd	4466	-3	left	UWB_Cisp0
chr7	878395	885054	0bbafe77-83fe-40bb-a1c8-ad8772a0fff8	862965	885061	fwd	6602	-1	left	UWB_Cisp0
chr7	5137039	5143324	0e1174d9-ff7c-4b9c-8bdd-f00335cdb2cd	5136500	5145354	fwd	6274	-3	left	UWB_Cisp0
chr7	5196475	5207490	a22b46fe-2879-4e7d-82d6-bd7ebfdf1d91	5195890	5207494	rev	10988	-3	left	UWB_Cisp0
chr7	12208112	12215165	b854b061-15f8-4ce5-86b5-1a2a9580ac5c	12208105	12220537	rev	7067	-3	left	UWB_Cisp0
chr7	25836259	25840170	80e2c319-b17a-4aac-b98d-a51a50ee0f32	25836253	25842851	fwd	3882	-3	left	UWB_Cisp0
chr7	31710518	31719708	5546c34d-856b-42a3-8e9b-32ffeef70a4f	31710253	31733211	fwd	9155	-3	left	UWB_Cisp0
chr7	40962679	40969112	5063a226-b78d-404d-8aff-9685ca416550	40956937	40981809	rev	6462	-3	left	UWB_Cisp0
chr7	43800820	43809921	58c46c4e-22d7-4c14-9f98-e1024f8e0b27	43794785	43809930	fwd	9057	-3	left	UWB_Cisp0
chr7	52436722	52446949	60e443e9-09d4-4ef4-8071-62033caefe9e	52435794	52453292	rev	10151	-3	left	UWB_Cisp0
chr7	52739056	52757374	3305c9ba-dab0-4eb6-bc2a-02b5cef6b2a8	52738085	52779534	rev	18292	-3	left	UWB_Cisp0
chr7	65084106	65089396	58c80f51-8b5f-4e8c-a607-075f79bbe49b	65080086	65094065	fwd	5201	-3	left	UWB_Cisp0
chr7	65710688	65714299	5bfeea6a-7e60-463c-bc65-f4f4ef610b6e	65701569	65716831	rev	3609	-3	left	UWB_Cisp0
chr7	84253707	84260758	dc6fed81-4cfe-416c-8a97-ef89265bd92d	84253692	84260861	fwd	6985	-3	left	UWB_Cisp0
chr7	90309724	90317864	f1c1fc08-5658-4169-acd2-4f776784f33d	90309718	90318968	rev	8111	-3	left	UWB_Cisp0
chr7	91818431	91830315	f6e23bc2-4f36-44fc-85f1-6442046de4de	91814986	91834412	rev	11899	-3	left	UWB_Cisp0
chr7	97836670	97842046	520ca6c5-c319-466d-ba3b-e9b214a793a2	97834115	97842092	rev	5370	-3	left	UWB_Cisp0
chr7	99152129	99157193	31f9c158-a332-49ce-bfb4-a28e4e35729e	99145243	99170127	rev	5083	-3	left	UWB_Cisp0
chr7	102161647	102168665	a69d0f05-c5f2-43c9-956a-76d88977c1c7	102157243	102170269	fwd	6998	-3	left	UWB_Cisp0
chr7	105874514	105881761	35fece19-63c4-489a-85f0-00f60c0c76f3	105869548	105883311	fwd	7217	-3	left	UWB_Cisp0
chr7	106725720	106730385	df693288-9fb0-4e40-913a-20527c0ba753	106724537	106753807	fwd	4674	-3	left	UWB_Cisp0
chr7	107575433	107583994	74c92f18-9660-4101-9d45-72f7426c601f	107575428	107590436	rev	8516	-3	left	UWB_Cisp0
chr7	109953948	109958481	806959a7-93d1-4abc-95ee-dd48fc39d6b4	109953940	109962903	rev	4520	-3	left	UWB_Cisp0
chr7	109963806	109970123	30837178-3f60-4893-a736-894a9af9698b	109963801	109973580	rev	6295	-3	left	UWB_Cisp0
chr7	110961010	110967342	a3ecc3b7-5f35-492b-9ec9-ea242285e32b	110961005	110967349	fwd	6279	-3	left	UWB_Cisp0
chr7	115403473	115411454	bf7c6603-98ef-47eb-865c-617b03d45891	115403467	115412084	fwd	7991	-3	left	UWB_Cisp0
chr7	116064787	116081486	77ee36aa-39be-426f-9348-38cd3e7381f0	116064777	116088610	fwd	16664	-3	left	UWB_Cisp0
chr7	120153648	120159033	181ab05a-544a-493c-965d-cf000ea33698	120153643	120177736	rev	5329	-3	left	UWB_Cisp0
chr7	121333463	121342929	8f01bcc2-eb09-4d38-a546-77c684a531e2	121333329	121343015	fwd	9353	-3	left	UWB_Cisp0
chr7	125637664	125644271	9be1f8fd-e6d6-4dbd-80e1-6ebfb44af0d1	125637614	125645312	rev	6549	-3	left	UWB_Cisp0
chr7	126754009	126759522	b2f086fa-59d9-4617-8875-ad8e67490ec2	126753991	126759701	fwd	5488	-3	left	UWB_Cisp0
chr7	127314474	127328744	8fdfc53c-e5d0-4aff-8f3c-49391611ec6a	127306626	127338338	fwd	14204	-3	left	UWB_Cisp0
chr7	129330980	129338152	157cbd85-d3bf-4efb-8fe5-e56d5f4eb720	129330973	129340516	fwd	7232	-3	left	UWB_Cisp0
chr7	129964477	129970767	a49cc4cd-22c9-4f16-b1a7-8cd7c9e9d1dc	129964472	129970773	rev	6254	-3	left	UWB_Cisp0
chr7	131430208	131434393	35ffceb3-2a30-450a-89f0-bab71b2cc9af	131423724	131435971	fwd	4172	0.11335	left	UWB_Cisp0
chr7	134600524	134610660	ff29e87b-e4b7-427e-baec-c05e240300d3	134594815	134610961	fwd	10075	-3	left	UWB_Cisp0
chr7	135265508	135275441	6f181a50-7c0f-4164-8a04-c7f72ba1faee	135265499	135281189	fwd	9867	-3	left	UWB_Cisp0
chr7	137189414	137198819	ed20ef4b-cbd4-4d98-91bb-e760df1791b9	137187301	137199814	fwd	9437	-3	left	UWB_Cisp0
chr7	138634479	138647027	83a0e98d-4578-4875-ab3d-c5515c93e88b	138631970	138647526	fwd	12407	-3	left	UWB_Cisp0
chr7	138962531	138969971	677ab7ef-3e17-44a9-886e-94b9b779dd2e	138962523	138969975	rev	7441	-3	left	UWB_Cisp0
chr7	142665255	142670643	290c2237-7f1a-4c69-9b30-06f3d04667ec	142660144	142676747	fwd	5369	-3	left	UWB_Cisp0
chr7	144137307	144143383	e96fdafd-94b9-4328-ab38-52ee7ac8cf18	144135722	144147824	rev	6002	-3	left	UWB_Cisp0
chr7	145515969	145522980	6e514b85-f2a8-4e74-a85e-d72435f069a1	145515964	145526758	fwd	6910	-3	left	UWB_Cisp0
chr7	147519273	147528729	5b7f11b6-2253-4e84-917a-0bbeccf2fbdb	147516720	147530742	fwd	9414	-3	left	UWB_Cisp0
chr7	151051881	151055181	30ab3ce2-46d6-4fd4-8f16-5dff762c0360	151051024	151064478	rev	3279	-3	left	UWB_Cisp0
chr7	153652178	153657854	ad001865-61c0-4acd-a07b-ba4d5d54c9a7	153648009	153659685	rev	5683	-3	left	UWB_Cisp0
chr7	154847127	154854722	bc24e3a2-213b-44c6-a86c-0779aeb2eb1b	154846260	154854735	fwd	7540	-3	left	UWB_Cisp0
chr8	24364143	24370948	68d35bf0-ff29-4943-b852-5e1b9b75cf0e	24352589	24370958	rev	6824	-3	left	UWB_Cisp0
chr8	28105350	28114201	c37849b3-392e-4df6-8b8c-c9f141ad67a3	28096993	28122084	rev	8789	0.076314	left	UWB_Cisp0
chr8	30628454	30631669	58449146-c900-4709-9524-601d74f770f5	30623486	30632043	fwd	3202	-3	left	UWB_Cisp0
chr8	33440732	33449744	a3c33589-013f-48c2-aae4-2397bda36bb7	33440725	33449933	rev	8989	-3	left	UWB_Cisp0
chr8	35019440	35023480	32245596-e000-4556-91e0-5d5f016382a4	35005786	35033284	fwd	4022	-1	left	UWB_Cisp0
chr8	49080126	49087843	a3152c0c-f869-4ad7-8e9f-e74a58fc61f8	49075937	49090484	fwd	7667	-3	left	UWB_Cisp0
chr8	51465484	51469835	374a33c0-b6d1-4822-93f9-3f3d0fb6987b	51465477	51480269	rev	4355	-3	left	UWB_Cisp0
chr8	51597105	51601585	f8d30228-85f3-4d45-9c10-23774518a9e9	51594883	51616463	fwd	4481	-3	left	UWB_Cisp0
chr8	51727502	51739975	06153736-6122-489c-980b-8dac8df8407d	51725691	51753220	fwd	12353	-3	left	UWB_Cisp0
chr8	52803965	52811579	5f8d2754-b2fc-4b3e-b350-c2c085c1cc58	52800737	52812616	rev	7609	-3	left	UWB_Cisp0
chr8	53392732	53398397	9b2693cf-bb7b-4244-9f07-446ca934cc28	53392727	53401479	fwd	5649	-3	left	UWB_Cisp0
chr8	55444903	55451603	5b95a16c-3bb4-40c8-8c69-42c9cb7d178a	55440636	55456288	fwd	6668	-3	left	UWB_Cisp0
chr8	58653134	58660080	674f7508-aa57-4696-bbd2-4468ddcfb73a	58653119	58660454	fwd	6919	-3	left	UWB_Cisp0
chr8	59504906	59512182	d6868b4d-9c27-4afd-af31-6b88b45870a1	59504444	59520401	rev	7275	-3	left	UWB_Cisp0
chr8	60346488	60355927	cd5ababf-76e8-4c4a-bbde-ae2ce8bfbf81	60346473	60356670	rev	9482	-3	left	UWB_Cisp0
chr8	60926067	60932857	40f87ccb-481c-498c-b6e4-b3fd2c4d628b	60926061	60938274	fwd	6783	-3	left	UWB_Cisp0
chr8	62793840	62798648	9ceb41d1-2f23-4343-8aec-c12d4ae13664	62787254	62798657	fwd	4742	-3	left	UWB_Cisp0
chr8	63684574	63694746	c0e51e9c-438c-4017-aba3-1d6c288f372b	63683721	63702862	rev	10105	-3	left	UWB_Cisp0
chr8	63934417	63938380	7570da30-8c28-430e-8370-17d5c7585f4c	63934413	63949005	fwd	3960	-3	left	UWB_Cisp0
chr8	77206668	77211798	a44056c8-512c-4be5-9881-0e2422e37d78	77201728	77213358	fwd	5109	-3	left	UWB_Cisp0
chr8	78668466	78688829	a15d1f44-583c-4b9c-8e08-c46cd5778355	78667707	78689448	fwd	20163	-3	left	UWB_Cisp0
chr8	79490068	79500897	935ed556-fafd-4a3b-bd9b-596fcfaa4347	79487292	79507540	fwd	10797	-3	left	UWB_Cisp0
chr8	83067576	83073814	2ada3afe-398d-43b6-b4a5-d2999cce6831	83067571	83079053	fwd	6187	-3	left	UWB_Cisp0
chr8	83769493	83776700	60f34993-6221-409f-8443-436b6fde71c8	83769483	83778233	rev	7213	-3	left	UWB_Cisp0
chr8	87080361	87085978	c19edcd6-ce25-4856-8a6f-7e575f68fec6	87080352	87093252	rev	5615	-3	left	UWB_Cisp0
chr8	87473313	87481436	2fcc7903-bde2-4474-80f1-439e488f7d3f	87473309	87482622	fwd	8031	-3	left	UWB_Cisp0
chr8	88237812	88241566	8f529a6e-bb0e-4d3d-bb3c-57af02e8820b	88237806	88243082	rev	3766	-3	left	UWB_Cisp0
chr8	91001191	91011101	8271257c-1c7d-4512-98fa-aff308dc4a93	91001185	91011851	rev	9854	-3	left	UWB_Cisp0
chr8	91748644	91754910	2b949a2d-2329-406f-a546-3dcc28d65bb3	91748424	91755144	fwd	6235	-3	left	UWB_Cisp0
chr8	93738548	93746268	9cc05b61-72d3-4098-8bcf-3eb7e462c948	93737235	93747766	rev	7694	-3	left	UWB_Cisp0
chr8	99676461	99684326	fd29f0ad-309a-4c37-85df-e3c29fc926f4	99676447	99686144	rev	7803	-3	left	UWB_Cisp0
chr8	104281817	104286784	1e29edb3-18c4-4d35-9118-576e1fa62f56	104277428	104289449	rev	4937	-3	left	UWB_Cisp0
chr8	104350374	104358902	17c5a49b-9692-42b2-a408-6c95ce10c32a	104350118	104370637	fwd	8431	-3	left	UWB_Cisp0
chr8	107240425	107247854	b2dd8a5a-a08c-4b1d-a3ee-1cb274c3e97e	107240419	107247862	fwd	7421	-3	left	UWB_Cisp0
chr8	108899038	108903358	1d646a48-bca5-48a4-977c-5891fed40b37	108899031	108913737	rev	4252	-3	left	UWB_Cisp0
chr8	113401113	113405856	5bf7ebef-a5f2-451e-b36a-6de89d1a0a07	113397669	113411153	fwd	4730	-3	left	UWB_Cisp0
chr8	117653121	117665342	d4542027-3686-4ff5-8c85-6d4c79076d65	117652534	117666055	rev	12206	-3	left	UWB_Cisp0
chr8	122973548	122976550	a4f1ec4e-3812-4294-9fa5-3ed6b721ec9d	122968571	122979871	fwd	2964	-3	left	UWB_Cisp0
chr8	123226231	123234271	6bd2b90c-c7c6-414d-9ca2-f79417151dcb	123221306	123238994	rev	8017	-3	left	UWB_Cisp0
chr8	126876515	126879667	914ccfb1-555f-482a-86c9-edc7625f9ff7	126876510	126884024	rev	3158	-3	left	UWB_Cisp0
chr8	127473603	127478869	8473c623-b5b3-498e-88fc-8c032a048a5d	127469892	127478883	fwd	5266	-3	left	UWB_Cisp0
chr8	128008764	128015273	c83c5675-268c-4094-93b5-e3a19f0d6a65	128007469	128036898	rev	6477	-3	left	UWB_Cisp0
chr8	128039134	128046016	c4b51f3a-c2dd-453c-8f84-b583cf611941	128039129	128052403	fwd	6791	-3	left	UWB_Cisp0
chr8	128945389	128949089	ec44e1ec-9fff-46fe-8abf-7e3ded74c351	128942049	128963259	rev	3702	-3	left	UWB_Cisp0
chr8	131307576	131314516	2d8c1f49-0b03-4da4-828f-a2177975c60b	131307572	131315174	fwd	6913	-3	left	UWB_Cisp0
chr8	131739460	131748270	6acf86d9-b611-40c1-916c-9dd09eaa4fa9	131739454	131750923	rev	8679	-3	left	UWB_Cisp0
chr8	132614173	132619593	641e3ae0-00ea-4eef-882d-2ca8b846e506	132611512	132619599	fwd	5401	-3	left	UWB_Cisp0
chr8	137649217	137656814	4fd8e060-c4df-49b0-b4a7-62bd14a4e4e8	137649206	137659952	rev	7565	-3	left	UWB_Cisp0
chr8	139123870	139135436	226f1ff5-f8b8-46cf-8adf-3d2627d6640a	139120375	139141759	rev	11538	-3	left	UWB_Cisp0
chr8	145009637	145019299	81eed329-0376-41dd-b3c1-66c1e0a81c20	145009632	145020050	rev	9634	-3	left	UWB_Cisp0
chr9	742996	754455	9ba89c57-4fd4-4071-9648-3b4afda3caff	739931	754937	rev	11340	-3	left	UWB_Cisp0
chr9	3775216	3782795	19e8dc0c-c46f-4ac6-b4b4-5534dcad9dc6	3775210	3793774	rev	7215	-3	left	UWB_Cisp0
chr9	20249154	20253775	8f03b2aa-894a-43a8-abbd-26d1ed5c17e5	20245006	20262413	rev	4613	-3	left	UWB_Cisp0
chr9	31794428	31799968	f4340fdf-8d8e-43ab-88c0-f275c1773d48	31784863	31803611	fwd	5559	0.186927	left	UWB_Cisp0
chr9	33381938	33389324	474cd03b-085e-4ca3-abd5-ea13ea8d0254	33379710	33405332	fwd	7398	-3	left	UWB_Cisp0
chr9	34689604	34694397	e34cd9c6-80e2-4b0c-83b0-bfa0c08f72bd	34689598	34701512	fwd	4743	-3	left	UWB_Cisp0
chr9	75831498	75839130	44f48335-2c29-404f-8fa9-5b493be659bd	75822232	75839140	rev	7596	0.215216	left	UWB_Cisp0
chr9	80519550	80526786	a59357ed-84cb-4e9e-bd08-f7343dfb5485	80519545	80529834	fwd	7173	-3	left	UWB_Cisp0
chr9	80743637	80756325	a00e4e12-e098-4d2d-bbe1-94c843067aed	80743632	80758149	fwd	12672	-3	left	UWB_Cisp0
chr9	89987392	89993780	676c2e85-eb5f-4f99-bc3a-87763e1a3890	89987387	90000539	fwd	6389	-3	left	UWB_Cisp0
chr9	121100506	121104972	fe302b22-497a-4984-a268-fb95f21e9e51	121099936	121104976	rev	4458	-3	left	UWB_Cisp0
chr9	130594638	130601152	dd42bbeb-a2be-417f-b852-46e08e80ba11	130594124	130613166	rev	6454	-3	left	UWB_Cisp0
chr9	133021693	133028125	5e10353b-60e0-46f5-8c2d-678e2212dcc0	133021417	133045831	fwd	6446	-3	left	UWB_Cisp0
chr9	133371171	133378262	d1105790-fb24-40d4-95bd-a6435e6d978c	133367891	133378490	fwd	7072	-3	left	UWB_Cisp0
chr9	133476987	133481323	48dad958-a54f-45e6-9484-dd7e6b9ff7a4	133476980	133485318	rev	4302	-3	left	UWB_Cisp0
chr10	2060292	2064373	b82ddcfd-16d7-4055-b0fa-e5096bac4b9b	2059623	2073926	rev	4060	-3	left	UWB_Cisp0
chr10	3176868	3181572	bdf0f7b9-c0c5-4102-9e7a-20951f5f00a8	3164815	3181576	rev	4656	-3	left	UWB_Cisp0
chr10	13516314	13520621	b5fd226b-bd7c-4d1e-b2d3-fce839232a21	13515769	13526101	fwd	4290	-3	left	UWB_Cisp0
chr10	16277869	16283506	f9c45664-6259-4637-b62d-6f611ebbff8b	16277860	16288036	fwd	5572	-3	left	UWB_Cisp0
chr10	16408885	16415019	009aab06-50f0-4c10-887d-55f255680721	16408875	16420247	rev	6132	-3	left	UWB_Cisp0
chr10	18657083	18662303	44271d82-61e3-4341-940a-9d857c79afc6	18657075	18662312	fwd	5212	-3	left	UWB_Cisp0
chr10	20087333	20091828	e0cb2937-0bf8-42b4-ad3b-b46748c08dfd	20087325	20098835	fwd	4489	-3	left	UWB_Cisp0
chr10	24918267	24923554	caaba404-53b4-4639-a280-5c3cbcb013fa	24918263	24930880	fwd	5243	-3	left	UWB_Cisp0
chr10	28992907	28999560	b3024040-a211-4a68-a9c5-416465461092	28988175	28999564	rev	6655	-3	left	UWB_Cisp0
chr10	29521608	29527656	7e883dcf-df18-4aa9-8505-cf913ffb0521	29516284	29535953	rev	6034	-3	left	UWB_Cisp0
chr10	33840498	33851421	36520573-0e12-4215-b448-8d8063dc8b88	33828425	33870132	fwd	10926	0.116181	left	UWB_Cisp0
chr10	34403519	34410095	abb906f5-38f7-4d6f-bdca-9e9ed6b4f968	34402055	34410113	fwd	6528	-3	left	UWB_Cisp0
chr10	38523734	38528560	3b5cdd8a-dc50-4834-921a-2733b09d3314	38519733	38529907	rev	4980	-3	left	UWB_Cisp0
chr10	41875063	41877411	42a21ae2-7697-433e-950c-ad0cd9f9a914	41862729	41880440	fwd	2115	-1	left	UWB_Cisp0
chr10	41876710	41882650	cf1a7980-23b2-4ad1-aebe-d0dccd3a81c1	41867290	41883450	fwd	5621	-1	left	UWB_Cisp0
chr10	41883627	41886271	71c13899-03e0-4802-b672-7eeee4c4fc79	41883621	41898023	fwd	1814	-3	left	UWB_Cisp0
chr10	41894870	41898361	5f518075-7a9f-4302-9000-3988f697b85a	41887180	41916265	fwd	2007	-1	left	UWB_Cisp0
chr10	41905931	41910435	5f518075-7a9f-4302-9000-3988f697b85a	41887180	41916265	fwd	4887	-3	left	UWB_Cisp0
chr10	41896243	41907339	903c1ec3-1325-486f-861e-ca3b24677894	41893148	41910537	fwd	3234	-3	left	UWB_Cisp0
chr10	41894690	41901882	121bd9e4-267b-4782-838e-e6646c8a2754	41893597	41914910	fwd	2951	-3	left	UWB_Cisp0
chr10	41907264	41914316	121bd9e4-267b-4782-838e-e6646c8a2754	41893597	41914910	fwd	5419	-3	left	UWB_Cisp0
chr10	41903698	41907529	e2aa5ed4-9cd7-41df-9a26-7c180a6428ee	41902607	41915664	fwd	3022	-3	left	UWB_Cisp0
chr10	41908757	41913116	cf818303-8e6b-4b9d-a2ad-cc84a54292b9	41903845	41916265	fwd	4534	-3	left	UWB_Cisp0
chr10	44193625	44202367	da94fed9-b184-4f1d-9def-69b95477f622	44193612	44203822	fwd	8663	-3	left	UWB_Cisp0
chr10	46283286	46289221	e6d310b8-03f2-4a1c-bb38-db0f3398bc48	46283273	46290529	fwd	5904	-3	left	UWB_Cisp0
chr10	54323273	54326725	a2f0895d-8f72-4548-b814-4e2313373b69	54323268	54333987	rev	3442	-3	left	UWB_Cisp0
chr10	55589360	55600179	e4a7a8b4-19ef-4b7a-b8bb-c42d5bef49de	55589355	55607678	fwd	10769	-3	left	UWB_Cisp0
chr10	58822908	58830591	651ba4ac-204b-47cc-93c8-c9fd06961f9a	58821642	58836187	fwd	7684	-3	left	UWB_Cisp0
chr10	60737528	60745036	f63948f6-3904-4108-b1c4-4cddb2ad30a5	60737523	60749593	fwd	7489	-3	left	UWB_Cisp0
chr10	64541156	64552187	cd70c7ca-1123-4899-99fa-fdae92725f7e	64540472	64555018	rev	10946	-3	left	UWB_Cisp0
chr10	67219731	67229806	dd83b332-60a1-4363-a386-2810ca0773d2	67219486	67232977	fwd	10039	-3	left	UWB_Cisp0
chr10	72658256	72662297	9ce16ac4-e473-4157-9d62-40774d547519	72658250	72669033	rev	4017	-3	left	UWB_Cisp0
chr10	75150918	75157171	3981d8a6-fe4a-4f4d-8f04-143938b20d4b	75142321	75157177	fwd	6235	-3	left	UWB_Cisp0
chr10	77918196	77926170	cae47ada-5fb2-4769-8001-c0c0717c50ad	77918189	77937663	rev	7940	-3	left	UWB_Cisp0
chr10	78926250	78940423	58c1005c-9d61-431d-80cd-093433fa3413	78919565	78960422	fwd	14145	-3	left	UWB_Cisp0
chr10	96286776	96294785	08235a9a-c4b1-4203-b426-8984bd86d620	96283887	96295882	fwd	7976	-3	left	UWB_Cisp0
chr10	106210807	106218809	0cd1133b-c9ab-433f-a96b-2b8d5ebdf984	106210796	106227717	fwd	7957	-3	left	UWB_Cisp0
chr10	107466232	107476551	ea2a43e3-b6a5-46d6-af0c-8d9341d3ad72	107466201	107478113	fwd	10249	-3	left	UWB_Cisp0
chr10	118667061	118673686	590ef90b-3f79-4685-9dc5-e04e9040fa58	118667048	118675034	rev	6608	-3	left	UWB_Cisp0
chr10	124333936	124337889	34ee5b83-e911-482f-8912-05403cb6ec09	124333931	124342405	fwd	3957	-3	left	UWB_Cisp0
chr10	125441033	125445986	a8082bd3-e523-4431-96a3-8337387f2a0b	125439339	125446275	rev	4915	-3	left	UWB_Cisp0
chr10	126408843	126416483	a24bf763-2d19-45c0-84de-1216b3f34391	126407251	126416837	rev	7603	-3	left	UWB_Cisp0
chr11	5081971	5087800	2231f7ca-d0af-4ac1-927b-bc4a05e2210a	5081964	5089841	rev	5509	-3	left	UWB_Cisp0
chr11	5997284	6001440	203fa39b-874d-4a3f-81e1-a23830819322	5981857	6013943	fwd	4151	0.395272	left	UWB_Cisp0
chr11	20921606	20926529	d265292d-5bf8-48e5-891d-6b6929110692	20921599	20929401	rev	4909	-3	left	UWB_Cisp0
chr11	26395262	26402315	2f4b56d3-8120-4b16-9b13-f4c7df2cd0db	26395258	26405747	fwd	7072	-3	left	UWB_Cisp0
chr11	27020334	27036507	ce5d8158-2651-437e-b0d9-467655a38e52	27019532	27038147	fwd	16172	-3	left	UWB_Cisp0
chr11	27533470	27544980	5bcdd2c5-17b4-4935-b088-8d772df883bc	27533464	27551686	rev	11486	-3	left	UWB_Cisp0
chr11	28137042	28141484	cf5663ee-f8f9-49c3-be21-f757b2ae95c8	28137037	28146872	rev	4428	-3	left	UWB_Cisp0
chr11	33610949	33619901	a1dd0a04-8312-44e5-a502-3cc185d1ab42	33610225	33624819	fwd	8989	-3	left	UWB_Cisp0
chr11	39097144	39108772	1bfd50d7-ed9f-4111-a726-05a946de8e59	39097138	39108779	rev	11569	-3	left	UWB_Cisp0
chr11	41638626	41642282	4aa525a5-fc78-406f-b2cb-f0e19030025d	41638622	41644897	fwd	3628	-3	left	UWB_Cisp0
chr11	41737436	41741816	cb9ee4f6-ff94-48e3-b372-4d465b512417	41737430	41749681	rev	4370	-3	left	UWB_Cisp0
chr11	45696169	45702952	561ed323-59f4-4be6-87bf-4374bfdf2ed0	45694216	45705587	fwd	6747	-3	left	UWB_Cisp0
chr11	56449420	56460307	01421f69-2698-47e4-9388-2969e81cc5b7	56449092	56483703	fwd	10811	-3	left	UWB_Cisp0
chr11	56936999	56947939	f85483bf-9b1b-4c23-a9c6-4a0761fed424	56936085	56947946	rev	10933	-3	left	UWB_Cisp0
chr11	64396334	64410189	59e8ec9d-b6d2-4733-a6ba-f4bb8d4232bf	64394995	64416882	rev	13855	-3	left	UWB_Cisp0
chr11	68917739	68923490	13629b9e-9a27-4303-a380-f83453d5d796	68917731	68925493	rev	5721	-3	left	UWB_Cisp0
chr11	71913976	71925371	4350da98-5a0f-4675-83f6-59acabd14fa9	71911808	71926316	rev	11275	-3	left	UWB_Cisp0
chr11	75113536	75119086	c68ba6b8-507c-417f-8d97-d20d2d7d37bc	75113529	75122772	rev	5564	-3	left	UWB_Cisp0
chr11	81296556	81309155	58277f51-b6b7-4d12-bb51-99b33a0a2a0a	81295745	81313784	fwd	12538	-3	left	UWB_Cisp0
chr11	82001535	82012187	62643d21-b58e-42dc-8ba7-b757b365e6f1	81997640	82012195	rev	10505	-3	left	UWB_Cisp0
chr11	83141511	83150363	ebeaf492-0c23-46ce-8704-f50f165fce9d	83141506	83150371	fwd	8821	-3	left	UWB_Cisp0
chr11	84102414	84109350	200f7728-01ef-445d-9ef8-5fcb2b642f44	84102407	84121620	rev	6926	-3	left	UWB_Cisp0
chr11	87760523	87766334	95100298-917a-46f6-8738-a7cfcdb0686f	87755613	87789091	fwd	5770	-3	left	UWB_Cisp0
chr11	88969427	88978316	0f3070f6-7c21-4a25-947d-aa912618f2de	88966914	88979991	fwd	8861	-3	left	UWB_Cisp0
chr11	89759651	89765882	93bdda2e-7375-41ab-96b2-98959902f600	89759643	89778650	rev	6150	-3	left	UWB_Cisp0
chr11	91922229	91928777	e9d83873-9692-4c55-ae1a-a508b77fd1ce	91918809	91928785	rev	6494	-3	left	UWB_Cisp0
chr11	95422680	95432459	56dfddba-728a-4566-b7b1-68d3872c7d83	95422390	95433283	rev	9700	-3	left	UWB_Cisp0
chr11	100288230	100301340	51df54a3-708a-4533-9c1b-6e9dad233c9d	100288219	100301348	fwd	13014	-3	left	UWB_Cisp0
chr11	100552780	100568045	32dd4e7f-325c-4c7d-a644-0b65f88656eb	100552462	100571218	fwd	15140	-3	left	UWB_Cisp0
chr11	100868492	100876052	ab66eb75-71e4-4d4e-bb83-e3355fc7bf6f	100867370	100884725	rev	7587	-3	left	UWB_Cisp0
chr11	105128346	105140842	af5448a7-baee-4313-9539-6c47fb58f367	105128342	105140847	fwd	12434	-3	left	UWB_Cisp0
chr11	107786842	107795518	68441464-91ef-4350-8bf4-9d8e91ba52db	107786835	107805900	rev	8642	-3	left	UWB_Cisp0
chr11	107994746	107999103	334a4212-d4e6-42e6-bc9d-a69b1aff8639	107990726	107999697	rev	4360	-3	left	UWB_Cisp0
chr11	113542946	113553189	f81480fc-90d8-4f73-9c0c-8ab7783f703d	113537171	113553202	fwd	10247	-3	left	UWB_Cisp0
chr11	116960941	116966932	847493bd-95a3-483e-9595-250419f3afc9	116960933	116973628	rev	5985	-3	left	UWB_Cisp0
chr11	118072914	118077234	8bfe5c5c-a71b-4093-bce8-b0b6feb4518f	118071919	118082559	fwd	4321	-3	left	UWB_Cisp0
chr11	118540970	118546103	6276b702-85d7-48ce-b960-40a03061d339	118524579	118546109	rev	5112	-3	left	UWB_Cisp0
chr11	120079311	120090271	bfa5ba6a-c1aa-4041-bd4b-7a64e3715226	120079301	120091564	fwd	10344	-3	left	UWB_Cisp0
chr11	120996188	121004154	f3c74e34-d7a9-4790-9ba4-14f4254d04be	120996182	121008336	fwd	7981	-3	left	UWB_Cisp0
chr11	121168863	121175326	c2f12113-4fcf-474e-9ff1-5587a34cd20f	121159689	121178891	rev	6458	0.106921	left	UWB_Cisp0
chr11	123954375	123957565	86bb88ce-1beb-4db8-929c-12e1d9fef790	123954366	123965193	fwd	3189	-3	left	UWB_Cisp0
chr11	132183268	132190686	994179dd-7174-4167-8e1c-54abcfd162f3	132183262	132190690	rev	7405	-3	left	UWB_Cisp0
chr11	133033895	133044741	45597798-b9ed-4bc9-9d7d-6a3f5f58fbab	133033889	133064072	fwd	10810	-3	left	UWB_Cisp0
chr12	471412	479130	4984281d-8be1-4859-8367-22b14d584a8e	471407	483995	rev	7746	-3	left	UWB_Cisp0
chr12	5358571	5364897	58b88a04-a386-476e-a323-85e47498945d	5352429	5364906	fwd	6263	-3	left	UWB_Cisp0
chr12	5839256	5846545	fbbd140a-4bb0-4f32-8df2-31faacdc140c	5839251	5846551	rev	7256	-3	left	UWB_Cisp0
chr12	5933424	5939332	4aac3e9f-f53c-4ad5-9a51-c471d2ce3a12	5931483	5939340	fwd	5843	-3	left	UWB_Cisp0
chr12	14397730	14407644	f2bd9e17-85a6-4c11-9350-1e824db6da59	14397725	14407649	fwd	9818	-3	left	UWB_Cisp0
chr12	17816974	17837634	738cb813-0f3d-4f8c-afb0-4d7f9ebe3c0b	17815888	17838307	rev	20631	-3	left	UWB_Cisp0
chr12	18548089	18558346	cac8726a-3fe8-47f7-b694-15977b957e52	18548084	18559280	fwd	10198	-3	left	UWB_Cisp0
chr12	26766225	26778429	045fccb0-fa18-481a-98a9-5f900babdb24	26764784	26781088	fwd	12319	-3	left	UWB_Cisp0
chr12	32866624	32880440	90d18b40-de46-4a92-9a7f-512757094c70	32865649	32880465	fwd	13834	-3	left	UWB_Cisp0
chr12	33559129	33565880	581c48fe-0a26-47fe-941c-93f4ef4c6a67	33559124	33565888	rev	6754	-3	left	UWB_Cisp0
chr12	37772561	37787116	ae7becda-9e37-4f0a-894e-1c9f1e803b4d	37772549	37795709	fwd	14537	-3	left	UWB_Cisp0
chr12	37916095	37918802	40b66edb-ab68-4969-9c8c-90cbc5927b22	37908239	37927949	fwd	2688	0.97315	left	UWB_Cisp0
chr12	41608388	41613326	648b3d8f-dd46-4f44-803c-75ca21435592	41607950	41613330	rev	4912	-3	left	UWB_Cisp0
chr12	43121900	43127301	53e941c9-1f17-4198-bb45-1247802ab6a1	43121894	43132522	fwd	5385	-3	left	UWB_Cisp0
chr12	44971864	44978022	162d5cd2-271f-48dd-ba52-0c389b4561c5	44971857	44992962	rev	6134	-3	left	UWB_Cisp0
chr12	45371816	45376730	b22868b1-66a3-49fd-a711-8b40165f03a8	45371797	45384494	rev	4921	-3	left	UWB_Cisp0
chr12	53272922	53277508	c8a051b2-a001-4f53-86f3-7356f7d30cfb	53263351	53279391	fwd	4573	-1	left	UWB_Cisp0
chr12	56374010	56382854	1580a3ee-1bb5-4438-b9de-d5adf6924549	56370365	56388896	rev	8799	-3	left	UWB_Cisp0
chr12	64676045	64690778	1bf9be28-0036-4d86-8824-e48b786674ae	64673160	64690784	fwd	14506	-3	left	UWB_Cisp0
chr12	70574177	70586783	b2531209-e186-4e4e-a7b6-f0107c765e99	70572954	70588219	rev	12591	-3	left	UWB_Cisp0
chr12	91878361	91883774	e9b4c1e3-a5e8-479c-a894-5961e664eeae	91878352	91887005	rev	5360	-3	left	UWB_Cisp0
chr12	94528745	94535405	3752192f-bd1d-4103-846d-8e5464dfdd71	94509842	94547500	fwd	6612	0.512589	left	UWB_Cisp0
chr12	98409729	98421655	17908d49-5730-4c43-924c-6dd105c067b2	98407842	98421660	rev	12152	-3	left	UWB_Cisp0
chr12	99696564	99704060	50749964-6dd6-4777-b8ec-aebc342f1842	99696555	99723820	rev	7481	-3	left	UWB_Cisp0
chr12	99734546	99741128	eb9d196b-3cfb-4d36-8387-d75aa1a5850d	99734530	99747614	rev	6548	-3	left	UWB_Cisp0
chr12	100618087	100622451	56c92ff8-5046-448e-92e5-35280758f52f	100610049	100622467	rev	4382	-3	left	UWB_Cisp0
chr12	103478866	103483082	a8ba1adc-cbf0-4bdf-90e2-34140d8181d7	103478860	103502832	rev	4211	-3	left	UWB_Cisp0
chr12	103766735	103774230	377c034c-8868-4e65-b2ed-0cb0068e679f	103763970	103774240	fwd	8022	-3	left	UWB_Cisp0
chr12	104942171	104948408	9b47e2f2-ca27-4bee-a43a-8c6882275fb8	104937894	104968820	fwd	6174	-3	left	UWB_Cisp0
chr12	106115515	106126145	92177419-7804-4d28-aac7-eb686526b460	106113003	106126155	fwd	10560	-3	left	UWB_Cisp0
chr12	111611028	111618183	7755dd3f-f2fa-427c-be1c-038fd9d2fca3	111611023	111623717	rev	7147	-3	left	UWB_Cisp0
chr12	115183491	115188556	ea21b42e-3906-42cc-a55b-06665b1662f5	115183486	115214242	fwd	5053	-3	left	UWB_Cisp0
chr12	120379902	120389942	5446e0b6-8960-4eaa-b1ab-c8236dfcd3f8	120371653	120392074	fwd	10014	0.234976	left	UWB_Cisp0
chr12	122859063	122863732	8943674f-a638-48d6-bc7e-7b0d0b570627	122859053	122873909	fwd	4641	-3	left	UWB_Cisp0
chr12	123225871	123233893	559dd7b8-a6b8-433d-9b76-3034543710a2	123221334	123235370	rev	7941	-3	left	UWB_Cisp0
chr12	123353675	123361384	05048caf-3ab0-483a-84b2-bf46da60d526	123350780	123361390	rev	7655	-3	left	UWB_Cisp0
chr12	123644632	123649290	69d72d11-3f4e-4f63-8fe2-79492debc182	123641972	123651035	fwd	4631	-3	left	UWB_Cisp0
chr12	124585116	124593290	29c82a81-ae5a-4a28-ae07-5748e763c9d3	124584542	124593302	rev	8142	-3	left	UWB_Cisp0
chr12	125630649	125638738	87ca3653-df5f-4341-a7d0-eb5b63d6f159	125623053	125638750	fwd	8011	0.113912	left	UWB_Cisp0
chr12	131214448	131219625	12dc83ec-ed35-4357-8fb4-3b24f0e7b09d	131214443	131224317	fwd	5167	-3	left	UWB_Cisp0
chr13	19101223	19107789	28b338f2-0e83-44da-ab44-a5e72b338f35	19101208	19111744	rev	6548	-3	left	UWB_Cisp0
chr13	28700506	28706385	4a0de9ce-12ba-474a-af4e-0942bc59175f	28700498	28713859	rev	5859	-3	left	UWB_Cisp0
chr13	29241518	29250238	fbbd8a5f-9105-4a84-ad9b-ffb9cc04a72d	29240626	29250959	fwd	8737	-3	left	UWB_Cisp0
chr13	32466635	32472745	0ec6cc97-136a-428c-bfa0-a0bd9a377f34	32466631	32474672	fwd	6065	-3	left	UWB_Cisp0
chr13	34188694	34195637	5a185b06-a655-4757-9732-ce5bbec6da14	34185234	34196553	fwd	7061	-1	left	UWB_Cisp0
chr13	37294255	37299915	51130934-87a8-446e-9c5b-3b2374d143a1	37285032	37304256	fwd	5641	0.333377	left	UWB_Cisp0
chr13	41270509	41279931	e37dd3e4-8480-4729-8e3f-333d27f1c2fe	41263742	41283398	rev	9424	-3	left	UWB_Cisp0
chr13	45822244	45826718	31831611-11f5-4721-87dd-4e9d97adce2d	45810789	45831346	fwd	4505	0.366781	left	UWB_Cisp0
chr13	49384361	49388034	db127db4-fa82-4e62-982c-340a9970f5a1	49384351	49389720	rev	3645	-3	left	UWB_Cisp0
chr13	50907914	50916821	f4126af9-e624-4d73-bfd5-98c167decade	50907909	50916833	rev	8830	-3	left	UWB_Cisp0
chr13	51237314	51243287	a0b359a5-e33d-41c3-b7be-b85bb68e28f3	51237309	51244945	fwd	5913	-3	left	UWB_Cisp0
chr13	51834971	51842659	538a0c37-c229-47b1-b703-b1258268fe83	51831922	51844677	rev	7689	-3	left	UWB_Cisp0
chr13	53077713	53083073	3251358e-b921-417a-8651-1a660606e4ba	53077705	53083077	rev	5322	-3	left	UWB_Cisp0
chr13	56625951	56633466	54612987-ba8e-439e-a36e-8c4b5db83185	56625947	56633486	fwd	7528	-3	left	UWB_Cisp0
chr13	56611411	56619106	c009c11b-c95d-426d-9aa0-46c44b6c00cd	56609349	56635016	fwd	7695	-3	left	UWB_Cisp0
chr13	65682897	65690359	d0f0fc90-f0bd-4e69-986c-f432d4ece01d	65680585	65691419	fwd	7397	-3	left	UWB_Cisp0
chr13	67324769	67328982	7371fb14-5188-4b8e-a87d-1ce72079d122	67324760	67333701	rev	4213	-3	left	UWB_Cisp0
chr13	72890312	72897760	6e7eadb2-31d5-45e9-9d56-cde7d2f9c7b5	72890308	72900844	fwd	7474	-3	left	UWB_Cisp0
chr13	83357164	83362891	17d4a365-ff6d-4f36-b812-fcdae506376f	83356431	83372073	rev	5728	-3	left	UWB_Cisp0
chr13	87887103	87894930	f2df1d86-5e49-40c7-8708-cc2070217239	87871544	87902315	fwd	7795	-1	left	UWB_Cisp0
chr13	91282338	91291407	b4b2e08c-721c-4ba5-90b4-94d5a081434c	91282333	91291413	rev	9058	-3	left	UWB_Cisp0
chr13	92714558	92721284	e4da96ab-57a4-4e63-b40e-710a4b42c183	92714551	92732515	rev	6730	-3	left	UWB_Cisp0
chr13	94294371	94302608	f88d362f-ffb1-405f-ac44-8f38fffddb37	94292437	94306062	rev	8197	-3	left	UWB_Cisp0
chr13	106927565	106941342	f22fce4e-d39b-4acb-8621-a451ee06184f	106927559	106942422	rev	13720	-3	left	UWB_Cisp0
chr13	108144101	108159606	b4dad7bc-8c7b-465f-b644-6c995b656d20	108143007	108159612	rev	15556	-3	left	UWB_Cisp0
chrX	6431961	6439658	87b957e2-b33f-47f0-9d91-64f3beafb493	6418770	6443390	rev	7649	0.296637	left	UWB_Cisp0
chrX	10562661	10568722	b8b1be77-5618-4805-bd27-bc878d539514	10562649	10589093	rev	6055	-3	left	UWB_Cisp0
chrX	12461103	12467680	e8aebb3c-00e4-417f-bda7-c15db2c3e54d	12461099	12473971	fwd	6313	-3	left	UWB_Cisp0
chrX	14732201	14738089	39948efd-e3a8-4e6d-b371-8c5dd213358c	14732195	14744178	rev	5869	-3	left	UWB_Cisp0
chrX	15327321	15329673	43c49547-5892-418d-82f0-fdc05b07a350	15324912	15335898	fwd	2333	-1	left	UWB_Cisp0
chrX	21585634	21592145	768b645e-c0d1-418e-b13c-b437a79ca9e6	21575361	21604749	rev	6483	0.760952	left	UWB_Cisp0
chrX	24970989	24975869	9501a0f3-2b81-498b-af8d-342d327f1c3d	24970984	24980171	rev	4879	-3	left	UWB_Cisp0
chrX	26573145	26580037	656f2ac0-bea0-4a92-9a0c-d76d0677fcd8	26573140	26585466	fwd	6876	-3	left	UWB_Cisp0
chrX	26892351	26901543	20a83811-be5b-45ec-9277-f58cde4ef5de	26889572	26905236	fwd	9176	-3	left	UWB_Cisp0
chrX	39278814	39289760	f17639a8-101e-4628-a86f-25b95f9eac60	39278801	39289765	fwd	10918	-3	left	UWB_Cisp0
chrX	40975902	40982791	9e6c9df1-38c3-4463-a78b-60ef46518360	40972462	40983992	fwd	6861	-3	left	UWB_Cisp0
chrX	42346546	42358030	8f4a62df-fc30-4590-9c52-3391591f4cb6	42327866	42361399	rev	11408	0.450992	left	UWB_Cisp0
chrX	42963370	42967882	89cd4fc9-0ceb-4280-a43c-8a039508aefe	42962185	42977001	rev	4528	-3	left	UWB_Cisp0
chrX	48342410	48346659	a720983d-2787-4b2c-8654-9e81ca579447	48341803	48350330	rev	4236	-3	left	UWB_Cisp0
chrX	70451635	70463602	4b45f5fe-613d-468e-b332-dc74e455d7d8	70451629	70464446	fwd	11896	-3	left	UWB_Cisp0
chrX	84745333	84752182	4e4b4ad4-131b-4692-b95b-fa6c7fe1852f	84742316	84753007	fwd	6854	-3	left	UWB_Cisp0
chrX	95108129	95118300	eaaa2ec4-a952-434d-adaf-613c2864d1d4	95107391	95123661	fwd	10148	-3	left	UWB_Cisp0
chrX	95225397	95232538	fb1ad293-e056-4268-8d21-160783bf64dc	95225383	95239635	rev	7127	-3	left	UWB_Cisp0
chrX	106403080	106412194	f29ca166-3c7c-44cd-a89d-9d079648a352	106403072	106412200	rev	9101	-3	left	UWB_Cisp0
chrX	108891677	108895360	8f5c458a-06be-4dd0-9558-fde30555bf46	108891673	108901330	fwd	3682	-3	left	UWB_Cisp0
chrX	114180044	114184069	5c267637-9601-4d2f-b848-72334a973634	114172751	114185106	rev	4017	-3	left	UWB_Cisp0
chrX	117795306	117803061	bc5e39de-ca58-40f6-a354-dc2c51068089	117795301	117805369	fwd	7699	-3	left	UWB_Cisp0
chrX	118474403	118484231	ee4c1b9f-8dd3-41dc-a4bd-1bf1f7ef613b	118471150	118486011	rev	9753	-3	left	UWB_Cisp0
chrX	119353928	119365955	69dfc351-d188-47d8-a237-f0b36bb30865	119353731	119365959	rev	11968	-3	left	UWB_Cisp0
chrX	121514511	121523474	3ef85c42-288e-421a-81c0-5a897468d8ae	121514504	121528173	rev	8931	-3	left	UWB_Cisp0
chrX	129821591	129826930	bd280fb8-94d5-49fd-a0cd-4254ec0b218c	129819684	129832002	rev	5273	-3	left	UWB_Cisp0
chrX	131804654	131809058	c3411398-de07-42a3-bcde-1da1182f2c19	131804650	131816858	fwd	4394	-3	left	UWB_Cisp0
chrX	136059546	136072452	c7c7a98a-b369-4832-a69d-446805ed3b7a	136059537	136079922	rev	12322	-3	left	UWB_Cisp0
chrX	143443089	143446584	fbc59981-9749-45cc-9d58-8afa5cc9390c	143443080	143455208	fwd	3481	-3	left	UWB_Cisp0
chrX	146255767	146261755	65e756c5-7fcf-4197-a9b2-dc0ac1973cf9	146255762	146267828	rev	6032	-3	left	UWB_Cisp0
chrX	148992394	148998684	4bf87dad-a916-45aa-9fb0-600147a29c53	148992385	148998689	rev	6274	-3	left	UWB_Cisp0
chrX	152664445	152672903	53e9b073-0dfe-4d7b-a935-8efeb10f019b	152664430	152684302	fwd	8466	-3	left	UWB_Cisp0
chrX	154234089	154240579	2bceef93-9bc4-4a50-94b6-295a53b05531	154229463	154242598	rev	6487	-3	left	UWB_Cisp0
chrX	155499459	155510523	78b6d83c-aefb-44b2-abce-a798ba894153	155495164	155510566	fwd	11060	-3	left	UWB_Cisp0
chrY	56826670	56832405	7edce047-d69b-4bbf-a580-a92e40a2f1ce	56825767	56834834	fwd	6409	-3	left	UWB_Cisp0
chr1	11165385	11170470	26fe9c16-a239-4aa1-9f1f-02d117e40ffa	11165379	11174169	fwd	5361	-3	left	UWB_Cisp1
chr1	27595735	27600661	41a1a5c8-5e54-4227-9fb3-877153678f89	27595090	27613991	rev	4912	-3	left	UWB_Cisp1
chr1	41293949	41305240	6a960373-8ff8-475c-973b-ccc3f85903ba	41290417	41305247	rev	11141	-3	left	UWB_Cisp1
chr1	42227118	42232193	c0fed43a-80cf-40bf-956c-33809b18a145	42225857	42239969	rev	5034	-3	left	UWB_Cisp1
chr1	51986904	51992708	a7f85bbd-b8e8-45d1-ab69-4e4dfa308906	51986899	51992717	rev	5760	-3	left	UWB_Cisp1
chr1	53258397	53262107	6403bf30-c70b-4d52-a11c-e19805bd1383	53255851	53262509	rev	3700	-3	left	UWB_Cisp1
chr1	62456595	62467268	398f1635-812f-4c13-8d54-48d68e964fd4	62456590	62467276	rev	10594	-3	left	UWB_Cisp1
chr1	75628149	75632125	630f3f0b-b144-4fab-afba-6d7c2c85def3	75628145	75635299	fwd	3955	-3	left	UWB_Cisp1
chr1	76556273	76559034	54b5f1fe-03f8-4b22-97e6-b662eebbedbe	76556268	76570251	rev	2747	-3	left	UWB_Cisp1
chr1	91793353	91797059	96dd2887-40d4-4d24-adb0-3002b5559146	91793349	91798708	fwd	3718	-3	left	UWB_Cisp1
chr1	143209322	143217920	193bf75f-0e1c-44c6-8fca-408e237b3036	143200062	143221953	fwd	4300	-1	left	UWB_Cisp1
chr1	143211372	143223675	b69d0cf5-4f91-40ab-a5d2-2869483b9073	143211365	143223681	rev	9468	-3	left	UWB_Cisp1
chr1	143213603	143218702	1175b148-7b5f-4b1f-8fbe-6319b8ae4dac	143213022	143233430	fwd	3588	-3	left	UWB_Cisp1
chr1	143223403	143228695	1175b148-7b5f-4b1f-8fbe-6319b8ae4dac	143213022	143233430	fwd	1731	-1	left	UWB_Cisp1
chr1	145743599	145750530	cf973308-2c2d-44dc-bc7d-d681ecabf82a	145743593	145752250	fwd	6911	-3	left	UWB_Cisp1
chr1	147386999	147394483	bca52497-8529-407f-b161-d0a25ec4a049	147386995	147394491	fwd	7442	-3	left	UWB_Cisp1
chr1	151937246	151941644	65f1306d-d29f-4e31-97d5-68e9c00e01e9	151935941	151941650	fwd	4411	-3	left	UWB_Cisp1
chr1	219737409	219742703	55960c1e-db3a-4335-b9c9-487c6d1df9f7	219737404	219746657	rev	5274	-3	left	UWB_Cisp1
chr1	226704118	226711277	82438c37-0302-42f4-a03e-c5ddb8d624ff	226700606	226717647	rev	7116	-3	left	UWB_Cisp1
chr1	241364353	241371298	49ae65d6-3ff0-459a-9151-2f14a9a49ab0	241364345	241374397	fwd	6921	-3	left	UWB_Cisp1
chr14	21108456	21113760	c4596a07-0922-4c53-9193-948d6da5cc55	21108451	21119782	rev	5293	-3	left	UWB_Cisp1
chr14	52090575	52096380	2d3493a0-ac0f-43b0-aad9-ae3c6fa18ad2	52090569	52099675	rev	5798	-3	left	UWB_Cisp1
chr14	61041089	61052590	966cc99c-0db2-4d19-af48-a28da5929488	61041084	61055461	fwd	11423	-3	left	UWB_Cisp1
chr14	63118141	63127902	f73cb6cc-f9d5-47b9-ac83-b70e65b6a169	63110433	63128017	fwd	9742	0.318084	left	UWB_Cisp1
chr14	67896486	67900356	82c6ae26-301c-424d-a49b-51832a342270	67896476	67902523	rev	3859	-3	left	UWB_Cisp1
chr14	92815172	92823551	a15e34e2-0678-4c87-a9ca-de19cd5c092f	92815165	92823567	rev	8382	-3	left	UWB_Cisp1
chr15	19958643	19964383	4c1541ac-fd9c-4f5b-82bc-9f55d883c4e5	19958637	19974914	rev	5714	-3	left	UWB_Cisp1
chr15	38616618	38622500	4f4ccddf-f81e-41b9-b4f3-8cab4b7fd5ba	38606430	38622507	fwd	5839	-3	left	UWB_Cisp1
chr15	43690323	43698303	524abb1f-e220-4a82-bf94-ad0bcf1853a6	43689293	43700973	fwd	7944	-3	left	UWB_Cisp1
chr15	45228073	45235120	4b2ad1e8-b8f0-4441-8119-2a8840290160	45227361	45238055	fwd	7001	-3	left	UWB_Cisp1
chr15	49771191	49781719	6bfc2624-30ab-4029-8fc5-ba10f146e5bd	49771183	49781723	rev	10493	-3	left	UWB_Cisp1
chr15	53217648	53227729	04952cb2-ae61-46e4-b1e6-7cefc7f87bdc	53216416	53228616	rev	10032	-3	left	UWB_Cisp1
chr15	81990421	81995307	54fa0997-4df4-41e8-a2c3-01bde7f24cab	81988806	81999014	rev	4867	-3	left	UWB_Cisp1
chr15	82738414	82749512	1767ed96-3a00-4068-a23c-b5a94334738d	82738408	82749907	rev	11041	-3	left	UWB_Cisp1
chr15	83942427	83948199	d7de8118-395e-48fc-9ab7-75e2070a8a04	83942422	83953229	rev	5757	-3	left	UWB_Cisp1
chr15	96131149	96138752	008d21d0-81b3-4f85-abb3-974d7f971868	96131143	96142289	rev	7604	-3	left	UWB_Cisp1
chr16	35974863	35979712	f0e543d1-17c6-43dc-9059-a0372f60f2fe	35974852	35985095	rev	4848	-3	left	UWB_Cisp1
chr16	46389339	46398235	dedaee74-ebc4-44fa-b1ca-96c4f33d9654	46383095	46405953	fwd	2953	-1	left	UWB_Cisp1
chr16	46396248	46400496	75474515-1f22-4d50-9974-6fcf4abc68aa	46385624	46400636	rev	2452	-1	left	UWB_Cisp1
chr16	46395008	46403050	16aca80b-4b07-49fc-8cc2-e45420b65667	46385709	46403055	fwd	4938	-3	left	UWB_Cisp1
chr16	46395835	46403295	ea80e1ae-788a-4efb-80f8-9fb167d14b4c	46386486	46403301	rev	3112	-3	left	UWB_Cisp1
chr16	46389186	46399750	a1851840-9061-4746-8a46-4feb1034bdf4	46386831	46401474	fwd	5286	-3	left	UWB_Cisp1
chr16	46395835	46402719	a45e041f-8bbb-4844-8e3b-bd22b7838332	46387214	46403911	rev	2571	-3	left	UWB_Cisp1
chr16	46396612	46400047	cc937f93-59bf-4313-abd2-74bf6ec27c68	46387304	46403452	rev	2003	-1	left	UWB_Cisp1
chr16	46392675	46401751	d0a6557a-4255-4494-baa3-3994a8cbd40a	46387385	46401758	rev	4585	-1	left	UWB_Cisp1
chr16	46394096	46397117	7d26f6aa-1b6e-40ae-bae8-9dc1c4de9b46	46388224	46403914	rev	384	-3	left	UWB_Cisp1
chr16	46395068	46403215	295a246a-e51a-475d-951a-5967231f22dd	46388775	46403765	fwd	2807	-3	left	UWB_Cisp1
chr16	46391216	46397309	35ed10ed-919e-4d3d-958f-98814fed4834	46389542	46400128	fwd	1069	-3	left	UWB_Cisp1
chr16	46390779	46397293	f8fb20d3-1510-4d7c-b346-05c3fb5ace72	46389873	46402698	rev	1286	-3	left	UWB_Cisp1
chr16	84346665	84363926	827c15dd-292a-4891-a612-6ed3d714233a	84346660	84363935	fwd	17215	-3	left	UWB_Cisp1
chr17	15671575	15680565	7c34f11f-7267-429a-9f7a-51239605b436	15671563	15680573	rev	8945	-3	left	UWB_Cisp1
chr17	21973743	21976434	ceffae9c-b8c9-4fed-9b5d-d0476100016e	21972119	21983019	fwd	1818	-3	left	UWB_Cisp1
chr17	33964359	33972986	ae5dc0f0-f660-48be-a77b-757d53ef11a9	33961783	33998621	fwd	8617	-3	left	UWB_Cisp1
chr17	55975814	55985139	da4d0196-a6bc-4971-9569-ba384411d1e7	55975444	55988312	rev	9265	-3	left	UWB_Cisp1
chr17	63212316	63218353	8a4cbdce-d146-4c54-9634-34486579b3ff	63212310	63227300	fwd	6044	-3	left	UWB_Cisp1
chr18	5874821	5879962	d5c9beb3-3729-4660-b99d-e0e9bfb05694	5874814	5881214	rev	5112	-3	left	UWB_Cisp1
chr18	8442274	8451757	b174323e-f3f9-4450-bedd-932741548f8a	8442153	8454054	fwd	9444	-3	left	UWB_Cisp1
chr18	8759239	8764067	56f6b0bc-c712-4175-89be-12d5d95888eb	8757901	8764227	fwd	4803	-3	left	UWB_Cisp1
chr18	30759333	30762577	8844c659-84b0-4df0-ae87-372cc73fff1f	30754702	30767245	fwd	3249	-3	left	UWB_Cisp1
chr18	43967333	43971449	f57a35ee-8358-4956-afe1-b3ac77544fbc	43967326	43973394	rev	4093	-3	left	UWB_Cisp1
chr18	57832228	57836964	ff7f2be7-c091-4758-8908-cd485965d3ca	57832222	57841272	fwd	4665	-3	left	UWB_Cisp1
chr18	79235626	79241576	167f1dcf-1fb9-473b-a16c-0d5480d86c9d	79235609	79249193	fwd	5878	-3	left	UWB_Cisp1
chr19	57504049	57513769	42151203-b288-4b4e-b800-37a053c5aabe	57504039	57513775	rev	9650	-3	left	UWB_Cisp1
chr2	3333334	3338359	960d13b4-b631-49a1-b575-1539d9083d5a	3333327	3343827	fwd	5017	-3	left	UWB_Cisp1
chr2	8759985	8774192	9cb2b8dc-74e0-4309-a2cb-81fe29523927	8759804	8774196	rev	14081	-3	left	UWB_Cisp1
chr2	15288568	15299151	68cc4246-ac66-4aef-8d1f-83cfc7ed56b2	15288563	15302881	rev	10573	-3	left	UWB_Cisp1
chr2	26833109	26841277	e1b1f868-71bf-43de-a42d-9adfcadc7110	26833105	26841900	fwd	8145	-3	left	UWB_Cisp1
chr2	117649207	117655428	f12938e9-c176-457a-84c4-34451395aa40	117649196	117660867	rev	6202	-3	left	UWB_Cisp1
chr2	139175620	139186593	e551196d-29fb-4488-97c1-cd264f694ee8	139175607	139186604	rev	10913	-3	left	UWB_Cisp1
chr2	143902747	143908111	7d834efc-56ad-4904-9bb5-155728bf4cd9	143902740	143908471	rev	5338	-3	left	UWB_Cisp1
chr2	149788185	149791662	8b3cdc65-fa74-4829-bfbc-d4c93c1e85e0	149788171	149793867	rev	3471	-3	left	UWB_Cisp1
chr2	156532155	156536870	3d5e18f1-705b-4fde-a31b-64a1a6ad3484	156532147	156543697	fwd	4738	-3	left	UWB_Cisp1
chr2	158902449	158907183	0842ca53-c7f4-4ef8-8346-498173f246d6	158902443	158909153	rev	4733	-3	left	UWB_Cisp1
chr2	159907972	159920875	c58b20ff-0b77-4271-a7a8-81ac4d06fad6	159907596	159924294	fwd	12789	-3	left	UWB_Cisp1
chr2	162675675	162682640	e014ce1f-f0fa-4b14-8bb7-8dc373919ef1	162675670	162685211	rev	6933	-3	left	UWB_Cisp1
chr2	172918808	172928069	3b25bd55-178a-430f-8a89-e3f835a0c202	172918801	172928310	rev	9208	-3	left	UWB_Cisp1
chr2	224628611	224634484	3ef7c955-0208-4779-9e5b-37a0ac768ca9	224628604	224634489	fwd	5839	-3	left	UWB_Cisp1
chr20	3782649	3788923	6d8a591d-6ef4-443a-8557-821950e9878a	3781939	3789251	rev	6275	-3	left	UWB_Cisp1
chr20	19703946	19709604	d5677972-051f-44cc-a495-1cb97b6f87e1	19703760	19710414	rev	5667	-3	left	UWB_Cisp1
chr20	29113102	29118027	0c27d3a5-2adf-4f58-b6f7-ac4fb4a4ff25	29113095	29125693	fwd	5012	-3	left	UWB_Cisp1
chr20	31059333	31065537	270b3b72-f2b3-42f6-806f-4582c472bd73	31051508	31068338	fwd	1709	-3	left	UWB_Cisp1
chr20	31067004	31073937	b960a576-fe2d-4d07-ac5a-818bf457e1a0	31051968	31076742	fwd	8183	-3	left	UWB_Cisp1
chr20	31062482	31070514	919f2a44-1622-4a21-a1c4-ba9757ce4c95	31052353	31072198	fwd	3317	-3	left	UWB_Cisp1
chr20	31059693	31077118	8e0b4661-d9c4-489c-8883-67742906dbcd	31055797	31077124	fwd	5681	-3	left	UWB_Cisp1
chr20	31056857	31061882	b452e204-7d46-4a59-853e-2d8f1ce46972	31054881	31084019	fwd	3152	-3	left	UWB_Cisp1
chr20	31063842	31071233	747fdbc4-3dbc-43c8-9d2d-8401b35313e3	31063838	31076248	fwd	6118	-3	left	UWB_Cisp1
chr20	31069870	31073861	d34b4690-21f8-4bba-a863-8b67b263e57c	31063974	31076455	rev	2371	-1	left	UWB_Cisp1
chr20	31187743	31193221	234764c5-9838-409f-8147-1d09801a9776	31183791	31199411	fwd	5477	-3	left	UWB_Cisp1
chr20	33813401	33820008	f734f209-2aa7-43e3-b251-589dd43abdce	33810332	33820032	fwd	6533	-3	left	UWB_Cisp1
chr20	38937595	38947545	e7ca9052-ce26-4883-b4bf-5fcaf9a7af48	38937590	38947937	rev	9862	-3	left	UWB_Cisp1
chr20	38989768	38998361	681abecc-0e9e-4794-8c40-99f9335cfa99	38989762	38999193	fwd	8540	-3	left	UWB_Cisp1
chr20	45768642	45775958	0148f6d3-0a44-4cff-8ef5-e84395783eb9	45768638	45784862	fwd	7285	-3	left	UWB_Cisp1
chr21	10695658	10701136	0c1e2065-b0e5-4a14-afdb-bfff529a67dd	10695399	10701144	fwd	5448	-3	left	UWB_Cisp1
chr21	14853419	14864886	69ebb14b-33ec-43e8-adf9-c705eddbc180	14853219	14870404	rev	11370	-3	left	UWB_Cisp1
chr21	15152070	15158337	8bc388b3-3099-4768-b078-fabd52ad90c3	15152065	15160070	fwd	6248	-3	left	UWB_Cisp1
chr21	23902750	23914678	15eec87e-5e9f-4fbd-a456-46c48fe48e56	23902743	23914683	rev	11917	-3	left	UWB_Cisp1
chr22	10714364	10720794	9f101ffd-d1a9-4c89-87bf-a205bfc07bd9	10707713	10721203	fwd	7178	-1	left	UWB_Cisp1
chr22	28072713	28085658	c385a57f-002d-4ef5-8ee3-5cca83797dc1	28072707	28085663	rev	12878	-3	left	UWB_Cisp1
chr3	7918417	7925827	ea346801-f77f-47c6-bd40-8bfa58dcbaec	7916173	7930141	rev	7393	-3	left	UWB_Cisp1
chr3	26816201	26824147	0d7da67c-e3e6-4c1c-bc51-bc553402cf09	26816187	26827571	fwd	7863	-3	left	UWB_Cisp1
chr3	26816836	26824204	5fc6e2c7-af60-4d44-aeaa-58fb6707c6a9	26816008	26831307	fwd	7332	-3	left	UWB_Cisp1
chr3	29971080	29988408	eae7e9b7-d012-4b93-8948-de59c2908dea	29971072	29988417	fwd	17346	-3	left	UWB_Cisp1
chr3	55569655	55577304	caed046e-6058-42f5-8356-1e2a099ea7a1	55569646	55577308	rev	7660	-3	left	UWB_Cisp1
chr3	78664733	78671095	b6e6ff25-72d7-438b-a591-029a2a605993	78664729	78671113	fwd	6345	-3	left	UWB_Cisp1
chr3	117416446	117422633	779de764-ebb5-4633-9724-fee87db52b1e	117413982	117425871	fwd	6190	-3	left	UWB_Cisp1
chr3	133220499	133226857	b9482d7c-a4d2-4259-8b9b-d0a4a3df7a8f	133220492	133226864	rev	6368	-3	left	UWB_Cisp1
chr3	136202525	136212275	51c37163-5614-4e50-9c18-fff5dcd378e5	136202516	136214860	rev	9718	-3	left	UWB_Cisp1
chr3	141138172	141150034	9dd543f6-0d2d-4620-ba9d-12bbf3ceb94f	141138166	141150042	fwd	11780	-3	left	UWB_Cisp1
chr3	156558172	156563604	86b08c05-5b96-4b1a-aa0d-9a78253377d2	156558165	156566174	rev	5411	-3	left	UWB_Cisp1
chr3	158193157	158200232	9ad6a984-698f-4a4f-a3cd-e916a094fc2f	158193149	158200754	fwd	7034	-3	left	UWB_Cisp1
chr3	158487174	158493962	c17dcde6-6bdd-4e42-8699-daae3c12fce2	158487168	158497152	fwd	6800	-3	left	UWB_Cisp1
chr3	159568568	159571532	74a60c1f-0080-4687-a200-f6ca9b43ae8d	159567812	159576212	rev	2959	-3	left	UWB_Cisp1
chr3	160405201	160422268	8421005b-3728-4de5-8b41-82c43c3219d6	160404682	160423994	rev	16981	-3	left	UWB_Cisp1
chr3	164747221	164749890	eec2aa5e-cbc6-4126-a3cf-69acddb22a0f	164731310	164749900	fwd	2664	-3	left	UWB_Cisp1
chr3	176706636	176718700	20b6e92b-5296-41d3-9edf-7fc9cc5e0371	176706591	176718708	fwd	11995	-3	left	UWB_Cisp1
chr3	177063290	177069150	4c4feb69-1dec-4c08-b109-d36dbe816fcb	177063285	177070614	rev	5840	-3	left	UWB_Cisp1
chr3	193807348	193812835	4b8949d4-8e51-462e-a94f-69e32a276b89	193807343	193812845	rev	5464	-3	left	UWB_Cisp1
chr3	194156964	194164213	26df53eb-92ba-4af7-aa8a-07f111cf9ade	194152306	194165567	fwd	7227	-3	left	UWB_Cisp1
chr3	197251466	197260897	f7d960c9-4b01-455e-bbfb-4724a1a9ff1a	197251457	197260912	fwd	9369	-3	left	UWB_Cisp1
chr4	2176053	2187475	c3460f57-a7ef-41d0-8b85-b0dd589b14b7	2176038	2189789	fwd	11398	-3	left	UWB_Cisp1
chr4	10510649	10517447	fb955ad6-738e-43f9-96a9-44ffade7f86c	10510644	10518901	rev	6760	-3	left	UWB_Cisp1
chr4	21587734	21592897	e5081c44-8708-473e-98c3-c25e1a8c615b	21587729	21593827	fwd	5130	-3	left	UWB_Cisp1
chr4	24932451	24938129	76001f6b-30b1-46ce-9d3e-6e114a663e5d	24932428	24942326	fwd	5647	-3	left	UWB_Cisp1
chr4	25279760	25287235	3ca0eeed-1761-4536-9941-b8333694e1a6	25279752	25287252	rev	7467	-3	left	UWB_Cisp1
chr4	32440784	32444871	1cdbbcaf-525d-4585-ab84-477e17af1d73	32440028	32452477	rev	4097	-3	left	UWB_Cisp1
chr4	36113916	36121147	90280cca-8b43-4744-80b6-0d4b47b5f5f3	36113911	36127966	rev	7227	-3	left	UWB_Cisp1
chr4	49100692	49104007	afe135e8-5ae7-4370-b6c8-c6229781ba40	49093394	49106427	fwd	3044	-3	left	UWB_Cisp1
chr4	49116412	49120676	e76a28b9-d02d-4046-8f36-63cdcd7bdcd4	49108750	49121679	rev	3857	-3	left	UWB_Cisp1
chr4	49122037	49125553	c5e0e778-5c5b-41fc-87e5-b089ba6217d1	49116327	49125558	fwd	3854	-3	left	UWB_Cisp1
chr4	49147153	49150625	d51541e7-3790-4277-a351-393f1ec2a5c5	49143801	49156884	rev	2787	-3	left	UWB_Cisp1
chr4	49152527	49156344	d51541e7-3790-4277-a351-393f1ec2a5c5	49143801	49156884	rev	2929	-1	left	UWB_Cisp1
chr4	49153998	49157015	d08c3943-301d-44ad-ab11-be946ba595d7	49147652	49166764	fwd	3209	-1	left	UWB_Cisp1
chr4	49637114	49639406	123441ea-8b48-4ea9-b39d-7a0dd3b86fed	49634968	49649043	fwd	1448	-3	left	UWB_Cisp1
chr4	91337476	91345694	5b04f802-078d-4b7e-b7a8-ef60e0ca75e1	91337469	91350099	rev	8143	-3	left	UWB_Cisp1
chr4	131407431	131413969	5edee8e4-0026-49a4-a183-54afdcc9f3a1	131405551	131416657	rev	6898	-3	left	UWB_Cisp1
chr4	156148796	156154622	576f6107-9418-4750-9d83-2c0c697d9872	156148790	156162494	rev	5832	-3	left	UWB_Cisp1
chr4	162025274	162031565	9a66686b-bce5-4fe4-93ef-f4c05e1fd1a5	162025265	162037654	rev	6279	-3	left	UWB_Cisp1
chr4	183043907	183054179	564a20bc-402e-4607-9def-23466f01286d	183043902	183054183	rev	10218	-3	left	UWB_Cisp1
chr5	9714946	9720497	176d4ddf-7f3c-4661-8e8b-af5c061f97ce	9714939	9723149	fwd	5515	-3	left	UWB_Cisp1
chr5	10244793	10249963	461322d5-f140-4df3-b303-40757e35db46	10244787	10253027	rev	5147	-3	left	UWB_Cisp1
chr5	27729813	27737144	e28edb1e-5a40-4f86-9af0-edebe4858908	27729809	27737150	fwd	7292	-3	left	UWB_Cisp1
chr5	49656292	49661264	be4ba0dc-5789-4082-aa15-27ca894bbab3	49656288	49661871	fwd	4328	-3	left	UWB_Cisp1
chr5	55162894	55167071	c9d39f90-d6ce-4b24-93e6-b42c8b1a48e7	55162878	55175818	fwd	4196	-3	left	UWB_Cisp1
chr5	59528182	59533595	b915e6cf-3628-4793-8da7-e022c35750b3	59522623	59533602	rev	5381	-3	left	UWB_Cisp1
chr5	121380019	121392304	a9af70ab-2e6a-4716-96cc-c0ea36f172d6	121378039	121392311	fwd	12250	-3	left	UWB_Cisp1
chr5	121672883	121681026	29a92ece-873a-4ea3-9f09-167d64465f68	121661387	121681032	fwd	8138	0.340984	left	UWB_Cisp1
chr5	151490210	151497442	99d7fc3c-1e2e-4e6f-8e18-0f10207e8915	151488046	151502315	fwd	7169	-3	left	UWB_Cisp1
chr6	10287685	10301029	5fb8e07c-2080-410b-bf28-042afd9d4087	10287679	10301034	rev	13103	-3	left	UWB_Cisp1
chr6	63134787	63142820	34515591-8b61-4e30-8e4b-6d459168ed9c	63134781	63144627	fwd	8018	-3	left	UWB_Cisp1
chr6	65755273	65759322	0f9dab25-f447-469a-ae4d-d3d2f6c020aa	65755268	65765626	rev	4052	-3	left	UWB_Cisp1
chr6	66994746	67002499	b2792e19-3b8c-46b0-b6e3-566d9d748bca	66994740	67004157	fwd	7732	-3	left	UWB_Cisp1
chr6	77164311	77176027	b2fe77d1-4cae-4d3c-a2d4-b126357a7a84	77164304	77179889	rev	11676	-3	left	UWB_Cisp1
chr6	136703237	136710615	4759caad-f322-4c3f-add2-529399790c1b	136701348	136710886	fwd	7351	-3	left	UWB_Cisp1
chr6	137744140	137750795	4c3f36e2-70e5-4b66-9dd7-d6daea8d84a9	137744134	137753368	rev	6578	-3	left	UWB_Cisp1
chr6	156665579	156674892	1ce4b590-ddfe-4fc5-88aa-08c691498a32	156665574	156678402	rev	9332	-3	left	UWB_Cisp1
chr7	29109125	29115752	da9c3206-d495-4eb4-a544-fe7316ec1066	29109114	29115761	fwd	6613	-3	left	UWB_Cisp1
chr7	29804064	29818160	27478e35-da35-445f-b460-fff304b05b9b	29804024	29819957	fwd	14067	-3	left	UWB_Cisp1
chr7	50200519	50203507	6a7c9ad2-1595-49a8-94c4-767c4c1acedf	50200512	50213766	rev	2943	-3	left	UWB_Cisp1
chr7	52597460	52607566	53b017f0-7205-4c0e-92e0-98ef55957f76	52597138	52607572	rev	10010	-3	left	UWB_Cisp1
chr7	63239167	63249605	f6aaf1da-dd64-49cf-ad2e-5318656689ca	63239160	63249725	rev	10380	-3	left	UWB_Cisp1
chr7	82701341	82706770	1e888728-b600-40ec-9c50-c3d8dfb8fc08	82701335	82708614	rev	5402	-3	left	UWB_Cisp1
chr7	83972025	83981353	64a3e8b1-4588-462c-8b40-475ebabd0a4d	83972019	83994251	rev	9273	-3	left	UWB_Cisp1
chr7	86017676	86025508	901c9fd1-240f-481c-af4b-52b06d09572e	86015729	86025513	fwd	7792	-3	left	UWB_Cisp1
chr7	93705012	93717761	9f77efb0-3960-4f05-ac35-adbd0fad743f	93705006	93718087	rev	12706	-3	left	UWB_Cisp1
chr7	120430050	120435788	5600c990-fac1-48f7-a512-7f9b284df4b8	120430045	120441669	rev	5745	-3	left	UWB_Cisp1
chr7	123580691	123588507	a9438818-529f-4945-b78c-4293938d39b4	123580687	123588512	fwd	7777	-3	left	UWB_Cisp1
chr7	125680315	125690174	95953587-2e32-4a16-995e-9b2423db5122	125678564	125690179	rev	9818	-3	left	UWB_Cisp1
chr7	137965157	137967992	a780115a-aaa0-4f0f-92b5-b4dabd44dbb5	137965152	137974401	rev	2834	-3	left	UWB_Cisp1
chr8	36378219	36383789	2f38d079-a495-476f-9f5c-e55f0a4a3b80	36378214	36383793	rev	5544	-3	left	UWB_Cisp1
chr8	37027670	37039007	f405faf0-0315-466d-9bd1-eb4b46b8e492	37026651	37041297	rev	11308	-3	left	UWB_Cisp1
chr8	73653204	73662381	9658ab91-e42d-44c3-b233-e7ac8ad8c4f9	73653197	73663332	rev	9143	-3	left	UWB_Cisp1
chr8	90365472	90368582	dcd1227d-17ee-4edb-8b7f-0135aba0fd80	90365467	90375413	fwd	3106	-3	left	UWB_Cisp1
chr8	123204344	123212574	19146341-965d-4f98-a85e-0a8e82ff90de	123203366	123212578	rev	8177	-3	left	UWB_Cisp1
chr8	126873417	126878360	8ad7cf37-0466-4cb6-b0b8-2d542fec429c	126871394	126881797	rev	4918	-3	left	UWB_Cisp1
chr8	127685856	127696232	a8699e56-a794-4eac-9efc-9c9d21d7954f	127685850	127699871	fwd	10314	-3	left	UWB_Cisp1
chr8	129959632	129970873	0cc5d2e2-127a-4a77-a413-8c90d1b7e5c9	129959627	129970878	rev	11194	-3	left	UWB_Cisp1
chr8	139732422	139742941	76dada49-83f8-49a5-ac97-00117aa45209	139732415	139744500	fwd	10480	-3	left	UWB_Cisp1
chr9	24403290	24409425	7e494da2-1407-48ef-9e42-d154a437de82	24403223	24410690	fwd	6085	-3	left	UWB_Cisp1
chr9	98297969	98301925	3b1c7ebb-3d57-4f40-8d74-585bcb863e1e	98297963	98305555	rev	3944	-3	left	UWB_Cisp1
chr9	99132548	99146809	56f3369e-5dc0-4ce1-aa20-3ca35f52f19c	99131369	99148824	fwd	14193	-3	left	UWB_Cisp1
chr9	104614425	104625553	e6fa8e4b-6203-4fee-be87-f1128de27a6d	104606825	104634578	rev	11173	0.181681	left	UWB_Cisp1
chr9	107017439	107025380	47ffc12e-86ab-4137-88e4-1f38506d995a	107017435	107028047	fwd	7897	-3	left	UWB_Cisp1
chr9	117480953	117495916	0faa4818-74ad-42f1-a722-d54ec26fb514	117474830	117495921	fwd	14915	-3	left	UWB_Cisp1
chr9	126592284	126596633	e4a86196-9cf8-457c-9f67-7cec3fe8f53b	126592280	126599035	fwd	4355	-3	left	UWB_Cisp1
chr10	10275622	10281814	d6e8e399-20d5-4b09-8555-64f390677f00	10275594	10287039	rev	6210	-3	left	UWB_Cisp1
chr10	29335462	29344975	15e4f83c-c44d-4aaf-b898-694f967299cb	29335449	29344980	rev	9533	-3	left	UWB_Cisp1
chr10	41879200	41881885	2d5b85e4-9dfa-4236-951f-4b6fe2ef200b	41875103	41889896	fwd	2306	-3	left	UWB_Cisp1
chr10	41894748	41898446	1276f8ab-f5fa-486b-870d-e6298d49cc4f	41868704	41904172	fwd	3218	-1	left	UWB_Cisp1
chr10	41879893	41885215	0cda25fd-d6cc-493e-a9a1-08a470c02ae7	41875787	41892301	fwd	4521	-3	left	UWB_Cisp1
chr10	41880536	41882948	e090b315-f9b9-460d-bd87-24c93c0092b1	41877294	41891012	fwd	2561	-1	left	UWB_Cisp1
chr10	41886460	41891985	e069bf96-bb9a-4028-94ff-daffb9495af5	41878527	41910681	rev	2837	-1	left	UWB_Cisp1
chr10	41885776	41892295	b8d7d44c-392a-4af3-950a-fea1595b347f	41880803	41892301	rev	5568	-1	left	UWB_Cisp1
chr10	41890132	41892475	44c3c2b3-ac54-494d-bb72-1ef31cbd544a	41881793	41895226	fwd	1147	-1	left	UWB_Cisp1
chr10	41891746	41907992	76377e34-0cdc-4164-b18d-685e7ec69cf9	41881487	41909961	fwd	9112	-3	left	UWB_Cisp1
chr10	41890523	41896588	d22d5ffc-1ba1-4f48-9f79-1a8c314d24d4	41883037	41900378	fwd	4958	-1	left	UWB_Cisp1
chr10	41895038	41901396	611a5672-38cf-4900-bb26-ef93fdf4404e	41884500	41911747	fwd	2232	-3	left	UWB_Cisp1
chr10	41892550	41898037	d4cc316b-6854-4bf5-a755-b99bf864c743	41889350	41905432	fwd	5578	-3	left	UWB_Cisp1
chr10	41900686	41903410	792adfd2-a9b2-450d-aab3-178d4e5ac9fe	41893512	41916263	fwd	2784	-3	left	UWB_Cisp1
chr10	41908168	41911481	792adfd2-a9b2-450d-aab3-178d4e5ac9fe	41893512	41916263	fwd	3481	-1	left	UWB_Cisp1
chr10	41903681	41909372	409bf0c1-13e2-4ab5-b979-8a03477951c3	41903675	41912758	rev	5575	-3	left	UWB_Cisp1
chr10	42072930	42077590	b0bf3b2c-2423-48cb-b3c3-9118f71e3bdd	42069796	42080668	rev	5000	-3	left	UWB_Cisp1
chr10	49830972	49839273	1335e7c6-87c3-4ad2-b18a-a3e2c3b4560a	49830963	49845421	fwd	8236	-3	left	UWB_Cisp1
chr10	55910142	55912545	9af2a3e8-f98d-4594-986c-15a0737d61cd	55906381	55921498	fwd	2339	-1	left	UWB_Cisp1
chr10	67643548	67656640	7394ae64-4a83-4edd-95db-1c4190c019cc	67643528	67659682	rev	13076	-3	left	UWB_Cisp1
chr10	78873967	78885723	1ec7c594-15d4-4ab3-ab97-b0255f1d1662	78873803	78885728	fwd	11754	-3	left	UWB_Cisp1
chr11	7971732	7978918	57b203f2-c8f9-4f4a-89d0-90a2e822545a	7971728	7982202	fwd	7170	-3	left	UWB_Cisp1
chr11	10766885	10772851	55bd9709-fa40-4437-a3c3-0f4ac5f981d3	10765781	10772859	rev	5959	-3	left	UWB_Cisp1
chr11	42977568	42985752	6d21813b-2784-40af-8697-0ac289f448da	42977559	42986527	rev	8150	-3	left	UWB_Cisp1
chr11	73673614	73679730	09763430-d3dc-439c-843c-9e9d0f396f67	73671176	73680104	rev	6043	-3	left	UWB_Cisp1
chr11	80954576	80963805	1dc68e43-7fc8-4677-8a9b-a17fe591b8b4	80952660	80967089	rev	9225	-3	left	UWB_Cisp1
chr11	104975454	104981952	7849fb17-e3bb-4935-9757-f125a4d18ee8	104973210	104985939	fwd	6418	-3	left	UWB_Cisp1
chr11	116418235	116424738	e8718dc3-f231-49c2-981d-191f19b5f6e8	116418231	116424746	fwd	6502	-3	left	UWB_Cisp1
chr12	18971546	18981092	b52d7458-5fde-4052-a635-ed939737a8dc	18971541	18981099	fwd	9535	-3	left	UWB_Cisp1
chr12	27320949	27325758	029c9cc4-8917-49f3-bebf-6548b0d054f4	27320942	27333311	rev	4767	-3	left	UWB_Cisp1
chr12	29077173	29093009	e99052af-e671-4316-b3e8-e2cd062b878d	29075658	29094416	rev	15669	-3	left	UWB_Cisp1
chr12	44991217	44996808	fb0d0e03-d49f-4996-83af-a663ec31f2d8	44991212	44996814	fwd	5591	-3	left	UWB_Cisp1
chr12	53074594	53081831	e3e4431d-02d2-4590-ba52-74dabf56b30c	53072959	53081835	rev	7194	-3	left	UWB_Cisp1
chr12	59517514	59522564	accfef09-9215-4ca6-a038-647d899a8fe2	59517508	59528977	fwd	5042	-3	left	UWB_Cisp1
chr12	65567848	65575333	3992a430-cdd5-484f-ade8-625859cef3f0	65567842	65575350	fwd	7450	-3	left	UWB_Cisp1
chr12	87322101	87326889	b05572f3-ed74-4e3a-a353-949c4e650139	87322091	87334421	rev	4737	-3	left	UWB_Cisp1
chr13	35789833	35797951	0fa2ad49-259f-4e3a-8737-12074b867fa3	35789475	35803041	fwd	7985	-3	left	UWB_Cisp1
chr13	38214426	38218165	e3619a2d-50e6-4088-a9d6-6bbd2e3083f4	38214419	38225521	rev	3741	-3	left	UWB_Cisp1
chr13	44197845	44209316	569dd58e-a649-409e-8ef9-005e48261911	44196872	44215272	rev	11431	-3	left	UWB_Cisp1
chr13	50932075	50935338	fed3c8ec-d93f-4e5c-b583-9ae5691bf884	50922691	50943253	fwd	3241	0.594387	left	UWB_Cisp1
chrX	15792615	15798637	d6aa7e8c-98fd-4971-9f85-340d1820635e	15788763	15798643	fwd	5987	-3	left	UWB_Cisp1
chrX	36439852	36444359	c564bd26-5304-4b0b-b773-cda384cbcf53	36437671	36444365	fwd	4495	-3	left	UWB_Cisp1
chrX	129462283	129477227	3e0dd996-7522-427c-a4af-8e4c3b761c93	129456928	129493497	fwd	14930	-3	left	UWB_Cisp1
chrX	129762530	129776541	cfbb99e4-ad13-4b37-8a4b-f8b3e1c9cfcf	129760987	129776547	fwd	14001	-3	left	UWB_Cisp1
chrX	147228836	147235326	a6311489-2db4-49f7-97fe-ff2cd8ce6126	147228829	147236968	fwd	6429	-3	left	UWB_Cisp1
chrY	56826394	56832955	9bbe7047-bc18-49b2-a04a-453dcf92616d	56825774	56839551	fwd	7406	-3	left	UWB_Cisp1
