chromosome	fork_start	fork_end	readID	read_start	read_end	strand	fork_length_bp	stall_score	fork_direction
chr1	797259	805272	c8ca2746-bda7-40f0-baec-3cada5bb9476	797254	805281	rev	7948	-3	left
chr1	2230033	2243181	f09ffc9b-680b-4b81-b166-e9738e69a601	2229985	2243188	fwd	13052	-3	left
chr1	3152756	3163251	1f333b3c-ce32-473a-9f3e-5b5e4060533e	3151053	3172735	rev	10879	-3	left
chr1	5164375	5175702	f43dd5e2-c54d-4bed-bb4e-b780e369f543	5164360	5178259	rev	11293	-3	left
chr1	5654184	5665810	fab4e0aa-7409-4a49-becb-bfaba0b71d15	5654175	5665967	fwd	11578	-3	left
chr1	7047036	7055602	6f6410b0-627f-44ff-a79c-d31d357979f5	7047030	7055606	rev	8544	-3	left
chr1	7329525	7343530	5cc4fe90-f6b1-445e-956f-1a15ab03fc35	7329510	7343543	rev	14028	-3	left
chr1	7504556	7517422	43b2a87b-c31f-4368-ad9c-47c62dd28b95	7504550	7533022	rev	12830	-3	left
chr1	8219318	8230597	6fe08187-50f9-4f79-8830-3dc2342cc179	8210088	8242505	fwd	11241	0.349162	left
chr1	10148005	10167041	5101076a-545a-4ea0-a22a-961972d53d6d	10140611	10186282	rev	18967	-3	left
chr1	11318634	11331188	f6735164-623d-460e-b0ad-0494c9edbc6c	11318629	11335929	fwd	12544	-3	left
chr1	11465710	11472956	989f5e68-ca8a-42d4-ad01-511deea88425	11464729	11474076	rev	7230	-3	left
chr1	15109123	15122562	0ff5e647-b146-4b71-acbd-a33a7f64fd49	15109118	15128563	rev	13501	-3	left
chr1	18652269	18657696	81582bae-f94b-4a09-aaed-c1d1bb0b90ac	18652262	18657700	rev	5383	-3	left
chr1	19214628	19226043	46fac2fb-ff20-4186-8d9e-4c58005fc62c	19201766	19226067	fwd	11413	0.126749	left
chr1	27000436	27009103	cb8c22fb-b199-42b5-b59a-a5a4840fd8fa	26993357	27024580	rev	8619	-3	left
chr1	31572991	31580266	9f80eaa8-8b24-496f-86e2-48b4c644888e	31566453	31598839	rev	7269	-3	left
chr1	39750513	39758875	a535ab8a-8557-4fc2-8cac-eafd5bab8175	39744406	39770722	rev	8338	-3	left
chr1	42558273	42582282	60fa8bbd-36d9-46f2-a3f8-32b32c2bf52b	42558269	42587932	fwd	23993	-3	left
chr1	42945343	42957988	e1e6012f-3b0b-4ae1-9f5a-81e63870aada	42945336	42957994	fwd	12658	-3	left
chr1	44175243	44184246	0166e623-f789-4330-ae0f-1e2b7e089b87	44170504	44184261	rev	8985	-3	left
chr1	51402327	51409218	20c19516-000c-40d3-ac50-cd173013c8a2	51402310	51418448	rev	6804	-3	left
chr1	51496989	51509626	268e5a20-5b45-4891-adc9-0666b44a7e7d	51496440	51509632	rev	12555	-3	left
chr1	52022315	52033457	f990bdf4-e0fd-42e5-ad1f-fa0dfaf1c041	52021356	52033478	rev	11087	-3	left
chr1	54815280	54821918	25ad67c5-f4bc-4242-b305-19f9c836d5c9	54815275	54824867	rev	6611	-3	left
chr1	63053254	63062608	a7c438e0-0b8f-4d23-92ff-3dc171761a2b	63052236	63062612	rev	9355	-3	left
chr1	64148668	64156613	da4b0532-03ba-450a-a9c4-61da071a0773	64148663	64162157	rev	7836	-3	left
chr1	64686682	64697368	430d04b0-527e-420c-8f4f-c68870cc6f9a	64685326	64698869	fwd	10679	-3	left
chr1	67523468	67533092	16c202b5-6785-470f-949a-f69ff02d6f31	67523461	67539378	fwd	9587	-3	left
chr1	69290854	69305780	5237684a-8777-435d-9b29-a0fd57e5dd3f	69290845	69306700	fwd	14846	-3	left
chr1	73982736	73999274	6594b06e-0136-48d7-a1b3-bf3d9c79da18	73982541	74012614	fwd	16470	-3	left
chr1	84953627	84966890	c8ca37d2-c6bc-443e-b131-3bbbfb890115	84953618	84974952	rev	13129	-3	left
chr1	86702030	86716355	d9d072cc-8767-437b-95be-9cb4f6be58b3	86701891	86717132	rev	14256	-3	left
chr1	88294858	88297725	6a7b01a0-a405-4764-95d4-e53ce944b51c	88291247	88321450	rev	2836	-3	left
chr1	89327379	89334724	2a41d31a-f0ca-4634-a24e-d88295dc856b	89304517	89343662	rev	7316	-1	left
chr1	92202822	92209981	1be42edd-73ba-4528-b74b-b4c6d0de53eb	92202811	92219210	rev	7153	-3	left
chr1	94317355	94321986	d74fb123-5a26-4407-8f52-33092c37230a	94317349	94335509	rev	4621	-3	left
chr1	97065303	97075295	a2229763-2726-4491-bfb7-a225aeda196a	97065297	97097739	fwd	9962	-3	left
chr1	98119842	98126543	f1975cc5-46ed-4933-bafa-61b07441fc22	98119837	98129611	rev	6666	-3	left
chr1	99890583	99896219	dd706040-1fdd-4677-809e-b48e4118b133	99890577	99896225	fwd	5630	-3	left
chr1	102839003	102852087	c1945ad1-644b-4e0e-80b5-e2b3191c1ca7	102826119	102852091	rev	13005	-2	left
chr1	103419780	103449885	a7b804c2-2071-4113-8d05-f5f49438d307	103398907	103464163	rev	29889	0.282911	left
chr1	109146727	109162740	6ee38348-62a2-4e8b-8990-54fea105efb2	109141127	109171799	fwd	15891	-3	left
chr1	116194319	116201273	035317d1-69fc-42dc-9b7c-26b6b67771e0	116194313	116206952	rev	6909	-3	left
chr1	117040148	117050986	dfb4fb20-0f42-4d97-871b-22b95875b3c0	117039592	117064841	fwd	10810	-3	left
chr1	124942969	124959853	522ea325-9b57-48ff-8a25-be226e792b60	124932825	124959859	fwd	16915	0.161105	left
chr1	143188071	143205414	f7586cbc-15e5-4ea2-8d69-ca77234fa62c	143184587	143242897	rev	10527	-3	left
chr1	143210602	143227344	f7586cbc-15e5-4ea2-8d69-ca77234fa62c	143184587	143242897	rev	11159	-1	left
chr1	143194677	143200293	c626baae-f2d1-412f-b78d-59576a5e0ed6	143190268	143226250	fwd	1757	-3	left
chr1	143212250	143224122	737b8753-1774-41b3-9db6-335084da4594	143212234	143224129	fwd	10382	-3	left
chr1	143725009	143731497	5841b805-7f92-4218-8245-fedbdf947ebc	143724973	143743544	rev	6417	-3	left
chr1	150179785	150186382	e69ed1d7-f589-412a-b838-35d5210610d6	150179681	150223433	fwd	6601	-3	left
chr1	153113897	153144279	32278e75-4d8a-420c-9615-5f09e94faf6d	153113886	153144286	rev	30154	-3	left
chr1	156144265	156150721	ab27d203-6436-416b-abee-b73fab38f9fd	156129949	156171390	fwd	6453	0.159127	left
chr1	157924069	157946345	bd3601d6-5047-4597-95c1-6eeb94f7f052	157915180	157959328	rev	22195	0.513024	left
chr1	158112791	158124012	83890de9-3046-40aa-b18f-efde27e4af66	158110344	158124107	rev	11113	-3	left
chr1	159916522	159927383	36a35e32-b749-4249-b28f-97b8164c2e26	159916518	159933921	fwd	10913	-3	left
chr1	159879240	159903887	6c85a0ff-27d0-4012-a38e-fc6efa7d1104	159871807	159903894	fwd	24569	-3	left
chr1	164424957	164442396	198482b3-a4cc-4336-979a-d10881901c94	164419285	164459448	rev	17772	-3	left
chr1	167705081	167711656	a54b8581-ebe3-4e94-bf6e-8fb79029952a	167705075	167725251	rev	6514	-3	left
chr1	168120383	168138506	564941ec-f77f-4de6-9349-1d03cbb81d40	168115604	168138520	rev	18057	-3	left
chr1	168159805	168164434	6ec71b8c-6861-479a-b227-43f83e1c492e	168159801	168167102	fwd	4599	-3	left
chr1	172352902	172371496	275e3c7c-7a7f-4fa4-b035-6a504f6681bd	172349533	172371503	rev	18533	-3	left
chr1	177890945	177899256	33ad1fba-03b3-4736-b3e0-541aced5646a	177890937	177904943	fwd	8326	-3	left
chr1	177953472	177966241	6c94e4a7-a7f1-41bd-ae94-470f126727fb	177951927	177966294	fwd	12681	-3	left
chr1	184732272	184748659	977aa037-e8e3-43ec-a33a-336abd31c1fb	184727368	184755527	rev	16378	-3	left
chr1	185015930	185021617	02795b09-45ba-4519-af44-557dbc20b0b6	185015925	185034804	rev	5625	-3	left
chr1	191011780	191020292	b7624c87-b3a1-4561-825e-7439ef6a8341	191011776	191029182	fwd	8530	-3	left
chr1	191736410	191749405	fe52632f-630b-4817-b103-d5d272c55fe4	191734333	191749410	fwd	12978	-3	left
chr1	192080656	192086690	9de067d0-7f23-470a-90fb-111c17098516	192079223	192100634	rev	5999	-3	left
chr1	192306259	192310627	e0a186f5-1dbf-43e7-9063-8090e76086f2	192306255	192318830	fwd	4301	-3	left
chr1	192764241	192782702	c0252a52-9de6-4035-b41b-ab5f29fa07eb	192764231	192782707	fwd	18390	-3	left
chr1	197229167	197243820	c5fc7d9c-0880-4f82-908f-247410b69dd5	197224859	197248049	rev	14611	-3	left
chr1	202802351	202813092	6adde54c-f193-4c92-a56c-3d696a0fb59c	202802338	202814508	rev	10693	-3	left
chr1	205991950	206009353	ab106566-81eb-4ee5-9037-1525b9606632	205990100	206009357	rev	17353	-3	left
chr1	207601595	207609591	907118b5-f62b-42cc-930d-58091c7e0557	207600347	207626111	rev	7934	-3	left
chr1	209539640	209563169	7abea679-ebc5-4f7d-9012-cf8a1fb62832	209536704	209563174	rev	23501	-3	left
chr1	219038982	219051555	864dd8fc-f11f-427c-9adb-ac28574e6c71	219038975	219053697	rev	12525	-3	left
chr1	223480235	223484388	a37dcbba-45bd-4a77-80d3-5dae45a65f2c	223461031	223484394	fwd	4169	-1	left
chr1	225160244	225173216	2f2fc87e-a428-4d32-9e02-ebc73693290a	225159066	225180662	rev	12959	-3	left
chr1	226284603	226305717	376695f7-b12f-42e0-9211-c5c9cb8a4003	226266680	226305722	rev	20988	0.303249	left
chr1	228015514	228029670	f78ff939-c3af-4059-8a15-9027f19420b2	228011579	228033269	rev	14090	-3	left
chr1	232672049	232676925	81209482-d556-495d-8d33-36d9a94ecb38	232672040	232693824	fwd	4864	-3	left
chr1	235395944	235404579	fcd5e1fd-14c4-42cc-854a-1e83266fc94d	235395939	235407572	rev	8612	-3	left
chr1	236809256	236817968	13aa2063-ae81-4364-a190-25330239845e	236789736	236820954	rev	8725	0.083111	left
chr1	238460416	238492896	ffdb808c-a5d4-4f18-9008-f1c4949fbb8e	238459861	238508465	rev	32123	-3	left
chr1	245116419	245126065	4be45429-9e46-4ded-8b7b-d0ca9fbd9ca5	245116193	245136157	fwd	9608	-3	left
chr1	248623958	248636807	9f78d47c-bd87-46a1-a0bf-00f7cc5c6c76	248622933	248645394	fwd	12664	-3	left
chr14	20054937	20067203	32b02fb9-80fc-45b0-af24-8dddf244d091	20054931	20073607	rev	12112	-3	left
chr14	23859527	23865429	953fd4c0-dae3-4b3b-92d9-280d23ac5cb9	23859515	23865438	rev	5877	-3	left
chr14	24065932	24072814	c3b975ee-f614-4642-ab20-5b64212f4186	24065923	24072823	rev	6886	-3	left
chr14	25069002	25087589	5694754c-bafb-42bb-90da-afadb67c39cf	25066007	25087594	rev	18485	-3	left
chr14	32218634	32222990	4d38cbdd-b3bb-467f-ac9c-b31f3628ff57	32218629	32237392	fwd	4310	-3	left
chr14	35585552	35598281	cc07b5f9-742f-4d68-8384-f926fdcfcc34	35585408	35598286	fwd	12718	-3	left
chr14	36564068	36578164	f2c940e7-181b-4f39-895c-9bc8f69972d9	36564059	36583808	fwd	14021	-3	left
chr14	40131228	40148612	2bf6b65b-78eb-46da-8c53-1282a4dcf4b5	40131224	40150313	fwd	9529	-3	left
chr14	40693368	40717073	d777402c-5a70-4c0f-9a01-c761cff820eb	40693361	40717077	rev	23682	-3	left
chr14	41128861	41146683	55d6003e-5951-4f0b-be65-46529b8725e5	41126924	41149100	rev	17737	-3	left
chr14	47835919	47844110	316b50fb-d44b-4132-9bee-cf9b1778aeb0	47834837	47884871	rev	8206	-3	left
chr14	49290707	49307908	5c3e1f65-8577-4beb-820e-80e05a900bc6	49290699	49326153	rev	17190	-3	left
chr14	51873674	51880948	d4c17054-7e71-4a40-a8f4-4ab5179a62f9	51873398	51884955	fwd	7217	-3	left
chr14	52153148	52166671	90a306b6-f9a4-4aba-898f-9131d5ac6182	52152524	52166676	rev	13477	-3	left
chr14	52332719	52351632	04ef84f8-ed93-4e22-893e-8982ea5b377d	52327446	52355287	rev	18810	-3	left
chr14	55295326	55306846	24d3bb60-d973-43ac-8358-a77e126117af	55295319	55306851	rev	11471	-3	left
chr14	57846393	57859123	3157d393-5bfc-40a8-af1f-c739c4205469	57846385	57861544	fwd	12694	-3	left
chr14	58145963	58166732	7b71ec61-100a-4228-ad9b-9993d46dc47c	58145959	58166738	fwd	20727	-3	left
chr14	61562836	61574183	8395ceff-caca-43c8-b497-d26853146299	61555950	61593784	fwd	11310	-3	left
chr14	66147797	66154666	46887ef3-0be4-4e7a-b010-b7be39341443	66136189	66183987	rev	6839	0.153291	left
chr14	67029002	67038619	bae09d13-6118-46ce-b97e-e6cddf98be7b	67018327	67050178	rev	9599	0.259907	left
chr14	74354318	74361457	9aa4650a-5ad3-44de-80e9-975f248202e2	74346268	74362227	rev	7115	-3	left
chr14	77452274	77461816	7cddc99e-5acf-4e0d-a157-1ef616fdff37	77452268	77462191	rev	9500	-3	left
chr14	80848402	80856040	01dad3da-0bc3-4cf3-a183-66bb859f3b28	80848398	80856045	fwd	7628	-3	left
chr14	84552989	84564265	e9047ed7-0adb-463d-8f9e-270f9ca0d642	84550938	84564276	rev	11246	-3	left
chr14	86825245	86853035	5b94aaad-88fa-4f46-99a8-0e40ade10efd	86806187	86853043	rev	27613	0.497368	left
chr14	87566729	87577125	9b745a0f-8d6e-42d0-8758-305d61b2a361	87565298	87581168	rev	10294	-3	left
chr14	88275731	88296328	8e1731ed-1351-4185-aba6-1121643e1d0e	88265761	88296333	fwd	20530	0.052253	left
chr14	90231376	90238285	9207fec9-dfe9-4907-8ee7-e60b7937665f	90225623	90259680	fwd	6869	-3	left
chr14	90770833	90789061	f50d6232-43d1-4f30-8926-1ef84be0545d	90769032	90797469	rev	18132	-3	left
chr14	91309251	91321705	7c5851e0-b7f9-4f59-b931-2ef5823f0db9	91283043	91330469	fwd	12360	0.433913	left
chr14	97657461	97664303	aff3e270-9875-48d6-bcbf-1f9b1ddc9923	97657446	97669025	fwd	6785	-3	left
chr14	102429107	102434791	3296986b-78af-4c56-96fe-7219bce5459a	102429100	102461823	rev	5675	-3	left
chr14	104745616	104759355	cee12dde-0482-4af3-bc28-05016b2a7310	104745601	104771531	rev	13718	-3	left
chr14	104955379	104962264	50b05f85-f04a-4665-8f62-3428a75ebe1e	104946562	105007538	rev	6876	-3	left
chr15	24262771	24274399	a14d7420-2ee8-4275-999c-04aa2393bc01	24261953	24275661	rev	11652	-3	left
chr15	26875557	26883484	bb43428c-ce27-4cc7-8219-46fcd0358b04	26875552	26898797	rev	7864	-3	left
chr15	38482264	38490012	9b10d931-5145-4459-8f33-2f7e206ad6c4	38482259	38502700	fwd	7675	-3	left
chr15	39775843	39790523	3ac904f8-b2d5-42e9-b543-a4d5fd075dac	39771238	39790528	fwd	14647	-3	left
chr15	39944926	39954010	bf3f1d54-cd55-4cc9-83dd-d57a813ad5fc	39932037	39961887	rev	9067	-2	left
chr15	44042307	44049073	a2be335d-0ca6-4217-bb07-a1e7e20834fe	44042294	44049079	fwd	6767	-3	left
chr15	47606283	47617543	ddbb2cb8-160c-499f-b6f2-90ec723323a7	47606274	47625820	rev	11233	-3	left
chr15	56139644	56146202	f7cc9c21-36e8-4edd-b07f-4be3711e9796	56139640	56146459	fwd	6512	-3	left
chr15	59028624	59045649	218bd24a-5b30-460f-a568-8e230e012059	59015678	59049730	rev	16991	0.205546	left
chr15	59259618	59265690	d5f2060f-82e6-4510-a0ab-5e648d727be6	59259612	59272436	fwd	6057	-3	left
chr15	63272433	63281615	686ed4e1-3f59-4fc0-899e-5d8fe604165f	63270588	63284049	rev	9168	-3	left
chr15	65383488	65394250	7bf2fb23-b831-4791-8c52-147f2cd172a1	65383479	65398526	fwd	10696	-3	left
chr15	65596134	65609078	0393ebee-100f-4c14-99d2-26f1ee0099e9	65591297	65613077	fwd	12919	-3	left
chr15	68653684	68663062	69c01563-c359-418a-8f85-608b2e935f8d	68653674	68665455	rev	9346	-3	left
chr15	68680272	68689026	d2a68b09-4f95-49e4-8eb9-ce673c461624	68680267	68711543	rev	8726	-3	left
chr15	69480160	69493455	92c501e8-756f-48bd-ae5e-2f96920aaffc	69479057	69507131	rev	13289	-3	left
chr15	74314969	74327760	90467020-b626-4bc8-9fbf-4ad4fe92bacd	74314511	74332475	fwd	12766	-3	left
chr15	76118966	76133496	a5e3f6f8-a1f5-49b8-9636-92c8d9bc12a3	76117780	76141587	rev	14513	-3	left
chr15	77404395	77422669	a0d2d56d-c37c-4ef1-ac40-6a6f0dbd2331	77393744	77432301	fwd	18231	0.566654	left
chr15	79775459	79785385	9cfd6de8-2bc2-4f8e-a531-aa5b20530a7f	79775453	79786702	rev	9885	-3	left
chr15	83328603	83336318	79f12b25-5baa-4d7f-9e60-0e22d3c92f69	83300611	83340396	fwd	7690	0.168815	left
chr15	84599727	84606480	fc52a999-7627-4668-8b83-1d6acef0b05e	84595528	84606487	rev	6785	-3	left
chr15	95188453	95202176	eb15b511-6f75-47d8-a85e-16dafa2b54f5	95188368	95222596	fwd	13630	-3	left
chr15	95912007	95918460	46769651-6252-408d-ba5e-bce241d7bff2	95911297	95918866	rev	6459	-3	left
chr15	101841279	101846750	6b995a3d-79b0-4c29-a1c2-8493fc26090a	101841275	101854243	fwd	5463	-3	left
chr16	6195580	6199893	f21599d7-b990-4f5f-8477-07e8e43d4fc6	6195573	6223731	fwd	4293	-3	left
chr16	8845428	8850798	87718d73-a8f7-4780-98d7-03422fbbf502	8845422	8857856	fwd	5322	-3	left
chr16	10575734	10585509	db6b5e03-7ade-46b2-9c13-9d2002c67320	10574214	10587276	fwd	9704	-3	left
chr16	19677619	19688306	48369233-38da-46d4-9634-3687594ba2a5	19668574	19694309	rev	10725	0.168121	left
chr16	21028492	21036862	a1d7df9f-7e86-441c-aa52-1ba74b1bb432	21027531	21044445	fwd	8348	-3	left
chr16	46394096	46397117	dfe24ced-ccd0-4bd5-877c-a2c5f6fc6fdf	46382552	46402315	rev	384	-3	left
chr16	46385209	46393963	86881a21-9895-4151-8f5c-5c74601d319e	46382552	46405554	rev	8496	-3	left
chr16	46396417	46399512	182b7ded-a362-41db-8656-4e2238cb17bf	46382568	46402658	rev	1468	-1	left
chr16	46392759	46407737	68ab7d78-3bc6-42f2-bd33-dcbaa7a15236	46382611	46407742	rev	10335	-1	left
chr16	46389646	46400493	86881a21-9895-4151-8f5c-5c74601d319e	46384016	46412069	rev	9785	-1	left
chr16	46396629	46403306	a443b7da-8669-43d3-9e82-22feb281696c	46385999	46403314	fwd	4995	-1	left
chr16	46391988	46398337	2942b75f-39a9-4a61-936e-847ec02d5a71	46386712	46405544	rev	1160	-3	left
chr16	46396220	46406990	f6f32522-122b-40f5-baaa-cc220f15a15a	46388053	46407742	rev	8687	-1	left
chr16	46389646	46403122	40194005-bba6-4239-93e1-f183d4fcf5c3	46388839	46403127	fwd	7405	-3	left
chr16	46391027	46403197	6b8dbc7f-a574-4ea9-85eb-c10e34e2de5f	46388943	46403202	fwd	6117	-3	left
chr16	46390212	46400856	ebc573b0-dc8e-4008-b380-58d57ecfa453	46390204	46400861	rev	10989	-3	left
chr16	49606308	49615216	635b345b-777e-43b9-8813-d18dffd8af37	49606302	49615307	rev	8842	-3	left
chr16	52706589	52721060	8d9e464d-5b43-42ff-b3d9-9fc2fb6a603e	52706582	52728018	fwd	14443	-3	left
chr16	53819841	53835778	a316a39e-f6b4-4ad2-bc18-f1bba6c9936a	53819832	53842900	rev	15951	-3	left
chr16	67405182	67414105	799b9807-073f-4c98-bef2-86bb5da42b25	67404889	67421319	fwd	8923	-3	left
chr16	77193013	77205442	062a16b4-7772-4185-866d-0dc5eefcbc09	77188794	77205448	fwd	12418	-3	left
chr16	80878116	80888036	c168c8ff-07c5-409c-91d1-ee01d2ac0a6f	80863592	80899858	rev	9905	0.184341	left
chr16	84018332	84027531	2399ac09-862d-4fdd-a0f4-5ee2877abb42	84018327	84037201	rev	9197	-3	left
chr16	89893834	89903183	a34c5dca-69c0-421a-ac29-525ea98883d6	89886027	89908203	fwd	9359	0.586371	left
chr17	9250365	9270128	17b4e9e2-1fb4-47af-88cd-4caa878e3c27	9247402	9295083	fwd	19684	-3	left
chr17	12990796	13008592	a0e6ba23-ee7c-46de-b442-5b1a22f7afc7	12984782	13008600	rev	17711	-3	left
chr17	15607542	15614827	52672af6-1447-4b5d-84f7-af01b8d820c0	15607538	15627332	fwd	7270	-3	left
chr17	16046697	16061018	5a42890a-3264-4002-b196-22f17b416e2f	16046690	16063747	fwd	14300	-3	left
chr17	16738505	16748044	e506ee45-c90c-427b-affe-b461528e31d9	16738496	16753061	rev	9575	-3	left
chr17	16742577	16765227	b0468ab3-0edf-41a4-96e2-7d7ffcf169ac	16742571	16775897	rev	22586	-3	left
chr17	17251643	17261191	e3a281dd-bfa6-4486-b85b-8e85154301a1	17251634	17261201	fwd	9610	-3	left
chr17	18666364	18675246	fbb43ab0-9589-4858-8edd-ced989347f39	18665926	18682892	rev	8868	-3	left
chr17	18678309	18687958	b475038e-ccf6-46ee-a040-d70809debe2e	18678297	18702005	fwd	9654	-3	left
chr17	19582311	19589764	90af8615-7e85-4de2-83b8-626e849d4fba	19574842	19589770	rev	7401	-3	left
chr17	20339233	20345726	ebf2ee2e-0854-4054-844f-0aa3a58afd50	20338530	20356898	rev	6468	-3	left
chr17	26812615	26816897	873a0288-3e4f-46de-af42-52890ce12b00	26810660	26822826	fwd	5323	-3	left
chr17	27156191	27165683	1d9cb9fc-ad30-43cf-9f58-6d6d55d48161	27156186	27165696	fwd	9484	-3	left
chr17	27692513	27709503	4aa773ea-45b4-4a8e-8ed9-caf8ed71f1e7	27692508	27709683	fwd	16987	-3	left
chr17	30111596	30132775	7babe737-0b85-4874-a1a0-77110d09b897	30111590	30141420	fwd	21075	-3	left
chr17	34008235	34022662	7eb67405-3ad8-421c-b27e-edc4c6291544	34008229	34025848	rev	14706	-3	left
chr17	40332280	40341760	41603cba-4910-4273-81bc-503e3cc51eb6	40332180	40374182	rev	9488	-3	left
chr17	43886638	43903022	9cae0f6f-c404-4a28-9d3c-52a511826074	43886627	43904266	rev	16287	-3	left
chr17	52520608	52529669	d1b9891a-1fb7-4a0c-9c2d-15ff55c8e163	52519674	52547922	fwd	9009	-3	left
chr17	54311658	54317326	fe49ed89-4049-4647-b84c-42c5698689a6	54311645	54322760	rev	5629	-3	left
chr17	55404926	55417598	23159eac-68f1-4a76-a3b9-4e89b663e9a0	55404285	55417606	fwd	12663	-3	left
chr17	55715906	55722637	d0b51c66-ad47-471b-9193-76fcd8a63b87	55701597	55729027	rev	6694	0.355314	left
chr17	57477259	57504660	a5d56fd7-fe37-47cf-9241-e6f284181646	57477244	57504667	fwd	27232	-3	left
chr17	59074467	59091012	c0154d42-ef75-456a-99b4-bdc955cacc9f	59074428	59101156	rev	16593	-3	left
chr17	60182046	60187046	cbb63800-539f-4b13-9d75-94c66d805685	60182040	60187052	rev	4953	-3	left
chr17	61365775	61374371	84a2a0d9-c288-4798-9a9d-3a5ceebc0895	61360789	61411899	fwd	8549	-3	left
chr17	62585660	62593868	310cde77-4701-4644-bb36-73382cce6fea	62585651	62601589	fwd	8177	-3	left
chr17	65991925	66003758	0cdf8cff-9745-4b39-94ea-b01aff5a548c	65991921	66003763	fwd	11778	-3	left
chr17	66745224	66755825	7290f17e-8c72-47ee-963b-fee49791f11e	66744332	66757004	rev	10594	-3	left
chr17	67917664	67929121	fbf48ddd-b48e-49ef-a7b0-b0ae91080d32	67917521	67929126	fwd	11403	-3	left
chr17	70264966	70275584	9fdbe857-4bbf-43cc-ace6-84025f6b0119	70264960	70276350	fwd	10564	-3	left
chr17	70529569	70535908	9ff6dac5-ae6f-4ece-837e-f2b32fd84b37	70529563	70539576	rev	6547	-3	left
chr17	72144431	72153888	db882100-6972-4ac7-9f84-8cc52aca4a84	72144418	72153893	fwd	9361	-3	left
chr17	72942757	72959200	c8f1c022-4f5e-49af-be1f-ea7a7d4d5b83	72940990	72967095	rev	16432	-3	left
chr17	74262663	74280108	486f122a-1d64-41cb-b875-4bca96bd8b4a	74261402	74280113	fwd	17472	-3	left
chr17	76140969	76152434	3ceb32e2-005e-4d30-bd32-9c564c7b7d88	76139338	76152441	fwd	11423	-3	left
chr18	327493	343257	e3105060-c2fc-4354-be9c-0bbbce25e307	323819	372224	fwd	15675	-3	left
chr18	3457104	3466899	035583ec-4012-4274-9496-9886b5d30f5c	3449805	3466909	fwd	9750	-3	left
chr18	3598250	3610604	73266eb6-1b5f-4d7a-9eb5-c832e24ddf06	3583803	3618949	fwd	12339	0.320181	left
chr18	5140521	5147277	062cb400-a777-437a-964c-536640c5bbe9	5140516	5159283	fwd	6717	-3	left
chr18	6121296	6132809	ece84d4d-48e1-4c29-b70b-43210d91be82	6121288	6132814	fwd	11515	-3	left
chr18	7065500	7077168	4c3f4f3b-2aa1-4f89-a118-a0797322795e	7065493	7077173	rev	11593	-3	left
chr18	8926006	8938479	6790463b-9060-4d79-891d-6de27c6dccf5	8925602	8941220	fwd	12426	-3	left
chr18	11709201	11724293	25501543-296c-461b-972c-c5b7aa4c67dc	11709197	11725949	fwd	15006	-3	left
chr18	11921586	11927088	47c3dd83-02ee-4072-902c-bb4e0e7324b8	11921575	11945534	fwd	5476	-3	left
chr18	13745171	13752207	e35bea68-a9f7-490c-9f1c-b43f56441ecb	13745164	13755570	fwd	6999	-3	left
chr18	21596289	21605998	3af79032-423e-44f4-9609-253e7b41c88f	21593999	21606804	rev	9651	-3	left
chr18	27282792	27291907	b10997b7-680e-42d3-90b6-20e5038c6383	27272313	27292189	rev	9023	0.902935	left
chr18	32694137	32711242	a8e10b00-e5ed-4840-af6b-fb66faf3f5c4	32694130	32723426	fwd	17098	-3	left
chr18	37309334	37325892	c43921a8-4309-4410-9135-0f2152aa26a1	37309327	37343272	fwd	16574	-3	left
chr18	45509872	45523349	445a33f6-a287-4b9b-b31a-4de0373c6241	45509860	45525948	rev	13391	-3	left
chr18	54213895	54227181	6f54fb68-9508-4639-bba5-b580c2894c61	54212478	54231322	rev	13241	-3	left
chr18	56622775	56633153	d4434e70-280e-427d-add0-2f7310adefaf	56622770	56634376	rev	10280	-3	left
chr18	56722301	56759609	ce6ec11f-1ed7-4e36-9946-b71474f12856	56713113	56778125	rev	37073	0.144288	left
chr18	62908348	62923843	17df9a4a-4337-45b7-97b1-84f2a18b5497	62907660	62925486	fwd	15417	-3	left
chr19	6111706	6120770	d8bebadb-68fc-4c48-8d7a-842d7881866d	6111695	6124198	rev	9015	-3	left
chr19	8561781	8569188	1c957b0e-90bc-48a5-a8b1-80e725bf0d75	8561245	8593498	rev	7409	-3	left
chr19	10924231	10940272	36a3eb02-4f06-423e-a37c-0a407bd1c04e	10919263	10959797	rev	16159	-3	left
chr19	11216573	11232057	866dd0b8-a017-411b-8196-8fbf15c5cba8	11215213	11247950	rev	15468	-3	left
chr19	27284046	27292253	654ac276-6338-4d2a-bb1e-4b68cebae155	27284038	27292257	rev	8214	-3	left
chr19	29321929	29335382	f38adfcd-662c-47d0-9356-6630099c95e6	29321922	29341080	fwd	13463	-3	left
chr19	29580523	29591411	9470c28d-21a2-45b8-baa5-ac7d9d74bef9	29580519	29594638	fwd	10908	-3	left
chr19	31096967	31112452	64518b1f-463c-4133-a6c1-67f22964c95a	31094998	31112701	fwd	15486	-3	left
chr19	31556661	31566824	853ef5e0-267a-4487-8cec-4ef53fc5e869	31556652	31585828	fwd	10139	-3	left
chr19	31569993	31585352	a1aa187d-bf79-4aba-a3ba-02c1633ed6b4	31569988	31587839	rev	15305	-3	left
chr19	33857907	33871076	916331e3-2a86-49a2-85a9-dbcbcda8e5bc	33855319	33879689	fwd	13111	-3	left
chr19	37996191	38005408	3c56dadc-1be4-4dc1-a7d7-a0136f9bafdd	37996178	38018296	fwd	9172	-3	left
chr19	38382536	38389376	f2d361a1-a8b8-4541-8f6e-c82975c2fd80	38370484	38401734	rev	6791	0.628164	left
chr19	39451132	39478846	76732ba2-35a9-44f1-8d06-69f1798dac8c	39449521	39478853	fwd	27600	-3	left
chr19	39767444	39783629	ceaca7ea-c4c1-45f3-b1d5-29ace680d358	39767438	39794187	rev	16152	-3	left
chr19	39968101	39978178	83923f55-7976-4103-8dd9-25491556104e	39968079	39978182	rev	10060	-3	left
chr19	39973755	39991642	68e0311a-2af7-4231-827d-adbe039445bb	39968600	40032348	rev	17832	-3	left
chr19	40222102	40231221	2f6a1315-a26c-45f9-8614-e7a9638338a8	40222093	40232210	fwd	9040	-3	left
chr19	41010824	41021326	ac3e4a49-0155-4534-8863-d54c41eeba68	41010818	41021335	fwd	10465	-3	left
chr19	53560769	53566808	4910947a-8083-4700-b591-ca874ce2a313	53553497	53585826	rev	6016	-1	left
chr19	56739188	56745119	760cf544-4eef-4969-921f-ff02c1d3be5e	56728455	56749768	fwd	8106	0.91013	left
chr2	4823214	4835901	cee3f6b9-237a-436c-93d6-ff1d30bbe3d6	4820016	4835906	rev	12647	-3	left
chr2	7267655	7278608	4b26af7e-6e5c-4908-899e-f9fb5a9a46e8	7266584	7281759	rev	10906	-3	left
chr2	7532381	7547060	55a1d579-01f3-4f61-a0e1-9badb00fb0b0	7532376	7549871	fwd	14581	-3	left
chr2	9689217	9695691	e4f26c57-4f20-424e-9413-e84ab211456a	9689212	9714143	fwd	6437	-3	left
chr2	9916300	9925618	5fb47454-30c5-4b6f-8550-b6bb632b4062	9916296	9929893	fwd	9294	-3	left
chr2	10534702	10540091	03b21386-e8ba-46b3-a5ea-9adc61c04e2e	10519614	10540109	fwd	5646	-3	left
chr2	15450336	15466680	1171c6c3-c3bc-40a4-806e-5b5a33da63cb	15450331	15468753	fwd	16332	-3	left
chr2	16587061	16596030	29355757-04b2-4d13-8596-b14ac6ff7f57	16587055	16596034	rev	8871	-3	left
chr2	17384151	17392335	4505d41a-a912-4b53-8ff5-b2ebf7e260f6	17384145	17392340	rev	8174	-3	left
chr2	18073410	18083034	021945da-042d-41c2-91f0-bd2fb40522f7	18072615	18089547	fwd	9531	-3	left
chr2	18435517	18448364	7ffefa91-e357-4701-ab34-661161351480	18414871	18448371	fwd	12785	0.09206	left
chr2	18699826	18710699	e5cea2c2-b5ee-4249-829f-cd752bb701e4	18699816	18710704	rev	10808	-3	left
chr2	21847118	21857265	f1899214-aa5d-420e-ba52-70974e2b0748	21846594	21858544	rev	10161	-3	left
chr2	22545338	22560133	23a4a837-a937-4a7e-a612-7bbc3121086b	22545333	22564834	fwd	14744	-3	left
chr2	23115065	23127895	bf72a063-6353-41ab-836c-772f4015885a	23115060	23138309	rev	12788	-3	left
chr2	34836879	34845034	91a82d94-c330-446b-8211-6158be5f94a1	34835327	34845369	fwd	8052	-3	left
chr2	40958681	40979552	9f658bf8-60fd-4100-850b-3f00edeef846	40958674	40980695	rev	20750	-3	left
chr2	41652117	41668704	93616aa5-efd5-4a8f-aae6-f02fc98a3b75	41648896	41684946	fwd	16387	-3	left
chr2	41858952	41873706	cc4dd61b-c3b7-4b56-ac80-d39c1672f800	41853749	41877095	fwd	14719	-3	left
chr2	42446483	42459148	3027eda2-3f15-4db6-b9ba-29d3248d41c8	42443513	42460822	fwd	12577	-3	left
chr2	44026693	44032696	abccd01f-f586-4b16-88aa-2fab9b87137a	44026687	44034160	rev	5988	-3	left
chr2	54402590	54410013	5dbb848f-67f1-495c-b899-ab6ad5cc64ea	54392430	54410019	rev	7435	0.512002	left
chr2	59639244	59648501	0db93396-e9d4-4022-be40-14dd2221dbac	59639235	59648505	rev	9241	-3	left
chr2	64206826	64223746	17302f1a-5a61-4773-8e96-b25913d60a84	64205719	64223753	rev	16822	-3	left
chr2	66100310	66106274	6184f19f-2934-419c-a8e2-a57fc7c37470	66090069	66117306	fwd	5897	0.250719	left
chr2	70824824	70850779	50833565-1a43-41e4-b00c-f786f36aa3b0	70824819	70859598	fwd	26018	-3	left
chr2	71646380	71657865	88ab2f53-3080-4872-b188-c0fd7d56492f	71646375	71669834	fwd	11487	-3	left
chr2	79025599	79032654	61a1767f-b665-4df5-885e-29673da6815c	79025586	79036207	rev	6988	-3	left
chr2	79120886	79154963	0ef2b698-89aa-4c20-8ab2-07d65ef14dd6	79120879	79154967	rev	33910	-3	left
chr2	82798817	82803764	5a0fbed6-0fd3-4e4e-8d36-3cc8c9dd9a0d	82792925	82810335	fwd	4961	-3	left
chr2	84450894	84471172	113b2f7a-dcd5-42e5-a7a3-cf4be5c8d0d0	84450667	84471199	rev	20093	-3	left
chr2	87414664	87418715	d3591f7a-3b54-4123-9881-841af6cceec1	87414287	87431213	fwd	3168	-3	left
chr2	88215116	88220494	a1f54e0a-3501-4d91-97f8-924c003462b6	88215106	88220499	rev	5396	-3	left
chr2	90221678	90236510	03324f6b-6a20-4a75-ae2c-cba83d457404	90220502	90249024	rev	14789	-3	left
chr2	91413677	91421420	a99b543c-7e73-4b44-958e-45305e773c02	91404242	91423218	fwd	8952	-1	left
chr2	91672250	91683047	354f58c8-cfc3-4fbb-8774-0349f5037178	91672246	91683052	fwd	10739	-3	left
chr2	99380590	99388678	61dfd82f-4d75-4989-9693-c348f3398d52	99380586	99389681	fwd	8045	-3	left
chr2	101087846	101099593	317779c2-c425-4731-a8a2-65d712c49b8c	101087840	101099599	rev	11698	-3	left
chr2	101792804	101804242	5e031e70-7c80-480e-a356-da18278b3d66	101778428	101806590	fwd	11388	-1	left
chr2	104729912	104737664	f36d621f-baf3-4c38-b8a6-e0d5956b0535	104729904	104748641	fwd	7730	-3	left
chr2	105279188	105289948	46e5884a-3a32-49e0-a3ea-d39f03da8d9f	105279183	105292085	rev	10719	-3	left
chr2	105274302	105290264	ed46c655-3e03-49ab-a92f-c567a966503a	105266550	105304072	rev	15782	-3	left
chr2	108024764	108034343	f89044da-bb81-441f-aa67-007b153e15ae	108024576	108075395	fwd	9525	-3	left
chr2	111487265	111492726	70fe0103-dbc2-432b-9409-5040106eaea5	111486328	111512703	rev	5451	-3	left
chr2	112916264	112926843	d19c3373-ab0f-4fe6-a961-9d35968f53ff	112915810	112935920	fwd	10521	-3	left
chr2	113332425	113337662	9f40068d-737d-4328-85d3-ce2a4dac94a9	113332411	113337668	fwd	5244	-3	left
chr2	117576831	117584248	a6bcf017-41a1-4cc6-b461-f84e2d72a046	117576826	117584253	rev	7385	-3	left
chr2	119266540	119272803	038bb6f8-1aad-49e3-ac9b-de48ea553ae5	119266533	119278479	rev	6319	-3	left
chr2	119479697	119491285	17d69b55-9d10-4650-afa4-a472d08919ab	119479683	119498298	rev	11598	-3	left
chr2	126179336	126193779	0bb41630-c7a6-4f3d-848c-cbc8a483a4a4	126156918	126195994	fwd	14397	0.544715	left
chr2	133726274	133735735	7e8a374d-df0a-4be2-ad3d-db8e15a460c2	133726269	133754674	fwd	9411	-3	left
chr2	137506103	137521011	6ccbaac5-6af2-415c-b1ae-68242e3acb9a	137504881	137521148	rev	14893	-3	left
chr2	137774519	137795954	84d89554-5826-4f3d-b976-5fb080e84a72	137774515	137804485	fwd	21301	-3	left
chr2	138278791	138290727	d7c9ba82-c483-41d2-96b2-7e343de81e4b	138276478	138291035	fwd	11917	-3	left
chr2	140095971	140103069	c8b05904-d590-4a23-92da-369e41933839	140091580	140105325	rev	7095	-1	left
chr2	142673744	142682449	1cd016fb-0d0b-4231-92b4-47454a1fecc0	142673528	142696559	fwd	8353	-3	left
chr2	143180058	143189534	42416efc-6d7e-4e82-b791-162113a13176	143180051	143207600	fwd	9505	-3	left
chr2	143781085	143790878	d7aa1bce-be34-457d-b881-91d779aa3097	143777340	143797307	rev	9742	-3	left
chr2	143863512	143878726	ea73f6a7-29b7-4b54-99e7-937bfcde97cc	143859258	143880313	fwd	15186	-3	left
chr2	155188579	155201997	4dd5d163-e5ab-4a1e-b03c-f511dbf49c82	155188572	155213494	rev	13402	-3	left
chr2	157388450	157396149	a26540ff-cf6c-4f30-974c-e0933a4844f0	157385432	157396165	fwd	7704	-3	left
chr2	163729518	163736334	6366b435-1a96-43b0-994e-a32803743cb3	163729502	163743937	rev	6727	-3	left
chr2	171552529	171557896	6ee9d17a-0210-4ba7-ae49-28cee3974b56	171552515	171563420	rev	5355	-3	left
chr2	178192680	178201211	3df9eee9-609b-478f-9794-f259f5a9033c	178192669	178209399	rev	8471	-3	left
chr2	189664147	189669894	14f2f412-d8d0-4ec2-a47c-4f54ad97267d	189649578	189688529	fwd	5643	-1	left
chr2	193916498	193924204	069aa805-112e-4236-a987-9a5cf7db0ead	193916492	193935929	fwd	7683	-3	left
chr2	194091846	194097876	97ddb2fc-8d8f-45ca-a290-fccd9c8df86b	194090425	194097906	rev	6076	-3	left
chr2	195204124	195232647	b67553b8-3a09-4f7c-a9da-794f7975245a	195185154	195249584	fwd	28378	0.370664	left
chr2	198620136	198625288	9e7b4b8b-a51c-46de-8358-5a8e35abfe5b	198602199	198625294	rev	5097	-1	left
chr2	201618398	201627211	cdebfe2a-c5b5-4ebe-8c1d-629e893095ed	201618394	201627222	fwd	8819	-3	left
chr2	204318882	204323691	e26cfc0a-893d-4db6-87e1-021416c0eb3b	204318877	204336347	fwd	4751	-3	left
chr2	206556005	206566287	8acc1526-01d9-4b67-b62e-e0ac20438f26	206556000	206572362	rev	10267	-3	left
chr2	209031586	209046912	7d5f5593-ec92-46fc-bb23-4e6eb4e00f52	209026621	209050709	rev	15333	-3	left
chr2	209585245	209590082	82fd511c-e5e7-477c-8237-f29af88c84ca	209585239	209597377	fwd	4752	-3	left
chr2	213178859	213191643	c52fc193-086d-4f32-aa96-8a69a8db4061	213177340	213193412	fwd	12735	-3	left
chr2	215442995	215452022	7346127a-b69b-4ff4-bb9c-8f85d49dbccc	215442855	215458404	rev	9022	-3	left
chr2	216135389	216143987	4c4b8ae9-7a28-44c2-86dd-7938b91aed26	216135384	216147214	fwd	8512	-3	left
chr2	217938296	217953865	54888c09-7bf7-4804-b28b-6e39b29c0027	217938285	217960434	fwd	15513	-3	left
chr2	219055522	219063376	c6337e8f-62a3-4d18-abf8-4fee66a94c14	219051530	219066583	rev	7825	-3	left
chr2	219221270	219233892	6ccc32d7-90af-476b-b4c8-bb935c507d7c	219220362	219233900	fwd	12576	-3	left
chr2	220899288	220910592	8aa9ed55-e71d-4a63-af36-acc575f6dbda	220898497	220914478	rev	11219	-3	left
chr2	221117390	221123761	d2129cb9-c16c-4be5-b4a2-401901ff4704	221115699	221130809	fwd	6318	-3	left
chr2	222466640	222480282	a64a46a9-158d-4227-bb50-0f9fd9bff5f9	222464712	222480288	rev	13478	-3	left
chr2	224648242	224660265	abf241b7-efe9-4058-acdc-fa026ff1e1ff	224644444	224660270	fwd	11876	-3	left
chr2	227577228	227583812	d5918cd3-685f-4b08-924a-ae1324a95107	227577218	227597583	fwd	6548	-3	left
chr2	229537288	229542695	f3abd214-ddc4-46be-894c-a0fff1d9dfba	229537279	229542703	fwd	5406	-3	left
chr2	231436165	231450615	08401140-3cc5-44da-8562-40406a2bf9c7	231436159	231452899	rev	14460	-3	left
chr2	232752248	232759653	e965eddc-0d27-4162-a74f-f59d854bd272	232752238	232759658	rev	7409	-3	left
chr2	235748513	235763777	14f197e1-9a49-4e0a-87f4-2cfaf327408b	235747764	235763782	rev	15117	-3	left
chr2	241529663	241537686	6cf9ead2-7fd6-4938-afe0-63dc5c417c48	241517638	241537691	fwd	8033	-3	left
chr20	373683	379179	50010193-2a5c-4800-b0bb-76f1352e68cb	367913	389051	rev	5494	-3	left
chr20	772864	787516	35fffe39-8758-4631-bb6f-f6f3206fb5d6	772700	787521	fwd	14518	-3	left
chr20	2672831	2682149	14700ac9-16ae-4696-9789-cfac3624856c	2672823	2691624	fwd	9323	-3	left
chr20	3019314	3025291	4fe063d0-e05f-450a-9a6a-23d590109018	3018236	3030167	rev	5971	-3	left
chr20	13223361	13232736	af45c44f-4bb0-458f-8b26-3acc8bb03f69	13221521	13249042	rev	9326	-3	left
chr20	31067611	31071159	467c4806-2517-4b93-8fc0-4bd34d926783	31051508	31073213	fwd	3088	-1	left
chr20	31068008	31073537	0cd613a5-a6ba-4320-862d-e6c90a5d4edf	31054708	31076999	fwd	9785	-3	left
chr20	31073736	31079877	f6351dd0-5f3c-4c6e-b1b8-3c3e9bf10692	31062919	31082166	fwd	6698	-1	left
chr20	31065172	31083338	f63b581a-8003-46b0-b313-fb036633afae	31064575	31083613	fwd	18162	-3	left
chr20	31072357	31079322	1bdabbb3-1c0f-42e6-b9e9-c31f1f0093c8	31066012	31079843	fwd	7373	-3	left
chr20	37970441	37980514	f023abc5-d674-44dd-aa1e-6809577ac1c5	37961529	37999045	rev	10053	-3	left
chr20	40100411	40107533	e98dc7a4-0340-4f30-847a-7bf34b3c76a9	40100378	40115498	rev	7099	-3	left
chr20	41152666	41160980	961ebd1b-d92f-44db-bb2a-3264a0ea6754	41152657	41164162	fwd	8290	-3	left
chr20	42426488	42440503	8f15d5be-a751-4622-a42c-fe3488d663ff	42425562	42440516	rev	13959	-3	left
chr20	42650602	42659169	2df8ca5c-0ef9-40ef-bc4a-ba2bed7aa963	42650596	42659174	fwd	8520	-3	left
chr20	43349823	43360538	38e9f2b1-d143-4d5b-8271-f2d56411fb2e	43349818	43385720	fwd	10706	-3	left
chr20	44273493	44282965	52421959-f50e-4b39-8cf2-714103c42535	44255900	44282971	fwd	9526	0.109222	left
chr20	45173602	45185213	b4d82b6c-5ef7-4a34-a912-b8d6b5e6fd19	45171194	45185223	fwd	11598	-3	left
chr20	45320694	45338801	8ddb8087-ebbb-4f01-925e-e9948fe2ca77	45313354	45339445	fwd	17960	-3	left
chr20	47907744	47916576	e8de8189-3e1e-49d3-93f1-c8f24e6888a4	47907738	47921834	rev	8800	-3	left
chr20	48164703	48175157	8665fcc2-54c6-4ebb-b322-7dd53a20be52	48164695	48181351	fwd	10447	-3	left
chr20	49037982	49044831	5f23e68d-586c-466d-a841-bcc7e1e3289a	49027610	49066461	fwd	6850	0.188714	left
chr20	52831773	52844820	6ffafaad-315d-4ec2-9858-0e5481913b53	52830944	52849949	fwd	12992	-3	left
chr20	53222234	53230657	343ec065-b47b-453b-8408-2924f797f19a	53222229	53241721	fwd	8369	-3	left
chr20	57154536	57173756	0ccd62b0-9d44-4bfd-b708-b25b1301ed06	57153707	57196203	rev	19127	-3	left
chr20	57229036	57240030	3986e7fe-3727-42c3-9cc5-83240fa48b1c	57229031	57240036	fwd	10951	-3	left
chr20	58630919	58639931	ac672e4f-151d-4272-83b1-e40be769e6b3	58624520	58649428	fwd	8987	-1	left
chr20	58643337	58653143	a565d214-6dd5-4141-b878-59669b952add	58637592	58659161	rev	9759	-3	left
chr20	61617339	61624897	266373d9-76b4-4f66-ad8b-e055593eb345	61617334	61630038	fwd	7609	-3	left
chr20	63633003	63642226	1c2fc549-ff9c-4603-b8d1-4fd98c545e7b	63607852	63643651	rev	9229	-3	left
chr21	7951292	7955356	d2e01e7a-4153-41cb-b696-213b5bd63568	7939810	7955850	fwd	4037	-3	left
chr21	7965837	7987403	33d8deb8-db31-4643-925b-b07c1d575aa5	7965056	8005279	fwd	21428	-3	left
chr21	14848256	14854731	bde5ca6f-5618-4d8a-8918-58234d6ee564	14846601	14862107	rev	6415	-3	left
chr21	16968241	16981225	74c04a7e-7273-4691-962d-bdd977659401	16968236	16985193	rev	13045	-3	left
chr21	17423972	17428517	57f06a64-588d-4fbd-8fca-cb024d319779	17423967	17437792	rev	4563	-3	left
chr21	17815509	17822921	f9ee64c6-27ea-4557-9b05-a092118b9511	17815500	17847119	fwd	7374	-3	left
chr21	22535417	22546932	6b74acad-b367-440a-8efd-604e8264fdd0	22535409	22547075	rev	11417	-3	left
chr21	30943698	30953036	ab492c4a-a38c-4560-9d76-8f519df1499b	30926931	30967363	rev	9297	-2	left
chr21	33258477	33272319	79e79a19-441e-4135-8d97-625c1ff2c71b	33258469	33272329	rev	13861	-3	left
chr21	34305197	34314998	8dde7259-f1e6-4f02-a37b-49a9ceb9a037	34305193	34323213	fwd	9832	-3	left
chr21	36503501	36512768	06c89b14-596c-40bb-be3d-a4ddc0adf69a	36503493	36517392	fwd	9203	-3	left
chr21	38081374	38086859	2a53218e-958b-4043-bff9-5fd981871e17	38081358	38086866	fwd	5427	-3	left
chr21	38144552	38154082	35cff055-d24d-4855-a692-eabe8d693b09	38144544	38154992	fwd	9533	-3	left
chr21	41551456	41558544	566bd56b-5c1f-4c65-a757-55e9c9b5ef15	41549147	41558557	fwd	7046	-3	left
chr21	42317917	42321474	db88f8c4-e57d-491a-831c-943a690d2586	42302250	42321493	rev	3575	-3	left
chr21	43611829	43621144	59646ee1-6278-4f1b-a6e1-b1e41b8fcf38	43611817	43625707	fwd	9288	-3	left
chr21	43753039	43768184	287a7b8e-513e-4166-a711-5a88697b0774	43745109	43776004	rev	15116	-3	left
chr21	44082134	44087401	bb7275a9-0b3f-441c-93b6-5d21bb676759	44079579	44091278	fwd	5196	-3	left
chr21	46011162	46021140	f7ce45aa-ca69-4c8e-a07f-8aec39e1d82f	46011157	46033003	fwd	9923	-3	left
chr21	46419592	46434290	23b211c7-85ef-454d-90f1-c2cda115e135	46419580	46436741	fwd	14653	-3	left
chr22	18048700	18066891	883b32c2-0dca-4f49-96a5-97deff9de938	18038063	18068428	rev	18198	0.37654	left
chr22	20758776	20768958	0cbb1a55-316f-47eb-add1-1465b542d871	20758764	20772138	rev	10109	-3	left
chr22	21285133	21296078	ed42daee-b9ee-4f7d-b6bc-5d3e21b117f5	21285122	21301074	rev	10911	-3	left
chr22	30809662	30819164	5025db3f-4585-4426-be8e-0cc84f2c99e5	30805724	30832117	fwd	9460	-3	left
chr22	34665466	34682849	feb3c945-7e69-42cd-9c7a-ca5da9e97316	34661212	34690600	rev	17291	-3	left
chr22	34869067	34877935	b29960cd-2fff-4b53-8fc2-72747b27f933	34868607	34894709	fwd	8849	-3	left
chr22	37227660	37237561	510f9fe5-6427-4468-b1bc-dcd75a0c2f32	37222639	37251409	fwd	9887	-3	left
chr22	43824953	43840574	da7b0501-26fe-4a3e-b715-d6d1469f8f22	43819639	43840581	fwd	14848	-3	left
chr22	49642810	49650568	70d6b50a-675f-4111-9e4b-25247b6308d8	49642800	49657463	rev	7746	-3	left
chr22	49691458	49703491	e1d3b3ef-72df-4397-b483-ef9f20d63f9c	49691451	49719790	rev	12002	-3	left
chr22	49889833	49896710	2fea21ce-0ebf-4793-a403-101874d48b1d	49880123	49904405	rev	6871	0.475991	left
chr3	5855594	5861767	9bda739b-2c9f-46f3-a7ef-31eb4f51695c	5855589	5922900	rev	6143	-3	left
chr3	6648745	6661995	8b57eded-9e16-47fb-8e7b-8d9b952dc7fc	6648738	6667167	rev	12855	-3	left
chr3	7855563	7863000	eefed0fd-c3f8-447b-811b-31d874c83583	7855559	7869346	fwd	7448	-3	left
chr3	8295727	8306473	20b82308-f3c0-41e9-bdbc-128577073c3d	8293881	8313183	fwd	10735	-3	left
chr3	8466859	8474773	8104b136-e492-45d2-a190-83f91a836aa4	8466803	8481315	fwd	7886	-3	left
chr3	10094925	10100390	4fe5b86b-3f2e-41c8-b721-4bf0f55bf9a2	10094919	10114231	fwd	5436	-3	left
chr3	12586374	12595379	82d26e3d-747b-459f-af69-06c91933a225	12586368	12614416	fwd	8994	-3	left
chr3	15855585	15864765	d0ee1b32-8077-45ee-a74d-cbb2bf662cb0	15855047	15864769	rev	9154	-3	left
chr3	17045727	17055558	9edad2ef-0990-4796-b5f4-aa6072487f11	17045721	17058550	fwd	9833	-3	left
chr3	19230305	19236885	fd03e3b6-c14c-48f1-a568-c4dd43cb4fa9	19230299	19236897	fwd	6562	-3	left
chr3	20913347	20924875	e807c1ab-1e26-45ae-a79c-3e8b0573275e	20913342	20924982	rev	11441	-3	left
chr3	22307183	22324201	5182b4eb-6312-4f6e-b9f3-8657ba5a4778	22307179	22325676	fwd	16983	-3	left
chr3	22766853	22776328	ca4b41d2-c557-461b-a9cc-549f35bffcfa	22766849	22778214	fwd	9400	-3	left
chr3	25530557	25542359	ca0156a9-add7-4b6c-9501-cd6321d3337f	25522411	25544586	fwd	11681	0.227779	left
chr3	30304279	30310443	fa460688-f634-4b1f-98ce-6e990e923935	30304274	30314367	fwd	6111	-3	left
chr3	31300125	31305373	7e34fe9f-1a32-4ed5-80b7-e912a867c9ba	31300116	31325013	fwd	5224	-3	left
chr3	33605327	33620704	867b7a4e-bae3-439b-9de6-2ac1965ca986	33601222	33625866	fwd	15341	-3	left
chr3	38881791	38891738	3edbb6cd-bf44-481d-bbc3-8318c3a83aae	38878989	38893019	rev	9909	-3	left
chr3	40204031	40212718	93210403-c436-4383-b80a-355f221aceb0	40201357	40251836	fwd	8550	-3	left
chr3	52911504	52923635	36ff066b-c066-4d6b-8c7c-9bf14bd88a35	52911494	52924588	rev	12004	-3	left
chr3	54243424	54252297	9afa5c6c-6387-4221-a300-0264cb4e7287	54223437	54255321	rev	8770	-1	left
chr3	56767253	56780984	8d3c6466-f86d-4b27-9bfa-7c59bc3cd917	56763095	56780989	fwd	13707	-3	left
chr3	57340913	57354380	a39481c0-d986-4a21-8329-f009d53389c5	57340252	57359862	fwd	13430	-3	left
chr3	60414555	60426846	066b468b-3dc5-47d3-9e64-c37ef23b0312	60412474	60443813	fwd	12260	-3	left
chr3	60958088	60968674	90c84c74-cabc-4a9f-bbc6-6e332f4fc2ca	60951682	60969875	fwd	10543	-3	left
chr3	62362752	62375765	73fd1c9b-7099-436c-af43-1f55b87b3635	62362748	62375779	fwd	12975	-3	left
chr3	62495045	62504672	67547777-94c5-46a0-9628-b76141515242	62495041	62517143	fwd	9579	-3	left
chr3	71164326	71185281	8c80a661-61b0-456c-8e41-5308fedb5f86	71150888	71200541	rev	20933	0.125654	left
chr3	74412564	74422133	f7d7f69f-417d-4cc8-a261-aaf0c48022e0	74412559	74422137	rev	9528	-3	left
chr3	78178603	78187785	1248d965-28d7-49ab-a830-742ea0434481	78178582	78187795	fwd	9173	-3	left
chr3	82356193	82373465	6062cc3f-99c8-4804-a884-7c41ca57dad0	82353156	82382194	rev	17214	-3	left
chr3	87152029	87155736	4897abd1-3e54-4c69-b37f-75a253999f3f	87145364	87158041	fwd	3717	-1	left
chr3	88003601	88018786	1fc562cb-c9ec-4803-b3ec-7c2379e6255a	88002929	88018793	rev	15100	-3	left
chr3	89310720	89325075	5e6436ba-101b-4d43-8ab2-c38f6565096a	89310194	89325080	rev	14427	-3	left
chr3	89641435	89648543	e1cd0fbe-84bc-47d0-a4c8-8c76902ac433	89641429	89654098	fwd	7070	-3	left
chr3	98580123	98590046	7e95b5e4-1b0b-465f-82cd-1d2711730f9a	98580119	98590056	fwd	9898	-3	left
chr3	99915166	99920445	d1dc8c3f-10fb-4c3a-b16a-70408a9258d6	99915151	99946085	rev	5266	-3	left
chr3	100186979	100198731	f4796667-55dc-4cd5-adb2-8f27fa626b46	100186973	100199813	fwd	11648	-3	left
chr3	100350926	100357918	e29102e3-c5ee-427b-ae2f-924bdd4022f3	100350916	100361849	rev	6962	-3	left
chr3	104588995	104613916	577abdc8-fa7e-4835-9213-e30663a9f374	104588220	104620254	rev	24771	-3	left
chr3	106111116	106117790	1e1d35de-a8ce-4366-ac5d-7802d9538451	106104097	106117798	fwd	4956	-1	left
chr3	107677870	107693912	377a4713-4b98-4b7a-98b2-bb485c458359	107657364	107698257	rev	15959	0.272297	left
chr3	109702662	109717298	8aafb86f-ba0b-4e58-b58c-8a6d291dc505	109702656	109722702	rev	14545	-3	left
chr3	110471177	110479212	9c1b90eb-45c1-491f-968e-60447559750c	110471172	110479221	fwd	7963	-3	left
chr3	112253744	112259930	da5d1657-e9ec-4c25-80dc-55aa563d06e8	112252486	112269054	fwd	6184	-3	left
chr3	115079820	115089525	e5aa57de-806f-4d07-8989-986644da5d9d	115079224	115093525	rev	9602	-3	left
chr3	119576761	119589235	9aed01ff-fec2-401c-9322-1f81a60fff97	119575780	119591693	rev	12463	-3	left
chr3	119977595	119994785	414ef0cc-de3c-4cee-9230-4ec59fa7b0e7	119967558	120003852	fwd	17098	0.00576	left
chr3	121592296	121602276	e206d68a-7aba-4591-ab27-cf29bed5935b	121592288	121635156	rev	9963	-3	left
chr3	122083924	122100424	e646114b-3ba9-4eb1-a9c6-df760318304f	122079171	122109134	fwd	16417	-3	left
chr3	124301228	124312361	68a60c94-8a50-4264-b47d-0b3cbbfd13c8	124293662	124317375	rev	11110	-3	left
chr3	129072189	129083842	c26b504b-6f05-47e2-809c-d1e3fbafc8a5	129066331	129083849	fwd	11668	-3	left
chr3	133418285	133431875	fcc2045d-2f05-43f2-9cc1-858fae976009	133406430	133443885	fwd	14021	0.379718	left
chr3	134200042	134207251	eba545da-d449-4577-b69b-b819e1240558	134200038	134207258	fwd	7184	-3	left
chr3	134228805	134242888	b2e0084b-5832-4924-9341-321dde8dbc3b	134227344	134242892	rev	14060	-3	left
chr3	135805920	135815645	47e6ea3b-dcb6-4160-b773-2b2089b550f4	135804372	135815656	rev	9647	-3	left
chr3	137602535	137618947	120fd1b6-3cc2-49fb-8d6b-ab7c16911aa7	137601972	137627395	rev	16240	-3	left
chr3	138555452	138562889	1a3ee38a-b109-4887-8472-02cd67b877d8	138555439	138562893	rev	7346	-3	left
chr3	139231777	139236546	8aaf83c9-07cd-403a-87bb-220fd499119b	139231753	139238993	rev	4703	-3	left
chr3	141204060	141210623	988b146e-b8b0-41e4-91cf-5dc98ab9f9bf	141204056	141221259	fwd	6538	-3	left
chr3	142081425	142085679	78ccbb57-918b-4c96-966e-2f0fa441436e	142081419	142093336	rev	4227	-3	left
chr3	142464906	142473136	da9c925a-9ff5-478d-b2e3-3b79426bbb64	142464899	142473179	fwd	8293	-3	left
chr3	145792477	145807503	5f2279bc-8552-45a0-b731-e2469921132f	145792471	145815088	fwd	14970	-3	left
chr3	147926154	147932190	b8959936-267f-41c5-bd30-c666c6883ac6	147916527	147932204	fwd	5978	-1	left
chr3	148460007	148469815	df8a50d1-113c-42df-8949-4dad414dad03	148460002	148477879	rev	9769	-3	left
chr3	149594392	149606576	f6135bd6-a575-4e4d-a50c-a5ecc1a8c887	149594387	149606582	rev	12053	-3	left
chr3	150171869	150184024	46c02a8a-9bee-4a2f-b758-4c3fd8f68bec	150169778	150190798	rev	12079	-3	left
chr3	152080784	152087008	2ffaff8b-8fa2-4c55-9e82-cc778c7c6675	152079386	152087013	rev	6222	-3	left
chr3	158005626	158018948	159a58ca-ad1e-43f3-82a0-c22fd4be0cc2	157998211	158018953	rev	13253	0.14742	left
chr3	159245454	159252574	441c8177-1f5e-4cb5-a503-6fd91c3f4faf	159234281	159253862	rev	7080	-2	left
chr3	160503827	160512158	99508547-0376-4d08-a5ee-e2d412b27acb	160502288	160514057	rev	8289	-3	left
chr3	166346927	166355255	40bbd6b7-16f2-4da6-adca-2b7396e78350	166320146	166395420	rev	8322	0.004375	left
chr3	169248651	169260659	dee14248-e898-4192-a340-53727d8a7bf1	169248642	169261741	rev	11836	-3	left
chr3	169617449	169625025	0623c3ab-6e7d-48b9-af9a-8e8fdd72cbd5	169617441	169625030	fwd	7541	-3	left
chr3	171438891	171447364	25232446-f3e9-4166-ba83-4847e5045205	171438597	171473641	rev	8497	-3	left
chr3	171675795	171686084	2cc0b605-f9df-49ee-9900-bf5537f5b6f1	171650844	171701432	rev	10146	0.67823	left
chr3	176736482	176744064	f61deee4-f47e-4aa2-a3be-d6211257af4b	176736475	176756985	rev	7517	-3	left
chr3	176748619	176757778	25a102fd-0b16-4973-9d95-4e69055b7d1a	176740507	176757785	rev	9067	0.11118	left
chr3	176904969	176914999	98814a27-8174-4eef-99aa-52440ba43e66	176904951	176925408	fwd	9980	-3	left
chr3	178002163	178006004	6c67e3a5-5ca0-4d41-887a-9e1f416f5967	177996068	178006009	rev	3829	-1	left
chr3	179064420	179076650	be973322-5f06-4ebc-883a-01ef88b7e952	179063203	179077795	rev	12135	-3	left
chr3	181485021	181495411	94ea7176-ab79-43ba-a37a-1a8561f30dee	181480149	181497201	fwd	10365	-3	left
chr3	181648601	181658830	0f383fa1-e24f-46fd-9daf-bfa688bd807a	181648597	181663395	fwd	10156	-3	left
chr3	188823102	188841016	0734089b-cdd6-417c-be28-0eb74b8e08bb	188822568	188856786	fwd	17738	-3	left
chr3	189316931	189324791	78840f5d-2ef4-4cac-af60-911127ddb586	189316910	189325300	rev	7822	-3	left
chr3	190266896	190281333	2930ba40-cd9d-4fb8-a4bd-269dd450784e	190266882	190281338	rev	14438	-3	left
chr3	191906276	191923320	4cba4790-8120-4f09-a6eb-60463db16a86	191906268	191929382	rev	16981	-3	left
chr3	196028364	196034342	b612d42e-2e5d-4cc5-a4ea-85760c044d23	196028359	196043869	rev	5955	-3	left
chr4	2485098	2489302	2d73d0a8-2843-448e-b25f-af92726e3bdd	2484799	2496261	fwd	4175	-3	left
chr4	4156628	4169737	53f8497b-6fc4-4bef-9e43-b6e48bee2c24	4156622	4169746	fwd	13131	-3	left
chr4	5868366	5879532	56b14157-83ce-4bff-8b7f-2690f33a6b4e	5868356	5885371	fwd	11125	-3	left
chr4	7748720	7755130	c987d795-1f3c-464f-86cc-00c33d539a59	7744830	7755895	rev	6497	-3	left
chr4	7823597	7845401	978d0393-1c28-4eea-8963-0b1a23b3ed86	7814144	7861784	rev	21768	0.215166	left
chr4	16989297	17001967	6c23faa5-2e8e-4b91-967d-f7148a8b46b8	16989080	17001972	rev	12646	-3	left
chr4	17185779	17191417	b1b5e700-e1b0-481e-af08-b659f15ff966	17185775	17191422	fwd	5614	-3	left
chr4	23633888	23643450	4f5bb9ea-0b37-481d-a743-addd6ebe8a0a	23633876	23643455	rev	9502	-3	left
chr4	24379111	24395899	d062bcd0-0c1c-4f26-94df-a25cedbc5369	24379103	24416725	fwd	16670	-3	left
chr4	30212428	30228465	f5c043b4-e49f-43b4-a066-fe98610cb987	30212078	30231669	rev	15984	-3	left
chr4	37376805	37387159	5d2238e7-b261-43a3-bad5-38e23e0674c6	37376801	37387168	fwd	10275	-3	left
chr4	45007427	45015993	0c62bad8-f3ef-4673-a749-5094be0df0b7	45007422	45019073	rev	8562	-3	left
chr4	46163673	46176915	644729ab-6206-4596-b51f-886cb63dccf7	46162617	46184316	rev	13174	-3	left
chr4	47112728	47119411	63a41116-94fa-48d4-acd1-7d3f02550759	47112157	47121769	rev	6685	-3	left
chr4	49103752	49109248	79cb5374-9c35-4426-8f53-9827c4036507	49101588	49111052	rev	5167	-3	left
chr4	49118393	49131220	61f7b1f1-7e93-4f56-bb3d-3c8c452c31da	49100735	49156637	rev	2368	0.360048	left
chr4	49121936	49126760	d24b7e15-b2d3-494c-b39c-c13f689488f4	49111601	49143536	rev	3540	-1	left
chr4	49126308	49131491	5170df7f-f91d-47ab-ac8f-816678107a32	49117503	49140082	rev	4331	-3	left
chr4	49121988	49127187	d9a89cba-8326-4220-beb7-1428d27be158	49117434	49152864	fwd	4944	-3	left
chr4	49130176	49139326	d9a89cba-8326-4220-beb7-1428d27be158	49117434	49152864	fwd	9215	-1	left
chr4	49285329	49304776	50f76bb1-9e3d-49c7-a77e-f57778be8e10	49279006	49309027	fwd	18957	-3	left
chr4	49651312	49653737	9590c999-c4db-4001-8a4b-bdb1caaa02e4	49643912	49658098	fwd	2944	-1	left
chr4	54936306	54943807	e00f6c96-32a5-48a2-a2c5-26ba4f63d234	54936298	54947054	fwd	7230	-3	left
chr4	55397325	55417716	402afccd-5297-4a2d-8065-7fc3dc8259d3	55392596	55417727	fwd	20368	-3	left
chr4	55893999	55900881	17f5d011-b224-4b7e-b049-6a676dc522ed	55892993	55902788	rev	6837	-3	left
chr4	58712773	58722777	7c16e32a-a372-4e39-a7c0-876815aa6db1	58700322	58723537	fwd	9979	0.360688	left
chr4	66979013	66994814	2eeac759-149d-430d-a12b-e3847a6c5f06	66977758	67004704	rev	15678	-3	left
chr4	69865695	69878472	e5ade9d7-02dc-4fc4-a66d-bcdcfc5d21f9	69865475	69902855	fwd	12696	-3	left
chr4	75944335	75955079	080e9b20-9f8a-49a1-a0aa-18fc1e7fcfcb	75939782	75956377	rev	10719	-3	left
chr4	77790093	77798762	0d578048-beda-495d-8503-f02331848b62	77790088	77801150	rev	8621	-3	left
chr4	85740209	85745576	7f5f710c-f186-41d8-8230-5617803ac5c8	85740205	85767674	fwd	5277	-3	left
chr4	92154406	92177946	a287ff82-6287-40fc-afb9-e1deb2ce6786	92154401	92177951	fwd	23420	-3	left
chr4	92793170	92800244	a4301e05-32ca-4e8c-8746-1229638b5997	92793164	92829704	fwd	7049	-3	left
chr4	97183657	97191697	fd30144e-db1e-4502-ae9a-f9a46f95cfa7	97180895	97194740	rev	8021	-3	left
chr4	101749759	101756087	3d7a344d-7018-402d-8588-3d9675715ab4	101748131	101756102	fwd	6319	-3	left
chr4	102487541	102503591	bbdd1c28-0b1b-4762-8a03-77838bb7e332	102487086	102515664	fwd	16034	-3	left
chr4	109920971	109929823	a58a682f-a1d7-4c42-9757-5fe3aa2d8102	109920955	109930795	rev	8851	-3	left
chr4	118829170	118846830	554d415a-ec3e-40ad-9280-86e43a9366e4	118829165	118847234	fwd	17544	-3	left
chr4	126107333	126114817	48191724-7c7a-4f55-b591-d82cd1ae3dcd	126107309	126129484	rev	7471	-3	left
chr4	127860122	127867384	19156a6a-edc8-4db8-800c-04a910d3ba84	127860116	127869549	rev	7235	-3	left
chr4	141942932	141950989	ac0a9c59-b5af-4187-b90d-66b6f47cc2c3	141936891	141958690	rev	8029	-3	left
chr4	148024990	148035150	bc7418d9-97a0-4c86-a1a6-0f4a7bb0483e	148017835	148035156	fwd	10112	0.628974	left
chr4	150715305	150725187	4a5c76d4-cca9-4890-be96-08bdc7160598	150715186	150733861	fwd	9860	-3	left
chr4	151873479	151878048	4c055210-4445-401d-968f-0e1937699550	151872997	151881760	rev	4561	-3	left
chr4	156435374	156441848	0169eff9-394f-4750-b1bf-7ebd87ceb81f	156435369	156445648	rev	6402	-3	left
chr4	157779006	157792990	52bd06d4-ddb8-4083-b1dd-d08a9cc0cf64	157778999	157796972	rev	13962	-3	left
chr4	159329559	159336242	85e68b69-b432-408e-86fe-ad2b8991ff09	159329552	159338897	rev	6640	-3	left
chr4	161516028	161526533	52273cad-906c-4d98-947f-eed355842763	161516024	161526539	fwd	10464	-3	left
chr4	163290661	163300232	a649b74f-a1a9-4bf7-b1b2-fdb8d90b74dd	163289693	163300236	rev	9572	-3	left
chr4	167976406	167984538	75672e10-86ad-40e8-ae87-098ea5e66157	167957877	167995697	fwd	8127	0.198387	left
chr4	177063346	177073114	3dccb64f-92a3-4b0a-a6ab-f68e1aea15ca	177063341	177073119	rev	9694	-3	left
chr4	178234075	178237573	a535e148-8394-4870-b00c-6f30cb5636c6	178234067	178243815	rev	3485	-3	left
chr4	179088552	179098998	23430331-cffa-40c7-9f6d-c99774d37d02	179088528	179099005	rev	10435	-3	left
chr4	183535587	183545836	5b96af25-5ced-4ad8-84af-3524fffd23e3	183528128	183548987	fwd	10217	-3	left
chr4	185706849	185719062	32f1ad7a-11d4-4943-9a0a-9b27fcd3887f	185706845	185722334	fwd	12069	-3	left
chr4	186738744	186747642	e6d6c222-fcba-4561-9ff3-af1126c23daf	186738720	186790443	rev	8901	-3	left
chr5	5166330	5177789	ca932184-e6c8-469b-b788-f4a3104e5cef	5166313	5179467	fwd	11430	-3	left
chr5	5196624	5208493	3211365c-3111-4dd4-ba26-e22f1c683246	5196617	5208497	rev	11747	-3	left
chr5	5468473	5482306	ba63f6c0-51b0-45fc-b9a4-7dcb2dc39524	5468468	5483439	rev	13823	-3	left
chr5	6621337	6630017	497ee9b3-db58-4d36-895f-89544591d64a	6621329	6637607	fwd	8692	-3	left
chr5	9211766	9228091	cbc28c9c-2a98-4212-ab27-72b0b26c9c72	9211748	9243015	fwd	16238	-3	left
chr5	9331575	9343086	a8509401-8db1-4d13-83b7-3cd9a1a942ec	9331571	9346149	fwd	11445	-3	left
chr5	9521759	9535385	6478328c-dc1f-47aa-b77b-0316d772b997	9521742	9542972	rev	13536	-3	left
chr5	9825043	9839947	4de2f1bb-5556-44ba-a47f-a1858a2298b3	9824239	9850140	fwd	14909	-3	left
chr5	10079968	10085578	47b23c51-ade1-4f4d-a4a6-685c3ca22510	10079953	10095990	fwd	5562	-3	left
chr5	11376523	11382406	471d87c7-d89d-4fd7-a3ea-7fecea6d15e8	11360586	11388055	fwd	5850	0.125827	left
chr5	11402207	11406083	8e0c1a97-b817-4dbf-b3b4-8a4b0911c6eb	11402203	11423966	fwd	3874	-3	left
chr5	13252187	13264653	d07e4997-ef70-4a91-9d3d-787dc59f3406	13252174	13302075	rev	12362	-3	left
chr5	13564222	13570534	b45ff076-5e95-4763-8b7c-db6178d68bae	13564218	13594298	fwd	6291	-3	left
chr5	16354972	16363257	5643f398-970b-472b-ac77-7959ea757e06	16346282	16381229	fwd	8248	0.914103	left
chr5	16412614	16420833	a40ba885-9059-4621-98d6-46827615b7aa	16412603	16424015	fwd	8189	-3	left
chr5	16473553	16487788	db9449bb-d142-459f-a687-849a4d0fb464	16472573	16493939	rev	14177	-3	left
chr5	16582046	16588179	d5ef6b73-36ba-499b-a940-5e98327d862d	16582040	16589234	rev	6101	-3	left
chr5	19795078	19806037	2bf81b63-c83b-4653-a4f2-af7806baa5c5	19792654	19810401	fwd	10964	-3	left
chr5	22501022	22512504	1d4869aa-b8fe-412a-aa05-27ee628d61c1	22464002	22515028	fwd	11430	-1	left
chr5	23348163	23354244	05026e8a-5dd0-4b25-ac76-8471461edf0b	23348147	23363916	rev	6088	-3	left
chr5	25941640	25949994	ecc91bd0-d5f9-4928-8e25-9f8e29b354a6	25940712	25955159	rev	8312	-3	left
chr5	27701124	27735236	d0abe130-a90a-4ce2-ae6d-99e55340ec9d	27701114	27735570	rev	33962	-3	left
chr5	28145805	28155259	63fa5e3b-76ff-4d9d-a2d4-b735291900e0	28145801	28156705	fwd	9481	-3	left
chr5	30369694	30379267	c8b23bdb-bc12-45cf-922e-9b29c5053abb	30369686	30379906	fwd	9588	-3	left
chr5	33277644	33288870	9bc9f47a-9aa8-415c-ba8e-c6455266550d	33262284	33314628	rev	11249	0.26901	left
chr5	34461846	34475842	f6c7d2e6-8852-410d-8e29-dce8190cdd78	34461841	34495821	rev	13835	-3	left
chr5	36402554	36416034	85009d40-f7d5-46ff-b4ad-d6e68d8df600	36398367	36416040	fwd	13446	-3	left
chr5	38290212	38299241	9889c005-1ecd-46c9-bdff-eb47ec63b050	38289315	38327500	fwd	8921	-3	left
chr5	41632944	41641372	321a4ab3-8825-4b0e-aaa2-63406cbe3799	41632938	41641377	fwd	8368	-3	left
chr5	42566432	42588471	aa1ce72e-86c3-48e8-b257-df1ed01169b0	42558043	42588481	rev	22067	0.070638	left
chr5	45056151	45063789	39a75284-1dda-495f-a141-ab73572c08cb	45054754	45102034	fwd	7617	-3	left
chr5	46390018	46398367	46fbd5fb-5e20-4966-83c6-85b05391526b	46390011	46398377	rev	8339	-3	left
chr5	49658570	49661854	94a8c165-6847-40eb-903f-92ad266fe1ea	49656261	49661859	fwd	3738	-3	left
chr5	50329139	50333879	ad85ea46-2cf7-481b-9dc4-d95d755cd961	50329131	50393342	rev	4675	-3	left
chr5	52129718	52137930	8d801e95-988e-447d-92d0-c3e82f86956b	52129707	52137936	fwd	8159	-3	left
chr5	52569581	52574942	a4e83855-6801-4b71-a86d-5d0c1805d433	52569572	52607586	rev	5317	-3	left
chr5	53410670	53417239	b91baddb-a329-4962-bc81-b3dd6980d028	53409314	53452116	fwd	6576	-3	left
chr5	59668126	59676141	2a8b51da-75c7-4fb7-9568-770e9d9b34b4	59668118	59698252	fwd	7976	-3	left
chr5	62193225	62209226	1e20f211-b131-45a7-a227-377e9b872ce5	62192676	62219418	rev	15959	-3	left
chr5	65612865	65626059	9f67db65-6f71-4a77-99e6-6e8f66d3b24f	65608214	65639340	rev	13149	-3	left
chr5	67260602	67278792	81483005-bfcb-4468-adc7-f6c2e42f654d	67260317	67278796	rev	18470	-3	left
chr5	68084238	68091262	14061715-ddba-45ae-b206-a8b7f9f93cb7	68062806	68096326	fwd	6966	-2	left
chr5	72251265	72262250	b68649cc-d696-49a6-806a-4dd732f66e97	72251023	72262775	fwd	10926	-3	left
chr5	72750630	72768669	32241255-b8af-4e23-bf1b-fce37bcc2408	72744924	72804241	fwd	17926	-3	left
chr5	76559614	76565371	73661e1c-9707-4bed-b4b4-e3f9c01b017e	76559610	76578120	fwd	5661	-3	left
chr5	77671066	77681443	a0739101-8b71-4b09-b142-612117e3cfd0	77646452	77681449	fwd	10341	0.197839	left
chr5	79876437	79896481	cd1d4594-ccd6-4547-a046-f4e488a6d7af	79875916	79899437	rev	19936	-3	left
chr5	81117674	81129405	a985e790-97dd-4e41-b965-584a7da021e7	81116698	81130714	fwd	11679	-3	left
chr5	85221861	85235237	ee3b7262-d734-49d1-82f3-2245dcfd4838	85221849	85240256	rev	13366	-3	left
chr5	88320287	88342954	7254f159-f168-415f-8bf2-d8fc18648886	88316490	88347328	rev	22538	-3	left
chr5	88805540	88818247	1084417b-6578-4088-9366-998a87b50a08	88804687	88818251	rev	12694	-3	left
chr5	90314414	90323132	ab4cf625-d1fc-46cd-8913-7f9bb71f344a	90299095	90329159	rev	8659	0.159258	left
chr5	90875036	90905075	c87a54e3-add3-4fe1-9e03-bfc1cb26e3ec	90869619	90905872	fwd	29778	-3	left
chr5	101459234	101472757	49f74a7c-1e34-495b-baae-acdee1b9a049	101459228	101472761	rev	13449	-3	left
chr5	104281262	104293129	2b4382bb-55a2-4024-8b0c-dff1e3ce55aa	104281256	104293215	rev	11865	-3	left
chr5	106181542	106187245	ee5bc279-ab32-4be5-9a06-639a95120617	106168068	106188509	fwd	5636	0.680002	left
chr5	110439707	110445523	fbbea267-284f-4999-affd-2f4f422be5e7	110439699	110472850	rev	5744	-3	left
chr5	111144768	111153283	3cf3c867-da4f-4aeb-87c2-a40f3cbdaf77	111144759	111159072	fwd	8486	-3	left
chr5	113281757	113294238	3424c9c6-65fb-4d01-9c9e-96b17464914a	113281740	113302230	fwd	12506	-3	left
chr5	114389826	114407983	cdec1241-4864-46ff-bedd-24ff3705cb25	114386876	114407994	rev	18176	-3	left
chr5	114819467	114832211	d894ae6c-4c21-4f9d-8b4f-94a42544d5a8	114819462	114832215	rev	12736	-3	left
chr5	118190008	118205612	e7b19ee1-806b-4cab-84ef-d1bea26f4b64	118190002	118226508	fwd	15576	-3	left
chr5	122447619	122453791	38ab9480-b2c5-4e96-be4a-c6d6698e25b7	122447610	122462488	rev	6123	-3	left
chr5	124314423	124326331	dbb4ad7a-8a0e-4206-8dcb-041202e44847	124313905	124346351	rev	11880	-3	left
chr5	127815699	127836636	e977eed1-acef-40e5-888a-4c106809f60f	127812200	127839752	fwd	20900	-3	left
chr5	133385616	133396967	ec664450-6994-4acc-ab71-f1973007312c	133378103	133396973	rev	11258	0.059586	left
chr5	135267963	135280438	723ce6ac-6a8f-4505-9f6a-57d764def9d4	135265831	135280572	fwd	12511	-3	left
chr5	142613539	142626465	c1ae3822-d7ab-4ea8-825e-db7a30df5265	142608222	142628058	fwd	12917	-3	left
chr5	151562677	151574482	3772c7e8-2418-49f9-8a5c-5a575f19ede6	151561836	151585014	fwd	11767	-3	left
chr5	153488164	153497262	3282c977-b514-45e6-8734-86212da4075b	153488127	153498732	rev	9032	-3	left
chr5	154627287	154636257	8b642559-c904-4e26-b83e-a1edf14025a7	154627281	154645827	rev	8956	-3	left
chr5	163019341	163027398	c3dae00e-646d-4bf0-90fa-57cabe5fa35f	163019333	163038071	rev	8025	-3	left
chr5	163127076	163139750	f8aa8914-7b9a-410b-962f-bcffd6873849	163126535	163139754	rev	12648	-3	left
chr5	174050974	174056120	5abaed00-4861-4db6-a611-95abacd2582d	174050969	174068214	fwd	5130	-3	left
chr6	1912742	1922313	618eb27a-026a-4216-a0ad-f722964062b9	1911067	1927939	fwd	9516	-3	left
chr6	1999908	2007421	9d74ade4-28d6-4828-b769-e7bcd0d60902	1999903	2012983	fwd	7499	-3	left
chr6	3488461	3496903	48996740-ac7b-4a1a-a93c-9b9ac41652b5	3488453	3501893	rev	8299	-3	left
chr6	3702611	3715969	cb8e264f-5029-4eba-9eb2-573c45c007f3	3693591	3718508	rev	13198	0.150118	left
chr6	13694263	13704616	743c3f98-19c4-4a40-b841-0a4f467716fa	13689651	13714305	fwd	10320	-3	left
chr6	16708585	16731214	48c64354-e06a-4059-86ed-f71166c5c216	16707825	16731223	rev	22534	-3	left
chr6	17188534	17200285	5c1d82fc-6722-4c9b-904c-73ca658947f8	17186979	17200289	rev	11722	-3	left
chr6	23601790	23619213	f05d3420-3cf3-41f0-ac93-4fed96211f31	23580951	23624380	rev	17199	0.091865	left
chr6	25013185	25024495	22df39e9-ac5a-4540-984a-37ff42ad9b13	25011941	25026672	rev	11305	-3	left
chr6	26852041	26857234	988c9cc7-2d89-4e92-bff3-cf68569ec454	26847334	26865907	rev	5112	-1	left
chr6	35259886	35273677	a5b6ab18-d982-426b-ba57-5d2fa9716c3b	35258019	35276309	rev	13672	-3	left
chr6	41030736	41041351	c40d2ee3-aafb-4396-9ebd-26a919f37b1a	41030730	41042082	fwd	10592	-3	left
chr6	41433822	41445422	46cbf326-d5e7-447b-9d0b-ba3f00a0ff48	41409624	41452174	fwd	11576	0.837629	left
chr6	44826000	44833314	21735826-015c-411d-ac03-d08ffc914479	44813200	44833953	fwd	7246	0.306518	left
chr6	47220899	47237611	9a15f958-4144-4d77-b0fe-73e17b9f4e59	47211853	47242424	fwd	16623	0.04395	left
chr6	51110053	51139828	8b7eae95-1ed8-4997-8c03-00f419007517	51108035	51147397	fwd	29616	-3	left
chr6	51342890	51352714	004d2237-536c-473e-b3e1-24c4156e586d	51342755	51367410	rev	9774	-3	left
chr6	52622852	52630745	fc13d9b8-f9a6-4515-a9fb-6cb8f5d4b1be	52589694	52630763	fwd	7877	-3	left
chr6	55889818	55915011	f93a21c4-6175-47b1-860b-676f377a358e	55889813	55918134	rev	25138	-3	left
chr6	70303827	70313194	b49f0d26-7e36-4e7a-a2d3-10ab6d0fd5b6	70303818	70314459	rev	9304	-3	left
chr6	72873359	72893169	78ddcbac-b818-48d6-bc40-f963b4d233a5	72873345	72929069	rev	19762	-3	left
chr6	73507876	73516899	45167189-e763-4bf8-88e1-78207f151763	73507851	73522620	fwd	9028	-3	left
chr6	78236200	78246107	eee4b442-1f0d-410e-ad86-c0c137acba8c	78236196	78255119	fwd	9899	-3	left
chr6	91742745	91754146	03accb85-9390-4295-88cd-ac66344f1810	91742731	91756173	fwd	11250	-3	left
chr6	99218826	99228314	e84fca6b-3819-4712-aa6a-e761a6367198	99217523	99242333	rev	9474	-3	left
chr6	100139812	100152198	f5f4298f-5609-4fe4-a365-c7888ca219ae	100132297	100152204	fwd	12310	0.054867	left
chr6	106732526	106741164	9b6de719-f389-4c5e-9221-d4d32bacf8eb	106732513	106751709	rev	8581	-3	left
chr6	108067753	108088749	ff21b395-7206-4cc6-85f7-666a3dcb655d	108055333	108098435	fwd	20841	0.176625	left
chr6	110739086	110753206	1ebe3d4b-734a-4685-a276-085722adf0c2	110727049	110766715	rev	14085	0.275887	left
chr6	112388331	112407479	e93ecf64-65dc-45f8-abc1-f8128145e95d	112386076	112411333	fwd	18944	-3	left
chr6	113416985	113430038	545607ab-08ad-4c9e-9962-7350780ab49c	113416974	113430043	rev	12942	-3	left
chr6	114004747	114015306	4c623565-b227-439d-8f81-95a0774613fb	114004742	114015310	rev	10468	-3	left
chr6	117068532	117074893	a3fc5128-ff3b-4acd-9796-16b9fd37acc4	117068524	117074898	rev	6334	-3	left
chr6	120255900	120284398	79e5bf6f-0ce6-4101-94f3-35618d358532	120254298	120300363	fwd	28642	-3	left
chr6	121879052	121888378	c7ef469c-85ab-47e8-b295-a97435fb0ed8	121861525	121911644	fwd	9279	-1	left
chr6	124268350	124278274	00b1fb56-598a-4723-82b4-16aa103022b3	124265422	124281979	rev	9900	-3	left
chr6	124300804	124320051	5891690a-0e1f-4f53-8775-11244dea649f	124300799	124320058	fwd	19156	-3	left
chr6	133721978	133731435	52e0f209-8a93-4325-8cb6-fc60251bbe12	133721973	133748248	rev	9417	-3	left
chr6	133787830	133801986	c5cb2d4f-49d2-42f7-964d-9878db4217b5	133787824	133802862	rev	14148	-3	left
chr6	139680561	139688644	e0bbf786-dd22-4dda-9aa1-f8cf166e3fe5	139680556	139699459	rev	8007	-3	left
chr6	140734697	140741452	be62ccd1-bf91-4a6e-a9be-241847bf514e	140734692	140741460	fwd	6745	-3	left
chr6	142115093	142126145	8fcec37c-cc73-44fb-969c-5a00572932bc	142113715	142130989	rev	11022	-3	left
chr6	145488478	145491745	587b5dd4-fd3d-40b2-9e15-d1f9c7463461	145480038	145509840	fwd	3230	-1	left
chr6	146544918	146552830	ca231d69-892a-42e2-9b9c-be75797d4704	146544911	146559086	rev	7869	-3	left
chr6	148173199	148188866	b6449754-d3ce-403d-8280-e5098a3c5aec	148173181	148191774	rev	15653	-3	left
chr6	150694400	150702785	a56e906c-19c7-416c-b164-0e1c367d189e	150694396	150712994	fwd	8315	-3	left
chr6	157350761	157361113	b45685a0-f466-4335-86e3-e39d5755b490	157350751	157361119	fwd	10280	-3	left
chr6	165671155	165686558	a2153a4e-f355-4301-9d0f-fc8c594a9df8	165655183	165694459	fwd	15881	0.067623	left
chr6	166146192	166163993	4d7871ac-f2b1-4179-8644-e382ea31ad01	166145242	166183244	fwd	17787	-3	left
chr7	9824904	9841588	6332605c-f038-4bd9-919f-4691c2f91314	9824896	9871249	fwd	16597	-3	left
chr7	14752861	14760693	b2ab54c6-d4ce-4448-b74b-7884eff6a344	14752856	14764889	fwd	7838	-3	left
chr7	15489958	15495803	1d5885aa-2cce-49f8-919c-ee926ab53f3b	15489946	15495808	fwd	5781	-3	left
chr7	15815565	15828738	5c719ed1-67a7-40c0-b53a-d2c79d1d1626	15815554	15828744	rev	13113	-3	left
chr7	19782735	19799218	dc24b377-0407-4a57-865e-383d8394744e	19782728	19799225	rev	16410	-3	left
chr7	20103657	20113794	9f271fa4-d842-4cc6-951a-bff13f2a74b8	20103652	20113805	fwd	10097	-3	left
chr7	21456005	21463944	43ae0014-2366-4d40-b525-9c2e7df02c53	21441341	21472049	fwd	7864	-1	left
chr7	26511634	26529514	c42d08c7-03e7-4710-ae04-b644f4ed93f8	26501109	26529519	fwd	17807	0.105604	left
chr7	31797894	31807111	fc41b800-893d-43c8-b684-056a7107d1d6	31797880	31807118	rev	9198	-3	left
chr7	32033044	32041090	3e518182-4a86-40d9-b236-1a0906ad5a06	32033038	32043264	rev	7989	-3	left
chr7	35285820	35292259	5b832f6c-536c-441d-873b-c6cd8e9da5e7	35285809	35305032	fwd	6365	-3	left
chr7	38141341	38150442	736e136a-1db3-4610-9c6b-7f7bb9a33cf2	38140680	38150446	rev	9072	-3	left
chr7	53953679	53969205	e9380d2b-5fd0-44d3-b68a-dcd6ebb93b75	53933490	53978634	fwd	15423	0.13804	left
chr7	54113657	54124821	f93881e2-63c2-4960-9964-1ea9ec95db6c	54091139	54128920	fwd	11113	0.130207	left
chr7	62349506	62358253	2224c52a-ef9d-4f46-ba05-7350bab12a5f	62343496	62358864	rev	6736	-1	left
chr7	67229006	67244763	a5e8c481-43ed-4e4c-99bc-6a0bc704156a	67219522	67246670	rev	13931	0.351859	left
chr7	77551454	77568784	f3ee778c-601c-4d74-b787-e8518e900c84	77551447	77568790	fwd	17245	-3	left
chr7	81910100	81925736	f2b2d773-8543-4921-8a32-d754a7f09ad7	81910091	81925740	rev	15566	-3	left
chr7	85458257	85472080	7bbbc146-61b3-41f6-b051-1af08933eb74	85445917	85474329	rev	13759	0.286464	left
chr7	91180181	91193037	014fb36d-8d90-4545-a765-137b60487136	91177286	91196207	fwd	12756	-3	left
chr7	99642460	99651338	d0999f65-8161-4b4d-ad84-7252c0c37975	99642453	99652290	fwd	8792	-3	left
chr7	105154170	105160858	1bae3693-73de-4438-af12-26bbadf1a0ab	105142290	105164323	fwd	6636	0.878574	left
chr7	107237959	107245775	10f41a6b-ba43-48f2-8ab6-d0b885056798	107237955	107245783	fwd	7795	-3	left
chr7	107515680	107523053	c5c3da6a-73eb-4e3c-8812-2eb2b8d18558	107506982	107524696	fwd	7383	-3	left
chr7	109864291	109881250	b2a2e4d0-b1a6-42dc-905f-dc06da903a5e	109864286	109897014	fwd	16687	-3	left
chr7	115328997	115349725	97b6cb4d-8ab8-426a-b4e7-6a46d32c995b	115328992	115349754	rev	20696	-3	left
chr7	115457347	115470019	47484781-e0b0-4d72-8bbf-5d4db693abdf	115457340	115473884	fwd	12651	-3	left
chr7	115706280	115732950	229b6673-6697-43b3-8e45-14ec7b08a2cc	115706275	115737853	fwd	26584	-3	left
chr7	115979573	115989338	ab9bf895-a2f2-4d2d-a0f3-2544346acd0c	115979566	115989343	rev	9723	-3	left
chr7	116540508	116549141	9b1c06ef-6da0-40df-843e-212ecda7e9a2	116538985	116549146	rev	8567	-3	left
chr7	119595161	119610165	c8945057-bfd0-45cd-94d5-57807554276f	119595154	119654348	rev	14920	-3	left
chr7	131274585	131281966	53cc5196-b2bd-4ac5-bf22-59685529eaad	131274580	131296026	rev	7397	-3	left
chr7	134310807	134317417	e6c61d10-8ae0-4545-b1d5-a372f1bdfa47	134309236	134322252	rev	6552	-3	left
chr7	135207476	135215217	3882dd51-a7c4-4d6c-8c7f-ef6331a0a68a	135207471	135248092	rev	7672	-3	left
chr7	138421386	138429405	066a0be7-5fcf-48d6-ab2d-61049b054174	138418291	138429413	fwd	7967	-3	left
chr7	145227255	145230461	8c7d0771-bb4e-432d-8fd4-a9dc1d46be2a	145225660	145234858	fwd	3199	-3	left
chr7	152426317	152436431	dd8ab725-e837-4143-9788-d0859b84d30d	152426312	152441036	rev	10072	-3	left
chr7	156047346	156062269	0be22511-a071-4f33-b294-5fcfa7464193	156046734	156081977	rev	14798	-3	left
chr8	11733949	11741566	cac82ab0-be10-4989-9256-7f58b66c7594	11733928	11747685	rev	7599	-3	left
chr8	14439136	14454564	cf8a7245-096d-4ec3-af5a-b8ba4b4481d6	14439127	14462474	rev	15272	-3	left
chr8	15295649	15307151	6b775256-d070-4275-b1de-cfa938f3f120	15295643	15314074	fwd	11475	-3	left
chr8	15351126	15358857	81ef290a-0f60-4cfd-bd92-effd472b1993	15347239	15372844	rev	7742	-3	left
chr8	18424061	18431491	4cc850b4-03bd-4ab7-8f9f-3e15ad36193e	18424049	18457530	fwd	7392	-3	left
chr8	21964079	21972910	e34cee08-f461-450a-bff7-d3707ad774c6	21964070	21991311	fwd	8775	-3	left
chr8	26197358	26221500	c9c76ae6-5da6-4293-b759-afd2bf53b39e	26192474	26223362	fwd	24237	-3	left
chr8	27742077	27754779	5afb3647-c882-493d-93cf-3e7874888bbd	27728564	27756345	rev	12624	-1	left
chr8	28136734	28154158	ad719b4a-313f-44bb-bc5f-1d9d00436883	28136727	28155581	fwd	17445	-3	left
chr8	31694012	31707136	088bfb79-518d-4749-9946-bd5c12fbcefb	31693269	31707148	rev	13102	-3	left
chr8	36681078	36697440	5808ca5b-fbbd-4b97-a058-37aa78178b7a	36681073	36704976	rev	16128	-3	left
chr8	37111909	37124280	86032f02-5e6a-48bd-8044-bc2a5e3cc364	37111904	37137699	fwd	12319	-3	left
chr8	37466109	37473005	0f9c74da-f042-498f-b36c-337277b3756c	37466105	37481448	fwd	6982	-3	left
chr8	40419736	40427350	329da86d-b854-4cc7-80b6-611d3f92a19b	40419730	40448205	rev	7615	-3	left
chr8	41101213	41110643	2b9ac0d2-ce56-43f6-b584-9ee4ec1c2a8e	41100246	41115238	rev	9395	-3	left
chr8	41216894	41232307	b75c2820-c352-45ef-996c-485f7b43c427	41216870	41241826	rev	14292	-3	left
chr8	46356435	46375887	dd1bcf16-962c-4849-bfac-1b4d1f17092d	46356058	46375989	fwd	19443	-3	left
chr8	51048191	51066103	25ae4947-e49f-45d4-8782-9fb8698107c2	51046933	51091490	fwd	17882	-3	left
chr8	51275105	51297706	7f1b1bfe-0afd-49da-bc6c-13c623c81d77	51275100	51297711	fwd	22574	-3	left
chr8	53796361	53805567	efde483e-302c-405a-8ba6-89abf8089dce	53796356	53807521	rev	9156	-3	left
chr8	55203286	55209031	50a09511-25c2-42b2-94b2-d9b2a544f05b	55203280	55209036	fwd	5710	-3	left
chr8	60563394	60574372	8ae8145c-0287-4eda-8d2c-30f1e5f328ec	60563387	60575238	fwd	10901	-3	left
chr8	65281414	65291681	847870cc-3422-46e8-a1ba-4663d5916fad	65281408	65292479	rev	10196	-3	left
chr8	66194002	66199861	6ac24785-ccab-42ee-9145-80d9b60777a3	66193994	66204765	rev	5877	-3	left
chr8	68996235	69000560	bf98c988-8871-477f-836f-91403c7a6eb0	68995738	69019226	fwd	4300	-3	left
chr8	69183600	69195522	1cc167cd-9fb5-4c13-925f-d716c3b926fe	69176116	69198326	rev	11838	0.368081	left
chr8	69472066	69479949	3d4e7709-3114-459c-8ced-7aceca1e4a78	69472060	69491843	fwd	7908	-3	left
chr8	69940799	69954371	0ac7231d-b86c-4568-a8ec-f58fdfcc3113	69939807	69974351	rev	13556	-3	left
chr8	70221176	70234248	f843a4f2-2994-40ef-9a3d-8c306de8149d	70221171	70238168	rev	13013	-3	left
chr8	72874183	72912274	1c5b05bd-867f-4cef-a4ff-68fff0842646	72857698	72925118	rev	31957	0.377042	left
chr8	85905251	85917237	8e64c998-e983-49d1-bcf2-e92709a53a10	85905247	85918378	fwd	11955	-3	left
chr8	89474203	89486467	525b109d-f950-4e7d-8a8b-097fc0b3cf2c	89474198	89488966	fwd	12241	-3	left
chr8	93113383	93121320	9dcab4f9-56b7-4a4b-9c26-e708d68a0d87	93113371	93127469	fwd	7937	-3	left
chr8	93346520	93362729	c9bda447-e00b-4ad5-9d03-eb5dcec1841a	93346512	93368593	rev	16071	-3	left
chr8	94566053	94572037	8f01d672-8e5d-4545-a4f0-931dbc041d6f	94566044	94572053	fwd	5933	-3	left
chr8	96320844	96327649	5cbfbdce-73be-4ac7-80ab-4c4c4408b404	96318848	96337361	rev	6746	-3	left
chr8	97634705	97642510	e3e9dacd-7da6-450c-885b-5c749f6b9a79	97633872	97642516	fwd	7776	-3	left
chr8	98336164	98342587	319f2381-6f90-4a83-a230-e390c3d8c0cc	98336157	98351173	rev	6417	-3	left
chr8	100566003	100575281	7997ec8f-d6fe-4e2c-9f78-6f39fb01dfad	100565998	100578365	rev	9273	-3	left
chr8	100840698	100858484	cada5154-8b15-499c-9b9e-6d0d060158c5	100832995	100858490	fwd	17697	-3	left
chr8	100985551	100995966	2cb20293-b2c9-430e-b53f-99a49deb659b	100980071	101005506	rev	10340	-3	left
chr8	108666906	108670126	1b948fdb-a3c1-4a25-bc44-7865c4701f06	108666898	108679525	fwd	3228	-3	left
chr8	117967813	117980553	bb426387-1263-4dd6-bc25-d03aa805edb2	117967805	117993821	fwd	12738	-3	left
chr8	119851703	119860286	76b9b384-5a13-4e6d-8888-785673064fbe	119848255	119865971	rev	8547	-3	left
chr8	119983240	119998177	29470c49-1f44-468c-9890-acaa161ac0ab	119983236	120007015	fwd	14865	-3	left
chr8	126297832	126312303	1d93bcca-a1cb-4f83-bed0-aebc29e4c51e	126297828	126315817	fwd	14397	-3	left
chr8	126468380	126482468	6414ba7a-9557-44b7-8b37-b904b6c6f806	126438225	126482473	fwd	14075	0.429357	left
chr8	127322856	127335420	c5de4e30-47a7-434b-bf3e-0335306527b2	127322033	127335426	fwd	12511	-3	left
chr8	129964970	129971932	93f4c9ff-fbda-4a80-b416-736114ca6f58	129964963	129977828	rev	6980	-3	left
chr8	131886592	131898812	062ecc72-7cfd-45dc-b477-1fc5b7403e14	131886588	131900967	fwd	12201	-3	left
chr8	134364313	134379842	17b8a9f3-3f8a-4a51-8381-ed03d64c2cae	134364306	134384434	fwd	15457	-3	left
chr8	134495524	134503179	81ea49f8-3d12-4375-84ac-87bf0229ce2c	134495517	134505512	fwd	7535	-3	left
chr8	138473812	138485233	7bfd3c2a-64b9-430d-a09a-14aaf68d7a68	138473805	138487898	rev	11423	-3	left
chr8	141839120	141855114	fc4bfc20-c0d6-4029-b72e-7b4888204b58	141839113	141855124	fwd	15909	-3	left
chr8	141986285	142004213	13595be9-5cc7-46f4-9210-06b4e861c011	141982425	142004220	rev	17952	-3	left
chr9	2343485	2355623	6d3c0387-2fd4-4262-831e-84fd0b7ca7c3	2343479	2355628	rev	12419	-3	left
chr9	3742922	3754510	9be2bae9-fc78-4fb9-a9f2-36a1b7109337	3742914	3754514	rev	11551	-3	left
chr9	5660394	5669216	a498987d-485b-4fa9-aad1-3365c2ea746b	5660388	5681825	fwd	8755	-3	left
chr9	6260431	6274259	1228bd3f-0605-48b2-97e7-436efc28d446	6260425	6280306	rev	13792	-3	left
chr9	11506070	11524338	e7efdad0-8246-439e-9389-fdc92ddb409d	11504931	11528358	rev	18186	-3	left
chr9	16036204	16045272	db38818b-1c18-4f84-9f37-e258ecb91d2f	16035166	16059683	rev	8991	-3	left
chr9	20206750	20213229	4ab7fa6a-856c-4c57-b1c8-fa7d784adc04	20205655	20213235	rev	6396	-3	left
chr9	24635383	24640772	260eb3ba-b54c-4f00-8ff5-645b667612ff	24629442	24640777	fwd	5376	-1	left
chr9	24980786	24999481	d64521c8-1520-4b06-a039-020fba7867ab	24980781	25000894	fwd	18682	-3	left
chr9	25492771	25502059	355d800a-52f5-4a78-add7-2d286419b6f3	25492762	25518670	rev	9240	-3	left
chr9	26354071	26360424	f65b541e-43a9-4037-b24f-74ded831cc9a	26354067	26369418	fwd	6338	-3	left
chr9	31832135	31847960	32258c7b-2e9d-4284-8d46-ebbd9d1a5857	31820139	31847965	fwd	15752	-2	left
chr9	32669790	32680641	027b7c9d-13dc-4709-b854-2142a7cd8f18	32669783	32686255	rev	10804	-3	left
chr9	32778021	32789789	e6504ec1-f345-4ad5-8592-cc3d8e3c2f65	32778017	32793575	fwd	11724	-3	left
chr9	35653284	35660359	9f9ec0e1-eacd-43de-855d-1ecd602ca2de	35652739	35660370	rev	7005	-3	left
chr9	35870814	35881529	1f5788c0-e79e-4b41-9b52-f7fa19f51ecb	35870807	35881534	rev	10729	-3	left
chr9	38590090	38608179	6c97a5ea-eee8-418d-8694-25d339b0272a	38580220	38627120	rev	18051	0.122319	left
chr9	42994428	43002027	52ea2da5-34ad-4728-a04b-465ccb64b5eb	42993225	43002034	fwd	7529	-3	left
chr9	76880500	76896788	bd0560c2-3d10-48ae-adb6-57c9dddccae9	76874813	76896794	fwd	16267	-3	left
chr9	82803247	82821063	fded0eb3-1974-438b-9e97-9995f9e476ea	82801444	82821068	fwd	17722	-3	left
chr9	85598205	85622367	b2c384d8-9492-4d37-8ac6-d376f34b19c8	85598201	85622377	fwd	24134	-3	left
chr9	87719375	87727727	586e20e6-3a7e-4c10-bda7-3eeb33677820	87719370	87731046	fwd	8339	-3	left
chr9	89426100	89432110	b6415fc4-014f-44db-8d1f-5d7457967faf	89422981	89453843	rev	5956	-3	left
chr9	94067906	94076027	cd5469f1-8102-4d3b-8454-96f71ff9d734	94067901	94083705	fwd	8111	-3	left
chr9	97021647	97026727	56d9bf15-9b89-4ef1-82fd-2509ebdb48f5	97021638	97044383	rev	5081	-3	left
chr9	97992964	98005949	c5277aeb-f842-41e9-867b-e7acc616ae3b	97991219	98019858	rev	12921	-3	left
chr9	103136037	103145745	668b378d-f1c4-419a-91eb-09c83da93bbc	103136030	103145753	rev	9640	-3	left
chr9	103392741	103413377	08ebe0d0-455f-4ca9-b4e9-c5eb89194f2f	103373653	103418419	rev	20564	0.467701	left
chr9	103753075	103759835	356fbb4a-dae3-467c-9231-9d687c09ffe1	103753047	103772069	fwd	6688	-3	left
chr9	108268501	108278227	58840fe1-2506-4ae0-a12a-27494d589229	108262790	108278791	fwd	9607	-3	left
chr9	108676899	108688664	899c2a9c-8ac9-40b4-aaa3-8fe8cbbd5183	108670791	108706919	rev	11685	-3	left
chr9	111212941	111218579	a6671c38-bb07-4e92-92d9-ef0dae9e2241	111212937	111224122	fwd	5583	-3	left
chr9	113384818	113396672	5a25006d-c0d9-4d24-9c48-43db4eefbbef	113382346	113413390	rev	11784	-3	left
chr9	117323554	117344598	ef8e7c68-b33d-4fba-8061-ce4741452a2d	117323310	117350906	fwd	20926	-3	left
chr9	118647153	118665472	68a0cf72-7904-45a9-bfe6-80b5839ee6f2	118637396	118674495	fwd	18128	0.120592	left
chr9	125617808	125631678	2ed1f8bf-1f37-482e-b46d-c9dc28c2becd	125607637	125647869	fwd	13920	0.768015	left
chr9	126102278	126113016	f709cbaa-c133-4852-8e3d-857d0ce6bb76	126094409	126126665	fwd	10757	0.984831	left
chr9	128622077	128627755	2cbbdd0c-9dbf-4e7b-bf09-27c28b7dd3c6	128620372	128632706	fwd	5653	-3	left
chr9	129007398	129035576	f04ed1ce-f98b-4bc6-9e58-c4720debf0a7	129007391	129045890	rev	28074	-3	left
chr9	131942507	131959399	36b3c447-cfa4-4688-9f46-e6d377e5237a	131935359	131959407	fwd	16860	-3	left
chr9	132163989	132177584	c8138a6e-3fd9-4ceb-986f-4973a6a91227	132163984	132177672	rev	13731	-3	left
chr9	132312168	132320019	f2608756-dac5-42e6-aeac-b9f1e757154e	132312164	132337289	fwd	7815	-3	left
chr9	134076173	134084801	538a9a35-5806-453e-ac96-cbf216934f56	134075025	134086841	rev	8553	-3	left
chr9	136728791	136738753	4e851d1e-de31-4240-90ba-5052f839fe47	136727836	136738760	rev	9929	-3	left
chr10	3352701	3359984	b46a5ae8-2aaf-4625-8d3b-9aeb44a459aa	3352692	3361860	fwd	7237	-3	left
chr10	6012675	6019350	922ae72e-1c2d-48e3-82fd-11f6df553a8c	6011957	6026746	rev	6576	-3	left
chr10	11211539	11216730	5b4a15d1-e77a-4a5d-b1dd-9207a950aa5c	11211532	11222934	rev	5176	-3	left
chr10	15347574	15358168	af07dbf6-18d1-449c-a867-838fb53f315a	15347570	15369523	fwd	10618	-3	left
chr10	15714113	15725823	ea236aa7-d994-40a3-9acb-b7093259ac48	15713727	15764301	fwd	11648	-3	left
chr10	26459610	26477392	fc658019-c582-4b2e-9148-219bdac50142	26450950	26492856	rev	17784	0.145869	left
chr10	27880908	27887685	06d0df35-9cd3-4d72-8b8d-a628efb2e75e	27863089	27892792	fwd	6758	0.212169	left
chr10	27997569	28022787	c6a5d300-6a22-422d-bef2-1e198551487d	27995592	28026113	rev	25042	-3	left
chr10	36499934	36510594	4309e102-d97d-4719-95f8-4e673c981a74	36499926	36510601	fwd	10622	-3	left
chr10	41883853	41898042	ae945a1f-518f-44aa-9195-a335914d4c9c	41878419	41904609	fwd	9576	-3	left
chr10	41882040	41884242	19189686-06da-4937-9653-78179ae02abd	41881813	41898802	fwd	2518	-3	left
chr10	41890479	41894958	19189686-06da-4937-9653-78179ae02abd	41881813	41898802	fwd	4178	-1	left
chr10	41882923	41887098	ad971243-02ec-4388-9c70-34f306949184	41882919	41897568	fwd	2520	-3	left
chr10	41905470	41907908	8274a84d-542b-4eb7-aa58-88139a704dd9	41904110	41916259	fwd	376	-3	left
chr10	42093170	42099663	a354f685-1685-4a8b-a707-23d0d723b21e	42072778	42099669	fwd	4886	-3	left
chr10	44126998	44147917	082d6fc0-1e34-4f9f-a71d-37818335eb38	44126994	44149863	fwd	20891	-3	left
chr10	45340712	45350199	e9c9bb2e-3b5a-4bab-95ef-4b49c5fffcde	45333987	45350203	rev	9479	-3	left
chr10	45526415	45537570	8e759479-7754-4c0c-ae42-e265a19e8716	45525868	45537577	fwd	11112	-3	left
chr10	46564627	46573941	738be5ef-0de8-45f5-9fcf-7b553ad95182	46563045	46592263	fwd	9291	-3	left
chr10	47754260	47769437	51d367af-3f2c-4657-a3e9-96c3c3f4f85d	47753255	47779903	fwd	15112	-3	left
chr10	50471734	50490477	a727cfe2-8c2c-4d3d-ae41-10c68287fecc	50470931	50493815	fwd	18673	-3	left
chr10	54448489	54456127	2f3c2a6d-06f3-4219-bdcc-ad16ffbe1797	54448482	54456132	fwd	7569	-3	left
chr10	55410839	55419726	d3dee7ef-6b5a-4415-abfc-f397bc0b90e1	55410829	55419733	rev	8811	-3	left
chr10	59733938	59738681	cef824bc-a2bf-4f85-af89-91af82d0fd02	59733933	59740526	fwd	4736	-3	left
chr10	63362957	63371256	de142b0f-1ccd-4fde-87c2-442d6e23ec3f	63362951	63371260	rev	8287	-3	left
chr10	68324183	68336757	3e4d5b92-f8de-4dcb-8982-26c086c9caac	68324175	68336766	rev	12512	-3	left
chr10	69067130	69072620	227c8fb9-902e-48cb-b03c-4537228f1e9a	69067012	69072630	fwd	5418	-3	left
chr10	75334303	75351381	806e2fef-70c1-43a2-908c-feb17b78608f	75334297	75371822	rev	16978	-3	left
chr10	77507221	77522870	7c290f19-d9da-4d36-923b-fae0624a958d	77507211	77523855	rev	15935	-3	left
chr10	81624477	81633813	5d781a47-a8b9-484c-bfdd-45127b89abe6	81617298	81634126	rev	9221	-1	left
chr10	83595878	83600767	74713568-44f6-46fc-94f4-20e754f27660	83582474	83609729	rev	4869	0.773791	left
chr10	85872743	85880427	c82785bc-51dd-4f7a-bd39-3a6b4f1a1290	85872737	85898571	rev	7688	-3	left
chr10	86195609	86206252	2b63f690-dfd2-4d59-9738-4ad2acf2d4f2	86195602	86222370	rev	10847	-3	left
chr10	87563444	87571634	136a452d-def1-4428-8519-71560de7b108	87560929	87580724	fwd	8153	-3	left
chr10	87953403	87967426	441dd2cd-3706-4c38-b5bf-66dee735e3ed	87953224	87997929	fwd	13874	-3	left
chr10	93371562	93384561	5c11814b-2c8f-4c71-99c9-a9458c4b0d5b	93369920	93384574	fwd	12961	-3	left
chr10	96193541	96216517	b33073b3-1b2a-4eaa-90f4-432239ded3c3	96191852	96216522	rev	22909	-3	left
chr10	96820723	96835993	59b1cff0-2cf8-43a0-9644-bb4d972a1db7	96820717	96838975	fwd	15223	-3	left
chr10	102335508	102342297	e0d3d35c-228c-4c96-ba1e-3252d8ffc859	102335502	102349582	rev	6744	-3	left
chr10	104015481	104027764	b5e3ed57-9af1-4a85-bd3e-f5aef7410991	104013681	104029265	rev	12210	-3	left
chr10	109775334	109788401	c328e9d8-9ef2-4fa9-8dc9-f300a93c1c6c	109764758	109793873	fwd	13029	0.729766	left
chr10	112893647	112899843	f0c69f26-edcf-4944-9c21-dd29cb1556a2	112892584	112926180	fwd	6121	-3	left
chr10	113477391	113488094	e3ae8327-7450-4057-8f0f-11dd8fb4e83f	113475823	113496256	fwd	10670	-3	left
chr10	116245993	116260618	e35cbb33-987c-4352-bace-383c35d9dc29	116208150	116265600	rev	14543	0.760974	left
chr10	116924026	116941684	ec0e02ea-9344-4570-8f71-e71cdfbddda1	116924015	116952565	rev	17599	-3	left
chr10	118131886	118138635	e4da17f1-50f5-4954-be9b-f183843236df	118131882	118144375	fwd	6728	-3	left
chr10	123584066	123593194	de8d4888-16e9-4fa3-aea3-79bbb607258e	123583973	123600811	fwd	9053	-3	left
chr10	123627676	123641046	02e4a93f-99dc-4c3f-9233-b290b6234774	123627665	123642027	rev	13302	-3	left
chr11	365080	374572	de9b0378-8256-4c4a-9bfa-367f26f6ce87	365068	379644	rev	9483	-3	left
chr11	4816119	4832771	aa81bcc9-eb7c-4db2-81dd-0b9eb118ed63	4816115	4850108	fwd	16552	-3	left
chr11	8835092	8856809	4b6d5cc6-a8e7-493b-98f5-f45ec814ae76	8823362	8866667	rev	21576	0.154079	left
chr11	9145088	9160210	d443b9ee-b2c6-4de3-90cd-489b52461f33	9133846	9169200	fwd	15058	0.097628	left
chr11	10850376	10861639	747feafb-bd51-4b62-8507-53c1efcaa055	10833783	10863826	fwd	11256	0.21714	left
chr11	15092034	15102775	a1e55f4b-1195-41c7-8cdd-fc93b22202b8	15092016	15105024	rev	10706	-3	left
chr11	16378736	16396479	295dd688-a7e3-4937-98f0-0f7bfcb5dd61	16374922	16400130	fwd	17631	-3	left
chr11	17358246	17373326	672c3482-aac2-493e-b661-2d0f80a0a47e	17358242	17373332	fwd	15021	-3	left
chr11	19179230	19191901	d660b228-b8fe-46ec-9714-4ad5a3d7ef16	19179224	19193561	fwd	12622	-3	left
chr11	19672473	19689222	026f7d1f-1a95-4994-b7a6-d179eeec8dd9	19653547	19711440	rev	16676	0.138423	left
chr11	26183760	26189357	9b68636d-360e-411a-b383-efda3d7026d2	26183732	26198437	rev	5591	-3	left
chr11	26995316	27002854	84284666-3c2b-4e0e-911f-db9b0357e947	26995310	27016174	rev	7493	-3	left
chr11	30217127	30227148	7cdbed96-e98f-435d-a682-13b5726c964d	30217123	30231137	fwd	10019	-3	left
chr11	31976624	31985588	6ad380f0-3658-44e6-82cc-a5e4cfb61e19	31971482	31989183	fwd	8937	-3	left
chr11	34584084	34598655	665b3142-5ca0-420b-8f4b-5bbc4cdd5dae	34583152	34646298	rev	14501	-3	left
chr11	35591106	35599142	5cb7d400-6097-402d-ae4c-cc44d971996e	35591100	35605960	fwd	8026	-3	left
chr11	41308922	41329741	0d7b6028-22c3-4486-b308-38a6873a9559	41307935	41329752	rev	20765	-3	left
chr11	45190660	45204509	456f53e1-7479-4423-9f9f-f4f81a7a42bc	45189746	45204516	fwd	13787	-3	left
chr11	46866701	46885740	ff8e06f6-a91d-42e3-9208-0001b083771c	46862955	46885748	fwd	19009	-3	left
chr11	47160853	47171922	93262726-bed5-4b52-8412-2e9ddea70775	47160063	47171926	rev	11009	-3	left
chr11	56599625	56616339	4589eba7-80dc-4012-8238-ea86ef31c59d	56599060	56621121	fwd	16555	-3	left
chr11	59251675	59261483	7a6e2d79-4929-47b4-94a6-89545182cf2e	59251428	59263450	fwd	9697	-3	left
chr11	67226965	67240256	db8ca4fc-4b32-4c08-b2fd-8dcd6bf188e2	67222955	67240453	rev	14995	-3	left
chr11	68521609	68536459	e0b36ce4-57fc-4a23-8085-d3ecc792a615	68521536	68551832	fwd	14767	-3	left
chr11	68877227	68886342	e679de94-c015-4371-a1d5-bc2ec6daf3c1	68877221	68892714	fwd	9112	-3	left
chr11	69601331	69612854	be1ed905-1d38-44e8-8c10-beb509dc3e05	69601324	69612860	fwd	11464	-3	left
chr11	71211930	71221548	5c189aa1-23af-4c80-892f-5a04de745422	71211917	71226613	fwd	9577	-3	left
chr11	73679821	73689557	3e157cf8-1841-4a62-8790-6bd67eb2749d	73678203	73692206	fwd	9762	-3	left
chr11	76400398	76407476	90915c08-897d-47ee-8d98-556fac38dfd5	76400391	76407486	fwd	7041	-3	left
chr11	76611519	76619801	acd7febb-2a50-4d20-8c43-599d3830556c	76606080	76656029	rev	8554	-3	left
chr11	76639110	76650059	c1f4246f-c315-4f26-a3b8-f4a59ef4aecb	76622771	76652169	rev	10886	0.977462	left
chr11	77397436	77404757	6d9ee358-cabc-4782-904b-e65f190eebcc	77397429	77419209	rev	7321	-3	left
chr11	77809875	77822559	82dc3119-0b1c-46d3-b3b5-fb9b87256033	77809839	77823974	fwd	12616	-3	left
chr11	77811810	77824272	08de6824-cd35-4515-9d7f-0676d05779a7	77811805	77824281	fwd	12419	-3	left
chr11	81416256	81433853	b61d3930-e591-4944-b12d-fad3702c875d	81385878	81433860	fwd	17622	0.186041	left
chr11	89140620	89152190	e79b9ace-e458-46ad-b544-b0ad9433bfed	89140613	89157739	rev	11442	-3	left
chr11	92851930	92877754	ae0cbaa7-1e67-4f0e-b01e-74516e726339	92851925	92885077	rev	25590	-3	left
chr11	93071786	93079217	8aff4f02-dfed-400f-b5ec-fa0df476b258	93065439	93082732	rev	7437	-3	left
chr11	101902617	101911092	7a2e04e5-3bdc-4be0-aaf2-10f5cef5c963	101902610	101913578	fwd	8400	-3	left
chr11	102757258	102768187	1d3ba937-b142-42f0-9647-a20a6653125f	102756625	102768521	fwd	10941	-3	left
chr11	103085803	103094390	14b08f2f-3176-4e0b-ac0e-849c8147cd7c	103073574	103094397	fwd	8565	0.736162	left
chr11	115608443	115611985	f86f09d1-67d5-4175-9771-cbb5ac1aff9a	115590434	115611992	fwd	3496	-1	left
chr11	116597863	116608349	d0d15d90-44dc-4662-a484-70fda7139d8b	116584346	116611800	rev	10418	0.081796	left
chr11	124052748	124072322	f6996718-df63-480f-89f1-1f7eefbcd38e	124043952	124073868	fwd	19414	0.088007	left
chr11	126009720	126020410	4e7b6824-f9a6-4df8-b726-4f52b5fd03ef	126009715	126020415	fwd	10674	-3	left
chr11	127051585	127068915	eacafbca-6f65-46c7-bbcd-aa45d88f35e8	127051581	127099893	fwd	17203	-3	left
chr11	128615372	128634176	dd33df3d-6333-494d-a06b-1602ab442bff	128615366	128652480	rev	18724	-3	left
chr11	133586606	133603477	65597321-4123-46b1-a9f3-3cfe4fa8dc14	133586600	133641055	fwd	16773	-3	left
chr11	134581491	134586994	361b83a6-d7ee-4deb-a9cf-6367789fc7d1	134581482	134587704	rev	5493	-3	left
chr12	5332707	5344090	21c157c0-824e-4b55-9e71-6ecd210a839c	5332052	5344110	fwd	11331	-3	left
chr12	8909555	8923562	b7628a6a-bddb-4b48-a5d1-4fada64f6fa9	8909546	8933152	fwd	13889	-3	left
chr12	9671480	9682737	ab00db32-06f1-42b3-a8f0-92a7ce6e9bd8	9670737	9688743	rev	11208	-3	left
chr12	14790493	14814172	2fa4e82f-37ee-4563-9449-3b82597e608d	14779989	14847287	rev	23563	0.227898	left
chr12	18944875	18955202	d39292ce-6ba7-43e4-801f-cf44c7d35a8f	18944869	18955229	rev	10290	-3	left
chr12	26718656	26725752	0b71a0a8-a7eb-471f-8998-fe655bf35e9f	26718648	26737967	fwd	7069	-3	left
chr12	26752075	26762847	8ebd9dd5-d04c-4ccf-9cf7-b7d36ab9ef6a	26752036	26762855	fwd	10702	-3	left
chr12	27638039	27653287	1200c119-ef4c-47ca-93dc-ec4015e017d5	27636493	27655491	fwd	15173	-3	left
chr12	28545113	28560194	cd85ec0c-be8c-4449-b0f2-32ee706ca982	28545108	28568329	fwd	14951	-3	left
chr12	28528578	28553305	532d42c2-0c3d-4646-8aa8-0fe6352e16d6	28528332	28554456	fwd	24685	-3	left
chr12	32559022	32575028	539cf19a-e352-4233-9584-23c21297beba	32557158	32583880	fwd	15919	-3	left
chr12	34060234	34072005	afbde16c-535c-431a-ae35-2e562a4713b8	34059883	34076222	rev	11682	-3	left
chr12	41074936	41079895	14752c3d-e629-4a63-92d3-0c4c5915a46c	41074400	41088375	rev	4979	-3	left
chr12	43072682	43081203	04d2cfa9-e430-47ff-8928-d6a2e801cde7	43072677	43102463	rev	8433	-3	left
chr12	50660682	50669278	a57b7203-c3ec-4373-9e20-cb55e796851a	50633400	50670162	rev	8587	0.45525	left
chr12	53905686	53914629	5868d7b4-418c-4f90-8c72-4ec295be079d	53905678	53917128	fwd	8914	-3	left
chr12	53970306	53989678	e49f5538-7c00-4e2e-a849-c930376c8b4a	53949460	53994932	rev	19212	0.431247	left
chr12	55688032	55700499	99a20016-52a5-41b1-b0e0-06bc7910e882	55688025	55701739	rev	12410	-3	left
chr12	55699136	55707531	41a61904-d2b8-4213-81d2-0e02b3723b63	55699125	55707536	rev	8358	-3	left
chr12	58563226	58576603	be19e960-33ef-4231-ad8f-d7c5368dcc8c	58563216	58576608	rev	13334	-3	left
chr12	63658817	63674972	81c3666c-7005-45a0-8519-a9e03a217fc1	63658174	63676238	rev	16052	-3	left
chr12	71412749	71422575	8ca5dc3f-0694-491b-bbad-e6d39f191d8a	71410634	71428271	fwd	9881	-3	left
chr12	73220749	73229489	692421ef-766f-4895-aca5-5d2c5dccf3a3	73220742	73230195	fwd	8729	-3	left
chr12	75438764	75443061	cfb7db25-ae87-46c4-ae9e-c65df37e0e42	75437891	75471780	fwd	4262	-3	left
chr12	77594751	77603450	e528865a-ac14-4be7-b203-5bfc004758e4	77593204	77612883	rev	8677	-3	left
chr12	82464761	82475849	e1334584-c349-48db-b2e4-15a08c7f3568	82462184	82475855	fwd	11008	-3	left
chr12	93150192	93159611	279764b4-f136-4771-9661-ad9bb729cab6	93150187	93160348	rev	9313	-3	left
chr12	94106595	94122367	41f6087a-1acb-467b-aa5c-2cc0019f3b53	94105885	94126339	fwd	15682	-3	left
chr12	101521892	101535337	956335ba-f809-4249-9f8e-f0fe5f190b4e	101521759	101535342	rev	13398	-3	left
chr12	106276909	106285348	84635978-d3f4-4f7d-9d31-63db977c1ccf	106263660	106297209	fwd	8393	0.677071	left
chr12	107562202	107571006	4aabdb70-05db-4eb9-b34c-11eeb9dd4faf	107562163	107571011	fwd	8765	-3	left
chr12	112254214	112259841	3bf691fa-8231-44b5-906d-81bd8ca9dc51	112253059	112285169	fwd	5533	-3	left
chr12	114725411	114733922	9087a078-bee5-495d-8256-9dd452751dca	114704135	114738839	rev	8496	0.177364	left
chr12	116338949	116358737	9f74ebca-780c-4b53-9e48-cd292fae8877	116338934	116364495	rev	19708	-3	left
chr12	116611662	116619967	fa173c12-1ab7-460d-a11b-64d204082dcf	116611064	116619972	rev	8258	-3	left
chr12	117954631	117971074	af8526ea-8728-4d59-a180-aa45dcce7852	117954619	117971127	rev	16312	-3	left
chr12	122247056	122254729	fc794f88-0184-4663-91d2-2db96c640084	122247049	122254734	rev	7665	-3	left
chr12	124202473	124211295	e4f1a0d5-ffca-4041-a97e-ab92412eb198	124196738	124244872	fwd	8735	-3	left
chr12	130008875	130016935	5d91ca78-c795-4be9-a99d-6a2fcb25f949	130008854	130017658	rev	8057	-3	left
chr13	26271434	26286298	034ed652-bd47-40ab-ad31-e9b54f210285	26271425	26286893	fwd	14767	-3	left
chr13	29648889	29665881	aec0a228-10e1-4e23-a44a-57282e1a9848	29635263	29665893	fwd	17096	-2	left
chr13	44318867	44328657	5989d6e2-f7c3-4d59-8d90-2930cc42baac	44317904	44330422	fwd	9742	-3	left
chr13	72305589	72313530	e08d3c8e-6a07-4d8b-99f8-b757a103571f	72295621	72331298	rev	7886	0.970253	left
chr13	74381623	74393894	45787cea-8ba0-4691-9911-2e08a17cf635	74381609	74403147	fwd	12217	-3	left
chr13	74714133	74726487	7515a5d8-d54e-4006-909d-af7cfff2c01f	74709125	74726496	fwd	12323	-3	left
chr13	76814523	76822922	bdde1148-2787-41ec-984b-dd9c2940f24a	76814516	76824021	fwd	8425	-3	left
chr13	77368297	77374797	a509294f-3005-43b4-a9ba-3a2ba401ad6b	77367156	77388371	fwd	6493	-3	left
chr13	78075409	78093075	36337a9f-7a5d-44ad-8ac8-37f9e5d9da7f	78008093	78094616	rev	17655	0.382624	left
chr13	80706149	80714396	e22cb007-8d40-4a3d-bef6-24dd4661de4d	80697853	80724276	fwd	8316	0.700354	left
chr13	81761162	81765036	27061595-ca0d-4408-bcb4-864cc1f5196e	81751715	81765043	fwd	3854	-3	left
chr13	85734072	85751784	29937f27-5bf9-4885-bd0d-24e5802eecf6	85732897	85751792	fwd	17493	-3	left
chr13	87453095	87459861	a7af6046-f44c-4cdb-8f26-37fc761ca29c	87453087	87463618	rev	6723	-3	left
chr13	91108253	91124446	8ff83b9d-9a91-43cb-baf0-cde45b1c9a3c	91103116	91141487	rev	16058	-3	left
chr13	105145384	105156184	667fdeae-e849-4d16-8917-4ead3096b6b5	105144799	105162048	rev	10827	-3	left
chr13	106819721	106824869	0040a517-78a4-43c2-bd65-0573bf7a5975	106819715	106824875	rev	5139	-3	left
chrX	4446510	4456350	15f861d1-777a-41f3-b27d-9816cd983de0	4446504	4458963	fwd	9827	-3	left
chrX	4724906	4737066	f5045e12-432c-46a9-8963-0e3928cc4e0d	4724894	4738902	rev	12116	-3	left
chrX	11631915	11658469	55ede925-ab9c-4aaf-96b0-68acdcd08762	11629294	11663990	fwd	26417	-3	left
chrX	13788489	13796411	9bda3e92-7743-4e41-93ee-c8e0e20d31e9	13786183	13796420	fwd	7909	-3	left
chrX	20333555	20345912	cbd01dac-92c6-47dc-ae9c-9743e511b366	20333549	20348454	fwd	12253	-3	left
chrX	23086078	23091268	3bc713f5-f33b-4330-a48a-31f0ed80a082	23086070	23100142	fwd	5181	-3	left
chrX	30825587	30832557	062d76ad-4317-4921-be3f-3cc63b09233b	30825575	30835423	fwd	6926	-3	left
chrX	31003316	31009981	f7bc0ad1-8dd8-4556-8863-9c9153d130e4	30983922	31013231	fwd	6634	0.026507	left
chrX	44136335	44153949	377d8419-0838-4fc2-9052-b3460ad165e1	44136271	44164107	fwd	17519	-3	left
chrX	51222337	51233902	b8169338-6b24-4e7e-b0d2-67b2ea028246	51221819	51235408	rev	11549	-3	left
chrX	55187584	55199806	7e02a6d8-af40-4808-b990-33806c845526	55185294	55202683	fwd	12152	-3	left
chrX	56423202	56433877	da7f782c-1b50-4b16-87fc-0cb71576b56e	56423197	56435988	rev	10674	-3	left
chrX	57613466	57623060	474cb2f5-1c66-4134-9706-d7b89f8e346f	57613459	57635541	fwd	9583	-3	left
chrX	62589210	62595698	7120e80c-2e73-47ca-9e22-1de99933bcb8	62589205	62595702	rev	6478	-3	left
chrX	63405421	63430794	3bb0bfff-b7fb-4eac-8953-aa94308d74d3	63402703	63430800	fwd	25236	-3	left
chrX	63946710	63959347	01c529a9-c14b-4cf0-a332-9bdb77e00546	63946704	63970152	rev	12631	-3	left
chrX	69868984	69874519	9d37ca11-43bd-4517-9688-b38cec51c168	69868979	69882075	fwd	5520	-3	left
chrX	73789373	73799663	db409108-c03a-40ca-9507-aa79365dcc02	73788797	73802609	fwd	10396	-3	left
chrX	84217631	84226414	d04fe860-a436-48a9-bf74-0871d5bbbb29	84208696	84228546	rev	8767	0.117178	left
chrX	85682274	85706072	8248ddb3-32e3-4b49-b961-f44f016660d6	85682266	85706082	rev	23795	-3	left
chrX	90590077	90603933	de07969e-7d97-447c-8943-308f75df16ae	90590072	90612264	fwd	13753	-3	left
chrX	91383207	91389829	05bc349e-8f46-47a4-a642-5ad905abfad0	91382977	91391973	rev	6578	-3	left
chrX	94823422	94843826	512e26ea-54a7-4f46-b097-270daa2c89a4	94823415	94843830	rev	20352	-3	left
chrX	95158391	95168183	67c2264b-7506-4a75-b543-1db4c152e3cb	95158386	95170578	fwd	9740	-3	left
chrX	119739054	119754876	05de96f9-c54d-4f9a-bb3f-ca6fb63eb6ff	119738163	119758202	fwd	15822	-3	left
chrX	123350614	123355379	4ead0b2d-743a-4d13-9290-a646d157aee4	123350608	123355765	rev	4740	-3	left
chrX	124112938	124119770	784698e1-4549-4d42-bcf4-7ad02f691dc1	124107249	124147155	fwd	6751	-1	left
chrX	126955922	126963572	6454f146-5425-476c-922a-188b783adf53	126934800	126987268	rev	7659	0.248	left
chrX	129559225	129568152	0ec2b672-80b0-424d-8f5d-15e014c310a5	129559218	129570845	rev	8917	-3	left
chrX	134204235	134216605	b1f06ba2-8494-449b-8c5b-1ec2d0310624	134204214	134227461	fwd	12335	-3	left
chrX	136451886	136459025	381475b7-118d-49aa-bc9d-99a58e2badbc	136451880	136466218	rev	7127	-3	left
chrX	143649299	143667403	54f8d2cc-5a1c-4738-b29b-c96bdfea4e09	143648264	143668860	rev	13825	-3	left
chrX	145384123	145403086	c91d0409-92b7-47f1-9a68-c973c44219d1	145383063	145417281	rev	18899	-3	left
chrX	146608846	146626741	a34bf8ae-5421-4744-91f4-25c819afde35	146597917	146626754	fwd	17809	0.153273	left
chrX	150919032	150933476	3b3f80c1-0c0e-4480-8370-95e3c8619836	150917604	150938911	fwd	14405	-3	left
chrY	56725165	56728099	a6cb75b0-ea35-4ceb-bfb2-0511d27c63eb	56721176	56740896	rev	3021	-3	left
chrY	56827489	56836409	ca865f8e-3ccc-4cb2-b062-78454fc1fb89	56827372	56840546	fwd	7328	-3	left
chr1	1612078	1619882	c13e6cf5-daba-4f36-8443-c9449cdd381c	1602766	1625023	rev	7768	-3	right
chr1	1823349	1828022	79f26a37-e96d-4329-9705-89dd37489e36	1814662	1828028	fwd	4667	-3	right
chr1	3572954	3579302	ed3f1452-da07-42ce-bdcf-8fd59367a882	3570057	3594887	rev	6359	-3	right
chr1	7680883	7689209	f851ded5-cabf-4e60-a7b5-a7d8ff26fbb1	7673769	7691623	fwd	8289	-3	right
chr1	10795318	10799676	84752334-860b-443e-85f1-52abdcc06b08	10783106	10799683	fwd	4328	-3	right
chr1	12713908	12729507	313cb74c-525e-457a-84ae-d1070c18b2dd	12713892	12759351	rev	15487	0.222883	right
chr1	14069991	14078957	00bd382c-621f-437b-8813-ab65616d1598	14066596	14078962	rev	8953	-3	right
chr1	14067527	14080283	26122746-39a8-46c1-b35a-81d642b15fc5	14067518	14080287	rev	12670	-3	right
chr1	14908666	14919056	654bf027-9f7a-4db6-8da7-e5941d41f8d6	14902667	14941167	fwd	10381	0.726303	right
chr1	17000275	17010750	6cee407c-61b5-4e61-aead-5f0d57171745	16990761	17011390	fwd	10421	-3	right
chr1	23795979	23809045	c5603d82-38ab-4eb3-bb33-2a5b91b02713	23774098	23827102	fwd	13035	0.430409	right
chr1	36346965	36360371	07677a27-a5a4-4ab8-86f1-de620dad39b8	36335147	36364385	fwd	13394	-3	right
chr1	36621441	36637511	a6f6e423-cf2f-4d3f-b654-8b40d2778b31	36590560	36637959	rev	16088	-3	right
chr1	37016633	37032104	a6e6b912-8645-4f59-bc58-93acc1fd9bbc	37016625	37032110	rev	15458	-3	right
chr1	38188762	38206426	d5647b50-efa1-46a6-85de-29c6b3f310e0	38176975	38223666	fwd	17563	0.242541	right
chr1	42389402	42398484	d0a19ba2-2f31-41c8-ab1a-bec8b78290fc	42372677	42398488	rev	9055	-3	right
chr1	42446103	42458395	5eef0051-192d-4551-bf52-65ca256b8a37	42440506	42458399	rev	12255	-3	right
chr1	45455365	45463523	4aff019e-f010-4678-ae11-494a007ca891	45455355	45463530	rev	8107	-3	right
chr1	46045160	46069853	c3a2b841-01ad-4733-b5db-879d1d872a2a	46045154	46078088	fwd	24541	0.278758	right
chr1	46369914	46372930	401c7ea3-5261-47da-86f5-65264da790e1	46368560	46381061	rev	2968	-3	right
chr1	55489950	55504315	bf3ae35c-047d-4088-bc20-d5effb386784	55489943	55517053	rev	14297	0.154469	right
chr1	57138451	57154031	c7a18de0-128e-4c12-b564-a4fde8f17e15	57112731	57170248	rev	15532	0.261285	right
chr1	57466221	57480149	01c6882c-ff64-4773-8329-0147cff4e6e2	57464739	57480885	fwd	13868	-3	right
chr1	61666748	61671560	a256497b-7300-4018-a65a-6de2a46392a0	61656253	61671565	rev	4821	-3	right
chr1	62746472	62753097	e626f5a2-0083-472d-8119-8fa4d6d2fdcf	62740212	62753103	fwd	6610	-3	right
chr1	70233612	70240284	8880549d-56c5-4685-b9c5-b923a29e4847	70222403	70240292	rev	6667	-3	right
chr1	70705391	70712881	e7a916e5-d9b5-4238-810e-948ea9f95841	70703347	70712887	rev	7463	-3	right
chr1	71966196	71978656	ff249c46-b8e0-4490-93ff-099a89436acd	71956684	71980118	fwd	12436	-3	right
chr1	72852680	72864152	7441a335-5a92-44a4-9624-baa90fa9e259	72800712	72864286	rev	11487	-3	right
chr1	72879286	72898985	547b58a1-5538-40d1-82d1-5a3ad554ad40	72872559	72898989	rev	19582	-3	right
chr1	73081156	73096323	8ca949f3-6cd2-4c93-a206-5093aa4da140	73081139	73096333	fwd	15090	-3	right
chr1	73380883	73391890	e6607ca7-c5bd-44a4-9587-dee9ab7549a3	73376057	73391895	fwd	10910	-3	right
chr1	73479677	73492698	ccc75ac2-0bd8-4486-a96c-d99b8554a26d	73479671	73492703	fwd	12958	-3	right
chr1	81661534	81676495	bbda9126-10aa-4fec-bcf5-e5ff9a7d42e9	81657708	81691382	fwd	14899	0.1462	right
chr1	81859248	81865856	8a4210a4-7786-4ce5-8e05-554d6405ba07	81854514	81866387	rev	6604	-3	right
chr1	82185880	82203162	b9564b7f-da90-4e41-861f-efae6fe00650	82185873	82203762	rev	17218	-3	right
chr1	82294369	82330176	f87d67d6-9306-4e44-b8d7-362df11da32d	82292928	82330180	rev	35671	-3	right
chr1	84593345	84598202	4875d11e-5af6-479e-808b-14a4a8061839	84580590	84606840	fwd	4838	0.589834	right
chr1	88297725	88306218	6a7b01a0-a405-4764-95d4-e53ce944b51c	88291247	88321450	rev	8419	0.425191	right
chr1	89321457	89327379	2a41d31a-f0ca-4634-a24e-d88295dc856b	89304517	89343662	rev	5906	-1	right
chr1	89917478	89929276	21701874-5780-4bc8-88b7-ec5defa1ce38	89908559	89929282	fwd	11767	-3	right
chr1	90936452	90948729	9d7bd256-288d-4026-aa6d-c09aab0e12ab	90934316	90948734	fwd	12279	-3	right
chr1	95497650	95518322	2e3d832a-0da0-47da-b124-6c7e972926f7	95488353	95520366	rev	20548	-3	right
chr1	99967140	99979673	2c7efd76-d89b-4c93-8f39-9b7012ea2861	99964123	99979678	fwd	12521	-3	right
chr1	101232751	101247638	c2eeae7f-d209-4edf-be63-6b2605c81b6b	101206567	101274347	fwd	14845	0.265253	right
chr1	101398839	101415172	ec13a807-16e0-490b-b9bf-e050e7d5e808	101398452	101415281	fwd	16298	-3	right
chr1	102137655	102141703	7d66984c-f572-4f3b-bd26-c79b0bef6a84	102129013	102141712	fwd	4010	-3	right
chr1	103402797	103415485	a7b804c2-2071-4113-8d05-f5f49438d307	103398907	103464163	rev	12637	0.19251	right
chr1	114034204	114046109	aabcbab4-e06b-41a7-ac40-c011d1245e9e	114024217	114046116	fwd	11873	-3	right
chr1	121129942	121135537	a4f02b2b-d7fd-4be4-95a2-6d244a0278ba	121129935	121135545	fwd	5552	-3	right
chr1	143266647	143270376	e72c92c7-688b-4558-9ac9-f986a5f0e40b	143184587	143272185	fwd	1902	-3	right
chr1	143205414	143210602	f7586cbc-15e5-4ea2-8d69-ca77234fa62c	143184587	143242897	rev	1090	-1	right
chr1	143216713	143227355	96f54afa-984e-47d3-9396-960b62a9099c	143184989	143240209	fwd	6626	0.114392	right
chr1	143200293	143206039	c626baae-f2d1-412f-b78d-59576a5e0ed6	143190268	143226250	fwd	1965	-3	right
chr1	143211606	143220723	0b525f6a-4aea-4f32-a4b8-b0d3776b35fd	143199118	143220930	fwd	7615	-3	right
chr1	143211591	143217138	23a937cf-8ffd-4784-8990-9bdb3cdb190d	143211586	143228736	rev	4671	-3	right
chr1	150795175	150801397	dd8b13d1-9ada-4f49-8d31-40881185e579	150771814	150801403	fwd	6203	-3	right
chr1	156135973	156139727	ab27d203-6436-416b-abee-b73fab38f9fd	156129949	156171390	fwd	3762	-2	right
chr1	157185254	157195183	c04a2616-8907-43bf-bd8a-8134019e6bf4	157185127	157195187	rev	9894	-3	right
chr1	160449612	160460330	5c639df6-073b-4b29-b995-05c99b97f36e	160448514	160460336	rev	10707	-3	right
chr1	161617176	161621660	78b626a3-e3a8-4660-a83e-c6f5fbb00c95	161617163	161651406	rev	4457	-3	right
chr1	167747234	167767224	7db63e2b-68fb-45b4-86b3-7041b8962e40	167732157	167767890	fwd	19905	-3	right
chr1	170538840	170548355	bca54037-3aaf-4cc1-8335-bfc0a9349979	170535583	170548360	rev	9459	-3	right
chr1	171892727	171904479	32eecd21-f1c9-4c04-b60a-390421aa6026	171887237	171904486	fwd	11717	-3	right
chr1	174827092	174841686	f7aa2d42-c7c8-43aa-a1ee-a73f5a074650	174827086	174841692	fwd	14557	-3	right
chr1	176854076	176876889	e782259f-5360-42c2-ae1e-746367e36b22	176853213	176884941	fwd	22731	0.034178	right
chr1	177327108	177333192	996fe63e-9f0d-43f0-85a6-648141a4fe78	177312582	177333196	rev	6090	-3	right
chr1	179354122	179365637	8cc92cb3-3959-48fa-8f54-6c9b35bd01af	179332691	179366989	rev	11487	-3	right
chr1	183352975	183362043	435fd5f6-2160-4601-b220-c81e5551499a	183336727	183362050	rev	9038	-3	right
chr1	186764424	186776068	aac8a59a-ffbf-4560-8a45-4e646fb48b6c	186764419	186776082	rev	11687	-3	right
chr1	187029418	187036018	dbe7197d-1952-4367-8a40-3ed4a09deb3c	187017191	187036028	fwd	6554	-3	right
chr1	196056429	196078960	f712c44e-22b4-4095-9848-5fdcded7708e	196056424	196090326	rev	22550	0.190544	right
chr1	201097651	201102415	05ab2e1f-9922-48e2-bc43-d57708f7bb8e	201096756	201102425	rev	4751	-3	right
chr1	210227511	210235277	be902237-8e00-45c9-9682-90b2b09a95ca	210222190	210235291	fwd	7708	-3	right
chr1	211653026	211666720	f36ee34a-b2bc-4014-8ee5-bc2c734b5270	211652889	211667635	rev	13688	-3	right
chr1	212380555	212388730	e2e411b4-4ce9-4d33-9cc0-f8dfcf53b611	212380547	212388738	fwd	8132	-3	right
chr1	213185161	213194969	277c50b0-43ed-4738-bfe8-4835d9a3689d	213164930	213207600	rev	9801	0.120164	right
chr1	215259315	215275367	a87cfe11-7a3b-40af-bce8-497c560edb1c	215258259	215275377	fwd	16010	-3	right
chr1	221058895	221067352	fcdd787b-3ccd-4101-b400-f628ecf28068	221056165	221067356	rev	8435	-3	right
chr1	223477163	223480235	a37dcbba-45bd-4a77-80d3-5dae45a65f2c	223461031	223484394	fwd	3638	-1	right
chr1	226109008	226113858	008f8314-96ef-4bd8-87ed-87c5f6092f1c	226104359	226113864	rev	4853	-3	right
chr1	226206755	226219725	28bedf3b-57e2-43b6-a434-de9dad8e84a9	226194122	226219892	rev	13043	-3	right
chr1	231668334	231679313	b98aafa3-0a1d-4aaa-a088-b1bbfa522ccf	231665502	231679320	rev	10957	-3	right
chr1	235836100	235846249	48b768b9-b942-4308-8e3d-6e6328b881fe	235822861	235850318	fwd	10135	-3	right
chr1	243952968	243984259	19920319-ca5e-4886-b5c0-ec70c5533d0c	243952964	243984266	fwd	32050	-3	right
chr1	247666756	247676897	d0b9a292-a4ba-47f9-8b97-2b1c554e4653	247665834	247676908	rev	10127	-3	right
chr14	19271504	19288259	d66bbf02-cc0c-47a1-9289-67b42e7abbe7	19269183	19290053	fwd	16832	-3	right
chr14	20520008	20531594	39448804-892c-446f-9d10-7a94bd690876	20520002	20531620	rev	11547	-3	right
chr14	26824146	26832814	b5e9d030-271f-4cb0-a4f6-d1d4c6cefbcb	26818133	26832821	fwd	8624	-3	right
chr14	27133289	27145656	fa44fc52-f2ad-4f54-9554-b7d201289d62	27131911	27145664	rev	12341	-3	right
chr14	27347143	27369868	dbadd6ff-ca9e-46cb-bdf5-ce345f6dac7f	27340364	27369873	rev	22640	-3	right
chr14	27696011	27703141	e0d49064-35fa-4a6d-b786-609c6be2ef5e	27687332	27705387	rev	7109	-3	right
chr14	32928968	32945579	40448ea0-6e69-4023-a733-9b5abd3e7db4	32928960	32947300	fwd	16519	-3	right
chr14	35545390	35560569	3d05c9f1-4653-4000-8f5a-40eb73381e9d	35533149	35561229	rev	14975	-3	right
chr14	37504798	37513650	d7b8e37c-3e98-4868-b88a-b72ee8a98f5a	37497586	37513657	rev	8837	-3	right
chr14	38197059	38209291	403c0c22-6f8c-4fd2-b03f-46c8216104a6	38196493	38209296	fwd	12157	-3	right
chr14	39287006	39302632	75f7d6f2-1a8f-45fd-905b-b3e1a7f371fa	39244619	39302637	fwd	15429	-3	right
chr14	40280722	40292930	cc803de5-28cc-4c72-9c55-9955a4bca94d	40280715	40292934	rev	12127	-3	right
chr14	42016705	42025327	ffb24e15-1505-4962-86a0-aefbdc2e6521	41981825	42025331	rev	8283	-3	right
chr14	50621765	50642455	cf8796ff-6906-46e9-9dc7-dedd383c9e88	50621760	50642460	fwd	20556	-3	right
chr14	51256459	51265460	ee16b98c-3576-43b4-ada5-b84ecd38ece3	51255179	51265468	rev	9012	-3	right
chr14	54930489	54938527	8e8301c0-0c92-43f4-8617-cbe69a25d26f	54905695	54938547	fwd	8030	-3	right
chr14	57606731	57624548	df9b0b66-25d4-4489-9077-61dde1d048e2	57606717	57624554	rev	17825	-3	right
chr14	57633546	57638922	794e5fe3-d872-4ce0-82e6-6f407342e47f	57633454	57638930	fwd	5346	-3	right
chr14	58278524	58294212	0a860248-0061-46cb-aea9-e4d8675c3965	58240183	58294342	rev	15575	-3	right
chr14	61585623	61600888	527d31b3-e17b-44fe-b245-6a6cbbd2977d	61581896	61600893	fwd	15180	-3	right
chr14	66025541	66035029	a258862c-a955-4ce7-b486-450aba2648a8	66018176	66035034	fwd	9444	-3	right
chr14	66535024	66541726	6c3ecb1c-146d-4d33-b75b-d939f4b7b1b9	66506622	66541731	fwd	6626	-3	right
chr14	67492885	67503695	8736373d-cb31-4eea-a73b-1a59ef04cedb	67492612	67503704	rev	10808	-3	right
chr14	69927143	69941390	ba84bec7-88f7-40ef-82f5-4a681346861c	69923155	69941397	rev	14232	-3	right
chr14	78374299	78384971	1e4e8582-504a-431c-8157-dd73ddb4966c	78374294	78384989	fwd	10657	-3	right
chr14	82573619	82584591	ba019fd8-9fa2-44ed-8afd-24dbd597ec0e	82573608	82585343	fwd	10908	-3	right
chr14	82573024	82580434	f5cc989c-e46b-4d2c-80da-041d3877f1ae	82563292	82591807	fwd	7366	0.855431	right
chr14	85875317	85878978	5248f2d0-a5a7-46f3-a5bc-6926221433a1	85861823	85880325	rev	3629	-3	right
chr14	90238285	90250416	9207fec9-dfe9-4907-8ee7-e60b7937665f	90225623	90259680	fwd	12096	0.368896	right
chr14	95467892	95484596	6f4788e9-7520-46c9-b7fb-d7a11aaf7578	95465764	95484611	fwd	16741	-3	right
chr14	97348394	97363554	7c92ddba-4c0f-4e52-b369-06b06462e9ac	97348387	97365407	rev	15167	-3	right
chr14	101048430	101057856	147f1941-2aa1-48ce-a83a-1de7f0e1f65a	101048420	101057860	rev	9401	-3	right
chr15	20214380	20221972	e8082b47-5206-4240-b947-e4a0807a3ee2	20214374	20221977	fwd	7571	-3	right
chr15	20736600	20748724	64acf2b6-4159-49b5-ae61-5105329b3a38	20736595	20750785	rev	12036	-3	right
chr15	34891702	34898122	d65867bc-98b6-43c4-a6a9-ad97c2d05d42	34889975	34898135	fwd	6415	-3	right
chr15	36890522	36904589	343816ea-1a2b-4e73-9888-ff3f6597899e	36890517	36907269	rev	13957	-3	right
chr15	37723753	37735688	0a2d4541-0469-424a-9979-47b79204efbf	37719526	37747208	fwd	11772	0.069721	right
chr15	40481314	40493838	7f6bc54d-af0a-4781-a223-3e12b4e23d6c	40481308	40496305	fwd	12413	-3	right
chr15	46844294	46862713	e70bacbf-09b4-48f8-a3ad-6af5814ec3f8	46840176	46862724	fwd	18325	-3	right
chr15	50869254	50874947	7d4f9df9-8659-4fe1-9059-184269d17c69	50855206	50889661	fwd	5665	0.164925	right
chr15	52146411	52167556	3f542a0c-714c-4316-bd0d-a435abcbefe5	52146278	52167778	rev	21326	-3	right
chr15	53091737	53114282	55fc813b-354d-42c5-9a76-5fec80ce50fb	53083035	53133515	fwd	22357	0.098976	right
chr15	53223705	53232825	8c4c257b-b0e3-44b3-9d8c-883c8bff1df9	53220397	53232830	fwd	9036	-3	right
chr15	53577036	53593732	c047e9a3-9ddb-4e2e-92bf-260f3eaff8aa	53570531	53593741	rev	16641	-3	right
chr15	59731695	59741726	2235b36c-e98c-4bd7-8d87-7cb3e8cdeff8	59731689	59741733	rev	9985	-3	right
chr15	60477657	60484757	3eee5f76-9671-4da8-91da-778c7494b5d1	60476155	60491383	fwd	7112	-3	right
chr15	64710771	64726169	33bc6246-34a4-4ce0-9e43-5d723d4edf4d	64698907	64726341	fwd	15431	-3	right
chr15	68889428	68892993	6a68d3f3-a740-4e56-b806-c6ef0362a51f	68889418	68923709	rev	3563	-3	right
chr15	69398793	69403687	c1859fed-e6ce-4ce8-a307-e14c25aae563	69384211	69403696	fwd	4860	-3	right
chr15	70033111	70038908	44a34afd-5d5e-4ba9-a8ee-fe662cd46285	70033103	70038915	rev	5777	-3	right
chr15	73636665	73645845	75586ed6-9427-46d8-aa3a-6d492549d479	73622293	73646994	rev	9178	-3	right
chr15	78567782	78589219	871e4c72-00dc-4a78-b804-32c6348dfcd6	78549709	78592833	rev	21422	-3	right
chr15	83966673	83997906	d2528918-cde7-4dfd-9547-68517bef467d	83947665	84008791	rev	31138	0.235532	right
chr15	93086479	93101272	c32fdecc-5f0c-4d0b-929c-dc1d20578ff7	93086468	93102649	rev	14777	-3	right
chr15	95744781	95754428	6f6c13ff-cbce-4961-a261-88e214e5318a	95737486	95754433	fwd	9555	-3	right
chr15	96620554	96630300	f6e1f632-8839-469d-94c8-378ba6be8b73	96602813	96636605	rev	9683	-3	right
chr16	2574059	2583320	d521e6b4-6197-49e0-91cf-cd2aacebeee3	2535050	2587941	rev	9191	-3	right
chr16	5114127	5126751	e1988e77-bb55-4b8a-b5aa-1aeca8849704	5114122	5126762	rev	12633	-3	right
chr16	9708100	9717402	8c6a0487-54a5-4d9e-a0b2-3d2469c19007	9708090	9717748	fwd	9256	-3	right
chr16	11762843	11768197	ba96f4e9-1c05-4c44-9d80-28cd2655229b	11762028	11780028	fwd	5284	-3	right
chr16	21541250	21548637	73b12d0a-f4f6-4cdb-a68e-0a1ca22f4caf	21537181	21548645	fwd	7362	-3	right
chr16	30978012	30987487	72d6ef41-1afc-4e54-87a8-f4f56faaeef9	30978002	31001261	rev	9453	-3	right
chr16	31379135	31391595	49b460ff-9932-48ee-8f61-5d7880335d4a	31368517	31412010	fwd	12474	0.357978	right
chr16	31500985	31512838	87a88ad3-4413-47b3-991f-955dd09ecfcb	31500974	31513438	fwd	11782	-3	right
chr16	34066554	34071087	7ccc1987-e813-4b3a-b6fa-31b9ec4c741a	34066549	34073961	rev	3026	-3	right
chr16	46389982	46396417	182b7ded-a362-41db-8656-4e2238cb17bf	46382568	46402658	rev	2123	-1	right
chr16	46382677	46392759	68ab7d78-3bc6-42f2-bd33-dcbaa7a15236	46382611	46407742	rev	8411	-1	right
chr16	46385359	46389646	86881a21-9895-4151-8f5c-5c74601d319e	46384016	46412069	rev	4132	-1	right
chr16	46391327	46396629	a443b7da-8669-43d3-9e82-22feb281696c	46385999	46403314	fwd	943	-1	right
chr16	46391313	46397299	f0527c92-3f18-4465-9d90-8058f8607d6d	46387023	46403937	fwd	968	-3	right
chr16	46388060	46396220	f6f32522-122b-40f5-baaa-cc220f15a15a	46388053	46407742	rev	4043	-1	right
chr16	49283792	49297011	e872246e-13b6-4655-8067-2998300ba6af	49267696	49297016	fwd	13133	-3	right
chr16	50419954	50428873	9792b703-e36c-4cfb-b50c-e53249a61cd8	50414493	50428880	fwd	8914	-3	right
chr16	50809024	50819854	a4606906-291d-4980-9884-270317115981	50809008	50820012	rev	10804	-3	right
chr16	55567473	55574824	843a31aa-3b81-4f2e-913d-4608c7962385	55564529	55574832	rev	7323	-3	right
chr16	59301035	59310942	0f645e5e-881b-428a-8824-4df6657f4cfa	59298557	59323441	rev	9868	0.371183	right
chr16	60160822	60166997	c477c6df-54ba-4996-bb32-4c01217afb45	60160815	60167044	rev	6162	-3	right
chr16	64901299	64906311	84ccb5db-6bd5-425b-97a6-dec33effc6b8	64895913	64906318	rev	4971	-3	right
chr16	70369223	70373824	b555a797-c93e-469d-855a-7b5832c7e68d	70351742	70392659	rev	4597	0.079316	right
chr16	70680231	70687124	5ab22a7f-6b52-47cc-876e-fbd9e1c31e6b	70680227	70702674	fwd	6876	-3	right
chr16	72390429	72400015	99405a2e-a3b6-4151-98b0-00e3d086ca33	72370619	72405555	rev	9530	-3	right
chr16	76682532	76696501	7969fd8b-3c0f-4095-8b80-ba90e1cba15d	76675752	76696507	rev	13872	-3	right
chr16	77562078	77581022	27f0b307-6eaf-4e91-b24c-e61df0f55168	77562069	77582174	rev	18863	-3	right
chr16	82141785	82151043	472bff60-0ffd-4e41-9128-74ba10acbc4e	82114381	82151047	rev	9221	-3	right
chr16	86124089	86134253	32a6477e-706d-489f-8bf2-24a5d6409c63	86116078	86144775	fwd	10149	0.018433	right
chr17	7141569	7156121	c4d22021-61e7-445a-a3d3-c8e74acc2b7d	7141538	7174219	rev	14568	0.485976	right
chr17	8698226	8708700	bab7c07b-f730-4178-a10a-69d954f5ef7b	8678236	8708707	rev	10452	-3	right
chr17	9010366	9019862	1c518e17-017e-4eaa-829f-919725b2ac96	9006311	9019869	fwd	9453	-3	right
chr17	9959973	9973090	bee8ff0a-d075-495e-8781-4351e69cd0f4	9959967	9973096	rev	12993	-3	right
chr17	10551562	10568912	6fea7f85-7ff3-477c-bf16-cbd60c644682	10550958	10569052	fwd	17204	-3	right
chr17	11511994	11544622	a80297de-a00a-4320-a559-bdd4ff00a8d9	11509751	11547514	rev	32329	-3	right
chr17	14577791	14589679	bc424543-9c09-43f1-a071-3047bfa98c8a	14573904	14589683	rev	11861	-3	right
chr17	17078414	17084452	7f802f91-b422-4af4-93bb-f0ac0769a7e4	17065314	17085058	rev	6031	-3	right
chr17	17290366	17298757	865fd66a-641d-432a-96d8-680021198601	17290355	17299018	rev	8341	-3	right
chr17	19395791	19410620	919c4886-bdd4-4536-bc88-afbec88f7737	19395770	19412278	rev	14755	-3	right
chr17	28879318	28886497	6cebf239-8e68-42f6-9204-3d81bc6dbcec	28873979	28904494	rev	7145	0.06611	right
chr17	30271614	30279417	e0702770-cdf4-4b4e-8510-7b76bb381f92	30247093	30285340	fwd	7777	-3	right
chr17	43624074	43633678	f97d0c68-3aac-4e02-b8f1-0f096ab38113	43622434	43643714	fwd	9596	0.095616	right
chr17	48004802	48012011	1d807964-b0a3-4e68-bbd1-b79adafb729a	47991392	48012018	rev	7179	-3	right
chr17	48206783	48215540	96498b91-05e5-4a49-aa50-7002151425cb	48198123	48219895	rev	8717	-3	right
chr17	48516695	48525107	dc248204-7f23-4d03-90de-d31fff0d96ce	48514979	48528149	rev	8386	-3	right
chr17	48922384	48934541	9af0c543-ea82-4ebb-ada7-8e4ca8d7e53e	48916283	48939358	fwd	12086	-3	right
chr17	50133764	50140433	a47df024-9e3c-476a-936c-0188c662c75d	50133750	50145485	fwd	6647	-3	right
chr17	51509249	51518585	9fc376d9-0369-49d7-80d2-c955e3ec7f6e	51505969	51520127	fwd	9280	-3	right
chr17	56000482	56007103	96e05baf-3e10-46c7-a829-2c9d15704f9d	55990049	56008310	fwd	6625	-3	right
chr17	57266136	57273633	cc025b07-ccfa-43c4-9a6a-9fe8ef43b5dc	57266132	57273643	fwd	7421	-3	right
chr17	64315737	64324869	10b0b2e9-8b01-4eab-b026-e89be7df5246	64309308	64324877	fwd	9158	-3	right
chr17	64413757	64420328	db6174c2-35aa-4941-bdcb-59e153814b1d	64411089	64429665	fwd	6547	0.555737	right
chr17	69143233	69156871	93d32179-4581-4307-8828-3597c7e7f6b5	69119836	69164704	fwd	13547	0.353527	right
chr17	69948530	69958843	0d1d721c-4f0d-4409-8e95-8e46308b7b0b	69937362	69958849	rev	10222	-3	right
chr17	75206160	75214945	cda970c5-b274-4e19-a21d-78111065a795	75195755	75215556	fwd	8695	-3	right
chr17	77556732	77566126	11bbc6de-6b28-4da0-a850-5574e4460690	77550307	77572948	fwd	8680	-3	right
chr17	79273343	79292752	3b84b6df-9af0-4a4a-af5a-a7682b9b41a1	79264364	79292758	fwd	19349	-3	right
chr17	81185001	81205209	20c405d3-194e-4fad-a9ee-6809718ebbbe	81165465	81223793	rev	20205	0.189026	right
chr18	295080	304845	06b0ca85-4ac6-4e06-bf0f-86f8649e2e7d	295076	308225	fwd	9862	-3	right
chr18	2059861	2073412	8102ee31-92d5-4d6a-924a-a567c6b19cb7	2052595	2073418	fwd	14333	-3	right
chr18	4029518	4045130	32c6d104-30ad-443e-8295-787f84032b18	4025891	4045136	rev	15585	-3	right
chr18	4119032	4124853	eab6bf14-bedb-4e8b-978f-464df1ca9d62	4113011	4124859	rev	5819	-3	right
chr18	4214235	4239497	224e763a-5b54-4509-9e74-6763936616c5	4209659	4241378	fwd	25219	-3	right
chr18	5582836	5597612	93580cf8-e317-4313-bbef-c11fff5d56d8	5582822	5597620	rev	14642	-3	right
chr18	9758946	9778277	c6ffbffd-5a89-4665-8da5-b8a2dc8bf54b	9757664	9781827	fwd	19124	-3	right
chr18	9836027	9844564	ae5b4135-4e9f-4f7a-9489-9b2af6471651	9836019	9844791	rev	8698	-3	right
chr18	11927088	11940777	47c3dd83-02ee-4072-902c-bb4e0e7324b8	11921575	11945534	fwd	13628	-3	right
chr18	15339419	15351291	e15a3a53-fe09-4624-b3f9-5f15bf544df7	15312015	15351296	rev	11784	-3	right
chr18	27563287	27583522	a11d98eb-395c-464a-b918-4ee67e4728fb	27549105	27585407	fwd	20045	-3	right
chr18	32984559	32990550	79cdebdc-1346-45ca-87f4-fcdeaff9f138	32984554	32991950	fwd	5989	-3	right
chr18	60202338	60218882	5c85361d-0d71-488d-8ed7-06325fec7093	60200655	60218888	rev	16462	-3	right
chr18	61877374	61890935	8b6aac55-01d7-4547-8e8a-ab572c0684fe	61877235	61891450	rev	13514	-3	right
chr18	74465756	74476131	1b7fc804-50c0-402b-898c-b59a1d11fdda	74465751	74476137	rev	10349	-3	right
chr19	9284955	9290460	d7a06209-58f6-459e-876b-b0b40407dfad	9278592	9290466	rev	5500	-3	right
chr19	11440105	11444436	53b936be-e23b-48c0-9dee-9e1773959fc0	11440093	11456393	rev	4324	-3	right
chr19	30001856	30021033	e6f9e76d-c1ab-47d6-9ac5-0403a5394bca	29980438	30032178	rev	19147	0.205231	right
chr19	35700106	35703379	567154a3-a49e-4bd4-8d04-70d6feb2649a	35686559	35703391	fwd	3273	-3	right
chr19	37209515	37219579	efe287fe-3f86-4159-b20a-7e0ff0c6e062	37196803	37229085	rev	10053	0.753454	right
chr19	38394471	38401729	f2d361a1-a8b8-4541-8f6e-c82975c2fd80	38370484	38401734	rev	7226	-3	right
chr19	38781083	38789379	e3e1877d-44b8-443c-ac8a-1cca2de56695	38779991	38793390	fwd	8263	-3	right
chr19	39435966	39453343	5a8cb2e6-ae30-4c79-b548-edcf51c2b7fb	39435953	39453348	fwd	17274	-3	right
chr19	39617013	39620910	e9f03d22-bf73-4269-ae89-13fd7585f2de	39612262	39620920	fwd	3881	-3	right
chr19	39625607	39635356	89041454-d138-4de3-89a5-836f511798be	39622795	39638889	rev	9795	-3	right
chr19	39758710	39769937	9046960c-69d9-4a20-8c5c-ce5ec10ec1a9	39750830	39769944	fwd	11148	-3	right
chr19	40425746	40439401	6a281ca7-3229-4d5f-b4d9-3332ca8771bf	40398535	40439413	rev	13708	-3	right
chr19	46301023	46311168	a5409a78-697f-442f-833a-29fe9b471f2e	46300977	46313528	rev	9999	-3	right
chr19	46887274	46902344	d3046337-99c8-4606-8be8-f8695d8bafeb	46872240	46913010	fwd	14874	0.157935	right
chr19	49125971	49133719	a2f8fd45-25bd-4af4-958a-834f8e48a1a1	49125940	49135063	rev	7719	-3	right
chr19	49471633	49493268	8a75f728-7b33-4237-a314-b282e11cbab7	49470552	49493277	fwd	21570	-3	right
chr19	50411313	50421402	8af87aff-617f-490b-b4bf-57652567b126	50407581	50421406	rev	10051	-3	right
chr19	51706882	51712159	d93c4157-3ef0-4647-a38b-3f74d764c361	51706873	51712165	fwd	5284	-3	right
chr19	53307163	53323532	7d13486e-4401-40f9-a1c8-e10d36c661af	53296277	53325462	fwd	16399	-3	right
chr19	53553503	53560769	4910947a-8083-4700-b591-ca874ce2a313	53553497	53585826	rev	7231	-1	right
chr19	54437964	54453460	77f865e0-ad8b-49f9-ac2f-350ec75b6ca7	54437955	54453543	fwd	15463	-3	right
chr19	56085140	56090530	73787eb7-4c5d-4f9a-a986-1e0d2b334745	56078190	56111390	fwd	5355	0.247331	right
chr19	57235595	57250466	516a28a9-421a-4cd1-8933-c63a5fa14fbb	57235588	57250474	rev	14821	-3	right
chr2	2134116	2147211	174a3713-8306-494d-908f-faee37c5a50c	2132050	2153801	fwd	13013	-3	right
chr2	9788306	9795014	bd7d4e9f-928a-44e7-9722-8d5d6942874c	9779018	9795018	rev	6698	-3	right
chr2	11177844	11183227	f06e6b6e-ed8b-4b81-959e-2f1a441641e0	11166541	11183324	fwd	5371	-3	right
chr2	11363607	11378843	c3928702-a34b-41fc-b70e-5e8db3c55ef7	11363599	11382091	rev	15141	-3	right
chr2	11780343	11787650	b6856e23-75c6-431f-81cd-1702c720df99	11761820	11787655	fwd	7230	-3	right
chr2	15718560	15724937	b91a0103-e4e1-4038-8ce2-e459d80fb797	15705821	15724999	fwd	6342	-3	right
chr2	17131550	17144133	39a2a81d-ab04-40ad-82fe-3bc79b1568b1	17131544	17163017	fwd	12507	0.069895	right
chr2	20159155	20165524	fb9c7296-6197-411d-a9d0-c6180ec691a9	20159150	20165531	fwd	6329	-3	right
chr2	27770823	27778643	8568767f-4edb-44a0-853e-2eb581c78c17	27765855	27782441	fwd	7900	-3	right
chr2	28581710	28591461	62f29ba7-ee51-484a-8148-a4eb083d371a	28581705	28596389	fwd	9623	-3	right
chr2	30145385	30151078	a9fb32f3-a764-46ef-ba92-7131636c27dc	30139150	30151094	fwd	5649	-3	right
chr2	32921640	32930277	dc07de52-9eb5-4fd7-b42f-13776f79b56c	32920370	32931136	fwd	8558	-3	right
chr2	32947481	32958598	7e95707f-b998-4974-adda-24a0b53cb4e4	32944578	32958603	rev	11093	-3	right
chr2	33384519	33396200	27cadbc1-3e46-40e0-a74d-02ad4211225f	33369305	33426487	fwd	11595	0.242354	right
chr2	34244298	34253676	774a36cd-ccf1-4a44-8a07-af60f7bad5bb	34223163	34254181	fwd	9305	-3	right
chr2	43911956	43920655	f9920709-4f33-46f4-8d34-29f389f8d095	43890761	43924700	fwd	8596	-3	right
chr2	45021363	45035265	a995b009-4110-4101-a950-5a89b038d5c1	45009290	45051538	fwd	13869	0.228508	right
chr2	55363835	55368604	3ab8ae31-0f33-411f-8d3b-56911789d862	55342271	55368614	fwd	4745	-3	right
chr2	56670656	56687648	f249eb4c-b66c-4e4b-9d2d-c7761970095a	56670652	56688779	fwd	16947	-3	right
chr2	62441464	62468999	7733de5f-9daa-48de-add6-f760da7db29d	62429087	62469005	rev	27268	-3	right
chr2	65618865	65633264	86ee55d4-a11d-418e-86ec-e32796c2d0ec	65603342	65636640	rev	14380	-3	right
chr2	66109959	66113197	6184f19f-2934-419c-a8e2-a57fc7c37470	66090069	66117306	fwd	3190	-3	right
chr2	70544024	70567990	ecd7cafe-31f6-490b-8ce4-a6280e797223	70537882	70568001	rev	23847	-3	right
chr2	71191146	71206307	946868ef-ccd9-4df7-ae4e-591ed9e4882a	71191141	71206313	rev	15110	-3	right
chr2	72257151	72267237	401c79a7-a96e-49fd-8b9a-2e85b5fddbbc	72257145	72280877	fwd	10063	0.161666	right
chr2	74128778	74136608	2f305eb8-f994-4950-a80c-49d543a91e4b	74120966	74136618	fwd	7796	-3	right
chr2	86420749	86431747	dac3fd60-02fb-4f16-9639-3c5edc498157	86419252	86437314	fwd	11006	-3	right
chr2	86783898	86798912	4def04e5-9400-4a17-8a7e-06ed717ea860	86781185	86807095	rev	14921	0.227253	right
chr2	87418715	87429372	d3591f7a-3b54-4123-9881-841af6cceec1	87414287	87431213	fwd	8959	-3	right
chr2	90221366	90233403	a51692ff-47ba-4e77-8eeb-ed607597a78d	90191422	90236323	rev	11973	-3	right
chr2	91409704	91413677	a99b543c-7e73-4b44-958e-45305e773c02	91404242	91423218	fwd	2876	-1	right
chr2	97358029	97364556	e3354fab-4279-43ae-9cc7-dca945137129	97354627	97364561	fwd	6480	-3	right
chr2	97621649	97635700	d685d7ea-b28c-46d7-a1c7-7dbfac49b26f	97617208	97654147	rev	13793	0.255091	right
chr2	101782288	101792804	5e031e70-7c80-480e-a356-da18278b3d66	101778428	101806590	fwd	10272	-1	right
chr2	105947342	105956801	8237ff77-7136-4e52-8fb2-2051580c05d2	105944397	105956806	fwd	9516	-3	right
chr2	107499178	107522975	36be8f0d-cba2-483e-bf24-26ffada066ea	107494451	107523208	rev	23694	-3	right
chr2	108424895	108435145	aad96a01-5eb2-40b4-9a37-3ef481cf323b	108413824	108436352	fwd	10244	-3	right
chr2	108762080	108782495	3122f257-0f20-4d62-8a6c-4f1a58cd409b	108760611	108789858	rev	20320	0.421172	right
chr2	108996928	109005322	0405ecb4-cd20-4e54-a27e-a8e35716b5e5	108996924	109010074	fwd	8354	-3	right
chr2	123725722	123746449	ece2fca0-4558-4f2e-9da8-016a38e5d8a0	123720195	123749013	fwd	20647	-3	right
chr2	135914412	135922930	26f17dc6-f051-4115-9668-d6aa54259b30	135909531	135924775	rev	8446	-3	right
chr2	138897841	138905612	2931700d-495f-4950-bacb-4d31d70fba79	138893533	138905617	fwd	7709	-3	right
chr2	140091585	140095971	c8b05904-d590-4a23-92da-369e41933839	140091580	140105325	rev	4317	-1	right
chr2	143818333	143839637	f3a61ce3-18dc-428e-bde3-530a64f57554	143812412	143840497	rev	21200	-3	right
chr2	145020143	145029505	e375933f-bc1f-4f9c-8fb0-474d77d40d05	145020137	145080607	fwd	9347	0.073559	right
chr2	145163292	145177427	4dfe8df7-2dfe-4975-a721-62a8551b2190	145152242	145177431	rev	14060	-3	right
chr2	160228584	160237195	477cb686-7fa1-4ee1-8e5d-d44602557c02	160218022	160237844	rev	8560	-3	right
chr2	163533398	163542526	034b046c-9e5a-4620-858c-fab487e9122a	163530789	163542544	fwd	9095	-3	right
chr2	167529346	167540945	359849aa-83f5-4e8a-b08a-3210f259c4bd	167528076	167540949	rev	11517	-3	right
chr2	178266305	178278571	135267cd-5889-456c-96aa-9c22415d2b3a	178259385	178278577	fwd	12235	-3	right
chr2	179615968	179623613	6e17838d-900b-4e0d-a709-d33015bc2a05	179613898	179627463	rev	7618	-3	right
chr2	183158890	183172900	66ad8774-3037-468b-8fa1-8a6993992525	183153498	183172907	fwd	13939	-3	right
chr2	184714962	184729528	fb4990f8-0611-4a4f-b1ac-10aab73e9fb5	184676195	184729534	fwd	14524	-3	right
chr2	187465234	187485494	a203b9e5-2b68-47a2-96c3-ec98cb40e472	187462656	187500444	fwd	20361	0.11639	right
chr2	189659367	189664147	14f2f412-d8d0-4ec2-a47c-4f54ad97267d	189649578	189688529	fwd	4776	-1	right
chr2	192269540	192284009	daddded5-0ac2-4dc2-86ae-07f3b32c4352	192260660	192287124	fwd	14498	-3	right
chr2	195103309	195110611	f3d6ebca-a2ae-4c2c-824f-02bfbeccd1a1	195103304	195110621	rev	7270	-3	right
chr2	197968878	197983060	34535f7c-9a9e-496b-a839-35396f255bd7	197965741	197984923	fwd	14119	-3	right
chr2	197969448	197992496	7053314f-2cb2-4c82-9fc9-35f2d2715307	197955308	198006652	fwd	23019	0.165272	right
chr2	198613843	198620136	9e7b4b8b-a51c-46de-8358-5a8e35abfe5b	198602199	198625294	rev	6298	-1	right
chr2	202359539	202373538	d392d4bc-d6ec-4681-882a-a3dd3861299b	202358203	202373544	fwd	13958	-3	right
chr2	204474762	204479331	e9f55ee4-bfce-4b92-ad8c-112c13bd134c	204444068	204479337	fwd	4526	-3	right
chr2	208613681	208623151	ad3c4e3b-0f0a-4171-84c7-e8dfa45fc7e4	208591711	208623998	rev	9443	-3	right
chr2	212719791	212731542	906403fe-0323-4302-aeb0-8f01b70ea593	212719504	212733952	rev	11640	-3	right
chr2	219915008	219925184	aade2586-cccb-4d50-bb36-bc6b9eb9f3ec	219911855	219925195	rev	10123	-3	right
chr2	220083836	220096294	d35aa757-91c7-4767-b3ba-79239d476f38	220080022	220097120	rev	12367	-3	right
chr2	221079193	221089175	0d24775b-8564-4258-8ee8-253d7cac829c	221074298	221100489	fwd	9952	0.762629	right
chr2	224478840	224485009	18b8bf98-5642-417b-8a6e-1dbb1aeadf7d	224478834	224486527	fwd	6154	-3	right
chr2	233912001	233919587	7c6efe56-0af6-4835-a00e-e5848b8a7ef1	233908871	233919594	fwd	7569	-3	right
chr20	9235880	9259779	5542c6e9-baed-4d69-ae68-55a5cc4d8182	9235876	9259786	fwd	23791	-3	right
chr20	11143639	11151834	80439a97-67c6-42a3-8d7b-e073b62f0297	11120150	11174572	rev	8159	0.698705	right
chr20	11925412	11941511	b327ff09-7a7e-4266-9a6c-f4be082cd40e	11924761	11942242	rev	16078	-3	right
chr20	14673200	14679210	4674cef8-f879-40c4-a0dd-3ccfdaa4362d	14673186	14679218	fwd	5988	-3	right
chr20	16242935	16257666	25d979dc-7a41-46af-aafd-a2990bffe71a	16236855	16271173	fwd	14670	0.441037	right
chr20	16778503	16790904	168150ce-010e-4f1a-b163-9412db14b3aa	16778498	16790910	rev	12413	-3	right
chr20	19832119	19846096	e4532821-63c7-42bd-991a-9f789d90ed8d	19830578	19847042	fwd	13890	-3	right
chr20	21637619	21648316	01266436-76dc-48cf-8bc3-a54921716ea6	21635898	21651301	fwd	10662	-3	right
chr20	31064447	31067611	467c4806-2517-4b93-8fc0-4bd34d926783	31051508	31073213	fwd	2116	-1	right
chr20	31059823	31064082	40f865bb-f2ad-4d7b-bf02-c03cb4ec8462	31051861	31074112	fwd	4952	-3	right
chr20	31058343	31068113	5adcb4c4-4b5d-4d70-b4d6-819cd98a20c6	31054362	31069942	fwd	5000	-3	right
chr20	31064627	31067863	be036024-3117-42ca-8d7f-908e44192241	31057909	31069578	fwd	2392	-3	right
chr20	31061786	31065666	7fd3bd4d-6fc6-402b-a010-a5204c3582cd	31058731	31067171	rev	3153	-3	right
chr20	31069017	31073736	f6351dd0-5f3c-4c6e-b1b8-3c3e9bf10692	31062919	31082166	fwd	2736	-1	right
chr20	44216975	44239121	1c6cdb55-d9b6-4a4f-9db4-70e40a5d9534	44216970	44239127	rev	22114	-3	right
chr20	45520982	45526520	6e36a885-c20d-4ac6-8e15-335caf2646ea	45520971	45527221	fwd	5506	-3	right
chr20	46958745	46971687	434d3cac-fc9c-4d20-8735-28d2a5c05bfb	46951731	46992360	rev	12837	0.018813	right
chr20	51039392	51050437	b78574c1-9ab5-4007-9fc4-01a41488012f	51007213	51050443	fwd	11028	-3	right
chr20	51742255	51750325	c9454c4a-44a2-482f-8569-eab36e243ad1	51742248	51750330	fwd	8089	-3	right
chr20	52131528	52145788	20060a2a-4a17-40c4-9459-86030f9b3d73	52131521	52145983	fwd	14296	-3	right
chr20	54708684	54729651	1a83c17b-1e35-44af-b38e-ab2553c4dd01	54708680	54729668	fwd	20903	-3	right
chr20	56672716	56691081	8d7912ab-cabe-49a0-8708-675a8436197c	56671943	56699015	fwd	18221	0.026262	right
chr20	58314586	58328396	38225a6b-b957-4cfb-9ad9-aae1fe464be4	58303234	58328402	fwd	13727	-3	right
chr20	58566696	58581346	0ece3bf6-30b6-406f-b5c5-cc1617478022	58566691	58581351	rev	14482	-3	right
chr20	58624526	58630919	ac672e4f-151d-4272-83b1-e40be769e6b3	58624520	58649428	fwd	6392	-1	right
chr20	63185139	63191094	17544ad3-8cac-45fc-bf78-7aeb83a2edd7	63179806	63191107	rev	5948	-3	right
chr21	7939817	7945067	d2e01e7a-4153-41cb-b696-213b5bd63568	7939810	7955850	fwd	5321	-3	right
chr21	7947041	7957623	8aa91d35-d4b5-4a5e-8bbb-cf2528fdcf05	7945826	7959117	rev	10626	-3	right
chr21	10560514	10568657	8bbde8db-1fcd-41ca-915d-0f8563fad0c4	10533283	10568664	fwd	8079	-3	right
chr21	13002876	13015304	398c3828-ee37-4313-a329-e57228c87212	12992228	13015310	fwd	12391	-3	right
chr21	15263917	15273433	e12452e8-342a-4c5f-9907-b5c2cd10607f	15261760	15273442	fwd	9502	-3	right
chr21	17440900	17447205	b2c575af-32b9-4aa1-8146-f8568457a627	17431894	17447210	rev	6288	-3	right
chr21	18717470	18733284	16e9b025-f7ea-450b-bdfb-2874450b124a	18717464	18736362	rev	15694	-3	right
chr21	20003408	20027875	fa15160d-ab9f-4528-ae3d-c81eb18f5741	19966062	20029160	rev	24429	-3	right
chr21	22257432	22262372	ec020972-bb1c-4e78-974e-1cf0b574c403	22222937	22262386	fwd	4962	-3	right
chr21	23249327	23258915	afab4d21-ea45-4c81-85c9-2ec2a026bc49	23225278	23262147	fwd	9541	-3	right
chr21	23487120	23496250	9ad1752a-835b-44ea-b71c-38c921197ff2	23484233	23496257	fwd	9098	-3	right
chr21	25021373	25035578	66b3598a-1902-4bdd-9ec8-284e28ee75de	24986163	25035583	fwd	14129	-3	right
chr21	25373225	25376639	aa82b9ed-9c86-4d9a-96bf-af30be5c398a	25365742	25380513	fwd	3393	-3	right
chr21	25411467	25424155	0f1d6c24-e686-419d-aead-f1401a5504da	25409946	25424162	rev	12596	-3	right
chr21	26294398	26307939	01d825a6-ca3d-4ae1-a423-4296d8358590	26285158	26319536	fwd	13505	0.00389	right
chr21	28816463	28822743	60584e6d-cf7b-4d48-b47a-3db9a9123e84	28805053	28822747	rev	6251	-3	right
chr21	29524958	29536276	dc54019b-1fc7-4926-b31d-8dd205203ebb	29524953	29536281	fwd	11263	-3	right
chr21	32155149	32162946	aca1770b-a01d-4f0e-8d6c-b9f4b7a4c70b	32150745	32162954	rev	7781	-3	right
chr21	34347864	34365402	71298c67-50d7-4d4d-96cf-16b41ef945d9	34347859	34372737	fwd	17482	-3	right
chr21	38528757	38535324	7a0d7191-8025-4981-8bb4-713ba16d0735	38522415	38535332	fwd	6553	-3	right
chr21	41858240	41868272	61bdaf96-9288-4c96-89f4-4b875059f765	41858223	41868278	fwd	9938	-3	right
chr22	12536578	12549793	492c2a7a-62cc-4f9c-8ebc-d9c50477a610	12513713	12552153	fwd	13205	-3	right
chr22	18128664	18135837	b16bdce6-42ca-4aec-953e-2c4b69689816	18091039	18135842	rev	7181	-3	right
chr22	20459947	20464658	317fa5f6-863e-48aa-b519-f8f89a3cc3bf	20453459	20464662	rev	4672	-3	right
chr22	24258211	24268058	b23de90f-1ccc-4375-bece-7d125f87c3f8	24250564	24268971	fwd	9805	-3	right
chr22	27150412	27159104	04fa4f62-1031-44b5-a7ac-e34c1ba3ec7b	27150406	27159115	rev	8625	-3	right
chr22	28888962	28897900	70a8c8ec-d0da-41e7-bd09-967c96d0b210	28864153	28897905	rev	8909	-3	right
chr22	29823422	29833198	8c250ea4-cfdc-430d-a617-1fbe7f36904e	29820631	29833203	fwd	9698	-3	right
chr22	30288473	30291929	ee855428-04f3-419d-8dbc-5c4f4183e250	30287185	30296328	fwd	3454	-3	right
chr22	41954964	41964891	72e41d12-462c-4ca0-9feb-1a7931f2c610	41954959	41973375	fwd	9895	-3	right
chr22	46196787	46211760	f467405e-36de-4ebb-8b4f-4da428feb51c	46181932	46219342	rev	14915	-3	right
chr3	5913321	5922173	9bda739b-2c9f-46f3-a7ef-31eb4f51695c	5855589	5922900	rev	8834	-3	right
chr3	7062137	7080415	1adec403-2f6a-4f0d-8ea8-e70cfa261a36	7062124	7081494	fwd	18132	-3	right
chr3	11300976	11308444	652fb623-416c-4f16-9614-6106d495d3ac	11300928	11308452	rev	7421	-3	right
chr3	12213789	12221278	4019fde4-5a51-43a7-9739-c68de2b8bec1	12209667	12222157	fwd	7468	-3	right
chr3	12922803	12929636	ad975a0e-10d1-4297-b065-a0e9dd4d31b1	12919598	12929647	rev	6843	-3	right
chr3	13337092	13355337	1b72238e-351d-49be-9edd-19bd8039c5a8	13337078	13372190	fwd	18271	0.183584	right
chr3	14589790	14598064	919ba217-d27e-4336-a9eb-98cda39ff036	14589229	14598389	fwd	8294	-3	right
chr3	27620685	27628443	3178939a-e968-49a6-9b13-4476bdfdba82	27573926	27628848	rev	7718	-3	right
chr3	31178072	31193118	a3656dd2-7b51-41ce-856c-f1c8d23d010d	31177258	31196677	fwd	15009	-3	right
chr3	37523299	37532699	3a8b071b-e897-40c8-b656-c14e5f6458cf	37523294	37534962	rev	9346	-3	right
chr3	44383147	44398740	f06e8445-25a6-46a8-8435-7103d9503257	44360390	44398749	rev	15490	-3	right
chr3	47905492	47912100	20939b98-2687-4fd9-a979-bfa8f62eb37b	47904171	47912106	fwd	6572	-3	right
chr3	48871652	48880743	8c98006f-6e91-4f66-944b-b34d5c9e9f9f	48871012	48880753	rev	9058	-3	right
chr3	49369992	49376191	8e159ca2-cd4c-4fcb-b579-44c9158e7a34	49368474	49378595	rev	6200	-3	right
chr3	50282770	50294957	c39b76a9-c053-40f5-86aa-19ed759025f5	50282454	50294964	rev	12157	-3	right
chr3	50793003	50801221	b9c8f2f1-88a0-4b52-838d-fc2d335bba5f	50784699	50801229	fwd	8171	-3	right
chr3	54233336	54243424	9afa5c6c-6387-4221-a300-0264cb4e7287	54223437	54255321	rev	10038	-1	right
chr3	55016668	55041818	e5aae1a1-21f7-400e-b4bc-293d140225f5	55012007	55044279	rev	25087	-3	right
chr3	55739832	55754165	388ad0dc-6bde-4ddc-a485-0d3909bea5b6	55735004	55754170	rev	14229	-3	right
chr3	56753919	56760115	6db3af81-6759-4967-8e3e-19f7700f78fc	56749699	56760122	rev	6161	-3	right
chr3	57217778	57227579	69f32f13-9ed0-46da-99c6-01e7c58ab34b	57214693	57230213	rev	9778	-3	right
chr3	58628507	58632614	90c4d2b1-298b-45b8-98d0-148fe61be301	58620838	58632623	fwd	4122	-3	right
chr3	58917210	58934000	5a11b576-ce3a-4676-8d60-8c19d9535bc3	58898583	58934006	fwd	16724	-3	right
chr3	60466356	60478224	963b6309-04ec-469b-b3f4-bf047a785e07	60464509	60478231	rev	11744	-3	right
chr3	61821220	61836614	194e08ee-4c96-4ef9-8f62-22e922052588	61820017	61850158	rev	15291	0.621697	right
chr3	64531622	64538283	a2afd501-4656-4a58-bdec-bc3f86547c19	64515704	64538293	fwd	6584	-3	right
chr3	66953471	66964058	8f3107fb-9ed5-4e7a-a6fa-ea8500f59b37	66952341	66964062	rev	10534	-3	right
chr3	72177202	72183219	1bff5053-b862-420f-be8e-5f1334c42a21	72171770	72183233	fwd	5936	-3	right
chr3	75697489	75704802	24f68776-a1cf-404c-a9fc-47688b1edf6b	75679066	75706575	rev	7258	-3	right
chr3	75669173	75686685	54dea5d5-e802-421c-af1d-b0b27c32b9e4	75669070	75700101	fwd	17198	0.858462	right
chr3	76836567	76843515	4b6b36fc-696a-410d-bce8-dde9289e49c7	76828529	76843520	rev	6928	-3	right
chr3	77269841	77278371	86d84d39-55ac-4d14-9d0b-4d4f6831e508	77238493	77278377	fwd	8501	-3	right
chr3	77321024	77331305	e3342d33-1518-4d87-a24a-68eac1182051	77314140	77331309	rev	11178	-3	right
chr3	79249349	79254839	f20b4878-8ee6-412b-be2d-2e47e37a9884	79233962	79254849	fwd	5467	-3	right
chr3	79779649	79787892	322322e0-6392-4128-926c-2e647b67ee1b	79773501	79787897	fwd	8233	-3	right
chr3	82180457	82187411	1888b6a9-d6a1-4916-99b9-59db3546563a	82171285	82187415	rev	6948	-3	right
chr3	82373465	82382184	6062cc3f-99c8-4804-a884-7c41ca57dad0	82353156	82382194	rev	8661	-3	right
chr3	87149406	87152029	4897abd1-3e54-4c69-b37f-75a253999f3f	87145364	87158041	fwd	2623	-1	right
chr3	88262891	88276307	7975fe38-6489-4c77-808f-832aded8fc2c	88257682	88276313	fwd	13297	-3	right
chr3	90236836	90261186	f06b5237-9332-4c21-9258-77419e506dbe	90235377	90265107	fwd	24119	-3	right
chr3	104598537	104610673	0ad25ad0-ec89-4fb0-a27c-821d8e07cf7f	104587550	104616737	fwd	12055	-3	right
chr3	106104112	106111116	1e1d35de-a8ce-4366-ac5d-7802d9538451	106104097	106117798	fwd	5884	-1	right
chr3	106315550	106323422	7ba58c15-18e5-4551-abc0-6cf930706061	106311867	106323428	fwd	8012	-3	right
chr3	106907717	106914220	53137ac3-8d62-49a4-a2b1-5b0eb1bdbb1b	106903245	106914227	fwd	6463	-3	right
chr3	108764063	108772909	f2749849-e864-43eb-945a-013ca9a2f582	108757064	108772932	rev	8801	-3	right
chr3	111295241	111314681	5c420a2a-b767-4b12-adf2-1120948b4402	111295237	111330039	fwd	19418	0.068209	right
chr3	112263153	112269049	da5d1657-e9ec-4c25-80dc-55aa563d06e8	112252486	112269054	fwd	5873	-3	right
chr3	113571279	113587525	71ae6211-5950-4130-85b8-b8b052d57de3	113561204	113587530	fwd	16153	-3	right
chr3	115423865	115438713	a0370fe1-1a79-4a54-b3fb-aa1b97ee0672	115423859	115442217	rev	14813	-3	right
chr3	115747401	115762957	c56ab660-500a-421a-a7f2-ed44e090d15d	115747397	115763893	fwd	15532	-3	right
chr3	117303832	117318643	b40738b3-5fa9-4bbe-9e54-16aff0c0de6a	117303828	117318649	fwd	14707	-3	right
chr3	117610865	117644629	f24a2afd-0879-46f9-b035-61300cca27d0	117610554	117645122	fwd	33476	-3	right
chr3	120149498	120160839	ff0254c9-cb7f-4001-8bc1-081eca5265b2	120143798	120160844	fwd	11326	-3	right
chr3	120818134	120830146	0446e0ad-9659-4b73-8bda-e1276b1896b9	120816544	120830151	fwd	11939	-3	right
chr3	122593442	122608164	f3e03a4e-814f-4997-94e4-0747115a1370	122593426	122621045	rev	14689	0.090287	right
chr3	124358041	124371890	f7a057c2-57c4-4291-9ec1-a205ff195d5b	124356083	124371895	fwd	13193	-3	right
chr3	125997685	126017134	7d7af287-83a9-4c3c-9a78-19c25dfcfe3d	125995531	126020260	fwd	19434	-3	right
chr3	126099201	126115390	f2145d96-1796-467c-90d6-ad81e121ebe9	126091354	126115398	rev	16188	-3	right
chr3	126153053	126163873	7046acc3-ef12-4253-a746-de20c97735d9	126143712	126166889	rev	10779	-3	right
chr3	126349789	126364046	f779c0a0-364a-4e7b-9089-ecdf79ce44a8	126348931	126374957	fwd	14301	0.561191	right
chr3	126596624	126610547	1b598cee-9a25-4156-bda5-ccaa107627f9	126596620	126611591	fwd	13809	-3	right
chr3	132244732	132262692	6347638b-f220-4d9f-8981-82e87c0f64ba	132204708	132262700	fwd	17831	-3	right
chr3	139107995	139115333	0080fe54-5158-4537-afce-10ee32397e10	139102457	139116451	rev	7410	-3	right
chr3	140636343	140647220	b1153ade-51e3-428b-accc-3b5de0f92004	140634559	140650364	rev	10823	-3	right
chr3	140938048	140952241	b0dfaaa3-a65f-4da8-b98f-c0135b8f0f73	140938042	140953244	fwd	14053	-3	right
chr3	142948635	142957548	ba2197b5-1f2f-48e5-8623-dc2bc0b6342b	142917766	142957552	rev	8887	-3	right
chr3	143849972	143862812	cd7c696f-ebce-45e5-a0d3-52aa57582d8c	143841084	143862819	rev	12758	-3	right
chr3	147917420	147926154	b8959936-267f-41c5-bd30-c666c6883ac6	147916527	147932204	fwd	8682	-1	right
chr3	149452352	149468217	f348dd48-e689-4f86-80fc-4e810a3955e0	149440195	149468758	rev	15751	-3	right
chr3	152761622	152778218	2aa740d2-6baf-4a98-9a77-5454fca17e7b	152742453	152779930	rev	16558	-3	right
chr3	157274264	157279362	8c53acda-dd4f-4fb0-9a17-48a8d0028315	157267246	157279882	rev	5091	-3	right
chr3	160528483	160544311	7f0aaeb8-9374-4957-91f5-5a0a33cd9b18	160525733	160562951	rev	15744	0.085932	right
chr3	161089995	161103924	054a773d-6157-4b25-a5c1-f144c26432f4	161089989	161106857	rev	13841	-3	right
chr3	161278876	161289307	2919354e-c8d9-454d-8672-7a41b17e0a17	161278466	161289314	rev	10392	-3	right
chr3	163143277	163152979	ba8a46a8-4487-4fd3-8e70-6c721c4ac0b2	163127936	163156374	fwd	9673	-3	right
chr3	163504498	163513985	49726732-0814-4dcf-b66f-f15302b95846	163483959	163513990	rev	9452	-3	right
chr3	166320844	166343454	40bbd6b7-16f2-4da6-adca-2b7396e78350	166320146	166395420	rev	22586	0.101819	right
chr3	166380765	166386502	40bbd6b7-16f2-4da6-adca-2b7396e78350	166320146	166395420	rev	5702	0.633879	right
chr3	172355781	172383855	8ea447b0-8a10-4e48-8e6a-7e3bd536468d	172355769	172383863	rev	28014	-3	right
chr3	172605303	172613189	d34cb3c7-8282-4697-bc17-0ce0b0d3a0c5	172592641	172613194	fwd	7777	-3	right
chr3	172690812	172698843	bd95de87-def6-495c-aae4-4d1723dc4ebd	172679291	172698970	fwd	7991	-3	right
chr3	173271492	173281609	35bf3e57-311b-449b-9500-140c96add55e	173266691	173281620	rev	10107	-3	right
chr3	174354895	174366479	2ce14d2a-167f-43c4-807f-b3e4944dcbe6	174344865	174366484	rev	11525	-3	right
chr3	174904312	174919121	0638e53c-61e2-47ab-aca5-ce4405431c00	174894506	174919460	rev	14775	-3	right
chr3	177996074	178002163	6c67e3a5-5ca0-4d41-887a-9e1f416f5967	177996068	178006009	rev	6096	-1	right
chr3	178976150	178988410	fb1a5942-0a81-4908-9cc1-f6797faffaa4	178974954	178989930	fwd	12221	-3	right
chr3	180349670	180377409	6eaaa71c-f48a-4665-a2ca-56baaf174b30	180341382	180379192	rev	27754	-3	right
chr3	185562495	185583776	7b50bdb7-2a6a-4fa5-b451-1ea52e779a64	185551594	185590730	fwd	21117	-3	right
chr3	187003999	187010747	d85910de-fd8a-4f60-a349-976f73360c00	186981916	187010756	fwd	6736	-3	right
chr3	190672402	190686249	7fea5d3b-fefb-4cfe-a42d-50604dd85876	190668712	190686313	rev	13666	-3	right
chr3	190848514	190860656	c7e3a4b4-645e-419e-8e59-d263bb186e4b	190845012	190860746	fwd	12116	-3	right
chr3	194875957	194890776	ccd8af93-075b-4954-a264-3c2a3e986a9b	194875952	194898193	rev	14767	-3	right
chr3	195844877	195852028	cf69607c-d04e-4204-8e97-739ec8474027	195835596	195852033	rev	7102	-3	right
chr4	4945922	4953508	1d963d59-a12d-4744-9943-0768599570df	4940503	4954832	rev	7607	-3	right
chr4	10921268	10932656	a182768f-8484-458c-a3c9-f54ca604c444	10900751	10934938	rev	11322	-3	right
chr4	12314000	12324598	9bceb44f-723d-400f-9c2e-c03f6206a8f4	12312247	12328707	fwd	10558	-3	right
chr4	12926779	12935603	9a6221f0-52d9-4832-8ca7-b478d39506e3	12926090	12935621	rev	8746	-3	right
chr4	14295966	14308288	ac45027f-f554-4809-8558-7b76d2251633	14288156	14311115	fwd	12280	-3	right
chr4	14660153	14672132	88cc0505-b202-4bce-bd58-f758be05d8b1	14640469	14672138	fwd	11979	-3	right
chr4	18892309	18919174	d478cc99-74ee-49e4-b03e-c8d81ef40c12	18892302	18921316	rev	26536	-3	right
chr4	20338465	20347495	a5a78879-9c6b-42b9-93e1-641ac5e01eee	20332506	20347505	fwd	8948	-3	right
chr4	21019199	21036770	089f8f23-ea48-42d2-a6bb-f9162b9826ae	21008782	21036998	rev	17470	-3	right
chr4	28912581	28920698	e9a0ce85-c347-4ab3-90b2-e84d688d62aa	28912576	28921513	rev	8113	-3	right
chr4	36929744	36936191	f3bfe680-0d3a-4319-98e9-57f9e381d0db	36924310	36936199	fwd	6435	-3	right
chr4	38833711	38845209	71d93b3e-7b27-4102-812a-e1af250d532c	38828214	38846839	fwd	11396	-3	right
chr4	49131220	49145237	61f7b1f1-7e93-4f56-bb3d-3c8c452c31da	49100735	49156637	rev	3377	0.619617	right
chr4	49118978	49121936	d24b7e15-b2d3-494c-b39c-c13f689488f4	49111601	49143536	rev	2047	-1	right
chr4	49126760	49132276	d24b7e15-b2d3-494c-b39c-c13f689488f4	49111601	49143536	rev	2682	-3	right
chr4	49127187	49130176	d9a89cba-8326-4220-beb7-1428d27be158	49117434	49152864	fwd	3016	-1	right
chr4	49205056	49217319	5ada2ac9-31e2-4304-a50e-4445bb0a43fc	49205051	49217639	fwd	12237	-3	right
chr4	49636899	49642388	e0f2f26d-8a20-48c1-8043-b16f3a7728b6	49634725	49642393	fwd	2462	-3	right
chr4	49647942	49651312	9590c999-c4db-4001-8a4b-bdb1caaa02e4	49643912	49658098	fwd	4801	-1	right
chr4	57339349	57352368	25509818-7096-430d-8bb8-568d500c23ef	57338515	57372305	fwd	13035	0.055912	right
chr4	62255608	62264956	df55aa91-5684-4698-9576-ddbe382c0fa8	62251198	62264972	fwd	9277	-3	right
chr4	69044291	69052466	6e2e7ffb-2aeb-45cb-85bb-a1efdaff625a	69041104	69052471	rev	8246	-3	right
chr4	69878472	69902307	e5ade9d7-02dc-4fc4-a66d-bcdcfc5d21f9	69865475	69902855	fwd	23720	-3	right
chr4	72192183	72197144	a075526a-2923-4853-a5ae-a2fec59343e4	72189221	72197149	rev	4926	-3	right
chr4	72909357	72922956	f4bb2745-d2c9-4b8b-866f-89a11d27536e	72902567	72922961	rev	13451	-3	right
chr4	78712648	78726207	dab8c191-e2b1-4042-b30f-7f920db0e04f	78712641	78727243	fwd	13535	-3	right
chr4	78786819	78802527	a22bb4ed-7d77-4c75-bd66-c5211fa6a5a3	78775347	78803093	rev	15620	-3	right
chr4	80585992	80592654	a53edadc-1780-4cf2-bb89-00656e73a30e	80573933	80592660	rev	6639	-3	right
chr4	86365836	86375341	dd94b71c-4eca-40c5-9c84-a54f74ded1ec	86362162	86375352	fwd	9497	-3	right
chr4	88957322	88975417	e40a5ee4-380f-444b-8bd2-bf36b4d0cf0d	88957031	88976759	fwd	17998	-3	right
chr4	96542635	96554019	95c270bb-0d50-4520-90ac-918e260685e4	96540229	96554023	rev	11351	-3	right
chr4	96804846	96823507	563943d8-41ac-408b-87a8-a967cbfd35b4	96802651	96824095	rev	18536	-3	right
chr4	97576728	97598401	b23953d3-8bac-427a-8aee-f94e0adfae40	97575418	97617182	rev	21605	0.177445	right
chr4	102324306	102335840	6f03aef2-54fa-4acc-a121-b21aec14a203	102324301	102335847	rev	11456	-3	right
chr4	106541873	106563831	2483b9ea-9535-4487-b905-b97745f9f65f	106541865	106564754	fwd	21828	-3	right
chr4	109669771	109674993	10925959-b4d4-488d-9850-8b8616e4c820	109656780	109687527	rev	5208	0.923308	right
chr4	110140055	110162652	6943e345-dbc8-4d15-bf65-7443f129bcff	110137508	110162656	rev	22444	-3	right
chr4	112478788	112485783	06de921e-09af-48be-8daf-d6eadc5a255a	112476406	112485801	fwd	6961	-3	right
chr4	114393173	114403844	d1f63565-fe5a-4d82-9646-259b772549d0	114388075	114405235	rev	10598	-3	right
chr4	121899711	121912256	5e4bb776-aff9-49db-b2ed-5467bc992141	121889963	121912261	fwd	12488	-3	right
chr4	123414524	123428040	587ab17e-ac0d-49cd-81c6-3dd806433e86	123406959	123428044	rev	13450	-3	right
chr4	140034550	140040320	f1c7f227-6602-4656-8061-f293c85257e6	140034546	140040332	fwd	5764	-3	right
chr4	140214080	140228901	207a6d2a-5865-4205-973a-a95bb8c62fcd	140214072	140228917	fwd	14498	-3	right
chr4	141098004	141106857	77a2d4e5-0630-4705-9257-822b5d664560	141068693	141106864	fwd	8798	-3	right
chr4	145392359	145400352	bc75ef09-d540-42b6-babf-770b3dcda150	145384305	145400358	fwd	7994	-3	right
chr4	146460669	146473948	c1bbc869-449e-40fb-a0c4-4f10f67e0039	146457636	146473954	fwd	13236	-3	right
chr4	146473962	146484515	29972594-79a4-4796-8e0c-3c48edadf4a4	146463368	146484520	rev	10443	-3	right
chr4	148047866	148059922	2a381b20-61aa-42d3-b9bf-0f091b5f0b0c	148046792	148059928	rev	11998	-3	right
chr4	154834933	154850007	2c8aad6d-e6dc-4335-a25b-57b1e60f612f	154831798	154850254	rev	15058	-3	right
chr4	156750549	156764047	2265e983-9ab3-4c36-b224-fcee0d6015f7	156750541	156764051	rev	13145	-3	right
chr4	158482905	158507869	4d0d7249-0688-4aac-8bc3-95e8c2bad55b	158471614	158514094	rev	24811	0.093166	right
chr4	159563600	159572015	9ae6ccda-6259-45a9-b769-708d5178304d	159555922	159572671	fwd	8371	-3	right
chr4	159732529	159744156	16b6d400-ab7e-4192-bcc8-b3f931fc8080	159730858	159744170	fwd	11569	-3	right
chr4	160368393	160375961	8a980ab5-ffba-4025-ab62-b224e446d688	160362369	160375973	rev	7565	-3	right
chr4	166187850	166195437	2c859f38-8d43-481f-b5bd-890381bb1eb8	166187833	166198396	fwd	7573	-3	right
chr4	166413775	166419121	e1351efa-5d98-4fae-9352-6004e4fbf490	166396128	166419431	rev	5634	-3	right
chr4	170087167	170095884	22a3caa7-f6d1-4154-9852-b35641bf9749	170070157	170095891	fwd	8669	-3	right
chr4	176659483	176672464	a25c5e56-ae18-40a1-891d-67c939d73627	176646495	176672473	fwd	12957	-3	right
chr4	177282389	177305492	fc77108e-3cb8-4acc-90a8-1ccc5a498096	177282384	177307408	fwd	23014	-3	right
chr4	177890494	177897242	52520da9-4a47-4d65-b177-603026d28e7b	177863179	177898018	rev	6740	-3	right
chr4	178237573	178243811	a535e148-8394-4870-b00c-6f30cb5636c6	178234067	178243815	rev	6238	-3	right
chr4	181840702	181849112	9c46cc78-ebc1-4875-bd64-9ea9b8f50ac9	181835086	181849400	fwd	8423	-3	right
chr4	182035364	182043323	72085a94-ed4f-4c2c-9353-24a059265b41	182029618	182044092	fwd	7670	-3	right
chr4	185124759	185137934	f5287d78-6b40-4073-87af-1d088f58a22b	185123557	185137942	fwd	13091	-3	right
chr4	187229156	187242906	ef1ef889-3062-4258-a3fd-67a5baadd8ee	187227081	187265364	rev	13669	0.211176	right
chr4	187426363	187450445	74372f43-c630-4713-9e51-0d6d7c9c21d8	187421087	187452645	fwd	24310	-3	right
chr4	187498409	187512704	09017d81-af66-4b9d-a2d6-c8ef03c4dd14	187492346	187516230	fwd	14178	-3	right
chr5	2268468	2281010	8332b278-194a-4c76-82f8-fe62195e21cf	2265415	2281026	rev	12476	-3	right
chr5	2798392	2813563	7daec24e-d862-4120-b2dc-b1de51515dc2	2798381	2813843	fwd	15054	-3	right
chr5	12139711	12151386	080f8d57-0fef-4732-bf04-166ce1be15d4	12138908	12151394	rev	11642	-3	right
chr5	14773666	14789877	23f31ed0-e180-4948-a782-db45dd55b33c	14773660	14789884	rev	16079	-3	right
chr5	15521085	15537681	b57b457a-b8dd-4437-b270-1f6d38913744	15521079	15537686	rev	16510	-3	right
chr5	17818676	17826925	11e921e8-8450-4438-9b4f-57f2c8b059d1	17818666	17826929	rev	8220	-3	right
chr5	20955560	20974958	67773047-8b0a-4e4c-b983-d83430231ba8	20945673	20977035	rev	19393	-3	right
chr5	21370887	21382883	21f2f262-e2d3-4e02-89be-f596decaa4ff	21370881	21382920	rev	11953	-3	right
chr5	22490535	22501022	1d4869aa-b8fe-412a-aa05-27ee628d61c1	22464002	22515028	fwd	10484	-1	right
chr5	27655387	27673012	a8dc16df-dc1b-4bb7-82ef-fde682f311f4	27643938	27674310	fwd	17608	-3	right
chr5	32409260	32420372	d79417d7-8791-4f5d-8812-4d8c927cb9ea	32409252	32420984	fwd	11106	-3	right
chr5	34746759	34760879	3b45b5af-278d-4edb-b317-91ae148cf5c5	34728625	34763065	fwd	14027	-3	right
chr5	37053467	37073748	67c5371f-1b63-4b9f-9a90-4d574c2974ca	37046744	37076578	rev	20186	-3	right
chr5	37156660	37168882	a482c8e7-3c4a-4877-8ad8-11adae0deb34	37156655	37168888	fwd	12179	-3	right
chr5	37435409	37451348	c940f454-56d0-41b9-b608-c4e22ed64fd4	37435261	37459043	fwd	15797	0.165705	right
chr5	38765686	38772319	495c9f09-ea98-4a77-873c-69eb4b1d4d45	38761544	38772340	fwd	6651	-3	right
chr5	39350430	39358639	d3005f96-4e62-4017-8218-269e09d0b1f4	39346928	39358950	fwd	8222	-3	right
chr5	41590189	41601481	8be13bc4-a628-41ff-bd2e-abab731a0d4c	41571004	41619378	rev	11248	0.644044	right
chr5	41864221	41879364	d00227ee-9757-4ca6-badf-a23a1788b7b9	41861451	41879381	rev	15124	-3	right
chr5	43177769	43185952	472184db-6a52-4c81-bf8e-89e35784bbc5	43174582	43185960	rev	8170	-3	right
chr5	43589214	43597637	ed9cc195-49cb-4db4-945d-695fdc68a40b	43589062	43597643	fwd	8400	-3	right
chr5	45689942	45703734	91b4a13b-c3f5-40a8-a0d2-9684f31f42b4	45686902	45703738	rev	13705	-3	right
chr5	51254808	51261609	72714618-55e1-4976-ba94-fef5dc6a5569	51251594	51261615	fwd	6780	-3	right
chr5	53036737	53052423	a35465e5-0895-4a95-88af-c0ceb7a3dea3	53031890	53052427	rev	15561	-3	right
chr5	53382124	53389869	974b8b05-cf9e-44d7-9eee-3ce77aee5c02	53369638	53389874	rev	7666	-3	right
chr5	54730062	54743695	67074bb6-d335-45a2-a800-7fe7bfa0b09f	54730056	54745592	rev	13491	-3	right
chr5	54706781	54722813	5b479c60-6bd3-4c73-8f0a-dce81378fea0	54693072	54749167	fwd	15926	0.256934	right
chr5	61707359	61719390	ed871921-2dca-4de6-afb7-3608fa5bba12	61690737	61719411	fwd	11966	-3	right
chr5	80662828	80673070	a63fa8d8-3031-4623-9ba2-af694fba1ca5	80651785	80674211	rev	10232	-3	right
chr5	82378355	82393532	5e55dd60-8fcd-421a-b249-d9c326c2b68c	82378350	82397537	fwd	15162	-3	right
chr5	86022101	86034284	1e5ce467-0fb6-43fb-b158-fc68a5e3d461	86013107	86035208	rev	12184	-3	right
chr5	88845326	88852355	152b6ed2-1454-41f7-a869-cc09ddcfa2c3	88840806	88852360	fwd	7034	-3	right
chr5	89508832	89519670	a5fb4ea6-c362-4ae6-99c1-bf5ae6e85f5f	89502581	89520615	rev	10796	-3	right
chr5	90611370	90620620	97ea3633-ef2c-4e91-a055-c4a45a56f3dc	90590297	90655714	fwd	9213	0.239361	right
chr5	91400253	91407929	42199ab1-0fc3-4235-beb8-f8c30887bb42	91400193	91408327	rev	7617	-3	right
chr5	95749038	95759106	50463081-ed90-4bf5-abd5-04be4cc5c5b6	95749033	95759116	fwd	10017	-3	right
chr5	100108936	100117376	17d8de59-4783-4a11-a6ee-6a53a67ff085	100090527	100117383	fwd	8402	-3	right
chr5	100161736	100173988	19b911ba-ef3b-4466-a90b-ccab419febd8	100154487	100173992	rev	12199	-3	right
chr5	104219859	104227465	e303e8e1-bf45-448f-95f2-df59faf73a9b	104201733	104227531	fwd	7587	-3	right
chr5	109731910	109744393	7e913d1a-998d-4640-97b2-a11e0ed4aef7	109726631	109744398	rev	12492	-3	right
chr5	111557793	111581359	d0b508c6-1b05-4d21-9c16-03baafd80ce1	111557786	111586340	fwd	23435	-3	right
chr5	117465265	117482495	073c8bd5-b1d8-4d56-aa64-a00a16b06dcc	117450498	117482661	fwd	17062	-3	right
chr5	117769357	117782149	da0c7b57-27e2-4ba6-8321-918265fc503a	117764757	117785233	rev	12745	-3	right
chr5	121332925	121352468	22c67831-fd7d-4085-bf25-76c17742acde	121317288	121358058	fwd	19449	-3	right
chr5	129307858	129320456	b7a2efbe-2356-4ae6-b56c-4f9f47087582	129301631	129325542	rev	12611	-3	right
chr5	132732674	132743553	e9061652-77db-4943-8693-6ca51a29d857	132731013	132753873	fwd	10879	0.665386	right
chr5	136750237	136765421	17612288-6ed6-4897-bebf-450082c8c96f	136743984	136766562	rev	15140	-3	right
chr5	143183136	143197965	e8fb3b4d-c5c2-473a-8a70-3f26e513f3db	143183129	143207408	rev	14757	0.181724	right
chr5	149792172	149801995	07045eeb-4dd7-4c8c-827a-73ef048f0f07	149766581	149802013	fwd	9765	-3	right
chr5	152179178	152190727	9d93e611-7519-490d-9fe7-fe6c19196420	152179169	152190732	rev	11512	-3	right
chr5	159390532	159404454	c0ca3d67-2608-4473-8632-20471fdaaa89	159384109	159404459	fwd	13954	-3	right
chr5	164638355	164648546	72353df8-a869-401f-906d-180b28ed62e7	164628007	164648573	rev	10072	-3	right
chr5	164838367	164846510	ce45973d-dc34-4c3f-9fae-3cb2fea2ddfd	164838362	164848557	fwd	8105	-3	right
chr5	170643739	170654001	929d80df-91e3-4490-a455-eb64b744e971	170636045	170656760	rev	10214	-3	right
chr5	174056120	174060523	5abaed00-4861-4db6-a611-95abacd2582d	174050969	174068214	fwd	4397	0.262336	right
chr5	175604598	175614541	b580c573-6fdb-4686-b797-80115218243b	175599784	175614547	fwd	9919	-3	right
chr5	178337169	178353593	1c1f8316-191f-4388-b0da-55b147ce13d7	178336083	178365399	fwd	16345	0.204567	right
chr5	178380560	178388752	3036fbd3-7455-4d96-8538-53d9eea84b0a	178380553	178390341	rev	8184	-3	right
chr5	178469704	178483422	1490243d-97c6-4668-a144-7a93fa415573	178469696	178483949	fwd	13558	-3	right
chr6	8160962	8167690	d3b52ead-16fc-42bc-b8a0-122d6d061b92	8160958	8167696	fwd	6717	-3	right
chr6	8630650	8659165	515b24dd-bd5c-4040-9e5d-be82cf851a09	8630645	8677185	rev	28394	0.658646	right
chr6	14502924	14521385	7e5f560f-fff2-4adc-b166-4bd67db4ce3c	14488703	14522712	rev	18350	-3	right
chr6	18529473	18538118	9acecfb4-7b1b-482f-8acc-c72e8b6ec8d0	18523958	18538124	rev	8563	-3	right
chr6	20708595	20717533	9f81dba9-e52e-435f-8a05-75170029df7c	20708590	20717545	rev	8876	-3	right
chr6	22970990	22978310	fdbaac07-e8e2-400d-855d-078220da3e89	22964007	22978316	fwd	7276	-3	right
chr6	25039195	25052974	74685b69-930f-4657-8ce7-362924f658af	25032236	25053581	fwd	13738	-3	right
chr6	26847340	26852041	988c9cc7-2d89-4e92-bff3-cf68569ec454	26847334	26865907	rev	4688	-1	right
chr6	34803997	34815500	dbd7513e-c575-426d-8ba7-2c79b856ac1f	34793566	34815508	fwd	11514	-3	right
chr6	36401322	36410391	651b7f6e-b978-4a78-99c3-cad605227668	36401316	36410396	rev	9043	-3	right
chr6	36680375	36692970	54490c18-29f0-4c73-acbd-fb70ccfbf8dc	36680365	36698014	fwd	12519	-3	right
chr6	48112455	48119804	2f64dfc3-7d5f-4982-a5c2-0af0b4f37975	48094352	48119809	fwd	7307	-3	right
chr6	49608569	49616456	c754cc74-9008-450e-b6da-6e2995fd179a	49586844	49616462	fwd	7831	-3	right
chr6	55351940	55361340	b93b125d-5fbe-4f96-865d-7bd7dd119c6b	55351936	55361347	fwd	9390	-3	right
chr6	57555174	57566515	ede527c2-7498-4852-b802-07433388320e	57546818	57566523	fwd	11270	-3	right
chr6	74689689	74695411	73b3162e-5b4a-48a4-ad3d-ee669821c451	74686911	74698789	rev	5698	-3	right
chr6	75084162	75095068	bae2ab91-6f5c-4023-8b6b-a7861b9902b1	75076955	75095073	fwd	10836	-3	right
chr6	83623856	83628846	2bb59ee2-07c0-4778-9f95-68b263c0f50f	83619408	83628859	fwd	4984	-3	right
chr6	84481053	84493854	8486dcc5-e1cc-435f-949c-da268f28e9c4	84480281	84493858	rev	12779	-3	right
chr6	85404143	85425115	259277d1-b418-4a2a-a28a-032941bcff74	85404135	85426520	rev	20819	-3	right
chr6	85529224	85551544	294b79cd-fd3d-4f9a-a124-0d56b6b8524a	85528684	85552472	fwd	22181	-3	right
chr6	90075098	90094438	73fa1f20-21f8-4e51-a61b-1fe590f54a20	90065738	90101961	fwd	19222	0.474128	right
chr6	90573757	90582608	f36136ea-c12a-4316-a674-cecea37e3ccc	90568168	90582623	fwd	8823	-3	right
chr6	92624465	92633112	80938786-c88a-449a-ac9b-342967dcc9bf	92611948	92633122	fwd	8539	-3	right
chr6	93402604	93413577	4a1a2eb4-8c4a-4c61-8cbd-a058ba72e4d2	93387664	93419116	fwd	10923	-3	right
chr6	98293716	98313357	cc2acf10-4efa-405b-9cab-685c48d6c25a	98293708	98313884	fwd	19590	-3	right
chr6	102123226	102139718	b02414b7-2bae-44f0-990a-80bc48f96722	102110709	102139722	rev	16227	-3	right
chr6	105520973	105531077	6a6d7807-52cc-47cf-b6d5-d825b18a343c	105515257	105531081	rev	10035	-3	right
chr6	106627947	106640910	69fe2d82-61d8-4ca3-a1e5-ed5acc9cab57	106588915	106640914	rev	12924	-3	right
chr6	110252898	110268605	ca4c3117-f25b-46ca-abe8-eb56800f61fb	110239532	110270212	rev	15458	-3	right
chr6	113748632	113765021	27e25e62-6d5a-4f97-ada3-d65be23b4427	113741958	113765026	rev	16328	-3	right
chr6	121870858	121879052	c7ef469c-85ab-47e8-b295-a97435fb0ed8	121861525	121911644	fwd	8159	-1	right
chr6	122206476	122221574	d4279e0f-5bf7-4c05-b078-d33289ad25a3	122206470	122221772	rev	15034	-3	right
chr6	122813861	122827920	d9b62e46-b1f7-4883-98ca-b33b5bc8ab1f	122813855	122827926	fwd	14019	-3	right
chr6	129876355	129886007	6b833286-480b-4181-821c-349d10a41d4c	129876062	129886012	fwd	9629	-3	right
chr6	132435998	132448952	7f6bbd11-2525-4db5-96f3-1816ff916241	132430886	132473351	rev	12883	0.980777	right
chr6	138344776	138353641	d0d1286a-2a46-4144-9897-ff5287d5a6d7	138343441	138353651	rev	8805	-3	right
chr6	145003186	145015095	b5f722db-5a11-4d81-a10c-c4db72a4c4e6	144985017	145015739	fwd	11837	-3	right
chr6	145484744	145488478	587b5dd4-fd3d-40b2-9e15-d1f9c7463461	145480038	145509840	fwd	3687	-1	right
chr6	151377322	151384544	0a716762-1b55-484d-8bf7-650a86df8633	151369903	151384550	rev	7175	-3	right
chr6	155138387	155149297	9f7dd7bd-b81d-4756-8310-f5f7acc14d7e	155108864	155149302	rev	10892	-3	right
chr6	161959105	161965509	813771b8-c77a-4a7f-94f0-3dacce7add3a	161952416	161965513	rev	6385	-3	right
chr6	164252150	164265350	eabf1c87-68ae-4eae-9b60-0bd075f83fea	164236155	164265354	rev	13130	-3	right
chr6	165716944	165730790	fb4dc9f1-faad-4cc7-852f-51d6cf0a40d0	165716939	165737557	rev	13804	0.372918	right
chr6	168518550	168524622	3c0093d5-4034-4bf6-a5e3-22b66e1243db	168518545	168524628	fwd	6021	-3	right
chr6	169502785	169515035	ef1c7149-f8db-4676-af4f-36e8a2a04611	169501961	169515088	fwd	12233	-3	right
chr7	2389656	2402513	38988372-2078-40bb-83f7-c8e9c418e702	2389645	2419066	fwd	12839	0.141515	right
chr7	19142100	19147924	1a69f5a0-cc55-4a05-acfe-ad4cd96a24cc	19132811	19147929	fwd	5794	-3	right
chr7	21447303	21456005	43ae0014-2366-4d40-b525-9c2e7df02c53	21441341	21472049	fwd	8542	-1	right
chr7	25550746	25560248	5b163bba-3bd5-4596-ab92-56480268fef1	25543842	25578050	fwd	9460	0.548553	right
chr7	27768878	27775859	0f1b558a-a0a7-47e0-8e6e-7023f1655e79	27758490	27775867	rev	6929	-3	right
chr7	29076000	29100619	00c645c4-3364-4589-8b89-a8fd5ffe4bc9	29055962	29100692	fwd	24573	-3	right
chr7	30867982	30879110	0f9a7f59-86e5-4dbc-bf3b-48e16d162c4a	30860317	30879116	fwd	11036	-3	right
chr7	37629568	37658790	50ab17c5-bd02-4d34-86b1-98ae44927f6d	37626035	37668306	fwd	29086	0.056414	right
chr7	40457261	40470561	82d01c96-547e-48f3-92c9-005349d70edc	40441659	40471072	rev	13249	-3	right
chr7	43391668	43400966	91fd3f79-922b-4ac8-8d3a-3b5748c159bc	43391649	43416095	rev	9265	0.214597	right
chr7	45008625	45016522	30810c4a-5aac-4c43-8405-0e14752a86f3	45008619	45037687	fwd	7870	-2	right
chr7	45111582	45127922	aa3e022a-155b-4268-855b-8c2bb4d4e546	45107394	45130087	fwd	16278	-3	right
chr7	62343501	62349506	2224c52a-ef9d-4f46-ba05-7350bab12a5f	62343496	62358864	rev	3860	-1	right
chr7	62660112	62666696	669339bb-5186-4d33-8778-a34ed492f94b	62650528	62666704	fwd	6584	-3	right
chr7	66448194	66457995	5b289423-3a91-4ea3-a352-723b4a701dbb	66443749	66457999	rev	9766	-3	right
chr7	71632453	71645462	e0d2deb4-27e8-44ca-b61c-be0ff737b302	71632445	71645471	rev	12885	-3	right
chr7	76085476	76089344	0b6ac1ea-f42f-41dc-82ab-e52e7cc1f3c5	76078765	76089350	fwd	3832	-3	right
chr7	81117317	81131689	6c6a654e-c1c3-4505-b1b9-28161971d404	81112299	81135223	rev	14320	-3	right
chr7	83867595	83889614	e3cf787f-f4f5-4af9-ae4e-df098925c72e	83865749	83889714	fwd	21875	-3	right
chr7	87476987	87483832	0abf8711-537e-4e70-9a77-ccd5f6a4466e	87458676	87483838	fwd	6783	-3	right
chr7	90644621	90661054	bdfc5fbd-a782-4d00-8d84-c05037434275	90644616	90679222	rev	16325	0.208491	right
chr7	108762282	108775470	1e64d14e-a504-417b-b1ca-a1b0f06da5a6	108754514	108775475	rev	13152	-3	right
chr7	110891823	110897957	06dba6b3-9004-4093-a692-5fcc080514b5	110883035	110897962	rev	6094	-3	right
chr7	113273433	113283775	8ba5f44f-d166-466f-86be-452d3f2bb61f	113265953	113283782	fwd	10300	-3	right
chr7	113977807	113985170	b3f373a6-2b5d-4530-a421-358b99fb3eee	113958902	113985175	fwd	7348	-3	right
chr7	118480128	118488346	ac3d8f9e-1029-44c1-bb1b-1c0d83da6130	118440334	118493530	fwd	8191	-3	right
chr7	119105580	119117454	13a3c1b3-56ce-40b9-87d4-913ce54f4a12	119103853	119121465	fwd	11775	-3	right
chr7	122295366	122300878	5b390053-d24d-4385-bc22-3b035d7eb5ae	122295361	122300882	rev	5473	-3	right
chr7	124450671	124471252	762a1866-5d06-4117-b336-aa110dfa4425	124436500	124471256	rev	20511	-3	right
chr7	131874688	131890503	94aa59f5-c1f7-4e7d-91cf-1f941bc87cc4	131874683	131890714	fwd	15684	-3	right
chr7	134652862	134663153	a96b3f03-279e-436b-9d60-1d0aee7af7d7	134650308	134663158	fwd	10242	-3	right
chr7	140776323	140788165	2b8a488f-01a1-4267-ae42-d6fe2f2ac376	140771497	140788176	rev	11774	-3	right
chr7	143890265	143903352	35868066-e734-45f9-ba8e-a164f077bdf3	143863851	143903357	fwd	13028	-3	right
chr7	149390381	149400966	17976c77-99ba-4157-bd53-dc1e1f1a48a8	149382518	149406560	fwd	10582	-3	right
chr7	150009889	150018836	c1d27905-fa59-4fa6-bffc-a05d905fde3b	149997072	150018840	rev	8912	-3	right
chr7	156660391	156665797	afa02897-40af-48de-a7e4-ac37a3710006	156658221	156665805	rev	5383	-3	right
chr7	157001144	157012353	163d370a-320e-4120-8738-0d80903d1b06	156999538	157013293	rev	11210	-3	right
chr7	157581263	157588123	f50dcd04-c80d-42cc-a3a0-a8af3187ec8b	157571946	157589296	rev	6795	-3	right
chr7	158576422	158586161	4a783407-a6e8-49c3-a570-3b82d5fcb516	158563278	158586722	fwd	9715	-3	right
chr8	6965682	6978485	3df49533-9cd1-46ce-9cee-f80d09fdd926	6963789	6984561	fwd	12775	-3	right
chr8	8533780	8541116	36e5710d-cf6e-475a-be6d-cb7bfa25b19b	8498432	8541122	rev	7281	-3	right
chr8	15483906	15498005	0687532e-c49b-4a29-b2a1-6ac6512a1744	15478403	15519144	fwd	14024	0.109753	right
chr8	16695703	16709460	181f50b1-0822-4094-8b56-2c930991802e	16695691	16736766	fwd	13681	0.353279	right
chr8	20949705	20964435	d490dd0e-c94b-4028-935f-3a54daa8beb7	20941504	20985649	rev	14698	0.033283	right
chr8	26170001	26176751	396b60fe-04ef-4064-8789-0fcf38ffa1c9	26168115	26176758	rev	6716	-3	right
chr8	26575616	26587044	2d7e45e1-0ba5-49c7-962d-f4e916566baf	26548653	26593280	rev	11427	-3	right
chr8	27648229	27654409	06436faa-d13a-4c68-bb12-d9db5ff13e01	27640080	27654559	rev	6164	-3	right
chr8	27729216	27742077	5afb3647-c882-493d-93cf-3e7874888bbd	27728564	27756345	rev	12796	-1	right
chr8	27854147	27867092	eea2d234-53d8-41c9-b281-afe7ce6a23d7	27840800	27868137	fwd	12875	-3	right
chr8	29775520	29782527	cdd95965-8f99-4377-9bbb-ff1877087bad	29760820	29782532	rev	6978	-3	right
chr8	33960863	33982345	589941ca-35a6-4933-96d0-52d5defae47f	33949369	33994538	fwd	21453	0.502354	right
chr8	34954445	34965970	14d91de4-b94b-428b-95ba-e63eef53be17	34954440	34965975	fwd	11417	-3	right
chr8	37974053	37981664	05c6b53e-6e2b-45e2-8cc9-f854ccd76d42	37960870	37986444	fwd	7579	-3	right
chr8	38193131	38216091	e67b6385-3c2e-450c-a5f0-77fbfc0db8c3	38193123	38216096	fwd	22835	-3	right
chr8	42709129	42719216	4c82dbb4-195e-43e6-a261-58f193a3a74b	42701581	42724027	fwd	9951	-3	right
chr8	47429837	47448011	f1400318-9b5d-4b47-8696-874afee68b45	47420848	47448020	rev	18063	-3	right
chr8	48314679	48331669	107686ff-9126-42f7-b098-b14cfdf0682f	48314165	48348746	rev	16954	0.075277	right
chr8	48694325	48721270	8e6b5ea3-1452-4305-8ae1-efd8bca2e31e	48679763	48721962	fwd	26814	-3	right
chr8	53050781	53067068	965b5db9-71c5-4560-966a-95de39cad94e	53026886	53067073	fwd	16211	-3	right
chr8	61997072	62011237	71f5a775-7385-4fd3-ae90-3a96b08d41aa	61996000	62018877	fwd	14113	0.545804	right
chr8	66694599	66705186	fda1a8a9-98e4-4532-9902-2e2423783781	66694569	66717121	rev	10579	0.04654	right
chr8	70043292	70046756	2186651a-93df-48cf-a8ca-441cb535a29f	70038676	70046762	fwd	3478	-3	right
chr8	73960153	73968517	85ed6796-2037-4dd1-8df9-4ed720377c84	73960149	73968523	fwd	8382	-3	right
chr8	74567327	74595558	b6982672-a841-46e0-9c14-4947e6b44d5d	74564171	74595564	fwd	27785	-3	right
chr8	75134100	75152479	d0c477cc-c33b-446a-8cc8-37e8717801a3	75130443	75152559	rev	18298	-3	right
chr8	75817514	75828801	4290e21f-4f03-488b-ba32-22fb213c7a07	75802330	75828946	fwd	11136	-3	right
chr8	80570324	80599666	c084253c-d05e-45b5-95b7-c5f8dff9ba1b	80566740	80600747	fwd	29077	-3	right
chr8	81165420	81182225	2099cbca-2c0e-4efd-b3e8-b46fc6cda9aa	81163934	81182231	rev	16704	-3	right
chr8	81376222	81383389	5ca1edc0-ee75-4adc-93a2-b88e8a40b0aa	81371356	81383394	fwd	7128	-3	right
chr8	82880417	82891181	743cd090-8519-4060-b384-f1318a389f5a	82879049	82892110	fwd	10755	-3	right
chr8	86838492	86850279	7dbf4de3-d239-4f71-bb7e-8b0b595122b3	86833982	86850284	fwd	11737	-3	right
chr8	88264246	88286221	27b2502d-a8dd-4d12-9330-3bf8f6a7a55b	88262371	88286575	fwd	21846	-3	right
chr8	91545800	91552562	098786c7-59b4-4c01-a521-3ec0c46bb0ff	91539015	91552574	rev	6750	-3	right
chr8	94090209	94102856	a403a77b-fffa-4638-b8d2-d939507e1340	94088777	94108183	fwd	12612	-3	right
chr8	95205477	95211593	9bc387dc-7b12-4f27-8a69-b6dd210f0c82	95201412	95211601	fwd	6050	-3	right
chr8	96157369	96170220	04d283cd-39b8-4245-bd75-eb90e2643433	96132239	96172257	fwd	12836	-3	right
chr8	96730676	96740529	8bd7d9a1-2c54-4bb5-bb0f-24ecdfce4a34	96730670	96740534	fwd	9795	-3	right
chr8	98011016	98018977	faa5ba5b-79a5-46aa-a3ff-6c7774bef1f6	97986103	98018982	fwd	7950	-3	right
chr8	103005359	103019865	d7d21b75-b7be-48d5-aa68-bebb71e4123d	102948558	103025275	fwd	14332	-3	right
chr8	103097740	103106652	2c32dd76-6f87-487f-aab5-3f4b10bc61cf	103092815	103126802	rev	8829	0.319148	right
chr8	103392629	103400219	0fa7cbaa-d3d3-4a6f-b15a-771d143fee6d	103382949	103400227	fwd	7511	-3	right
chr8	103546788	103553438	9335e6c2-fb81-4b3a-b37a-fd56f82445d4	103542616	103553446	rev	6648	-3	right
chr8	103870916	103880262	f309e2ba-b312-4c10-833f-78cb3f88e240	103851800	103886805	rev	9378	0.124471	right
chr8	110770235	110777801	6711e124-06db-4f6d-819f-cc7fcbd57d86	110770228	110778485	fwd	7537	-3	right
chr8	115420273	115439107	4ecb38cd-bc6a-43a4-8357-2fc1fd8a0663	115419097	115439272	rev	18659	-3	right
chr8	118415558	118427124	474b70af-72ca-4e73-962d-0cf8b900a475	118409964	118427128	rev	11444	-3	right
chr8	118800598	118810057	f7fdece4-4b5a-4936-abbd-7e03150f2d3d	118786452	118810099	rev	9378	-3	right
chr8	119030504	119043655	93f8ac9f-de96-4ccc-8d86-30914a609e88	119030499	119043659	rev	13171	-3	right
chr8	123419800	123430957	1aace483-dbb8-49c2-b9d8-420ceeda5b72	123410056	123431494	fwd	11136	-3	right
chr8	130765950	130770064	0e0750f9-76ae-4882-9a3c-d1aca5c62905	130750442	130770069	rev	4080	-3	right
chr8	133376462	133386083	110a8936-0cfd-4749-939d-9b6f885d81e3	133376458	133394997	fwd	9619	0.74312	right
chr8	134012304	134027128	22904d5f-f394-4fd6-9a57-38d6eb0ce836	134006531	134046213	fwd	14793	0.201113	right
chr8	136394522	136413323	7b69200d-722f-4e0b-9680-59ead7298f4a	136384972	136413644	fwd	18730	-3	right
chr8	142265805	142274276	3851ecb2-eb83-4e23-a1da-6c2db5acaa53	142263328	142274290	fwd	9294	-3	right
chr8	144446665	144449932	1ceefd47-50ab-448b-93cf-f8a7d6c2a16a	144434642	144472287	rev	3246	0.119141	right
chr9	2827416	2838838	122dd200-407a-4983-95a3-7846db86c94f	2820445	2839425	rev	11349	-3	right
chr9	7283477	7293543	2ffae1ab-3913-483e-94d9-9983dfd757b1	7280837	7293548	rev	10036	-3	right
chr9	9795585	9828493	d48d51f8-0def-45e2-949f-0cc93ce23ad3	9793394	9828498	fwd	32793	-3	right
chr9	10037785	10054438	f5a23520-6f09-46e8-9e6f-1dcd8c94b16c	10037781	10056273	fwd	16707	-3	right
chr9	20697781	20720152	dff1d708-817c-433a-be58-3259ca320a02	20690504	20720157	fwd	22116	-3	right
chr9	23748788	23764127	c1c21e2f-280b-43a5-b0b3-82eeca314694	23748018	23764137	rev	15289	-3	right
chr9	24629449	24635383	260eb3ba-b54c-4f00-8ff5-645b667612ff	24629442	24640777	fwd	5906	-1	right
chr9	31962188	31975019	d6396804-e13f-4976-95ee-7ce89f12040a	31958861	32006144	fwd	12787	0.655213	right
chr9	34582882	34590639	24698e04-70dc-4ed8-9516-e5ccaddc6dbb	34579989	34608883	fwd	7740	0.703021	right
chr9	35708148	35717106	54aee2e4-ad27-4860-adca-58fcce1569fd	35702964	35717113	fwd	8963	-3	right
chr9	37334090	37345753	a5a5b244-3b3a-47a8-a891-c98c7ff319f4	37333747	37352027	fwd	11637	-3	right
chr9	37647424	37653698	471f684e-7c4f-47de-951c-953ce34d82d8	37644619	37653708	fwd	6255	-3	right
chr9	37651007	37661816	241df71b-2f4c-4218-b28f-c373d96798ae	37650997	37661830	rev	10780	-3	right
chr9	42219469	42230332	4a720799-26b2-47d9-9715-8fabddfc0230	42219464	42248856	rev	10813	0.297951	right
chr9	68284538	68301427	883326a2-2a66-4109-bf78-748dfb3eb3fa	68277135	68317147	rev	16783	0.313897	right
chr9	70619764	70628932	2e2f3d59-846d-498c-a4d5-734700e52729	70619043	70629127	rev	9080	-3	right
chr9	73492688	73510268	90201a8b-2dec-4666-8994-43a0a37e28c3	73492679	73510279	fwd	17522	-3	right
chr9	78965784	78977028	a34d329d-0e57-465b-aaee-b7dbf475d1ca	78944084	78977033	rev	11247	-3	right
chr9	83572326	83580613	538c734b-9da5-47c4-a9ff-748837fb0561	83570116	83580620	rev	8159	-3	right
chr9	87600866	87615174	878ff67f-b42e-4124-932c-feb8b05d2a39	87600860	87615181	rev	14313	-3	right
chr9	91541727	91557588	668188da-9a7b-451d-b0d9-c8197bfb6be7	91541722	91564856	fwd	15839	0.035327	right
chr9	94388133	94396005	b3f4f43c-3db6-40b8-a308-41abd4f7d86d	94376306	94396013	fwd	7875	-3	right
chr9	98567250	98575057	a1766f29-6abe-4f2a-a9b9-9a7f78688286	98567246	98575072	fwd	7843	-3	right
chr9	109500561	109508706	9b355845-882d-4c6f-b71c-1d490925518a	109484225	109508713	fwd	8135	-3	right
chr9	113016678	113030298	6f1a5872-c64d-4d8b-be7a-1b7014ebe235	113016666	113030302	rev	13532	-3	right
chr9	121672876	121686710	efaa9fd1-ba00-43af-8b83-4051595a9978	121668140	121687278	fwd	13770	-3	right
chr9	123838786	123847815	b0787d8f-dc95-49a4-80ab-bb845a50b3be	123837334	123847826	fwd	9020	-3	right
chr9	126989125	126998283	45b17c5e-613a-43b9-90c2-1dd71415018c	126989109	126999886	fwd	9112	-3	right
chr9	128186890	128196631	3e362b11-2526-4ca4-aef6-74dd87a82719	128186878	128196901	fwd	9728	-3	right
chr9	128882384	128886738	bb1905e7-a6ef-4ddf-a900-8a51c4e5bb65	128855196	128891492	rev	4332	-3	right
chr9	133113331	133119364	de566b2f-a74f-402b-80e5-27999a4005fd	133108368	133119371	fwd	5984	-3	right
chr9	134568328	134576605	07d83cb5-f984-456f-8343-5670ff249bfc	134566455	134576617	fwd	8233	-3	right
chr9	138165109	138172215	edb6241e-bac3-4373-a70b-6faba7f4ee7d	138159320	138172359	rev	7077	-3	right
chr10	13237559	13252478	0e24f67c-792d-47e1-9aec-d4882ff6f486	13237548	13257103	rev	15229	-3	right
chr10	15408254	15426309	7b8d030e-d1c9-48a8-bf93-9d74d439ae2c	15405154	15426625	rev	17934	-3	right
chr10	16954808	16962286	b9ba7494-36eb-453b-843a-694a960f4cbe	16951532	16963491	rev	7410	-3	right
chr10	18791700	18798577	7cea3a90-2638-4ed6-b5e9-43937b74351e	18774653	18798626	fwd	6865	-3	right
chr10	19917581	19926346	3bb4c078-1f82-42ee-929c-fe446253b9fd	19915907	19926351	rev	8743	-3	right
chr10	20395709	20400909	5ec3e6d6-f8b7-4e47-85d4-6723c7a5d71b	20385981	20400924	fwd	5156	-3	right
chr10	21849270	21857656	ccaba64d-0575-4959-be70-cc359be07cfb	21845477	21860224	fwd	8330	-3	right
chr10	25517280	25528339	7d32a8fd-273a-44f2-8780-6a2310a7eeed	25513696	25528344	fwd	11041	-3	right
chr10	26592624	26603917	b3700b13-2bd0-40dd-9f2b-4fc9ad6916d5	26591079	26606177	fwd	11346	-3	right
chr10	27481322	27498572	2761ac39-5580-4d9b-bdfa-a182597aca04	27481315	27498585	rev	17122	-3	right
chr10	28734048	28744380	2b4c25f7-341f-4415-b355-de055a91395b	28732371	28744386	fwd	10363	-3	right
chr10	35722352	35738582	a00bb248-8033-418f-91ab-b6ed1e8356fb	35709971	35739232	fwd	16150	-3	right
chr10	39153861	39161045	fad1a19e-dfea-4df8-97d2-0dfe16569841	39153856	39162633	fwd	7208	-3	right
chr10	41869233	41875799	3d6f3227-9dd7-4cc0-9cb6-61eb9d03e2b5	41851094	41879384	fwd	4536	-3	right
chr10	41906806	41914445	1ca6c4a8-0f80-46b2-ac5c-628a45fafa97	41860203	41916258	fwd	6678	-3	right
chr10	41888557	41891662	9e646095-6e73-45c5-aaf2-a7e94e14633e	41879328	41892461	fwd	2962	-3	right
chr10	41884242	41890479	19189686-06da-4937-9653-78179ae02abd	41881813	41898802	fwd	5531	-1	right
chr10	41885445	41896613	efd6995d-b603-413e-89f9-056c45385901	41884246	41906978	fwd	6612	-3	right
chr10	41896698	41900646	2414501d-a28a-4d87-a014-dddc462edbf5	41886237	41901184	fwd	4489	-3	right
chr10	41907908	41911344	8274a84d-542b-4eb7-aa58-88139a704dd9	41904110	41916259	fwd	849	-3	right
chr10	42093934	42105067	5dfa78ca-c77b-41fc-94b4-a0a93cf0cbd5	42066265	42105072	fwd	13383	-3	right
chr10	58720269	58730819	ba028bfa-1536-4081-962a-d56d8a833988	58720108	58731949	rev	10494	-3	right
chr10	59118364	59125838	867f3bbf-0f49-453d-aba6-95d615e4610c	59109879	59125847	fwd	7417	-3	right
chr10	62901358	62921002	e2aa8003-ae85-4116-b767-ed723bb268e3	62897679	62921608	rev	19645	-3	right
chr10	65126083	65137371	562432ff-354d-4c93-b87c-18f4b298bde2	65118010	65137386	fwd	11179	-3	right
chr10	65202547	65211927	e09e3ca4-4eeb-4161-965f-759e07b36915	65202540	65213714	rev	9337	-3	right
chr10	66557552	66570966	07115114-770d-4369-9053-46ab72f8ce9e	66537154	66570970	rev	13485	-3	right
chr10	70983801	70992965	81c02bd8-c795-4512-8f8c-c8a88d71762e	70974194	70998831	rev	9137	-3	right
chr10	72403837	72407478	fe998388-28a9-47df-afc7-eae85c4d9dcd	72387464	72407529	rev	3616	-3	right
chr10	72559813	72575044	5a97fd3b-438c-4b6c-bfad-67a22000a381	72550288	72576349	rev	15160	-3	right
chr10	75611849	75623198	b86ddcb2-847d-4f83-9d20-dcae39362722	75610172	75625045	fwd	11307	-3	right
chr10	77177899	77190796	0fb6e554-53f2-44b3-8184-1b9e65e1bfb1	77164641	77190917	fwd	12820	-3	right
chr10	79028026	79044387	5219435e-65af-4440-a247-b64fb02391d0	79027854	79047881	rev	16257	-3	right
chr10	79395931	79403431	77bbea17-f720-4f70-b349-53554d4cbe6f	79391832	79403454	fwd	7463	-3	right
chr10	80118657	80132963	7c59f016-ad3b-4390-a395-abc49dba04ac	80118650	80132969	rev	14265	-3	right
chr10	80786468	80795045	c6d932f5-a187-49b2-bb17-8c9c32d8af2e	80759855	80795114	fwd	8548	-3	right
chr10	81617907	81624477	5d781a47-a8b9-484c-bfdd-45127b89abe6	81617298	81634126	rev	6511	-1	right
chr10	91849259	91862068	947ed719-f2df-4063-bd5a-17ef76c79987	91838954	91862074	fwd	12794	-3	right
chr10	92834874	92867419	9a12e930-cfb0-4868-bdf5-e21ea1cbbdb8	92824981	92868157	fwd	32279	-3	right
chr10	93002987	93026180	1beb20ac-08ac-4504-ac11-4755969ec514	92990078	93035290	rev	22991	0.328197	right
chr10	94422040	94440351	50600f59-4b97-4956-96f5-3d707f0939f3	94422034	94445852	rev	18206	-3	right
chr10	98688641	98700334	81c11cce-09a6-4b61-b5ef-865710320400	98688635	98700343	rev	11671	-3	right
chr10	102228531	102242347	85b43d07-6200-4430-aed2-83332956b231	102196701	102242354	fwd	13794	-3	right
chr10	106377466	106394979	8c91f9eb-1b66-42c7-a733-bbb992d7dd1a	106377461	106394988	fwd	17339	-3	right
chr10	110413531	110417135	162e74a2-5370-434d-973a-39b529fc2078	110405985	110417150	fwd	3588	-3	right
chr10	111525999	111546717	0f5ef79c-4e42-4836-abb4-d195bb38f1c6	111518903	111571493	fwd	20651	0.450673	right
chr10	113378440	113395990	dab1bacb-7730-4ad4-a40b-9a596936e077	113377930	113395995	rev	17470	-3	right
chr10	119661960	119686123	191900e3-deca-40d4-82a5-d3bae16548fd	119661872	119686139	rev	24138	-3	right
chr10	132485063	132494785	c88457c6-fe47-4ac8-8f13-40335ff227a0	132462491	132497171	rev	9547	-3	right
chr11	3460612	3468587	c15c4b92-ab0e-4754-ad6c-13e616836b2a	3460608	3468618	fwd	7960	-3	right
chr11	3893906	3899579	a1110be6-7e6c-454b-8d60-2ac8260962b7	3893902	3899641	fwd	5582	-3	right
chr11	4231345	4242254	c1d80d07-0db2-4d66-8c0d-1dcc0b0b9b2c	4228761	4242690	fwd	10824	-3	right
chr11	6930112	6942129	6ce64a5a-cee7-438a-8a18-25deeb645044	6925230	6943075	rev	11902	-3	right
chr11	10827143	10831969	3ccdcb3e-09f8-4007-aec1-2760fa6c9e7f	10821977	10842239	fwd	4816	0.580654	right
chr11	10995903	11007639	05d7403f-b8e6-49b3-aeda-560e58c64569	10980893	11007963	rev	11535	-3	right
chr11	11378613	11392478	d4b0a202-3382-498c-b977-9126e3c0a389	11370660	11392483	fwd	13801	-3	right
chr11	13521888	13541971	9663e478-a0a7-4612-9580-6be730a61be6	13511753	13542617	fwd	19955	-3	right
chr11	15404334	15415676	627c6652-a66b-470f-884c-580ddec807ab	15393639	15415684	fwd	11316	-3	right
chr11	17080989	17095731	214b9a42-b7b4-4549-a424-ae0629d21077	17072909	17095740	fwd	14677	-3	right
chr11	17496632	17503932	b0d7d215-2fcd-456f-bbcf-02873882ab42	17485602	17504377	rev	7260	-3	right
chr11	21765383	21791524	440f9ffb-eda5-4a09-8516-bdd4a6622a34	21745198	21791537	rev	25963	-3	right
chr11	23771223	23789283	6c125288-c2bc-4498-b0f0-4fd164918c31	23752936	23789288	rev	17965	-3	right
chr11	27478762	27487884	01353b43-b96d-4cf9-9d0c-32e7d54dc70d	27478751	27489272	fwd	9088	-3	right
chr11	28740966	28748061	461243e1-d20b-4d2b-bd65-ac78feb52721	28739384	28750935	fwd	7072	-3	right
chr11	28881351	28894740	d3fbb60b-54b2-4e83-a645-55623a101297	28877604	28894749	rev	13259	-3	right
chr11	30940092	30954780	71407e25-0d55-4304-aa2d-52492ad9713e	30938241	30954787	fwd	14784	-3	right
chr11	31096129	31114640	646713bd-a5ed-4066-9d05-f8052f2ef8be	31095168	31114646	fwd	18464	-3	right
chr11	32707963	32723546	b52f503b-dfc6-445b-9ec6-11d38115d932	32689106	32723553	fwd	15531	-3	right
chr11	36335161	36347716	32d2bea4-2371-49bd-8039-bee1202fe663	36321583	36347722	rev	12534	-3	right
chr11	38811115	38821597	f7ec5c33-cf6e-476e-9de7-653992265d48	38806739	38821604	rev	10549	-3	right
chr11	39542962	39572463	e3f910fb-80f5-49b3-a561-8877a1475e76	39540972	39578962	rev	29309	0.054841	right
chr11	40735452	40760799	ede43cd2-4bda-4162-9f9e-ab4802249baf	40735446	40761785	fwd	25110	-3	right
chr11	43698766	43717370	f23d0457-b843-48c1-afb1-77e01229d42e	43698759	43717904	rev	18548	-3	right
chr11	48054369	48074894	5f2ed435-a96d-47ce-864e-75cae98f6c7d	48054357	48079647	rev	20431	-3	right
chr11	48113388	48127367	5a103d05-5e80-4b46-8b48-871cd47c14b6	48112891	48133437	fwd	13900	-3	right
chr11	49583228	49607412	6d4a8811-8d52-4b7e-aca9-8621b32acd6d	49572299	49607968	fwd	24056	-3	right
chr11	58257944	58275561	7d81483a-af25-4cdf-a1c9-58ddfaddac29	58248951	58275567	fwd	17558	-3	right
chr11	63197241	63215133	a31d1e73-37df-46f7-b52e-ea5fa4058788	63177764	63226084	fwd	17848	0.348656	right
chr11	64151655	64161730	aede9f9a-a882-4cab-8f0d-9c3315e1a61e	64139758	64166091	fwd	10045	-3	right
chr11	66588878	66598025	a31be8af-6d51-4156-a210-911e7558ac95	66578264	66598528	rev	9142	-3	right
chr11	67921651	67929710	1f123562-708a-4621-b0a3-2a9a8d2fc9f6	67918974	67931132	fwd	8047	-3	right
chr11	70622851	70628351	88fabfce-00ae-47b4-a8a7-48cf1846e23e	70617798	70629215	rev	5495	-3	right
chr11	72409457	72418825	2e57c8dd-ffa7-405c-ab3c-15481bb49882	72405008	72435707	rev	9348	0.41763	right
chr11	73243767	73266617	4de527ba-1914-4d98-a97f-37def2a36ba8	73240320	73266626	fwd	23821	-3	right
chr11	73308723	73315132	5d27c256-6ddd-42bf-bd68-6dcf139ca38f	73299669	73315143	rev	6407	-3	right
chr11	73415897	73422920	82adfb59-8370-468f-9151-5e101348525a	73405060	73422928	rev	7021	-3	right
chr11	73647621	73667951	bf9de89b-a88a-4b60-9996-26d6cc607cc0	73640828	73667958	rev	20429	-3	right
chr11	74016523	74021328	5fbf42d8-3cc9-448b-968c-e239bd133027	74010384	74021337	fwd	4794	-3	right
chr11	75417039	75430090	728b0307-3d00-4fde-aa4f-09f50b6886ad	75395624	75430899	fwd	13007	-3	right
chr11	75973569	75981878	98ff3242-7353-4d61-b2a1-952c22f75ca9	75973565	75982888	fwd	8308	-3	right
chr11	76038289	76057057	38b0da15-7d99-4d78-8662-f64a2650fcea	76038285	76057066	fwd	18723	-3	right
chr11	76333048	76338420	4004e3e7-5f4b-441b-a77f-16409f55edc1	76326871	76340688	fwd	5391	-3	right
chr11	76445335	76453136	bcdf32c8-c83d-460f-862e-f5b1f478e6fe	76437401	76453142	fwd	7737	-3	right
chr11	76647772	76655107	acd7febb-2a50-4d20-8c43-599d3830556c	76606080	76656029	rev	7265	-3	right
chr11	76725403	76733674	86b17451-8ca1-43c5-99b9-c6332a6adebc	76723966	76733680	fwd	8272	-3	right
chr11	76749303	76763118	629febe4-7bf6-4c8f-bb4e-64bc4326c017	76728172	76763356	fwd	13728	-3	right
chr11	76761517	76770575	8dc3d4ad-3902-403e-b91d-391e510f2391	76758390	76770581	fwd	9027	-3	right
chr11	76927062	76941949	8593f938-b131-4d0e-a1fd-34cc16e578cc	76890091	76946747	fwd	14973	-3	right
chr11	77307934	77312740	f5d84eb8-18a8-437f-afdd-3df68dc64ea0	77266402	77313910	rev	4775	-3	right
chr11	77360583	77375920	e85a6dcb-b6da-495e-810a-b73196d4ab6e	77356699	77376444	fwd	15245	-3	right
chr11	77800323	77818493	031db404-6eb9-4264-9de8-bccf9756dfb8	77799635	77832144	fwd	18181	0.408072	right
chr11	78136690	78141820	98dba59b-8f50-4c8a-a56b-6943abfcfece	78122665	78141834	fwd	5118	-3	right
chr11	83301807	83309504	8a2ef248-788a-4162-9a5e-ca1c720dd366	83301799	83309514	fwd	7649	-3	right
chr11	89413676	89425471	0dc672e3-baea-4a77-a5b3-316ea65442c7	89411821	89425478	fwd	11779	-3	right
chr11	97077116	97086591	864c538b-c2e2-4d6a-a697-efd1650cd02d	97077110	97086595	rev	9460	-3	right
chr11	103109795	103131083	46717607-bf60-47d6-802f-c6518ca65568	103106443	103131097	rev	21272	-3	right
chr11	107963822	107975473	d2c3e62b-3e96-418c-989e-e415ba01b290	107963817	107975478	rev	11645	-3	right
chr11	110659232	110669088	7d72f1aa-7061-43d4-b2ea-baa14d504c6c	110616056	110669093	rev	9793	-3	right
chr11	113126730	113135165	e9b1e328-4dc4-4bc3-b5f4-371ec11aefae	113102243	113135179	fwd	8357	-3	right
chr11	115611264	115624656	f7bbc335-d394-4b0e-8d71-e3ac27abd7e5	115611252	115626937	rev	13337	-3	right
chr11	115603378	115608443	f86f09d1-67d5-4175-9771-cbb5ac1aff9a	115590434	115611992	fwd	5026	-1	right
chr11	116270563	116277724	f2e0bc82-d273-44db-8552-d49b3ce5c8d7	116270558	116277728	rev	7106	-3	right
chr11	120427757	120437926	b8d9b4e8-373a-466e-9c4c-02472f31afba	120423111	120437932	fwd	9997	-3	right
chr11	120497520	120508057	c9f5446f-39c8-4cd7-90e4-30512fc7ee21	120452664	120508061	rev	10515	-3	right
chr11	131167807	131177597	0cfa8d1e-96ec-4ff6-a3ec-d43f03269fb0	131165630	131177603	rev	9754	-3	right
chr11	131462337	131468000	92877d99-14ed-4316-86e2-5c4a08c6b768	131435847	131468891	fwd	5631	-3	right
chr12	727294	737610	fded140b-d0b8-4f81-acac-c8d37af262df	716097	739025	fwd	10275	-3	right
chr12	2170133	2177452	d8c25a67-cca1-4ac0-86b3-464aa0186bb5	2170124	2177507	rev	7314	-3	right
chr12	3043375	3050813	0d7c1cc7-4386-4c8a-b2da-55ac882944a9	3017273	3051502	fwd	7388	-3	right
chr12	3761537	3766135	00ef8a05-caf7-47cd-ad05-aa6965d8b74a	3757389	3766143	rev	4574	-3	right
chr12	5517512	5528262	e39d1559-a287-45d7-8cda-ed8c6e69341e	5487547	5540262	fwd	10679	0.270782	right
chr12	8135350	8145613	daa33214-2c62-4c30-b759-7612ca60dd36	8125457	8145619	fwd	10195	-3	right
chr12	12754959	12766665	66d02fd4-99ac-4467-8ad5-645e0a2ce459	12738048	12766677	fwd	11644	-3	right
chr12	23171205	23180134	e6a6e243-d3ee-4b61-a676-a7e7d069d29c	23171199	23180139	fwd	8929	-3	right
chr12	25579516	25589316	4a4e442c-ebcb-433b-a3da-a880ebf2235c	25579508	25589321	rev	9784	-3	right
chr12	25568929	25582062	ced36e8b-04d3-4ac1-8c1a-53c17e4e907a	25568918	25609509	rev	13069	0.022064	right
chr12	27996931	28016134	79952208-ac87-4e6d-9bd4-41ae3ac809d6	27993928	28017915	fwd	19010	-3	right
chr12	28119816	28139325	48420ad0-deec-4ac2-a333-592b09201c44	28117232	28151571	rev	19441	0.098742	right
chr12	28291922	28307498	30da1b4a-64a1-44d0-9ecc-a4ec0b7a7f89	28291915	28307502	rev	15501	-3	right
chr12	28892221	28898590	418b308b-c0a8-4381-8631-9ba921e022cf	28892217	28898597	fwd	6310	-3	right
chr12	30674885	30687561	3fa02f52-448c-4738-a036-14e123912776	30674081	30692336	rev	12583	-3	right
chr12	30899059	30911898	eb37b899-ee1d-4df1-9999-736aba013991	30898462	30914788	fwd	12843	-3	right
chr12	33762623	33771479	e25599b0-d77a-420f-bc26-3bcb476a1163	33757628	33771488	rev	8803	-3	right
chr12	37534063	37542802	b6b21d4c-4bc5-4c3b-afc2-0ccafee05fe5	37532766	37542808	fwd	8700	-3	right
chr12	39897305	39907363	4474f94b-652b-494f-86ff-c3f649384ef0	39891702	39911424	rev	10024	-3	right
chr12	45143965	45151828	e496d88b-84ff-4a7d-aa9f-868fa51ef124	45143959	45151833	fwd	7884	-3	right
chr12	48039805	48046616	dd4825f7-bdcf-454c-b91b-df6de0078d17	48016310	48046623	rev	6766	-3	right
chr12	53681034	53712055	c4b0f0ae-cbf9-47ce-b89d-bf79b1ac1a4f	53671659	53725364	fwd	30515	0.185811	right
chr12	54057457	54074127	7fee2a50-ecd4-41ed-bf11-0ce9a69c1a8c	54046273	54090837	fwd	16525	0.295397	right
chr12	56778587	56791678	bb963319-b96d-4620-8bf5-61f44f35d80a	56778449	56791682	rev	12814	-3	right
chr12	57580340	57587086	937d3553-4013-4e9b-8590-4e85b535e408	57579727	57587091	fwd	6694	-3	right
chr12	74337290	74343083	be14cbc0-4cc4-485b-81e7-d00560cb3bcd	74325920	74343089	fwd	5764	-3	right
chr12	76658750	76676614	0c817023-d6b6-4f65-9422-b177d6e86263	76647728	76697988	rev	18220	0.18693	right
chr12	80017352	80033319	f6e5d1d0-62a1-4f84-95b1-78673790264f	80011578	80033323	rev	15875	-3	right
chr12	80374416	80389293	acb39a30-8d90-4d1d-b1bf-05fd25b874b7	80374412	80389389	fwd	14827	-3	right
chr12	83588627	83596860	b4cc66c6-19c6-420a-b48d-aafe6cde6718	83586993	83596865	fwd	8231	-3	right
chr12	94451492	94466453	d605014c-6f65-4d86-987d-e01a7987a5e7	94451462	94479781	fwd	14934	0.708648	right
chr12	101903427	101920942	2155d9aa-1220-4311-9f4d-dada1cf08d4c	101901264	101920948	fwd	17375	-3	right
chr12	109072678	109080902	a72d876c-0ca3-417a-b84a-e9c422db91bd	109068726	109080909	rev	8207	-3	right
chr12	117662602	117673911	cd817558-6de3-4630-9206-d1842066594b	117661444	117684144	rev	11309	0.539557	right
chr12	120327387	120337355	35213070-a511-4e07-935d-10fd5f64fcdb	120324844	120337363	fwd	9948	-3	right
chr12	125648086	125661839	de19f1c4-c093-478b-800c-c436aa291bbf	125628660	125661845	rev	13688	-3	right
chr12	126310119	126319844	a7bb2809-44c1-46c2-b01c-06e0860489e0	126305041	126322605	rev	9659	-3	right
chr12	127098472	127111787	bcd3a9b3-d5a8-4007-b880-7b64bee94df0	127089619	127135177	fwd	13303	0.072676	right
chr12	130455796	130478098	0a6c20c8-dcea-4afb-856d-1bdb8e6e605f	130455790	130478110	rev	22184	-3	right
chr13	23292003	23298961	41a4a330-a874-414d-8ea3-8f0905721d39	23291674	23309656	fwd	6967	0.127144	right
chr13	27308269	27316559	095c2bfe-5990-40ab-8ab0-7bac520347f4	27308265	27327742	fwd	8298	0.761316	right
chr13	33233852	33241423	8f08cc41-ffa0-4756-93dc-29262f70f436	33233847	33241427	rev	7529	-3	right
chr13	34177197	34189629	a03d900a-bccb-457d-b8a7-c89d677c171e	34167559	34195395	rev	12359	-3	right
chr13	37809017	37817432	30019334-5aeb-4594-9159-be0a5d164f32	37808269	37817611	rev	8363	-3	right
chr13	46926455	46942256	83cb3b8b-cc6a-4051-857d-ce5e0ee5e1de	46926449	46942269	rev	15791	-3	right
chr13	48963442	48969588	f21e4ce8-6ada-4aba-b1c0-4265e19eb939	48958836	48969593	fwd	6409	-3	right
chr13	61080914	61090190	4866d665-c068-48dc-9079-89b148d59348	61080906	61117139	rev	9186	0.678697	right
chr13	61185801	61198326	fc1fde21-4d19-42d3-b657-9f5b8af6fd69	61176790	61198334	fwd	12439	-3	right
chr13	63448910	63462756	0f1fc64f-0e80-4b85-abd6-f8a8812be152	63434065	63463154	fwd	13796	-3	right
chr13	64617616	64623056	a618093c-6bf3-4dd7-9997-4f727c19538e	64592416	64623160	rev	5401	-3	right
chr13	75927387	75932437	a28dd205-c992-4b9f-9abc-265055084619	75918279	75932443	fwd	5009	-3	right
chr13	77374797	77387709	a509294f-3005-43b4-a9ba-3a2ba401ad6b	77367156	77388371	fwd	12823	-3	right
chr13	78029304	78042908	36337a9f-7a5d-44ad-8ac8-37f9e5d9da7f	78008093	78094616	rev	13579	0.143895	right
chr13	95607495	95620590	53e28d0a-becf-4274-bb2b-bb7adbf883c3	95599560	95624081	rev	13006	-3	right
chr13	96515883	96529620	a33fb397-ee3b-4efc-ae8c-1da7c812b8d4	96509914	96529626	fwd	13610	-3	right
chr13	100469505	100488519	a2adb713-c0c5-4d50-8aa4-b3d11ad88033	100465598	100488524	rev	18965	-3	right
chr13	100693472	100700143	4cd4ea83-7b51-41d6-8718-c9a1881e76bd	100686150	100700147	rev	6610	-3	right
chr13	106205040	106220974	2d7aea83-c57d-47e3-baf5-4c130879f05c	106205031	106226113	fwd	15878	-3	right
chr13	106409237	106428046	1128546e-f052-4d93-bed0-14c12e97fe95	106402048	106432837	fwd	18746	-3	right
chr13	111157528	111167248	408e6946-917c-4093-8f81-310555d42edc	111157522	111167255	fwd	9644	-3	right
chrX	5477121	5488314	f834af2c-f8c5-496a-b0e5-fe6edfff08fa	5477117	5488691	fwd	11156	-3	right
chrX	7346938	7379760	a79b81cd-1b91-496d-8069-503af68f4a38	7346924	7381288	rev	32768	-3	right
chrX	9685252	9694201	ebc154fc-31e5-4bf5-a5e9-6ffafc7f1582	9682543	9694206	fwd	8908	-3	right
chrX	13943966	13951909	442dc374-3e45-4296-bc3e-0f9befed87ef	13943959	13951914	fwd	7899	-3	right
chrX	14014166	14033402	94b29847-02c9-4df6-a874-21077b2e5799	14011029	14041357	fwd	19166	0.662895	right
chrX	19944709	19954796	3b10d84b-1bd4-447a-8610-8a4aa05184d8	19930427	19958200	fwd	10067	-3	right
chrX	22389714	22396593	4a9994a2-1894-4523-ac4b-d1f883dc2ee1	22382486	22396602	fwd	6902	-3	right
chrX	24378101	24387975	00ad24d5-fbec-4c76-916e-ed2aee2ecfad	24370499	24387981	fwd	9772	-3	right
chrX	28052509	28061376	36354f43-4d46-488d-842b-0e7b3e6d271e	28026643	28069693	fwd	8889	0.145774	right
chrX	44517527	44529119	0f73d9e8-c07e-4036-a02a-06ecadbcd7bf	44510532	44529406	fwd	11549	-3	right
chrX	47698798	47710643	dd945369-d1d8-47e0-abe1-b0c68a6d14ee	47688187	47710652	rev	11853	-3	right
chrX	49742985	49756864	576a1a3c-5bee-449b-8c7d-b9d894e187b1	49742969	49756881	fwd	13829	-3	right
chrX	50695408	50710710	6dbdb58e-8624-4e30-8593-b30794e4f54e	50686440	50712645	rev	15321	-3	right
chrX	52215807	52224487	f66ff155-a1fd-450c-839f-c25b5e575ad1	52189783	52249576	fwd	8683	0.006011	right
chrX	52916096	52922316	313ef7ef-fff3-4183-b80a-42f042b615f4	52915995	52922321	rev	6171	-3	right
chrX	53445387	53457702	e9ef211e-6eef-4af0-8bea-53a5e2fd4ad7	53432268	53457712	rev	12232	-3	right
chrX	55074902	55085967	366ed373-770b-4764-ac0f-be61b98ef054	55073772	55085973	rev	11032	-3	right
chrX	55120736	55139239	40b9a25e-b8da-4f9d-bd99-d051465f0954	55106208	55144205	rev	18469	-3	right
chrX	56152011	56165967	7e273ba5-faa8-43e8-bf9e-a5bde853e282	56152007	56166525	fwd	13894	-3	right
chrX	64655870	64670913	5a6d01f5-6f22-4f4a-a862-264ba81936b1	64655863	64671601	rev	15028	-3	right
chrX	65759701	65774352	7967f499-6bd4-4fbe-8e8d-c2ab04c0270e	65759695	65776394	fwd	14670	-3	right
chrX	68865996	68872768	10e16bf7-c55e-4959-a0fa-c81a436cbd5a	68863749	68874308	rev	6756	-3	right
chrX	97019196	97031405	84c5d287-e79b-400d-88e2-fc1aaf75890e	96996712	97036099	fwd	12055	-3	right
chrX	100504106	100509974	35b8da0a-1c73-480d-84fb-ce4cc9944075	100479198	100510506	fwd	5877	-3	right
chrX	102661087	102671645	ecf061e2-f4c7-49d6-b00b-d5fdd0df11d5	102655564	102675703	rev	10520	-3	right
chrX	105750859	105757115	905ff74f-45ca-4d3f-b197-a95af005144a	105740643	105761353	rev	6251	-3	right
chrX	109972447	109980960	6aea7fc3-c257-4320-8b25-99c20e94968c	109968783	109980969	fwd	8437	-3	right
chrX	114803377	114813628	507d54a0-0b43-4c49-a0fd-863de73bbbf7	114802614	114813632	rev	10124	-3	right
chrX	116372313	116389562	7857b249-a2f2-47a8-88ec-d8c1d59d9056	116359612	116395417	rev	17099	-3	right
chrX	117893164	117907565	0af641c9-bd84-43b1-a36d-020687d30a69	117887141	117907571	rev	14246	-3	right
chrX	120787110	120794216	30a00d84-fcf1-4e44-8260-d0b6401960a2	120764292	120795225	fwd	7060	-3	right
chrX	124107254	124112938	784698e1-4549-4d42-bcf4-7ad02f691dc1	124107249	124147155	fwd	5651	-1	right
chrX	124341589	124349857	58f0deb5-3b9d-4536-b1dd-35a40df4699c	124327104	124351111	rev	8063	-3	right
chrX	125124346	125135856	32463873-5604-453e-a55b-585030b2cea7	125102326	125135863	rev	11438	-3	right
chrX	130338085	130345706	ae4fbb9e-14ce-4049-97a7-13a6c870dc13	130334800	130345713	rev	7577	-3	right
chrX	130613732	130621120	a59690b2-1dec-4a85-ba19-624235669337	130607494	130621129	rev	7380	-3	right
chrX	130618138	130634380	f7c6cb0a-0e64-431e-9fce-8d0294ba8324	130616732	130634385	rev	16189	-3	right
chrX	131025572	131033609	c8b01efa-3fc7-4268-b558-2d17dbb19681	131014900	131033615	fwd	7978	-3	right
chrX	134216605	134227456	b1f06ba2-8494-449b-8c5b-1ec2d0310624	134204214	134227461	fwd	10811	-3	right
chrX	138628240	138636949	a5111d28-6f04-4dbb-b25c-9d332966756f	138614992	138637923	fwd	8685	-3	right
chrX	139336609	139347651	8106f7d9-d343-41e7-82b8-9c6a41f2372b	139333881	139347665	fwd	10963	-3	right
chrX	150383234	150390779	54bdd73c-9561-4a53-a6cd-74bebdf32ce7	150383225	150415228	fwd	7502	0.198283	right
chrY	56829050	56839463	0373faf3-3444-402f-a5de-3611eec9962d	56825765	56840545	rev	12899	-3	right
chrY	56884218	56889038	a2756d59-59dc-4776-9fc9-b2ce49e171ac	56884211	56889614	rev	5141	-3	right
