chromosome	fork_start	fork_end	readID	read_start	read_end	strand	fork_length_bp	EdU_length_bp	BrdU_length_bp	EdU_segment_contamination	EdU_segment_purity	BrdU_segment_contamination	BrdU_segment_purity	stall_score	fork_direction
chr1	1750428	1760088	876651bd-c207-47cb-8260-2b76365d5a23	1748526	1764431	fwd	9660	2122	7191	0	0.621118	0.04664	0.627668	-3	left
chr1	3569076	3573859	92448c87-d57c-4ce1-875f-7e391594bb09	3563791	3573865	rev	4783	1778	2702	0.077419	0.451613	0.044092	0.638448	-3	left
chr1	5364381	5374727	f8283be1-8bd4-4efe-a098-9d72cc2e4e21	5361251	5385372	fwd	10346	3121	4225	0.100829	0.573204	0.001896	0.883412	-3	left
chr1	5940100	5945481	5b17d4f3-aa8d-41c4-843d-079935997e35	5938607	5946980	rev	5381	1193	3957	0	0.568562	0.033026	0.877112	-3	left
chr1	7995757	8001224	e02c9e88-0e99-453a-ac11-609d6e527915	7990165	8006595	fwd	5467	2033	3172	0.023392	0.482456	0.018557	0.630928	-3	left
chr1	9988704	9997716	0cb67200-6435-4400-bfbc-fb24795db75c	9986767	10002885	rev	9012	4391	4259	0	0.781925	0.035584	0.767336	-3	left
chr1	18986212	18992573	4ca19fae-3214-41de-a306-26a2f9fa464d	18986201	18992587	fwd	6361	1848	4172	0.027542	0.792373	0.053236	0.841336	-3	left
chr1	20361174	20371883	742aaf2e-1b27-4fb4-9bc1-51b0fd14253d	20361168	20380458	rev	10709	2901	7255	0.004149	0.762102	0.058299	0.612731	-3	left
chr1	26420072	26432804	0b323efb-ea72-45c6-8dda-cff3e20ed9be	26418410	26433142	fwd	12732	1919	9150	0	0.784223	0.016293	0.854453	-3	left
chr1	26479491	26485444	5fba7be8-790b-41ef-8173-6294ce174c7b	26477534	26489902	fwd	5953	1561	3239	0	0.411905	0.006263	0.824635	-3	left
chr1	27232988	27236698	ad694848-2e5b-4cbb-8fe9-ea6f4c7e8abc	27226197	27236703	fwd	3710	1360	1414	0.09466	0.407767	0.053412	0.821958	-1	left
chr1	28502990	28510351	cbc6c9c3-fafd-40bc-b40c-fdc9df4d1473	28502976	28517428	rev	7361	3651	3369	0.009558	0.747909	0.016949	0.749395	-3	left
chr1	28996496	29005125	66e4e179-1fbe-4d23-b73e-6fbe0c3c98fa	28996491	29007367	rev	8629	1288	6868	0	0.592697	0.002042	0.927514	-3	left
chr1	30959864	30965711	cbb41624-af40-412b-8d79-e1207db9a325	30957904	30965718	rev	5847	2113	2472	0	0.777592	0	0.929224	-3	left
chr1	37423935	37426926	2b715515-7066-4295-b416-ad9d88e92f0b	37423929	37431534	fwd	2991	1552	1078	0	0.578512	0	0.714894	-3	left
chr1	37690814	37697210	5a251473-3155-4844-a5a3-8608dd8878f7	37690808	37697221	rev	6396	4784	1347	0.01059	0.880484	0.014652	0.875458	-3	left
chr1	40197377	40204289	f6511379-bf5a-45b3-b891-16e0b7c0f3fc	40197366	40208428	rev	6912	1976	4562	0.036609	0.737958	0.031891	0.785877	-3	left
chr1	41882757	41889357	df34726b-482c-4982-ac26-1fb847d467a0	41882752	41890595	rev	6600	3099	1406	0.045216	0.592008	0.040541	0.667568	-3	left
chr1	41976862	41981748	2e2f68bf-de1a-4d35-8380-9d06ea782195	41975305	41990819	rev	4886	2857	1709	0.002469	0.77037	0.069565	0.591304	-3	left
chr1	42849423	42857889	2984fd42-63c7-435c-b4db-e7e89cff478a	42849418	42857957	rev	8466	5810	2416	0.000721	0.870944	0.032646	0.823024	-3	left
chr1	43060015	43064885	e2776ac3-7a61-490d-9768-d36d41ca12a8	43055798	43076451	fwd	4870	1518	3022	0	0.490338	0.052857	0.668571	-3	left
chr1	43546221	43550414	75b51dd4-6fe5-4286-88e6-1920899e4400	43545244	43550734	rev	4193	1316	2494	0.00813	0.264228	0.092369	0.742972	-3	left
chr1	47313297	47316968	9d3aa54a-4d67-4902-83ab-cec837a61b52	47313289	47320842	fwd	3671	913	1475	0	0.442553	0.005682	0.857955	-3	left
chr1	51003235	51011506	6badf0cb-b38c-43a7-977c-9431efb600e2	51001117	51011512	fwd	8271	1798	2551	0.070615	0.719818	0	0.941272	-3	left
chr1	54605924	54615774	7a9f6764-9f43-4a69-8174-0d43fb85c669	54605920	54615782	fwd	9850	1017	7810	0.14433	0.690722	0.092807	0.694896	-3	left
chr1	67170573	67177534	580086ee-2485-430f-a211-ad1cc05759d8	67164058	67184713	fwd	6961	2169	4503	0.001473	0.574374	0.005004	0.693352	-3	left
chr1	69967899	69978010	646b0bb9-6be8-418c-b4ec-10da8d502bbd	69956366	69989233	rev	10111	4704	4840	0.001594	0.700398	0.015464	0.845876	0.216135	left
chr1	72419249	72427032	3626e5a9-eeb3-4cc8-8f46-12a3ac067115	72416555	72431084	fwd	7783	1622	3878	0.03864	0.553323	0.01244	0.811483	-3	left
chr1	73939346	73945088	b51008db-9b55-43ac-8052-8e44b6a8841e	73934013	73961474	fwd	5742	4573	596	0.063459	0.721757	0.238372	0.44186	-1	left
chr1	82323645	82328309	66a9ab6d-231e-47f6-a2a3-86c7bf5ded19	82323641	82330221	fwd	4664	1053	1429	0	0.22179	0.086162	0.616188	-3	left
chr1	83715302	83725407	fb03ff8d-7172-4d14-abfc-0a99510492f5	83715291	83725415	rev	10105	1012	8864	0.003788	0.530303	0.015004	0.778183	-3	left
chr1	85740969	85746450	4cfa0576-0695-406b-8778-c31230eb39d0	85739734	85750966	fwd	5481	1155	3938	0.119114	0.418283	0.073438	0.595313	-3	left
chr1	87075294	87082154	90644f48-6b07-447c-85b4-b6abc04ecde1	87075285	87085231	fwd	6860	3458	1414	0	0.602871	0.027907	0.711628	-3	left
chr1	87753208	87760289	a9444558-0a37-46e5-904a-8cbe29c1ab45	87753203	87761676	fwd	7081	1934	4855	0.020305	0.619289	0.004542	0.847843	-3	left
chr1	88740760	88747901	8703a0e9-431c-4ec5-8d62-2103ba6b420a	88740754	88749111	rev	7141	1183	4394	0	0.57072	0.009468	0.90386	-3	left
chr1	88828220	88833702	f71c80a2-d2d0-4a9e-b601-5c62656ecc56	88823528	88839875	rev	5482	1004	4173	0.022801	0.420195	0	0.78107	-3	left
chr1	89561195	89566063	1e1e7dfb-3c71-4474-be41-dbdb86f00999	89551133	89567004	fwd	4868	1360	3109	0	0.5625	0.025788	0.717287	-3	left
chr1	92927441	92935074	e1432b76-bd0f-4017-891f-e74c402ebd4d	92924016	92936444	rev	7633	3364	3847	0.019525	0.606112	0.071645	0.695257	-3	left
chr1	92955818	92964043	6c16156d-6b7d-4965-a4fa-da7f8e3efab3	92949228	92964061	fwd	8225	1581	5017	0.005	0.6625	0.00968	0.56143	-3	left
chr1	96528843	96532876	9ffe0f92-02d8-48c5-84be-736676ed933a	96524891	96545386	rev	4033	1949	1847	0.007491	0.696629	0	0.701599	-3	left
chr1	96904332	96910058	4abcc634-f394-4ab0-b097-dfde1a22cb2b	96902883	96911827	rev	5726	2208	3295	0.013373	0.784547	0.048478	0.812852	-3	left
chr1	97763806	97773402	0a3ad624-e31b-4ac5-a3cc-a1c1c480625d	97763799	97773421	fwd	9596	1352	7947	0	0.825193	0.018244	0.738651	-3	left
chr1	97901167	97909980	0fe502ed-cbc7-4b28-9024-ba0885a9cc5b	97899459	97911143	fwd	8813	1297	7285	0	0.668182	0.005858	0.675079	-3	left
chr1	99029019	99038811	fa8cae02-e858-4e04-a3bb-93964dbabead	99029005	99039899	rev	9792	4201	5338	0.006154	0.773846	0.042459	0.829531	-3	left
chr1	99645608	99654160	e4eb4aa0-5657-49ac-b528-79522630ab07	99641314	99657187	fwd	8552	3245	3528	0.044653	0.703878	0.029586	0.817554	-3	left
chr1	106009235	106016228	4229c9a9-d22d-448f-ae2f-b5e0d6ce2849	106009225	106016236	fwd	6993	2791	3994	0	0.7891	0.007353	0.882353	-3	left
chr1	109189106	109200925	0d839003-9da9-4b83-b0ab-e1c74700b56b	109185957	109200998	rev	11819	4764	4588	0.022654	0.872168	0	0.944014	-3	left
chr1	110340486	110348227	bf335457-d2ca-4350-b4a8-45a6a2370b54	110340353	110352568	fwd	7741	2438	4818	0.060026	0.58493	0.025017	0.816092	-3	left
chr1	110599911	110607550	e88e93d8-1ad8-42ab-b87f-04cf35beddf7	110597114	110610494	rev	7639	2769	4650	0	0.720617	0.007582	0.756529	-3	left
chr1	117528024	117532833	931847be-1429-46e1-b557-d68c0b5f48d7	117526894	117535292	rev	4809	1072	3440	0	0.658009	0.028195	0.718045	-3	left
chr1	118923398	118928277	ca94729c-258c-46ca-be35-74ad782bc3ba	118923393	118936018	rev	4879	1454	2943	0.028037	0.46729	0.026807	0.817016	-3	left
chr1	143190418	143229601	fcac3c2c-9c07-42df-9ae7-bf74a0401d59	143184587	143241023	fwd	39183	37864	1243	0.05366	0.382607	0.011628	0.447674	-3	left
chr1	143202525	143211841	2b214373-9a0d-4155-8748-4a8061d8ca8b	143185490	143232750	fwd	9316	5782	3534	0.003953	0.494071	0.027273	0.527273	0.455576	left
chr1	143219870	143222577	e61ec2d8-68d3-4423-8a59-d19f8dd1c976	143199961	143222585	fwd	2707	1679	1028	0.044855	0.343008	0	0.631579	-3	left
chr1	143208145	143214737	f0d04feb-cf2a-477e-a63b-447019eb6add	143206397	143223008	fwd	6592	1580	3329	0.014245	0.316239	0	0.387097	-3	left
chr1	143216344	143230933	d861c1b9-04d2-47c8-b18e-dffa651d6685	143206417	143241415	fwd	14589	1215	13374	0.031469	0.552448	0.052406	0.634111	-3	left
chr1	143212489	143215624	686c4af4-bf7f-4551-8b55-90b7fe2f78bf	143212483	143220538	rev	3135	1798	1337	0	0.591691	0.003077	0.830769	-3	left
chr1	143229069	143235695	93930188-1423-415f-bca1-a152c9d7448e	143227463	143240996	rev	6626	5591	1035	0.261474	0.316412	0	0.183333	-3	left
chr1	145415061	145431479	a392a2e8-9c1c-4a19-a934-f8efab169713	145415052	145431484	fwd	16418	3689	9606	0.072022	0.807479	0.00726	0.92922	-3	left
chr1	154061789	154068236	8b428e17-15b2-40cd-a9f3-d4881f535ff3	154061368	154073620	rev	6447	1684	4349	0.042424	0.45303	0.034154	0.822875	-3	left
chr1	154641157	154645724	2122e3b2-7e01-4a82-8d4a-dd79c3ee2168	154641152	154648835	fwd	4567	2175	1942	0.019858	0.469504	0.032659	0.799378	-3	left
chr1	155439289	155453943	392a3807-058b-435d-9f9b-15b466a4e47c	155439283	155453958	fwd	14654	5622	4711	0.021381	0.770922	0.017361	0.844444	-3	left
chr1	156584461	156592099	f24eba15-d93d-45f0-981e-0e72058f0e38	156580765	156596183	rev	7638	2439	4889	0	0.707547	0.04878	0.738436	-3	left
chr1	160901790	160908396	a49b5b12-e97d-4178-86d4-84d4f4d05515	160900769	160910016	fwd	6606	1867	3568	0	0.646943	0.00578	0.90289	-3	left
chr1	161936965	161941056	e2053742-3b30-4777-9a7e-83a13cdaf46e	161934329	161941713	rev	4091	1105	2669	0	0.506383	0.017473	0.798387	-3	left
chr1	162713970	162721712	ec379ba4-6044-4eb6-86c3-0e166ae61551	162713281	162722147	rev	7742	2563	3843	0	0.803073	0.011561	0.845857	-3	left
chr1	167501251	167510188	4dd14738-8e19-424c-b2f2-e30b2092227c	167501238	167514871	fwd	8937	2754	2627	0.005789	0.842258	0.048154	0.656501	-3	left
chr1	171055685	171066965	f9164e8c-7dc9-4df7-a3ac-bb8ddc1bf27b	171053977	171073680	fwd	11280	2163	7747	0	0.68865	0.034368	0.590909	-3	left
chr1	173668119	173671955	21e5f8e0-6aca-4836-8794-a132d37702d0	173667909	173678999	fwd	3836	1459	1827	0	0.486322	0.095238	0.647059	-3	left
chr1	176676572	176682835	a59c1adb-463a-4a43-8980-12dc0d9376b2	176674339	176687115	rev	6263	1153	2708	0.009868	0.595395	0.001171	0.934426	-3	left
chr1	177698535	177705111	954390a5-811c-48a0-963b-b4ac6f753057	177696680	177708205	rev	6576	2315	3389	0.016012	0.749636	0.014851	0.909241	-3	left
chr1	178854542	178863125	34cec4c3-e046-4a67-b858-5cdd05be450f	178854532	178863243	fwd	8583	4628	3639	0.00876	0.748652	0.069423	0.712168	-3	left
chr1	182704958	182708852	391aa6ee-9961-42af-b03f-76860b8fba19	182690258	182714470	fwd	3894	2053	1516	0	0.616327	0.019324	0.538647	0.238823	left
chr1	183806531	183815265	186128f1-8139-4b37-8241-9deb335e41d9	183803555	183820574	fwd	8734	3532	4181	0.019589	0.486778	0.046991	0.803792	-3	left
chr1	184530390	184537666	6d3418a1-eaa5-4143-8c5f-417ed46e3fdc	184530386	184537679	fwd	7276	2976	2299	0.041427	0.726122	0.09589	0.824408	-3	left
chr1	186766891	186773559	1ba034b4-c90e-45e1-9522-1efc384bb207	186766538	186774981	fwd	6668	2669	3272	0.030831	0.672922	0.023742	0.688509	-3	left
chr1	189655231	189660833	42300ed5-37d1-4197-90d6-1d1c9fab46da	189655226	189664971	fwd	5602	1302	4017	0	0.54955	0.011655	0.67366	-3	left
chr1	193532853	193537175	58600f1b-83e5-414d-aedd-f9c65732765a	193532846	193545572	fwd	4322	881	3181	0.011278	0.81203	0.008247	0.901031	-3	left
chr1	193539355	193542698	58600f1b-83e5-414d-aedd-f9c65732765a	193532846	193545572	fwd	3343	1812	972	0.10675	0.579278	0.00289	0.809249	-1	left
chr1	195020584	195032213	0a79af62-20c7-4ecf-81e2-272e31cf7e54	195020516	195033344	rev	11629	1436	8938	0.01278	0.591054	0.055068	0.604054	-3	left
chr1	212103434	212120547	dc2c15b6-341f-4151-98df-6a1dcd52242d	212103429	212124670	fwd	17113	2954	9657	0	0.892537	0.0319	0.870609	-3	left
chr1	213681902	213690354	5083edf3-5278-4a92-914d-eb337f3083c4	213680519	213696077	rev	8452	541	4933	0	0.825397	0.006168	0.948342	-3	left
chr1	223521030	223526699	8d53398c-a028-42d8-8993-619c168f3832	223521024	223535448	fwd	5669	2343	1129	0.092421	0.465804	0.021538	0.704615	-3	left
chr1	223840224	223847706	4a37bcda-b273-40fb-9b06-93660f8bd53d	223840220	223856403	fwd	7482	1646	4853	0	0.451149	0.045283	0.624906	-3	left
chr1	225307294	225317039	f74cc4af-ef27-488d-94a1-e678b13334e1	225306413	225323310	rev	9745	1365	7425	0.077778	0.47037	0.037277	0.793085	-3	left
chr1	225883772	225887428	96ccadba-bd48-4c9f-85f7-f750bd156bac	225883768	225897343	fwd	3656	1649	1069	0.039326	0.522472	0.072327	0.578616	-3	left
chr1	229913099	229919353	aac4b983-7cf0-4a59-b8cd-0f97686bcde8	229912162	229922505	fwd	6254	1093	4666	0.063584	0.508671	0.037433	0.881684	-3	left
chr1	231407545	231415271	cb049439-a684-4b6a-b1e0-bb790035c119	231407539	231418163	rev	7726	4242	3000	0	0.821712	0.098592	0.747485	-3	left
chr1	237221630	237230541	f83cbf70-a048-45f9-a1ce-42d1d232e518	237216871	237230546	fwd	8911	4263	2341	0.137452	0.750579	0.007634	0.883969	-3	left
chr1	237363523	237370083	c63e9765-7675-411c-a55d-b959cfae5ede	237363512	237370101	rev	6560	1540	4516	0	0.763359	0.141247	0.742299	-3	left
chr1	239119481	239125501	22532e85-01e7-49fa-a119-260beb557a5a	239119474	239125513	fwd	6020	1335	4364	0	0.629747	0.073111	0.698619	-3	left
chr1	240219010	240225776	949e1c9d-7377-497f-ada7-9e07f39aae40	240215023	240228908	fwd	6766	1087	5387	0	0.561702	0.004084	0.673813	-3	left
chr1	241379879	241390323	b801c7e8-bd63-4b9d-970d-4d09bfac876a	241379874	241396452	fwd	10444	3344	4485	0.015168	0.819068	0.048474	0.631059	-3	left
chr14	20558899	20564379	8d886e25-4297-4fcd-aeca-4dfcf9c7b5c7	20558894	20571006	rev	5480	2261	2784	0.025435	0.698795	0.041578	0.711087	-3	left
chr14	22590118	22600798	03a1f6e3-be0c-4ed5-9524-234e05d72ef2	22584316	22632755	rev	10680	3637	6799	0.003468	0.584971	0.067967	0.54039	-3	left
chr14	22644281	22651096	51911ac5-299f-4e05-bfa1-11406eaec578	22644277	22654361	fwd	6815	2205	4218	0	0.610687	0.050633	0.737794	-3	left
chr14	26235442	26240970	204ba9d5-e055-43fc-b06b-6c2bc0111f2f	26235434	26241230	fwd	5528	3081	2003	0	0.766157	0.073855	0.819793	-3	left
chr14	26609356	26618459	20342d1e-0c7e-41f2-91bc-b749cf51a868	26607944	26623521	rev	9103	2193	6657	0.032143	0.715476	0.007862	0.865356	-3	left
chr14	30756278	30763521	6f9dea3f-ab00-43c7-bbc0-67b53a76a417	30756262	30764875	fwd	7243	3058	3921	0.011751	0.656874	0.011982	0.884793	-3	left
chr14	31005004	31008595	036b4617-4751-44e3-9029-9598ac4f3732	30998044	31008600	rev	3591	1416	1742	0	0.526998	0.054196	0.65035	-3	left
chr14	32791795	32796567	c431d96a-b0ae-46b9-926f-65edf8016f11	32789491	32798839	fwd	4772	1625	542	0	0.49435	0	0.966507	-3	left
chr14	34270689	34278416	0b5fb633-3a1d-4c8c-b526-e8177b974f67	34258359	34279738	rev	7727	1086	4944	0.217514	0.641243	0.009021	0.909794	0.08619	left
chr14	37642580	37648642	a27ac3be-d417-41d5-aac0-c15f93826f40	37642573	37652851	rev	6062	4793	1014	0.014862	0.786978	0	0.847222	-3	left
chr14	38838025	38850066	7901fe3f-0a0f-4af0-95e1-bc5f261066d1	38831789	38868767	rev	12041	3268	7346	0.032988	0.430726	0.006794	0.858599	-3	left
chr14	42801068	42814622	535361db-62f6-4da6-a3db-f96e88577d53	42798612	42830796	fwd	13554	3409	9893	0	0.517964	0.018015	0.587946	-3	left
chr14	48697475	48703341	0abc5f0a-1cc6-486c-a037-6d8309ad2623	48695998	48707665	fwd	5866	1357	2246	0.024465	0.48318	0.004854	0.830097	-3	left
chr14	55998941	56004867	2420804d-aeae-4235-b71e-7ae8e173818e	55998934	56013759	rev	5926	1351	3988	0	0.592486	0.101904	0.652856	-3	left
chr14	57013658	57022497	d6f99231-130c-42bb-93e0-80ecb29bbc20	57013550	57027052	rev	8839	2794	5738	0.014925	0.711443	0.02783	0.850095	-3	left
chr14	64134340	64141001	a1f0b8d7-4a13-4a9b-9a0e-a04a0d9bd412	64134332	64143713	rev	6661	1953	4445	0.01676	0.541899	0.010161	0.875529	-3	left
chr14	65837899	65841157	98306b5c-54d7-4a9c-ba9c-3a2ab66e7d08	65827096	65842385	rev	3258	1159	1841	0	0.535971	0.06506	0.756627	-3	left
chr14	80559391	80568492	bb3777b0-47d6-43db-bcf6-7cb782ecdf04	80559386	80568501	fwd	9101	4648	4189	0	0.770706	0.051767	0.823336	-3	left
chr14	89238749	89245470	d51d6c43-1a6f-4137-8371-2039c7e9a0b9	89238742	89248406	rev	6721	2449	3850	0.051114	0.667104	0.067405	0.7747	-3	left
chr14	102873170	102885131	7fde0dc9-8be5-4b6b-9497-b57a31bc178c	102870836	102888293	fwd	11961	1247	10355	0	0.557994	0.039295	0.635329	-3	left
chr15	23837068	23842541	f1c1b89a-8b1e-44e2-b77a-86bf9277f0a0	23837063	23850013	rev	5473	1471	3663	0	0.438776	0.035211	0.699195	-3	left
chr15	39363690	39371489	75ac9eee-962c-405e-b4d8-ad75bd9fd39a	39361939	39373294	fwd	7799	2289	5075	0.012704	0.618875	0.038916	0.838777	-3	left
chr15	42411978	42419182	180d96ae-fb23-4a5a-bb7d-04cf5cb662de	42411973	42420172	rev	7204	3756	3162	0	0.538316	0.081678	0.807947	-3	left
chr15	44311344	44316255	ca14080d-4e18-4bf9-ac68-e40fb84270a6	44309880	44319165	fwd	4911	1299	2236	0.076923	0.253205	0.045872	0.587156	-3	left
chr15	49223988	49234253	d43edd9c-3a61-4563-81b6-df354525809c	49223983	49234257	rev	10265	4693	3695	0.04565	0.906115	0.009247	0.929987	-3	left
chr15	50360003	50364026	911572e5-a290-46a9-bd18-0b169a01d958	50359288	50369497	rev	4023	2296	1444	0	0.722892	0.113786	0.678337	-3	left
chr15	51963433	51973244	2cf73812-61fb-4867-9de9-1750b94bfcbb	51963428	51973248	rev	9811	4494	5014	0.031379	0.716763	0.049768	0.857996	-3	left
chr15	58916147	58924095	7dee636d-aebe-4f6e-807c-9150b252483f	58912444	58932391	fwd	7948	2685	3951	0.004065	0.593496	0.007867	0.780594	-3	left
chr15	59254082	59262442	b942f66f-7c3d-4982-9e08-1d7a56c06f9a	59254076	59262447	fwd	8360	3453	4621	0.033298	0.801289	0.017327	0.787954	-3	left
chr15	61048063	61059832	e26bc180-2f43-4c50-bd8e-9911f8f443c5	61048058	61059838	rev	11769	2936	6301	0.098824	0.761176	0.018343	0.883432	-3	left
chr15	61372373	61377877	14ecc597-6afa-4680-b150-1f49ec292a78	61371986	61386942	fwd	5504	1956	3297	0	0.62635	0.021954	0.751921	-3	left
chr15	65642353	65647160	11a47da4-b60b-45c6-9844-413842f69262	65642335	65649702	rev	4807	2558	1750	0	0.6777	0.137681	0.669082	-3	left
chr15	67406725	67412758	3f77362b-71e1-4ece-b547-321ebe03c4bd	67404372	67414309	rev	6033	2062	1320	0.059501	0.68906	0.008427	0.938202	-3	left
chr15	74407741	74415401	52707d5e-ae69-4e40-bed5-256a139e73fe	74407734	74416488	rev	7660	1332	5531	0.080586	0.835165	0.046434	0.89801	-3	left
chr15	75269286	75275143	3436f292-7d99-4313-8166-9b21aeed28cb	75269279	75277820	rev	5857	2186	3298	0.020833	0.647569	0.075029	0.760844	-3	left
chr15	82793014	82797893	ebda5dbb-06ed-4e19-9f25-4fd7eb2eeec4	82789002	82807741	rev	4879	1755	2884	0	0.705179	0.002874	0.704023	-3	left
chr15	87795656	87801730	55e70d66-0e5f-49e5-aa6a-224de9f433bb	87791395	87803829	fwd	6074	1255	4580	0	0.504505	0.002174	0.864493	-3	left
chr15	89007508	89014278	222609a2-3df4-4553-90d4-8a59d775b1f9	88999635	89018627	fwd	6770	1653	3387	0	0.497409	0.04127	0.617989	-3	left
chr15	90696674	90706245	7d07183d-4e0c-48d4-a9ec-6019e39ab67d	90696666	90709167	rev	9571	2588	3930	0	0.926995	0.01759	0.87423	-3	left
chr15	90722257	90733870	ec6e6aba-de56-4031-8f5a-4d9714bc4443	90722246	90736191	fwd	11613	4368	4960	0.045294	0.709837	0.034293	0.86038	-3	left
chr15	94412909	94419412	f8ff0a22-a943-4f4e-8457-d4f2cce7c1a2	94412903	94428271	rev	6503	3602	1898	0	0.712621	0.005747	0.796935	-3	left
chr15	95617648	95624246	1e34d56b-2573-4274-9a60-1b44b39c03f7	95617644	95632743	fwd	6598	2547	3784	0.028818	0.602305	0.066798	0.824165	-3	left
chr16	7500132	7506053	94233342-c606-4594-83eb-9824c8c35c80	7500126	7515054	fwd	5921	780	4904	0	0.923767	0.002614	0.84902	-3	left
chr16	21948091	21953926	a99ad6ea-9dad-4e91-b1bd-9cc868730a04	21947941	21962939	fwd	5835	1230	4251	0.053279	0.54918	0.044693	0.588454	-3	left
chr16	23353505	23358661	155fc1a2-a2f3-4bba-b97a-d1b12cee9ae6	23351259	23361338	fwd	5156	1217	1925	0	0.41573	0	0.889688	-3	left
chr16	27964877	27973762	7eb9f492-aa34-4442-875f-8fe20adec02f	27964868	27976543	fwd	8885	1548	7121	0.021739	0.646739	0.032732	0.794592	-3	left
chr16	29720115	29730594	42f45d22-216c-41a0-95c4-d7bdfbaa4f7c	29720109	29730598	rev	10479	1118	8601	0.12987	0.792208	0.053005	0.606557	-3	left
chr16	30072139	30080666	1411a736-2cf3-45d5-86bf-4b0aaf3c28b0	30069092	30085244	fwd	8527	4690	2978	0.005597	0.714552	0.041729	0.622951	-3	left
chr16	46385902	46398222	8e74fffe-a362-4224-a099-d1aea0ee67c2	46382552	46401669	rev	12320	9079	2976	0.007752	0.725237	0.048696	0.877391	-3	left
chr16	46385938	46392702	fbb23419-ee3b-4e57-9de3-022c158fb9c4	46382554	46406074	fwd	6764	1509	1474	0.25	0.45	0.041056	0.68915	-3	left
chr16	46383897	46399178	a52878f2-c0e9-4796-87d7-b673dda05b20	46382877	46405614	fwd	15281	9170	4690	0	0.889933	0.071429	0.673038	-3	left
chr16	46391605	46394706	073c491b-6d5f-4178-8226-34288ea88b6b	46385081	46403454	rev	3101	1309	1792	0	0.505952	0.008696	0.417391	-3	left
chr16	46392750	46403934	9f4c8e33-2fa8-429d-a302-5cf89035a8b9	46385225	46404014	rev	11184	9701	1460	0.056974	0.446673	0	0.625	-1	left
chr16	46386142	46399091	a9d7d663-1188-40e4-9a1b-380037ae3313	46386138	46400726	fwd	12949	4436	5983	0	0.830601	0.003888	0.92535	-3	left
chr16	46391605	46399034	352393aa-ec3e-47a6-8c86-b2a638bc7c48	46386142	46403379	rev	7429	4354	1843	0.010638	0.384498	0	0.451613	-3	left
chr16	46391224	46397299	b01967c8-c8d2-498c-8b6c-a52418bf1aff	46386470	46405207	fwd	6075	3088	2987	0.004831	0.410628	0	0.03125	-3	left
chr16	46396269	46410166	b8573561-4e52-4db7-b7ad-029e9382101f	46388073	46410173	rev	13897	13049	848	0.018416	0.373323	0	0.053571	-1	left
chr16	46397912	46408851	6a084001-33c3-44dc-872c-32eb153cf1f4	46389109	46409465	rev	10939	8170	2647	0.084037	0.326239	0.083333	0	-1	left
chr16	47566527	47573800	05a5266c-9ebb-477d-b64d-739944f94766	47566518	47581064	fwd	7273	3135	3818	0.017794	0.599051	0	0.909898	-3	left
chr16	53023598	53032466	facd91b7-01a2-4ffb-8e18-61d76a1c7b5c	53022009	53034114	fwd	8868	1925	5892	0.007353	0.514706	0.021793	0.846202	-3	left
chr16	54100660	54104654	65e82dc3-2ef2-47d4-b9b5-7ecdfa1b9ead	54100656	54107914	fwd	3994	1124	2530	0	0.458824	0.021192	0.741722	-3	left
chr16	55248011	55252396	acbd3d02-9c71-4c8d-bf4d-0cbf9473d839	55247953	55265275	fwd	4385	1300	1961	0.027778	0.404321	0.038153	0.638554	-3	left
chr16	56461003	56470164	0c3c7570-508d-42c0-8f79-5b9c9194187e	56459077	56470174	fwd	9161	1539	6178	0.069136	0.367901	0.028063	0.780896	-3	left
chr16	74530188	74543569	98e108e9-d75c-4a16-8d36-13b7100571e5	74527556	74543574	fwd	13381	3105	5960	0.057592	0.590314	0.012956	0.907538	-3	left
chr16	75413544	75421626	83ed5c32-5053-4a9a-afb9-6556f7785f19	75412770	75421641	fwd	8082	2474	4504	0.043118	0.832504	0.039182	0.846678	-3	left
chr16	76430393	76441257	652e4cad-49e6-4160-b1cc-51292005f9b7	76420974	76464038	rev	10864	1258	9381	0	0.583099	0.009009	0.695135	0.455925	left
chr16	79818710	79823749	8470f4a5-9d22-435b-bb09-f3917328eb4b	79818703	79827033	rev	5039	3308	1511	0	0.680648	0.052632	0.885584	-3	left
chr16	82156112	82160637	6884f847-cc12-4df6-a82a-5712f96e1763	82151128	82172060	rev	4525	1334	2772	0	0.490358	0.001057	0.782241	-3	left
chr16	84542914	84551725	ecfad7bc-5939-4ee5-8575-b0cd4a0e6a38	84542905	84551731	fwd	8811	2064	1981	0.026465	0.47259	0.010142	0.610548	-3	left
chr16	87077503	87087662	e15fcb3c-dd8c-4f9b-8852-196798948547	87076295	87087672	fwd	10159	3330	6556	0	0.820225	0.048	0.6736	-3	left
chr16	89189528	89195302	35e86da3-71ec-4c5f-ac92-8eeeb71ef2b4	89189512	89205932	fwd	5774	3213	2028	0	0.446894	0.031818	0.679545	-3	left
chr16	89501485	89514705	41139972-7b92-45f2-9e8e-11e17427438e	89485752	89518125	rev	13220	2392	6665	0.053957	0.541367	0.063291	0.65956	0.127869	left
chr17	8108097	8113193	9afa62b9-d831-4fa8-84d3-885c31e8b30d	8108081	8120714	fwd	5096	3135	1203	0	0.52994	0.009615	0.663462	-3	left
chr17	11854307	11865328	7e3db948-0744-49fd-a44b-bd0ec23a6374	11854302	11866149	rev	11021	1658	7721	0.061889	0.540717	0.004427	0.902115	-3	left
chr17	16232072	16243262	0dcab4d5-5f0d-406c-83e2-2f92c0a0c302	16230549	16253422	fwd	11190	2038	8683	0.014085	0.558685	0.015969	0.776435	-3	left
chr17	26810385	26817359	44ae45d9-6a59-41b7-b26e-622d9698bec5	26810377	26818314	rev	6974	2623	1281	0.150901	0.583333	0.113426	0.671296	-3	left
chr17	27040093	27043497	587a23c0-8e77-407c-834b-21a66c19ba49	27031296	27047113	fwd	3404	1039	2073	0.024719	0.561798	0.016089	0.636139	0.520031	left
chr17	27640683	27651846	d32ca8d3-d554-43f4-b255-cdfdcb97d926	27636856	27652774	fwd	11163	2021	8395	0.127604	0.364583	0.038671	0.663943	-3	left
chr17	34183002	34188524	574572fd-d80c-4dc1-b76f-fc021da47f41	34182995	34190288	fwd	5522	2148	2915	0.009868	0.480263	0.033058	0.749311	-3	left
chr17	35540788	35550498	254db1f9-05a6-47a1-aeda-698364b11fbc	35540780	35553656	fwd	9710	2111	4415	0	0.93871	0.012075	0.909434	-3	left
chr17	47410281	47419878	505e9cc0-34eb-42a7-8a31-1167ac17bb74	47409815	47431279	rev	9597	2126	5354	0.004902	0.46732	0.037785	0.688599	-3	left
chr17	47591267	47597629	286dc783-4182-4c3d-bd19-7725acc22d23	47586434	47597641	rev	6362	2737	3409	0.00134	0.739946	0.037578	0.717119	-3	left
chr17	50196895	50202538	4700f406-e1b7-4fd6-b8cc-f975e03ca93d	50195752	50206419	fwd	5643	3002	2051	0	0.657459	0.097727	0.638636	-3	left
chr17	53542726	53551528	da543d12-abe8-4161-963e-51b61f4a0dfd	53542719	53554952	rev	8802	3878	4644	0.005634	0.865728	0	0.92757	-3	left
chr17	53788211	53794528	0cd9c0e4-1bcb-4aef-a1b2-726782720127	53780526	53805954	rev	6317	1411	4667	0.033632	0.540359	0.054531	0.718894	0.415823	left
chr17	66206238	66215647	046d3416-1e25-46ac-be86-c6553747661c	66204104	66220076	rev	9409	3494	4213	0.118463	0.543223	0.077963	0.535402	-3	left
chr17	68405362	68412313	74a2c895-379a-4644-b71e-dd6dfb10d318	68405356	68413471	fwd	6951	2707	3989	0.040256	0.698079	0.035132	0.79862	-3	left
chr17	71128377	71137894	5adb6259-574a-4e7f-a64d-973317e52189	71128369	71140338	rev	9517	1573	7653	0.005571	0.593315	0.044345	0.769307	-3	left
chr18	495191	500752	06023461-1727-441c-a154-41e43db566b5	492315	502332	fwd	5561	1708	3579	0	0.76	0.058014	0.762045	-3	left
chr18	563415	571618	b361d485-e564-48ff-8cb2-6e2c8e2e20b4	562545	577767	fwd	8203	3488	4410	0	0.629758	0.012153	0.802951	-3	left
chr18	2299917	2314552	32fa2662-6097-498a-bcb6-744e1b6188a9	2299328	2314558	rev	14635	1403	9926	0.004684	0.953162	0.012637	0.927254	-3	left
chr18	5672833	5681707	aa1208ad-2f24-4eb8-a8d3-b6a7b618c1fb	5672623	5681712	fwd	8874	2499	2953	0.076449	0.76942	0.001136	0.955682	-3	left
chr18	8456682	8470894	f28c1ce4-082a-4a07-806b-10183160b2a6	8456677	8472925	rev	14212	4135	8057	0	0.832031	0.036044	0.911738	-3	left
chr18	9614982	9620983	1095f2be-b000-4e82-abdc-1590277e2bab	9582283	9621360	fwd	6001	3036	2557	0.011364	0.646465	0.040299	0.741791	-3	left
chr18	29096566	29102963	7254e79c-7edd-4923-86dc-b502d501e8ab	29096562	29106063	fwd	6397	1951	4146	0.008415	0.645161	0.013699	0.862329	-3	left
chr18	32910324	32918577	3f190b63-90b8-4b3b-b828-58ed4c17bb29	32910315	32920033	fwd	8253	4064	3931	0.003292	0.706996	0.01616	0.828897	-3	left
chr18	35063330	35068699	87f3c8a2-4836-45e8-beb5-3b6e7089db0f	35063317	35076572	rev	5369	3756	1181	0.018692	0.323364	0.008876	0.473373	-3	left
chr18	36083252	36091877	12ae591d-cf90-4f1d-ae1f-a16d297ea3b1	36082263	36094269	rev	8625	1088	7320	0.009836	0.567213	0.010088	0.749561	-3	left
chr18	43452472	43456488	820653ae-8edc-46e6-96a9-dd60381a6992	43452466	43466034	rev	4016	1867	1715	0	0.399651	0	0.708661	-3	left
chr18	47151632	47158949	5e500e79-e727-4cd2-8fe9-8dbf0425b2f7	47133167	47158954	rev	7317	1109	5935	0.031646	0.876582	0.057971	0.700669	0.489719	left
chr18	51945409	51954720	0e138a32-3ca3-4ad8-b189-d4f325a10922	51944888	51955958	rev	9311	2740	3060	0.040764	0.480255	0.008274	0.920804	-3	left
chr18	58563511	58570917	f990988b-80d0-4a25-ace2-6835609ae958	58563506	58572024	fwd	7406	3777	2796	0.039236	0.699894	0.015432	0.812757	-3	left
chr18	61094696	61101246	437e7422-df07-44fa-953e-de7f0d055a8c	61079892	61110760	rev	6550	1522	4449	0.064014	0.541522	0.058699	0.789958	0.316158	left
chr18	63016523	63020407	bd63db5e-ea87-4dca-b988-574bb5246be5	63016017	63027481	fwd	3884	1596	2024	0.034913	0.526185	0.032609	0.536957	-3	left
chr18	75298769	75307472	a151b916-712f-481b-9613-ab1a91a3940a	75298758	75309188	fwd	8703	2738	3671	0.01626	0.595819	0.012133	0.905966	-3	left
chr19	202720	205838	7796d8b4-5b8c-4bca-aaae-b1a4dd844eb5	202337	214076	fwd	3118	1678	1232	0.046455	0.530562	0.078431	0.562092	-3	left
chr19	9837385	9845747	ecd7c08b-0a8b-46fe-be4d-cc55696ae262	9837379	9850203	fwd	8362	1408	2733	0	0.237681	0.022936	0.683486	-3	left
chr19	17468975	17475897	f6ffe8b0-d2f5-48fe-b5d6-a22851ed584e	17468105	17477035	fwd	6922	1817	4799	0	0.334755	0.007722	0.782819	-3	left
chr19	23558984	23568829	4c1c5ca3-e0bf-4412-8374-90c462527959	23558740	23576614	rev	9845	1671	4563	0	0.795402	0.005757	0.921875	-3	left
chr19	24345469	24354136	1728cca6-2d35-4ae7-9bd3-530525f234e8	24345462	24356054	fwd	8667	1092	6953	0	0.373887	0.027949	0.582662	-3	left
chr19	27837960	27850979	4b50c8e3-c7ae-4d69-a8c9-f86c919dfb64	27837246	27867131	rev	13019	4487	5286	0.01983	0.544854	0.020737	0.675883	-3	left
chr19	28139827	28148905	6991a204-4d6f-4297-9f8c-779a5ee1ccbd	28139792	28158838	rev	9078	1152	7553	0.048387	0.592742	0.037524	0.711988	-3	left
chr19	29202214	29214026	af5162ae-6f51-42b6-a01f-896093888566	29202206	29223094	rev	11812	5248	4583	0.00879	0.686275	0.014979	0.845221	-3	left
chr19	31150562	31154929	98dfc0e5-acc4-433f-9990-1df410871e4e	31150557	31159090	fwd	4367	2156	1880	0.028523	0.503356	0.055888	0.626747	-3	left
chr19	32139439	32147015	cb15c537-f31b-4a79-aeff-1ebee7507f84	32128967	32151075	fwd	7576	1313	6051	0.053435	0.656489	0.033426	0.587047	0.280772	left
chr19	37231902	37236888	e248f70e-2f01-4953-af59-728a579939bc	37227739	37237801	fwd	4986	1986	2737	0	0.716007	0.057239	0.763187	-3	left
chr19	37580402	37595494	3372bd36-eb1a-4daa-ac18-22a61f7205ea	37580169	37597524	fwd	15092	4508	6590	0.021556	0.541706	0.012263	0.798216	-3	left
chr19	38601332	38609749	77e36204-8bd5-4735-8376-00660fe5f71e	38601277	38609754	fwd	8417	3485	4635	0	0.768913	0.044118	0.809689	-3	left
chr19	43229387	43234883	90ccb5c5-b541-4ce3-80c0-1fdfab4fdb1c	43229383	43238667	fwd	5496	2692	2480	0.004016	0.685408	0.007474	0.720478	-3	left
chr19	51254769	51265029	4837a2bd-ade6-482a-9b07-dd61bf62a877	51253509	51266685	fwd	10260	3395	6156	0.044852	0.64526	0.000594	0.778504	-3	left
chr19	52804618	52812429	c1b6189a-98b2-4800-8034-5db2d91dee13	52803782	52812438	rev	7811	1210	6301	0	0.408805	0.03894	0.783667	-3	left
chr2	1157475	1164672	1431c931-ba5a-45d8-b063-8d091ec0b472	1157468	1167532	rev	7197	3303	2717	0	0.854392	0.096031	0.708067	-3	left
chr2	1709685	1719258	efa16451-6815-401c-a8f2-08db9052b808	1708780	1738351	fwd	9573	3805	4677	0.006964	0.693593	0.005656	0.642534	-3	left
chr2	2316758	2322677	32fae790-f75e-4952-b997-47d1a10187be	2315226	2323173	fwd	5919	1002	4655	0	0.670543	0.0125	0.786719	-3	left
chr2	9538119	9543811	88d2c2ed-06e7-4180-836a-bcf2268fe3d6	9538100	9549452	rev	5692	1950	3470	0.0192	0.5632	0.002691	0.800897	-3	left
chr2	10015872	10026232	a00c226e-cc60-40a6-8cb2-741560d69c7e	10014407	10036519	rev	10360	2775	6214	0	0.521456	0.029851	0.704206	-3	left
chr2	14798577	14809950	54acd834-cd44-4bda-b5e6-39f17a97e30d	14792900	14809956	fwd	11373	4260	6523	0.014563	0.711165	0.029094	0.738155	-3	left
chr2	15382545	15389138	b2f8cb46-4f9f-4839-8805-494e75ce4b26	15382525	15392724	fwd	6593	3584	2735	0.010214	0.771588	0.017568	0.872973	-3	left
chr2	20554726	20562206	77a10317-405b-4c7f-85f5-5e6e71252735	20553510	20572139	fwd	7480	1965	2570	0.002252	0.326577	0.004981	0.839352	-3	left
chr2	21768300	21772696	cf142220-f1ad-4fd7-bdd0-7bb0d786203e	21768295	21777787	fwd	4396	1805	1859	0.060417	0.558333	0.037106	0.74026	-3	left
chr2	22081397	22084626	93cb4368-327d-4273-a3fa-9573118f4245	22081392	22091942	rev	3229	1557	1268	0.002179	0.485839	0.047297	0.70045	-3	left
chr2	22296691	22310961	06553181-ca46-4407-a817-b640de504425	22296651	22311863	fwd	14270	3395	10480	0.028798	0.67428	0.035941	0.804087	-3	left
chr2	25940676	25945878	d7b88259-d00a-49a7-a184-57bbaf8d8e7c	25938065	25953843	rev	5202	1570	3300	0	0.565022	0.003464	0.704388	-3	left
chr2	28298084	28301116	6131dd59-6e59-4bf9-b571-9989d80c9acb	28292984	28301122	fwd	3032	1032	1722	0.060201	0.735786	0.056093	0.67118	-3	left
chr2	28698458	28701570	3ee2b90e-f516-4581-aa37-3ce74d0ffa0e	28696352	28710624	rev	3112	1122	1727	0.003247	0.594156	0.00211	0.654008	-3	left
chr2	30165036	30172301	7631a475-e3bb-4bc8-b7b9-714ee9a7d3d2	30157872	30173512	rev	7265	2264	4695	0	0.585278	0.02476	0.659744	0.533155	left
chr2	33473319	33479965	3a73cc65-b9f8-45e5-92b1-64ec54dfbf89	33466572	33479971	fwd	6646	2047	4239	0.047016	0.835443	0.023669	0.648352	-3	left
chr2	38004304	38016208	ffa63d85-de3c-4fca-9e20-8a261da0185d	38004296	38016212	rev	11904	1140	10363	0	0.862637	0.065227	0.677679	-3	left
chr2	40888736	40897840	b519c103-3967-4c8f-88d9-79a90ef5080b	40870377	40897844	rev	9104	1538	7262	0.004367	0.855895	0.057984	0.499784	0.230366	left
chr2	42496626	42504357	0a553fcf-4bc4-4af6-abed-954a07e187e6	42496517	42512115	rev	7731	1022	3304	0.013393	0.236607	0.028058	0.656566	-3	left
chr2	43972504	43983914	29796614-0075-4ef1-9dc1-491b94ed4d23	43965250	43983923	fwd	11410	2060	8997	0.037037	0.885668	0.075763	0.684885	-3	left
chr2	45979745	45984055	7eee01e6-1f13-41b9-8c71-b450f9c265b0	45979739	45989946	rev	4310	1485	2246	0.092784	0.436426	0.011925	0.669506	-3	left
chr2	50626293	50634737	0602e869-ef7a-4295-99a4-a00878ca566b	50626289	50637644	fwd	8444	1615	6547	0	0.579167	0.004195	0.819612	-3	left
chr2	50755138	50761734	585ba833-7b43-48e1-98b3-ba04bd96e6d3	50752186	50763269	rev	6596	1936	3227	0.046316	0.623158	0	0.948646	-3	left
chr2	52049624	52054645	f7519094-5dda-45f3-9913-707803fabb16	52044854	52066440	fwd	5021	2224	2437	0.033422	0.477273	0.001506	0.700301	-3	left
chr2	52602712	52608428	b1c13304-5644-4f70-a334-d03630fa2a13	52602704	52608433	fwd	5716	2668	2602	0.016842	0.783158	0.066489	0.816489	-3	left
chr2	53506915	53510159	1e223a88-6c31-4ff5-928d-4567373eaf92	53506911	53520248	fwd	3244	1168	1795	0	0.529032	0	0.738095	-3	left
chr2	56786562	56795076	9ff2d6f0-669a-4a56-bb87-5d570c5e3d5a	56773352	56795080	rev	8514	1434	5450	0.111364	0.729545	0.005972	0.855592	0.350871	left
chr2	59040729	59046982	d7e646ce-4f12-4934-a1fb-2657a7296c34	59038314	59050273	rev	6253	1234	4764	0.058333	0.538889	0.004481	0.834951	-3	left
chr2	59297176	59304737	28b81049-7a2c-4284-b2ae-640f713fbe99	59295623	59304746	fwd	7561	3644	2032	0.019704	0.816749	0.010601	0.922261	-3	left
chr2	59957168	59968414	4e284b05-0b46-4e7c-8a71-3062b60732b7	59956639	59968419	rev	11246	5191	4509	0.197929	0.679659	0	0.927167	-3	left
chr2	63655293	63660554	bcbd11c4-51f4-47c2-b1a2-f4fe4a3dfb63	63655285	63669487	fwd	5261	2418	2348	0.005857	0.355783	0.00159	0.774245	-3	left
chr2	64410176	64415799	ce73ef55-d24b-4190-b400-342fa9b1b951	64400475	64417157	fwd	5623	1416	3597	0.009615	0.657051	0.016299	0.797699	-3	left
chr2	67065148	67076771	7bf4ee0b-d21f-44b3-b2b2-9811bdc2b8aa	67064245	67078716	rev	11623	3324	7997	0.001095	0.722892	0.03495	0.899083	-3	left
chr2	68722907	68732629	df1ce03f-6c4f-4d9b-821b-b5e85828d413	68703583	68742223	rev	9722	3523	2859	0.032151	0.656319	0.014682	0.879282	0.662559	left
chr2	68863578	68876939	c3bba9f0-1d33-4d82-bba2-34f056f03247	68863574	68876947	fwd	13361	4940	8088	0.042203	0.598712	0.034291	0.863266	-3	left
chr2	73871236	73877014	fe7a72b3-0c7a-4cf0-851e-5bf73fd22c33	73865835	73877020	fwd	5778	1373	1752	0.010526	0.936842	0.151807	0.571084	-3	left
chr2	83316264	83330631	8b619749-c707-4c9b-97dc-acc6a79505c2	83316260	83332693	fwd	14367	3598	9992	0.001768	0.762157	0.001112	0.865085	-3	left
chr2	84698905	84704601	1c8f1e2b-50e1-4310-851c-6b4612c9d77b	84698896	84722839	rev	5696	3727	1543	0.035815	0.528746	0.029979	0.610278	-3	left
chr2	85014808	85022056	b5346333-358b-40be-a214-1d39aa565aa0	85011012	85031330	rev	7248	3373	1938	0	0.720588	0	0.828846	-3	left
chr2	85539521	85543208	f77adb2b-97a7-43ca-be56-426decdbce3b	85539223	85557013	fwd	3687	1975	1430	0	0.46252	0.008086	0.733154	-3	left
chr2	88603578	88609271	43c7ba81-af9f-4dc4-b046-e8a3e93725c4	88601376	88613481	fwd	5693	2297	3144	0	0.602289	0	0.902913	-3	left
chr2	100416805	100421821	3d2ac834-bf26-46f8-85ef-95280b1f0529	100412935	100423251	rev	5016	1113	3057	0.006557	0.639344	0.025921	0.837653	-3	left
chr2	102564516	102576792	bb365976-6173-45cf-9437-896bc9872435	102556592	102581893	rev	12276	2066	9969	0.00616	0.741273	0.013825	0.868203	0.075696	left
chr2	106857010	106863634	9c2fac19-dadb-4dc8-87f7-354fe9e252f9	106855587	106866165	fwd	6624	2334	3947	0.030303	0.604618	0.038643	0.719133	-3	left
chr2	108701772	108709721	c6350bf2-dbb9-4070-9539-2a3ef6a09564	108697031	108712960	fwd	7949	1439	3997	0.101399	0.555944	0.023379	0.868225	-3	left
chr2	111855196	111869548	d942df74-a0c6-4ef0-9d20-3e637ccf4d70	111855177	111877456	fwd	14352	3826	9224	0.004338	0.563991	0.067083	0.767917	-3	left
chr2	121017979	121030360	18509f5e-5bf7-43f4-aa7b-e6fd0b42687c	121017101	121030368	rev	12381	1753	10216	0.041667	0.68287	0.063088	0.784091	-3	left
chr2	121427599	121432586	83f2ae7a-4087-4ab1-8c5e-463262905ac7	121424480	121438128	rev	4987	1487	3172	0	0.6	0.002039	0.780836	-3	left
chr2	123437146	123443975	fbd871f0-2e89-4f52-85ad-6d32fbfb1e11	123433959	123449995	rev	6829	1339	5198	0.085995	0.587224	0.009542	0.913486	-3	left
chr2	125670344	125676659	c5d7c8d2-8e4d-4f98-9e1f-bc42dd873ce5	125670334	125684893	rev	6315	949	5105	0.022472	0.853933	0.002714	0.938942	-3	left
chr2	127508582	127511702	516a5308-ca73-4886-8d18-b4e4ffb6dc8b	127508511	127518865	rev	3120	1518	1086	0.087264	0.464623	0.115819	0.677966	-3	left
chr2	130357124	130361903	6bf11013-4370-4320-98c3-34419d0e9f46	130356581	130383865	fwd	4779	2529	1850	0.006961	0.564965	0.05569	0.736077	-3	left
chr2	130891007	130896948	aab1b2e8-a725-42d4-97da-83c7633ca194	130864767	130896953	fwd	5941	2322	1018	0.037135	0.690981	0.003484	0.860627	-3	left
chr2	132659403	132667272	15cd0fc6-03fc-4269-a29a-3454ee7285a3	132659398	132669862	fwd	7869	2626	4486	0.058824	0.406417	0.011966	0.840171	-3	left
chr2	134020938	134028225	7ea5ccda-9437-42d5-a41a-3efdcf0d93eb	134018711	134048803	fwd	7287	1734	4396	0	0.43787	0.014542	0.787853	-3	left
chr2	140234808	140237950	b95629ea-ca48-46bb-a6bc-46283f5eae9f	140233512	140241627	rev	3142	1573	1297	0.01378	0.610236	0.037647	0.851765	-3	left
chr2	145539105	145545036	266cab4d-8268-4233-98f1-41878a6940a2	145539095	145552660	rev	5931	1027	4668	0	0.692607	0.014383	0.900076	-3	left
chr2	145704863	145714514	17c18a82-d7ca-44d2-af7a-69975f1549e0	145704853	145729068	rev	9651	4800	4646	0.034893	0.781919	0.060764	0.878472	-3	left
chr2	146211421	146217582	d975dba6-96d6-4454-8e76-48fb109ba664	146211416	146223856	rev	6161	2492	3347	0	0.458525	0.019417	0.792586	-3	left
chr2	152029849	152035941	9197a37e-49d8-4327-bf9d-2e53e2ad440d	152026081	152048332	fwd	6092	1619	4107	0	0.603365	0.025169	0.669894	-3	left
chr2	156876298	156887403	ba9831e4-7649-4a68-a7a8-6794ba030fdf	156871134	156895124	rev	11105	1220	9590	0.120219	0.47541	0.012224	0.911715	-3	left
chr2	158374683	158387186	e5b09fb8-d164-4d47-91b1-a7add5a180fd	158374677	158387190	rev	12503	1337	10258	0	0.907563	0.044916	0.816594	-3	left
chr2	158831579	158834919	9ddb91ad-45f9-42a9-8005-f9a01d8b94c3	158830191	158837262	rev	3340	1597	1446	0.006085	0.58215	0	0.852174	-3	left
chr2	159596535	159610376	a05cd1d3-a53e-458d-9b36-fc81d990be61	159596529	159610385	fwd	13841	2777	6599	0.057398	0.909439	0.01082	0.929385	-3	left
chr2	162501955	162509563	5b2b9147-031e-4d4e-be78-997babb0982c	162501948	162519435	fwd	7608	4088	3253	0	0.798825	0.03988	0.773679	-3	left
chr2	162691753	162699623	91b316b5-e3b1-4dd2-a8d6-0c16638a63bd	162683355	162700842	rev	7870	2992	4417	0.040598	0.616453	0.067982	0.704678	0.454572	left
chr2	163078999	163082253	9178645d-1fc2-4172-89d0-53a55d8662af	163078993	163092069	rev	3254	1075	1453	0.10559	0.350932	0.067935	0.61413	-3	left
chr2	166439672	166450214	37109749-8c9f-4bd5-83c5-1c732546366a	166438950	166450218	rev	10542	1298	5987	0.020785	0.558891	0.012234	0.919149	-3	left
chr2	171854349	171859915	bb30eacf-dc63-4af6-8dbb-b683a1f3a499	171854345	171859923	fwd	5566	1727	3549	0.07085	0.888664	0.028353	0.845147	-3	left
chr2	176030090	176039591	39139fc9-51ef-47b9-b0b5-c5a91e123d70	176030085	176039769	rev	9501	1236	8023	0.045326	0.583569	0.087776	0.72024	-3	left
chr2	176714004	176720322	caaf9a3b-b655-4092-b627-666720f3c98b	176708331	176725397	rev	6318	1668	3419	0.018367	0.679592	0.00216	0.856371	-3	left
chr2	179814602	179818172	aae66542-b29e-4aa6-bd13-eda37d89a3fc	179814595	179822884	fwd	3570	1462	1794	0.039911	0.554324	0.056795	0.62069	-3	left
chr2	180469928	180481096	20127100-65ce-420b-beb9-46166ebea3eb	180460083	180486318	rev	11168	1997	8866	0	0.65861	0.007535	0.811637	0.246505	left
chr2	191369098	191375744	d42e6cc9-d478-4127-96b3-a8671ba4dbca	191369093	191381499	rev	6646	2918	2798	0.001217	0.903893	0.024643	0.848249	-3	left
chr2	193515525	193526894	d0489953-5808-4942-ae23-bf0a479539a3	193515520	193526901	fwd	11369	4593	4054	0.004013	0.473579	0.003135	0.872257	-3	left
chr2	195097233	195104614	640bd752-3c73-4bfc-a1ba-d31a10e55f8e	195097228	195118894	rev	7381	1788	3279	0	0.633212	0.018634	0.870342	-3	left
chr2	195169614	195175935	7ad9dcba-c5bc-42bc-895a-e153f8ad9028	195168879	195180385	fwd	6321	3696	1730	0.006098	0.750871	0.2	0.594231	-3	left
chr2	197039076	197043447	bd9f37d1-9f3a-43fe-8b4c-f172fc459893	197038636	197053726	rev	4371	1124	2166	0	0.333333	0.053512	0.707358	-3	left
chr2	200163327	200169388	1f3e9fb2-7543-4518-8d0e-c5bb5d267b0e	200163311	200170613	rev	6061	1319	4267	0.126761	0.422535	0.002259	0.857681	-3	left
chr2	201566476	201569210	8aa8128b-957b-4225-8545-01bbf3586ce9	201563539	201577302	rev	2734	1220	1249	0.017857	0.488095	0	0.688953	-3	left
chr2	205392132	205401036	054f444b-0e7d-4cc1-9ab1-2f050add3082	205389684	205401587	rev	8904	1507	7121	0	0.544622	0.023969	0.898849	-3	left
chr2	211186947	211195839	418d3905-b3a9-4d86-a73d-dea11be72ecc	211186413	211203279	rev	8892	1680	4749	0.111975	0.511664	0.014737	0.807719	-3	left
chr2	214251025	214258864	3ec88fa0-4283-4eb0-9579-336331d2ad2a	214251021	214258869	fwd	7839	3939	3546	0.00596	0.672185	0.071266	0.811221	-3	left
chr2	216303153	216312016	46c9ec5e-8a8e-4cd0-b109-38ba64ad94a3	216303149	216315526	fwd	8863	3553	5056	0.012536	0.541948	0.041229	0.761619	-3	left
chr2	225613538	225617076	dbbbc1f3-40bf-4ffd-affe-cd6ff776defd	225613531	225619727	rev	3538	1740	1404	0	0.661572	0.065678	0.733051	-3	left
chr2	228455063	228463378	bb19048f-e181-476d-aa36-86fc0cc1515a	228455056	228476257	rev	8315	4501	3351	0.007353	0.488051	0.009831	0.712079	-3	left
chr2	231061186	231067317	a1ab80f4-9b44-42ca-9c34-09c87dccad09	231055381	231067321	rev	6131	1386	4457	0.021176	0.844706	0.005277	0.891821	-3	left
chr2	232999382	233011132	6e52cfc8-0dcb-4777-b791-870c9a40b87b	232998549	233026498	fwd	11750	2296	9189	0	0.790186	0.068531	0.782284	-3	left
chr2	234073405	234079117	d718a403-d233-452f-9259-45f7a263a6ea	234070163	234079126	rev	5712	1269	4216	0	0.949405	0.038015	0.87434	-3	left
chr2	241360080	241366219	39b4f8c2-cbd6-461a-b816-c94cad944e29	241356982	241366235	fwd	6139	2183	3697	0.048571	0.834286	0.047261	0.756176	-3	left
chr2	241294845	241308487	c5cc72d4-9ca7-4829-a78e-e49c5c6cd12b	241287236	241314959	rev	13642	2545	9499	0.001361	0.712925	0.081309	0.771592	0.12544	left
chr2	242130425	242138785	c87789d9-c9a6-4319-ab30-1a8acadd4d4c	242129971	242141640	rev	8360	2864	4147	0.016373	0.717884	0.005887	0.941968	-3	left
chr20	2358494	2362388	662843db-111a-4452-99e4-479f4717464d	2358490	2372719	fwd	3894	2115	1441	0.024869	0.498691	0	0.650362	-3	left
chr20	8133144	8140286	d9f4f31e-2701-4f4d-9794-3dcfd3354461	8115034	8147871	rev	7142	2738	4084	0.001325	0.602649	0.047091	0.750693	0.917806	left
chr20	13100456	13107183	1d15bece-626e-4739-b9a2-8d6a9b79a48e	13100441	13112364	fwd	6727	1092	1490	0.015686	0.631373	0.01087	0.828804	-3	left
chr20	22732506	22738265	9d8c51a5-e4b1-4d0e-a649-47605959a483	22731859	22741495	fwd	5759	2556	2964	0.002062	0.682474	0.020231	0.802023	-3	left
chr20	24322457	24326368	ca2b036f-be7b-4221-8247-73d20a2004c7	24317459	24329084	fwd	3911	1836	1871	0.040568	0.51927	0	0.759036	-3	left
chr20	31066213	31068138	b827eb66-d485-4029-b11d-343cb518a445	31051508	31068512	fwd	1925	1094	547	0.042424	0.448485	0.177215	0.582278	-1	left
chr20	31051696	31057145	fd4d49ef-7ded-41e8-a9c2-32d4ee1f9837	31051544	31060023	fwd	5449	1570	1040	0.116071	0.339286	0	0.470588	-3	left
chr20	31074607	31079637	2c2b442a-ab41-4467-ade9-2f7bf4242ca4	31067084	31081003	fwd	5030	2019	1267	0.04065	0.311653	0.008299	0.419087	-3	left
chr20	31083135	31086920	f9fe5dcf-390f-4291-9d20-bd9f2617158f	31077911	31089028	fwd	3785	2497	699	0.075728	0.629126	0.070922	0.58156	-1	left
chr20	42344743	42351499	0f7f34d5-62af-4f9f-a5e9-544d5e20c863	42344738	42351564	fwd	6756	2442	4095	0.014684	0.599119	0.094972	0.742086	-3	left
chr20	43499736	43509462	295f4cc5-151f-48ad-812e-7903698b7c51	43499729	43519925	rev	9726	4486	2494	0.003145	0.710692	0.02852	0.800357	-3	left
chr20	44121731	44133406	a156d2d3-a6cd-4bcf-a722-62afd728934c	44121502	44140089	rev	11675	4455	4601	0.01865	0.669627	0.02383	0.819574	-3	left
chr20	45671160	45676591	5a133fe7-e24b-42b2-975d-7b976554a42d	45668359	45676597	fwd	5431	1786	3364	0	0.756477	0.040089	0.802895	-3	left
chr20	46726344	46733079	d55d7304-dc66-4856-bd8a-b2648f120ca9	46720724	46735923	rev	6735	1307	5143	0.008264	0.606061	0.020672	0.786391	-3	left
chr20	48434097	48441366	bc4b4f89-0d48-4d01-8981-459968ff1e5f	48433957	48443423	rev	7269	4216	2653	0.023788	0.669716	0.04878	0.727134	-3	left
chr20	48642850	48649370	8effc8af-6dbb-4418-905d-edb1150c3eb3	48641748	48663798	rev	6520	3189	3067	0	0.589894	0.021277	0.698373	-3	left
chr20	48651948	48671393	4072189c-2663-41ce-8d88-f36c069f9c99	48648145	48671398	rev	19445	2651	16027	0.060359	0.77814	0.009227	0.870324	-3	left
chr20	52494447	52502418	e1d448e6-1ac1-4afe-b4ea-e2aeb3f8ec7f	52493603	52502427	fwd	7971	1560	6115	0	0.859307	0.069085	0.634427	-3	left
chr20	53344906	53354169	c4218048-f4cc-47ea-95a6-42a56c8d6ad7	53344901	53354538	rev	9263	3649	3659	0.01732	0.865087	0.087388	0.810328	-3	left
chr20	53849538	53854214	62cc2ff9-4d19-479a-8931-3baa981e67c1	53813774	53854598	rev	4676	2868	1368	0.018692	0.501558	0.065823	0.506329	-1	left
chr20	56079991	56088263	5e3e560c-f84d-48f5-a5f7-5b7f22f34cef	56079985	56091096	rev	8272	2465	5545	0.010204	0.755102	0.005396	0.896283	-3	left
chr20	58182627	58187445	06602849-b270-4112-8c31-591abb57c530	58178423	58190212	fwd	4818	1318	3103	0	0.557554	0.030899	0.651685	-3	left
chr20	58602390	58606245	edc64b7d-4f51-4822-970c-303be22b4131	58602097	58608614	fwd	3855	1600	1047	0.049563	0.294461	0.054878	0.564024	-3	left
chr20	59357729	59362840	88222ece-e280-45c1-8958-653951bde9c8	59357611	59367670	fwd	5111	1564	2733	0.029851	0.485075	0.068814	0.66325	-3	left
chr20	61069778	61078229	f4dcb768-f754-408e-88b8-c38f37009c81	61069774	61078235	fwd	8451	3711	4333	0.002086	0.370177	0	0.819199	-3	left
chr20	61750282	61754837	b4828887-1e73-45d8-b414-2645c8117a6f	61750277	61759219	fwd	4555	1690	2553	0	0.617021	0.02253	0.72617	-3	left
chr20	62086383	62095725	b65f65a2-f046-492f-9549-6fbbec22bcf1	62086374	62095730	fwd	9342	4279	4786	0.006816	0.526777	0.007712	0.82862	-3	left
chr20	62512519	62525539	297d9341-c0dd-4612-8d56-d73380243d8f	62510462	62528513	fwd	13020	3173	9469	0.030471	0.454294	0.056266	0.574936	-3	left
chr21	13913595	13922730	1411c195-ab3b-46e2-8de6-07d2ceaa9177	13912561	13924830	rev	9135	2434	6439	0.010753	0.755078	0.046625	0.744536	-3	left
chr21	14528043	14531965	959fe9b7-782a-466f-acc0-f24b42a28139	14526593	14546293	rev	3922	1353	2024	0.006479	0.475162	0.029463	0.592721	-3	left
chr21	19395995	19399177	338713f9-2794-4a6f-80ec-1ebce49d455f	19395981	19404734	rev	3182	1516	1364	0	0.588595	0.01956	0.750611	-3	left
chr21	22597323	22604074	5a9e8553-cbe9-4654-8696-c20ca911dd04	22597318	22618840	fwd	6751	4307	1179	0.012215	0.570847	0	0.849785	-3	left
chr21	23294207	23308299	c076d1b7-72e0-4937-bda5-a5956b6bcfcc	23293670	23308314	fwd	14092	2759	8473	0.073394	0.832824	0.017851	0.910376	-3	left
chr21	24277761	24281625	20ed9fda-d677-425f-bceb-b4e3a8d4aef3	24277756	24285899	rev	3864	2014	1561	0	0.571168	0.004237	0.747881	-3	left
chr21	25323671	25334625	b4573f19-3a1d-4937-8c89-8edcb807dd23	25323662	25343343	fwd	10954	3154	7330	0.008065	0.603687	0.078351	0.65567	-3	left
chr21	36432701	36438253	501367f6-8423-47d1-befc-9322c15edaf3	36431688	36439782	rev	5552	1222	2837	0	0.602273	0.003008	0.930827	-3	left
chr22	16767175	16773662	e6601155-7882-4f5f-8bee-e6a5ab6c31b3	16767168	16776291	rev	6487	1571	4496	0.002519	0.284635	0.004014	0.811927	-3	left
chr22	17386970	17395266	e6c9c163-b47a-4ecd-bf9f-1853643a0830	17384160	17397262	rev	8296	4841	2648	0	0.664987	0	0.887122	-3	left
chr22	17971134	17975930	c70ace10-9138-479a-87d8-ffe8b3bc6a22	17969376	17999683	rev	4796	1813	2473	0.030246	0.544423	0.025526	0.776276	-3	left
chr22	18931965	18937895	79c21b03-944f-43c0-b0ef-6680ad09cd5b	18931961	18950708	fwd	5930	2423	3234	0.007937	0.40873	0.018838	0.811617	-3	left
chr22	19782647	19789271	40d270bd-2b69-4786-968e-6621a28297c9	19782639	19795891	rev	6624	2692	3402	0	0.478903	0.074334	0.701262	-3	left
chr22	21640190	21644576	adf64a68-730b-4efa-a1c6-46b83cae9d67	21634981	21652114	rev	4386	1399	2212	0.062718	0.393728	0.052536	0.592391	-3	left
chr22	33700840	33708567	13447990-6c2c-436f-a62b-948f347017e3	33700735	33709516	rev	7727	2442	5009	0	0.706223	0.047316	0.627119	-3	left
chr22	35206184	35211866	38e40483-580c-4d61-bf5d-82a4f19d08ac	35206176	35214881	rev	5682	2065	3241	0	0.658103	0.049779	0.801991	-3	left
chr22	35263283	35278140	2120e01b-3df5-4c12-a464-748f089a2519	35255056	35279712	fwd	14857	4379	7988	0.013732	0.899838	0.101332	0.733111	0.152853	left
chr22	37052854	37058086	238df7b9-fab4-4c00-9d63-1eae41b8970e	37050535	37069880	fwd	5232	1633	3366	0.008621	0.566092	0.015493	0.55493	-3	left
chr22	40138974	40147032	2c2e1bb2-3030-4c78-9d5f-8e47a90cf359	40135786	40147037	fwd	8058	2554	4977	0.053883	0.782884	0.061737	0.755088	-3	left
chr22	45480094	45491134	92530941-c714-41d2-93e2-107536457d08	45478662	45506209	rev	11040	3623	7069	0.013766	0.822026	0.037231	0.799161	-3	left
chr22	47490086	47498749	c306685c-1501-4e07-8434-87c52ba43495	47490082	47500345	fwd	8663	3317	4908	0.001091	0.731734	0.031466	0.838892	-3	left
chr22	47901324	47908254	780f0b69-9cc4-4380-8f89-c6b3a99335b0	47901315	47912284	rev	6930	1665	4901	0.009202	0.406442	0.032357	0.753467	-3	left
chr3	822379	831467	966a29dd-564d-4f81-b39c-81660af1b26b	822321	835491	fwd	9088	2429	5711	0	0.485197	0.020755	0.803774	-3	left
chr3	1269896	1275373	a2d27a6a-12a0-4ead-a7d8-0ca96e0c378b	1263182	1276355	fwd	5477	2297	2901	0.004304	0.734577	0.00615	0.912669	-3	left
chr3	1840436	1856527	be6d1f22-ac15-4e28-a843-b08135c066de	1839490	1858062	fwd	16091	2652	11504	0.022636	0.655126	0.013565	0.84046	-3	left
chr3	12476532	12483021	1708578e-0c03-4267-8146-6712f023cebd	12471097	12483025	rev	6489	2814	3409	0.034277	0.873323	0.004561	0.876853	-3	left
chr3	13641066	13648681	04f4e920-d254-463e-be58-4ce40f5e06e2	13628546	13649183	rev	7615	1965	4533	0.026954	0.557951	0.04583	0.747021	-3	left
chr3	17588253	17594776	dcca7906-aa6f-4c4f-81b5-afcd42c58c87	17580281	17594781	rev	6523	1191	5079	0.061947	0.867257	0.016745	0.905559	-3	left
chr3	18331074	18340225	382d58f4-46de-434a-a3d6-19536d533019	18331065	18343623	rev	9151	4825	3921	0.006314	0.726914	0.072986	0.736493	-3	left
chr3	19770972	19778367	eb527d0e-8b42-4727-868b-6f5d18adde9e	19770968	19781635	fwd	7395	2877	4145	0	0.491453	0.009631	0.780096	-3	left
chr3	28626419	28633187	02bcd2f3-f9aa-4182-96e7-07e23109c098	28626412	28638925	rev	6768	1525	4912	0.028721	0.590078	0.036952	0.815242	-3	left
chr3	33247558	33252408	ef0c5b05-8655-4767-b81e-4a8f8777ea83	33247554	33252717	fwd	4850	1946	2436	0.024857	0.676864	0.099407	0.715134	-3	left
chr3	39695174	39703617	49cf24c0-fc8f-48bd-93db-3676aa5a4862	39693798	39711476	fwd	8443	2545	2927	0.051471	0.642857	0	0.797059	-3	left
chr3	44157173	44161286	a2ed45dc-1ae6-431d-9ae4-a12d237a226a	44157164	44164958	fwd	4113	1031	2841	0.079545	0.522727	0.045849	0.727385	-3	left
chr3	47056929	47061571	ba11a55e-9d32-45fc-930a-16458104a7b8	47054481	47062621	fwd	4642	1114	2319	0.004608	0.668203	0.001859	0.827138	-3	left
chr3	48422966	48435463	455bef6b-fc2e-46fd-8473-08d689f863b7	48422957	48435470	fwd	12497	2383	5972	0.010121	0.702429	0.017822	0.758416	-3	left
chr3	51872602	51883341	48aabf9d-79d5-4a16-91d9-b5eb449f4e1b	51872598	51883350	fwd	10739	1838	8586	0	0.771593	0.078163	0.700049	-3	left
chr3	52216977	52224949	58fb5bee-e657-444a-8d3a-f2ae08d3dd8e	52216971	52224953	rev	7972	2852	4712	0.046346	0.648841	0.023148	0.864815	-3	left
chr3	53618150	53622310	4ee64785-7825-4c10-81dd-cd89d48e1dd9	53616346	53625136	fwd	4160	1270	2647	0.01506	0.590361	0.034384	0.780802	-3	left
chr3	54697607	54711103	badecdf0-09c4-434f-84fc-6b01ee2c7cbf	54695779	54719723	rev	13496	3173	8670	0	0.892655	0.052923	0.558452	-3	left
chr3	54749513	54754042	cadca18c-97c7-4136-aa51-01a4fd9f02c4	54747277	54759400	fwd	4529	1723	2490	0	0.586466	0.022321	0.660714	-3	left
chr3	55600368	55604374	6115214d-ed01-4b4c-9f0a-2e91a47dfa9a	55600362	55620610	fwd	4006	2354	1303	0	0.534014	0.006452	0.629032	-3	left
chr3	58211963	58218335	c024ae10-836c-42f1-ac4d-3f28e69cbc0d	58211950	58219329	fwd	6372	3747	1902	0.034483	0.577079	0.070796	0.709735	-3	left
chr3	64871461	64898200	e2baabf0-40a5-461f-ad84-b13235fc96d8	64865513	64899858	rev	26739	2314	23350	0.050076	0.666161	0.030364	0.810476	-3	left
chr3	64927959	64936798	3c62afd0-c2ab-4878-b44d-a24f151cb0b9	64926897	64939342	rev	8839	2341	5128	0	0.672805	0.006925	0.905125	-3	left
chr3	68253897	68259555	26c711cd-e8b3-48be-8851-d336221e2585	68246394	68269280	rev	5658	1103	1780	0.029032	0.254839	0.02011	0.800731	0.210696	left
chr3	77335423	77340574	03853835-95a1-424c-9afe-6be98cee613b	77335418	77345365	rev	5151	2664	2147	0.015834	0.688185	0.023077	0.832308	-3	left
chr3	86299709	86309610	7105c105-59d1-48fd-b6b5-4aef16b9f509	86299610	86314070	fwd	9901	1953	7611	0.04755	0.680115	0.057337	0.781341	-3	left
chr3	87968010	87971401	6feb6302-5f3f-4e76-93bc-710cff4af7fd	87968004	87974524	fwd	3391	1570	1261	0	0.422594	0.026756	0.588629	-3	left
chr3	98409143	98424192	a3e00e75-257d-416f-8509-0f1871c69d5c	98409135	98424198	fwd	15049	1249	12433	0.092857	0.785714	0.043803	0.829656	-3	left
chr3	100347137	100350364	8002bd8a-29b3-4107-8785-a0c6943cc8af	100343222	100355612	rev	3227	1054	1622	0.077551	0.338776	0.019444	0.694444	-1	left
chr3	107818505	107821784	61655140-9e54-46a5-9bd5-645dbae1e330	107818498	107827616	fwd	3279	1751	1189	0	0.462963	0.007435	0.680297	-3	left
chr3	110848457	110853754	8ddeaca2-c18b-4839-b495-1cbacdaf2a73	110848453	110863140	fwd	5297	3010	1998	0.005376	0.611828	0	0.758974	-3	left
chr3	111133378	111148746	eb4b593b-ea18-4c49-953f-ab6d5f7b0f3d	111133373	111150755	rev	15368	3399	8142	0.031219	0.654582	0.002462	0.911366	-3	left
chr3	113564614	113574971	6c83aa92-cabf-40a3-b4f7-8d8287059c88	113564609	113578847	rev	10357	1722	7912	0.014553	0.482328	0.021868	0.683371	-3	left
chr3	117340289	117348173	4126de53-7b38-4a32-a86a-82b7c2cbebdf	117340283	117350143	fwd	7884	1384	5017	0.072682	0.526316	0.00615	0.832103	-3	left
chr3	118651877	118657828	85e21067-2f87-4908-bb85-d16e9c34116b	118649340	118658851	rev	5951	2584	1947	0.013769	0.683305	0	0.931034	-3	left
chr3	118852727	118856650	a178ab57-aada-47b4-82ab-c745e3b31893	118848053	118868794	fwd	3923	2238	1339	0	0.470588	0.002653	0.66313	-3	left
chr3	122764293	122768986	da0e4fc7-3bb4-4baa-abdc-a309b8329095	122764275	122770577	rev	4693	3124	1270	0.009756	0.460488	0.02507	0.810585	-3	left
chr3	123914600	123928534	faa1dbfe-85b8-418c-8d72-5c427fb026c3	123913639	123928540	fwd	13934	1566	12070	0.013055	0.840731	0.027211	0.883058	-3	left
chr3	130363960	130372136	9ce49782-5f3e-4779-80a0-d6664eb7c740	130363941	130376653	rev	8176	4680	2315	0	0.80424	0.045171	0.813084	-3	left
chr3	132339400	132346694	bb2938a5-8e16-4999-8b47-ceb27a0ca9e3	132337569	132346851	rev	7294	1157	5886	0	0.587786	0.047995	0.826853	-3	left
chr3	132345646	132349557	60132be2-d409-4ba3-b0ac-d68b443878b1	132343420	132358454	fwd	3911	1225	2117	0	0.286184	0.05303	0.590909	-3	left
chr3	133707746	133717634	9b9ee127-c77a-4f2e-8634-2576d844c55f	133706828	133732848	fwd	9888	2620	5100	0	0.494595	0.03804	0.722751	-3	left
chr3	134083979	134094528	b1e72cec-518e-433f-bee8-673fc0d6169f	134083968	134098439	rev	10549	3478	5497	0.002378	0.900119	0.110954	0.758304	-3	left
chr3	134075316	134079972	d7bfae0c-8431-4f24-9b36-b7612212baa8	134075307	134097766	fwd	4656	1954	2304	0	0.401606	0.001848	0.665434	-3	left
chr3	134179180	134182970	9388e9ee-6ae4-4370-b5d1-29320d7c11ae	134167046	134205010	rev	3790	1013	2210	0	0.423295	0.002841	0.549716	0.146555	left
chr3	135839644	135843778	3a6c9500-ae8c-48d9-a77f-a61b140e25c1	135838230	135851385	rev	4134	2588	1149	0.010458	0.69281	0.057823	0.64966	-3	left
chr3	137172382	137177532	def6ba29-0432-4382-b44b-8d1ca95ae237	137172377	137180654	rev	5150	3131	1736	0	0.404555	0.073446	0.768362	-3	left
chr3	137247890	137253084	47df781f-0c47-4f34-9f6c-a724d51fed47	137247886	137256650	fwd	5194	2433	2531	0.003868	0.586074	0.04329	0.776335	-3	left
chr3	139273215	139279525	176e64dc-a640-4d86-99a4-1b6333a0c150	139269500	139280344	fwd	6310	1304	3346	0	0.754967	0.019441	0.925881	-3	left
chr3	139422356	139429598	52f584a1-eb61-4e19-a654-1cdfc1d38aa9	139422351	139456722	rev	7242	1670	1063	0	0.806005	0.143322	0.609121	-3	left
chr3	141730194	141737070	3cea069f-5cbd-4533-b87b-1fd17d134f06	141730186	141742254	fwd	6876	1428	4916	0	0.464103	0.016598	0.653942	-3	left
chr3	142223891	142232421	b52aab5a-ce67-4f0e-ae5b-723daf075a0f	142223886	142232425	rev	8530	1724	5991	0.033113	0.794702	0.037132	0.870679	-3	left
chr3	144008593	144014870	ed01e36a-023e-437a-be25-0139fe9c1c82	144001054	144014875	fwd	6277	4631	1410	0.107194	0.777698	0.046914	0.824691	-1	left
chr3	145851361	145856001	861663ec-eb80-4cb9-a228-4055a287788a	145849987	145863674	rev	4640	1181	3204	0	0.583113	0.016457	0.68151	-3	left
chr3	147818558	147826081	fcb91095-da9c-4016-a8d4-c03ecc942f5d	147818553	147834626	rev	7523	2753	4455	0	0.540257	0	0.875	-3	left
chr3	148052759	148065968	79ce5183-c6e6-48a7-8423-2da33b4616e2	148052753	148065974	fwd	13209	3538	6553	0.038726	0.491394	0	0.908906	-3	left
chr3	148920943	148936784	e0f6e08c-8d71-4b9c-959e-35cd22930b95	148920938	148937385	rev	15841	1509	13483	0.042017	0.563025	0.026749	0.87509	-3	left
chr3	149076270	149085120	273a07c0-d6e9-40cf-9157-e495045763ba	149076266	149090037	fwd	8850	3004	5270	0.01387	0.65742	0.143439	0.586797	-3	left
chr3	152863514	152873282	296872f9-6e2a-470d-9662-27a3ec483e9a	152861735	152881056	fwd	9768	2161	5474	0.008711	0.597561	0.021868	0.880615	-3	left
chr3	153009216	153014044	210121b6-3721-4680-9660-f1cea1f6d559	153009210	153019064	fwd	4828	3198	1379	0.001214	0.754854	0.045307	0.763754	-3	left
chr3	154486738	154495402	fcc077ca-0c28-43b7-93d1-c18da1b0491b	154486733	154496933	fwd	8664	1551	4130	0	0.90364	0.042998	0.808354	-3	left
chr3	155914002	155919992	842fd66b-7c4f-46c3-81f0-ceb9b0eea49d	155913996	155928872	rev	5990	2998	2609	0.0275	0.35125	0.01855	0.645868	-3	left
chr3	156137961	156144024	8f5b988d-6890-4c25-88cf-c0d8b510c9cc	156136350	156149886	rev	6063	2022	3631	0.019608	0.511586	0.019751	0.582121	-3	left
chr3	158551302	158555390	27e2b5b5-5d78-4f42-b80b-1024095fd3eb	158545528	158555631	rev	4088	2659	1025	0.042408	0.447332	0.028481	0.670886	-3	left
chr3	159282494	159288178	35870dda-bc47-4719-9c2a-f21360c5da8e	159282489	159297918	rev	5684	3447	1893	0	0.426652	0	0.610638	-3	left
chr3	160199140	160206646	0484364c-a62b-471d-8c74-d12859da94fc	160199134	160223936	rev	7506	4027	2257	0.000951	0.711027	0.051402	0.758567	-3	left
chr3	164676402	164682774	cfa6e28c-27b7-4b9b-9d1d-fe45a0dbac08	164676396	164696203	rev	6372	1801	4331	0	0.694805	0.012164	0.837388	-3	left
chr3	165375710	165383498	c946c2d7-30d1-416d-93d7-0516732cb107	165375699	165393287	rev	7788	2585	4900	0	0.506297	0	0.894417	-3	left
chr3	166840810	166853818	3d7cf3c3-636b-447e-a88e-e3ce44402b5e	166840806	166853823	fwd	13008	1080	10131	0.016627	0.786223	0.009969	0.917134	-3	left
chr3	168635788	168640958	d8f9abaf-cacd-458e-966e-3914ec6242d5	168635779	168648781	fwd	5170	2526	2122	0	0.293694	0.052209	0.624498	-3	left
chr3	169741625	169750529	4063051d-91b2-42fd-9a8d-7437b7d71956	169733394	169758469	fwd	8904	3307	5049	0.072	0.636571	0.031548	0.738078	-3	left
chr3	174998834	175006049	7619b991-a6d8-45b5-ab85-3979e17288ee	174998830	175019092	fwd	7215	3631	3266	0.002967	0.446093	0.014634	0.785366	-3	left
chr3	175666000	175674177	4cc102e1-a116-4609-bb52-d490d93e6c76	175665992	175689472	fwd	8177	2335	4571	0.007491	0.730337	0.004875	0.778552	-3	left
chr3	176915989	176921647	bf66e12e-566d-43e4-85a2-3f413a1f77ca	176913611	176923188	rev	5658	2488	1547	0.017808	0.532877	0.002174	0.876087	-3	left
chr3	178963477	178967425	badfda65-a82a-472b-8dda-a7f5553cfb50	178957061	178969490	fwd	3948	2216	1433	0	0.678869	0.018059	0.781038	-1	left
chr3	179257730	179269877	dd321114-a861-418c-b3e7-1b1467d2e24c	179255495	179273252	rev	12147	3672	7285	0.033684	0.514737	0.022485	0.725444	-3	left
chr3	181884989	181890503	76596cb7-86df-4a21-8ab3-37e0e0b255d3	181884985	181894262	fwd	5514	565	4734	0.143713	0.772455	0.083019	0.802264	-3	left
chr3	183218763	183226238	8b90d4a7-aed5-4a55-a466-0b4e3160b41f	183218749	183232806	rev	7475	1567	5499	0	0.609977	0.032031	0.651505	-3	left
chr3	183517416	183522232	44c40c90-2797-4635-a743-9cc80dd965cf	183502882	183522236	rev	4816	1362	1523	0.076159	0.596026	0.023018	0.877238	-1	left
chr3	187439274	187443314	cfafdce4-460d-4087-981f-c1c308a9d0cc	187436237	187446828	fwd	4040	1640	2111	0.02716	0.590123	0.043783	0.816112	-3	left
chr3	188435226	188440161	114a7772-ab58-4b26-adc7-ffc1e765f4bc	188435214	188451121	rev	4935	2734	1720	0	0.390244	0.014957	0.50641	-3	left
chr3	189708078	189715555	6e8d1ab8-8be1-4d66-93f7-5b02aea6d10b	189708072	189722583	rev	7477	2478	4561	0.005579	0.633194	0.017544	0.735317	-3	left
chr3	189963525	189969026	4917e341-83ce-43b0-b32a-90a01d996bc0	189963519	189970625	fwd	5501	1861	3353	0	0.633333	0.02746	0.815789	-3	left
chr3	192083657	192088799	a28a416b-7918-46ed-9943-7c99164e9024	192072454	192088803	rev	5142	1119	2492	0.011173	0.860335	0.00639	0.904153	-3	left
chr3	192597843	192602946	c0e37976-8856-4ea5-933f-9a9c192c4fb0	192592905	192602954	fwd	5103	1776	1560	0.059548	0.669405	0.002457	0.805897	-3	left
chr3	193608113	193617183	5cb03e42-506d-45c4-a378-cd4d75d6485d	193601866	193617471	fwd	9070	3012	5778	0.002933	0.609971	0.031787	0.722251	0.879792	left
chr3	195459895	195467612	dec7d45b-ef9e-479e-97dc-0a3e47eae2e7	195456894	195484476	rev	7717	2600	3966	0	0.640867	0.025962	0.723366	-3	left
chr4	261913	268298	4d60eb09-d0dc-4800-81f3-4f6d4df6e853	261908	268303	rev	6385	1988	4130	0.004373	0.913994	0.043729	0.890264	-3	left
chr4	923972	931978	7e370ee5-bf99-4e15-8dc9-f963a5da9524	923965	931987	fwd	8006	1180	6497	0	0.665072	0.0573	0.751177	-3	left
chr4	6664036	6672273	7f6abafc-4513-4608-a34b-35efc385c032	6661263	6675524	fwd	8237	1964	2867	0.09901	0.60396	0.016474	0.856672	-3	left
chr4	8363604	8368488	b6198559-c5c9-4a0a-8e26-544077a2a66a	8363598	8372313	rev	4884	1907	1353	0	0.376499	0	0.577465	-3	left
chr4	16309091	16316582	8f58465f-8a81-48c4-bf04-240167da5edf	16306392	16320547	fwd	7491	3580	2050	0.023327	0.663286	0.001965	0.823183	-3	left
chr4	17122083	17124948	f23c09a8-25c9-42d8-9a82-fe4613732385	17115861	17141656	fwd	2865	1065	1474	0	0.492212	0	0.721839	-3	left
chr4	20199504	20206307	b9f8326b-c90a-4114-8359-1c06ad332323	20199258	20206311	rev	6803	1674	4434	0.157113	0.590234	0.034132	0.514887	-3	left
chr4	20478031	20485495	e670e3ad-3adb-4e7f-ba75-f64b26eea7cc	20478024	20485796	fwd	7464	4477	2639	0.007008	0.769446	0.090347	0.814356	-3	left
chr4	22500010	22507139	84db6110-ce69-44c3-b8c6-223afed6cc50	22500003	22507153	fwd	7129	4843	1777	0.003518	0.854002	0.145985	0.656934	-3	left
chr4	24415286	24423925	18f4e316-4a72-46f1-88a0-a9d047cc69e8	24411709	24423931	rev	8639	1141	7193	0.054755	0.84438	0.009217	0.892166	-3	left
chr4	36217080	36227497	b893cf59-67f0-4d1f-8b8a-c8f950354ba1	36217074	36229601	fwd	10417	6365	1226	0	0.838533	0.0625	0.680556	-3	left
chr4	37749813	37756537	722b8719-f571-4868-8e56-ac154aed85dd	37749805	37762051	fwd	6724	3021	3430	0.005814	0.617442	0.028019	0.801932	-3	left
chr4	37879520	37885234	89423576-c8ae-4d56-880a-c83828f99e98	37879513	37890963	fwd	5714	2385	3009	0.004329	0.770563	0.057811	0.800738	-3	left
chr4	40274700	40280780	747a06e0-ceff-4124-9c03-528053fad4ee	40274169	40292121	rev	6080	1224	4526	0	0.575758	0.030848	0.76521	-3	left
chr4	43659245	43668131	1aaa429f-ccc9-49d4-9934-6dec64dc02c9	43659240	43668135	rev	8886	1891	6162	0.0798	0.76808	0.029355	0.87488	-3	left
chr4	48093836	48101850	bfc42eb9-d488-4b38-bf26-06527f144f5c	48093820	48102972	rev	8014	4104	3754	0.019648	0.399729	0	0.90304	-3	left
chr4	49098029	49110186	d107c06a-98f8-46b0-a8d9-f8650e3c0680	49098025	49113321	fwd	12157	1103	10199	0.032581	0.253133	0.060983	0.612943	-3	left
chr4	49644452	49649695	57fd7dcf-0be1-4abd-ba97-fa4c92f9eea3	49642172	49652274	fwd	5243	1003	1170	0.053476	0.278075	0.025974	0.409091	-3	left
chr4	49650131	49655247	fca85211-b597-4aaa-a230-de31c415ad02	49646673	49658098	fwd	5116	1065	1594	0.138728	0.375723	0.009259	0.532407	-3	left
chr4	54126135	54129722	3bf3c3e3-c318-44c7-838b-44fb0a290933	54123697	54131938	fwd	3587	1063	1184	0	0.608137	0.04298	0.664756	-3	left
chr4	59849371	59852445	9f989394-d781-4788-828b-49abbf4e232d	59849366	59855541	rev	3074	1170	1643	0.016827	0.572115	0	0.893788	-3	left
chr4	65439697	65445092	f805d13f-cf03-433c-ac43-345011635e62	65437765	65445097	fwd	5395	1984	2875	0.006135	0.911043	0.00114	0.905359	-3	left
chr4	68999003	69013166	53f452b0-dd63-4c1f-a069-6f422055d01b	68998996	69013171	rev	14163	1524	10299	0.109756	0.802439	0.014582	0.906095	-3	left
chr4	70022453	70028291	2c1ad6d8-dec5-4f17-98fa-b0aa66408f58	70020222	70035271	fwd	5838	2574	1627	0	0.630864	0	0.808853	-3	left
chr4	82405071	82410430	ebd148fe-d61e-42ba-a62a-1744356a0d0e	82403756	82422540	fwd	5359	2387	1891	0.028302	0.504717	0.020661	0.642562	-3	left
chr4	83725383	83733148	c83b95e2-5a9f-4ec7-9ea8-27635dbdb2ed	83723921	83737765	fwd	7765	2475	3037	0.004559	0.557751	0.002331	0.801865	-3	left
chr4	84492776	84499608	4d81d9d6-636e-4e3c-b658-ed61ac50b380	84492767	84504641	fwd	6832	2103	4168	0.006061	0.387879	0	0.727817	-3	left
chr4	86431351	86439438	695c299c-e091-45bf-ab10-8158808dedbe	86421753	86439446	rev	8087	2843	5005	0.01993	0.845252	0.016753	0.845361	0.150337	left
chr4	87807489	87814071	3b7b0f08-701a-4bf0-b822-647d386d3672	87807482	87819938	fwd	6582	3583	1927	0.012474	0.540541	0.024793	0.71405	-3	left
chr4	99353046	99355949	879f5af8-d816-4616-97ba-ded6bcd57985	99339670	99363555	rev	2903	1132	1415	0	0.601266	0	0.455026	0.249852	left
chr4	109399750	109413862	fdcd93cd-8c10-40ac-be24-fb689bb812d7	109397787	109420699	rev	14112	1512	8740	0.004107	0.901437	0.003825	0.909597	-3	left
chr4	113926066	113940805	36c97776-e619-490b-9363-c51f37bdc666	113925917	113940814	rev	14739	1972	11380	0.045704	0.813528	0.0086	0.888471	-3	left
chr4	114149913	114154532	626715a5-8349-49f2-b3a5-4e1f40c0be7a	114145233	114154605	rev	4619	2368	1983	0.002976	0.744048	0	0.941452	-1	left
chr4	119377371	119384174	5954e8ad-c7f0-49f4-a8b3-7f0a3bb93f52	119377364	119387522	rev	6803	1707	4865	0.079646	0.648968	0.061497	0.770945	-3	left
chr4	120509985	120516920	7b97ea8f-a51f-49a8-a8d6-ca5c5bfc158f	120509976	120523408	rev	6935	2869	3765	0.005605	0.658072	0.017117	0.791968	-3	left
chr4	121329359	121337278	552b6395-f138-4f53-9f08-4ab322d34201	121325416	121343937	rev	7919	1887	2981	0.008803	0.737676	0	0.874272	-3	left
chr4	124871205	124897853	35867971-d9e0-4755-b455-ebd0634892b3	124871197	124897858	rev	26648	1656	24718	0.017516	0.692675	0.042782	0.855106	-3	left
chr4	134488383	134492389	c62639c9-ca33-44f2-9594-0c36342691a7	134488211	134497113	fwd	4006	2079	1694	0	0.398533	0.003559	0.706406	-3	left
chr4	139140983	139154092	ef8a20ce-50c5-4306-a39f-63c50375696f	139127538	139165720	rev	13109	4825	7454	0.003226	0.805161	0.105836	0.619774	0.313906	left
chr4	143995528	144001827	6d3e2333-42f3-4228-b570-e2f4c0c9aeb7	143993933	144003288	rev	6299	1256	4770	0.017391	0.675362	0.014255	0.915182	-3	left
chr4	147590148	147595692	90cabf43-1147-45fd-9e4a-ad60844cb529	147587546	147612593	rev	5544	1306	4003	0	0.379213	0.003823	0.817278	-3	left
chr4	158831948	158837831	0621fc57-88cf-41e9-b8c6-1dd26a5f23a1	158828648	158839996	fwd	5883	2056	3551	0.029412	0.726644	0.018503	0.870479	-3	left
chr4	161843056	161848758	1b52bfdb-9fcd-45ea-b3a4-f14149883879	161842097	161869694	fwd	5702	1359	4056	0	0.604819	0.02316	0.941274	-3	left
chr4	163453760	163457926	f291ae0f-b1de-4f6a-910f-2466b7c27753	163442771	163461124	fwd	4166	2537	1443	0	0.680503	0.015982	0.716895	0.720729	left
chr4	164805458	164815680	d623d1ae-5842-4369-85a2-f82ca81681b1	164805452	164817296	rev	10222	4430	5374	0.005464	0.903981	0.018088	0.906977	-3	left
chr4	171925006	171933896	2568cde3-43c6-42f6-8170-bb9b9f036dd8	171925001	171951178	fwd	8890	1163	7384	0.094293	0.543424	0.053652	0.52119	-3	left
chr4	174294193	174304633	3e2a3174-f621-4a3c-811b-51492dd53960	174293404	174304642	fwd	10440	4376	4929	0.003365	0.620458	0.006662	0.866089	-3	left
chr4	178184327	178203160	2e0c221b-a44a-48cb-a068-6c3b32661c86	178150480	178211724	rev	18833	1014	17523	0	0.506667	0.00774	0.689542	0.83605	left
chr4	179344758	179351297	b2387be1-ae81-4f36-954b-c9c9e8355df1	179343296	179352427	rev	6539	1070	2574	0.030211	0.900302	0.00333	0.952275	-3	left
chr4	179570513	179577374	257fde22-01ea-4630-9d0b-948eb1dca3b4	179570508	179581458	rev	6861	1522	3460	0.037481	0.56072	0	0.94785	-3	left
chr4	182655664	182664364	534f4b3c-3a8f-4000-a43d-ddcfe7fd24de	182655107	182666948	rev	8700	3527	4694	0.017358	0.70974	0.051767	0.856204	-3	left
chr4	184109627	184115822	3f7130e8-251f-4a37-ae0d-dbfcaeefc7c5	184099631	184123642	rev	6195	1306	4610	0	0.659639	0.011334	0.835222	0.15195	left
chr4	184985717	184988851	cb9da4be-f10e-4221-90da-0cf8ec8f2177	184985202	185014032	rev	3134	1323	1253	0.024735	0.572438	0.05948	0.472119	-3	left
chr4	185795560	185805550	4b149f22-0afb-489f-b58b-97c94be58f9e	185795555	185808163	fwd	9990	2801	5727	0.00885	0.584071	0.144501	0.702046	-3	left
chr4	187829459	187842930	798f3139-0b50-4795-87d5-cb56aa3fae54	187828942	187842939	fwd	13471	1698	9593	0.073222	0.797071	0.004263	0.894572	-3	left
chr5	2973524	2985761	1d631712-01fa-4063-8274-68b697671e78	2973519	2996080	fwd	12237	6574	5040	0.005464	0.214208	0.026437	0.662644	-3	left
chr5	5159064	5161582	db746a90-ec5c-42b7-8054-fbd667a3a557	5159059	5165738	fwd	2518	950	1342	0.00678	0.922034	0.00271	0.96748	-3	left
chr5	8409990	8419246	fbc284f6-dacb-4068-9e4f-9fad5a941320	8401934	8424930	rev	9256	4108	3429	0.020833	0.586538	0.014228	0.902439	-1	left
chr5	9344065	9352635	bf08e346-3374-48f8-9118-0a9d161d32c6	9344059	9354075	fwd	8570	3579	4509	0	0.777994	0.097659	0.77159	-3	left
chr5	13573682	13581315	dc55519c-d5c8-4b4b-a404-c909bc9cb22a	13573677	13583915	rev	7633	4818	1246	0.043997	0.750186	0	0.858209	-3	left
chr5	21676595	21685008	c88c64c9-2dc3-4d82-9bff-72f6c299e9bd	21676583	21685019	rev	8413	3237	4847	0.002179	0.814815	0.060458	0.823529	-3	left
chr5	24960779	24966192	d4ebd3f5-f20f-4125-ae36-8f64a0ae894b	24960771	24970387	fwd	5413	1319	3819	0.038536	0.475915	0.04129	0.707097	-3	left
chr5	27462037	27471947	982a83ca-8336-4a13-bc60-62aa44a23098	27461260	27472447	fwd	9910	3047	5438	0.011803	0.783262	0.016695	0.853771	-3	left
chr5	28254896	28262939	8734bbc0-81e6-4d37-9206-7624a2b12aeb	28254816	28262944	rev	8043	1111	4078	0	0.947712	0.035211	0.876369	-3	left
chr5	30002243	30005513	20200fe8-e9c4-4b87-b7e5-0b0522989081	29994407	30006725	fwd	3270	1486	1547	0.010288	0.588477	0.002475	0.79703	-3	left
chr5	31649070	31658708	399117cd-ca9c-481e-98d8-b9c8082a8c1a	31648140	31666596	fwd	9638	2612	6697	0	0.672578	0.032939	0.709213	-3	left
chr5	33203632	33214759	a8e85ac1-09eb-4b21-b264-2a11bead0306	33203627	33216471	fwd	11127	3188	4879	0.001147	0.84289	0.076466	0.787676	-3	left
chr5	33332108	33339015	f762097d-31f5-4dc7-ade4-c0c7dbc38336	33332104	33339020	fwd	6907	3439	3135	0.007254	0.630052	0.078664	0.69181	-3	left
chr5	33497415	33503137	545a1413-0f94-4dc9-b93a-d6e88dc2ff41	33497406	33521258	fwd	5722	2430	1590	0.070053	0.507881	0.065076	0.691974	-3	left
chr5	34078721	34088062	10aa8550-8458-49f9-afb6-15a26f1aca20	34078711	34090842	rev	9341	2807	2243	0	0.910035	0.038292	0.826215	-3	left
chr5	36491984	36499173	756ef70d-60f8-41fb-bb48-055ab4ad60a4	36491977	36514379	rev	7189	2593	1774	0.001437	0.58046	0.024129	0.589812	-3	left
chr5	38651920	38658560	ab3f9dee-2d3a-4711-9f74-9f2c8562fda4	38651916	38675408	fwd	6640	2302	3931	0.0192	0.6352	0.044597	0.636364	-3	left
chr5	40172575	40180508	38d6adb4-c0c2-431d-b30a-43822ae92492	40172569	40187832	rev	7933	1535	6041	0	0.310345	0.011001	0.827283	-3	left
chr5	42001625	42006708	dab4c4fd-e3f4-450f-be2b-c4031e41041e	42001618	42015903	rev	5083	3108	1298	0	0.581023	0.026946	0.679641	-3	left
chr5	43689250	43696255	e11657e6-0473-446e-abf2-cd733773db06	43683111	43698546	rev	7005	1671	2602	0.131818	0.331818	0.025921	0.885402	-1	left
chr5	45541510	45546671	84b5ede9-b968-43f6-b25a-a4250f9d77d5	45538028	45553644	rev	5161	1142	1118	0.058824	0.542484	0.010152	0.629442	-3	left
chr5	49656281	49659836	b75c9ab1-058b-4841-8ebf-80de189f128e	49656261	49661871	fwd	3555	1427	1511	0.22658	0.514161	0	0.875332	-3	left
chr5	49657987	49661674	4d3cdf72-f618-4a84-b327-e17076266c4f	49656261	49661679	fwd	3687	1488	1714	0.12297	0.491879	0.149915	0.667802	-3	left
chr5	54388164	54392735	76f6a01c-eea3-49f0-a62f-784f84b94e78	54388160	54401055	fwd	4571	2605	1415	0.001504	0.742857	0.105769	0.653846	-3	left
chr5	55455879	55467772	457fc0eb-0301-482f-ba2c-a473fdec077b	55451487	55471018	fwd	11893	2199	9392	0.021138	0.622764	0.038715	0.514298	-3	left
chr5	57419187	57426218	3dd6d528-67ac-40c3-95b2-213e29a7c3a4	57410861	57431413	fwd	7031	1653	3312	0	0.563169	0.009868	0.514254	0.342614	left
chr5	62880162	62887090	24697b4e-2cea-451b-b9f9-4f3f1dee515b	62879938	62891618	rev	6928	1302	3113	0	0.6775	0.003517	0.902696	-3	left
chr5	63677486	63682857	c734b249-4ccf-4ba6-a4cc-da33696fce7e	63666215	63686787	fwd	5371	2199	2236	0.058583	0.674387	0	0.892815	0.239651	left
chr5	63762425	63772368	e88e0df6-e335-4dc2-a48e-34f78acff50b	63762411	63775448	rev	9943	2963	4241	0.044248	0.638432	0.044822	0.858578	-3	left
chr5	72677591	72683450	fc8a878c-1441-4d3e-a3ce-08ba8a619f62	72676680	72683456	rev	5859	1362	2116	0.065817	0.825902	0	0.943925	-3	left
chr5	77012581	77021727	8b1d6192-2a68-4253-ad77-9a798c0861a8	77012572	77021734	rev	9146	1649	7257	0.009852	0.926108	0.016264	0.922129	-3	left
chr5	80315301	80324605	60861d17-ed3f-4477-8a0a-9a11413733b8	80314211	80330817	fwd	9304	2027	6602	0.107623	0.625561	0.000576	0.839286	-3	left
chr5	82912239	82917830	db7f9e81-b0e5-4ed1-a870-f0a96a576090	82908170	82917847	fwd	5591	2025	3236	0.034483	0.780172	0.001021	0.953013	-3	left
chr5	84646155	84649592	0c43b0c3-94fb-424a-8aef-8486b9c63fd1	84641712	84669544	fwd	3437	1267	1911	0.009975	0.486284	0.013566	0.715116	-3	left
chr5	92589002	92599493	d4e7ebf3-04cf-4037-8bf1-d60c42b7faae	92588929	92604658	rev	10491	3683	6614	0.033898	0.826473	0.000988	0.882905	-3	left
chr5	94463070	94470914	8145eee3-a07d-4589-8282-990a65e76fe1	94459960	94482823	fwd	7844	1729	3500	0.015564	0.476654	0	0.89	-3	left
chr5	102835902	102842178	4c50a1f6-5f35-45d6-a353-246ec67dd7d1	102835894	102845341	rev	6276	1544	4321	0.001862	0.268156	0	0.832714	-3	left
chr5	111879851	111884967	666fa387-6408-404f-bad9-3c05e4dd79e7	111879807	111886854	fwd	5116	3471	1173	0.009375	0.673438	0.05949	0.847025	-3	left
chr5	124420223	124426323	5eb946da-ccbe-447f-aab5-fa8987d68a9b	124420209	124430638	fwd	6100	3763	2109	0	0.557201	0.026128	0.705463	-3	left
chr5	139052948	139056827	ffdf0192-c04c-48e6-92ca-9c9d9adce087	139050704	139060552	fwd	3879	1094	2113	0.160714	0.464286	0.043796	0.589416	-3	left
chr5	141662563	141669812	e024c294-0a45-4d44-a29b-67408da5b451	141658259	141672600	fwd	7249	2991	4054	0.050847	0.310734	0.045989	0.608556	-3	left
chr5	143036430	143041787	d8fc72ad-eec2-48c9-9425-80adfb457db6	143031187	143046961	rev	5357	1236	3828	0.077348	0.337017	0.005941	0.806931	-3	left
chr5	145391259	145403015	6b4172e6-6425-4f54-901c-3bda13a6aa5e	145391254	145405290	fwd	11756	1808	5964	0	0.194296	0.07956	0.5511	-3	left
chr5	148825022	148827738	1e4771f5-f3c6-4695-8f5c-d4489675b62c	148825015	148834222	fwd	2716	1231	1057	0	0.452107	0	0.688889	-3	left
chr5	148751745	148759375	2ee8cbee-461a-4461-a847-d33046334ef8	148751377	148778198	fwd	7630	3883	3291	0.026136	0.563783	0.019386	0.659128	-3	left
chr5	149298319	149310056	ac4bb7a8-f7e0-47ac-9f68-f05dc56f480a	149298313	149310890	rev	11737	1486	7321	0	0.395161	0.00112	0.901401	-3	left
chr5	152946079	152956801	9d01f12a-7451-49b5-8fdf-0a581475fbf4	152946065	152956808	fwd	10722	2118	8263	0.045255	0.757664	0.03436	0.834003	-3	left
chr5	153305150	153312063	aedd9e48-f977-47bc-876f-c3161a6fbfea	153305146	153316298	fwd	6913	4063	1965	0.015896	0.58526	0.052991	0.726496	-3	left
chr5	153604061	153609101	43768f4f-0e81-4822-a309-d9cefb3105f7	153601431	153610893	rev	5040	4029	705	0.008214	0.830595	0.076555	0.727273	-1	left
chr5	154668982	154676749	247ac5cf-6ae8-4422-96ba-7c38b4a26adc	154668978	154683949	fwd	7767	4872	2690	0	0.463941	0.001647	0.747941	-3	left
chr5	156491562	156497703	4c1cec81-704f-40d2-9965-c578af07634a	156489709	156497988	fwd	6141	1478	4395	0	0.66129	0.020833	0.83631	-3	left
chr5	161897113	161902381	7ab1cf4c-632b-47d7-8a29-d5726320c32f	161897106	161907899	rev	5268	2709	2192	0.019691	0.50211	0.056552	0.777931	-3	left
chr5	162116030	162127267	b8a0ffdc-8f9b-4dab-900c-15d5824c7ee8	162115247	162130744	rev	11237	3630	5875	0.007149	0.7605	0.000569	0.908936	-3	left
chr5	167965130	167970126	c5a14ff1-32b2-4bab-abd4-cf9ea63b1cb7	167963921	167986556	fwd	4996	1046	3646	0.007194	0.579137	0.007722	0.690154	-3	left
chr5	169915388	169923291	0bb30150-eb7c-4c0d-9b81-7c1430359c76	169912294	169923722	rev	7903	1429	6250	0.012225	0.711491	0.004364	0.913257	-3	left
chr5	172513584	172516342	53007130-b20e-48b0-8c15-1ec9f11f7272	172513208	172522078	rev	2758	1351	1146	0.019643	0.546429	0.003145	0.698113	-3	left
chr5	175584715	175591322	3220af28-ea7f-4e8a-8a7e-a693fcb85067	175584218	175613501	rev	6607	1616	4733	0.03794	0.455285	0.031422	0.575805	-3	left
chr5	176117935	176123220	9a8a9fff-8d03-49d4-816e-cf06e7ca6702	176117925	176129885	fwd	5285	1354	3372	0	0.494012	0.026393	0.783969	-3	left
chr5	176767246	176771825	11f93d25-0f8e-447f-a47e-367b0be70767	176760910	176771829	rev	4579	1277	3039	0	0.875706	0.0366	0.720189	-3	left
chr5	177292234	177296158	91257d2d-98db-4f26-8347-9418675660f2	177292227	177311060	fwd	3924	2035	1253	0	0.656934	0.078212	0.734637	-3	left
chr6	7554762	7561963	0d3f07a4-7dd5-4121-ace0-42a1c4a95356	7554214	7561968	rev	7201	2975	3066	0.036568	0.492264	0	0.854501	-3	left
chr6	17421900	17427766	72f04020-f154-4d01-ae7a-5937327b3752	17421885	17427771	rev	5866	2717	1531	0.046322	0.889646	0.126794	0.801435	-3	left
chr6	17958563	17966675	6682087e-9ee3-46fb-9cc2-91983df81444	17957756	17970701	fwd	8112	1646	5024	0	0.485417	0.027481	0.790076	-3	left
chr6	19414376	19427394	541c0925-fbf5-4418-a483-e32cddb8bc69	19414371	19429782	fwd	13018	2820	7216	0	0.609354	0.00357	0.85839	-3	left
chr6	19577086	19581521	33a64a98-1ec9-4da9-8bd4-5e78ff1ed45b	19577080	19585378	fwd	4435	2947	1179	0.014765	0.55302	0.030928	0.680412	-3	left
chr6	27160968	27168169	2ec7d11d-5772-4464-a828-e6a1b6c9343c	27159840	27179817	rev	7201	719	5301	0.042328	0.857143	0.039216	0.83618	-3	left
chr6	39736193	39740835	30b71824-7fc7-409a-95ec-393643bb66ba	39736188	39748893	rev	4642	1849	2479	0	0.592391	0	0.868106	-3	left
chr6	40996231	41004352	22686fc9-864f-49c9-9519-573e88f319b0	40996214	41006583	fwd	8121	1651	6250	0.009195	0.537931	0.061889	0.605863	-3	left
chr6	41998860	42004591	db2c81d2-8f98-404d-b239-323908e55a3e	41995468	42007250	fwd	5731	2056	1206	0	0.65625	0.028571	0.920635	-3	left
chr6	42364574	42368654	f9c2e788-df5b-456f-a0c8-603d4cfcf4e4	42364563	42370419	fwd	4080	1133	2570	0.030075	0.413534	0.007067	0.681979	-3	left
chr6	42436998	42444839	8e169db9-3f18-47fd-b865-35c41372f424	42435821	42444844	fwd	7841	2354	5111	0.142857	0.705263	0.047327	0.863278	-3	left
chr6	49446276	49452270	16fd4323-a08a-43c4-b709-0421542c032e	49446271	49456876	rev	5994	1352	4353	0.041841	0.658996	0.025806	0.763226	-3	left
chr6	55603925	55614348	c961ab88-3b52-4430-81fd-c0e95593306a	55603917	55617576	fwd	10423	1590	8522	0	0.469543	0.025951	0.593736	-3	left
chr6	60857759	60862515	48232871-800e-49bc-acc2-41a87a2f50b5	60857281	60871776	fwd	4756	1010	3296	0	0.222749	0.0138	0.753715	-3	left
chr6	62088733	62099136	7ce0cc03-e9fd-4d61-84f6-8f0f9945997e	62088727	62099142	rev	10403	1494	6428	0.059347	0.738872	0.043527	0.787388	-3	left
chr6	62927480	62935278	eced81f8-2ed4-4bad-9ec3-5de57e7c096d	62927476	62938426	fwd	7798	1685	3987	0.001418	0.531915	0.003404	0.716596	-3	left
chr6	63029732	63040379	3dd8da40-a437-4b5a-857a-1418e681a541	63029009	63041279	fwd	10647	1833	7946	0.022971	0.652374	0.012408	0.868941	-3	left
chr6	63406946	63411905	8d6112d6-4da2-43ef-8238-bc93fd31b27b	63406893	63422919	fwd	4959	2092	2604	0	0.639399	0.043339	0.597111	-3	left
chr6	65652710	65661929	4caa4a68-f055-441e-b776-093aa22ea008	65652059	65671724	rev	9219	4314	4609	0.012712	0.345339	0.071031	0.662256	-3	left
chr6	70964723	70971902	ed0490f0-7259-42a1-a6e8-de42263df43d	70964715	70974785	fwd	7179	4540	2320	0.054331	0.728346	0.094151	0.778887	-3	left
chr6	74683038	74691512	663abba3-03e5-4079-8dbc-95a8c9b12321	74681210	74692400	rev	8474	3133	1839	0.009137	0.827411	0.001558	0.923676	-3	left
chr6	79986656	79993975	ee1579c4-cab3-4698-94ee-138f530e7762	79986651	79999232	rev	7319	4086	2931	0.009764	0.811229	0.071565	0.770038	-3	left
chr6	81239120	81244037	d0c7f22e-0a4c-4c52-8881-9a4aa8733d1a	81239114	81248378	fwd	4917	1838	2521	0	0.495637	0.005457	0.828104	-3	left
chr6	82125381	82129889	4a1adadf-0ac6-440f-a4d2-3c177ba63009	82125374	82135757	fwd	4508	1323	2859	0	0.62844	0.009574	0.823325	-3	left
chr6	83287659	83297377	822ca1cf-d3c7-403c-9da1-ade60f3c79bd	83287152	83297383	fwd	9718	3164	4744	0	0.687045	0.001062	0.87573	-3	left
chr6	84938368	84948460	08e95e12-1c76-48f0-9396-a8fd87b0f1dc	84936312	84958791	rev	10092	2309	6876	0.028143	0.508443	0.014314	0.836581	-3	left
chr6	90970091	90982396	8ef0dd5b-9cfd-4cfd-9fc5-12571abf346b	90970086	90982403	fwd	12305	2574	9396	0.038769	0.763968	0.012061	0.913853	-3	left
chr6	91844639	91856300	07778843-33de-4e0b-847b-8fd072e13d5f	91842705	91859054	rev	11661	1006	10342	0.039755	0.535168	0.016384	0.876829	-3	left
chr6	93731745	93741426	c0ab225b-0d03-4be7-9fc8-decf58667837	93718389	93743526	rev	9681	2749	6430	0.053388	0.673511	0.076772	0.816437	0.237081	left
chr6	97048698	97053870	f40394e5-9e97-4207-bdba-690f888cdc24	97048693	97056086	rev	5172	3549	1209	0.052376	0.604268	0.07563	0.736695	-3	left
chr6	97317355	97322767	70cc2a9c-c858-4029-b34d-1d2694496d3b	97317348	97333584	fwd	5412	3086	1428	0.005198	0.516632	0.059957	0.627409	-3	left
chr6	98221914	98229668	6b85a57a-288d-48ec-a2c0-1bfd718c4574	98221904	98231834	fwd	7754	3168	4118	0	0.678307	0.045105	0.673267	-3	left
chr6	100424764	100435123	47873f4c-da51-4cd3-9d1b-9a3b995c6b59	100424756	100435798	rev	10359	2802	7310	0.006775	0.781843	0.060202	0.869026	-3	left
chr6	104642172	104653892	317ca602-c91a-4c60-a746-c106b490205c	104642167	104655556	rev	11720	4340	7126	0	0.578199	0.015481	0.702467	-3	left
chr6	106007161	106015050	d31f1d22-8983-41d4-9f70-7cf722ee9b71	106007144	106015058	fwd	7889	3467	3999	0.043575	0.785475	0.088368	0.794409	-3	left
chr6	110186242	110190438	45b65887-d628-49aa-a887-77ce89643600	110184975	110194314	fwd	4196	1018	2827	0	0.437908	0	0.773987	-3	left
chr6	114356288	114364582	6a7025fd-3bb8-4945-a4c3-a3f2bf7b8152	114356273	114366773	fwd	8294	2997	2901	0.003996	0.675325	0.041397	0.708926	-3	left
chr6	118907965	118920027	40abbc98-fcc2-4299-8936-9d014b3f9b55	118907954	118927694	fwd	12062	5513	4672	0	0.790875	0.005402	0.87576	-3	left
chr6	120843922	120852583	dc334129-96e2-46a5-9886-4f43b6480810	120841761	120858397	rev	8661	1178	7223	0.008219	0.726027	0.002761	0.959503	-3	left
chr6	127045625	127051895	15572d45-c859-4651-a8e7-222a1dc1e1dc	127042775	127051899	rev	6270	1168	4809	0.022403	0.812627	0.020115	0.820115	-3	left
chr6	129369407	129379075	1032e358-e26d-418a-af93-49518a8ec48b	129369401	129393394	rev	9668	2528	4941	0.04401	0.756724	0.048925	0.760563	-3	left
chr6	133556090	133562305	f4ee1aeb-ca44-4a22-b664-245d1001b6c7	133556083	133568306	rev	6215	1358	4656	0.002688	0.69086	0.012325	0.743632	-3	left
chr6	134877785	134885567	e8bafe5c-4554-4d6f-bcc0-86407a6234c4	134877779	134885572	rev	7782	3481	4024	0.052137	0.716239	0.009132	0.919635	-3	left
chr6	143143827	143149606	6b529d31-b428-42f5-840e-db20118b350f	143143821	143160001	rev	5779	1411	4013	0.009592	0.398082	0.005348	0.765597	-3	left
chr6	151004948	151009899	9bf7a552-3bcb-4f55-8dda-7046fabf3960	151001142	151016931	rev	4951	3114	1472	0	0.695548	0.02	0.685	-3	left
chr6	152444555	152453524	4e340553-92a9-4221-bfc7-b5278b52cdd5	152443318	152456343	rev	8969	2192	5453	0.035	0.676667	0.004217	0.90241	-3	left
chr6	160724049	160728404	d1ffbcb8-a260-41d4-a30e-fa389d8037c9	160724044	160737594	fwd	4355	1566	2407	0	0.660891	0.010204	0.748299	-3	left
chr7	878395	885054	0bbafe77-83fe-40bb-a1c8-ad8772a0fff8	862965	885061	fwd	6659	1645	4334	0.063536	0.676796	0.067164	0.73041	-1	left
chr7	5137039	5143324	0e1174d9-ff7c-4b9c-8bdd-f00335cdb2cd	5136500	5145354	fwd	6285	2793	2707	0.001473	0.799705	0.032534	0.799658	-3	left
chr7	5196475	5207490	a22b46fe-2879-4e7d-82d6-bd7ebfdf1d91	5195890	5207494	rev	11015	1928	5649	0.05787	0.747685	0.00073	0.867153	-3	left
chr7	12208112	12215165	b854b061-15f8-4ce5-86b5-1a2a9580ac5c	12208105	12220537	rev	7053	1982	4811	0	0.638838	0.004494	0.850187	-3	left
chr7	25836259	25840170	80e2c319-b17a-4aac-b98d-a51a50ee0f32	25836253	25842851	fwd	3911	1785	1837	0	0.624709	0.028986	0.720497	-3	left
chr7	31710518	31719708	5546c34d-856b-42a3-8e9b-32ffeef70a4f	31710253	31733211	fwd	9190	3463	4971	0.002347	0.494131	0.032576	0.706818	-3	left
chr7	40962679	40969112	5063a226-b78d-404d-8aff-9685ca416550	40956937	40981809	rev	6433	2764	2477	0	0.644068	0	0.873016	-3	left
chr7	43800820	43809921	58c46c4e-22d7-4c14-9f98-e1024f8e0b27	43794785	43809930	fwd	9101	2487	6285	0.03125	0.685855	0.031947	0.726944	-3	left
chr7	52436722	52446949	60e443e9-09d4-4ef4-8071-62033caefe9e	52435794	52453292	rev	10227	2245	6791	0.074	0.606	0.050146	0.794752	-3	left
chr7	52739056	52757374	3305c9ba-dab0-4eb6-bc2a-02b5cef6b2a8	52738085	52779534	rev	18318	2052	15987	0.038397	0.629382	0.016949	0.638285	-3	left
chr7	65084106	65089396	58c80f51-8b5f-4e8c-a607-075f79bbe49b	65080086	65094065	fwd	5290	2326	2614	0.006693	0.635877	0.018462	0.764615	-3	left
chr7	65710688	65714299	5bfeea6a-7e60-463c-bc65-f4f4ef610b6e	65701569	65716831	rev	3611	1355	1794	0	0.417323	0.006316	0.692632	-3	left
chr7	84253707	84260758	dc6fed81-4cfe-416c-8a97-ef89265bd92d	84253692	84260861	fwd	7051	2231	4128	0.115702	0.636364	0.03751	0.881085	-3	left
chr7	90309724	90317864	f1c1fc08-5658-4169-acd2-4f776784f33d	90309718	90318968	rev	8140	4106	3771	0.037369	0.825859	0.028336	0.907678	-3	left
chr7	91818431	91830315	f6e23bc2-4f36-44fc-85f1-6442046de4de	91814986	91834412	rev	11884	3094	8563	0.004592	0.789897	0.024316	0.824215	-3	left
chr7	97836670	97842046	520ca6c5-c319-466d-ba3b-e9b214a793a2	97834115	97842092	rev	5376	1355	3497	0.017722	0.177215	0.006316	0.578947	-3	left
chr7	99152129	99157193	31f9c158-a332-49ce-bfb4-a28e4e35729e	99145243	99170127	rev	5064	1029	3712	0	0.51073	0.007035	0.803015	-3	left
chr7	102161647	102168665	a69d0f05-c5f2-43c9-956a-76d88977c1c7	102157243	102170269	fwd	7018	1485	2355	0.095395	0.516447	0	0.95122	-3	left
chr7	105874514	105881761	35fece19-63c4-489a-85f0-00f60c0c76f3	105869548	105883311	fwd	7247	3746	2340	0.003784	0.705771	0.048327	0.728625	-3	left
chr7	106725720	106730385	df693288-9fb0-4e40-913a-20527c0ba753	106724537	106753807	fwd	4665	1004	2848	0	0.323194	0.001733	0.570191	-3	left
chr7	107575433	107583994	74c92f18-9660-4101-9d45-72f7426c601f	107575428	107590436	rev	8561	3538	4718	0.000966	0.618357	0.033449	0.807666	-3	left
chr7	109953948	109958481	806959a7-93d1-4abc-95ee-dd48fc39d6b4	109953940	109962903	rev	4533	2202	1098	0.032258	0.662757	0.109244	0.605042	-3	left
chr7	109963806	109970123	30837178-3f60-4893-a736-894a9af9698b	109963801	109973580	rev	6317	1821	4271	0.031621	0.620553	0.018629	0.815201	-3	left
chr7	110961010	110967342	a3ecc3b7-5f35-492b-9ec9-ea242285e32b	110961005	110967349	fwd	6332	1799	4101	0.017361	0.543403	0.020376	0.825235	-3	left
chr7	115403473	115411454	bf7c6603-98ef-47eb-865c-617b03d45891	115403467	115412084	fwd	7981	3900	3810	0.007036	0.592788	0.017905	0.863921	-3	left
chr7	116064787	116081486	77ee36aa-39be-426f-9348-38cd3e7381f0	116064777	116088610	fwd	16699	6346	9138	0.036585	0.367378	0.016218	0.629193	-3	left
chr7	120153648	120159033	181ab05a-544a-493c-965d-cf000ea33698	120153643	120177736	rev	5385	3297	1827	0.005252	0.375	0	0.896853	-3	left
chr7	121333463	121342929	8f01bcc2-eb09-4d38-a546-77c684a531e2	121333329	121343015	fwd	9466	4356	2320	0.003826	0.800306	0.041772	0.674684	-3	left
chr7	125637664	125644271	9be1f8fd-e6d6-4dbd-80e1-6ebfb44af0d1	125637614	125645312	rev	6607	2063	4254	0	0.715436	0.020924	0.908369	-3	left
chr7	126754009	126759522	b2f086fa-59d9-4617-8875-ad8e67490ec2	126753991	126759701	fwd	5513	3001	2216	0.021991	0.613426	0.04978	0.642753	-3	left
chr7	127314474	127328744	8fdfc53c-e5d0-4aff-8f3c-49391611ec6a	127306626	127338338	fwd	14270	1146	12770	0.04	0.511429	0.047746	0.68535	-3	left
chr7	129330980	129338152	157cbd85-d3bf-4efb-8fe5-e56d5f4eb720	129330973	129340516	fwd	7172	1980	4865	0.053422	0.499165	0.056319	0.79739	-3	left
chr7	129964477	129970767	a49cc4cd-22c9-4f16-b1a7-8cd7c9e9d1dc	129964472	129970773	rev	6290	1733	2761	0.002833	0.787535	0.059006	0.810559	-3	left
chr7	131430208	131434393	35ffceb3-2a30-450a-89f0-bab71b2cc9af	131423724	131435971	fwd	4185	2707	1109	0.002153	0.621098	0.036424	0.486755	0.11335	left
chr7	134600524	134610660	ff29e87b-e4b7-427e-baec-c05e240300d3	134594815	134610961	fwd	10136	3665	6028	0.019266	0.756881	0.024684	0.812763	-3	left
chr7	135265508	135275441	6f181a50-7c0f-4164-8a04-c7f72ba1faee	135265499	135281189	fwd	9933	1344	7986	0.005882	0.341176	0.031033	0.574104	-3	left
chr7	137189414	137198819	ed20ef4b-cbd4-4d98-91bb-e760df1791b9	137187301	137199814	fwd	9405	3778	3586	0.096683	0.678899	0.044331	0.629156	-3	left
chr7	138634479	138647027	83a0e98d-4578-4875-ab3d-c5515c93e88b	138631970	138647526	fwd	12548	2171	10056	0.037037	0.672222	0.081596	0.729933	-3	left
chr7	138962531	138969971	677ab7ef-3e17-44a9-886e-94b9b779dd2e	138962523	138969975	rev	7440	3844	3355	0.054183	0.826996	0.032922	0.860082	-3	left
chr7	142665255	142670643	290c2237-7f1a-4c69-9b30-06f3d04667ec	142660144	142676747	fwd	5388	1574	2528	0.026549	0.628319	0.011513	0.916118	-3	left
chr7	144137307	144143383	e96fdafd-94b9-4328-ab38-52ee7ac8cf18	144135722	144147824	rev	6076	3598	2214	0.078747	0.573243	0.011268	0.715493	-3	left
chr7	145515969	145522980	6e514b85-f2a8-4e74-a85e-d72435f069a1	145515964	145526758	fwd	7011	1597	3830	0.040161	0.600402	0.015138	0.796972	-3	left
chr7	147519273	147528729	5b7f11b6-2253-4e84-917a-0bbeccf2fbdb	147516720	147530742	fwd	9456	4013	4636	0.026364	0.759091	0.052591	0.819799	-3	left
chr7	151051881	151055181	30ab3ce2-46d6-4fd4-8f16-5dff762c0360	151051024	151064478	rev	3300	1769	1143	0	0.349462	0.018605	0.646512	-3	left
chr7	153652178	153657854	ad001865-61c0-4acd-a07b-ba4d5d54c9a7	153648009	153659685	rev	5676	1625	3060	0.043299	0.635052	0	0.93953	-3	left
chr7	154847127	154854722	bc24e3a2-213b-44c6-a86c-0779aeb2eb1b	154846260	154854735	fwd	7595	3987	1076	0.065527	0.317189	0.011019	0.449036	-3	left
chr8	24364143	24370948	68d35bf0-ff29-4943-b852-5e1b9b75cf0e	24352589	24370958	rev	6805	1709	4698	0.050109	0.764706	0.023031	0.860327	-3	left
chr8	28105350	28114201	c37849b3-392e-4df6-8b8c-c9f141ad67a3	28096993	28122084	rev	8851	2462	6098	0	0.687407	0.02472	0.845203	0.076314	left
chr8	30628454	30631669	58449146-c900-4709-9524-601d74f770f5	30623486	30632043	fwd	3215	1081	1803	0	0.417722	0.014315	0.828221	-3	left
chr8	33440732	33449744	a3c33589-013f-48c2-aae4-2397bda36bb7	33440725	33449933	rev	9012	2501	4958	0.04096	0.524011	0.02116	0.631661	-3	left
chr8	35019440	35023480	32245596-e000-4556-91e0-5d5f016382a4	35005786	35033284	fwd	4040	2653	1090	0	0.514644	0	0.894198	-1	left
chr8	49080126	49087843	a3152c0c-f869-4ad7-8e9f-e74a58fc61f8	49075937	49090484	fwd	7717	2190	4975	0	0.942257	0.00883	0.753495	-3	left
chr8	51465484	51469835	374a33c0-b6d1-4822-93f9-3f3d0fb6987b	51465477	51480269	rev	4351	2206	1404	0.091667	0.495	0.010169	0.813559	-3	left
chr8	51597105	51601585	f8d30228-85f3-4d45-9c10-23774518a9e9	51594883	51616463	fwd	4480	2509	1547	0.019417	0.416397	0.008418	0.787879	-3	left
chr8	51727502	51739975	06153736-6122-489c-980b-8dac8df8407d	51725691	51753220	fwd	12473	4517	7493	0.005025	0.647404	0.037962	0.668831	-3	left
chr8	52803965	52811579	5f8d2754-b2fc-4b3e-b350-c2c085c1cc58	52800737	52812616	rev	7614	2147	3711	0.042339	0.657258	0.001838	0.922794	-3	left
chr8	53392732	53398397	9b2693cf-bb7b-4244-9f07-446ca934cc28	53392727	53401479	fwd	5665	1763	3432	0.03125	0.574219	0.010124	0.703037	-3	left
chr8	55444903	55451603	5b95a16c-3bb4-40c8-8c69-42c9cb7d178a	55440636	55456288	fwd	6700	1479	4931	0	0.505495	0.009146	0.816311	-3	left
chr8	58653134	58660080	674f7508-aa57-4696-bbd2-4468ddcfb73a	58653119	58660454	fwd	6946	3569	2919	0.012594	0.797229	0.023873	0.848806	-3	left
chr8	59504906	59512182	d6868b4d-9c27-4afd-af31-6b88b45870a1	59504444	59520401	rev	7276	1561	5414	0.002375	0.603325	0.041614	0.738335	-3	left
chr8	60346488	60355927	cd5ababf-76e8-4c4a-bbde-ae2ce8bfbf81	60346473	60356670	rev	9439	2554	6595	0	0.717472	0.049206	0.66325	-3	left
chr8	60926067	60932857	40f87ccb-481c-498c-b6e4-b3fd2c4d628b	60926061	60938274	fwd	6790	1621	4977	0.023913	0.582609	0.017934	0.705165	-3	left
chr8	62793840	62798648	9ceb41d1-2f23-4343-8aec-c12d4ae13664	62787254	62798657	fwd	4808	1090	1016	0.031373	0.341176	0.121622	0.516892	-3	left
chr8	63684574	63694746	c0e51e9c-438c-4017-aba3-1d6c288f372b	63683721	63702862	rev	10172	2588	6208	0.002513	0.782663	0.01533	0.905071	-3	left
chr8	63934417	63938380	7570da30-8c28-430e-8370-17d5c7585f4c	63934413	63949005	fwd	3963	1820	1879	0.025848	0.584814	0.070352	0.711893	-3	left
chr8	77206668	77211798	a44056c8-512c-4be5-9881-0e2422e37d78	77201728	77213358	fwd	5130	1381	3524	0.049702	0.487078	0.002431	0.858995	-3	left
chr8	78668466	78688829	a15d1f44-583c-4b9c-8e08-c46cd5778355	78667707	78689448	fwd	20363	1721	17803	0.047619	0.581281	0.045471	0.874204	-3	left
chr8	79490068	79500897	935ed556-fafd-4a3b-bd9b-596fcfaa4347	79487292	79507540	fwd	10829	3957	6565	0.002219	0.735207	0.041852	0.836153	-3	left
chr8	83067576	83073814	2ada3afe-398d-43b6-b4a5-d2999cce6831	83067571	83079053	fwd	6238	2477	3356	0	0.645963	0.004896	0.70257	-3	left
chr8	83769493	83776700	60f34993-6221-409f-8443-436b6fde71c8	83769483	83778233	rev	7207	3324	2585	0.021297	0.757986	0.030623	0.868004	-3	left
chr8	87080361	87085978	c19edcd6-ce25-4856-8a6f-7e575f68fec6	87080352	87093252	rev	5617	1258	3967	0.021097	0.49789	0.01594	0.685441	-3	left
chr8	87473313	87481436	2fcc7903-bde2-4474-80f1-439e488f7d3f	87473309	87482622	fwd	8123	3118	4648	0.034292	0.710177	0.025862	0.864058	-3	left
chr8	88237812	88241566	8f529a6e-bb0e-4d3d-bb3c-57af02e8820b	88237806	88243082	rev	3754	2351	1111	0.010582	0.62963	0.087087	0.753754	-3	left
chr8	91001191	91011101	8271257c-1c7d-4512-98fa-aff308dc4a93	91001185	91011851	rev	9910	2244	7420	0.005398	0.765182	0.043553	0.818104	-3	left
chr8	91748644	91754910	2b949a2d-2329-406f-a546-3dcc28d65bb3	91748424	91755144	fwd	6266	4337	1668	0.004535	0.791383	0.034146	0.814634	-3	left
chr8	93738548	93746268	9cc05b61-72d3-4098-8bcf-3eb7e462c948	93737235	93747766	rev	7720	2391	2969	0.004144	0.76105	0.004706	0.931765	-3	left
chr8	99676461	99684326	fd29f0ad-309a-4c37-85df-e3c29fc926f4	99676447	99686144	rev	7865	3805	3779	0	0.809659	0.00199	0.916418	-3	left
chr8	104281817	104286784	1e29edb3-18c4-4d35-9118-576e1fa62f56	104277428	104289449	rev	4967	2732	1994	0	0.639437	0.019646	0.75442	-3	left
chr8	104350374	104358902	17c5a49b-9692-42b2-a408-6c95ce10c32a	104350118	104370637	fwd	8528	1548	6521	0.004831	0.640097	0.045581	0.564202	-3	left
chr8	107240425	107247854	b2dd8a5a-a08c-4b1d-a3ee-1cb274c3e97e	107240419	107247862	fwd	7429	3252	2304	0.023342	0.764128	0.106977	0.746512	-3	left
chr8	108899038	108903358	1d646a48-bca5-48a4-977c-5891fed40b37	108899031	108913737	rev	4320	2655	1046	0.001921	0.6878	0.123418	0.56962	-3	left
chr8	113401113	113405856	5bf7ebef-a5f2-451e-b36a-6de89d1a0a07	113397669	113411153	fwd	4743	1340	3041	0.012346	0.439506	0.003956	0.601385	-3	left
chr8	117653121	117665342	d4542027-3686-4ff5-8c85-6d4c79076d65	117652534	117666055	rev	12221	4795	7125	0	0.788576	0.025899	0.845564	-3	left
chr8	122973548	122976550	a4f1ec4e-3812-4294-9fa5-3ed6b721ec9d	122968571	122979871	fwd	3002	1274	1233	0	0.555556	0.191304	0.597101	-3	left
chr8	123226231	123234271	6bd2b90c-c7c6-414d-9ca2-f79417151dcb	123221306	123238994	rev	8040	4455	3292	0.004153	0.768272	0.029148	0.79148	-3	left
chr8	126876515	126879667	914ccfb1-555f-482a-86c9-edc7625f9ff7	126876510	126884024	rev	3152	1646	1195	0	0.658537	0	0.837545	-3	left
chr8	127473603	127478869	8473c623-b5b3-498e-88fc-8c032a048a5d	127469892	127478883	fwd	5266	1714	2441	0.006369	0.639066	0	0.946058	-3	left
chr8	128008764	128015273	c83c5675-268c-4094-93b5-e3a19f0d6a65	128007469	128036898	rev	6509	1128	3747	0	0.586957	0.023878	0.706781	-3	left
chr8	128039134	128046016	c4b51f3a-c2dd-453c-8f84-b583cf611941	128039129	128052403	fwd	6882	4643	1863	0.079971	0.65634	0.014787	0.719039	-3	left
chr8	128945389	128949089	ec44e1ec-9fff-46fe-8abf-7e3ded74c351	128942049	128963259	rev	3700	1437	2005	0.002398	0.690647	0.037383	0.66729	-3	left
chr8	131307576	131314516	2d8c1f49-0b03-4da4-828f-a2177975c60b	131307572	131315174	fwd	6940	2567	3931	0.018868	0.416546	0.039413	0.808346	-3	left
chr8	131739460	131748270	6acf86d9-b611-40c1-916c-9dd09eaa4fa9	131739454	131750923	rev	8810	4639	3918	0.016722	0.714883	0.028723	0.9	-3	left
chr8	132614173	132619593	641e3ae0-00ea-4eef-882d-2ca8b846e506	132611512	132619599	fwd	5420	1531	3538	0.00627	0.852665	0.064619	0.681144	-3	left
chr8	137649217	137656814	4fd8e060-c4df-49b0-b4a7-62bd14a4e4e8	137649206	137659952	rev	7597	2475	4868	0.026582	0.665823	0.043595	0.699531	-3	left
chr8	139123870	139135436	226f1ff5-f8b8-46cf-8adf-3d2627d6640a	139120375	139141759	rev	11566	2234	6702	0.036728	0.63773	0.00625	0.867045	-3	left
chr8	145009637	145019299	81eed329-0376-41dd-b3c1-66c1e0a81c20	145009632	145020050	rev	9662	2668	5640	0.017964	0.644711	0.033489	0.825545	-3	left
chr9	742996	754455	9ba89c57-4fd4-4071-9648-3b4afda3caff	739931	754937	rev	11459	3825	6622	0.053159	0.772317	0.066983	0.810314	-3	left
chr9	3775216	3782795	19e8dc0c-c46f-4ac6-b4b4-5534dcad9dc6	3775210	3793774	rev	7579	1102	5407	0.019608	0.470588	0.010863	0.807668	-3	left
chr9	20249154	20253775	8f03b2aa-894a-43a8-abbd-26d1ed5c17e5	20245006	20262413	rev	4621	1427	2910	0	0.628342	0.001124	0.823596	-3	left
chr9	31794428	31799968	f4340fdf-8d8e-43ab-88c0-f275c1773d48	31784863	31803611	fwd	5540	1071	3320	0	0.485401	0.003222	0.847476	0.186927	left
chr9	33381938	33389324	474cd03b-085e-4ca3-abd5-ea13ea8d0254	33379710	33405332	fwd	7386	2184	3785	0.005545	0.321627	0.005682	0.422727	-3	left
chr9	34689604	34694397	e34cd9c6-80e2-4b0c-83b0-bfa0c08f72bd	34689598	34701512	fwd	4793	2459	2052	0.022069	0.594483	0.036638	0.663793	-3	left
chr9	75831498	75839130	44f48335-2c29-404f-8fa9-5b493be659bd	75822232	75839140	rev	7632	2686	4164	0.033382	0.669086	0.003717	0.900372	0.215216	left
chr9	80519550	80526786	a59357ed-84cb-4e9e-bd08-f7343dfb5485	80519545	80529834	fwd	7236	2260	3706	0.001898	0.8463	0.010582	0.833333	-3	left
chr9	80743637	80756325	a00e4e12-e098-4d2d-bbe1-94c843067aed	80743632	80758149	fwd	12688	1510	10202	0	0.535019	0.001151	0.869678	-3	left
chr9	89987392	89993780	676c2e85-eb5f-4f99-bc3a-87763e1a3890	89987387	90000539	fwd	6388	1293	4861	0	0.512465	0.023307	0.739257	-3	left
chr9	121100506	121104972	fe302b22-497a-4984-a268-fb95f21e9e51	121099936	121104976	rev	4466	1064	3116	0	0.842105	0.027353	0.835076	-3	left
chr9	130594638	130601152	dd42bbeb-a2be-417f-b852-46e08e80ba11	130594124	130613166	rev	6514	1001	5225	0	0.399209	0.011586	0.654598	-3	left
chr9	133021693	133028125	5e10353b-60e0-46f5-8c2d-678e2212dcc0	133021417	133045831	fwd	6432	1694	3570	0.002381	0.521429	0.038168	0.632316	-3	left
chr9	133371171	133378262	d1105790-fb24-40d4-95bd-a6435e6d978c	133367891	133378490	fwd	7091	3092	2589	0	0.695575	0.086486	0.533333	-3	left
chr9	133476987	133481323	48dad958-a54f-45e6-9484-dd7e6b9ff7a4	133476980	133485318	rev	4336	2437	1666	0.019493	0.769981	0.018519	0.811728	-3	left
chr10	2060292	2064373	b82ddcfd-16d7-4055-b0fa-e5096bac4b9b	2059623	2073926	rev	4081	1944	1845	0	0.684028	0.043165	0.628777	-3	left
chr10	3176868	3181572	bdf0f7b9-c0c5-4102-9e7a-20951f5f00a8	3164815	3181576	rev	4704	1030	2845	0	0.863192	0.00241	0.910843	-3	left
chr10	13516314	13520621	b5fd226b-bd7c-4d1e-b2d3-fce839232a21	13515769	13526101	fwd	4307	1456	2467	0	0.494949	0.019704	0.660099	-3	left
chr10	16277869	16283506	f9c45664-6259-4637-b62d-6f611ebbff8b	16277860	16288036	fwd	5637	3191	2189	0.007362	0.522699	0.005535	0.704797	-3	left
chr10	16408885	16415019	009aab06-50f0-4c10-887d-55f255680721	16408875	16420247	rev	6134	1406	4345	0	0.675325	0.03818	0.801787	-3	left
chr10	18657083	18662303	44271d82-61e3-4341-940a-9d857c79afc6	18657075	18662312	fwd	5220	2729	2222	0.019763	0.844532	0.028381	0.836394	-3	left
chr10	20087333	20091828	e0cb2937-0bf8-42b4-ad3b-b46748c08dfd	20087325	20098835	fwd	4495	2518	1645	0	0.657064	0.023762	0.790099	-3	left
chr10	24918267	24923554	caaba404-53b4-4639-a280-5c3cbcb013fa	24918263	24930880	fwd	5287	1648	3326	0.009456	0.666667	0.00906	0.763307	-3	left
chr10	28992907	28999560	b3024040-a211-4a68-a9c5-416465461092	28988175	28999564	rev	6653	1305	4779	0.163934	0.431694	0.024957	0.834768	-3	left
chr10	29521608	29527656	7e883dcf-df18-4aa9-8505-cf913ffb0521	29516284	29535953	rev	6048	2207	3513	0.022989	0.366174	0.020191	0.729012	-3	left
chr10	33840498	33851421	36520573-0e12-4215-b448-8d8063dc8b88	33828425	33870132	fwd	10923	1421	9186	0.191228	0.661404	0.039012	0.854331	0.116181	left
chr10	34403519	34410095	abb906f5-38f7-4d6f-bdca-9e9ed6b4f968	34402055	34410113	fwd	6576	2674	3633	0	0.755556	0.007423	0.83351	-3	left
chr10	38523734	38528560	3b5cdd8a-dc50-4834-921a-2733b09d3314	38519733	38529907	rev	4826	1199	2336	0.087855	0.416021	0.050251	0.594221	-3	left
chr10	41875063	41877411	42a21ae2-7697-433e-950c-ad0cd9f9a914	41862729	41880440	fwd	2348	1324	560	0.015152	0.484848	0.076923	0.626374	-1	left
chr10	41876710	41882650	cf1a7980-23b2-4ad1-aebe-d0dccd3a81c1	41867290	41883450	fwd	5940	2108	715	0.066465	0.416918	0.010638	0.5	-1	left
chr10	41883627	41886271	71c13899-03e0-4802-b672-7eeee4c4fc79	41883621	41898023	fwd	2644	826	1200	0	0.277778	0.009217	0.525346	-3	left
chr10	41894870	41898361	5f518075-7a9f-4302-9000-3988f697b85a	41887180	41916265	fwd	3491	1818	1065	0.014085	0.577465	0	0.503937	-1	left
chr10	41905931	41910435	5f518075-7a9f-4302-9000-3988f697b85a	41887180	41916265	fwd	4504	1008	1543	0.207101	0.366864	0.065134	0.413793	-3	left
chr10	41896243	41907339	903c1ec3-1325-486f-861e-ca3b24677894	41893148	41910537	fwd	11096	8798	1259	0.049383	0.412346	0.052174	0.46087	-3	left
chr10	41894690	41901882	121bd9e4-267b-4782-838e-e6646c8a2754	41893597	41914910	fwd	7192	4430	1483	0.071429	0.260714	0	0.62037	-3	left
chr10	41907264	41914316	121bd9e4-267b-4782-838e-e6646c8a2754	41893597	41914910	fwd	7052	1060	1048	0.031088	0.430052	0.046154	0.523077	-3	left
chr10	41903698	41907529	e2aa5ed4-9cd7-41df-9a26-7c180a6428ee	41902607	41915664	fwd	3831	1013	1032	0	0.252525	0.037433	0.433155	-3	left
chr10	41908757	41913116	cf818303-8e6b-4b9d-a2ad-cc84a54292b9	41903845	41916265	fwd	4359	1816	1379	0.133127	0.408669	0	0.75	-3	left
chr10	44193625	44202367	da94fed9-b184-4f1d-9def-69b95477f622	44193612	44203822	fwd	8742	4672	2675	0	0.735814	0.023392	0.818713	-3	left
chr10	46283286	46289221	e6d310b8-03f2-4a1c-bb38-db0f3398bc48	46283273	46290529	fwd	5935	3366	1254	0.061558	0.777638	0.030075	0.87594	-3	left
chr10	54323273	54326725	a2f0895d-8f72-4548-b814-4e2313373b69	54323268	54333987	rev	3452	1616	1433	0	0.589792	0.102616	0.637827	-3	left
chr10	55589360	55600179	e4a7a8b4-19ef-4b7a-b8bb-c42d5bef49de	55589355	55607678	fwd	10819	1183	9139	0.130872	0.422819	0.023684	0.770301	-3	left
chr10	58822908	58830591	651ba4ac-204b-47cc-93c8-c9fd06961f9a	58821642	58836187	fwd	7683	1174	6167	0	0.622642	0.047778	0.698333	-3	left
chr10	60737528	60745036	f63948f6-3904-4108-b1c4-4cddb2ad30a5	60737523	60749593	fwd	7508	4684	2524	0.004944	0.772599	0.086551	0.713715	-3	left
chr10	64541156	64552187	cd70c7ca-1123-4899-99fa-fdae92725f7e	64540472	64555018	rev	11031	2843	7770	0.119829	0.820257	0.058992	0.843507	-3	left
chr10	67219731	67229806	dd83b332-60a1-4363-a386-2810ca0773d2	67219486	67232977	fwd	10075	4359	5016	0	0.605232	0.029936	0.861012	-3	left
chr10	72658256	72662297	9ce16ac4-e473-4157-9d62-40774d547519	72658250	72669033	rev	4041	1139	2428	0.164794	0.52809	0.016644	0.783634	-3	left
chr10	75150918	75157171	3981d8a6-fe4a-4f4d-8f04-143938b20d4b	75142321	75157177	fwd	6253	1094	1977	0.077821	0.840467	0.01341	0.885057	-3	left
chr10	77918196	77926170	cae47ada-5fb2-4769-8001-c0c0717c50ad	77918189	77937663	rev	7974	4066	2090	0.000934	0.497666	0.043993	0.580372	-3	left
chr10	78926250	78940423	58c1005c-9d61-431d-80cd-093433fa3413	78919565	78960422	fwd	14173	3205	8450	0.00133	0.448138	0.041442	0.595802	-3	left
chr10	96286776	96294785	08235a9a-c4b1-4203-b426-8984bd86d620	96283887	96295882	fwd	8009	1133	5533	0	0.564103	0.010674	0.893262	-3	left
chr10	106210807	106218809	0cd1133b-c9ab-433f-a96b-2b8d5ebdf984	106210796	106227717	fwd	8002	1949	5640	0	0.372392	0.021039	0.734385	-3	left
chr10	107466232	107476551	ea2a43e3-b6a5-46d6-af0c-8d9341d3ad72	107466201	107478113	fwd	10319	2434	5756	0.053597	0.664316	0.066989	0.811464	-3	left
chr10	118667061	118673686	590ef90b-3f79-4685-9dc5-e04e9040fa58	118667048	118675034	rev	6625	2514	1738	0.082126	0.628019	0.07783	0.794811	-3	left
chr10	124333936	124337889	34ee5b83-e911-482f-8912-05403cb6ec09	124333931	124342405	fwd	3953	2069	1091	0.022965	0.546973	0.011583	0.586873	-3	left
chr10	125441033	125445986	a8082bd3-e523-4431-96a3-8337387f2a0b	125439339	125446275	rev	4953	2560	2152	0.021277	0.735816	0.023109	0.676471	-3	left
chr10	126408843	126416483	a24bf763-2d19-45c0-84de-1216b3f34391	126407251	126416837	rev	7640	1991	4947	0.014286	0.595238	0.026721	0.861538	-3	left
chr11	5081971	5087800	2231f7ca-d0af-4ac1-927b-bc4a05e2210a	5081964	5089841	rev	5829	1727	4010	0.026201	0.709607	0	0.890909	-3	left
chr11	5997284	6001440	203fa39b-874d-4a3f-81e1-a23830819322	5981857	6013943	fwd	4156	1202	2683	0	0.553435	0.013196	0.81085	0.395272	left
chr11	20921606	20926529	d265292d-5bf8-48e5-891d-6b6929110692	20921599	20929401	rev	4923	2362	2176	0	0.489766	0.017921	0.840502	-3	left
chr11	26395262	26402315	2f4b56d3-8120-4b16-9b13-f4c7df2cd0db	26395258	26405747	fwd	7053	3727	2779	0	0.43691	0.020619	0.694588	-3	left
chr11	27020334	27036507	ce5d8158-2651-437e-b0d9-467655a38e52	27019532	27038147	fwd	16173	1684	12022	0.023188	0.66087	0.07012	0.752147	-3	left
chr11	27533470	27544980	5bcdd2c5-17b4-4935-b088-8d772df883bc	27533464	27551686	rev	11510	4786	3460	0.003045	0.82704	0.018018	0.903153	-3	left
chr11	28137042	28141484	cf5663ee-f8f9-49c3-be21-f757b2ae95c8	28137037	28146872	rev	4442	2054	2092	0	0.684418	0.045383	0.821596	-3	left
chr11	33610949	33619901	a1dd0a04-8312-44e5-a502-3cc185d1ab42	33610225	33624819	fwd	8952	2246	4222	0.035398	0.530973	0.01727	0.766447	-3	left
chr11	39097144	39108772	1bfd50d7-ed9f-4111-a726-05a946de8e59	39097138	39108779	rev	11628	6575	4811	0.005327	0.733172	0.009524	0.906803	-3	left
chr11	41638626	41642282	4aa525a5-fc78-406f-b2cb-f0e19030025d	41638622	41644897	fwd	3656	1144	2220	0	0.647668	0.00128	0.822023	-3	left
chr11	41737436	41741816	cb9ee4f6-ff94-48e3-b372-4d465b512417	41737430	41749681	rev	4380	1558	2389	0.057839	0.538813	0	0.741486	-3	left
chr11	45696169	45702952	561ed323-59f4-4be6-87bf-4374bfdf2ed0	45694216	45705587	fwd	6783	1478	4990	0	0.732484	0.053792	0.762787	-3	left
chr11	56449420	56460307	01421f69-2698-47e4-9388-2969e81cc5b7	56449092	56483703	fwd	10887	3148	7320	0	0.464736	0.019098	0.77245	-3	left
chr11	56936999	56947939	f85483bf-9b1b-4c23-a9c6-4a0761fed424	56936085	56947946	rev	10940	1493	9176	0.021818	0.723636	0.013678	0.841945	-3	left
chr11	64396334	64410189	59e8ec9d-b6d2-4733-a6ba-f4bb8d4232bf	64394995	64416882	rev	13855	3590	8901	0.017647	0.758824	0.047663	0.755669	-3	left
chr11	68917739	68923490	13629b9e-9a27-4303-a380-f83453d5d796	68917731	68925493	rev	5751	1261	3460	0.004032	0.443548	0.029494	0.608146	-3	left
chr11	71913976	71925371	4350da98-5a0f-4675-83f6-59acabd14fa9	71911808	71926316	rev	11395	2955	7034	0.074627	0.651289	0.042646	0.875888	-3	left
chr11	75113536	75119086	c68ba6b8-507c-417f-8d97-d20d2d7d37bc	75113529	75122772	rev	5550	1902	2662	0.062687	0.576119	0	0.589265	-3	left
chr11	81296556	81309155	58277f51-b6b7-4d12-bb51-99b33a0a2a0a	81295745	81313784	fwd	12599	3258	9060	0.012935	0.79801	0.087403	0.77247	-3	left
chr11	82001535	82012187	62643d21-b58e-42dc-8ba7-b757b365e6f1	81997640	82012195	rev	10652	1689	8682	0.007194	0.715827	0.01904	0.899834	-3	left
chr11	83141511	83150363	ebeaf492-0c23-46ce-8704-f50f165fce9d	83141506	83150371	fwd	8852	2237	6418	0.00135	0.622132	0.007361	0.74816	-3	left
chr11	84102414	84109350	200f7728-01ef-445d-9ef8-5fcb2b642f44	84102407	84121620	rev	6936	1305	4178	0.058296	0.46861	0.023186	0.731488	-3	left
chr11	87760523	87766334	95100298-917a-46f6-8738-a7cfcdb0686f	87755613	87789091	fwd	5811	1913	1197	0.029079	0.521809	0	0.871542	-3	left
chr11	88969427	88978316	0f3070f6-7c21-4a25-947d-aa912618f2de	88966914	88979991	fwd	8889	2949	5741	0	0.657895	0.004657	0.817811	-3	left
chr11	89759651	89765882	93bdda2e-7375-41ab-96b2-98959902f600	89759643	89778650	rev	6231	1822	4008	0	0.560229	0.00956	0.748566	-3	left
chr11	91922229	91928777	e9d83873-9692-4c55-ae1a-a508b77fd1ce	91918809	91928785	rev	6548	2069	2963	0.001563	0.848437	0	0.953791	-3	left
chr11	95422680	95432459	56dfddba-728a-4566-b7b1-68d3872c7d83	95422390	95433283	rev	9779	3463	4622	0.04065	0.762421	0.117304	0.784526	-3	left
chr11	100288230	100301340	51df54a3-708a-4533-9c1b-6e9dad233c9d	100288219	100301348	fwd	13110	3275	6687	0.026095	0.71109	0.081717	0.841858	-3	left
chr11	100552780	100568045	32dd4e7f-325c-4c7d-a644-0b65f88656eb	100552462	100571218	fwd	15265	4885	7953	0.044776	0.752985	0.037872	0.840397	-3	left
chr11	100868492	100876052	ab66eb75-71e4-4d4e-bb83-e3355fc7bf6f	100867370	100884725	rev	7560	2909	3503	0.055935	0.609823	0.038023	0.711977	-3	left
chr11	105128346	105140842	af5448a7-baee-4313-9539-6c47fb58f367	105128342	105140847	fwd	12496	2823	8564	0.0358	0.863962	0.018356	0.891531	-3	left
chr11	107786842	107795518	68441464-91ef-4350-8bf4-9d8e91ba52db	107786835	107805900	rev	8676	3709	4653	0.001791	0.42077	0	0.785496	-3	left
chr11	107994746	107999103	334a4212-d4e6-42e6-bc9d-a69b1aff8639	107990726	107999697	rev	4357	2403	1689	0	0.546985	0	0.730594	-3	left
chr11	113542946	113553189	f81480fc-90d8-4f73-9c0c-8ab7783f703d	113537171	113553202	fwd	10243	2562	7352	0.007485	0.908683	0.025819	0.816286	-3	left
chr11	116960941	116966932	847493bd-95a3-483e-9595-250419f3afc9	116960933	116973628	rev	5991	1841	3613	0	0.287319	0.01086	0.903926	-3	left
chr11	118072914	118077234	8bfe5c5c-a71b-4093-bce8-b0b6feb4518f	118071919	118082559	fwd	4320	2754	1316	0	0.672014	0.029508	0.72459	-3	left
chr11	118540970	118546103	6276b702-85d7-48ce-b960-40a03061d339	118524579	118546109	rev	5133	1599	3152	0	0.730684	0	0.755814	-3	left
chr11	120079311	120090271	bfa5ba6a-c1aa-4041-bd4b-7a64e3715226	120079301	120091564	fwd	10960	1836	8874	0.006237	0.586279	0.02581	0.81274	-3	left
chr11	120996188	121004154	f3c74e34-d7a9-4790-9ba4-14f4254d04be	120996182	121008336	fwd	7966	2050	5576	0	0.665017	0.065341	0.68821	-3	left
chr11	121168863	121175326	c2f12113-4fcf-474e-9ff1-5587a34cd20f	121159689	121178891	rev	6463	1879	3182	0.051913	0.693989	0	0.812189	0.106921	left
chr11	123954375	123957565	86bb88ce-1beb-4db8-929c-12e1d9fef790	123954366	123965193	fwd	3190	1559	1036	0.004505	0.56982	0	0.678899	-3	left
chr11	132183268	132190686	994179dd-7174-4167-8e1c-54abcfd162f3	132183262	132190690	rev	7418	3642	3532	0.001946	0.876459	0.028478	0.786418	-3	left
chr11	133033895	133044741	45597798-b9ed-4bc9-9d7d-6a3f5f58fbab	133033889	133064072	fwd	10846	1062	9204	0.004049	0.380567	0.016421	0.428632	-3	left
chr12	471412	479130	4984281d-8be1-4859-8367-22b14d584a8e	471407	483995	rev	7718	1274	3399	0	0.484293	0	0.890058	-3	left
chr12	5358571	5364897	58b88a04-a386-476e-a323-85e47498945d	5352429	5364906	fwd	6326	1063	4906	0.02952	0.745387	0.009569	0.767145	-3	left
chr12	5839256	5846545	fbbd140a-4bb0-4f32-8df2-31faacdc140c	5839251	5846551	rev	7289	4723	1290	0.038885	0.802641	0.12844	0.620795	-3	left
chr12	5933424	5939332	4aac3e9f-f53c-4ad5-9a51-c471d2ce3a12	5931483	5939340	fwd	5908	1309	3446	0.016556	0.718543	0.011435	0.613306	-3	left
chr12	14397730	14407644	f2bd9e17-85a6-4c11-9350-1e824db6da59	14397725	14407649	fwd	9914	1296	7864	0	0.572939	0.061171	0.683023	-3	left
chr12	17816974	17837634	738cb813-0f3d-4f8c-afb0-4d7f9ebe3c0b	17815888	17838307	rev	20660	2570	17754	0.062407	0.79049	0.015744	0.902718	-3	left
chr12	18548089	18558346	cac8726a-3fe8-47f7-b694-15977b957e52	18548084	18559280	fwd	10257	4902	2996	0.001353	0.840325	0.003243	0.914595	-3	left
chr12	26766225	26778429	045fccb0-fa18-481a-98a9-5f900babdb24	26764784	26781088	fwd	12204	2112	9273	0	0.94246	0.025485	0.860732	-3	left
chr12	32866624	32880440	90d18b40-de46-4a92-9a7f-512757094c70	32865649	32880465	fwd	13816	2189	10691	0.068627	0.888235	0.068546	0.784621	-3	left
chr12	33559129	33565880	581c48fe-0a26-47fe-941c-93f4ef4c6a67	33559124	33565888	rev	6751	3141	3285	0.009797	0.686511	0.004864	0.916342	-3	left
chr12	37772561	37787116	ae7becda-9e37-4f0a-894e-1c9f1e803b4d	37772549	37795709	fwd	14555	3220	11043	0	0.619662	0.00226	0.781921	-3	left
chr12	37916095	37918802	40b66edb-ab68-4969-9c8c-90cbc5927b22	37908239	37927949	fwd	2707	1215	1188	0	0.439024	0.002755	0.735537	0.97315	left
chr12	41608388	41613326	648b3d8f-dd46-4f44-803c-75ca21435592	41607950	41613330	rev	4938	1257	3234	0	0.48301	0.01127	0.816598	-3	left
chr12	43121900	43127301	53e941c9-1f17-4198-bb45-1247802ab6a1	43121894	43132522	fwd	5401	1359	3770	0.063107	0.531553	0.021602	0.855986	-3	left
chr12	44971864	44978022	162d5cd2-271f-48dd-ba52-0c389b4561c5	44971857	44992962	rev	6158	3422	2031	0	0.701839	0.00346	0.8391	-3	left
chr12	45371816	45376730	b22868b1-66a3-49fd-a711-8b40165f03a8	45371797	45384494	rev	4914	2828	1242	0.039341	0.576395	0.033403	0.805846	-3	left
chr12	53272922	53277508	c8a051b2-a001-4f53-86f3-7356f7d30cfb	53263351	53279391	fwd	4586	1193	1957	0.019841	0.269841	0.063136	0.613035	-1	left
chr12	56374010	56382854	1580a3ee-1bb5-4438-b9de-d5adf6924549	56370365	56388896	rev	8844	2276	6310	0.003165	0.370253	0.044537	0.868765	-3	left
chr12	64676045	64690778	1bf9be28-0036-4d86-8824-e48b786674ae	64673160	64690784	fwd	14733	1579	10373	0.044944	0.373034	0.02296	0.671141	-3	left
chr12	70574177	70586783	b2531209-e186-4e4e-a7b6-f0107c765e99	70572954	70588219	rev	12606	4257	7414	0.023065	0.749256	0.034591	0.839623	-3	left
chr12	91878361	91883774	e9b4c1e3-a5e8-479c-a894-5961e664eeae	91878352	91887005	rev	5413	2498	2560	0.003636	0.460606	0.018204	0.822816	-3	left
chr12	94528745	94535405	3752192f-bd1d-4103-846d-8e5464dfdd71	94509842	94547500	fwd	6660	1765	3056	0.03632	0.535109	0.012821	0.637179	0.512589	left
chr12	98409729	98421655	17908d49-5730-4c43-924c-6dd105c067b2	98407842	98421660	rev	11926	1590	10111	0	0.92623	0.021119	0.879585	-3	left
chr12	99696564	99704060	50749964-6dd6-4777-b8ec-aebc342f1842	99696555	99723820	rev	7496	3364	3789	0.009379	0.45721	0.021841	0.811232	-3	left
chr12	99734546	99741128	eb9d196b-3cfb-4d36-8387-d75aa1a5850d	99734530	99747614	rev	6582	3348	2992	0.010309	0.689691	0.011976	0.873396	-3	left
chr12	100618087	100622451	56c92ff8-5046-448e-92e5-35280758f52f	100610049	100622467	rev	4364	1310	2818	0.007317	0.897561	0.004396	0.879121	-3	left
chr12	103478866	103483082	a8ba1adc-cbf0-4bdf-90e2-34140d8181d7	103478860	103502832	rev	4216	1999	1220	0.026052	0.697395	0.050279	0.536313	-3	left
chr12	103766735	103774230	377c034c-8868-4e65-b2ed-0cb0068e679f	103763970	103774240	fwd	7495	1176	5635	0	0.800725	0.024335	0.891255	-3	left
chr12	104942171	104948408	9b47e2f2-ca27-4bee-a43a-8c6882275fb8	104937894	104968820	fwd	6237	2293	3515	0	0.464489	0.027242	0.632236	-3	left
chr12	106115515	106126145	92177419-7804-4d28-aac7-eb686526b460	106113003	106126155	fwd	10630	4228	6142	0.017992	0.894886	0.11828	0.547715	-3	left
chr12	111611028	111618183	7755dd3f-f2fa-427c-be1c-038fd9d2fca3	111611023	111623717	rev	7155	1884	4352	0	0.443182	0.058333	0.709259	-3	left
chr12	115183491	115188556	ea21b42e-3906-42cc-a55b-06665b1662f5	115183486	115214242	fwd	5065	2532	1930	0.010101	0.427128	0.0409	0.586912	-3	left
chr12	120379902	120389942	5446e0b6-8960-4eaa-b1ab-c8236dfcd3f8	120371653	120392074	fwd	10040	2126	4970	0.03912	0.757946	0.00524	0.882969	0.234976	left
chr12	122859063	122863732	8943674f-a638-48d6-bc7e-7b0d0b570627	122859053	122873909	fwd	4669	2324	2027	0.029545	0.543182	0.024096	0.587349	-3	left
chr12	123225871	123233893	559dd7b8-a6b8-433d-9b76-3034543710a2	123221334	123235370	rev	8022	2558	5249	0.01849	0.693374	0.007186	0.641317	-3	left
chr12	123353675	123361384	05048caf-3ab0-483a-84b2-bf46da60d526	123350780	123361390	rev	7709	1523	3794	0.004587	0.548165	0.017652	0.887026	-3	left
chr12	123644632	123649290	69d72d11-3f4e-4f63-8fe2-79492debc182	123641972	123651035	fwd	4658	1228	1512	0.007353	0.590686	0.008547	0.944444	-3	left
chr12	124585116	124593290	29c82a81-ae5a-4a28-ae07-5748e763c9d3	124584542	124593302	rev	8174	1302	6401	0.011321	0.735849	0.005848	0.895387	-3	left
chr12	125630649	125638738	87ca3653-df5f-4341-a7d0-eb5b63d6f159	125623053	125638750	fwd	8089	1012	6880	0.003534	0.893993	0.004131	0.894672	0.113912	left
chr12	131214448	131219625	12dc83ec-ed35-4357-8fb4-3b24f0e7b09d	131214443	131224317	fwd	5177	3193	1606	0	0.640114	0.071233	0.673973	-3	left
chr13	19101223	19107789	28b338f2-0e83-44da-ab44-a5e72b338f35	19101208	19111744	rev	6566	1641	4509	0.019672	0.52459	0.02316	0.799835	-3	left
chr13	28700506	28706385	4a0de9ce-12ba-474a-af4e-0942bc59175f	28700498	28713859	rev	5879	4218	1192	0.003239	0.661538	0.059299	0.636119	-3	left
chr13	29241518	29250238	fbbd8a5f-9105-4a84-ad9b-ffb9cc04a72d	29240626	29250959	fwd	8720	2583	5836	0	0.690748	0.022495	0.653033	-3	left
chr13	32466635	32472745	0ec6cc97-136a-428c-bfa0-a0bd9a377f34	32466631	32474672	fwd	6110	2265	1855	0.019194	0.65643	0.086864	0.584746	-3	left
chr13	34188694	34195637	5a185b06-a655-4757-9732-ce5bbec6da14	34185234	34196553	fwd	6943	3941	1721	0.014395	0.160269	0.017214	0.820031	-1	left
chr13	37294255	37299915	51130934-87a8-446e-9c5b-3b2374d143a1	37285032	37304256	fwd	5660	1493	3967	0.007481	0.568579	0.023863	0.764355	0.333377	left
chr13	41270509	41279931	e37dd3e4-8480-4729-8e3f-333d27f1c2fe	41263742	41283398	rev	9422	3642	2667	0.006472	0.790723	0.003793	0.887484	-3	left
chr13	45822244	45826718	31831611-11f5-4721-87dd-4e9d97adce2d	45810789	45831346	fwd	4474	1210	2907	0	0.551913	0.004963	0.864764	0.366781	left
chr13	49384361	49388034	db127db4-fa82-4e62-982c-340a9970f5a1	49384351	49389720	rev	3673	2098	1248	0	0.60292	0	0.79288	-3	left
chr13	50907914	50916821	f4126af9-e624-4d73-bfd5-98c167decade	50907909	50916833	rev	8907	4253	3289	0.052351	0.8811	0.077025	0.799469	-3	left
chr13	51237314	51243287	a0b359a5-e33d-41c3-b7be-b85bb68e28f3	51237309	51244945	fwd	5973	1673	4066	0.022901	0.694656	0.006832	0.909479	-3	left
chr13	51834971	51842659	538a0c37-c229-47b1-b703-b1258268fe83	51831922	51844677	rev	7688	1302	6146	0	0.581986	0.048733	0.756335	-3	left
chr13	53077713	53083073	3251358e-b921-417a-8651-1a660606e4ba	53077705	53083077	rev	5360	2598	2501	0	0.849791	0.001401	0.896359	-3	left
chr13	56625951	56633466	54612987-ba8e-439e-a36e-8c4b5db83185	56625947	56633486	fwd	7515	2781	4224	0.035971	0.764388	0.135535	0.669704	-3	left
chr13	56611411	56619106	c009c11b-c95d-426d-9aa0-46c44b6c00cd	56609349	56635016	fwd	7695	1246	2313	0.016349	0.498638	0	0.886957	-3	left
chr13	65682897	65690359	d0f0fc90-f0bd-4e69-986c-f432d4ece01d	65680585	65691419	fwd	7462	2201	4886	0.022457	0.548217	0.01406	0.784417	-3	left
chr13	67324769	67328982	7371fb14-5188-4b8e-a87d-1ce72079d122	67324760	67333701	rev	4213	1298	1318	0	0.455729	0.077482	0.634383	-3	left
chr13	72890312	72897760	6e7eadb2-31d5-45e9-9d56-cde7d2f9c7b5	72890308	72900844	fwd	7448	2902	3462	0	0.615741	0.039216	0.84492	-3	left
chr13	83357164	83362891	17d4a365-ff6d-4f36-b812-fcdae506376f	83356431	83372073	rev	5727	1386	4029	0	0.693023	0.007098	0.797319	-3	left
chr13	87887103	87894930	f2df1d86-5e49-40c7-8708-cc2070217239	87871544	87902315	fwd	7827	1135	5737	0	0.577904	0.027373	0.779849	-1	left
chr13	91282338	91291407	b4b2e08c-721c-4ba5-90b4-94d5a081434c	91282333	91291413	rev	9069	3909	4796	0.042291	0.838767	0.005997	0.944528	-3	left
chr13	92714558	92721284	e4da96ab-57a4-4e63-b40e-710a4b42c183	92714551	92732515	rev	6726	3249	2235	0.08473	0.616387	0.039746	0.680445	-3	left
chr13	94294371	94302608	f88d362f-ffb1-405f-ac44-8f38fffddb37	94292437	94306062	rev	8237	1518	5882	0.052273	0.584091	0.003472	0.87037	-3	left
chr13	106927565	106941342	f22fce4e-d39b-4acb-8621-a451ee06184f	106927559	106942422	rev	13777	2369	10626	0.018237	0.816109	0.015378	0.691218	-3	left
chr13	108144101	108159606	b4dad7bc-8c7b-465f-b644-6c995b656d20	108143007	108159612	rev	15505	1919	12184	0.066318	0.853403	0.079081	0.823635	-3	left
chrX	6431961	6439658	87b957e2-b33f-47f0-9d91-64f3beafb493	6418770	6443390	rev	7697	3559	3902	0	0.733711	0.085692	0.690252	0.296637	left
chrX	10562661	10568722	b8b1be77-5618-4805-bd27-bc878d539514	10562649	10589093	rev	6061	3796	1874	0	0.508244	0.017945	0.768352	-3	left
chrX	12461103	12467680	e8aebb3c-00e4-417f-bda7-c15db2c3e54d	12461099	12473971	fwd	6577	3803	2488	0.001919	0.706334	0.003021	0.820242	-3	left
chrX	14732201	14738089	39948efd-e3a8-4e6d-b371-8c5dd213358c	14732195	14744178	rev	5888	4410	1203	0.042086	0.563586	0.055336	0.644269	-3	left
chrX	15327321	15329673	43c49547-5892-418d-82f0-fdc05b07a350	15324912	15335898	fwd	2352	1430	580	0	0.482323	0	0.69281	-1	left
chrX	21585634	21592145	768b645e-c0d1-418e-b13c-b437a79ca9e6	21575361	21604749	rev	6511	1230	4995	0.016216	0.627027	0.020492	0.769906	0.760952	left
chrX	24970989	24975869	9501a0f3-2b81-498b-af8d-342d327f1c3d	24970984	24980171	rev	4880	2642	1801	0.004115	0.790123	0.058824	0.797386	-3	left
chrX	26573145	26580037	656f2ac0-bea0-4a92-9a0c-d76d0677fcd8	26573140	26585466	fwd	6892	3733	2799	0.019078	0.704293	0.045567	0.793103	-3	left
chrX	26892351	26901543	20a83811-be5b-45ec-9277-f58cde4ef5de	26889572	26905236	fwd	9192	1565	7372	0.007264	0.605327	0.020089	0.698661	-3	left
chrX	39278814	39289760	f17639a8-101e-4628-a86f-25b95f9eac60	39278801	39289765	fwd	10946	2351	8284	0.006957	0.944348	0.065811	0.800963	-3	left
chrX	40975902	40982791	9e6c9df1-38c3-4463-a78b-60ef46518360	40972462	40983992	fwd	6889	2225	3560	0.025	0.586364	0.04111	0.723535	-3	left
chrX	42346546	42358030	8f4a62df-fc30-4590-9c52-3391591f4cb6	42327866	42361399	rev	11484	1961	8837	0.035484	0.619355	0.003069	0.628672	0.450992	left
chrX	42963370	42967882	89cd4fc9-0ceb-4280-a43c-8a039508aefe	42962185	42977001	rev	4512	1212	2907	0	0.520115	0.051819	0.546858	-3	left
chrX	48342410	48346659	a720983d-2787-4b2c-8654-9e81ca579447	48341803	48350330	rev	4249	1694	2285	0	0.518797	0.059633	0.727829	-3	left
chrX	70451635	70463602	4b45f5fe-613d-468e-b332-dc74e455d7d8	70451629	70464446	fwd	11967	1073	7650	0	0.26178	0.026838	0.585078	-3	left
chrX	84745333	84752182	4e4b4ad4-131b-4692-b95b-fa6c7fe1852f	84742316	84753007	fwd	6849	2321	4120	0.045161	0.737097	0.016863	0.737774	-3	left
chrX	95108129	95118300	eaaa2ec4-a952-434d-adaf-613c2864d1d4	95107391	95123661	fwd	10171	3228	6502	0.009195	0.568582	0.065982	0.821603	-3	left
chrX	95225397	95232538	fb1ad293-e056-4268-8d21-160783bf64dc	95225383	95239635	rev	7141	2822	3985	0.039572	0.673797	0.022179	0.854534	-3	left
chrX	106403080	106412194	f29ca166-3c7c-44cd-a89d-9d079648a352	106403072	106412200	rev	9114	4369	4354	0.073379	0.765074	0.033532	0.766021	-3	left
chrX	108891677	108895360	8f5c458a-06be-4dd0-9558-fde30555bf46	108891673	108901330	fwd	3683	1369	2102	0.029197	0.525547	0.021703	0.649416	-3	left
chrX	114180044	114184069	5c267637-9601-4d2f-b848-72334a973634	114172751	114185106	rev	4025	1353	2400	0	0.65942	0	0.898172	-3	left
chrX	117795306	117803061	bc5e39de-ca58-40f6-a354-dc2c51068089	117795301	117805369	fwd	7755	1779	5659	0	0.638938	0.053729	0.829962	-3	left
chrX	118474403	118484231	ee4c1b9f-8dd3-41dc-a4bd-1bf1f7ef613b	118471150	118486011	rev	9828	2840	6518	0.043682	0.689548	0.064648	0.803145	-3	left
chrX	119353928	119365955	69dfc351-d188-47d8-a237-f0b36bb30865	119353731	119365959	rev	12027	4098	7395	0.009083	0.877384	0.007559	0.914184	-3	left
chrX	121514511	121523474	3ef85c42-288e-421a-81c0-5a897468d8ae	121514504	121528173	rev	8963	3636	4848	0	0.591653	0.03186	0.828349	-3	left
chrX	129821591	129826930	bd280fb8-94d5-49fd-a0cd-4254ec0b218c	129819684	129832002	rev	5339	1660	3359	0.007648	0.669216	0.019943	0.646724	-3	left
chrX	131804654	131809058	c3411398-de07-42a3-bcde-1da1182f2c19	131804650	131816858	fwd	4404	2151	1724	0.039002	0.595944	0.052288	0.636166	-3	left
chrX	136059546	136072452	c7c7a98a-b369-4832-a69d-446805ed3b7a	136059537	136079922	rev	12906	4025	7989	0.008897	0.579181	0.016463	0.819437	-3	left
chrX	143443089	143446584	fbc59981-9749-45cc-9d58-8afa5cc9390c	143443080	143455208	fwd	3495	1281	1899	0.009238	0.496536	0.012567	0.696589	-3	left
chrX	146255767	146261755	65e756c5-7fcf-4197-a9b2-dc0ac1973cf9	146255762	146267828	rev	5988	2385	3153	0	0.320567	0.005313	0.731137	-3	left
chrX	148992394	148998684	4bf87dad-a916-45aa-9fb0-600147a29c53	148992385	148998689	rev	6290	4181	1874	0.004344	0.886186	0.015414	0.926782	-3	left
chrX	152664445	152672903	53e9b073-0dfe-4d7b-a935-8efeb10f019b	152664430	152684302	fwd	8458	4798	3378	0.037007	0.621078	0.043571	0.793836	-3	left
chrX	154234089	154240579	2bceef93-9bc4-4a50-94b6-295a53b05531	154229463	154242598	rev	6490	1575	4652	0.022222	0.648889	0.044857	0.805104	-3	left
chrX	155499459	155510523	78b6d83c-aefb-44b2-abce-a798ba894153	155495164	155510566	fwd	11064	1818	8910	0.028021	0.637478	0.007542	0.860692	-3	left
chrY	56826670	56832405	7edce047-d69b-4bbf-a580-a92e40a2f1ce	56825767	56834834	fwd	5735	3704	1396	0.057881	0.398041	0.032407	0.576389	-3	left
chr1	1948520	1954399	30827f43-ebcb-4f61-bb5f-c4cd62d26b5e	1940825	1965848	rev	5879	2163	1143	0	0.882857	0.108626	0.741214	0.404791	right
chr1	3565363	3570539	eb7c1027-b387-43c3-b648-b1d6621c324f	3554855	3570546	fwd	5176	2219	1137	0	0.347701	0	0.781818	-3	right
chr1	4674234	4682999	9956ba23-95c2-4197-abf5-b5c1d28f8fea	4655644	4683003	rev	8765	1743	6304	0	0.486264	0.009079	0.692607	-3	right
chr1	9124866	9130845	05673ca0-a8ff-41f9-be90-06202eac6456	9120528	9136485	rev	5979	2137	3618	0	0.771154	0.004093	0.776262	-3	right
chr1	9894254	9899501	ad036908-26c9-4088-819f-a7646129c2c3	9887986	9899507	fwd	5247	1193	1937	0	0.317784	0	0.70615	-3	right
chr1	12750638	12757722	a333dbd0-11df-43fc-8930-f00a4c517270	12742533	12760490	fwd	7084	2137	4689	0	0.697917	0.019178	0.63105	-3	right
chr1	17194937	17201905	0fffec3f-a556-4ce2-8f26-4f5008106f99	17188393	17201918	fwd	6968	1289	2483	0.006557	0.678689	0.009302	0.906977	-3	right
chr1	19377778	19381366	d5783650-6716-4556-be14-76e89b0eb4ee	19377767	19388115	rev	3588	1158	2033	0.13986	0.688811	0.022099	0.72744	-3	right
chr1	21924427	21931222	2638d467-8deb-4015-b2b0-b1d31aa3877a	21923823	21937725	fwd	6795	2133	4219	0.002123	0.503185	0.012959	0.583153	-3	right
chr1	24918280	24923191	bef8507c-d3ca-4372-ae56-d42349a49949	24912388	24924607	fwd	4911	3028	1658	0.001264	0.604298	0.008889	0.795556	-3	right
chr1	27229593	27232988	ad694848-2e5b-4cbb-8fe9-ea6f4c7e8abc	27226197	27236703	fwd	3395	1239	1413	0.037037	0.57265	0.071429	0.729167	-1	right
chr1	31653163	31663743	22f9b7bf-4ad8-42c5-9511-d63f468a2af6	31651966	31663751	fwd	10580	3961	4678	0.020948	0.673649	0.012862	0.784566	-3	right
chr1	31817991	31830270	f3862a55-ad71-4fa7-80ff-c82a3d67e955	31817986	31830278	rev	12279	2976	8867	0.061898	0.668501	0.048964	0.811676	-3	right
chr1	35766611	35777714	b98d5e90-d82b-4d6e-a565-4b6e1c2e959b	35766603	35777720	rev	11103	3176	6453	0	0.910319	0.040392	0.86382	-3	right
chr1	46616550	46622114	9bbfdba5-ecf2-4d8c-a33c-560be0d31dda	46614375	46629538	rev	5564	2946	2302	0.002861	0.705293	0	0.760748	-3	right
chr1	47316968	47320836	9d3aa54a-4d67-4902-83ab-cec837a61b52	47313289	47320842	fwd	3868	914	2626	0.050847	0.639831	0.008969	0.90583	-3	right
chr1	59033629	59038681	a7559af9-b60e-462a-8f3d-dae90a0cf91a	59032403	59042271	rev	5052	1066	3668	0	0.369963	0	0.788276	-3	right
chr1	59095595	59103593	9c11c9d7-79cb-4000-8465-b60eecf5a55b	59095587	59114514	rev	7998	3484	4233	0.01606	0.70985	0.031513	0.790616	0.334793	right
chr1	70516956	70525116	ebc1959f-100f-4f74-8400-d99629af95b6	70515576	70535828	fwd	8160	2042	5690	0.003846	0.686538	0.061073	0.627854	0.41685	right
chr1	72588902	72596343	b652eaaf-5fd1-472a-ac45-6515e2a431d1	72586663	72596351	rev	7441	2623	4389	0.004768	0.705602	0.047518	0.843972	-3	right
chr1	73057252	73063823	620cc81f-ca45-4385-ae36-cc4bb05589b9	73057246	73063828	rev	6571	3606	2600	0	0.757692	0.064067	0.735376	-3	right
chr1	73936021	73939346	b51008db-9b55-43ac-8052-8e44b6a8841e	73934013	73961474	fwd	3325	2454	596	0.004724	0.685039	0	0.766082	-1	right
chr1	74717944	74722988	794d48e6-e95d-4489-aace-01b3294bb230	74711562	74722994	rev	5044	2282	2097	0.066667	0.493651	0.061813	0.70467	-3	right
chr1	84726550	84733028	8b53f1ec-4754-4100-8bb6-408b8c6be6a3	84725387	84733033	fwd	6478	1652	4569	0	0.666048	0.022831	0.81621	-3	right
chr1	87951502	87960608	3bebac84-f008-48a8-94d3-9a01a54a9983	87951489	87961821	rev	9106	1225	4906	0.045455	0.514205	0.01294	0.909418	-3	right
chr1	93713332	93725031	0bba8cbb-3f45-4b15-9bdc-8dd5d4f29585	93712195	93725039	fwd	11699	4490	6851	0.00823	0.706173	0.059072	0.746233	-3	right
chr1	95827148	95834932	9b0ff3f5-5637-4092-bf95-8de766516516	95825140	95837660	rev	7784	3001	1096	0.001217	0.8382	0.003344	0.963211	-3	right
chr1	100445821	100452424	0ef31fdc-a7a4-43a6-a8c5-81fb789280de	100438162	100452428	rev	6603	2250	3833	0.00678	0.649153	0.054721	0.700644	-3	right
chr1	103352042	103359570	b1b3a30c-f4c7-4e7f-91bf-b70f37ad2987	103352038	103360503	fwd	7528	1985	5027	0.034711	0.421488	0.004464	0.824107	-3	right
chr1	105308727	105315728	ab091cc8-9f1f-4672-9822-933e1dcc8efb	105308720	105318255	rev	7001	3317	2615	0.000979	0.602351	0.001112	0.939933	-3	right
chr1	110593862	110598814	667d69b7-d7f5-4c8d-aec2-fdab5362ac06	110591885	110600240	fwd	4952	3094	1585	0.001297	0.774319	0.00295	0.79351	-3	right
chr1	112054381	112063502	01746e2a-d7f1-434b-9851-c5b1db986905	112051672	112068335	rev	9121	4236	4335	0	0.492308	0.027703	0.725648	-3	right
chr1	117329605	117340911	42ca0d75-a2ff-4570-90e8-4f713c753489	117324450	117341986	rev	11306	2409	6646	0.002981	0.877794	0.059462	0.779731	-3	right
chr1	118031792	118037416	972ed3f8-d887-42d7-b639-c09e2590f520	118030916	118037431	rev	5624	3563	1739	0.010721	0.761209	0	0.878182	-3	right
chr1	120520460	120527497	f948219e-258a-466e-9bbf-c2d4479467c0	120520452	120529375	rev	7037	2198	1779	0.001572	0.84434	0	0.969112	-3	right
chr1	120904330	120909686	5bc50896-0298-4a54-ba7a-57c0477a3a96	120897416	120909693	fwd	5356	2453	2614	0.037293	0.691989	0.066434	0.703963	-3	right
chr1	143213478	143222723	28f1b9da-42ea-49c9-a662-bdf92093134d	143213470	143223517	rev	9245	1994	6331	0.007853	0.734293	0	0.775305	-3	right
chr1	143223666	143229966	b1ef99c6-24cd-4242-a6da-5f3af529d48d	143217189	143241026	fwd	6300	3699	2596	0	0.125	0	0.375887	-3	right
chr1	147790855	147797914	0c47f536-bd01-47a1-b1a5-67533db0e491	147785890	147803850	fwd	7059	1603	4810	0.025641	0.571096	0.057014	0.666917	-3	right
chr1	148281029	148288086	dfb945fb-9d04-4a26-82b5-8df20c2bfbdc	148273643	148300913	fwd	7057	1699	4850	0.034392	0.568783	0.064291	0.719776	-3	right
chr1	151773225	151779746	28d08b6a-a08e-4370-81cb-dbac0740aad9	151769153	151779753	fwd	6521	4212	1634	0.022265	0.550823	0.03178	0.707627	-3	right
chr1	152641360	152648120	3c2104b2-ede0-4f6a-874e-da20ec436248	152633344	152648157	rev	6760	3025	2727	0	0.85	0.008863	0.837518	-3	right
chr1	154222860	154228288	d4c2dfc2-fec0-4ee4-9da2-a2aeaaf90380	154216450	154228476	rev	5428	2541	2510	0.029851	0.598372	0.044014	0.71831	-3	right
chr1	157072668	157082088	4bb02dbc-be70-4774-9e77-55c313a7da64	157070998	157082709	fwd	9420	1234	6887	0	0.390335	0.029337	0.652504	-3	right
chr1	160651014	160662514	40c8b600-ab59-4501-b2e7-515eda6f18ee	160650755	160662522	fwd	11500	3949	6568	0.021717	0.724922	0.025241	0.87196	-3	right
chr1	164666724	164670305	4436ee20-2ef5-49bc-8ae0-7c55b3082ef0	164656841	164674319	rev	3581	1255	2082	0	0.438953	0.03913	0.602174	-3	right
chr1	165290896	165297630	a6445869-4ec3-499a-ac14-24650deaf7b9	165286000	165297644	fwd	6734	3718	2724	0.003279	0.762842	0.055866	0.747207	-3	right
chr1	166459782	166468187	e96c1362-1910-4087-afec-2c4b29e7501b	166458803	166468999	rev	8405	2761	4853	0.035831	0.752443	0.003569	0.940757	-3	right
chr1	169893437	169900521	469b482b-fa3c-4194-b070-4e326015fbd7	169892308	169900525	rev	7084	2149	4569	0.00369	0.828413	0.035103	0.855308	-3	right
chr1	170001894	170010656	574110e6-a0e1-4116-add3-9f03fd453a9a	169999722	170010660	rev	8762	4848	3621	0	0.645608	0.045685	0.729514	-3	right
chr1	170855999	170863406	19897918-ae68-43c1-a51a-e9dd5b6dacaa	170854367	170863412	fwd	7407	2837	4286	0.003606	0.774038	0.005367	0.859571	-3	right
chr1	178658053	178666781	4f5f70cc-fd75-406b-ba86-b28b94b71184	178658045	178673532	fwd	8728	2147	5929	0	0.690878	0.003213	0.863111	-3	right
chr1	179097017	179101147	97393bea-f8db-4a30-8456-2aed4ac57537	179096209	179108155	rev	4130	1023	2757	0	0.438406	0.006188	0.767327	-3	right
chr1	179915382	179919898	40bb3b9b-905a-44af-9dba-bd0a7b136bcb	179913261	179919902	rev	4516	2704	1524	0.039591	0.644955	0.052009	0.801418	-3	right
chr1	180064348	180069815	4d438b8c-b06e-4789-9f09-1b350d1d00c1	180059543	180069820	rev	5467	3813	1311	0.020391	0.497876	0	0.781176	-3	right
chr1	180612576	180617887	7bae67aa-efd5-43de-8994-33968236292f	180604768	180617893	fwd	5311	2018	1937	0	0.500739	0.007921	0.669307	-3	right
chr1	185768847	185772914	be269848-c946-464c-ad90-8b9917a64882	185767036	185772923	rev	4067	1236	2484	0	0.584239	0.016416	0.852257	-3	right
chr1	188768824	188777884	c7d7bcfd-2802-4119-90d3-7a7fd07828c8	188768815	188778932	rev	9060	2238	6528	0.094576	0.628651	0.031972	0.824156	-3	right
chr1	189975475	189981022	b57ac32a-bcdf-4cab-8143-20939d0dfcb2	189965607	189984428	rev	5547	1951	3340	0.023622	0.537402	0.004994	0.761548	-3	right
chr1	193537175	193539355	58600f1b-83e5-414d-aedd-f9c65732765a	193532846	193545572	fwd	2180	882	971	0	0.801498	0.026012	0.771676	-1	right
chr1	194494137	194501992	9b8a3f66-9285-4f25-94f9-9cb6072f0f8a	194492851	194504068	fwd	7855	3490	2353	0.014056	0.676707	0.001328	0.903054	-3	right
chr1	195644813	195649393	cef3b354-bd36-41e3-b8e5-490329afb00f	195644128	195649399	rev	4580	1821	2390	0.01461	0.550325	0.023774	0.82318	-3	right
chr1	205772147	205786294	5aeacedb-19a4-45b5-948e-6d371c7caf39	205756664	205787597	rev	14147	4396	9457	0	0.757273	0.068552	0.627678	-3	right
chr1	208166043	208179406	d989248d-95cd-4c9b-b54d-daf9ab9a3e80	208163401	208181352	rev	13363	2241	8332	0.00318	0.63275	0.017824	0.906191	-3	right
chr1	212615154	212625139	718e669b-ce32-4b9a-9049-3386ed4c3fcc	212611755	212626939	fwd	9985	3260	4371	0.081967	0.552333	0.005	0.9275	-3	right
chr1	213639227	213647779	eeca7b18-72b7-4b28-84c9-f461a9f7b158	213639219	213651425	rev	8552	1190	6488	0.092593	0.818519	0.011396	0.877493	-3	right
chr1	213690354	213696071	5083edf3-5278-4a92-914d-eb337f3083c4	213680519	213696077	rev	5717	541	4909	0	0.834646	0.014937	0.909591	-3	right
chr1	215715191	215721964	4405329f-675c-4819-afab-d627d94b824c	215715187	215721975	fwd	6773	3366	2020	0.129524	0.642857	0.087786	0.814885	-3	right
chr1	219374164	219379071	91438609-cda7-42e3-909c-0dd0b20c2657	219369374	219379075	rev	4907	1730	2953	0.001992	0.635458	0	0.857561	-3	right
chr1	221955755	221964981	1990872b-8b1d-4304-bf06-aca76cbc5d2f	221954357	221964989	rev	9226	4735	4113	0.030247	0.761728	0.08092	0.720613	-3	right
chr1	225821139	225826961	33fcfab9-c9ea-4b5f-9f8a-88d178adee72	225814588	225827007	rev	5822	2628	1830	0	0.754331	0.033981	0.633495	-3	right
chr1	230033452	230036533	b3f335a3-a8f0-4680-8884-8f49278df4a5	230021383	230036538	fwd	3081	1200	1459	0	0.382436	0.016575	0.788214	-3	right
chr1	230108497	230111483	73d77209-776a-48a7-8c65-d55cd20e58d3	230094201	230115473	rev	2986	1582	1145	0.005195	0.535065	0	0.742308	-3	right
chr1	230125150	230132275	8e9c4a58-d14e-49d5-8736-d1f1f23f2d2a	230122906	230132282	fwd	7125	4685	2048	0.00081	0.575709	0.044898	0.720408	-3	right
chr1	234014600	234023787	2325a8b1-08a5-46f5-9aa0-2782508ace99	234011815	234023799	fwd	9187	4580	4381	0.044156	0.680519	0.044389	0.755444	-3	right
chr1	242288416	242300192	9bae1d08-03ce-4825-9059-13eb4b567688	242285542	242312905	rev	11776	4785	6712	0.031228	0.722498	0.014803	0.896382	0.107709	right
chr1	245114070	245118742	8147f1ab-553b-4acd-b176-f5495a8f6806	245106714	245118746	rev	4672	2849	1428	0	0.347889	0.013333	0.733333	-3	right
chr1	246110322	246120962	448137e3-6b6c-4d23-80eb-97133dd2b651	246110316	246120966	rev	10640	1890	8163	0.043137	0.929412	0.082265	0.788756	-3	right
chr1	247249231	247257547	6c3e16b7-6b6c-4dec-938b-b0249120b9d8	247249217	247260293	rev	8316	2501	3265	0.093156	0.844106	0.023204	0.921547	-3	right
chr14	18948235	18953320	1fb0ede6-4271-4ead-b738-c23f7a210351	18948229	18954643	rev	5085	1053	3678	0.039578	0.680739	0.023166	0.803089	-3	right
chr14	30864730	30870619	bebead13-555f-4969-8cb1-8825c6f900eb	30863556	30872411	fwd	5889	1192	3763	0.019444	0.572222	0.011846	0.848963	-3	right
chr14	33675986	33681561	c5ed6f3b-07e4-44ee-b57b-b9316c94d79a	33672965	33681567	rev	5575	2014	3125	0.056604	0.408233	0	0.827897	-3	right
chr14	35720885	35734447	30e3e336-a1ba-4ea3-8fae-1d7c40a39e5b	35720879	35734758	rev	13562	3832	8160	0.012167	0.838783	0.003344	0.927759	-3	right
chr14	40905001	40908045	24454712-88b8-4646-8a7b-d5c231e6c07d	40900998	40908054	fwd	3044	1274	1435	0	0.604027	0.029106	0.800416	-3	right
chr14	42556409	42561954	89f45cd2-399f-4f2a-aa3b-9c5f315c1090	42556405	42563789	fwd	5545	1693	3417	0.029358	0.570642	0.033019	0.754717	-3	right
chr14	43102181	43106760	a991cf8d-6f1b-400d-ae9f-a527cde14a1b	43098051	43113718	fwd	4579	1442	1233	0.006135	0.555215	0	0.91828	0.188672	right
chr14	45974995	45988404	a2554e66-7a1b-45d4-bb8e-48d343b4fa1c	45974544	45990844	rev	13409	4796	8295	0.028103	0.776737	0.009838	0.917364	-3	right
chr14	46488208	46492828	de5239e8-d0d1-4920-96b4-11cabbcd8f59	46479475	46492832	rev	4620	1115	3145	0	0.544025	0.015474	0.798839	-3	right
chr14	48644313	48647839	47f49a26-4da7-4745-b467-69407b39058f	48637483	48647849	fwd	3526	2138	1144	0.022157	0.66322	0.071651	0.579439	-3	right
chr14	56791584	56801952	606e8a44-c13e-4721-ab85-be3ce342db73	56791576	56801960	fwd	10368	2935	5645	0.008424	0.894103	0.06	0.902143	-3	right
chr14	57964873	57971779	479fc65a-1ee0-49c2-b04a-636bd5499f06	57962983	57972690	fwd	6906	1057	3911	0.067961	0.504854	0.0131	0.937991	-3	right
chr14	58836233	58851589	dd29d143-d3d9-4da0-87fb-5f39f00e22ff	58830780	58852090	fwd	15356	3614	11406	0.01668	0.704527	0.061725	0.680947	-3	right
chr14	76096544	76103527	b10f17f5-8f7d-4513-a84d-32a0b7dc9085	76093132	76104169	rev	6983	2064	4304	0.024482	0.587571	0.031881	0.750266	-3	right
chr14	77767988	77785152	ced19e77-79f9-4d9d-9387-1123d9ab88f1	77765885	77793318	fwd	17164	1677	14263	0.037523	0.639775	0.042704	0.549646	0.07045	right
chr14	79990385	79996153	15067cc2-b9fc-4a34-b878-15c34608fcea	79989635	79998016	rev	5768	1071	1230	0	0.483444	0.018135	0.722798	-3	right
chr14	83825011	83832837	f9b30560-204b-409c-8b7a-86949bd7edcb	83822117	83832843	fwd	7826	1063	3889	0.012195	0.365854	0.017213	0.57541	-3	right
chr14	87683995	87691886	f9b47743-5f01-4896-8cd1-067bc9f1f6e2	87680920	87691897	rev	7891	3716	3758	0.000903	0.728339	0.105445	0.75108	-3	right
chr14	89962091	89967378	ff65b2e7-127c-4be7-bfc4-5dd0ff5d82b3	89949302	89970133	fwd	5287	1717	3264	0.049645	0.555556	0.007071	0.721212	-3	right
chr14	94660352	94664166	996a2886-5c49-440b-b5b8-119459de31cb	94647886	94664170	rev	3814	1971	1338	0.02554	0.575639	0.041176	0.523529	-3	right
chr14	97877223	97886297	2ec521ec-938c-4bd0-a246-7970f3a16ecb	97877218	97886463	fwd	9074	3673	4473	0.027358	0.903774	0.037037	0.897557	-3	right
chr14	104234852	104242964	7db7c00f-37f7-4121-b16c-4c282ce26cab	104234848	104242974	fwd	8112	2053	5711	0.04291	0.830224	0.078093	0.801659	-3	right
chr15	37233570	37238525	f50182bb-f520-40e8-b16c-b9a6678294df	37224405	37242170	rev	4955	1133	3450	0	0.38206	0.009259	0.807613	-3	right
chr15	44970041	44975134	260cc4a2-1438-4677-8b65-ed821ca97633	44970036	44975140	rev	5093	3294	1478	0.015056	0.885822	0.025794	0.855159	-3	right
chr15	52218925	52225179	1dcff624-ac31-4328-985c-9ece0a6206e3	52216131	52225186	fwd	6254	1115	4679	0	0.557325	0.051809	0.811678	-3	right
chr15	52977554	52984060	45beb359-b729-4069-97f8-fb8396b89ea7	52975494	52984067	rev	6506	2255	3955	0.054422	0.569728	0.02947	0.831041	-3	right
chr15	56196569	56202546	2a67cb60-8147-43cf-b929-774c8498343b	56193609	56202552	fwd	5977	2030	3664	0	0.498403	0.030738	0.898566	-3	right
chr15	57319542	57328655	84aef0ef-fa29-4c4e-aea8-29915329a8e4	57317481	57329114	fwd	9113	1129	3984	0	0.444444	0.032528	0.656134	-3	right
chr15	60578373	60584906	9b386b5a-120e-4273-b378-507e464daf1a	60570176	60585972	fwd	6533	1971	4254	0.005034	0.647651	0.045957	0.599149	-3	right
chr15	61241643	61246283	8b95c4df-a4c8-4eae-b9a4-dd2c3ac6c75a	61232690	61246290	rev	4640	3307	1072	0	0.708333	0.003448	0.862069	-3	right
chr15	61742534	61746568	3f036271-00ae-4a7a-9e61-9f959598ca82	61738245	61746581	fwd	4034	1273	2438	0	0.569697	0.002845	0.907539	-3	right
chr15	70847406	70853799	4afbd557-fc50-4e62-93ea-bd29ecd12e77	70839226	70855939	rev	6393	2913	1483	0.002101	0.585084	0.032544	0.781065	-3	right
chr15	72239480	72243767	c43d12fc-f4dd-4459-8eb2-2fc8010ac532	72237888	72250551	fwd	4287	1352	2662	0	0.679878	0	0.728707	-3	right
chr15	78615313	78620793	241aeece-e8d6-4031-9ffb-7acf9520c40f	78612231	78623132	fwd	5480	1023	3557	0.060345	0.49569	0.004418	0.726068	-3	right
chr15	78652755	78658240	8534dd0b-2ef2-4868-8e86-85d4146c6620	78652750	78671702	rev	5485	1593	3380	0.022472	0.764045	0.087838	0.701577	-3	right
chr15	84774387	84781699	485790aa-ce78-4235-8f0f-9f84d6b3098b	84774380	84781705	fwd	7312	4120	2929	0.023057	0.912895	0.134635	0.775951	-3	right
chr15	86054515	86062335	d86688c2-50b7-4378-9207-70a19c37cd35	86054492	86063303	rev	7820	3105	4262	0.041344	0.848837	0.019774	0.832392	-3	right
chr15	95624246	95632738	1e34d56b-2573-4274-9a60-1b44b39c03f7	95617644	95632743	fwd	8492	2547	5171	0.037464	0.814121	0.057737	0.833718	-3	right
chr15	96297392	96304732	0acf9539-5a63-43c7-a7d3-453b41b9fd93	96294498	96308175	rev	7340	1002	6089	0	0.69103	0.038339	0.517572	-3	right
chr15	98845695	98853147	f6c75336-ce57-4787-8a52-5396f155ed00	98837774	98853155	fwd	7452	1091	5893	0	0.375	0.009531	0.717009	-3	right
chr15	99087577	99091369	3568e7e9-616c-4bde-845b-4ef7440615e0	99077795	99091376	rev	3792	2024	1236	0.078431	0.6122	0.006849	0.75	-3	right
chr15	101334570	101338756	69135f6b-3a65-4974-9e02-2efd6f9d1b7d	101331322	101338761	rev	4186	1361	2419	0.083832	0.461078	0.022913	0.777414	-3	right
chr16	5742826	5757513	52b9c422-d7a5-45b9-8ebb-85e3a4a1fa9f	5736774	5758190	rev	14687	3423	11013	0.008951	0.612532	0.029676	0.780164	-3	right
chr16	7506053	7514244	94233342-c606-4594-83eb-9824c8c35c80	7500126	7515054	fwd	8191	781	7117	0	0.866071	0.037524	0.690058	-3	right
chr16	17536075	17546506	35b6caef-84d1-4eb0-b8e2-32bf901efa06	17536070	17546764	fwd	10431	1349	7613	0.012232	0.87156	0.000999	0.890165	-3	right
chr16	19892949	19900953	74a67838-a5dc-4f8a-9df1-15fb62104328	19890516	19900958	fwd	8004	2582	5112	0	0.675037	0.007241	0.774739	-3	right
chr16	21063242	21070941	ee20f143-043e-4cd9-951b-fe715850675d	21063236	21072138	rev	7699	2500	4733	0.051515	0.816667	0.013677	0.865648	-3	right
chr16	22206342	22218632	c94502e7-bd1b-4f75-a315-583019eaff61	22182372	22222037	fwd	12290	1921	9901	0.03937	0.496063	0.051682	0.684578	-3	right
chr16	22796442	22810012	1e9d973d-8d96-4c5d-bdc1-982f0fbb4c0f	22796434	22810019	rev	13570	1475	11082	0.123636	0.774545	0.017968	0.865096	-3	right
chr16	23442710	23452760	0864dac3-e90b-46c4-96ad-ef8e87575b68	23438244	23453544	fwd	10050	2105	7481	0.027888	0.565737	0.045298	0.599197	-3	right
chr16	23693453	23697667	d6e8e469-8ef9-4ad0-b3c8-8f98776eb5bc	23688134	23697726	fwd	4214	1409	2087	0.13783	0.492669	0.097252	0.697674	-3	right
chr16	23727521	23733743	37e8a30c-2c6e-44f5-9f18-9729c84c55e8	23722921	23733748	fwd	6222	2214	3511	0.027634	0.671848	0.029551	0.735225	-3	right
chr16	25873590	25886099	659ebf64-b897-4f3e-b938-1f2b088eed73	25869615	25886113	fwd	12509	2941	7999	0.008314	0.7019	0.024412	0.848202	-3	right
chr16	27938831	27952076	4790e666-222c-42d1-ae8c-5345c61da4c3	27926713	27952308	fwd	13245	2411	10563	0.001795	0.667864	0.0122	0.824569	-3	right
chr16	28957613	28966973	395deeb5-8384-42a4-ae2c-b582814b0187	28943999	28966977	rev	9360	2054	7087	0	0.581967	0.082601	0.648506	-3	right
chr16	31536253	31540277	fcea1527-c229-4361-a71a-135fe3d18ad9	31533719	31545939	fwd	4024	2311	1492	0.022472	0.649813	0.007792	0.784416	-3	right
chr16	33974727	33979905	c2e49c4c-94b1-4e08-9600-76166eb4ea45	33970354	33979909	rev	5178	1254	2248	0	0.320225	0.04	0.625	-3	right
chr16	35593937	35600728	5f220103-3ecc-4cbf-a6a2-d9a7e4ab249e	35587805	35600747	fwd	6791	2575	3859	0	0.373006	0	0.843443	-3	right
chr16	46389314	46393803	f092297f-b848-4c03-b6bd-f468526169be	46382552	46409480	rev	4489	1935	1996	0.010169	0.313559	0	0.717391	0	right
chr16	46382558	46391589	bc2e5953-dacc-462b-95a7-c19348af96b2	46382552	46407058	rev	9031	5093	3085	0.02551	0.873016	0.116514	0.843119	0.420207	right
chr16	46392702	46398535	fbb23419-ee3b-4e57-9de3-022c158fb9c4	46382554	46406074	fwd	5833	1509	3506	0.05	0.2	0	0.711268	-3	right
chr16	46391303	46397294	b121d2fc-6c44-45af-8088-6e1abc8e60c2	46383509	46402917	rev	5991	2934	2145	0	0.296296	0	0.586207	-3	right
chr16	46391278	46397309	8dcfe535-4817-42da-93c8-d44b31aee386	46383582	46402088	fwd	6031	2933	3090	0	0	0	0.394231	-3	right
chr16	46385233	46392750	9f4c8e33-2fa8-429d-a302-5cf89035a8b9	46385225	46404014	rev	7517	5794	1459	0.02422	0.6324	0	0.5	-1	right
chr16	46392962	46397309	4a59b2da-cfcf-4c3b-ad82-3599c937d296	46385390	46399113	fwd	4347	1288	2592	0.034722	0.454861	0.026087	0.713043	-3	right
chr16	46392953	46402440	56271315-06ce-47ae-8814-df2391512fa2	46387476	46403725	fwd	9487	8025	1160	0.173034	0.49588	0.1	0.576471	-3	right
chr16	46398225	46401973	2a2d2a56-e75d-4e6d-a3f7-6857eefb638b	46387684	46402040	fwd	3748	1577	1893	0	0.554377	0.06506	0.73494	-3	right
chr16	46394493	46403257	731635ce-1010-434e-b860-7af610e17de9	46387708	46404809	rev	8764	5443	2721	0.002012	0.761569	0.011521	0.740783	-3	right
chr16	46389265	46396269	b8573561-4e52-4db7-b7ad-029e9382101f	46388073	46410173	rev	7004	4705	847	0.047786	0.29021	0	0.821429	-1	right
chr16	46390451	46397912	6a084001-33c3-44dc-872c-32eb153cf1f4	46389109	46409465	rev	7461	4026	2646	0.02589	0.521036	0	0.25	-1	right
chr16	46391550	46397294	89fe840b-64f9-49bc-9d51-a7e3ba5f106c	46389661	46406627	rev	5744	2641	2832	0.019146	0.78056	0.023649	0.827703	-3	right
chr16	48721995	48742127	112de2f2-5cbf-4cc5-a2b4-662c74d607d7	48706346	48742782	fwd	20132	4915	14873	0.05303	0.736532	0.073405	0.58091	-3	right
chr16	48854478	48862927	0da79d70-2e30-445c-935a-20901bb3f2c2	48854470	48862936	rev	8449	2900	4770	0.069544	0.776978	0.04496	0.882524	-3	right
chr16	52065301	52071078	0dce75f5-d021-47da-ab58-a95766739ea1	52063842	52074005	fwd	5777	1502	1921	0.033123	0.646688	0.001795	0.91921	-3	right
chr16	55548108	55554305	729ff2f9-f834-4579-8509-4edfb1be1bab	55546158	55556986	rev	6197	1790	2964	0.003945	0.639053	0	0.916667	-3	right
chr16	57400914	57410559	5db959d4-7878-411e-9ddf-d5b41dd894e4	57400908	57414813	fwd	9645	4622	2773	0.008115	0.676285	0	0.926647	-3	right
chr16	58701008	58707483	96270870-f65a-4a26-bb81-42cb6ed18aec	58700533	58715235	fwd	6475	3482	2775	0.009083	0.642144	0	0.785714	-3	right
chr16	68360321	68372180	03e3e77a-ac12-4315-83ea-effad1ffe7de	68360310	68372187	fwd	11859	1817	9779	0	0.803815	0.021955	0.888134	-3	right
chr16	71076980	71080514	e4e117fb-1c26-4638-a256-d5dc177402d5	71070025	71080519	rev	3534	1236	2003	0.087613	0.583082	0.05597	0.69403	-3	right
chr16	71739939	71752252	ba49db72-d5fc-4d96-93c3-2738ec85c312	71738929	71752256	rev	12313	2162	9762	0.007702	0.550706	0.086635	0.787441	-3	right
chr16	74362223	74373302	bae078f4-a44d-4e23-9bc0-0d8c8edbf8d2	74362218	74373306	rev	11079	4031	4910	0.010384	0.76324	0.111213	0.764706	-3	right
chr16	82637495	82648264	a2817b55-2609-4c9e-99ef-2dd0dd6ea31a	82637094	82649951	rev	10769	3097	7364	0	0.39427	0.025349	0.754785	-3	right
chr16	82887381	82896004	c371097a-6c99-4e36-b022-8362108e4c78	82884267	82896014	rev	8623	2217	3480	0	0.917266	0.039554	0.842799	-3	right
chr16	88876929	88894940	3288a38c-4a34-429a-8a48-2e1d11470901	88873242	88894946	fwd	18011	7115	10393	0.006006	0.374625	0.043743	0.720377	-3	right
chr17	4090445	4098989	97d6ae72-556f-4e03-b544-0fe2c0863616	4090439	4099226	rev	8544	1756	4583	0.10303	0.779798	0.021418	0.881093	-3	right
chr17	5467319	5478713	0e526a29-47cc-4d82-b1f2-3e86cdda6b96	5467313	5479188	rev	11394	1119	9450	0.131868	0.567766	0.048521	0.834829	-3	right
chr17	8028712	8034990	236aeb46-5f18-4e82-8785-648b40b11a34	8020338	8035574	rev	6278	1003	2948	0.051502	0.270386	0	0.718651	-3	right
chr17	8421082	8428577	d9a536c1-0cb7-43ab-b15d-4b45ab2b6dee	8414873	8430586	fwd	7495	1835	5251	0	0.623932	0.048431	0.57708	-3	right
chr17	9095879	9105074	99f9dfdc-1ce2-443f-87b0-f0f4e91ae676	9095871	9106869	rev	9195	1593	3836	0.042017	0.644258	0.016284	0.866858	-3	right
chr17	12336391	12343771	b1670bb3-532a-4732-a560-36444bd5d6bb	12327975	12343786	rev	7380	4344	2284	0.003099	0.740702	0.071429	0.740602	-3	right
chr17	13982783	13991582	8f024ca1-aa34-4f3b-94c5-01d3c6dd8489	13959039	13992381	rev	8799	1560	4259	0	0.461024	0	0.770968	-3	right
chr17	29310420	29314822	235ff25c-5e84-4487-b833-070e23c77422	29309949	29326598	rev	4402	2111	2073	0.009141	0.659963	0.064957	0.760684	-3	right
chr17	30316463	30321780	03bb67b8-b07f-4bae-91ee-b2ca71be0fa5	30312857	30324890	rev	5317	1453	2754	0.108959	0.484262	0.006443	0.926546	-3	right
chr17	41990829	42005487	fa66370b-58d1-4c52-994a-596d8955cd9c	41989828	42015200	rev	14658	1995	9515	0	0.582524	0.052553	0.694372	0.429833	right
chr17	43120847	43129427	da7ffa00-3eb9-4317-bd0f-2e4001026701	43120842	43146086	rev	8580	2002	6216	0.016367	0.759411	0.035495	0.713993	0.159903	right
chr17	44536443	44543870	b2b5d853-01ed-40ef-be37-df8791bbf699	44533267	44543884	fwd	7427	3394	3839	0.002519	0.540302	0.012182	0.816168	-3	right
chr17	47843109	47849566	e63c9648-603b-4f25-a1b2-b6cb2a673c78	47843101	47853956	fwd	6457	1852	3722	0.018568	0.795756	0.008633	0.756835	-3	right
chr17	53778081	53785120	3a7cdc1d-6393-4e40-b7ce-7c93853af10a	53778070	53785163	rev	7039	1525	5241	0.071233	0.810959	0	0.924186	-3	right
chr17	61752135	61757895	f631ba7b-9881-4fa5-b498-7daaa2f10f91	61749625	61760920	rev	5760	2492	2836	0	0.426187	0.058954	0.760845	-3	right
chr17	64673798	64681747	161df791-1163-437e-aca1-ea41da8697f6	64670672	64681754	fwd	7949	2970	4712	0.007653	0.378827	0.024126	0.648087	-3	right
chr17	64734398	64742227	5918efcf-a3aa-4a21-a748-c4dc4af7e33d	64718111	64742233	rev	7829	2872	4239	0.043202	0.496823	0.024096	0.767642	-3	right
chr17	75856680	75862550	4ab2709f-7fda-4c2b-8dda-136a843b7482	75852821	75862559	fwd	5870	2991	2556	0.015152	0.645455	0.031008	0.660853	-3	right
chr17	80609184	80612935	b9477de7-033e-4acd-82f1-295bb6b6b39b	80606412	80617509	rev	3751	1829	1648	0	0.701422	0.007576	0.830808	-3	right
chr17	82486186	82490204	9672b5d5-b91b-4658-b154-68b7969c5521	82482982	82490435	fwd	4018	1486	2326	0.046763	0.658273	0.06903	0.625	-3	right
chr18	1646071	1655359	5fda1cf6-0419-47f1-a14d-66ffd93119a6	1628464	1655368	fwd	9288	4261	3347	0.039443	0.682135	0.067623	0.560451	-3	right
chr18	4694590	4700257	d6651298-2223-488d-ba6c-51a8a64fdbc1	4689213	4721095	fwd	5667	1127	4010	0	0.245455	0.005057	0.720607	0.539214	right
chr18	10130413	10136447	14188b7b-6306-433a-a7bb-a6d2c8fdffe6	10126661	10137709	rev	6034	1673	4141	0	0.340426	0.019436	0.580175	-3	right
chr18	28337825	28343895	3d5ef8b8-f221-4ca7-b925-0bee1ac8d989	28333939	28343900	fwd	6070	2877	2945	0	0.781434	0.001112	0.889878	-3	right
chr18	29047071	29052397	9ab7c928-2212-40f6-b5da-fd18052eb0ac	29045959	29052404	fwd	5326	1439	3550	0	0.457732	0.007082	0.804533	-3	right
chr18	33082601	33090848	3a68a779-91a5-49c0-9de1-5cdfd4ea00fb	33078216	33090853	fwd	8247	2171	4202	0.002774	0.761442	0.000782	0.783255	-3	right
chr18	35046930	35060776	28b45870-c273-4871-bff2-96d67cc2a005	35043617	35060781	rev	13846	2505	10614	0	0.695594	0.02275	0.732428	-3	right
chr18	48614893	48624535	669684d9-efbc-49ef-a8b5-2e6b58fe466c	48610856	48633547	fwd	9642	1612	7115	0.029326	0.498534	0.006905	0.856246	0.094747	right
chr18	50226242	50233148	612b46a8-b3d5-418b-bd56-18ae7a330139	50222766	50233153	fwd	6906	1064	5439	0	0.371025	0.011073	0.712803	-3	right
chr18	60027608	60034203	5402580f-c6fa-41db-b164-28650a4290bf	60027603	60034270	rev	6595	3424	2900	0.069536	0.843267	0.059246	0.78456	-3	right
chr18	62045832	62048782	6cccba53-317e-4190-951b-988737ffcd23	62035967	62050764	rev	2950	1131	1535	0.050794	0.552381	0.007421	0.699443	-3	right
chr18	69377720	69388238	98769704-69e3-4beb-bb69-b6701c1bfc1a	69377078	69389147	fwd	10518	1663	8063	0.104317	0.543165	0.023799	0.779316	-3	right
chr18	70398536	70403582	4f8de225-08b9-4d5a-9421-cdb6ed60accc	70395741	70403594	fwd	5046	1504	3323	0.033543	0.572327	0.041392	0.639699	-3	right
chr18	71073091	71079015	6df805ff-32c4-4397-9e44-c754d97048d2	71070303	71083251	rev	5924	1163	4305	0	0.382749	0.030911	0.700084	-3	right
chr18	71279208	71288549	ff66c1ff-b022-406d-9ff7-1d246f8a8269	71279196	71289870	fwd	9341	2611	3997	0	0.574051	0.025755	0.887211	-3	right
chr19	9560245	9566409	4b3bd552-9170-4bb9-8e01-bf04b944ed0e	9546984	9566415	fwd	6164	2755	3196	0.033113	0.717881	0.033604	0.949015	-3	right
chr19	10238115	10245364	4c1dd949-961b-4787-aca6-b7ecc8a5cc39	10238108	10248955	fwd	7249	3242	3623	0.089409	0.636864	0.031017	0.759305	-3	right
chr19	14305110	14310598	25132406-a798-4ad2-bbc3-2b38b37942d2	14276094	14320276	rev	5488	2225	2945	0.067864	0.62475	0.060794	0.585608	0.502386	right
chr19	15826620	15840809	3c0b84d4-3811-46ab-a6fa-641712a8d8a0	15826615	15840817	rev	14189	1960	11967	0.009276	0.925788	0.055574	0.734181	-3	right
chr19	17289272	17297280	b1e35dda-3d65-43c4-9de0-d515e5a14952	17286087	17297288	fwd	8008	2712	4861	0.060449	0.601036	0.03056	0.563667	-3	right
chr19	18663543	18668771	d4b8bccf-9c37-4c7a-a1a5-6c4d374c94ee	18660003	18669626	rev	5228	3068	1875	0.014925	0.360075	0.024221	0.698962	-3	right
chr19	21148136	21157462	9c1ec2af-20b7-4b72-8062-6846c09172c6	21147172	21158357	rev	9326	1292	7753	0	0.531579	0.019683	0.698196	-3	right
chr19	23568829	23576608	4c1c5ca3-e0bf-4412-8374-90c462527959	23558740	23576614	rev	7779	1671	5870	0	0.915138	0.037696	0.823613	-3	right
chr19	30158400	30165628	f1457052-7177-4fd5-9025-206d4be66c8d	30152485	30171715	rev	7228	2185	4520	0	0.533755	0.049756	0.628293	-3	right
chr19	31387481	31393767	0b7cd550-c73e-4bc8-9b72-72ee824a0db8	31387467	31403984	rev	6286	1763	4148	0.002865	0.601719	0.009146	0.547764	-3	right
chr19	34390539	34394227	1b76ea6c-61a0-4d9c-b8a2-3edae8b77952	34390521	34400472	rev	3688	1359	2046	0.004098	0.512295	0.01548	0.727554	-3	right
chr19	44035502	44043492	34cb8548-0771-480a-b9e8-c96db71f7b3e	44035496	44046565	rev	7990	1592	6105	0	0.777559	0.009324	0.841958	-3	right
chr19	47450170	47455620	2698c724-5523-4ce8-98e5-8d67670e3f50	47448544	47456150	rev	5450	1326	3810	0	0.402027	0.005753	0.819751	-3	right
chr19	48363347	48368137	13a31821-b9cb-41e0-a92b-6dbe97d985ef	48360362	48372670	rev	4790	1895	2619	0.002747	0.620879	0.014218	0.57188	-3	right
chr19	48509037	48516033	4b1850b4-a5f2-4c88-b344-b6999c17a36b	48506671	48516037	rev	6996	2583	3967	0	0.43083	0.068097	0.750933	-3	right
chr19	50135383	50145450	8e60de8a-bc6c-453a-a4dd-c65f3659b9c5	50134464	50145460	rev	10067	3028	6447	0.042796	0.375178	0.041306	0.574284	-3	right
chr2	11741700	11746393	d5afba91-6655-4b8b-aed6-38bd0c910b6d	11738534	11746403	rev	4693	2592	1760	0.007752	0.474806	0.030303	0.614325	-3	right
chr2	13020112	13028360	4ae95cc8-6829-44e0-8f5c-a0c35d22233b	13006195	13028365	fwd	8248	3253	4712	0	0.905681	0.00731	0.858187	-3	right
chr2	18734856	18755425	54e418ed-20fe-4f5c-8a7c-7418661bce35	18734846	18757949	fwd	20569	3383	15734	0.030235	0.87346	0.005973	0.926674	-3	right
chr2	22089084	22097578	54a7c42b-6d83-499b-bea6-8ddc9592343b	22086069	22097742	rev	8494	1299	4948	0.082474	0.512887	0.037897	0.767115	-3	right
chr2	24277585	24284192	1071b014-38ee-43f6-9ae9-8e96a61a5074	24276672	24287201	rev	6607	3642	2334	0.018047	0.764331	0.048913	0.788043	-3	right
chr2	26363594	26370070	eb9f7fef-6861-4927-8b70-cb5dc4f90e0d	26353041	26370077	fwd	6476	2028	3805	0.068571	0.581429	0.016194	0.620243	-3	right
chr2	27057525	27068438	51200297-5f74-4fbf-8203-3d5a9a0663ef	27057521	27069100	fwd	10913	2878	5306	0	0.844584	0.018307	0.859649	-3	right
chr2	31313176	31328672	b9c5590a-a93c-453d-9e1d-a251620490ac	31313171	31328677	rev	15496	2429	11270	0	0.883959	0.030728	0.85889	-3	right
chr2	39250709	39254730	3387bcfb-256e-4354-99b0-4e60ed31fdf7	39245333	39254735	rev	4021	1142	2376	0	0.354938	0.025411	0.781764	-3	right
chr2	39239456	39250490	19e06164-8c39-43ff-bee6-0c11573061a9	39230253	39264513	fwd	11034	4813	3815	0.008554	0.465355	0.005937	0.848176	0.501612	right
chr2	44031976	44037637	15a986b6-28e3-4d5d-a4da-a6f26a79b2ca	44030685	44037642	rev	5661	3468	1943	0	0.666309	0.001818	0.758182	-3	right
chr2	45683309	45687658	727f57ba-a344-4fb9-b35e-ea62206c0525	45678043	45687663	fwd	4349	2872	1157	0.002642	0.582563	0.009524	0.704762	-3	right
chr2	47706291	47711249	167d3a3e-e9ba-46bf-8467-a9d8594491ea	47697537	47713923	rev	4958	1393	2621	0.075529	0.537764	0.015714	0.868571	-3	right
chr2	47959265	47966053	25829dfd-a618-4b0d-b1db-b3bfcb25a773	47953794	47967510	rev	6788	1067	5166	0.030702	0.467105	0.001172	0.858734	-3	right
chr2	52062490	52066435	f7519094-5dda-45f3-9913-707803fabb16	52044854	52066440	fwd	3945	2046	1520	0.033645	0.373832	0.011792	0.740566	-3	right
chr2	54536967	54545245	44d26360-8492-4aba-afe6-55be5a932d68	54536957	54545490	rev	8278	2022	2964	0.020484	0.804469	0.044473	0.914867	-3	right
chr2	55179893	55185093	fabcf07d-aaa8-4019-9f47-7963ea387c28	55171840	55185099	rev	5200	1516	3387	0.027397	0.675799	0.088583	0.851378	-3	right
chr2	55367538	55373120	fe5d7c16-ac77-4cac-9344-ed9538babb5a	55358572	55373130	rev	5582	1558	3785	0	0.593478	0.011785	0.675926	-3	right
chr2	55379072	55384370	24c7c9cb-cc51-4749-8e5a-f8c5577c8729	55370566	55384379	rev	5298	2279	2736	0.033333	0.610667	0.057734	0.624183	-3	right
chr2	55889346	55900402	14db4ffa-7675-4abf-b8a4-841802829a65	55887091	55902886	rev	11056	3037	7770	0.004695	0.54554	0.033656	0.687414	-3	right
chr2	57296135	57300513	ad566133-5b3e-42fc-908a-c786f0c47afb	57294496	57317213	rev	4378	1391	2752	0.019694	0.575492	0.023884	0.551402	0.528347	right
chr2	57741474	57750485	685e01fa-7270-4f7a-9ba4-2bb4c914ece3	57741470	57751246	fwd	9011	2573	5073	0.009138	0.808094	0.086873	0.746461	-3	right
chr2	64789371	64793537	9e9eff43-ee91-4dc3-a68b-5773a22fc168	64788146	64796982	fwd	4166	1010	2787	0	0.486989	0.012972	0.604953	-3	right
chr2	66601972	66611699	9d695515-1589-4119-b486-c80608bbc215	66601968	66611704	fwd	9727	3099	3721	0.068376	0.853632	0.026255	0.914286	-3	right
chr2	66756476	66764337	d0fc16c3-db09-4ddc-8c8d-f4efdd2eeca5	66753768	66764345	fwd	7861	1115	6504	0.032967	0.593407	0.004306	0.847686	-3	right
chr2	69517647	69525360	b7222059-488c-4bac-aba8-d5ea9d857e40	69513962	69525504	fwd	7713	1179	6262	0.017606	0.602113	0.035173	0.747119	-3	right
chr2	69649360	69654406	cd650705-9952-4ce0-b614-00e8c0195ca7	69641706	69654412	fwd	5046	1419	3374	0	0.618026	0.010967	0.675972	-3	right
chr2	71926040	71932273	ad5e0203-126f-4762-9b4a-13c9bc433f1b	71923572	71932286	fwd	6233	2430	3550	0	0.76087	0.006105	0.869353	-3	right
chr2	73471683	73476753	6b285861-cbf2-4071-b418-a3957bb3a4b2	73469352	73477588	rev	5070	1127	3758	0.021951	0.541463	0.02	0.589524	-3	right
chr2	74616935	74621695	66d8a380-8b56-4406-b798-3bbbf7989793	74616927	74630277	rev	4760	2925	1519	0.019144	0.844595	0.038288	0.702703	-3	right
chr2	74765461	74771890	a0a63c70-f3b3-4757-b368-d3ce1f5f8765	74765450	74771896	fwd	6429	2092	4068	0	0.638462	0.011765	0.921569	-3	right
chr2	77223123	77232337	4f3c4607-5406-4401-90cf-b6a22f581cf5	77220825	77232342	fwd	9214	2944	4601	0.001431	0.778255	0.032895	0.794079	-3	right
chr2	81719976	81725193	4342a4b5-ff62-4ae6-a550-1296d113cb95	81713880	81725203	fwd	5217	1735	3196	0.003503	0.570928	0.071066	0.720812	-3	right
chr2	83901628	83915993	833da001-b399-4cdc-8c2d-1d6e4bc85291	83900537	83916571	fwd	14365	1832	11648	0.081667	0.585	0.042102	0.781175	-3	right
chr2	87563414	87570709	180edc70-ce19-46ed-b8aa-6e022f47ac6c	87560460	87570719	fwd	7295	1662	4804	0.021127	0.570423	0.003218	0.888978	-3	right
chr2	88740781	88750103	491e6c6e-4d56-4205-a4ab-8d2493a573d7	88740744	88750111	rev	9322	1856	7193	0	0.653631	0.047782	0.704437	-3	right
chr2	94234402	94245493	bd199b62-ddb6-42a5-bc22-79a70d51fe32	94231771	94245499	rev	11091	3091	5993	0.012063	0.618818	0.049582	0.766017	-3	right
chr2	96375877	96382588	4699691c-1149-4de3-823f-bb024236c0c2	96375857	96382592	rev	6711	1864	4251	0	0.812121	0.041857	0.878352	-3	right
chr2	96884318	96889271	530eb9c4-c402-4573-8625-5f93812dcd9b	96884193	96896513	rev	4953	2109	2555	0	0.447427	0.004839	0.596774	-3	right
chr2	97122694	97131499	4ec2f86c-671f-4dac-acaf-ce7606786816	97115137	97132463	rev	8805	2462	4962	0.012953	0.573834	0	0.877857	-3	right
chr2	97334041	97341976	9c2c6221-647f-4936-a9af-dc29e3ef670d	97334030	97366741	fwd	7935	1251	5199	0.051429	0.605714	0.003289	0.838158	0.583387	right
chr2	97813593	97819063	07d6bf82-178f-4461-a8f0-b3280c95c8b2	97801414	97820595	fwd	5470	1966	3030	0.010084	0.608403	0.030268	0.746217	-3	right
chr2	99709583	99718259	fe0603df-317f-438e-9b01-38db96524c96	99707331	99722893	fwd	8676	1849	6555	0.020522	0.66791	0.008101	0.906835	-3	right
chr2	103026378	103041487	4746cbcc-bea3-4078-90e6-7e5cc0345b27	103020090	103043966	fwd	15109	1345	13518	0.047146	0.610422	0.018534	0.714077	-3	right
chr2	104298118	104304396	a03c57a5-2138-4523-b954-07ab38d9b9a1	104290316	104304407	rev	6278	2141	3869	0.003053	0.639695	0.004554	0.823315	-3	right
chr2	106120769	106129221	bc0286a3-057e-4d42-a03a-163ed512884b	106120762	106138600	fwd	8452	1588	5746	0.008475	0.731638	0.001369	0.826831	-3	right
chr2	112762414	112765093	c5880b6e-1515-40cf-9387-f481ee24a794	112758877	112765097	rev	2679	1084	1198	0	0.538182	0.07173	0.78903	-3	right
chr2	113966820	113973251	a40e8aa7-4d25-4ccb-86a4-c9bb73c7d90b	113966813	113973259	fwd	6431	3110	2938	0.018702	0.931793	0.046192	0.828964	-3	right
chr2	114593630	114603575	fe5ce026-969a-4345-8a1b-a2cb62a51008	114586822	114605964	rev	9945	3020	5499	0.001174	0.514085	0.011342	0.835539	-3	right
chr2	122584483	122591224	1da99544-fe4a-45f1-922f-1ac8c78a522a	122579351	122593614	fwd	6741	1915	4572	0	0.510891	0.004318	0.782383	-3	right
chr2	122692932	122704116	ea13f94e-9fc1-4011-974d-0aab29a44323	122692928	122704125	fwd	11184	2203	8715	0.068085	0.828369	0.083333	0.850076	-3	right
chr2	125676659	125684886	c5d7c8d2-8e4d-4f98-9e1f-bc42dd873ce5	125670334	125684893	rev	8227	950	5356	0.117318	0.832402	0.007397	0.903161	-3	right
chr2	130876994	130882909	aab1b2e8-a725-42d4-97da-83c7633ca194	130864767	130896953	fwd	5915	2922	2471	0.082927	0.641463	0.035775	0.647359	0.482455	right
chr2	132853729	132861606	0ea96c91-29f6-4ed7-a912-b84e2771e214	132852672	132862528	rev	7877	1452	4608	0.117225	0.566986	0.012409	0.89781	-3	right
chr2	136416862	136424189	9f781aa4-c16f-4280-a21f-803ad01657b1	136415959	136424194	fwd	7327	5821	1126	0.003171	0.874445	0.02974	0.732342	-3	right
chr2	136828718	136833800	2a332428-1e18-436b-a864-f9381610de92	136815001	136839410	fwd	5082	1126	3411	0.002976	0.357143	0.012241	0.713748	-3	right
chr2	138857823	138861466	6843b3b4-380b-4b51-a4af-827d414686da	138850626	138861487	fwd	3643	1080	2240	0.01278	0.520767	0.012968	0.775216	-3	right
chr2	141767575	141773606	852f5386-3c83-48fe-b539-5693e8fcefbf	141764949	141773616	rev	6031	4136	1607	0.013855	0.704156	0.090308	0.759912	-3	right
chr2	142134562	142142245	6f74ff0e-68c6-4668-ab34-3debb159d621	142134558	142142354	fwd	7683	1146	5595	0.057307	0.601719	0.005076	0.928934	-3	right
chr2	144483711	144493667	85226f56-25c1-418e-ba8e-90bb67bbf722	144483705	144499352	rev	9956	2952	6775	0.027027	0.818182	0.01277	0.911591	-3	right
chr2	145545036	145552503	266cab4d-8268-4233-98f1-41878a6940a2	145539095	145552660	rev	7467	1027	3403	0.011628	0.868217	0.00484	0.921588	-3	right
chr2	145932560	145942173	4d740bb1-619b-468b-ab78-ee6460b58026	145928145	145942180	rev	9613	4143	5100	0.008026	0.504013	0.05036	0.726619	-3	right
chr2	146015260	146020879	13401d28-0230-47f1-be0b-7ae2992002d4	146006500	146023395	rev	5619	2474	2890	0.005472	0.786594	0.03913	0.78587	-3	right
chr2	154136522	154149862	3ab9df55-6a68-4ef1-8dca-1d3688dfe2c7	154130786	154150064	fwd	13340	3382	8083	0.000901	0.54955	0.001111	0.86	-3	right
chr2	155641701	155653110	21514e52-c634-4a0d-a043-3c7bb0814fd9	155641696	155653118	fwd	11409	1492	8830	0.055328	0.883197	0.006087	0.943186	-3	right
chr2	159079496	159090747	9c3ae9c5-9440-4755-9414-7977e0910218	159078175	159092049	rev	11251	2597	7878	0	0.4944	0.044187	0.738033	-3	right
chr2	162040587	162046236	bdbb993c-2d9a-4644-a908-584da16e3a35	162030664	162046246	fwd	5649	1602	3627	0	0.557078	0.023566	0.61373	-3	right
chr2	163248754	163258027	c56c94eb-86a5-491d-bde0-94ebdd437c00	163244614	163258920	rev	9273	1499	7397	0	0.711423	0.045236	0.635226	-3	right
chr2	165879474	165886510	dcd17320-8cf0-4da2-b669-36a09fd68b40	165874478	165887146	fwd	7036	2519	4234	0.017808	0.728767	0.064032	0.719368	-3	right
chr2	173876038	173881710	c99d38e1-a035-4325-80dd-9ea5eb1868e7	173873448	173881714	rev	5672	3528	1712	0	0.843117	0.106122	0.773469	-3	right
chr2	175762098	175764513	af95450b-9686-47d9-843d-9867b460caa0	175752380	175764517	rev	2415	1120	1054	0.055914	0.56129	0	0.799492	-3	right
chr2	179118267	179123970	57300374-24e5-477a-be3f-2e6058661dca	179118250	179123975	fwd	5703	1578	3854	0.043384	0.774403	0.043021	0.866157	-3	right
chr2	181493218	181499650	d2fb63bd-24fd-4ae9-b0ba-e23de37db3bb	181490047	181499656	rev	6432	2939	3182	0	0.38046	0.018145	0.829637	-3	right
chr2	181860601	181868849	f1f809eb-9d53-4b7f-a008-ce9f1f33aac9	181860594	181875153	rev	8248	3136	3612	0.017448	0.715376	0.013559	0.909322	-3	right
chr2	182305086	182310341	a903daee-a44c-465e-90d4-946302af2cd7	182298815	182310346	fwd	5255	1567	3477	0.01354	0.605416	0	0.820021	-3	right
chr2	182744143	182750469	b5eb37fc-c03d-4de3-b94c-7e03db4f8009	182736902	182750477	fwd	6326	2616	3279	0.02765	0.511521	0.000841	0.826745	-3	right
chr2	183324633	183328521	4536ff3a-bb5f-4917-937a-72d4b1d80b9c	183318857	183328528	fwd	3888	1818	1586	0	0.619171	0.02812	0.72935	-3	right
chr2	185184749	185189657	2ff7311f-4a1f-49a9-a107-8af0d286eb39	185176182	185191068	rev	4908	1583	2032	0.075075	0.510511	0.008889	0.462222	-3	right
chr2	186549941	186561890	3d90a9aa-c8ff-4144-8e66-c282a699b4ac	186549931	186564070	rev	11949	4423	6786	0.042254	0.776761	0.039306	0.845329	-3	right
chr2	188903423	188908360	7032f093-739a-42b5-b55a-6a6c1876fa31	188902936	188908367	rev	4937	1138	3506	0	0.560526	0.007726	0.853201	-3	right
chr2	196050496	196056775	77f6e2fe-3667-4ae9-afac-fcb253f5da74	196046893	196056784	fwd	6279	2003	2815	0.039568	0.410072	0.021771	0.603774	-3	right
chr2	199213752	199218942	df012cc7-e446-48e5-801e-4cd8e71e8761	199207701	199218948	fwd	5190	1872	1630	0.014989	0.687366	0.088362	0.752155	-3	right
chr2	201576680	201587461	6df405bd-f843-4135-abfe-684f6cb0a5e7	201575067	201587468	rev	10781	1267	5489	0.044811	0.245283	0.073171	0.487805	-3	right
chr2	202669274	202675206	b431e8e7-eca6-482c-9811-d75bb2cd3c38	202668365	202684309	rev	5932	1896	3748	0	0.649805	0.01626	0.81417	-3	right
chr2	203649378	203658148	c1513b32-9c0c-48dc-ba0c-4052ff99a611	203641756	203660112	rev	8770	5793	2397	0.007115	0.750323	0.076786	0.6125	-3	right
chr2	203746010	203751031	23f62b41-69d9-47d2-83ab-67d1d2ea7db3	203744716	203767351	rev	5021	1550	2638	0.078591	0.644986	0	0.835358	-3	right
chr2	210894962	210904740	d96ce8d6-289e-4369-bebd-60abe7ed069e	210894955	210904969	rev	9778	1574	7975	0.111597	0.708972	0.004991	0.884301	-3	right
chr2	211831183	211851081	40caa0be-639e-4654-b177-8ba5a75485a8	211826453	211852499	rev	19898	1498	16166	0.01217	0.643002	0.016161	0.93043	-3	right
chr2	213243517	213251467	88501446-31b9-4fd1-b1a6-dcbdfbaa67d6	213238808	213259390	fwd	7950	1719	5941	0.024119	0.717996	0.030168	0.701676	0.728339	right
chr2	213663264	213669305	01a9c6ec-f5de-44aa-8d24-d94a1fa2a0da	213649681	213669312	rev	6041	2339	3084	0.007225	0.559249	0.015064	0.755504	-3	right
chr2	215763377	215768028	bbb8129b-46f7-454a-a743-acad52b6a5c8	215762235	215768033	fwd	4651	1146	3255	0	0.645161	0.00442	0.850829	-3	right
chr2	239572470	239580840	df89c595-462c-41a4-86dc-bbfab7190a9e	239571703	239581410	fwd	8370	1121	6579	0.096154	0.416667	0.040446	0.758717	-3	right
chr2	241617038	241629523	174c0c86-fa8a-4343-95ac-a58d833c542f	241617034	241634348	fwd	12485	1233	10042	0	0.777027	0.023033	0.868522	-3	right
chr20	6286666	6289734	5efa2b88-5c58-4d6c-852f-1902dc706c5e	6283128	6289740	rev	3068	1407	1335	0.006148	0.620902	0.013645	0.758285	-3	right
chr20	9271398	9281072	dd7deb80-462d-4f69-a9b2-a0f75aeb6ed3	9271392	9301568	rev	9674	3625	4471	0	0.686293	0.020328	0.87803	0.035346	right
chr20	14906149	14913025	4e17e0cd-38c0-418e-b5bf-6124ee2891be	14904784	14920184	fwd	6876	1594	1154	0.074699	0.262651	0.015291	0.443425	0.472021	right
chr20	18942594	18946079	35766e26-a11a-43f4-b9db-a84a21283767	18939035	18948407	rev	3485	1134	2065	0.018692	0.518692	0.022838	0.768352	-3	right
chr20	19166516	19178948	7bdc7445-74ca-4411-8070-c96f1d70d5e6	19166508	19180965	fwd	12432	1372	10711	0.011442	0.864989	0.038694	0.856326	-3	right
chr20	21912145	21924406	1adc7d90-b641-4f35-b81e-a98dbb9737a7	21908127	21925263	rev	12261	2945	7667	0	0.857394	0.028046	0.797872	-3	right
chr20	31053376	31066213	b827eb66-d485-4029-b11d-343cb518a445	31051508	31068512	fwd	12837	7856	546	0.050388	0.282171	0.025641	0.423077	-1	right
chr20	31061837	31065312	269090f7-2c8d-46af-9269-8b0c722021ae	31055806	31071209	fwd	3475	1089	1664	0	0.5	0.010101	0.414141	-3	right
chr20	31056555	31071203	7a0d0574-fbb1-4beb-a8ee-767ad70f90f8	31056025	31075057	fwd	14648	8892	1432	0.120295	0.407529	0	0.610619	-3	right
chr20	31058727	31062081	4cc6473e-a43d-4643-932a-49b4e14b76b0	31056925	31065462	rev	3354	1500	1295	0.069474	0.614737	0.085919	0.680191	-3	right
chr20	31065287	31069926	5a351f04-7bc5-4e60-b1ea-67c1a4149686	31061810	31069933	fwd	4639	1133	1129	0	0.387435	0	0.52356	-3	right
chr20	31077943	31083135	f9fe5dcf-390f-4291-9d20-bd9f2617158f	31077911	31089028	fwd	5192	1894	699	0.11335	0.634761	0	0.58156	-1	right
chr20	32603134	32607643	8aa0cb8a-3149-478d-a3bb-64e05d162264	32593373	32607658	fwd	4509	1459	2747	0	0.54321	0.00507	0.674271	-3	right
chr20	37187622	37190936	f8bd911f-3097-4d2d-be57-aca412a8c317	37181456	37190941	fwd	3314	1232	1004	0	0.163265	0.087662	0.584416	-3	right
chr20	45572045	45578628	53cae247-9e14-4535-a224-674923a320b3	45572039	45578632	rev	6583	1456	4806	0.060694	0.731214	0.062241	0.772476	-3	right
chr20	46260040	46265220	08ca61b7-b743-4a38-86c0-c9c28dbe15a8	46260035	46271108	rev	5180	1042	3773	0.004348	0.556522	0.029656	0.672598	-3	right
chr20	47660797	47667503	ea4a2bbd-6682-4f83-8d77-52fbe28fc715	47657623	47667508	fwd	6706	1318	5083	0	0.550725	0.06338	0.705106	-3	right
chr20	48016598	48030854	51d4e4d5-c8ee-4ac7-9f03-5219e4c4ddbd	48013519	48033159	rev	14256	2427	10901	0.029297	0.554688	0.042439	0.837656	-3	right
chr20	50153496	50163637	226548c0-2cbd-4ca6-bb95-b6228fb4f6f5	50152870	50166168	rev	10141	2007	6904	0.052154	0.648526	0.030948	0.8098	-3	right
chr20	53844705	53849538	62cc2ff9-4d19-479a-8931-3baa981e67c1	53813774	53854598	rev	4833	2276	1368	0	0.651515	0.093909	0.667513	-1	right
chr20	54874685	54884391	4201552d-9f98-4dca-a6af-90d7bd93b864	54874081	54884487	rev	9706	1487	7966	0.044118	0.588235	0.028369	0.843499	-3	right
chr20	55481714	55487230	c9c9b80f-b90a-4f18-91d2-8bb2d7f5238f	55477427	55487273	fwd	5516	1004	4178	0	0.570136	0.010031	0.85571	-3	right
chr20	56963090	56972068	09811a9f-6f43-4bd8-adee-599d985c4cac	56955004	56972072	rev	8978	1624	7007	0.011628	0.634884	0.004324	0.794317	-3	right
chr20	58426301	58434050	34413714-20db-4932-9b87-f1af51aeae48	58420392	58436892	rev	7749	4148	3381	0.004558	0.696445	0.030303	0.829545	-3	right
chr20	59595945	59607777	6661055d-369c-430a-b824-148b5d46af62	59595939	59608994	fwd	11832	5431	4229	0.008108	0.878378	0.006237	0.87422	-3	right
chr20	60517450	60525467	b9b8bbc2-2999-4757-8b49-303e0d19b186	60510604	60527028	rev	8017	4044	2979	0.011024	0.458268	0.002128	0.846809	-3	right
chr20	62401459	62406682	a4d70111-85fd-464e-a985-ee6421a0d344	62400954	62411424	rev	5223	1506	3399	0	0.634868	0.069863	0.720548	-3	right
chr21	13116551	13123139	fbd4d10b-ae18-48a7-8621-19ca779e69e9	13113436	13123143	rev	6588	3659	2665	0.017308	0.786538	0.027132	0.830749	-3	right
chr21	14045265	14049225	31aca65c-a654-4d9f-801f-71e7bbdb832b	14036612	14049229	rev	3960	1004	2643	0	0.460648	0.002134	0.895411	-3	right
chr21	14817088	14823934	c2b63c5f-46f3-4a06-aa55-4e16d2941dfd	14809946	14839535	rev	6846	2855	2257	0	0.883721	0.109626	0.756684	0.389276	right
chr21	18375061	18383579	3f511f26-843f-4fc5-9241-2de5ee72b4c8	18371568	18383585	rev	8518	2317	3088	0.046703	0.70467	0.013752	0.909627	-3	right
chr21	23692874	23703994	4c48c643-2e08-4a47-a835-6634a1358c97	23689639	23705017	fwd	11120	2526	6960	0.053179	0.654335	0.005604	0.844626	-3	right
chr21	24401359	24404600	8b63a053-e53a-41e8-84f8-2a1c7b45719b	24400856	24409290	fwd	3241	1509	1435	0.005952	0.491071	0.01269	0.548223	-3	right
chr21	24532205	24542331	8e4b68c1-0067-439f-b3ab-7c852cde817e	24532184	24542335	rev	10126	4039	3438	0.016569	0.897661	0.03074	0.89049	-3	right
chr21	24707401	24711928	4df5398f-d710-4994-8394-d7d7caf7590b	24691837	24711932	rev	4527	1775	2429	0.025292	0.464981	0.01601	0.812808	-3	right
chr21	29534869	29542263	621b611f-f0ec-4ba8-98e7-dd3e3d5aa1ec	29534863	29545372	fwd	7394	1022	4475	0.010811	0.932432	0.00899	0.932227	-3	right
chr21	34225414	34232137	366d0ae0-eab4-4fb9-b0eb-6dcd8c73fbaa	34216951	34232151	fwd	6723	3876	2687	0	0.77398	0.001427	0.794579	-3	right
chr22	19891346	19902494	bee82044-0de3-4f1b-9a35-9813e26df964	19886988	19903036	rev	11148	4240	4421	0.000973	0.668288	0.014299	0.880839	-3	right
chr22	20183364	20191911	70570669-2b54-4802-924d-cc3a6ff6cc69	20176707	20203272	rev	8547	1093	5848	0	0.488479	0.042155	0.643247	0.504049	right
chr22	22816180	22819914	2e8946c2-22f5-40a4-b12c-3c6b7b71c80a	22807008	22819924	rev	3734	1335	1575	0.043228	0.40634	0.0317	0.59366	-3	right
chr22	38434943	38444219	21f45736-4648-446b-b1df-dcdb7cf6df82	38424284	38445578	fwd	9276	2239	6818	0.011086	0.640798	0.05117	0.885965	-3	right
chr22	40707304	40714696	17b80bc7-a1fb-43ef-aa6d-ac3caca8b013	40707290	40714716	rev	7392	3640	3432	0.00107	0.623529	0.007509	0.79224	-3	right
chr22	45672253	45675278	ddeba854-b746-4011-b829-5c1aad72247a	45654696	45675283	rev	3025	1432	1191	0.006289	0.663522	0	0.504673	-3	right
chr3	1052405	1059572	70819b7c-5539-4771-b52f-f46a75cf8dbe	1052400	1060152	fwd	7167	1076	5759	0.056213	0.485207	0.017761	0.893434	-3	right
chr3	7602033	7617065	536a7e35-a4ad-45f3-b51c-fde9861cf38b	7586922	7617075	rev	15032	2320	10761	0.001422	0.847795	0.05572	0.776129	-3	right
chr3	10545705	10553313	31d5d318-fb4e-45fb-b052-5607f8b69fb6	10541809	10553318	fwd	7608	1991	5350	0.030905	0.649007	0.083333	0.727477	-3	right
chr3	13394134	13399585	6b1aeea6-37da-4eea-9d41-a11d1ee7d943	13384358	13400329	fwd	5451	3600	1358	0	0.713893	0.061433	0.552901	-3	right
chr3	16568835	16573748	30762c83-5754-4652-a02b-d8f239398ebb	16558545	16573753	fwd	4913	1618	2817	0	0.52381	0.002766	0.763485	-3	right
chr3	20428661	20434532	8ac252ed-37b0-46bc-af3b-fb0e5019ae5c	20427652	20434538	rev	5871	2558	2684	0.035573	0.5	0.028463	0.685009	-3	right
chr3	20434090	20442616	aea75892-08f2-4ec8-a5d3-36455160326a	20433496	20442634	fwd	8526	4325	1857	0.022711	0.605128	0.026066	0.720379	-3	right
chr3	20796606	20802217	534fa64b-665b-4a08-adf1-eb6eb01e77ef	20788492	20802223	fwd	5611	1936	2852	0.075501	0.647149	0.059565	0.73425	-3	right
chr3	21452267	21456398	59f5ce3c-d53a-4837-8383-91359a561ae2	21447169	21456403	rev	4131	1071	2726	0.108911	0.670792	0.019802	0.762376	-3	right
chr3	24665779	24676423	57f97d85-634c-48d3-aab6-b8fe5bd14979	24660310	24676427	rev	10644	4398	5963	0.024331	0.7794	0.003369	0.87872	-3	right
chr3	32699552	32710645	cc5ea510-703a-4897-92ae-0ba116103c58	32697337	32710650	rev	11093	3343	7545	0.004598	0.729885	0.084572	0.680297	-3	right
chr3	38553804	38560232	6e7cffd9-21d5-4c70-96db-ae1f52fd544b	38552323	38560683	rev	6428	1606	4575	0	0.638743	0.014925	0.807836	-3	right
chr3	48635713	48645030	a37bc4d2-68c0-4e7c-8274-9cb092b382b0	48633775	48645041	fwd	9317	4471	4500	0	0.596026	0.002817	0.747887	-3	right
chr3	58744159	58753225	ba9dc730-6798-496e-9f81-e58283c1699e	58740491	58753236	rev	9066	2619	4868	0.118959	0.550186	0.046921	0.805718	-3	right
chr3	60723930	60732321	e17ec568-3c9c-4e21-b1e9-f412cf9f9144	60721057	60732329	fwd	8391	1961	6185	0	0.611664	0.088631	0.644254	-3	right
chr3	65540550	65547085	25624e95-0fa7-431a-a20e-f252f8ba8b20	65537263	65547093	fwd	6535	1375	4669	0	0.301887	0.022609	0.710435	-3	right
chr3	67771802	67778086	2c8abeb0-915f-42da-87cb-769db298dcde	67767512	67778091	fwd	6284	2422	2946	0	0.915473	0.072411	0.835014	-3	right
chr3	74323827	74333696	0c81155d-7665-4fd1-8f15-94930d755ffc	74323820	74333820	rev	9869	5661	3218	0.002429	0.908925	0.096134	0.787879	-3	right
chr3	74658529	74667690	93e2512d-86e5-4e64-bbdf-b526df8033de	74658520	74667696	rev	9161	2756	3708	0.018564	0.632426	0.004796	0.892086	-3	right
chr3	82760837	82766034	680044f8-35df-46b8-b9dd-77cb83c27f9b	82748888	82766043	fwd	5197	1409	3026	0	0.418079	0.008081	0.707071	-3	right
chr3	84286449	84290510	92e4291b-4550-4f9e-ae31-8c49204cae67	84283395	84290514	rev	4061	1284	2388	0.048724	0.443155	0.006993	0.742657	-3	right
chr3	88253009	88261611	5f1d253f-d5c1-48d1-b901-12fd8330cbbd	88250631	88261616	fwd	8602	2282	5306	0	0.691391	0.002789	0.896821	-3	right
chr3	90187894	90197617	e19a4e9e-c1c2-456b-8869-df1bf75936c0	90187748	90197882	fwd	9723	3400	5754	0.015988	0.664244	0.021966	0.517847	-3	right
chr3	97891063	97899264	e136d417-6309-4537-9175-3969a66cabaa	97877987	97900323	fwd	8201	2597	4713	0.020335	0.616029	0.010631	0.856478	-3	right
chr3	98392956	98402757	cc0f04c3-399c-439e-bf93-02bf73859e80	98391829	98411239	fwd	9801	5340	1906	0.102975	0.508009	0.033632	0.856502	-3	right
chr3	100343230	100347137	8002bd8a-29b3-4107-8785-a0c6943cc8af	100343222	100355612	rev	3907	1938	1622	0	0.74938	0.089136	0.601671	-1	right
chr3	106733650	106740274	2346b69d-0699-4a68-b608-ddcfd8a6789d	106731892	106740280	fwd	6624	3228	3138	0.004171	0.665276	0.011173	0.861453	-3	right
chr3	112387278	112391195	b2d6f0b0-f10d-4c3d-95a8-abd819527e73	112380474	112391200	fwd	3917	2604	1037	0	0.551775	0	0.714286	-3	right
chr3	114513749	114519677	af00a5f8-f306-4cff-a609-b43980522b13	114508177	114519683	rev	5928	2080	3510	0.006791	0.334465	0.005092	0.812627	-3	right
chr3	117317734	117325997	b18b4995-0f02-4731-9a9d-869fa008ef7d	117316242	117330840	fwd	8263	2045	5917	0.041667	0.698413	0.086073	0.704722	-3	right
chr3	119785776	119796821	4b6aa459-1122-442a-a093-c958af0cc397	119783723	119798243	rev	11045	5732	4963	0.00692	0.849827	0.05914	0.732975	-3	right
chr3	124257150	124263322	590bfc7f-18d7-408a-bc26-47ef56667ce0	124256539	124263327	rev	6172	1293	4504	0	0.341808	0.019531	0.822656	-3	right
chr3	126000854	126007775	e1d52611-6432-4dd3-a7c3-9c34fe72e839	126000849	126009968	rev	6921	2079	4352	0.049929	0.563481	0.023645	0.748768	-3	right
chr3	129723394	129728327	9cd2a40b-abf5-4d4e-aa72-d67ffdedee6c	129715214	129728334	fwd	4933	3567	1060	0	0.609359	0.003279	0.606557	-3	right
chr3	130420092	130431493	bae51ff8-241a-423d-a1ba-033d2885bbc3	130419663	130431509	rev	11401	3790	6408	0.019948	0.779705	0.036833	0.772402	-3	right
chr3	131720167	131729464	d20cb32a-2669-44ba-83ee-2668274f119a	131710564	131729472	rev	9297	2731	5134	0.10303	0.633333	0.016795	0.738978	-3	right
chr3	133711535	133716877	15dde8be-916e-4a2e-a44a-529538124b1f	133698634	133719224	rev	5342	1043	4076	0.101449	0.478261	0.016892	0.630631	-3	right
chr3	134726596	134735553	192c9150-7d67-4444-b2dc-7060e97f8eb7	134724052	134735565	fwd	8957	3016	3935	0.01812	0.783692	0.0499	0.830339	-3	right
chr3	135012979	135017835	aee10349-f63f-4a30-82b1-14d1728bb6dd	135012026	135025409	rev	4856	1074	3487	0.037037	0.558923	0.043702	0.821337	-3	right
chr3	136340991	136347393	c2218bee-4906-473f-83db-17f5a82f8502	136335503	136347405	fwd	6402	1010	5070	0	0.554348	0.042524	0.694787	-3	right
chr3	139294200	139302048	76457a8e-c25e-4ef0-b61b-f8a2ec83af98	139288845	139305103	fwd	7848	1852	5686	0	0.509677	0	0.849057	-3	right
chr3	139594544	139600217	22d516b4-8530-414b-8c0a-b2636222b070	139593820	139601767	fwd	5673	1811	3450	0	0.693827	0.017946	0.911266	-3	right
chr3	141802752	141820236	918ac13b-fd21-4c8b-8a6f-0234f5a2010f	141802747	141822820	fwd	17484	2278	12899	0.042435	0.832103	0.040863	0.80647	-3	right
chr3	141882183	141892960	0dab8b7a-71ea-44df-8ad8-c7b8ea4d9641	141880270	141892966	fwd	10777	7143	2359	0.010835	0.849661	0.027251	0.85782	-3	right
chr3	143916488	143921960	039bacc8-e6fd-40fa-8963-70d4ec177fc8	143912521	143922232	fwd	5472	1515	3522	0	0.595978	0.050865	0.785351	-3	right
chr3	144003293	144008593	ed01e36a-023e-437a-be25-0139fe9c1c82	144001054	144014875	fwd	5300	3001	1409	0	0.908359	0.051852	0.790123	-1	right
chr3	148226764	148231694	7f212aa1-404c-4dd5-85c2-464a98d16c02	148221929	148239021	fwd	4930	1426	3206	0	0.603524	0.001079	0.815534	-3	right
chr3	151878468	151885300	5ba56bf4-9adc-4a30-b202-a86eb042ac8e	151876212	151885305	rev	6832	3295	3168	0	0.748652	0.042842	0.874608	-3	right
chr3	152309965	152327275	17634b6f-7e8f-4a34-a14f-d48d5f064de8	152293838	152327285	rev	17310	2570	11846	0.002649	0.85298	0.016929	0.778141	-3	right
chr3	153434978	153442501	3cc0039b-4b83-4b64-a4a9-b0dcf0f02978	153428414	153444104	rev	7523	2496	3724	0.004274	0.893162	0.007366	0.822284	-3	right
chr3	158135333	158142789	8194029d-380c-4a59-a1d0-5d6cddb5a93f	158135324	158143649	rev	7456	1344	4040	0.042735	0.891738	0.005576	0.932156	-3	right
chr3	160291668	160300150	fef4a000-d836-4a1f-a141-0187fe1af06b	160287635	160300155	rev	8482	3331	4581	0.060803	0.687296	0.044492	0.839689	-3	right
chr3	161529598	161536546	8ba4a8ea-b705-425e-83e2-e5caf721a85f	161524960	161539352	fwd	6948	3937	2734	0.019481	0.484578	0.017316	0.821429	-3	right
chr3	165386895	165393275	c946c2d7-30d1-416d-93d7-0516732cb107	165375699	165393287	rev	6380	1461	4689	0	0.627859	0.013158	0.907121	-3	right
chr3	167627005	167630662	bf6c03e8-6b77-4798-957c-da469e4ae69f	167624782	167630668	rev	3657	1601	1711	0.010288	0.526749	0.00188	0.757519	-3	right
chr3	168262231	168273825	15983a19-017e-41e4-af3f-c624cf2a637b	168261834	168273830	rev	11594	2221	6659	0.028401	0.653214	0.005701	0.896437	-3	right
chr3	168705672	168715123	4a54cdf5-fbb9-4736-b6d9-92b105fc9d11	168699667	168715130	fwd	9451	1143	8038	0.060109	0.631148	0.011197	0.844402	-3	right
chr3	176043219	176046837	a21df91d-df9d-48a7-8cab-c5b238984760	176035173	176046842	rev	3618	1216	1764	0.042714	0.351759	0.001949	0.576998	-3	right
chr3	177660987	177670597	9dea5528-9341-44c1-a9cf-189f386f1a54	177660979	177674587	rev	9610	1828	6375	0	0.721763	0.036639	0.796589	-3	right
chr3	178765792	178772502	cbec0b5e-67f1-40c0-a5b1-be9018722a3d	178765787	178784284	fwd	6710	1481	3674	0.051724	0.678879	0.00095	0.879392	-3	right
chr3	178959912	178963477	badfda65-a82a-472b-8dda-a7f5553cfb50	178957061	178969490	fwd	3565	1883	1433	0	0.726277	0	0.907449	-1	right
chr3	179999665	180007550	850975e3-b01d-419f-b5aa-4594085ad7b7	179999654	180007554	rev	7885	3839	3170	0.07027	0.778378	0.036286	0.815368	-3	right
chr3	180038626	180041960	f3f6bf61-7a87-4eb4-a9cf-56831985c74d	180032157	180041966	rev	3334	1598	1374	0.066532	0.574597	0.011494	0.810345	-3	right
chr3	180371224	180381424	7f277a95-19f3-4f10-b6b5-be60b947a9e8	180366238	180381429	fwd	10200	3552	4673	0.003686	0.878378	0.025965	0.826232	-3	right
chr3	181881814	181890036	3330c194-80df-43c2-9d18-270ebd8443b9	181877524	181890040	rev	8222	3172	4764	0.0058	0.74826	0.004598	0.822222	-3	right
chr3	181890503	181894256	76596cb7-86df-4a21-8ab3-37e0e0b255d3	181884985	181894262	fwd	3753	566	2901	0.077381	0.892857	0.033149	0.872928	-3	right
chr3	182529963	182534844	0acc3889-04ca-4dba-a146-46e3f326247b	182507229	182534927	fwd	4881	1511	2973	0	0.32948	0.00495	0.658416	-3	right
chr3	182980537	182987791	0a10d724-6a01-4065-a890-45b82dceb200	182977284	182987797	fwd	7254	1109	5257	0.053763	0.55914	0.032593	0.82	-3	right
chr3	183511873	183517416	44c40c90-2797-4635-a743-9cc80dd965cf	183502882	183522236	rev	5543	1929	1522	0.010676	0.642349	0	0.907928	-1	right
chr3	183661018	183665692	fd3b7b87-4944-49cb-b512-53efb8d0b5dd	183660786	183676651	fwd	4674	1071	1425	0	0.426332	0.002183	0.954148	-3	right
chr3	190749835	190756950	540ba8c5-e27c-498d-814d-652dd730516f	190749831	190761663	fwd	7115	2620	4258	0.002601	0.776333	0.006703	0.803169	-3	right
chr4	1096876	1106248	b5c3b73b-471b-45fc-a25e-b0e12f0a6eb7	1093878	1106871	fwd	9372	2912	4646	0	0.877127	0.027888	0.778884	-3	right
chr4	2859475	2872041	e65dd7a9-f3ff-4957-a2a8-07136c8f4387	2859464	2872178	fwd	12566	2751	9594	0.006297	0.919395	0.050924	0.816882	-3	right
chr4	2963676	2967554	dbc69d67-6e44-4fe5-9cbf-c0bc9dfb6dda	2954228	2967563	fwd	3878	1596	1971	0.00578	0.656069	0.007491	0.876404	-3	right
chr4	3131171	3148392	573108bb-902b-4da6-b1ef-d212ccdeed8d	3131167	3149592	fwd	17221	1400	15388	0.078947	0.76555	0.005577	0.83269	-3	right
chr4	3899203	3905606	68b2846b-6e33-4ef1-8697-542afb507432	3897244	3908009	rev	6403	1175	4817	0	0.395498	0.003759	0.715038	-3	right
chr4	4565917	4575939	04192f21-0ffc-4a93-9f9c-8a3fbce23801	4565911	4575944	fwd	10022	3889	5674	0.03854	0.906694	0.066269	0.905898	-3	right
chr4	4596160	4602951	249bba20-ec61-449c-b561-89130235e73c	4593631	4602957	fwd	6791	3279	3128	0.003695	0.73399	0.052693	0.736534	-3	right
chr4	21231804	21238974	4f71d025-7817-4a8d-878e-0e1d76b4894f	21229475	21240617	fwd	7170	1437	3826	0	0.665842	0	0.912121	-3	right
chr4	22992759	23001355	bfa1207e-df18-44a1-9a10-69f3b0f9c17a	22984207	23002864	fwd	8596	1152	5730	0.022161	0.479224	0.002527	0.681152	-3	right
chr4	23287492	23293250	8d064e3a-dd2e-464b-805b-1b8ceb4bd7fd	23284667	23293259	rev	5758	2593	2278	0.009371	0.890228	0.135053	0.732929	-3	right
chr4	24497016	24502413	9574f12e-cd00-4b59-94f5-079c6cdb6854	24487332	24504489	rev	5397	2027	3090	0	0.649728	0.03592	0.693966	-3	right
chr4	25608367	25616519	fa98d21e-2ccb-40f4-b505-74b2aad6358d	25608359	25616523	rev	8152	2462	4450	0.065649	0.821374	0.076923	0.721154	-3	right
chr4	29391305	29400515	e4b1233f-367f-4491-8e78-2122f44b8319	29389252	29401117	fwd	9210	1801	7192	0	0.686869	0.010796	0.793972	-3	right
chr4	29849655	29852481	5c47bad2-f9bb-43f3-9933-f3d32958c5ed	29841651	29861766	rev	2826	1264	1201	0	0.376812	0	0.569975	0.241642	right
chr4	30769106	30775839	49cbc7ee-8098-418a-b576-18bf3fcd6b71	30768360	30775845	fwd	6733	3510	2161	0.011515	0.780337	0.146685	0.781382	-3	right
chr4	37885234	37890958	89423576-c8ae-4d56-880a-c83828f99e98	37879513	37890963	fwd	5724	2386	3084	0	0.637807	0.007174	0.898135	-3	right
chr4	38604926	38610913	e1b43c1c-6d13-4462-8496-35a3c8161aec	38599254	38611142	fwd	5987	3696	2068	0.012725	0.711559	0.030181	0.774648	-3	right
chr4	42066454	42072201	7a4fbc9f-8bf5-450c-9bb5-1e1fc8727e88	42058995	42073000	rev	5747	2885	2355	0	0.582071	0.071848	0.659824	-3	right
chr4	43576200	43586573	30e30bf2-44c1-4cb0-aaf9-990f5c4c28c4	43573255	43589917	rev	10373	1559	7782	0.006678	0.601002	0.019992	0.837797	-3	right
chr4	52232324	52237318	e3d50fed-7864-4707-90a5-6254089c9ae0	52224241	52237323	rev	4994	2405	2233	0	0.527132	0.04271	0.659794	-3	right
chr4	56241444	56250040	2291dec6-446a-490d-b672-757ec7eab4cd	56240497	56250467	rev	8596	3472	3235	0.009424	0.732984	0.015152	0.930556	-3	right
chr4	67822755	67830200	f17f290a-ceab-467a-abdf-00eb507f36c5	67815215	67830206	fwd	7445	1795	4573	0	0.577513	0.034014	0.833711	-3	right
chr4	72822476	72828525	d75b5efb-dd7c-4378-b668-3aad12c5f1a9	72817152	72828530	rev	6049	1698	4072	0.001815	0.46824	0	0.90309	-3	right
chr4	80332872	80338185	d8eb2b14-5d63-4f62-bf4f-a596459a4e9f	80327130	80338196	rev	5313	1798	3198	0.046602	0.570874	0.05731	0.716959	-3	right
chr4	97206672	97211012	fb50f27e-25ba-4165-9803-b341ec27d66a	97206483	97211496	rev	4340	1920	2149	0	0.519355	0.020468	0.842105	-3	right
chr4	97380654	97387956	e8dac508-9be0-4b2f-85ee-bf2c3c74ee7a	97378050	97387963	fwd	7302	2885	3693	0.071625	0.684573	0.050532	0.828901	-3	right
chr4	105706474	105713508	6d19f353-7455-4287-aaa1-aa17659cf380	105693186	105713513	fwd	7034	1767	4998	0.012545	0.582437	0	0.790344	-3	right
chr4	109413862	109420690	fdcd93cd-8c10-40ac-be24-fb689bb812d7	109397787	109420699	rev	6828	1512	3691	0.032854	0.854209	0.060362	0.84507	-3	right
chr4	114145428	114149913	626715a5-8349-49f2-b3a5-4e1f40c0be7a	114145233	114154605	rev	4485	2240	1982	0.012442	0.611198	0.007042	0.91784	-1	right
chr4	116421764	116431618	0e09249d-c739-4d27-ba26-687e4958757e	116420510	116434574	rev	9854	3326	5596	0.061525	0.62305	0.01125	0.910625	-3	right
chr4	119509172	119516249	9154eda4-0cc8-4fd1-a838-f3ee7caaa146	119505051	119516255	rev	7077	4293	2524	0	0.538695	0.04755	0.818444	-3	right
chr4	122740889	122746805	39b9cc70-699a-4f9a-851c-9fc4379a131d	122736787	122746829	fwd	5916	3777	1875	0.005561	0.850788	0.024209	0.81378	-3	right
chr4	128317680	128322267	de7486e6-6e21-4718-acf3-9f3e922b364f	128304632	128322524	fwd	4587	2083	2311	0	0.634868	0	0.699015	-3	right
chr4	130907053	130917336	ffa36b3c-7d37-4bdb-8479-3919818afb2a	130903766	130917342	fwd	10283	1081	8968	0.004016	0.702811	0.046131	0.888485	-3	right
chr4	139738217	139748381	849e3450-8969-4915-9f6e-7d66a8f6b940	139738212	139752529	rev	10164	3391	6449	0	0.560043	0.049325	0.753376	-3	right
chr4	166588212	166593341	4cd366bc-441a-466b-8402-be609cab59b2	166582948	166593352	rev	5129	2009	2191	0.017513	0.718039	0.071429	0.692722	-3	right
chr4	179577374	179581453	257fde22-01ea-4630-9d0b-948eb1dca3b4	179570508	179581458	rev	4079	1522	2234	0.031484	0.352324	0.005952	0.885417	-3	right
chr4	185929164	185935754	27614380-5a23-42ba-8e6e-e3b27a109cd4	185922014	185948271	fwd	6590	2498	3750	0.014306	0.65093	0.006243	0.715921	0.660939	right
chr5	1558434	1563185	3ede427c-b357-478b-bd90-aa3b75b76aa7	1540580	1566326	fwd	4751	2479	1946	0	0.514683	0	0.661728	-3	right
chr5	2023117	2034532	5ac92fb4-4a49-4afe-8ca7-e78c94670750	2022177	2036498	rev	11415	3769	6866	0.019886	0.33428	0.011721	0.864281	-3	right
chr5	5161582	5165728	db746a90-ec5c-42b7-8054-fbd667a3a557	5159059	5165738	fwd	4146	951	2929	0.081356	0.850847	0.072816	0.870146	-3	right
chr5	7395711	7404787	3d2d6df9-7298-49c9-afaf-7f99c602cd2a	7386295	7404792	fwd	9076	5342	3456	0.02594	0.254215	0.017937	0.840359	-3	right
chr5	8402084	8409990	fbc284f6-dacb-4068-9e4f-9fad5a941320	8401934	8424930	rev	7906	4230	3428	0.044424	0.591115	0.025432	0.791455	-1	right
chr5	9471680	9482590	9fdc347d-07a9-4995-8551-a18909406c6b	9470844	9482640	fwd	10910	2551	7560	0.033094	0.608633	0.058534	0.705853	-3	right
chr5	11691466	11698481	82b4e768-862f-415a-9acc-992b813c27f8	11691054	11699166	fwd	7015	2390	3915	0.009777	0.719274	0.049738	0.667539	-3	right
chr5	17426454	17440488	a2d75382-f12a-4ab9-b612-a1af7a625423	17426390	17440547	fwd	14034	4357	7259	0.004032	0.781452	0.015406	0.895892	-3	right
chr5	21045563	21053719	48fe261c-9f13-4e49-8d38-23aedc2635e0	21040093	21053733	rev	8156	1846	5471	0.052805	0.534653	0.005066	0.78974	-3	right
chr5	23081633	23088574	32b81a85-65ae-4274-a58f-329bd3a018bc	23077369	23089374	rev	6941	1486	5127	0	0.442553	0.009366	0.806196	-3	right
chr5	23386718	23394479	6babc3c7-0aac-46c3-82cb-936eb0c69ac4	23385850	23395815	fwd	7761	1545	2802	0	0.703896	0.009879	0.91438	-3	right
chr5	32865744	32871994	0bfa1282-93c2-4491-abb2-cd1135c5701f	32862529	32875930	rev	6250	2080	3751	0.003311	0.708609	0.051257	0.552224	-3	right
chr5	38044272	38047044	6541cb19-5be3-4c19-b65f-4ad2f5583570	38034315	38047048	rev	2772	1299	1098	0	0.639566	0.030418	0.604563	-3	right
chr5	40821685	40834702	c182a6dc-c325-4299-9ff3-55305185102e	40817989	40837817	rev	13017	4295	8286	0	0.710145	0.095611	0.768362	-3	right
chr5	43506083	43509876	d824e846-5320-41bb-8244-73fd229cae02	43496965	43511589	fwd	3793	2203	1183	0.003333	0.59	0.16568	0.698225	-3	right
chr5	43683118	43689250	e11657e6-0473-446e-abf2-cd733773db06	43683111	43698546	rev	6132	3262	2602	0.002167	0.92416	0.001366	0.953552	-1	right
chr5	44136072	44143497	4967b443-42e6-45b4-98ee-1b3806cb7509	44134376	44143501	rev	7425	3647	3137	0.006897	0.673563	0.105263	0.730263	-3	right
chr5	44566602	44570283	74e421a8-7c21-4497-b0e2-d9d7faeed846	44560575	44570293	fwd	3681	1513	1337	0.04321	0.514403	0.010811	0.775676	-3	right
chr5	44762971	44770704	a1b8db74-97a4-472f-a153-e4d636ca6d18	44760717	44770714	rev	7733	1486	4120	0.014151	0.620283	0.029435	0.845856	-3	right
chr5	45799130	45807364	cd2d832f-d0c9-4293-a398-5419acaf9630	45799024	45808243	rev	8234	3289	4660	0	0.544304	0.032617	0.804296	-3	right
chr5	56131480	56154263	f4c43f90-127f-472c-85c4-70a6cf62874b	56131475	56154300	rev	22783	1238	20733	0	0.827434	0.072005	0.795063	-3	right
chr5	57442205	57446452	b1eb8ea8-56d8-4a4b-89ee-8942a484d5f5	57437354	57446456	rev	4247	1950	2049	0	0.69011	0.010204	0.787755	-3	right
chr5	62902822	62911014	b6565b15-5b49-4da2-a322-d8c4929146b0	62896411	62916996	rev	8192	2005	5021	0.039568	0.688849	0.030007	0.843685	-3	right
chr5	66302062	66310819	c096c19f-459f-4b08-b532-4835356b0632	66302043	66311337	fwd	8757	1040	6006	0.189655	0.744828	0.043036	0.8685	-3	right
chr5	66564506	66570370	73976fcd-8978-4a7c-8ff4-3cbac6f34eae	66555747	66570376	fwd	5864	2524	1785	0.01039	0.597403	0.052854	0.780127	-3	right
chr5	74833146	74840555	f0c86dee-4680-46c4-bc46-457b970d26f9	74827594	74841282	rev	7409	3734	3022	0.047038	0.568815	0.041304	0.733696	-3	right
chr5	78131280	78144989	abc0977c-e70f-4059-b53e-cf6181b8bb70	78128541	78145000	fwd	13709	1004	11027	0	0.581121	0.125326	0.607096	-3	right
chr5	79601126	79606598	57d82b06-de79-4ffc-9e3a-864bffd9fc8c	79590615	79606602	rev	5472	3175	2010	0.001205	0.554217	0	0.84689	-3	right
chr5	86050755	86075855	21acd486-80b0-489d-b838-842988f1e112	86047771	86075859	rev	25100	2658	21257	0.021152	0.521739	0.018227	0.855206	-3	right
chr5	97477284	97483070	64894101-914b-4ea5-a572-3faa08e160f4	97470126	97492511	fwd	5786	2289	2660	0.007439	0.648247	0.028481	0.804852	0.021448	right
chr5	97505789	97513073	3d02a276-7e70-489b-81e6-0c34a1633a21	97499255	97514330	fwd	7284	1917	2836	0.077475	0.555237	0.001164	0.877765	-3	right
chr5	99618568	99627468	2c7eaad5-c2ca-42a8-9fd7-78a274117f27	99617667	99627814	fwd	8900	2439	5213	0.007712	0.713368	0.009032	0.827396	-3	right
chr5	101441369	101449780	6de0647a-2610-4ebd-9ad9-0c7bfbc41a1f	101439801	101449785	rev	8411	1193	6344	0.012887	0.46134	0.005248	0.848607	-3	right
chr5	105092180	105098339	8d911fe8-229a-44c6-86be-38fa30b453c5	105092172	105098347	fwd	6159	3570	1434	0.03317	0.452088	0.094431	0.772397	-3	right
chr5	107720672	107725317	a7ad0eab-347f-49e4-a71e-2c657698918c	107716042	107725321	rev	4645	1424	2921	0.066667	0.540351	0.061553	0.673295	-3	right
chr5	108001508	108008112	4d5a82f4-2fd3-4c26-9dd7-8091149912c4	108001504	108025011	fwd	6604	3752	2540	0.004044	0.547017	0.013986	0.846154	-3	right
chr5	110450205	110458902	3ff68f4e-0275-416a-80ac-b291e465ada4	110446894	110458909	rev	8697	3923	3173	0	0.797309	0.049046	0.7802	-3	right
chr5	119909467	119912074	87fbb287-482b-4be9-988d-b23d6a26b680	119899643	119912079	fwd	2607	1067	1286	0.069915	0.504237	0	0.780876	-3	right
chr5	127993712	127997733	0e3d56aa-45dd-4740-9308-46e5ae1cc9c7	127984607	127997739	rev	4021	2000	1599	0	0.654362	0.062099	0.770878	-3	right
chr5	137867341	137869899	8cbe7451-e494-4c5c-ae6b-8030bb6cc10a	137856316	137869907	fwd	2558	1130	1169	0.018072	0.478916	0.035616	0.59726	-3	right
chr5	144696708	144703186	5e74a250-eb24-4235-a1b6-87a273db0f00	144695029	144703190	rev	6478	4223	1860	0.041558	0.677922	0.047985	0.873321	-3	right
chr5	144963159	144968909	86fd0ae0-d488-48b7-84c4-ee45b7c04030	144959123	144968925	fwd	5750	1150	4244	0.053371	0.477528	0.007085	0.823887	-3	right
chr5	151801609	151807944	cc833c78-00b9-44fe-9795-031f01e43aeb	151797037	151810537	rev	6335	1306	3559	0	0.334395	0.010471	0.628272	-3	right
chr5	153601436	153604061	43768f4f-0e81-4822-a309-d9cefb3105f7	153601431	153610893	rev	2625	1661	704	0.045643	0.883817	0.009615	0.899038	-1	right
chr5	158259948	158273276	329e2802-0e3d-40de-aa31-560921b2fe50	158254186	158273705	fwd	13328	2855	9914	0.005701	0.359179	0.011807	0.791735	-3	right
chr5	161071153	161074493	26769cf5-37c7-4430-a9fa-ad43962050e7	161068295	161074498	fwd	3340	1837	1241	0.029155	0.586006	0.004444	0.835556	-3	right
chr5	161149124	161160356	4750599b-1a6b-4329-9438-a10060bc27b6	161141032	161160897	fwd	11232	1524	9448	0	0.72967	0.029951	0.921003	-3	right
chr5	161902381	161907894	7ab1cf4c-632b-47d7-8a29-d5726320c32f	161897106	161907899	rev	5513	2709	2135	0.035162	0.448664	0.054286	0.67	-3	right
chr5	168811422	168820881	de6f411f-9bc6-46df-9a48-01510b802753	168804089	168838554	fwd	9459	2926	6282	0	0.936288	0.126777	0.663507	0.332603	right
chr5	169229016	169234011	28a5102c-f2df-4ff7-b070-147fbdd9ab4d	169221942	169242473	fwd	4995	1670	3006	0	0.497817	0.002022	0.719919	0.946158	right
chr5	172028327	172040608	61ec6a8f-2710-4368-ae67-6b2d40b61230	172024493	172043386	fwd	12281	4950	6019	0.012696	0.658701	0.066707	0.759014	-3	right
chr5	175000861	175007887	9d7dea67-f276-4774-bff4-17cc0133e240	174997400	175008815	rev	7026	2008	4734	0.00969	0.622093	0.045899	0.729872	-3	right
chr6	1616077	1624006	dba1cc21-0f1d-4122-9d62-2683f8729544	1616071	1624026	fwd	7929	1226	5418	0	0.804795	0.027619	0.872381	-3	right
chr6	3956796	3962481	b3f6a9e1-95a4-41c6-881c-e1dc6972a37f	3955904	3964261	fwd	5685	1558	3867	0	0.543779	0.007944	0.907646	-3	right
chr6	7973179	7979508	d35dfb4b-2686-4947-8f92-6b85fe07baf7	7970317	7979512	rev	6329	3322	2284	0	0.616745	0.084095	0.601463	-3	right
chr6	7983863	7992316	af8cbf08-ffb3-438f-bbb7-af79ce70c2f0	7979595	7992320	rev	8453	2156	5760	0.088235	0.685662	0.011273	0.84748	-3	right
chr6	9583107	9589639	f020490c-f89e-49a7-bfc8-3ffbb7bb4cc0	9574356	9589644	rev	6532	1315	4868	0	0.522727	0.023706	0.720524	-3	right
chr6	10631541	10639530	e5609f76-c76e-42f3-a610-c75a086ffaea	10626855	10639535	fwd	7989	2502	4789	0.059545	0.590193	0.05397	0.784739	-3	right
chr6	18181768	18186665	242d804a-4ca2-499e-8a7b-cce942b26972	18175847	18186670	rev	4897	1883	1475	0	0.564732	0.043605	0.819767	-3	right
chr6	19277074	19283627	506417a4-e2f0-4d49-a504-c3233fefbabd	19277063	19285492	fwd	6553	1144	5139	0.010453	0.832753	0.033435	0.761094	-3	right
chr6	20741318	20752745	deed7f8c-bafa-40ec-aec9-c012b3dea540	20738475	20752753	rev	11427	4606	4011	0	0.925	0.104228	0.747296	-3	right
chr6	22371929	22377696	70fcf34b-f1ab-4afb-9ea5-91831ef2585a	22368438	22384988	rev	5767	1778	3690	0.014989	0.610278	0.063898	0.659212	-3	right
chr6	25374768	25380400	45200a29-d19c-4770-8d13-f90cd6655017	25370094	25380408	rev	5632	2431	2699	0.047259	0.540643	0.034537	0.651491	-3	right
chr6	27168169	27176804	2ec7d11d-5772-4464-a828-e6a1b6c9343c	27159840	27179817	rev	8635	720	5664	0	0.494737	0.004654	0.847074	-3	right
chr6	37593206	37598355	f39f5425-850f-4e89-b046-1ef10308c438	37593199	37598361	fwd	5149	1642	3228	0.042169	0.885542	0.033854	0.885417	-3	right
chr6	39410443	39416006	91240975-c284-4db5-bdd4-4ceb71a5c4c4	39398265	39416010	rev	5563	1714	3507	0.006237	0.405405	0.006322	0.613277	-3	right
chr6	49408704	49414271	84f0de36-50db-49f8-a2a1-b3c63ca66558	49406882	49418787	rev	5567	1010	4247	0	0.571942	0.028505	0.85131	-3	right
chr6	50158674	50164963	7d792f2a-1382-4d08-8916-a3a2b06e8c26	50156948	50164975	rev	6289	2072	3859	0.002907	0.353198	0	0.857807	-3	right
chr6	52769004	52775592	d1e6f015-bd3f-44fc-b6be-7cd8055fa16b	52766060	52775596	rev	6588	2314	3997	0	0.558872	0.001264	0.743363	-3	right
chr6	54540183	54550375	cda565f5-53f9-4191-99d3-1a89536a5153	54539027	54551282	fwd	10192	1984	7961	0.015025	0.741235	0.010356	0.914049	-3	right
chr6	54693956	54697533	67c0b184-ee83-48ea-ab53-c8212e07f77c	54686071	54697539	rev	3577	1750	1178	0.039326	0.505618	0.02957	0.612903	-3	right
chr6	60571719	60575707	8dc16012-c041-4944-89d4-ebba6a5cc98c	60568591	60579405	fwd	3988	1533	1998	0.022222	0.433333	0.007055	0.582011	-3	right
chr6	60772664	60782746	7a041c09-3f57-4fd7-95c8-46872b6205d6	60770385	60784159	fwd	10082	4369	5431	0.015771	0.651613	0.003708	0.792954	-3	right
chr6	61879006	61886209	9afd8b84-4233-49cd-b467-026a50a36924	61877730	61889589	fwd	7203	3417	2774	0	0.684803	0	0.908565	-3	right
chr6	67002898	67007501	0c0f80e6-e35b-4bb5-aedf-560b245aaedf	66991458	67008582	rev	4603	2063	2267	0.009036	0.40512	0.019789	0.78628	-3	right
chr6	67971132	67984080	f6eb8f08-cc0f-42dd-96cb-4a816c359b55	67971127	67985617	rev	12948	3861	4931	0.032581	0.820384	0	0.914723	-3	right
chr6	68526769	68541264	c42e1f23-7d60-4a58-b0be-44a2715b8e08	68526764	68541998	rev	14495	1176	11298	0	0.943966	0.010327	0.909294	-3	right
chr6	71149193	71156770	bbfc8384-3204-44ae-ad24-99dd723c9fba	71144413	71156775	rev	7577	3065	4198	0	0.677337	0.020636	0.819433	-3	right
chr6	73484425	73488798	9b96e81b-56c5-402b-a4ec-5a8c07923a59	73482485	73488809	fwd	4373	2974	1084	0.002448	0.789474	0.018072	0.792169	-3	right
chr6	76221638	76229038	519830b3-68fd-482a-bdbb-03d428c3331c	76217110	76229047	fwd	7400	2454	4555	0.027919	0.595178	0.012283	0.753613	-3	right
chr6	82807328	82816760	13c87076-bd0a-4dea-b57c-257435a11e32	82807306	82816764	rev	9432	1741	7370	0	0.882166	0.004852	0.833701	-3	right
chr6	86151892	86160345	852c59de-a7f2-4f0c-8f6a-539e8b8b295f	86147248	86160352	rev	8453	3962	4069	0.00553	0.446083	0.029863	0.757869	-3	right
chr6	86429841	86442308	980be5e3-9d02-450d-abc5-13d97230a16e	86413093	86442313	fwd	12467	7936	3040	0.004312	0.318639	0.036789	0.616499	-3	right
chr6	90759279	90769027	b7f1c3b8-08ec-4949-98e4-d746c6f471cc	90756615	90769033	fwd	9748	4747	4410	0.004392	0.672767	0.022355	0.850969	-3	right
chr6	97148394	97155843	2adcf72d-f0f2-4179-bc28-2a035aaa7f69	97148390	97155853	fwd	7449	3836	3371	0.009786	0.863879	0.018961	0.892003	-3	right
chr6	109532131	109539949	0c08bb82-47fe-4dbd-93c2-c94ae953ac81	109528686	109541289	rev	7818	2762	3673	0.026774	0.651941	0.002882	0.891931	-3	right
chr6	111716278	111725301	a5b67ad8-75af-4120-ac09-62592c840f22	111716272	111726743	fwd	9023	3093	3704	0.014201	0.884024	0.006445	0.902256	-3	right
chr6	118474351	118481272	8acf3a89-df1c-4d51-a608-2aacb0b22030	118473517	118481277	fwd	6921	3060	3508	0.002294	0.582569	0.043594	0.816726	-3	right
chr6	119574382	119580285	65a014bd-1b31-4144-bc3c-1a7cbb4e7c93	119571963	119580290	rev	5903	3282	2351	0.006108	0.733857	0.033498	0.776355	-3	right
chr6	119830904	119838020	b6eec912-b3d9-4802-89a1-78d6716b3c1b	119830579	119840691	fwd	7116	1527	4379	0.04388	0.639723	0	0.954182	-3	right
chr6	121739909	121749469	3792c4a9-55cb-4a09-bb2e-689108fffbe3	121738637	121751187	rev	9560	2560	6756	0.017544	0.735589	0.039256	0.850723	-3	right
chr6	125997596	126004908	f6a1d6bc-619f-49a5-b1ae-b49ef03c1f88	125994030	126005633	fwd	7312	1666	2966	0.021401	0.624514	0.014311	0.897138	-3	right
chr6	132212303	132218076	b06c3042-e8ab-4638-bb52-a54a6b308c31	132211608	132218086	fwd	5773	2090	3402	0	0.659401	0.002836	0.916824	-3	right
chr6	133461388	133466009	1b73fd2e-02ab-4bc2-9775-b069eb9334e3	133455877	133466024	fwd	4621	1603	2666	0.007605	0.657795	0.030172	0.724138	-3	right
chr6	134131186	134142809	32488253-4493-44ea-be27-92172514ab4b	134128955	134142962	rev	11623	2569	8834	0.008264	0.714876	0.02155	0.794707	-3	right
chr6	136979370	136986848	1e65f6ea-de41-4dc2-800b-1266cf73ca14	136979350	136988365	rev	7478	2622	3178	0.022284	0.922006	0.024494	0.863685	-3	right
chr6	137813331	137821051	e411ebc9-6418-4a75-a7f8-9b274d3646cf	137800041	137821058	fwd	7720	3794	3585	0	0.478533	0.017778	0.608889	-3	right
chr6	164180299	164186292	2eb67af9-5f28-4a69-b853-6eec3919f446	164175476	164186368	fwd	5993	3426	1712	0.027749	0.662898	0.03527	0.70332	-3	right
chr6	166998607	167009444	3ca6b736-8090-4290-b87a-2588cbfec943	166997068	167009457	rev	10837	3537	6930	0.001517	0.822458	0.044586	0.815287	-3	right
chr6	170637915	170646126	1f9a3edb-4d3b-4e9b-80bb-fbce94da07ac	170637911	170649249	fwd	8211	1328	6594	0.007853	0.89267	0.015631	0.781571	-3	right
chr7	870749	878395	0bbafe77-83fe-40bb-a1c8-ad8772a0fff8	862965	885061	fwd	7646	2823	4333	0.020645	0.619355	0.082166	0.656396	-1	right
chr7	12088947	12096251	399b88f0-ba11-4892-b8fe-e2a26d315ce4	12088936	12098803	fwd	7304	2821	2968	0.061842	0.839474	0.016279	0.902326	-3	right
chr7	22946195	22951037	7f0818ae-5803-4f32-a1a5-80cf0b920347	22940463	22952655	fwd	4842	1996	2629	0	0.671593	0	0.678804	-3	right
chr7	23457315	23464310	c343638f-e325-4074-9b3e-28cafc9a877a	23449518	23464320	fwd	6995	1415	1361	0	0.233696	0.125698	0.648045	-3	right
chr7	25224526	25229525	711aae67-8b59-4419-aa86-660fe1910a75	25219341	25229529	rev	4999	2794	1917	0.015873	0.624339	0.050167	0.652174	-3	right
chr7	37785488	37792071	a43f05c6-6fc2-4d9a-99cd-cd5060815eb1	37783778	37792077	rev	6583	1869	4469	0.013913	0.636522	0.003289	0.834211	-3	right
chr7	41417614	41424833	34b1fa79-8ae2-41ff-a3d2-2238af9fe6ad	41413791	41424839	fwd	7219	1027	4912	0	0.48494	0	0.868939	-3	right
chr7	45347326	45356045	d4f3d74e-a921-4b43-b1f1-1d640bf74067	45344554	45356196	fwd	8719	4420	3053	0.031056	0.417924	0.028169	0.630986	-3	right
chr7	45421766	45430055	ffd13fc4-9988-4e67-b5e8-1dd604470d96	45420327	45431160	rev	8289	1564	3554	0.015957	0.619681	0	0.91256	-3	right
chr7	45757372	45761038	ae443d83-497a-4d6b-83c1-8a602ef5944f	45749278	45761045	rev	3666	2100	1240	0	0.598667	0	0.873479	-3	right
chr7	50974451	50982072	a061fd5e-7fa1-4140-a6fe-76965ce5cf64	50969141	50989649	fwd	7621	1255	6075	0.08	0.344	0.017504	0.774139	-3	right
chr7	52093854	52103652	08eb62ce-329b-465a-9505-52e394077748	52093849	52107251	fwd	9798	2510	7073	0	0.761755	0.000504	0.942569	-3	right
chr7	66442318	66453949	6c4b2c77-311f-468b-b913-4445f4b0e464	66440791	66453965	fwd	11631	1187	8481	0	0.328467	0.040286	0.672337	-3	right
chr7	68064650	68073995	8748cb42-786b-4404-b3ce-09e8428bc6b7	68062538	68076999	rev	9345	2613	4771	0	0.725968	0.005172	0.82069	-3	right
chr7	69851470	69859935	006e36ad-2490-48e4-9266-2a4b1537527b	69849289	69859944	rev	8465	3684	4401	0.049107	0.659598	0.004429	0.90434	-3	right
chr7	73581342	73587373	d97db9d3-ad4d-4d40-87b2-b7291803b11f	73580112	73588745	rev	6031	1089	4596	0	0.52862	0.019558	0.809524	-3	right
chr7	74478006	74482367	2b6b73f7-f87b-4570-b00c-84c9f1a7722d	74474838	74485345	rev	4361	1864	2115	0.005714	0.42	0.066158	0.659033	-3	right
chr7	74724810	74729639	d02c98db-d013-4e85-815d-b7a610f697e6	74722668	74732021	rev	4829	2720	1745	0	0.490741	0.06135	0.707566	-3	right
chr7	76957592	76966809	372a5238-0537-46b3-a1bf-240155271155	76943354	76966816	fwd	9217	3886	2234	0.009534	0.71822	0.042945	0.697853	-3	right
chr7	78430155	78438140	9130e68f-4e55-4800-98e2-52b0fe6c9d17	78421576	78438446	fwd	7985	1451	5224	0	0.335484	0.019341	0.723496	-3	right
chr7	86862569	86867892	fdc92eee-2312-43b1-ae3f-63b29b30ad8f	86855472	86867909	fwd	5323	1419	3619	0	0.639303	0.032686	0.719101	-3	right
chr7	94074870	94080246	4309683a-531d-4260-8c81-139ac1b381d3	94067676	94082547	rev	5376	2031	1500	0.062264	0.660377	0.008602	0.845161	-3	right
chr7	96149326	96159304	24dd5567-08ed-4f97-8abc-22e4cd313a97	96146199	96159308	rev	9978	1482	8205	0	0.556769	0.024187	0.694746	-3	right
chr7	100488183	100491706	38c61321-75a3-49e2-8db9-ce886dd942bf	100485202	100505488	fwd	3523	1030	2121	0.054422	0.401361	0.002475	0.433168	-3	right
chr7	100763476	100770781	7bf46b2c-bd11-4131-89eb-17e92283b92e	100758934	100779745	rev	7305	3602	3250	0.006766	0.7023	0.040435	0.751166	-3	right
chr7	104098657	104106719	ea8dc686-e690-445b-8884-a2531375d743	104084378	104106728	rev	8062	3597	1529	0.010776	0.592672	0.011792	0.830189	-3	right
chr7	105556296	105565381	ed6d4f43-e070-439f-9cac-f73f606db1cd	105556289	105565386	rev	9085	2598	5691	0.031285	0.727374	0.068707	0.847595	-3	right
chr7	106085629	106092354	0fa01102-d39d-45f3-9abe-0c701f19515d	106081416	106092364	fwd	6725	1760	4617	0.010571	0.54334	0	0.796238	-3	right
chr7	107111202	107117090	66e300a5-6c9b-4ef6-8058-ebf832284ce1	107103353	107117103	fwd	5888	1014	4640	0	0.467213	0.044863	0.692458	-3	right
chr7	109413200	109423188	1e7cc7c2-8e17-41c1-a321-d00644403dfe	109411269	109423193	fwd	9988	1904	5038	0	0.945378	0.024178	0.794971	-3	right
chr7	117051828	117062944	4a669271-c1e1-4f79-b853-ab3d3739a226	117051823	117062954	rev	11116	1099	8826	0.184049	0.720859	0.028627	0.905609	-3	right
chr7	117374751	117379809	19bd018d-3fc7-43be-86c9-d741dd1270ee	117366585	117379817	fwd	5058	3109	1621	0	0.542819	0.010707	0.847966	-3	right
chr7	117801663	117808780	56e8fbd5-5286-437b-8611-09d70689c6e1	117797063	117808787	fwd	7117	2302	4481	0	0.696113	0.012739	0.840764	-3	right
chr7	118408499	118416841	6dcb89ec-e154-4fd5-b298-3dc0d5877391	118404856	118416873	rev	8342	1697	4086	0	0.550373	0	0.867701	-3	right
chr7	119877986	119886058	7d36c0cb-d0e0-4eac-9eff-f92991a35daf	119877977	119886585	fwd	8072	4323	3049	0.003309	0.765095	0.066084	0.784257	-3	right
chr7	120012337	120020369	60bebd10-68fb-412b-a52d-9c1d6d2d56d2	120011832	120020374	fwd	8032	4039	3766	0.026428	0.54561	0.035088	0.800439	-3	right
chr7	120159033	120172173	181ab05a-544a-493c-965d-cf000ea33698	120153643	120177736	rev	13140	3297	9593	0	0.252101	0.004098	0.69076	-3	right
chr7	120901575	120905068	eb6c8c5c-aad0-414f-bac9-6b833c2adb3b	120892169	120905072	rev	3493	1781	1422	0.004213	0.494382	0.022414	0.727586	-3	right
chr7	121036829	121044691	0c2bc1ef-8961-491d-bb9e-2022d31d5708	121029086	121045028	rev	7862	3613	3882	0.002283	0.900685	0.051619	0.699913	-3	right
chr7	125183394	125191205	a33d0740-2901-4b49-869f-2aac5d278d9e	125183389	125191238	fwd	7811	4678	1972	0.006731	0.841436	0.082005	0.799544	-3	right
chr7	128525820	128533823	2ece47cd-d358-45e0-808f-84a7b8f21bac	128520831	128533833	rev	8003	2659	1672	0	0.307443	0.009732	0.734793	-3	right
chr7	129284746	129295610	737cd5c1-f178-49c2-a045-b3fe4310a695	129280878	129295615	rev	10864	1175	9430	0.006452	0.409677	0.036788	0.75356	-3	right
chr7	139308221	139312898	b7ba9126-155b-4848-a6b0-b3a4771e1bd7	139299690	139312904	rev	4677	1556	2651	0.049107	0.488839	0.020124	0.609907	-3	right
chr7	141574447	141584493	6644e9a7-411a-4f8f-8c63-fbb35301be71	141574225	141584500	rev	10046	3820	4439	0.073763	0.288515	0.066612	0.749178	-3	right
chr7	141973541	141982287	fd299951-4a2d-450f-bb5a-a69b1c78496d	141964025	141987435	rev	8746	3039	4834	0.003741	0.561097	0.035871	0.737533	-3	right
chr7	145078213	145091135	13dbc44e-e94c-4d84-871c-050e9416fce2	145072247	145091139	rev	12922	5053	3897	0.112731	0.684159	0.042065	0.859465	-3	right
chr7	145575802	145578909	75940020-e425-4185-9404-6621d4425617	145568197	145578914	fwd	3107	1281	1555	0	0.543103	0.007722	0.698842	-3	right
chr7	145582005	145593160	a1ef08fc-2733-4e44-a660-d2d33fd3279d	145581378	145593167	fwd	11155	2549	7052	0.021333	0.702667	0.010497	0.899133	-3	right
chr7	147821528	147842519	447825f6-6bc7-4c0f-88b3-c3300fbf58fe	147820650	147842524	rev	20991	2348	18293	0	0.671602	0.019176	0.854936	-3	right
chr7	150458549	150463605	985785bc-e8f9-405e-8b4a-120d5bd90b1d	150453452	150463611	fwd	5056	2449	2356	0	0.578212	0	0.882162	-3	right
chr7	155648237	155654040	a434e3e8-5b68-423a-920e-0eb521d8b088	155645998	155654045	fwd	5803	1815	3600	0.007862	0.731132	0.036301	0.862576	-3	right
chr7	158021742	158034370	f6af30f6-76b8-48d2-8682-b5f51fff2d93	158008977	158045418	fwd	12628	2499	9576	0.077338	0.561151	0.073207	0.538845	0.655013	right
chr7	158944790	158952670	b9219203-c5fc-4808-9219-fd292c1e210b	158924254	158952677	rev	7880	1937	5185	0.015873	0.759637	0.04797	0.852399	-3	right
chr8	35014856	35019440	32245596-e000-4556-91e0-5d5f016382a4	35005786	35033284	fwd	4584	3011	1089	0.003576	0.417163	0.023891	0.645051	-1	right
chr8	36155030	36165355	beaeeaee-ba26-4697-a7ee-dd8809f0262a	36152390	36165494	rev	10325	3498	5647	0.003922	0.687255	0.014519	0.837871	-3	right
chr8	36484006	36491278	fbfece9a-8e5e-4ca9-b746-6abab6d55217	36479861	36491286	rev	7272	3012	3972	0	0.634965	0.003708	0.720643	-3	right
chr8	36893570	36898268	f04e9c4b-d813-46b5-95de-76f901602263	36883215	36898276	rev	4698	2873	1096	0.015135	0.698378	0.066038	0.544025	-3	right
chr8	38172155	38178691	a05c4b9c-339d-4443-891c-e55948425876	38161052	38178696	fwd	6536	3080	3170	0	0.616034	0	0.825269	-3	right
chr8	56011952	56019163	2f01e833-3fcb-4270-b5dd-fd55b8e7659b	56007340	56019170	fwd	7211	3492	3383	0	0.594187	0.016332	0.81407	-3	right
chr8	56778728	56786855	84a82444-08cf-489f-ae4e-542548063ec4	56768590	56790763	rev	8127	3738	3813	0.035088	0.758285	0.055022	0.785153	-3	right
chr8	61270956	61276502	22c820bb-0bb2-4446-b0bb-2e40ebc7e12a	61270945	61288223	rev	5546	1781	3392	0	0.625786	0.001155	0.65358	-3	right
chr8	62405546	62412999	e7fb38c4-1e13-433b-b0ec-106dfcad23dc	62403466	62413536	fwd	7453	4307	2039	0.016812	0.634835	0.033019	0.691038	-3	right
chr8	64820914	64831131	67ad163d-121a-4d23-85dd-9253b1a593e2	64819123	64831136	rev	10217	4494	3564	0.00239	0.870916	0.019249	0.904716	-3	right
chr8	67146730	67151276	69e1e111-7edd-41f6-ad56-8fd2c9fe871a	67146724	67155974	rev	4546	1288	2577	0.046875	0.503125	0.076577	0.743243	-3	right
chr8	77938950	77944608	81152a5b-3e63-414c-8dea-ecc6d5eff4ae	77931872	77947039	fwd	5658	1063	1546	0	0.576433	0	0.909968	-3	right
chr8	80775569	80783597	fe420c4b-9c74-438d-acd5-63f513084880	80770407	80793747	fwd	8028	3494	4254	0	0.762231	0.019114	0.660295	0.435327	right
chr8	81953045	81959067	d16289f2-bb27-4fa3-b3a9-9a10230fd910	81953039	81959076	rev	6022	4126	1637	0.027523	0.756464	0.10101	0.80404	-3	right
chr8	83922702	83935628	a16ea83b-df0d-4b87-afd8-b8cb18df1e25	83921362	83935634	rev	12926	3570	8207	0.037126	0.754491	0.055579	0.826578	-3	right
chr8	90132573	90138966	07975752-b671-45a2-b928-2abf64a88d14	90129055	90138970	rev	6393	2164	3809	0	0.755134	0.08898	0.74449	-3	right
chr8	92421012	92427653	d9233b1f-053f-4ba3-93a8-a2e8898d9e2f	92421004	92427658	rev	6641	2182	4176	0	0.583333	0.018363	0.899005	-3	right
chr8	94341898	94353667	73e668d2-020e-4c8b-9b87-53376b39cbc2	94341886	94353672	fwd	11769	1737	8890	0.080717	0.730942	0.028355	0.766068	-3	right
chr8	95151974	95159361	781ee01c-0e1c-4784-9d64-7b0a29a13ed1	95149451	95160518	rev	7387	1274	4040	0.055718	0.539589	0.022041	0.839184	-3	right
chr8	98366770	98375320	64817974-f795-4015-b593-ad63b925436f	98356452	98375324	rev	8550	3718	4156	0.046512	0.529598	0.036219	0.768551	-3	right
chr8	98692327	98705040	bb4780cf-0897-4472-8cd0-4c92df4ccf88	98692321	98705046	rev	12713	1463	10699	0	0.800403	0.024018	0.886771	-3	right
chr8	99064436	99077765	b10de97f-f38f-4a89-9353-92540b0603dd	99059120	99081554	rev	13329	4543	5854	0	0.801266	0.02383	0.839149	-3	right
chr8	101307668	101312098	81f8487b-a6a9-473f-adfb-0d1950b442ce	101302800	101315351	rev	4430	1198	2085	0.044068	0.623729	0.003484	0.637631	-3	right
chr8	101347305	101356592	4b4b0b40-c604-48c9-8818-41d60366a854	101347254	101360182	fwd	9287	2383	6670	0.003974	0.858278	0.042064	0.803702	-3	right
chr8	101950308	101953570	28673642-daa1-4327-a548-976ac78c1da0	101945150	101954557	fwd	3262	1205	1756	0.006757	0.483108	0.099757	0.608273	-3	right
chr8	102939233	102945832	b1a9c1af-0d1a-4bd9-9fe2-a737dec34274	102938846	102956470	fwd	6599	1486	4728	0	0.480211	0.015497	0.684594	-3	right
chr8	103431507	103436361	373ca3b2-366a-4fff-85d4-01aaf9e52850	103427874	103436369	rev	4854	1173	3240	0	0.615142	0.057631	0.740662	-3	right
chr8	103700075	103710400	36bbdf37-8a5f-405e-9b69-c577f6e2ce6a	103698645	103710408	rev	10325	3432	3688	0.006321	0.734513	0.003641	0.838592	-3	right
chr8	104835375	104839381	9fa0bce6-1fe6-4afc-985d-fc66ab2de3e6	104825694	104843067	rev	4006	1531	2041	0	0.5175	0.013699	0.724315	-3	right
chr8	107913058	107916124	6f2b9516-0b25-4510-9c8e-95e8b90e401b	107909354	107916129	rev	3066	1301	1305	0	0.340136	0.018692	0.713396	-3	right
chr8	108915726	108925190	67c4dcb6-6ea3-46ea-be1d-db2e60a2370f	108909390	108925194	rev	9464	3660	4245	0.012693	0.690843	0.01227	0.855828	-3	right
chr8	109693894	109700291	146919b9-ad04-485a-a5ce-8db5869a37d5	109693890	109711066	fwd	6397	2197	3593	0.007463	0.438806	0.034644	0.768727	-3	right
chr8	116901026	116909300	c9cb4082-a012-4946-81e9-8f61cfb22a40	116899470	116909403	rev	8274	1751	4616	0.005725	0.763359	0.015209	0.915589	-3	right
chr8	118323984	118329578	c42b1eac-479a-4e27-8af1-8645b8588c19	118322761	118329591	rev	5594	3238	1939	0.043523	0.638342	0.034234	0.814414	-3	right
chr8	118338818	118344197	dc5098fe-ad1e-4bef-a821-ffee4bcfdc1f	118332840	118344378	rev	5379	1264	1793	0.00304	0.31003	0.049281	0.644764	-3	right
chr8	120133540	120140578	a0b72ed8-833e-474d-a05b-61fcbbccd346	120133531	120142607	fwd	7038	1262	4070	0.051136	0.596591	0.007581	0.894555	-3	right
chr8	121202377	121206155	f1b55354-0d66-4809-ab09-043ece06c263	121186031	121206161	fwd	3778	1346	1253	0	0.57716	0.036364	0.701299	-3	right
chr8	122698946	122706136	5ed3b4e4-091b-476f-a877-8799503ca2e0	122698786	122709100	fwd	7190	2288	4641	0.028286	0.728785	0.002417	0.878324	-3	right
chr8	123660472	123664635	8fc8ad04-eed2-4c10-88e7-b436d8d7c4d5	123651620	123664646	rev	4163	1158	1345	0.014652	0.377289	0.028481	0.553797	-3	right
chr8	123745380	123747998	32b9aa6f-e7a3-43c2-af5d-861c423d64eb	123728357	123748004	rev	2618	1034	1177	0	0.453333	0.024768	0.727554	-3	right
chr8	125033248	125042312	68b790e6-4862-42c5-9a57-8a877cfe16c2	125021023	125043242	rev	9064	1890	5541	0	0.503226	0.008679	0.476131	-3	right
chr8	126562445	126575368	0e4945e1-56f4-45e7-ad35-d2aca2cdf436	126562432	126590256	fwd	12923	1085	9589	0.037313	0.481343	0.021088	0.850536	0.093485	right
chr8	126622843	126631782	378b2cb1-c9ad-4ba1-9e3d-624634a9c10d	126619069	126631787	rev	8939	4612	3928	0.013514	0.671922	0.052544	0.77648	-3	right
chr8	130271060	130276455	79c54890-a081-46d0-8ed2-fa6e1267fe9d	130267950	130276461	fwd	5395	2791	2302	0	0.426796	0.00165	0.891089	-3	right
chr8	134446844	134452461	b04a6f3c-0ebe-4d72-bd9e-a84c66b45e9e	134445333	134452467	fwd	5617	2817	2526	0.038028	0.75493	0.01845	0.739852	-3	right
chr8	135940211	135948603	e0660f44-ea01-4a49-ba67-6b218dd2377c	135934228	135949525	fwd	8392	3507	3848	0.006772	0.785553	0.025341	0.814815	-3	right
chr8	141017017	141024446	63b0a4b3-9d5e-40fe-8e7b-bc9f59ad164c	141015420	141024460	fwd	7429	2290	3377	0	0.377816	0.013228	0.72619	-3	right
chr8	144465259	144468690	99c40db0-8626-4f78-a111-d5090a849ed4	144461335	144471163	fwd	3431	1003	2066	0	0.319328	0.003226	0.709677	-3	right
chr9	5673142	5677634	4bdf27f2-3091-498b-97d3-c1a4c6532450	5672279	5687196	fwd	4492	1952	2313	0.006932	0.493934	0.001224	0.738066	-3	right
chr9	12951521	12958720	0cccae6f-0f1e-49f9-ad26-208e250e686f	12951282	12961531	fwd	7199	2195	4658	0.050987	0.597039	0.02021	0.712575	-3	right
chr9	21139401	21145911	50727c49-99b4-4bfe-a636-dec849159a32	21138264	21147909	fwd	6510	2500	1413	0	0.667509	0	0.970874	-3	right
chr9	26403608	26408073	c5285b57-2a7c-4882-a632-c046fccfe900	26398170	26408079	fwd	4465	1594	1119	0	0.954644	0.078358	0.839552	-3	right
chr9	26395899	26404172	c480ca8b-8808-41f2-9f1b-5c5ad7819212	26390633	26406196	rev	8273	1600	6412	0	0.629703	0.024214	0.803709	-3	right
chr9	34460551	34466915	4eb6acbf-ff83-47c9-b46b-8eae9c798be0	34456406	34467183	rev	6364	1919	3937	0.004608	0.652074	0.061524	0.608815	-3	right
chr9	37814888	37818631	a0753487-1952-4a9e-974b-adff118a1cd4	37804340	37819233	rev	3743	1514	1837	0.027559	0.606299	0.062718	0.590592	-3	right
chr9	38402084	38409038	a49f075d-ad2c-4aa9-aa88-838ffef79285	38397861	38409051	rev	6954	3212	2330	0.020539	0.582798	0.043478	0.736025	-3	right
chr9	67006320	67014231	ecbcdccb-cfe4-4138-93c4-39af3d795302	67006096	67017163	fwd	7911	1275	6344	0	0.581152	0.001867	0.920971	-3	right
chr9	73848128	73854049	87627f39-74f4-4b26-af20-68034fe1d22c	73839087	73854054	rev	5921	2915	2758	0.011603	0.669831	0.103072	0.656095	-3	right
chr9	75282760	75288705	4d63b3b5-b7ad-45d5-92d0-75abac14048c	75273482	75288710	fwd	5945	2576	1691	0.002162	0.886486	0.045045	0.801802	-3	right
chr9	77007333	77015037	30c446b6-63ea-411d-9db8-7fd8d9406c99	76988912	77015051	fwd	7704	2262	3905	0	0.364437	0.015259	0.638861	-3	right
chr9	84078410	84082280	b966ceb2-433e-404c-8dc5-8e8b000b7fc1	84065708	84083707	rev	3870	1184	1470	0.023569	0.457912	0.057692	0.659341	-3	right
chr9	86662141	86669127	942e130d-241d-4cf7-9fa6-8fb881f74393	86658827	86675798	rev	6986	2742	2793	0	0.610973	0	0.883905	-3	right
chr9	87560745	87568924	a3130ff7-475b-44bc-b14f-34df9cb16e95	87558669	87568928	rev	8179	3776	4087	0.005501	0.768977	0.086455	0.799232	-3	right
chr9	91006181	91012376	c69cb467-7ad4-408b-be82-3faa47d1bf5a	91001445	91018015	fwd	6195	1083	4824	0.042308	0.511538	0.029948	0.669922	-3	right
chr9	91468440	91474162	5fcdaf34-8eca-4134-b429-b433a03d551a	91463856	91474169	fwd	5722	1628	3718	0.007886	0.635647	0.089829	0.659243	-3	right
chr9	94855270	94861903	9c94c6e1-6366-4e5b-b0ae-71a97e9bdb8e	94849032	94861914	fwd	6633	2396	1617	0.007764	0.939441	0.057214	0.646766	-3	right
chr9	95371941	95379987	a1c6ac49-14ea-43dd-80b9-4f70f26ff2b5	95368829	95382352	fwd	8046	3535	2802	0.003064	0.617978	0	0.854015	-3	right
chr9	98476099	98482795	e79e770e-51e8-482f-87ab-403ac8150de2	98476092	98485194	rev	6696	2220	4204	0.014414	0.882883	0.034318	0.816969	-3	right
chr9	99535723	99540910	2fd66d32-c3e7-4514-ba01-62d3d958c2a3	99529206	99540915	fwd	5187	2089	2751	0	0.464041	0.025352	0.746479	-3	right
chr9	99548966	99557674	950c229a-3d87-4b3d-824c-df605f2cd598	99548945	99561290	rev	8708	1887	6557	0.016667	0.892857	0.016224	0.896755	-3	right
chr9	109602858	109607419	fdb8823a-a116-495e-a21e-33c73fdceafb	109602291	109624891	rev	4561	1095	2332	0	0.418803	0.078297	0.792582	-3	right
chr9	110673634	110688246	e752f025-b363-4a2c-b333-58ac587bf79b	110671934	110688254	rev	14612	2424	10030	0.098569	0.608903	0.044223	0.813944	-3	right
chr9	110780944	110785272	cfb16547-8600-43ba-91b7-5ff05de7dc8f	110770259	110785293	rev	4328	2476	1137	0	0.679641	0.110778	0.48503	-3	right
chr9	111137148	111155898	1a908850-bc9f-4723-9778-5c15144f27aa	111136348	111157035	fwd	18750	4912	11392	0.003289	0.908553	0.026892	0.893058	-3	right
chr9	115188972	115195848	dbbd21c6-2d4d-40ad-810c-15bbad06ff1f	115188967	115209609	rev	6876	2450	4220	0.069191	0.714099	0.034991	0.77256	-3	right
chr9	119025334	119034304	7c9312e6-b4af-48ed-9d68-e4a021a8e2ef	119012772	119034311	fwd	8970	2416	4699	0.031104	0.765163	0.022857	0.932143	-3	right
chr9	121043730	121051660	9d5b4977-68de-4cc7-a567-e2043c6fae52	121042459	121060240	fwd	7930	1557	6104	0.00907	0.718821	0.129688	0.732292	0.412926	right
chr9	129781117	129787652	9b4cd640-699a-4940-aac7-8958eedfb551	129778582	129787660	rev	6535	2170	4014	0.01476	0.732472	0.096944	0.717597	-3	right
chr9	129963635	129970355	5493003c-ad16-4ce0-80f0-de0d26788abd	129963616	129974115	rev	6720	2929	3495	0.010309	0.825888	0.019211	0.87361	-3	right
chr9	133481323	133485314	48dad958-a54f-45e6-9484-dd7e6b9ff7a4	133476980	133485318	rev	3991	2438	1197	0	0.808967	0.099099	0.585586	-3	right
chr9	134120685	134125767	6c1a70ff-6901-4805-9fb4-c89f41660192	134116808	134125774	fwd	5082	1327	3404	0.004098	0.627049	0.022157	0.825702	-3	right
chr9	134547213	134553620	0dcb3d8f-b180-41be-8331-3958866d04bf	134540625	134555433	fwd	6407	1388	3316	0	0.868056	0.034819	0.619777	-3	right
chr9	136029465	136039609	51750694-0fea-46e0-989c-177f23a63a0f	136029460	136039617	fwd	10144	2275	6983	0.091667	0.797917	0.019317	0.900193	-3	right
chr10	10098958	10110185	c2a0fb39-4779-4854-bbfd-842faf9f4261	10094612	10110191	fwd	11227	1622	9369	0	0.516129	0.033385	0.782997	-3	right
chr10	22397738	22414768	0f80ffdf-5173-41d7-9f4f-d40c2a6fde2a	22394969	22419141	rev	17030	3923	11085	0.006494	0.732955	0.038301	0.709898	-3	right
chr10	30767671	30773797	ca11a67c-5c26-49d5-b04d-a478b8977dff	30765072	30773802	fwd	6126	4375	1406	0.000896	0.527778	0.044776	0.779851	-3	right
chr10	32429745	32437389	3f86607b-c25f-4899-934c-e4f92cf0235f	32429112	32437395	rev	7644	2720	3422	0.001433	0.445559	0.046137	0.711373	-3	right
chr10	32611481	32620983	622192fb-8fce-4ea1-b823-fa51fb12dd69	32611473	32621628	rev	9502	1795	3992	0.013441	0.884409	0	0.91911	-3	right
chr10	33851421	33869561	36520573-0e12-4215-b448-8d8063dc8b88	33828425	33870132	fwd	18140	1422	14763	0.042105	0.754386	0.013053	0.87503	-3	right
chr10	34278174	34288440	2f7d68da-c8b6-455a-b241-e429693cb61a	34278168	34290883	fwd	10266	2651	7373	0.001359	0.764946	0.044118	0.744118	-3	right
chr10	41871321	41876872	c2e693dc-b7d2-42f7-ba08-de50941dbef2	41842917	41878211	fwd	5551	1456	1579	0.171053	0.429825	0	0.509009	-3	right
chr10	41871706	41875063	42a21ae2-7697-433e-950c-ad0cd9f9a914	41862729	41880440	fwd	3357	1137	560	0.085366	0.439024	0.032967	0.494505	-1	right
chr10	41865288	41877995	63aaac36-cb12-4f29-969e-acd347167ebd	41862870	41879297	fwd	12707	11032	1178	0.060606	0.434692	0.004717	0.566038	-3	right
chr10	41869602	41876710	cf1a7980-23b2-4ad1-aebe-d0dccd3a81c1	41867290	41883450	fwd	7108	6041	714	0.176862	0.37367	0	0.595745	-1	right
chr10	41888182	41890852	08fd7e0f-fda5-4fd3-a9cb-acec9cdb1788	41879298	41894375	fwd	2670	1035	1005	0.039216	0.509804	0.037736	0.528302	-3	right
chr10	41886271	41892605	71c13899-03e0-4802-b672-7eeee4c4fc79	41883621	41898023	fwd	6334	827	2353	0	0.135135	0.034682	0.557803	-3	right
chr10	41884049	41889482	6139130c-6a9a-4ee4-b8a1-b50d93cc4d4a	41883793	41905515	fwd	5433	1396	1155	0.022857	0.508571	0	0.184211	-3	right
chr10	41888317	41894870	5f518075-7a9f-4302-9000-3988f697b85a	41887180	41916265	fwd	6553	2161	1065	0.051136	0.428977	0	0.460317	-1	right
chr10	41899411	41907529	7d6ea512-96db-4bb7-bf87-734b58938dbb	41898670	41909054	fwd	8118	2563	1603	0.020595	0.414188	0.04811	0.536082	-3	right
chr10	41903288	41907379	6715e6cd-a4a2-4491-bdd9-c905ea718a48	41899829	41915786	fwd	4091	1379	1393	0.063025	0.298319	0.027778	0.47619	-3	right
chr10	46379182	46384759	de779b6d-fe53-4eee-837e-3b9e4950a58a	46374341	46385703	fwd	5577	1132	3234	0.068966	0.530172	0.082822	0.587423	-3	right
chr10	59827030	59831633	cc5956d5-6be6-40ed-bb34-f1c89ba4ef79	59826994	59835726	rev	4603	1482	2884	0.068762	0.534381	0.025668	0.722995	-3	right
chr10	61080798	61088642	39878429-8455-4b5c-87ba-d11d21a67fd9	61079579	61089238	rev	7844	1905	4970	0.032787	0.59745	0.036406	0.808675	-3	right
chr10	69075166	69080842	4e492922-999e-4cfa-9f85-e41b750ab6c2	69075159	69084482	fwd	5676	3688	1592	0	0.77106	0.047354	0.545961	-3	right
chr10	70445046	70450583	e558cf3b-af53-4384-b5cc-9e579477f838	70439679	70450589	fwd	5537	2005	3173	0.031895	0.452158	0.01	0.72875	-3	right
chr10	70487023	70493430	fd4490aa-10fe-4dab-b62d-bba06c26b681	70487012	70494539	fwd	6407	1851	4284	0.029304	0.840659	0.056038	0.811365	-3	right
chr10	70794900	70799122	6926e336-0baf-411e-b3e7-f94c2a173995	70750975	70800108	fwd	4222	2601	1210	0.019934	0.48505	0.00361	0.707581	-3	right
chr10	75572453	75579523	63241c50-fd27-4556-83d3-d1096dd1fb44	75569876	75579712	rev	7070	1758	5093	0	0.599068	0.000596	0.878427	-3	right
chr10	77931433	77937169	e81cdd64-f185-45d1-8017-adf4d9cf0a79	77930976	77947738	rev	5736	1797	3607	0	0.535874	0.003043	0.68357	-3	right
chr10	83445670	83451004	0e8a019c-d727-4d42-a730-d2b7c1931299	83445665	83451011	rev	5334	1562	3522	0.006897	0.586207	0.02251	0.887449	-3	right
chr10	93715145	93724184	964c37d1-eeb9-44c8-87e5-e0ee47d57fc3	93706986	93739495	rev	9039	1033	7608	0.030075	0.545113	0.053113	0.586852	0.498761	right
chr10	95727877	95732014	b0878535-928c-404b-a82a-2c23d00654bc	95722517	95732021	fwd	4137	1985	1834	0	0.573596	0.048825	0.755877	-3	right
chr10	97481687	97488882	129cd66e-2d0e-4068-abfc-aebe5e700607	97478456	97490464	rev	7195	2372	3654	0.001456	0.462882	0.023915	0.800709	-3	right
chr10	100457811	100462314	fb2bedf3-5631-49db-95ae-19949e6e9167	100454679	100462319	fwd	4503	1468	2466	0.02349	0.449664	0.00639	0.71246	-3	right
chr10	103390430	103396316	add616ba-a580-4494-b159-8badfbcb8e22	103376586	103400987	fwd	5886	2968	1814	0.011749	0.523499	0.058036	0.533482	-3	right
chr10	120059421	120068664	2f62f40d-2771-4662-9690-36bdb53ea361	120059412	120068668	rev	9243	4476	4418	0.01479	0.760887	0.020122	0.922135	-3	right
chr10	121529413	121537261	42aab0ec-c0c3-4172-a0d4-3f7534841645	121513468	121537270	fwd	7848	2257	3026	0	0.736	0.049938	0.598002	-3	right
chr10	125819623	125831125	df52d786-cc10-4176-8387-03ce44511671	125819454	125832740	rev	11502	2723	8542	0.001264	0.767383	0.017807	0.803187	-3	right
chr11	9188111	9191150	82bc7cd1-0959-424b-8c68-f272a409da99	9181543	9191159	fwd	3039	1394	1362	0	0.461774	0	0.639386	-3	right
chr11	14430551	14442389	9e75ab2c-2d22-46db-8c35-2ed6ea26e159	14425350	14442718	rev	11838	1482	9176	0.064626	0.615646	0.046656	0.704121	-3	right
chr11	19108373	19113449	8f269f39-0366-449a-aa91-01716c1eff1c	19107131	19114472	fwd	5076	1667	3002	0.035211	0.481221	0.065421	0.696262	-3	right
chr11	26037881	26044726	15c8692a-294f-4028-84be-647125fb8642	26035020	26044731	fwd	6845	3853	2674	0.020934	0.621578	0.048995	0.785176	-3	right
chr11	29689461	29699831	4cfd1b5b-177e-4e9e-a40e-aff711c49f3a	29683458	29704889	fwd	10370	4081	5943	0.027961	0.583882	0.037975	0.715612	-3	right
chr11	29921128	29932631	5047dfbd-e8e3-4041-9eac-5890cd776bcf	29919937	29933366	fwd	11503	1428	9813	0	0.670951	0.07469	0.804956	-3	right
chr11	34760539	34767996	ba3f15b6-85b3-4044-b2e7-e22fdc3464ec	34756868	34773159	rev	7457	3280	3028	0.0224	0.6272	0.089419	0.661699	-3	right
chr11	39749583	39754538	954d5fd8-50bb-4c0c-a907-92f06240caa3	39733968	39754543	fwd	4955	1103	3610	0.038123	0.601173	0.015504	0.720069	-3	right
chr11	46526800	46535717	4f4ca8e4-0342-4d73-bc51-b2f81357d048	46518223	46535722	rev	8917	4471	3938	0.007278	0.653566	0.09633	0.70367	-3	right
chr11	48258039	48262086	8923ba7b-b7aa-4eec-8c96-1a0dbdfb45c2	48258034	48273114	fwd	4047	1151	2626	0.049536	0.473684	0.030695	0.714055	-3	right
chr11	48320256	48326397	9ad68914-0235-45a9-9548-5bb0a87353b5	48317987	48326402	rev	6141	1157	4661	0.00692	0.608997	0.072754	0.755011	-3	right
chr11	49181511	49190223	567cd4ed-a377-462a-bbb7-1c8232ac79df	49181505	49190232	rev	8712	4228	4140	0.031496	0.760916	0.033613	0.800611	-3	right
chr11	58086617	58089623	67410508-90dc-43f2-a2ba-368a2b282a39	58082509	58089629	fwd	3006	1564	1172	0.045361	0.498969	0.080786	0.585153	-3	right
chr11	63321123	63335722	f203282f-27be-455b-9598-b3b440d5895b	63321118	63339579	fwd	14599	1310	11740	0.039683	0.710317	0.002803	0.798981	-3	right
chr11	66009783	66017561	6963203a-3a07-40f9-b6f7-3a98bb298a1a	66004992	66024363	rev	7778	2134	4300	0	0.310023	0.012373	0.669291	-3	right
chr11	71589316	71594281	bec4c142-fdc6-4fd0-8dca-f0929c219afd	71584322	71598719	rev	4965	1390	3187	0.045317	0.522659	0.010485	0.768021	-3	right
chr11	75473187	75483666	88ea0337-93a6-493b-bd18-c51c6c5a094c	75473179	75483676	rev	10479	4053	4940	0.060024	0.823529	0.05425	0.808318	-3	right
chr11	86084564	86092044	9331468d-c647-47b1-845f-a817bf5218a0	86071967	86092053	rev	7480	2889	4281	0	0.545886	0.011401	0.732085	-3	right
chr11	93279822	93289728	3ce6e242-d6f6-4c62-beb1-cdadca508ef3	93273921	93292747	fwd	9906	1970	3876	0.011364	0.362013	0.018667	0.768	-3	right
chr11	94233435	94239606	2660e01f-4c83-47b8-8066-37b8cf2b7707	94232894	94239611	fwd	6171	1046	4865	0.019465	0.56691	0.015176	0.893767	-3	right
chr11	106095757	106104980	196431b2-8b8f-4467-bb19-f4044f831df2	106090710	106104986	rev	9223	2919	5554	0.027304	0.622298	0.062711	0.738368	-3	right
chr11	112048009	112056316	aaaa9523-4f44-4716-9d39-2cd8d1dfe8f8	112028108	112057907	rev	8307	1203	4297	0	0.549407	0.000951	0.804948	-3	right
chr11	113101796	113110481	e516a328-bc3f-4802-9204-8c9b1de316fc	113097070	113112094	rev	8685	2256	5112	0	0.628931	0.019854	0.827929	-3	right
chr11	113990663	113995447	9c45880f-c9b8-4682-81a4-ca71db343d9c	113981611	113998771	rev	4784	1483	3049	0	0.486683	0	0.87971	-3	right
chr11	117080674	117090808	9a853eb4-c212-4b9f-954a-d957ceced918	117067726	117090812	rev	10134	1006	8578	0.018927	0.463722	0.050975	0.583208	-3	right
chr11	118910582	118920001	b35d87b0-f9ce-449e-98a8-652cf896da7c	118897841	118920006	rev	9419	3499	4185	0.046358	0.217219	0.061224	0.604308	-3	right
chr11	119124368	119127656	b5383cd1-8831-4990-a6ee-08b0b49108f2	119122196	119135698	rev	3288	1229	1771	0	0.569492	0.002188	0.814004	-3	right
chr11	119756463	119759352	084d1ded-3cc8-4e7a-b930-c54b68b672b6	119749893	119759360	fwd	2889	1294	1288	0	0.523649	0	0.741379	-3	right
chr11	123099224	123103223	96347b12-dcd8-4ea3-82d7-44423c8395aa	123091018	123104278	fwd	3999	1304	2169	0	0.463023	0.049404	0.599659	-3	right
chr11	123255031	123269970	3024faba-eda4-4f29-9acb-6390502d7e43	123245624	123269975	rev	14939	1112	11340	0	0.521008	0.01	0.557097	-3	right
chr11	125136092	125145475	ed4d0c0f-a66e-4e59-8b65-c9a98471c891	125116055	125146050	fwd	9383	2633	6304	0	0.653997	0.000643	0.566195	-3	right
chr11	129605260	129611977	c211f93d-3922-4f76-bea0-57a14bf1259b	129603548	129620110	rev	6717	2409	3368	0.008915	0.719168	0.045161	0.717419	-3	right
chr11	130290235	130300463	26993395-ce23-4b68-8146-973f5685e096	130290231	130300477	fwd	10228	1872	5335	0.025408	0.491833	0.015516	0.917766	-3	right
chr11	132143292	132150155	7592f780-5968-490c-9446-7baf1d7effe8	132138649	132150890	rev	6863	1419	5175	0	0.483204	0.032329	0.821455	-3	right
chr11	134352015	134361365	3cc44bf5-da1f-4a32-a74a-d83d9730730e	134352003	134361370	fwd	9350	1549	6347	0	0.512733	0.002363	0.828116	-3	right
chr12	2350312	2354941	10b5fc3f-8b8a-4470-b628-3b2757781bfe	2347441	2355296	fwd	4629	1952	2372	0.002041	0.653061	0.037807	0.765595	-3	right
chr12	4845632	4856297	08565d7a-dbf5-47ed-bfc9-22945f7edd66	4841100	4856302	rev	10665	2908	7467	0.00317	0.638669	0.082085	0.691625	-3	right
chr12	9950351	9955908	40234feb-eecc-41e2-9343-854fe22fe1b9	9950347	9957119	fwd	5557	1892	3424	0.024209	0.811918	0.024837	0.833987	-3	right
chr12	14801126	14806450	8114230e-f834-4141-8cff-338d1b4f66e3	14792765	14806455	fwd	5324	1382	2866	0.047511	0.368778	0.006803	0.705215	-3	right
chr12	14955013	14963012	e04322f2-00ab-42b2-ac22-1f25621903f3	14955002	14963026	rev	7999	1450	6320	0	0.820399	0.035368	0.894467	-3	right
chr12	17381814	17386768	dac2a9a3-4e01-47db-8788-2dc48e6c5cc3	17375532	17387719	rev	4954	1874	2144	0.001745	0.490401	0.060261	0.612378	-3	right
chr12	22608092	22613841	e44bbf0c-dc19-4164-9315-01750cf73f35	22603071	22613846	rev	5749	3129	2357	0.030336	0.693391	0.052941	0.717647	-3	right
chr12	26501040	26507136	9068a8e1-a85b-4ee0-8e3c-de9f672e3607	26477542	26507142	rev	6096	3346	1703	0.024322	0.46492	0.018904	0.78828	-3	right
chr12	33262131	33268756	c74bde07-79ed-4c3f-8380-df0a3f1498c3	33255193	33274118	rev	6625	1734	4479	0	0.592445	0.024233	0.713247	-3	right
chr12	37626396	37638995	3f84991f-4afb-4c01-97fe-7c7199125dc1	37626389	37640806	rev	12599	3626	6052	0.005623	0.856607	0.013144	0.882755	-3	right
chr12	38803015	38813645	17c9a90d-afa5-483b-81eb-83196bee525b	38803010	38815551	rev	10630	2392	7347	0.00442	0.911602	0.018466	0.843838	-3	right
chr12	47864055	47870992	f41b4875-ffe0-4eb6-98f9-57dba6c673f0	47857832	47871507	fwd	6937	1969	4589	0	0.582251	0.021234	0.647118	-3	right
chr12	48217932	48224804	fef80993-29ad-47ee-9aae-58116ae3890e	48215716	48229330	fwd	6872	1484	4501	0.004032	0.637097	0.006024	0.846051	-3	right
chr12	51058520	51065882	b7c22c43-442b-4d0a-a626-62b0aad979b0	51049504	51065887	fwd	7362	2652	4343	0.031564	0.539455	0.007401	0.838113	-3	right
chr12	51316148	51326188	039b5d7a-c2b6-4491-8acc-d0db25ec223e	51316109	51327345	rev	10040	1966	7852	0.023853	0.605505	0.019376	0.755113	-3	right
chr12	53003990	53009517	c659bea9-87c5-41dd-a914-fb8f76bf6feb	53001993	53009755	fwd	5527	2109	3041	0	0.413284	0.019254	0.762936	-3	right
chr12	53269049	53272922	c8a051b2-a001-4f53-86f3-7356f7d30cfb	53263351	53279391	fwd	3873	1613	1957	0	0.651948	0.020408	0.687755	-1	right
chr12	55648839	55654480	221dc59d-057d-425e-8768-aecec89e8517	55644155	55656779	fwd	5641	1034	4333	0	0.630705	0.001764	0.881834	-3	right
chr12	57638192	57648888	f6f2d9dd-9891-4a3d-8e3e-c6811d4cc40e	57638186	57648893	fwd	10696	2946	5253	0.006452	0.899355	0.113119	0.743126	-3	right
chr12	63269950	63275858	4920d0fc-2aed-43f1-89ff-9b24f37bbf0c	63259971	63275864	fwd	5908	3319	2246	0.01606	0.431478	0	0.803191	-3	right
chr12	68897671	68902245	54aee5a0-3393-41d6-b94a-62b204c9e2db	68893892	68902250	rev	4574	2736	1512	0.031653	0.783118	0.019231	0.878205	-3	right
chr12	69537588	69545303	b8edf506-bc67-4b6f-b517-f3653403d58e	69530056	69545314	fwd	7715	3690	3735	0.013876	0.540241	0.01155	0.746872	-3	right
chr12	70459378	70464874	882041e1-74df-4604-bd36-cb654d7c5bc3	70453722	70464879	rev	5496	1006	3405	0	0.363924	0.008629	0.66443	-3	right
chr12	74811705	74818632	791be436-b182-4890-bcdd-2c423a575282	74809635	74818639	rev	6927	3107	3236	0.066219	0.536468	0.092272	0.648212	-3	right
chr12	76108820	76115528	2dffd823-55de-44f7-98b8-64601fd93a57	76093571	76115532	rev	6708	1408	4657	0	0.316038	0.035714	0.443009	-3	right
chr12	76339261	76343312	5301ea59-2aa5-46a2-9b54-a03c86a8b88e	76337325	76343317	fwd	4051	2645	1077	0.047945	0.308219	0.012085	0.794562	-3	right
chr12	81167537	81171483	7d76fb12-0262-4adf-b22b-7f5c6e5f453b	81162928	81171489	fwd	3946	2166	1413	0	0.701587	0.005848	0.830409	-3	right
chr12	93217685	93223912	d6d6a4ab-e3d8-4ef3-a96c-3bdbff597159	93214976	93223920	fwd	6227	4709	1279	0.034207	0.775837	0.147971	0.639618	-3	right
chr12	96773017	96781430	b1406620-7990-4006-b0b4-b474350c74d0	96761802	96783359	fwd	8413	1591	3855	0.001786	0.719643	0.010363	0.85924	-3	right
chr12	97826549	97833665	96b21c96-3ce4-4555-a2b9-5b77c5c96eae	97818438	97843780	fwd	7116	1681	5218	0.02439	0.652439	0.029613	0.728929	0.379478	right
chr12	102578034	102592137	ab8a202c-a405-497c-b426-a8cca849e5d7	102574221	102592142	fwd	14103	2163	10531	0	0.830078	0.024949	0.855434	-3	right
chr12	113636640	113640627	a77d3b59-e4a4-40a8-916f-41854e750d4b	113624472	113641032	rev	3987	1904	1316	0	0.319693	0.022581	0.6	-3	right
chr12	114786775	114792261	e3281ef9-4922-414d-970a-7552b87cea3d	114782312	114792270	rev	5486	3881	1315	0.018365	0.725436	0.069832	0.639665	-3	right
chr12	117349076	117353814	b3037a02-8dac-4969-9cfe-059bd5522db4	117345450	117353821	fwd	4738	1937	2532	0	0.646409	0.00312	0.764431	-3	right
chr12	118362847	118371102	c0c7a313-4e2c-49aa-9874-958d5fde2f5c	118359937	118371109	fwd	8255	1747	6245	0	0.626238	0	0.794169	-3	right
chr12	118400705	118407738	e4bfd4f9-3dbb-4167-98a0-061cb7eae20e	118396196	118407742	rev	7033	2253	3466	0.028169	0.575704	0.041916	0.77006	-3	right
chr12	120442323	120445486	6fc39015-13ab-4faf-9e76-5aff9f2284d8	120437285	120445558	rev	3163	1296	1540	0	0.53211	0.012959	0.671706	-3	right
chr12	122260313	122263120	8aaf727a-84ed-437c-90b9-94dbacc4c092	122250039	122264282	fwd	2807	1444	1089	0.062295	0.367213	0.0301	0.585284	-3	right
chr12	122473152	122480551	a1268ba8-d74f-4cfe-a549-3570d6b9785f	122473146	122483378	rev	7399	2021	4846	0.008247	0.507216	0.014043	0.846268	-3	right
chr12	127827857	127833239	c5d0126b-c9dd-4769-aa09-894683ef8f41	127818914	127834987	rev	5382	1993	3126	0.058182	0.632727	0.015317	0.721007	-3	right
chr12	127859962	127866173	09f1aa09-111b-4a6f-8837-af61544f270b	127854241	127866188	fwd	6211	3508	2146	0.023374	0.496951	0	0.794931	-3	right
chr12	129247841	129257069	5e896866-1ec3-4a3b-9f9c-856ac6e54998	129247835	129257678	rev	9228	2428	3984	0.048921	0.730935	0.001837	0.940312	-3	right
chr13	26511659	26520836	190d0bcf-d64a-467b-aacf-63e32ade0de6	26506379	26520843	rev	9177	4218	4671	0.01011	0.730699	0.040396	0.749382	-3	right
chr13	29963529	29971144	ef09a16b-bab1-4c09-8462-f1627011eba2	29954664	29971149	rev	7615	2819	1470	0.035714	0.552795	0.182957	0.614035	-3	right
chr13	30821758	30826872	251519c6-a3b2-4be8-a869-2991305baa68	30811999	30829636	fwd	5114	1688	3171	0	0.601336	0.005834	0.786464	-3	right
chr13	34185238	34188694	5a185b06-a655-4757-9732-ce5bbec6da14	34185234	34196553	fwd	3456	1494	1720	0.203354	0.672956	0.051724	0.894984	-1	right
chr13	37214990	37219513	db58fdd2-9796-49b4-844e-e135f2e2514f	37201979	37220396	fwd	4523	1361	2934	0.020339	0.711864	0.036254	0.664653	-3	right
chr13	39456383	39464397	3a198c3c-e121-4ea4-b420-c0937279a517	39445128	39464405	fwd	8014	3289	4242	0.008475	0.46247	0.010144	0.802198	-3	right
chr13	40388444	40395614	bafc0dd3-2d56-4712-abad-8dcc7e3048d9	40379239	40395618	rev	7170	2709	4252	0.023739	0.734421	0.131651	0.632333	-3	right
chr13	46628258	46638997	14593d1c-f714-442a-9bff-46c405bf08e1	46628249	46639002	fwd	10739	5883	3907	0.01509	0.912943	0.056891	0.869391	-3	right
chr13	46961107	46970625	b8f7c700-64bf-4efa-8f3b-328807ff87e2	46958507	46970634	fwd	9518	1156	6025	0.039106	0.463687	0.018703	0.771479	-3	right
chr13	48039621	48049441	a0bcee73-553d-41f1-8de3-0a4cbe632c19	48035381	48049451	fwd	9820	1669	7856	0	0.566866	0.003239	0.9	-3	right
chr13	52935238	52948910	0d0b9d76-88f6-483a-9264-ee0f89151a48	52934949	52950519	fwd	13672	1982	10155	0.003953	0.667984	0.072042	0.759239	-3	right
chr13	54204779	54213502	5a89903d-b4dd-458c-8bd0-bcb697e0cb6d	54194080	54213510	rev	8723	3786	1693	0.016835	0.762626	0.075377	0.847571	-3	right
chr13	55209141	55217657	5cc7504a-0c46-41f6-ac88-7e50ff0fb07b	55207311	55217664	fwd	8516	1551	6691	0.002092	0.711297	0.00614	0.899561	-3	right
chr13	57340318	57345486	72b7ca36-b3ee-42b7-9f9b-d175fd86ac58	57332192	57345491	rev	5168	1653	3065	0	0.456731	0.005644	0.796802	-3	right
chr13	63243201	63248239	b419bbf8-857b-4a83-a169-07510f5af06a	63243190	63248243	rev	5038	3038	1437	0.079787	0.757447	0.071579	0.842105	-3	right
chr13	72729637	72736268	093a1b11-af1c-4b24-b278-b09636605485	72727153	72743340	rev	6631	3566	2691	0.002822	0.765757	0.052767	0.786358	0.736455	right
chr13	74005173	74010544	4563b4e7-8946-4620-b92e-5f60d0039d58	74004984	74014478	fwd	5371	1770	3337	0.053704	0.705556	0.006536	0.778867	-3	right
chr13	80777567	80799060	f0783e7b-13c1-4b6f-b715-0897b8b15380	80777561	80801209	rev	21493	1670	19581	0	0.807087	0.027063	0.725743	-3	right
chr13	85414876	85421821	599bdf7d-599c-4840-9e3f-0e4768ff9b52	85409117	85421894	rev	6945	1418	5325	0.034409	0.64086	0.001246	0.847352	-3	right
chr13	87877240	87887103	f2df1d86-5e49-40c7-8708-cc2070217239	87871544	87902315	fwd	9863	3050	5737	0.026777	0.6931	0.060023	0.779138	-1	right
chr13	87894930	87900317	f2df1d86-5e49-40c7-8708-cc2070217239	87871544	87902315	fwd	5387	1135	3321	0.067989	0.832861	0.027103	0.852336	-3	right
chr13	93130889	93141803	273222d3-ba3b-4c15-96fd-b4f6a24bac16	93126120	93146733	fwd	10914	1511	9196	0	0.480132	0.040742	0.680026	-3	right
chr13	99725976	99731577	18db6bbe-1082-4c6e-8cc8-0003a94337fe	99725677	99731583	rev	5601	3082	2032	0.024772	0.637549	0.019531	0.666016	-3	right
chr13	110175038	110184029	9447229b-ee3e-4fd1-a044-f7c2165b4a86	110167587	110184920	rev	8991	3353	5279	0	0.639423	0.031457	0.600166	-3	right
chr13	110814572	110821022	3234736f-71c6-457d-82bf-e9e4ef8f76c3	110809307	110821030	fwd	6450	4913	1281	0	0.619495	0.01699	0.737864	-3	right
chrX	7391229	7397487	bff8ab3e-98d6-4fbc-9fe8-0a850e76d89c	7385878	7397505	fwd	6258	3248	2377	0.031915	0.637234	0.032857	0.777143	-3	right
chrX	15324923	15327321	43c49547-5892-418d-82f0-fdc05b07a350	15324912	15335898	fwd	2398	1359	580	0.002564	0.617949	0.013072	0.588235	-1	right
chrX	23807723	23812689	5f8b2221-a778-4f1a-b19e-e2c2635d22a9	23801758	23812704	fwd	4966	1113	2679	0	0.588477	0.086342	0.616954	-3	right
chrX	29184840	29191113	ccc83b44-8b66-4f8b-992f-68ab02bb34b0	29184835	29202127	fwd	6273	1019	4930	0.015291	0.889908	0.006447	0.881367	-3	right
chrX	40840867	40850073	19931801-f06f-4ce9-baae-78194150b653	40838833	40851466	fwd	9206	1557	5544	0.032581	0.669173	0.013973	0.896719	-3	right
chrX	41397626	41407921	4e4e8dc3-5885-4994-91ca-abb4494a4062	41391471	41407943	rev	10295	3651	4854	0	0.646919	0.033184	0.700448	-3	right
chrX	63793239	63807110	2c246ff9-8878-445b-bb30-ea694b970d3b	63788451	63807121	fwd	13871	4343	8446	0.01426	0.600713	0.054898	0.623251	-3	right
chrX	67623984	67632040	b9047c05-0ef6-4d02-8c62-aeeceeab2a97	67621973	67632076	rev	8056	1910	4545	0.014493	0.649539	0.009227	0.787774	-3	right
chrX	84126236	84137100	8f960f3a-4ca7-4f2a-bf47-4542d77bba5b	84126227	84137110	rev	10864	1183	7349	0.04829	0.851107	0.001562	0.947677	-3	right
chrX	86044247	86051801	e7b34b31-4917-4501-b0a8-3b99233dbca2	86039110	86052948	rev	7554	4130	1101	0.0859	0.230956	0.012422	0.475155	-3	right
chrX	110844897	110853245	6f893408-afc7-469e-a1e8-0c9c6e583840	110825816	110854287	fwd	8348	2571	3747	0	0.454795	0.012783	0.73058	-3	right
chrX	117378999	117383118	010fb3bd-f43e-4cfb-9065-d2fa9a7a68f1	117369901	117383122	rev	4119	2502	1334	0.001214	0.548544	0.013477	0.665768	-3	right
chrX	131977388	131985285	bc21c5d3-9edc-4c73-8e08-2a047cef0dcb	131964560	131985299	rev	7897	3194	4329	0	0.570185	0.0375	0.679688	-3	right
chrX	146771161	146782738	1c2f5c94-2fdb-4b79-b575-c2f81c0afff2	146769331	146782744	rev	11577	2008	8590	0.050523	0.703833	0.011584	0.893124	-3	right
chrY	11310409	11319353	a3419514-f0ae-45eb-9272-6d38738abd4d	11310376	11324289	fwd	8944	4233	1670	0.006024	0.253012	0	0.571429	-3	right
